url,domain,platform,niche,country,source,tranco_rank,majestic_rank,status,http_status,has_products,product_count,product_types,tags,is_headless,detected_payments,ecom_signal_count,min_price,max_price
https://nespresso.com,nespresso.com,unknown,coffee,,curated,4939,4475,active,403,True,0,,,False,,2,0,0
https://fcbarcelona.com,fcbarcelona.com,unknown,sports,,curated,13765,4749,active,404,True,0,,,False,,2,0,0
https://weber.com,weber.com,unknown,kitchen,,curated,16319,6991,active,404,True,0,,,False,,3,0,0
https://screamingfrog.co.uk,screamingfrog.co.uk,woocommerce,tech,,curated,17841,4412,active,404,True,0,,,False,,2,0,0
https://warbyparker.com,warbyparker.com,unknown,eyewear,,curated,21937,11100,active,404,True,0,,,False,,2,0,0
https://thereformation.com,thereformation.com,unknown,fashion,,curated,24984,20892,active,404,False,0,,,False,stripe,1,0,0
https://goop.com,goop.com,shopify,beauty,,curated,26374,7642,active,404,True,0,,,True,,3,0,0
https://everlane.com,everlane.com,shopify,fashion,US,curated,28911,17800,active,429,True,0,,,True,,3,0,0
https://skims.com,skims.com,shopify,fashion,,curated,30172,25991,active,404,False,0,,,True,,1,0,0
https://valentino.com,valentino.com,unknown,luxury,,curated,31130,13761,active,404,False,0,,,False,paypal,1,0,0
https://miumiu.com,miumiu.com,unknown,luxury,,curated,34884,19895,active,410,True,0,,,False,adyen,3,0,0
https://princesspolly.com,princesspolly.com,shopify,fashion,US,curated,34887,92481,active,404,True,0,,,True,shopify_payments,2,0,0
https://updraftplus.com,updraftplus.com,woocommerce,tech,,curated,40815,16956,active,404,True,0,,,False,,2,0,0
https://youngla.com,youngla.com,shopify,fitness,US,curated,43722,664425,active,403,True,0,,,True,,3,0,0
https://wearpact.com,wearpact.com,shopify,fashion,,curated,43732,113081,active,200,True,0,,,False,paypal|afterpay,2,0,0
https://bombas.com,bombas.com,shopify,fashion,,curated,47467,42643,active,404,False,0,,,True,,1,0,0
https://acnestudios.com,acnestudios.com,unknown,fashion,,curated,53530,27373,active,404,True,0,,,False,,2,0,0
https://drinkag1.com,drinkag1.com,shopify,health,,curated,54333,56598,active,200,False,0,,,True,,1,0,0
https://glassons.com,glassons.com,unknown,fashion,,curated,56789,340137,active,404,False,0,,,False,afterpay,1,0,0
https://article.com,article.com,unknown,home,,curated,57125,48085,active,404,True,0,,,False,,2,0,0
https://bellroy.com,bellroy.com,unknown,accessories,,curated,62274,46284,active,404,True,0,,,False,,3,0,0
https://gillette.com,gillette.com,bigcommerce,beauty,,curated,75731,30298,active,404,False,0,,,False,,1,0,0
https://roots.com,roots.com,unknown,fashion,,curated,87606,87732,active,200,True,0,,,False,,3,0,0
https://ritual.com,ritual.com,shopify,supplements,US,curated,92032,67515,active,429,True,0,,,True,,3,0,0
https://ninjaforms.com,ninjaforms.com,unknown,tech,,curated,110174,29486,active,404,True,0,,,False,stripe|authorize_net,3,0,0
https://gorjana.com,gorjana.com,shopify,jewelry,US,curated,124618,166568,active,0,False,0,,,False,,1,0,0
https://nisolo.com,nisolo.com,shopify,shoes,US,curated,141000,244528,active,0,True,0,,,True,,3,0,0
https://madeincookware.com,madeincookware.com,shopify,kitchen,,curated,145111,171900,active,0,False,0,,,True,,1,0,0
https://coolpc.com.tw,coolpc.com.tw,woocommerce,electronics,,curated,154582,366710,active,0,True,0,,,False,,2,0,0
https://singer.com,singer.com,shopify,home,US,curated,169072,131134,active,0,False,0,,,True,,1,0,0
https://cuyana.com,cuyana.com,shopify,fashion,US,curated,171360,115048,active,0,True,0,,,True,,4,0,0
https://puravidabracelets.com,puravidabracelets.com,shopify,jewelry,US,curated,172344,106980,active,0,True,0,,,True,,3,0,0
https://milkmakeup.com,milkmakeup.com,shopify,beauty,US,curated,173932,127062,active,0,True,0,,,False,afterpay,2,0,0
https://sokoglam.com,sokoglam.com,shopify,beauty,US,curated,205229,112438,active,0,True,0,,,True,,5,0,0
https://summerfridays.com,summerfridays.com,shopify,beauty,US,curated,212057,236613,active,0,True,0,,,True,afterpay,3,0,0
https://moonjuice.com,moonjuice.com,shopify,health,US,curated,265269,199261,active,0,False,0,,,True,,1,0,0
https://burrow.com,burrow.com,shopify,home,,curated,267249,203891,active,0,False,0,,,True,,1,0,0
https://cowboy.com,cowboy.com,shopify,electronics,,curated,283248,106356,active,0,False,0,,,True,klarna,1,0,0
https://magicspoon.com,magicspoon.com,shopify,food,US,curated,291082,200994,active,0,False,0,,,True,,1,0,0
https://kirrinfinch.com,kirrinfinch.com,shopify,fashion,US,curated,334618,538387,active,0,True,0,,,True,,3,0,0
https://buffy.co,buffy.co,shopify,home,US,curated,340290,322340,active,0,True,0,,,True,,3,0,0
https://koio.co,koio.co,shopify,shoes,US,curated,367065,384000,active,0,True,0,,,True,,2,0,0
https://wildone.com,wildone.com,shopify,pets,US,curated,369968,335459,active,0,True,0,,,True,,4,0,0
https://nakedwolfe.com,nakedwolfe.com,shopify,shoes,US,curated,396604,945111,active,0,False,0,,,True,,1,0,0
https://olehenriksen.com,olehenriksen.com,shopify,beauty,US,curated,400048,221207,active,0,True,0,,,True,afterpay|shopify_payments,3,0,0
https://maguireshoes.com,maguireshoes.com,shopify,shoes,CA,curated,407416,0,active,0,True,0,,,True,afterpay,3,0,0
https://athleticgreens.com,athleticgreens.com,shopify,supplements,,curated,407883,192765,active,0,False,0,,,True,,1,0,0
https://pelacase.ca,pelacase.ca,shopify,electronics,CA,curated,429287,0,active,0,True,0,,,True,,3,0,0
https://brightland.co,brightland.co,shopify,food,US,curated,490859,260007,active,0,True,0,,,True,shopify_payments,2,0,0
https://flybyjing.com,flybyjing.com,shopify,food,US,curated,656749,274314,active,0,True,0,,,True,,3,0,0
https://packagefreeshop.com,packagefreeshop.com,unknown,beauty,US,curated,719013,218485,active,0,True,0,,,False,,4,0,0
https://artisaire.com,artisaire.com,shopify,art,US,curated,0,0,active,0,True,0,,,True,,3,0,0
https://bebemoss.com,bebemoss.com,shopify,toys,US,curated,0,0,active,0,True,0,,,True,,4,0,0
https://beneathyourmask.com,beneathyourmask.com,shopify,beauty,US,curated,0,0,active,0,True,0,,,True,,3,0,0
https://blkandbold.com,blkandbold.com,shopify,coffee,US,curated,0,371684,active,0,True,0,,,True,,4,0,0
https://bloomist.com,bloomist.com,shopify,home,US,curated,0,0,active,0,True,0,,,True,,3,0,0
https://camillebrinch.com,camillebrinch.com,shopify,jewelry,DE,curated,0,0,active,0,True,0,,,True,,3,0,0
https://flourist.com,flourist.com,shopify,food,CA,curated,0,0,active,0,True,0,,,True,,3,0,0
https://freshheritage.com,freshheritage.com,shopify,beauty,US,curated,0,0,active,0,True,0,,,True,,4,0,0
https://hiutdenim.co.uk,hiutdenim.co.uk,shopify,fashion,,curated,0,311278,active,0,False,0,,,True,,1,0,0
https://hylete.com,hylete.com,shopify,fitness,US,curated,0,714367,active,0,True,0,,,True,,3,0,0
https://lastobject.com,lastobject.com,shopify,home,US,curated,0,324930,active,0,False,0,,,True,,1,0,0
https://meowmeowtweet.com,meowmeowtweet.com,shopify,beauty,US,curated,0,450853,active,0,True,0,,,True,,3,0,0
https://satyaorganics.com,satyaorganics.com,shopify,beauty,US,curated,0,0,active,200,True,0,,,True,,3,0,0
https://tofinosoapcompany.com,tofinosoapcompany.com,shopify,beauty,CA,curated,0,0,active,429,True,0,,,True,,5,0,0
https://moschino.com,moschino.com,shopify,,IT,cro_media,100542,38929,active,0,True,0,,,True,,2,0,0
https://tatanutrikorner.com,tatanutrikorner.com,shopify,,IN,cro_media,217228,0,active,0,True,0,,,True,,4,0,0
https://ehplabs.com,ehplabs.com,shopify,,US,cro_media,419359,0,active,0,True,0,,,True,,2,0,0
https://silverbackgymwear.com,silverbackgymwear.com,shopify,,GB,cro_media,550890,0,active,0,True,0,,,True,,3,0,0
https://diegodallapalma.com,diegodallapalma.com,shopify,,IT,cro_media,559439,935104,active,0,True,0,,,True,,3,0,0
https://pandaliebe.de,pandaliebe.de,shopify,,DE,cro_media,588024,0,active,0,True,0,,,True,,3,0,0
https://getoutsideshoes.com,getoutsideshoes.com,shopify,,CA,cro_media,616507,0,active,0,True,0,,,True,,3,0,0
https://elektor.de,elektor.de,shopify,,DE,cro_media,646853,256906,active,0,False,0,,,True,,1,0,0
https://geologie.com,geologie.com,shopify,,US,cro_media,984849,826077,active,0,True,0,,,True,,3,0,0
https://a7canada.com,a7canada.com,shopify,,CA,cro_media,0,0,active,0,True,0,,,True,,4,0,0
https://aadvikfoods.com,aadvikfoods.com,shopify,,IN,cro_media,0,0,active,0,True,0,,,True,,2,0,0
https://amoveablefeast.com,amoveablefeast.com,shopify,,US,cro_media,0,0,active,429,True,0,,,True,,3,0,0
https://australianwheatgrass.com.au,australianwheatgrass.com.au,shopify,,AU,cro_media,0,0,active,429,True,0,,,True,,4,0,0
https://drinkrevitalyte.com,drinkrevitalyte.com,shopify,,US,cro_media,0,0,active,429,True,0,,,True,,4,0,0
https://estickybrand.com,estickybrand.com,shopify,,US,cro_media,0,0,active,429,True,0,,,True,,3,0,0
https://feniz.nl,feniz.nl,shopify,,NL,cro_media,0,0,active,429,True,0,,,True,,3,0,0
https://jm-boots.com,jm-boots.com,shopify,,US,cro_media,0,0,active,0,True,0,,,True,,3,0,0
https://kurvesbyjanet.com,kurvesbyjanet.com,shopify,,US,cro_media,0,0,active,429,True,0,,,True,,2,0,0
https://laselvabeachspice.com,laselvabeachspice.com,shopify,,US,cro_media,0,0,active,429,True,0,,,True,,3,0,0
https://matbakhyspices.com,matbakhyspices.com,shopify,,AE,cro_media,0,0,active,0,True,0,,,True,,4,0,0
https://missionbmx.com,missionbmx.com,shopify,,US,cro_media,0,0,active,0,True,0,,,True,,4,0,0
https://natureslureshop.com,natureslureshop.com,shopify,,US,cro_media,0,0,active,0,True,0,,,True,,3,0,0
https://numgourmetdesserts.com,numgourmetdesserts.com,shopify,,US,cro_media,0,0,active,0,True,0,,,True,,4,0,0
https://outrightbar.com,outrightbar.com,shopify,,US,cro_media,0,0,active,429,True,0,,,True,,2,0,0
https://shop.breathetogetheryoga.com,shop.breathetogetheryoga.com,shopify,,US,cro_media,0,0,active,429,True,0,,,True,,3,0,0
https://shop.fatdaddios.com,shop.fatdaddios.com,shopify,,US,cro_media,0,0,active,429,True,0,,,True,,3,0,0
https://shop.herbazest.com,shop.herbazest.com,shopify,,US,cro_media,0,0,active,0,True,0,,,True,shopify_payments,2,0,0
https://shop.jackalopebrew.com,shop.jackalopebrew.com,shopify,,US,cro_media,0,0,active,0,True,0,,,True,,3,0,0
https://shop.mamalehs.com,shop.mamalehs.com,shopify,,US,cro_media,0,0,active,0,True,0,,,True,,3,0,0
https://shop.swp.de,shop.swp.de,shopify,,DE,cro_media,0,0,active,0,False,0,,,True,,1,0,0
https://shop.wblm.com,shop.wblm.com,shopify,,US,cro_media,0,0,active,0,True,0,,,True,,4,0,0
https://thaicocousa.com,thaicocousa.com,shopify,,US,cro_media,0,0,active,429,True,0,,,True,,2,0,0
https://theketoshop.co.uk,theketoshop.co.uk,shopify,,GB,cro_media,0,0,active,429,False,0,,,True,,1,0,0
https://unbelievabuns.com,unbelievabuns.com,shopify,,US,cro_media,0,0,active,429,True,0,,,True,shopify_payments,3,0,0
https://us.pranachai.com,us.pranachai.com,shopify,,US,cro_media,0,0,active,429,True,0,,,True,,3,0,0
https://us.thebeautychef.com,us.thebeautychef.com,shopify,,US,cro_media,0,0,active,429,True,0,,,True,,2,0,0
https://wholesale.nutricost.com,wholesale.nutricost.com,shopify,,US,cro_media,0,0,active,429,True,0,,,True,,3,0,0
https://xprsnutra.com,xprsnutra.com,shopify,,US,cro_media,0,0,active,429,True,0,,,True,,3,0,0
https://tealiumiq.com,tealiumiq.com,unknown,,,tranco_ecom,2843,0,active,0,True,0,,,False,,2,0,0
https://makeup.com.ua,makeup.com.ua,unknown,,,tranco_ecom,8190,135784,active,202,True,0,,,False,,2,0,0
https://audiojungle.net,audiojungle.net,unknown,,,tranco_ecom,19257,5772,active,404,True,0,,,False,,2,0,0
https://coffeemanga.ink,coffeemanga.ink,woocommerce,,,tranco_ecom,21668,0,active,404,False,0,,,False,,1,0,0
https://pivigames.blog,pivigames.blog,unknown,,,tranco_ecom,22260,839297,active,0,True,0,,,False,,2,0,0
https://planetasport.rs,planetasport.rs,magento,,,tranco_ecom,26367,676377,active,404,True,0,,,False,,2,0,0
https://buildaprintshop.com,buildaprintshop.com,unknown,,,tranco_ecom,30351,0,active,0,True,0,,,False,,2,0,0
https://rebelsport.com.au,rebelsport.com.au,unknown,,,tranco_ecom,38333,78462,active,0,True,0,,,False,paypal,2,0,0
https://hamiltonwatch.com,hamiltonwatch.com,magento,,,tranco_ecom,38551,27550,active,0,True,0,,,False,,2,0,0
https://shopify.io,shopify.io,shopify,,,tranco_ecom,38867,0,active,0,False,0,,,True,,1,0,0
https://shopifynetwork.com,shopifynetwork.com,shopify,,,tranco_ecom,42145,0,active,0,False,0,,,True,,1,0,0
https://cyclegear.com,cyclegear.com,unknown,,,tranco_ecom,43965,75176,active,0,True,0,,,False,,2,0,0
https://gamer.org,gamer.org,unknown,,,tranco_ecom,44999,456662,active,404,True,0,,,False,,2,0,0
https://spoiledchild.com,spoiledchild.com,magento,,,tranco_ecom,48198,0,active,0,True,0,,,False,paypal,4,0,0
https://elementgames.co.uk,elementgames.co.uk,unknown,,,tranco_ecom,51448,450697,active,404,False,0,,,False,paypal,1,0,0
https://equipmentshare.com,equipmentshare.com,unknown,,,tranco_ecom,54753,200953,active,0,True,0,,,False,,2,0,0
https://ninjakitchen.co.uk,ninjakitchen.co.uk,unknown,,,tranco_ecom,55271,177804,active,404,True,0,,,False,,2,0,0
https://home.bargains,home.bargains,unknown,,,tranco_ecom,57206,163641,active,404,False,0,,,False,stripe,1,0,0
https://oldspice.com,oldspice.com,bigcommerce,,,tranco_ecom,59962,113839,active,404,True,0,,,False,,3,0,0
https://mountainroseherbs.com,mountainroseherbs.com,bigcommerce,,,tranco_ecom,66174,29379,active,404,True,0,,,False,,3,0,0
https://teachingamericanhistory.org,teachingamericanhistory.org,woocommerce,,,tranco_ecom,69783,20349,active,0,True,0,,,False,,2,0,0
https://xpluswear.com,xpluswear.com,unknown,,,tranco_ecom,70228,0,active,0,True,0,,,False,,5,0,0
https://gearvn.com,gearvn.com,unknown,,,tranco_ecom,71062,251241,active,0,True,0,,,False,,2,0,0
https://shopstar.pe,shopstar.pe,unknown,,,tranco_ecom,73699,923596,active,0,True,0,,,False,,2,0,0
https://gymbeam.sk,gymbeam.sk,unknown,,,tranco_ecom,74115,552066,active,0,True,0,,,False,,3,0,0
https://smsgadget.com,smsgadget.com,unknown,,,tranco_ecom,75012,0,active,0,True,0,,,False,,4,0,0
https://myhomesgardens.com,myhomesgardens.com,woocommerce,,,tranco_ecom,75487,0,active,0,True,0,,,False,,2,0,0
https://griffeshop.com,griffeshop.com,unknown,,,tranco_ecom,77032,0,active,0,True,0,,,False,klarna,2,0,0
https://teachmeanatomy.info,teachmeanatomy.info,woocommerce,,,tranco_ecom,78355,55300,active,200,False,0,,,False,,1,0,0
https://shopzaza.com,shopzaza.com,unknown,,US,tranco_ecom,79651,0,active,0,True,0,,,False,,2,0,0
https://dyfashion.ro,dyfashion.ro,unknown,,,tranco_ecom,81521,902121,active,0,True,0,,,False,,2,0,0
https://scarpescarpestore.com,scarpescarpestore.com,magento,,,tranco_ecom,81814,0,active,0,False,0,,,False,paypal,1,0,0
https://intersport.com.tr,intersport.com.tr,unknown,,,tranco_ecom,81895,0,active,0,True,0,,,False,,2,0,0
https://audioholics.com,audioholics.com,unknown,,,tranco_ecom,82230,30276,active,0,True,0,,,False,,2,0,0
https://okfurniture.co.za,okfurniture.co.za,magento,,,tranco_ecom,84398,0,active,0,True,0,,,False,,2,0,0
https://smokekind.com,smokekind.com,shopify,,US,tranco_ecom,86330,0,active,0,True,0,,,True,,4,0,0
https://swissbeauty.in,swissbeauty.in,shopify,,IN,tranco_ecom,88868,0,active,0,True,0,,,True,,4,0,0
https://vitaminkoo.com,vitaminkoo.com,woocommerce,,,tranco_ecom,89485,0,active,404,True,0,,,False,,2,0,0
https://dawooddesigners.com,dawooddesigners.com,shopify,,PK,tranco_ecom,90596,0,active,429,True,0,,,True,,4,0,0
https://tom-tailor.store,tom-tailor.store,unknown,,,tranco_ecom,90684,0,active,404,True,0,,,False,,4,0,0
https://audiomicro.com,audiomicro.com,unknown,,,tranco_ecom,91007,162075,active,0,True,0,,,False,,2,0,0
https://gamenation.in,gamenation.in,unknown,,,tranco_ecom,91306,0,active,500,True,0,,,False,,2,0,0
https://99wholesale.com,99wholesale.com,shopify,,IN,tranco_ecom,91309,0,active,0,True,0,,,True,,2,0,0
https://beemart.pl.ua,beemart.pl.ua,opencart,,,tranco_ecom,93233,0,active,0,False,0,,,False,,1,0,0
https://lajreedesigner.com,lajreedesigner.com,shopify,,IN,tranco_ecom,94003,0,active,0,True,0,,,True,,4,0,0
https://organicthemes.com,organicthemes.com,unknown,,,tranco_ecom,95991,22699,active,404,True,0,,,False,stripe,2,0,0
https://roai.shop,roai.shop,shopify,,,tranco_ecom,97115,0,active,0,False,0,,,True,,1,0,0
https://audiomeans.fr,audiomeans.fr,unknown,,,tranco_ecom,97579,125815,active,404,True,0,,,False,,2,0,0
https://themart.gr,themart.gr,magento,,,tranco_ecom,97739,0,active,0,False,0,,,False,,1,0,0
https://adventurecycling.org,adventurecycling.org,woocommerce,,,tranco_ecom,100824,43709,active,404,True,0,,,False,,2,0,0
https://joyorganics.com,joyorganics.com,shopify,,US,tranco_ecom,101265,26384,active,0,True,0,,,True,,3,0,0
https://liveshopping.com.bd,liveshopping.com.bd,unknown,,,tranco_ecom,103645,0,active,0,True,0,,,False,,3,0,0
https://delistora.shop,delistora.shop,shopify,,IN,tranco_ecom,105742,0,active,429,True,0,,,True,,3,0,0
https://gamexzon.com,gamexzon.com,woocommerce,,,tranco_ecom,105793,0,active,0,True,0,,,False,,2,0,0
https://topwear.com,topwear.com,shopify,,CL,tranco_ecom,106098,0,active,0,True,0,,,True,,3,0,0
https://blackmilkclothing.com,blackmilkclothing.com,shopify,,AU,tranco_ecom,106786,111175,active,0,True,0,,,True,,3,0,0
https://steelrust.shop,steelrust.shop,unknown,,,tranco_ecom,111453,0,active,404,True,0,,,False,,2,0,0
https://storepoint.co,storepoint.co,bigcommerce,,,tranco_ecom,114570,0,active,0,False,0,,,False,,1,0,0
https://apinagad.store,apinagad.store,unknown,,,tranco_ecom,115700,0,active,0,True,0,,,False,,3,0,0
https://townteam.com,townteam.com,shopify,,EG,tranco_ecom,116678,0,active,0,True,0,,,True,,3,0,0
https://dotcosmeticos.com.br,dotcosmeticos.com.br,unknown,,,tranco_ecom,120225,0,active,404,True,0,,,False,,3,0,0
https://mymarket.gr,mymarket.gr,unknown,,,tranco_ecom,122399,433905,active,0,True,0,,,False,,2,0,0
https://rurust.shop,rurust.shop,unknown,,,tranco_ecom,122734,0,active,404,True,0,,,False,,2,0,0
https://mobilewallet.cards,mobilewallet.cards,woocommerce,,,tranco_ecom,122963,0,active,0,True,0,,,False,,2,0,0
https://time-for-kids.de,time-for-kids.de,woocommerce,,,tranco_ecom,123241,0,active,0,False,0,,,False,,1,0,0
https://brandnic.com,brandnic.com,shopify,,US,tranco_ecom,124560,320828,active,0,True,0,,,True,,4,0,0
https://skidrowcodex.net,skidrowcodex.net,woocommerce,,,tranco_ecom,125457,844737,active,0,True,0,,,False,,2,0,0
https://voila.ca,voila.ca,unknown,,,tranco_ecom,126578,287560,active,404,True,0,,,False,,2,0,0
https://animocabrands.com,animocabrands.com,unknown,,,tranco_ecom,126715,37212,active,404,True,0,,,False,,2,0,0
https://iwara.shop,iwara.shop,woocommerce,,,tranco_ecom,126772,0,active,404,True,0,,,False,,2,0,0
https://atechmotorsports.com,atechmotorsports.com,unknown,,,tranco_ecom,128896,0,active,0,False,0,,,False,paypal,1,0,0
https://frontlinehobbies.com.au,frontlinehobbies.com.au,unknown,,,tranco_ecom,130747,268991,active,0,True,0,,,False,stripe,2,0,0
https://amplitude-game.com,amplitude-game.com,unknown,,,tranco_ecom,135087,0,active,403,True,0,,,False,,2,0,0
https://brandonsanderson.com,brandonsanderson.com,shopify,,US,tranco_ecom,136770,48378,active,0,True,0,,,True,,2,0,0
https://projectnursery.com,projectnursery.com,shopify,,US,tranco_ecom,136986,44849,active,202,True,0,,,True,,2,0,0
https://zillionsgift.com,zillionsgift.com,magento,,,tranco_ecom,137910,0,active,404,True,0,,,False,,3,0,0
https://mousehuntgame.com,mousehuntgame.com,unknown,,,tranco_ecom,138182,0,active,0,False,0,,,False,braintree,1,0,0
https://ipphone-warehouse.com,ipphone-warehouse.com,bigcommerce,,,tranco_ecom,138330,0,active,0,True,0,,,False,,2,0,0
https://softphone.pro,softphone.pro,unknown,,,tranco_ecom,139638,0,active,0,True,0,,,False,,2,0,0
https://sneaker10.gr,sneaker10.gr,prestashop,,,tranco_ecom,141209,518004,active,0,False,0,,,False,,1,0,0
https://hadawebshop.hu,hadawebshop.hu,magento,,,tranco_ecom,141336,0,active,403,True,0,,,False,,2,0,0
https://sportano.ua,sportano.ua,magento,,,tranco_ecom,141587,0,active,404,True,0,,,False,,2,0,0
https://theduabrand.com,theduabrand.com,shopify,,US,tranco_ecom,141912,230909,active,0,True,0,,,True,,3,0,0
https://childrensmuseum.org,childrensmuseum.org,unknown,,,tranco_ecom,143429,50299,active,0,True,0,,,False,,2,0,0
https://mannco.store,mannco.store,unknown,,,tranco_ecom,143608,0,active,200,True,0,,,False,,2,0,0
https://nurserylive.com,nurserylive.com,shopify,,IN,tranco_ecom,143658,248789,active,0,True,0,,,False,,2,0,0
https://samsbeauty.com,samsbeauty.com,unknown,,,tranco_ecom,144016,0,active,404,True,0,,,False,,2,0,0
https://amazonwatch.org,amazonwatch.org,unknown,,,tranco_ecom,144019,37232,active,200,False,0,,,False,stripe,1,0,0
https://merlinmotorsport.co.uk,merlinmotorsport.co.uk,unknown,,,tranco_ecom,144364,363499,active,404,True,0,,,False,,2,0,0
https://gamers-outlet.net,gamers-outlet.net,opencart,,,tranco_ecom,145469,508219,active,404,False,0,,,False,stripe|square,1,0,0
https://sportvision.ro,sportvision.ro,unknown,,,tranco_ecom,146922,0,active,0,True,0,,,False,,2,0,0
https://team.ba,team.ba,unknown,,,tranco_ecom,147167,0,active,404,True,0,,,False,,3,0,0
https://gerbergear.com,gerbergear.com,unknown,,,tranco_ecom,150052,55505,active,0,True,0,,,False,,3,0,0
https://audiophonics.fr,audiophonics.fr,prestashop,,,tranco_ecom,151020,205760,active,404,True,0,,,False,,3,0,0
https://beckonicecream.com,beckonicecream.com,shopify,,FR,tranco_ecom,152717,35334,active,0,True,0,,,True,,2,0,0
https://dam-sport.net,dam-sport.net,magento,,,tranco_ecom,153731,0,active,404,True,0,,,False,,2,0,0
https://shoplc.de,shoplc.de,unknown,,,tranco_ecom,154110,0,active,0,True,0,,,False,,2,0,0
https://race-shop.cz,race-shop.cz,unknown,,,tranco_ecom,154441,0,active,0,True,0,,,False,,2,0,0
https://onceuponafarmorganics.com,onceuponafarmorganics.com,shopify,,US,tranco_ecom,154728,289876,active,0,True,0,,,True,,2,0,0
https://alfawesternwear.com,alfawesternwear.com,woocommerce,,,tranco_ecom,157321,0,active,0,True,0,,,False,,2,0,0
https://wboil.com,wboil.com,unknown,,,tranco_ecom,160538,0,active,0,True,0,,,False,,2,0,0
https://sermilitar.store,sermilitar.store,shopify,,ES,tranco_ecom,163533,0,active,0,False,0,,,True,,1,0,0
https://phonecase.pk,phonecase.pk,shopify,,PK,tranco_ecom,164273,0,active,0,True,0,,,True,,4,0,0
https://outletbenetton.com,outletbenetton.com,shopify,,IT,tranco_ecom,164533,0,active,0,True,0,,,True,,2,0,0
https://virtuemart.net,virtuemart.net,unknown,,,tranco_ecom,164576,58749,active,0,True,0,,,False,authorize_net,3,0,0
https://officeshoes.rs,officeshoes.rs,unknown,,,tranco_ecom,165874,0,active,0,True,0,,,False,,2,0,0
https://gopremium.net,gopremium.net,woocommerce,,,tranco_ecom,166464,48401,active,0,True,0,,,False,,2,0,0
https://sportano.cz,sportano.cz,magento,,,tranco_ecom,166650,0,active,0,True,0,,,False,,2,0,0
https://imaginesports.com,imaginesports.com,unknown,,,tranco_ecom,167066,0,active,404,True,0,,,False,,2,0,0
https://babycenter.si,babycenter.si,unknown,,,tranco_ecom,167235,0,active,0,True,0,,,False,,2,0,0
https://himalayawellness.in,himalayawellness.in,shopify,,IN,tranco_ecom,167278,283930,active,0,True,0,,,True,,2,0,0
https://incrediblerugsanddecor.com,incrediblerugsanddecor.com,shopify,,US,tranco_ecom,167880,0,active,0,True,0,,,True,,4,0,0
https://mainelectricsupply.com,mainelectricsupply.com,unknown,,,tranco_ecom,168455,0,active,0,True,0,,,False,,2,0,0
https://berkeleywellness.com,berkeleywellness.com,squarespace,,,tranco_ecom,171535,40498,active,404,False,0,,,False,,1,0,0
https://shopthesalvationarmy.com,shopthesalvationarmy.com,unknown,,,tranco_ecom,173892,0,active,0,True,0,,,False,,2,0,0
https://joytoy.com,joytoy.com,unknown,,,tranco_ecom,174436,0,active,0,True,0,,,False,,2,0,0
https://vend-shop.com,vend-shop.com,opencart,,,tranco_ecom,175015,0,active,404,False,0,,,False,,1,0,0
https://shuffleandcutgames.co.nz,shuffleandcutgames.co.nz,shopify,,NZ,tranco_ecom,175321,0,active,0,True,0,,,True,,2,0,0
https://steamgg.net,steamgg.net,woocommerce,,,tranco_ecom,175791,0,active,404,True,0,,,False,,2,0,0
https://phonelcdparts.com,phonelcdparts.com,magento,,,tranco_ecom,176185,0,active,0,True,0,,,False,,3,0,0
https://cameraworld.co.uk,cameraworld.co.uk,magento,,,tranco_ecom,176926,482842,active,404,False,0,,,False,stripe|paypal,1,0,0
https://vitaminexpress.org,vitaminexpress.org,unknown,,,tranco_ecom,177316,147606,active,404,True,0,,,False,,2,0,0
https://mastercardgiftcard.com,mastercardgiftcard.com,magento,,,tranco_ecom,177355,0,active,404,True,0,,,False,,3,0,0
https://numberoneshoesandhannahs.co.nz,numberoneshoesandhannahs.co.nz,unknown,,,tranco_ecom,177723,692012,active,404,False,0,,,False,afterpay,1,0,0
https://sitkagear.com,sitkagear.com,unknown,,,tranco_ecom,177792,202541,active,404,True,0,,,False,klarna,2,0,0
https://gymbeam.ua,gymbeam.ua,unknown,,,tranco_ecom,178161,0,active,404,True,0,,,False,,2,0,0
https://mdcomputers.lk,mdcomputers.lk,woocommerce,,,tranco_ecom,178345,0,active,404,True,0,,,False,,2,0,0
https://firstclasswatches.co.uk,firstclasswatches.co.uk,unknown,,,tranco_ecom,178706,336276,active,404,True,0,,,False,klarna,2,0,0
https://recoilweb.com,recoilweb.com,woocommerce,,,tranco_ecom,178885,92292,active,404,True,0,,,False,,2,0,0
https://terracesmenswear.co.uk,terracesmenswear.co.uk,opencart,,,tranco_ecom,181210,972907,active,0,True,0,,,False,afterpay,2,0,0
https://ersatzteileshop.de,ersatzteileshop.de,unknown,,,tranco_ecom,181651,0,active,0,True,0,,,False,,2,0,0
https://hosting-store.gr,hosting-store.gr,unknown,,,tranco_ecom,181697,0,active,404,True,0,,,False,,3,0,0
https://sportano.hu,sportano.hu,magento,,,tranco_ecom,182095,0,active,0,True,0,,,False,,2,0,0
https://liv-cycling.com,liv-cycling.com,unknown,,,tranco_ecom,182163,79128,active,0,True,0,,,False,,2,0,0
https://tredy-fashion.de,tredy-fashion.de,unknown,,,tranco_ecom,182649,0,active,404,True,0,,,False,,2,0,0
https://windowcleaningsupplies.com.au,windowcleaningsupplies.com.au,magento,,,tranco_ecom,183712,55582,active,404,True,0,,,False,stripe,2,0,0
https://maxesport.gg,maxesport.gg,woocommerce,,,tranco_ecom,183904,845431,active,404,False,0,,,False,,1,0,0
https://bigteams.com,bigteams.com,unknown,,,tranco_ecom,184649,184183,active,0,False,0,,,False,stripe,1,0,0
https://sportcity.ua,sportcity.ua,unknown,,,tranco_ecom,185172,0,active,0,True,0,,,False,,2,0,0
https://sportline.com.ar,sportline.com.ar,unknown,,,tranco_ecom,185202,0,active,0,True,0,,,False,,3,0,0
https://lilabeauty.com.au,lilabeauty.com.au,shopify,,AU,tranco_ecom,185450,0,active,0,True,0,,,True,,3,0,0
https://sportfactory.hu,sportfactory.hu,unknown,,,tranco_ecom,186181,0,active,404,True,0,,,False,,2,0,0
https://accessfashion.gr,accessfashion.gr,opencart,,,tranco_ecom,186349,0,active,0,True,0,,,False,,2,0,0
https://footwearmenders.com,footwearmenders.com,shopify,,PK,tranco_ecom,186467,0,active,0,False,0,,,True,shopify_payments,1,0,0
https://gymbeam.pl,gymbeam.pl,unknown,,,tranco_ecom,186480,0,active,0,True,0,,,False,,2,0,0
https://licocosmetics.com,licocosmetics.com,shopify,,ES,tranco_ecom,186526,0,active,0,True,0,,,True,,2,0,0
https://sportvision.cz,sportvision.cz,unknown,,,tranco_ecom,187969,0,active,404,True,0,,,False,,2,0,0
https://gymbeam.it,gymbeam.it,unknown,,,tranco_ecom,190597,0,active,404,True,0,,,False,,2,0,0
https://babycenter.hr,babycenter.hr,unknown,,,tranco_ecom,191005,0,active,404,True,0,,,False,,2,0,0
https://womenssportsfoundation.org,womenssportsfoundation.org,woocommerce,,,tranco_ecom,191734,48019,active,404,True,0,,,False,,2,0,0
https://shopto.net,shopto.net,unknown,,,tranco_ecom,191820,93621,active,404,True,0,,,False,paypal|klarna|braintree,2,0,0
https://shopify.co.uk,shopify.co.uk,shopify,,,tranco_ecom,191847,47820,active,404,False,0,,,True,,1,0,0
https://brandblazer.com,brandblazer.com,woocommerce,,,tranco_ecom,191910,0,active,404,True,0,,,False,,2,0,0
https://audiomee.de,audiomee.de,woocommerce,,,tranco_ecom,192252,0,active,0,True,0,,,False,paypal,3,0,0
https://sportano.ro,sportano.ro,magento,,,tranco_ecom,192292,0,active,404,True,0,,,False,,2,0,0
https://brandfield.nl,brandfield.nl,shopify,,NL,tranco_ecom,193575,203896,active,0,True,0,,,True,,2,0,0
https://sota.store,sota.store,unknown,,,tranco_ecom,194527,0,active,200,True,0,,,False,,2,0,0
https://brandwise.co.uk,brandwise.co.uk,opencart,,,tranco_ecom,195670,74570,active,404,True,0,,,False,,4,0,0
https://shoppromesa.com,shoppromesa.com,shopify,,US,tranco_ecom,196785,0,active,0,True,0,,,True,afterpay,2,0,0
https://shop2banh.vn,shop2banh.vn,unknown,,,tranco_ecom,197092,0,active,0,True,0,,,False,,2,0,0
https://wikideals.co.za,wikideals.co.za,magento,,,tranco_ecom,197304,0,active,0,True,0,,,False,,4,0,0
https://jypj-store.com,jypj-store.com,shopify,,JP,tranco_ecom,197522,0,active,0,True,0,,,True,,2,0,0
https://candy-yarn.com.ua,candy-yarn.com.ua,unknown,,,tranco_ecom,197836,0,active,0,True,0,,,False,,2,0,0
https://core-electronics.com.au,core-electronics.com.au,magento,,,tranco_ecom,198132,175268,active,0,True,0,,,False,,4,0,0
https://federalpremium.com,federalpremium.com,unknown,,,tranco_ecom,198146,93631,active,0,True,0,,,False,,2,0,0
https://vandalvape.life,vandalvape.life,opencart,,,tranco_ecom,199109,0,active,404,True,0,,,False,,2,0,0
https://fapfapgames.com,fapfapgames.com,woocommerce,,,tranco_ecom,199945,0,active,404,False,0,,,False,,1,0,0
https://juancitosport.com.do,juancitosport.com.do,unknown,,,tranco_ecom,200039,0,active,404,True,0,,,False,,2,0,0
https://myprotein.gr,myprotein.gr,unknown,,,tranco_ecom,200736,0,active,0,True,0,,,False,,2,0,0
https://howardcompanywebstore.com,howardcompanywebstore.com,unknown,,,tranco_ecom,200819,0,active,200,True,0,,,False,,3,0,0
https://mundosteam.shop,mundosteam.shop,woocommerce,,,tranco_ecom,201543,0,active,200,True,0,,,False,,3,0,0
https://needgames.com.br,needgames.com.br,woocommerce,,,tranco_ecom,201546,0,active,404,True,0,,,False,klarna,2,0,0
https://wisconsinwatch.org,wisconsinwatch.org,woocommerce,,,tranco_ecom,201975,60587,active,404,False,0,,,False,,1,0,0
https://shopemiliagray.com,shopemiliagray.com,shopify,,US,tranco_ecom,202860,0,active,0,True,0,,,True,,3,0,0
https://mothertobaby.org,mothertobaby.org,woocommerce,,,tranco_ecom,203394,72053,active,0,False,0,,,False,,1,0,0
https://decoramaiscasa.com.br,decoramaiscasa.com.br,unknown,,,tranco_ecom,203964,0,active,0,True,0,,,False,,4,0,0
https://budgetsport.fi,budgetsport.fi,unknown,,,tranco_ecom,204359,0,active,0,True,0,,,False,,2,0,0
https://lonza.shoes,lonza.shoes,unknown,,,tranco_ecom,204441,0,active,404,True,0,,,False,,2,0,0
https://board-game.co.uk,board-game.co.uk,shopify,,GB,tranco_ecom,204515,160434,active,0,False,0,,,True,,1,0,0
https://organicbasics.com,organicbasics.com,shopify,,DE,tranco_ecom,204776,185539,active,0,False,0,,,True,,1,0,0
https://kitkidsescolar.com.br,kitkidsescolar.com.br,woocommerce,,,tranco_ecom,205200,0,active,0,True,0,,,False,,2,0,0
https://roninwear.com,roninwear.com,unknown,,,tranco_ecom,205428,0,active,0,True,0,,,False,,2,0,0
https://thewellnessshop.in,thewellnessshop.in,shopify,,IN,tranco_ecom,205526,0,active,0,True,0,,,True,,4,0,0
https://plusevgames.com,plusevgames.com,shopify,,US,tranco_ecom,205777,0,active,0,True,0,,,True,,2,0,0
https://medsupplynow.com,medsupplynow.com,shopify,,US,tranco_ecom,205943,0,active,0,True,0,,,True,,3,0,0
https://bathandbodyworks.com.qa,bathandbodyworks.com.qa,unknown,,,tranco_ecom,206220,0,active,0,True,0,,,False,,2,0,0
https://proswimwear.co.uk,proswimwear.co.uk,magento,,,tranco_ecom,206722,431440,active,404,False,0,,,False,paypal|adyen,1,0,0
https://myimaginestore.com,myimaginestore.com,magento,,,tranco_ecom,206763,0,active,0,True,0,,,False,,4,0,0
https://herbiotics.com.pk,herbiotics.com.pk,shopify,,PK,tranco_ecom,207121,0,active,0,True,0,,,True,,4,0,0
https://reporterwear.com,reporterwear.com,prestashop,,,tranco_ecom,207122,0,active,404,True,0,,,False,,2,0,0
https://littletagsluxury.com,littletagsluxury.com,shopify,,IN,tranco_ecom,207930,0,active,0,True,0,,,True,,4,0,0
https://asitisnutrition.com,asitisnutrition.com,shopify,,,tranco_ecom,208578,0,active,0,True,0,,,True,shopify_payments,3,0,0
https://lancashirelighting.co.uk,lancashirelighting.co.uk,magento,,,tranco_ecom,208695,0,active,0,True,0,,,False,paypal,4,0,0
https://canalesfurniture.com,canalesfurniture.com,shopify,,US,tranco_ecom,208885,0,active,0,True,0,,,True,,3,0,0
https://thewineilove.com,thewineilove.com,unknown,,,tranco_ecom,209267,0,active,404,True,0,,,False,,2,0,0
https://deporte-outlet.es,deporte-outlet.es,unknown,,,tranco_ecom,209820,0,active,404,True,0,,,False,,3,0,0
https://dsport.mk,dsport.mk,magento,,,tranco_ecom,209823,0,active,0,True,0,,,False,,2,0,0
https://hillmangear.com,hillmangear.com,shopify,,US,tranco_ecom,210096,74053,active,0,False,0,,,True,,1,0,0
https://bbabysuleman.com,bbabysuleman.com,shopify,,PK,tranco_ecom,210357,0,active,0,True,0,,,True,shopify_payments,4,0,0
https://apaixonedecore.com.br,apaixonedecore.com.br,unknown,,,tranco_ecom,210424,0,active,0,True,0,,,False,,2,0,0
https://globalcyclingnetwork.com,globalcyclingnetwork.com,magento,,,tranco_ecom,211050,176937,active,0,True,0,,,False,,2,0,0
https://etsport.rs,etsport.rs,unknown,,,tranco_ecom,211473,0,active,0,True,0,,,False,,3,0,0
https://babyplus.ua,babyplus.ua,unknown,,,tranco_ecom,211846,0,active,404,True,0,,,False,,2,0,0
https://katsantonisteam.gr,katsantonisteam.gr,opencart,,,tranco_ecom,212521,0,active,0,True,0,,,False,,3,0,0
https://worldstonemarket.com,worldstonemarket.com,unknown,,,tranco_ecom,213165,0,active,404,True,0,,,False,,2,0,0
https://abwholesale.pk,abwholesale.pk,shopify,,PK,tranco_ecom,213486,0,active,0,True,0,,,True,,3,0,0
https://breiwebshop.nl,breiwebshop.nl,magento,,,tranco_ecom,213995,0,active,0,False,0,,,False,,1,0,0
https://cartumart.shop,cartumart.shop,shopify,,IN,tranco_ecom,214063,0,active,0,True,0,,,True,shopify_payments,4,0,0
https://celestialperfume.in,celestialperfume.in,shopify,,IN,tranco_ecom,214089,0,active,0,True,0,,,True,,5,0,0
https://cream-dot.co.jp,cream-dot.co.jp,unknown,,,tranco_ecom,214237,0,active,0,True,0,,,False,,2,0,0
https://dailywholesale.pk,dailywholesale.pk,shopify,,PK,tranco_ecom,214297,0,active,0,True,0,,,True,,3,0,0
https://doubleufashions.com,doubleufashions.com,unknown,,,tranco_ecom,214434,0,active,0,True,0,,,False,razorpay,3,0,0
https://galasport.mx,galasport.mx,unknown,,,tranco_ecom,214812,0,active,0,True,0,,,False,,2,0,0
https://gaumeoteam.com,gaumeoteam.com,woocommerce,,,tranco_ecom,214837,0,active,0,True,0,,,False,,2,0,0
https://glowfashion.gr,glowfashion.gr,magento,,,tranco_ecom,214899,0,active,404,True,0,,,False,,3,0,0
https://joozowear.com,joozowear.com,shopify,,IN,tranco_ecom,215339,0,active,0,True,0,,,True,,3,0,0
https://magnaperfumes.com,magnaperfumes.com,bigcommerce,,,tranco_ecom,215725,0,active,0,True,0,,,False,,2,0,0
https://naseemperfume.in,naseemperfume.in,shopify,,IN,tranco_ecom,216053,0,active,0,True,0,,,True,,2,0,0
https://shopgit.in,shopgit.in,woocommerce,,,tranco_ecom,216913,0,active,404,True,0,,,False,,2,0,0
https://skullcandy.in,skullcandy.in,unknown,,,tranco_ecom,216973,0,active,404,True,0,,,False,,2,0,0
https://zestimawellness.com,zestimawellness.com,unknown,,,tranco_ecom,217830,0,active,404,True,0,,,False,,2,0,0
https://fragrancedirect.co.uk,fragrancedirect.co.uk,unknown,,,tranco_ecom,217906,178809,active,0,True,0,,,False,,2,0,0
https://saneshoppe.com,saneshoppe.com,shopify,,GB,tranco_ecom,218371,0,active,0,False,0,,,True,shopify_payments,1,0,0
https://teamgleim.com,teamgleim.com,unknown,,,tranco_ecom,219527,0,active,404,True,0,,,False,,3,0,0
https://raptorsupplies.nl,raptorsupplies.nl,magento,,,tranco_ecom,219673,0,active,0,True,0,,,False,,3,0,0
https://gymbeam.gr,gymbeam.gr,unknown,,,tranco_ecom,220104,0,active,0,True,0,,,False,,3,0,0
https://itead.cc,itead.cc,woocommerce,,,tranco_ecom,220119,63127,active,0,True,0,,,False,,2,0,0
https://daytondiscountfurniture.com,daytondiscountfurniture.com,shopify,,US,tranco_ecom,220398,0,active,0,True,0,,,True,,3,0,0
https://ultralightoutdoorgear.co.uk,ultralightoutdoorgear.co.uk,bigcommerce,,,tranco_ecom,222382,286304,active,0,True,0,,,False,,2,0,0
https://touringspecialisten.shop,touringspecialisten.shop,shopify,,SE,tranco_ecom,222789,0,active,0,True,0,,,True,,4,0,0
https://cilentodesignerwear.com,cilentodesignerwear.com,magento,,,tranco_ecom,223179,0,active,0,True,0,,,False,,2,0,0
https://purrfectcatgifts.co.uk,purrfectcatgifts.co.uk,shopify,,GB,tranco_ecom,223339,0,active,0,True,0,,,True,,2,0,0
https://digitimewatch.net,digitimewatch.net,unknown,,,tranco_ecom,223972,0,active,404,True,0,,,False,,3,0,0
https://atagame.net,atagame.net,unknown,,,tranco_ecom,224110,0,active,0,True,0,,,False,,2,0,0
https://r-shop.gr,r-shop.gr,magento,,,tranco_ecom,228316,0,active,0,True,0,,,False,,2,0,0
https://gymbeam.hr,gymbeam.hr,unknown,,,tranco_ecom,228356,0,active,0,True,0,,,False,,3,0,0
https://f-gear.co.jp,f-gear.co.jp,woocommerce,,,tranco_ecom,230259,928990,active,404,False,0,,,False,,1,0,0
https://themarketingheros.com,themarketingheros.com,woocommerce,,,tranco_ecom,230299,0,active,404,True,0,,,False,,2,0,0
https://miris.store,miris.store,unknown,,,tranco_ecom,232889,0,active,404,True,0,,,False,,2,0,0
https://speedgear.com,speedgear.com,shopify,,US,tranco_ecom,233270,893120,active,0,True,0,,,True,,3,0,0
https://alpino.store,alpino.store,shopify,,IN,tranco_ecom,234958,0,active,0,True,0,,,True,,5,0,0
https://fumo-shop.com,fumo-shop.com,shopify,,JP,tranco_ecom,236276,0,active,0,True,0,,,True,shopify_payments,3,0,0
https://easyfashion.com.bd,easyfashion.com.bd,woocommerce,,,tranco_ecom,236946,0,active,404,True,0,,,False,,2,0,0
https://jp-carparts.com,jp-carparts.com,unknown,,,tranco_ecom,237346,0,active,0,False,0,,,False,paypal,1,0,0
https://smartwatcharmbaender.de,smartwatcharmbaender.de,shopify,,DE,tranco_ecom,237401,0,active,0,True,0,,,True,shopify_payments,3,0,0
https://fieldnotesbrand.com,fieldnotesbrand.com,unknown,,,tranco_ecom,237460,89831,active,500,True,0,,,False,,2,0,0
https://races-shop.com,races-shop.com,unknown,,,tranco_ecom,238578,0,active,0,True,0,,,False,,3,0,0
https://gearx.com,gearx.com,shopify,,US,tranco_ecom,238699,166630,active,0,True,0,,,True,,3,0,0
https://expresscomputersystems.com,expresscomputersystems.com,shopify,,US,tranco_ecom,238842,0,active,0,True,0,,,True,,3,0,0
https://premiumjane.com,premiumjane.com,woocommerce,,,tranco_ecom,239135,59947,active,404,False,0,,,False,,1,0,0
https://brickwholesale.co.uk,brickwholesale.co.uk,woocommerce,,,tranco_ecom,239461,0,active,403,True,0,,,False,,3,0,0
https://orderseahorsesteakhouse.com,orderseahorsesteakhouse.com,unknown,,,tranco_ecom,239583,0,active,0,True,0,,,False,,3,0,0
https://igame.ir,igame.ir,unknown,,,tranco_ecom,240074,0,active,0,True,0,,,False,,2,0,0
https://javycoffee.com,javycoffee.com,shopify,,,tranco_ecom,240810,0,active,0,False,0,,,True,,1,0,0
https://h-brands.com,h-brands.com,bigcommerce,,,tranco_ecom,242015,0,active,0,False,0,,,False,,1,0,0
https://ledlightingdepot.com,ledlightingdepot.com,unknown,,,tranco_ecom,242173,0,active,0,True,0,,,False,,4,0,0
https://beautycos.ie,beautycos.ie,magento,,,tranco_ecom,242751,0,active,0,True,0,,,False,,2,0,0
https://autopartsway.com,autopartsway.com,unknown,,,tranco_ecom,243165,0,active,200,True,0,,,False,,2,0,0
https://mc-powersports.com,mc-powersports.com,bigcommerce,,,tranco_ecom,243212,0,active,404,True,0,,,False,,3,0,0
https://capriceshoes.com,capriceshoes.com,unknown,,,tranco_ecom,243784,0,active,410,True,0,,,False,,5,0,0
https://bus-shop.com.ua,bus-shop.com.ua,opencart,,,tranco_ecom,245747,0,active,404,True,0,,,False,,2,0,0
https://beautycos.co.uk,beautycos.co.uk,magento,,,tranco_ecom,246714,0,active,403,True,0,,,False,,2,0,0
https://skiwebshop.com,skiwebshop.com,magento,,,tranco_ecom,246762,0,active,404,True,0,,,False,,2,0,0
https://soundbooththeater.com,soundbooththeater.com,woocommerce,,,tranco_ecom,247059,0,active,404,False,0,,,False,,1,0,0
https://audio-digest.org,audio-digest.org,unknown,,,tranco_ecom,247232,673141,active,0,True,0,,,False,,2,0,0
https://proswimwear.eu,proswimwear.eu,magento,,,tranco_ecom,247254,0,active,404,False,0,,,False,paypal|adyen,1,0,0
https://unlimitedfurnituregroup.com,unlimitedfurnituregroup.com,magento,,,tranco_ecom,247268,0,active,404,True,0,,,False,,3,0,0
https://bellafootwears.com,bellafootwears.com,shopify,,PK,tranco_ecom,247575,0,active,0,True,0,,,True,,4,0,0
https://fantasywear.in,fantasywear.in,woocommerce,,,tranco_ecom,247937,0,active,404,True,0,,,False,,3,0,0
https://ohjuliettestoree.com,ohjuliettestoree.com,shopify,,ES,tranco_ecom,248653,0,active,0,True,0,,,True,,2,0,0
https://olgaperfume.com,olgaperfume.com,shopify,,IN,tranco_ecom,248660,0,active,0,True,0,,,True,,3,0,0
https://tea-money.com,tea-money.com,unknown,,,tranco_ecom,249133,0,active,404,True,0,,,False,,2,0,0
https://ussupplements.in,ussupplements.in,woocommerce,,,tranco_ecom,249272,0,active,404,True,0,,,False,,3,0,0
https://redfernelectronics.co.uk,redfernelectronics.co.uk,woocommerce,,,tranco_ecom,249732,67826,active,403,True,0,,,False,,2,0,0
https://betabrand.com,betabrand.com,shopify,,US,tranco_ecom,251093,116066,active,0,True,0,,,True,,3,0,0
https://casamorelosfurniture.com,casamorelosfurniture.com,shopify,,US,tranco_ecom,251849,0,active,0,True,0,,,True,,2,0,0
https://eventideaudio.com,eventideaudio.com,shopify,,,tranco_ecom,251994,122394,active,404,False,0,,,False,,1,0,0
https://visaeverywhereshop.com,visaeverywhereshop.com,unknown,,,tranco_ecom,252566,0,active,200,True,0,,,False,paypal|authorize_net,4,0,0
https://lancaperfume.com.br,lancaperfume.com.br,unknown,,,tranco_ecom,253967,0,active,200,True,0,,,False,,2,0,0
https://gh-stores.com,gh-stores.com,magento,,,tranco_ecom,254326,0,active,404,False,0,,,False,,1,0,0
https://laptopstoreindia.com,laptopstoreindia.com,opencart,,,tranco_ecom,254399,0,active,404,False,0,,,False,,1,0,0
https://realisticgames.co.uk,realisticgames.co.uk,woocommerce,,,tranco_ecom,256293,169839,active,404,False,0,,,False,,1,0,0
https://streetwines.co.uk,streetwines.co.uk,woocommerce,,,tranco_ecom,256748,0,active,404,True,0,,,False,,3,0,0
https://hyperlitemountaingear.com,hyperlitemountaingear.com,shopify,,US,tranco_ecom,257016,221238,active,0,True,0,,,True,,3,0,0
https://ultrarunning.com,ultrarunning.com,woocommerce,,,tranco_ecom,257129,206908,active,404,True,0,,,False,,3,0,0
https://koilolita.com,koilolita.com,shopify,,SG,tranco_ecom,257842,0,active,0,True,0,,,True,,3,0,0
https://irrigation-mart.com,irrigation-mart.com,unknown,,,tranco_ecom,258941,0,active,404,True,0,,,False,,3,0,0
https://intersport.com.au,intersport.com.au,shopify,,AU,tranco_ecom,259787,277679,active,0,True,0,,,True,,3,0,0
https://paintballsports.de,paintballsports.de,woocommerce,,,tranco_ecom,260388,0,active,0,False,0,,,False,,1,0,0
https://audiocity.co.th,audiocity.co.th,magento,,,tranco_ecom,260393,150014,active,0,True,0,,,False,,2,0,0
https://running-point.de,running-point.de,shopify,,DE,tranco_ecom,260405,0,active,0,True,0,,,True,,3,0,0
https://thepawprint.store,thepawprint.store,shopify,,US,tranco_ecom,260444,0,active,0,True,0,,,True,,3,0,0
https://gameskeys.net,gameskeys.net,woocommerce,,,tranco_ecom,261452,71261,active,0,True,0,,,False,,3,0,0
https://maletoy.in,maletoy.in,woocommerce,,,tranco_ecom,262304,0,active,404,True,0,,,False,,4,0,0
https://damondmotorsports.com,damondmotorsports.com,shopify,,US,tranco_ecom,264768,0,active,0,True,0,,,True,,3,0,0
https://myshop.pk,myshop.pk,magento,,,tranco_ecom,265076,0,active,0,True,0,,,False,,2,0,0
https://houseofwine.gr,houseofwine.gr,magento,,,tranco_ecom,265226,986202,active,0,True,0,,,False,,3,0,0
https://paparazziaccessories.com,paparazziaccessories.com,unknown,,,tranco_ecom,265409,257302,active,0,True,0,,,False,,2,0,0
https://studio-fashion.com,studio-fashion.com,opencart,,,tranco_ecom,265637,0,active,0,True,0,,,False,,2,0,0
https://perfumeriacomas.com,perfumeriacomas.com,unknown,,,tranco_ecom,266928,0,active,0,True,0,,,False,,2,0,0
https://theherbalacademy.com,theherbalacademy.com,woocommerce,,,tranco_ecom,267619,116323,active,404,True,0,,,False,,3,0,0
https://shopmando.com,shopmando.com,shopify,,,tranco_ecom,268284,0,active,404,True,0,,,True,,4,0,0
https://divani.store,divani.store,shopify,,IT,tranco_ecom,268334,0,active,0,True,0,,,True,shopify_payments,2,0,0
https://herbalessences.com,herbalessences.com,unknown,,,tranco_ecom,269320,275536,active,404,True,0,,,False,,2,0,0
https://sportano.de,sportano.de,magento,,,tranco_ecom,270254,0,active,404,True,0,,,False,,3,0,0
https://joyamedicalsupplies.com.au,joyamedicalsupplies.com.au,woocommerce,,,tranco_ecom,270395,0,active,404,False,0,,,False,,1,0,0
https://mattressnextday.co.uk,mattressnextday.co.uk,opencart,,,tranco_ecom,271030,184856,active,0,False,0,,,False,,1,0,0
https://tesmasport.com,tesmasport.com,magento,,,tranco_ecom,271669,0,active,404,True,0,,,False,,2,0,0
https://scholarebathfitting.com,scholarebathfitting.com,woocommerce,,,tranco_ecom,271935,0,active,404,True,0,,,False,,2,0,0
https://shop-id-sunsilk.com,shop-id-sunsilk.com,unknown,,,tranco_ecom,272403,0,active,500,True,0,,,False,,3,0,0
https://djaksport.me,djaksport.me,magento,,,tranco_ecom,272692,0,active,404,True,0,,,False,,2,0,0
https://oiler.pro,oiler.pro,magento,,,tranco_ecom,272772,531696,active,404,True,0,,,False,,2,0,0
https://sanayafashions.com,sanayafashions.com,woocommerce,,,tranco_ecom,272888,0,active,404,True,0,,,False,,2,0,0
https://eurorailhobbies.com,eurorailhobbies.com,unknown,,,tranco_ecom,272979,0,active,404,True,0,,,False,,3,0,0
https://euroskateshop.de,euroskateshop.de,magento,,,tranco_ecom,275140,0,active,0,True,0,,,False,,4,0,0
https://gccgamers.com,gccgamers.com,magento,,,tranco_ecom,275701,0,active,404,False,0,,,False,,1,0,0
https://mundofitness.pt,mundofitness.pt,magento,,,tranco_ecom,276152,0,active,0,True,0,,,False,klarna,3,0,0
https://newageretailer.com,newageretailer.com,unknown,,,tranco_ecom,276317,0,active,0,True,0,,,False,,3,0,0
https://shopify.engineering,shopify.engineering,shopify,,,tranco_ecom,276793,76618,active,404,False,0,,,True,,1,0,0
https://bbcchildreninneed.co.uk,bbcchildreninneed.co.uk,woocommerce,,,tranco_ecom,276975,68962,active,0,True,0,,,False,,3,0,0
https://stirlingsports.co.nz,stirlingsports.co.nz,shopify,,NZ,tranco_ecom,277038,487282,active,0,True,0,,,True,,3,0,0
https://thepolishbookstore.com,thepolishbookstore.com,unknown,,,tranco_ecom,277105,0,active,0,True,0,,,False,,3,0,0
https://winetrove.co.uk,winetrove.co.uk,woocommerce,,,tranco_ecom,277329,0,active,0,True,0,,,False,,2,0,0
https://lowestcostmattress.com,lowestcostmattress.com,shopify,,US,tranco_ecom,277875,0,active,0,True,0,,,True,,2,0,0
https://fundis-reitsport.de,fundis-reitsport.de,unknown,,,tranco_ecom,278546,0,active,0,True,0,,,False,klarna,2,0,0
https://miraphone.de,miraphone.de,magento,,,tranco_ecom,278574,0,active,0,True,0,,,False,,3,0,0
https://prikid.app,prikid.app,woocommerce,,,tranco_ecom,278690,0,active,404,False,0,,,False,,1,0,0
https://tireshop.ua,tireshop.ua,opencart,,,tranco_ecom,280426,0,active,0,False,0,,,False,,1,0,0
https://bike-eshop.cz,bike-eshop.cz,unknown,,,tranco_ecom,281102,0,active,0,True,0,,,False,,2,0,0
https://usfireplacestore.com,usfireplacestore.com,shopify,,US,tranco_ecom,281947,0,active,0,True,0,,,True,,5,0,0
https://citizenwatch.eu,citizenwatch.eu,unknown,,,tranco_ecom,282433,396152,active,0,True,0,,,False,,3,0,0
https://piercefurnituregallery.com,piercefurnituregallery.com,shopify,,US,tranco_ecom,282528,0,active,0,True,0,,,True,,3,0,0
https://race-shop.hr,race-shop.hr,unknown,,,tranco_ecom,282790,0,active,0,True,0,,,False,,3,0,0
https://oldtimer-shop.eu,oldtimer-shop.eu,unknown,,,tranco_ecom,282975,0,active,0,True,0,,,False,,2,0,0
https://partywholesalers.net,partywholesalers.net,unknown,,,tranco_ecom,283117,0,active,404,True,0,,,False,,2,0,0
https://cpdwineliquor.com,cpdwineliquor.com,shopify,,US,tranco_ecom,284118,0,active,0,True,0,,,True,,4,0,0
https://buecherbuechse.de,buecherbuechse.de,woocommerce,,,tranco_ecom,284839,0,active,0,True,0,,,False,,3,0,0
https://rockvilleaudio.com,rockvilleaudio.com,shopify,,US,tranco_ecom,284915,529951,active,0,True,0,,,True,,2,0,0
https://steamforged.com,steamforged.com,shopify,,US,tranco_ecom,285193,230586,active,0,True,0,,,True,,2,0,0
https://maingear.com,maingear.com,shopify,,US,tranco_ecom,285359,196638,active,0,True,0,,,False,,2,0,0
https://decorhomefurniture.com,decorhomefurniture.com,shopify,,US,tranco_ecom,285421,0,active,0,True,0,,,True,,3,0,0
https://thetaxidermystore.com,thetaxidermystore.com,magento,,,tranco_ecom,286216,0,active,0,True,0,,,False,,4,0,0
https://pharmamedi.it,pharmamedi.it,opencart,,,tranco_ecom,287073,0,active,0,True,0,,,False,,2,0,0
https://sassyorganics.com.au,sassyorganics.com.au,unknown,,,tranco_ecom,287477,0,active,0,False,0,,,False,stripe|paypal,1,0,0
https://camerata.kz,camerata.kz,unknown,,,tranco_ecom,287624,70947,active,404,True,0,,,False,,2,0,0
https://wholesale7.net,wholesale7.net,unknown,,,tranco_ecom,288836,275646,active,0,True,0,,,False,,2,0,0
https://furnituregallerystore.com,furnituregallerystore.com,shopify,,US,tranco_ecom,289549,0,active,0,True,0,,,True,,3,0,0
https://premiumaddons.com,premiumaddons.com,woocommerce,,,tranco_ecom,289569,144792,active,200,True,0,,,False,,3,0,0
https://bluesoap.com.au,bluesoap.com.au,unknown,,,tranco_ecom,289625,0,active,0,True,0,,,False,,3,0,0
https://details.flowers,details.flowers,unknown,,,tranco_ecom,289775,0,active,0,False,0,,,False,stripe,1,0,0
https://teamcherry.com.au,teamcherry.com.au,magento,,,tranco_ecom,289940,116870,active,404,True,0,,,False,,2,0,0
https://shopthcvapes.uk,shopthcvapes.uk,woocommerce,,,tranco_ecom,290838,115149,active,404,True,0,,,False,,3,0,0
https://toykoo.in,toykoo.in,shopify,,IN,tranco_ecom,292284,0,active,0,True,0,,,True,shopify_payments,2,0,0
https://boost.shop,boost.shop,unknown,,,tranco_ecom,292379,0,active,404,True,0,,,False,,3,0,0
https://ellijewelry.com,ellijewelry.com,shopify,,DE,tranco_ecom,292804,0,active,0,True,0,,,True,,3,0,0
https://toyigloo.com.au,toyigloo.com.au,magento,,,tranco_ecom,292877,0,active,404,True,0,,,False,,3,0,0
https://shop4trac.com,shop4trac.com,woocommerce,,,tranco_ecom,293419,0,active,404,False,0,,,False,,1,0,0
https://bambooclothing.co.uk,bambooclothing.co.uk,woocommerce,,,tranco_ecom,293956,326419,active,404,True,0,,,False,,4,0,0
https://toysrus.co.uk,toysrus.co.uk,shopify,,GB,tranco_ecom,294837,187939,active,200,True,0,,,True,,3,0,0
https://dailyaudiobible.com,dailyaudiobible.com,woocommerce,,,tranco_ecom,295196,714568,active,404,True,0,,,False,stripe,3,0,0
https://xyzfashionstore.com,xyzfashionstore.com,magento,,,tranco_ecom,295416,0,active,404,True,0,,,False,,2,0,0
https://musclestore.mx,musclestore.mx,woocommerce,,,tranco_ecom,296968,0,active,500,True,0,,,False,paypal,4,0,0
https://seranovabeauty.com,seranovabeauty.com,shopify,,US,tranco_ecom,299439,0,active,0,True,0,,,True,shopify_payments,2,0,0
https://watchesprime.com,watchesprime.com,woocommerce,,,tranco_ecom,299458,0,active,0,True,0,,,False,,2,0,0
https://jezsport.com,jezsport.com,woocommerce,,,tranco_ecom,299743,0,active,0,True,0,,,False,,3,0,0
https://mr-daten-shop.de,mr-daten-shop.de,magento,,,tranco_ecom,300856,0,active,404,True,0,,,False,,3,0,0
https://gtautosport.com,gtautosport.com,unknown,,,tranco_ecom,301376,0,active,404,True,0,,,False,,2,0,0
https://yodersmokers.com,yodersmokers.com,woocommerce,,,tranco_ecom,302750,634238,active,404,True,0,,,False,,2,0,0
https://wearechange.org,wearechange.org,woocommerce,,,tranco_ecom,303797,116081,active,404,False,0,,,False,stripe,1,0,0
https://greatfurnituredeal.com,greatfurnituredeal.com,shopify,,US,tranco_ecom,304187,0,active,0,True,0,,,True,shopify_payments,2,0,0
https://beautycos.eu,beautycos.eu,magento,,,tranco_ecom,306437,0,active,0,True,0,,,False,,2,0,0
https://gainesvillediscountfurniture.com,gainesvillediscountfurniture.com,shopify,,US,tranco_ecom,306885,0,active,0,True,0,,,True,,4,0,0
https://yozmasport.com,yozmasport.com,shopify,,US,tranco_ecom,306892,0,active,0,True,0,,,True,shopify_payments,5,0,0
https://kl-angelsport.de,kl-angelsport.de,unknown,,,tranco_ecom,307494,0,active,0,False,0,,,False,paypal,1,0,0
https://tahecosmetics.com,tahecosmetics.com,opencart,,,tranco_ecom,308120,0,active,404,False,0,,,False,,1,0,0
https://easymoebel-shop.de,easymoebel-shop.de,magento,,,tranco_ecom,308688,0,active,0,True,0,,,False,,3,0,0
https://handelsicecream.com,handelsicecream.com,woocommerce,,,tranco_ecom,309773,231811,active,0,True,0,,,False,,2,0,0
https://workweargurus.com,workweargurus.com,shopify,,GB,tranco_ecom,309788,0,active,0,True,0,,,True,shopify_payments,3,0,0
https://mikescigars.com,mikescigars.com,magento,,,tranco_ecom,310249,512871,active,200,True,0,,,False,,3,0,0
https://gymbeam.de,gymbeam.de,unknown,,,tranco_ecom,310381,0,active,404,True,0,,,False,,3,0,0
https://moon-audio.com,moon-audio.com,shopify,,US,tranco_ecom,310416,367689,active,0,True,0,,,True,,3,0,0
https://teamprostandard.com,teamprostandard.com,shopify,,US,tranco_ecom,310901,0,active,0,True,0,,,True,,3,0,0
https://novoshoes.com.au,novoshoes.com.au,magento,,,tranco_ecom,311935,351747,active,404,True,0,,,False,,4,0,0
https://sextoys.co.uk,sextoys.co.uk,unknown,,,tranco_ecom,312222,267908,active,404,True,0,,,False,,2,0,0
https://hippocketworkwear.com.au,hippocketworkwear.com.au,unknown,,,tranco_ecom,312372,0,active,404,True,0,,,False,stripe,2,0,0
https://mybrand.shoes,mybrand.shoes,prestashop,,,tranco_ecom,313257,0,active,404,False,0,,,False,klarna,1,0,0
https://skiwebshop.de,skiwebshop.de,magento,,,tranco_ecom,313787,0,active,404,True,0,,,False,,2,0,0
https://runningbare.com.au,runningbare.com.au,unknown,,,tranco_ecom,313925,0,active,0,True,0,,,False,,2,0,0
https://hobbies.co.uk,hobbies.co.uk,magento,,,tranco_ecom,314251,601127,active,404,True,0,,,False,,2,0,0
https://boilerjuice.com,boilerjuice.com,unknown,,,tranco_ecom,315764,689588,active,0,True,0,,,False,,2,0,0
https://forkid.gr,forkid.gr,woocommerce,,,tranco_ecom,316402,0,active,404,True,0,,,False,,3,0,0
https://missbaby.com,missbaby.com,magento,,,tranco_ecom,316984,0,active,404,True,0,,,False,,4,0,0
https://elegance-decor.ro,elegance-decor.ro,unknown,,,tranco_ecom,317119,0,active,0,True,0,,,False,,4,0,0
https://eleshop.eu,eleshop.eu,unknown,,,tranco_ecom,317201,950365,active,404,True,0,,,False,,3,0,0
https://eirehobbies.com,eirehobbies.com,shopify,,IE,tranco_ecom,318826,0,active,0,True,0,,,True,shopify_payments,4,0,0
https://millenniumshoes.com,millenniumshoes.com,shopify,,US,tranco_ecom,318963,781651,active,0,False,0,,,True,,1,0,0
https://no-smoke.org,no-smoke.org,woocommerce,,,tranco_ecom,319231,85693,active,404,True,0,,,False,,2,0,0
https://craftcafe.store,craftcafe.store,shopify,,JP,tranco_ecom,319284,0,active,0,True,0,,,True,shopify_payments,4,0,0
https://titansgym.uk,titansgym.uk,woocommerce,,,tranco_ecom,319301,0,active,0,True,0,,,False,,2,0,0
https://toy-zania.com,toy-zania.com,shopify,,BH,tranco_ecom,319388,0,active,0,True,0,,,True,,4,0,0
https://ansgear.com,ansgear.com,bigcommerce,,,tranco_ecom,319466,345254,active,0,True,0,,,False,,3,0,0
https://millcreeksports.com,millcreeksports.com,bigcommerce,,,tranco_ecom,319939,0,active,0,False,0,,,False,,1,0,0
https://labelleperfumes.com,labelleperfumes.com,shopify,,US,tranco_ecom,320693,502525,active,0,True,0,,,True,,3,0,0
https://toyworld.co.nz,toyworld.co.nz,shopify,,NZ,tranco_ecom,320760,340640,active,0,False,0,,,True,,1,0,0
https://gamersparadisela.com,gamersparadisela.com,shopify,,US,tranco_ecom,320865,0,active,0,True,0,,,True,,3,0,0
https://shopyvision.com,shopyvision.com,woocommerce,,,tranco_ecom,321099,0,active,0,False,0,,,False,,1,0,0
https://thebeerguy.ca,thebeerguy.ca,unknown,,,tranco_ecom,321736,0,active,0,True,0,,,False,,2,0,0
https://polleosport.hr,polleosport.hr,opencart,,,tranco_ecom,322631,959509,active,404,True,0,,,False,,2,0,0
https://arta.store,arta.store,unknown,,,tranco_ecom,323816,0,active,0,True,0,,,False,,2,0,0
https://flaminfitness.com,flaminfitness.com,shopify,,GB,tranco_ecom,324223,0,active,0,True,0,,,True,,3,0,0
https://audioaffair.co.uk,audioaffair.co.uk,magento,,,tranco_ecom,324756,552218,active,0,True,0,,,False,,3,0,0
https://ideesport.fr,ideesport.fr,unknown,,,tranco_ecom,325480,0,active,0,True,0,,,False,,3,0,0
https://vettrixsupplies.com,vettrixsupplies.com,woocommerce,,,tranco_ecom,325539,0,active,0,True,0,,,False,,2,0,0
https://lomaxpromogifts.co.uk,lomaxpromogifts.co.uk,woocommerce,,,tranco_ecom,326768,0,active,0,True,0,,,False,,4,0,0
https://spiceology.com,spiceology.com,shopify,,US,tranco_ecom,327164,348033,active,0,True,0,,,True,,2,0,0
https://161powersports.com,161powersports.com,woocommerce,,,tranco_ecom,327989,0,active,404,True,0,,,False,,2,0,0
https://rayatoys.com,rayatoys.com,magento,,,tranco_ecom,328419,0,active,404,False,0,,,False,,1,0,0
https://maxinejewelry.com,maxinejewelry.com,unknown,,,tranco_ecom,328423,0,active,200,True,0,,,False,,3,0,0
https://onlinevapegate.com,onlinevapegate.com,shopify,,AE,tranco_ecom,329167,0,active,0,True,0,,,True,,3,0,0
https://pharmamarket.fr,pharmamarket.fr,magento,,,tranco_ecom,329633,0,active,404,True,0,,,False,,3,0,0
https://thewatch.ua,thewatch.ua,opencart,,,tranco_ecom,329687,0,active,404,False,0,,,False,,1,0,0
https://sport85.com,sport85.com,unknown,,,tranco_ecom,330397,0,active,0,True,0,,,False,,2,0,0
https://dylanscandybar.com,dylanscandybar.com,shopify,,US,tranco_ecom,331953,132045,active,0,True,0,,,True,,4,0,0
https://bloomaudio.com,bloomaudio.com,shopify,,US,tranco_ecom,332217,453522,active,0,True,0,,,True,,3,0,0
https://globebrand.com,globebrand.com,shopify,,US,tranco_ecom,332768,370118,active,0,True,0,,,True,,4,0,0
https://healthysupplies.co.uk,healthysupplies.co.uk,unknown,,,tranco_ecom,334120,293434,active,404,True,0,,,False,,2,0,0
https://narscosmetics.co.uk,narscosmetics.co.uk,unknown,,,tranco_ecom,335789,268471,active,410,True,0,,,False,paypal,2,0,0
https://greathobbies.com,greathobbies.com,unknown,,,tranco_ecom,336140,287977,active,0,True,0,,,False,,2,0,0
https://shophamricks.com,shophamricks.com,shopify,,US,tranco_ecom,336358,0,active,0,True,0,,,True,,3,0,0
https://chaptersbookstore.com,chaptersbookstore.com,shopify,,IE,tranco_ecom,336696,0,active,0,True,0,,,True,,3,0,0
https://bioethanol-kamin-shop.de,bioethanol-kamin-shop.de,unknown,,,tranco_ecom,336740,0,active,0,True,0,,,False,,3,0,0
https://saltedbeauty.com,saltedbeauty.com,unknown,,,tranco_ecom,336823,0,active,0,True,0,,,False,,3,0,0
https://canofotosports.com,canofotosports.com,unknown,,,tranco_ecom,336961,0,active,404,True,0,,,False,,2,0,0
https://euroflorist.de,euroflorist.de,unknown,,,tranco_ecom,338378,599396,active,404,True,0,,,False,,2,0,0
https://multiwall-ads.shop,multiwall-ads.shop,unknown,,,tranco_ecom,338527,0,active,404,True,0,,,False,,2,0,0
https://widefitshoes.co.uk,widefitshoes.co.uk,shopify,,GB,tranco_ecom,340106,544411,active,0,True,0,,,True,shopify_payments,3,0,0
https://premiumsim.de,premiumsim.de,unknown,,,tranco_ecom,340670,602489,active,0,True,0,,,False,,2,0,0
https://ezaudiobookforsoul.com,ezaudiobookforsoul.com,woocommerce,,,tranco_ecom,340732,0,active,200,True,0,,,False,,3,0,0
https://nclcomputer.com,nclcomputer.com,woocommerce,,,tranco_ecom,341152,0,active,404,True,0,,,False,,2,0,0
https://procosmetic.ro,procosmetic.ro,unknown,,,tranco_ecom,341796,0,active,404,True,0,,,False,,4,0,0
https://tmraudio.com,tmraudio.com,bigcommerce,,,tranco_ecom,341940,803450,active,404,True,0,,,False,,2,0,0
https://kitchenknives.co.uk,kitchenknives.co.uk,magento,,,tranco_ecom,341966,0,active,404,True,0,,,False,klarna,3,0,0
https://ctlighting.com,ctlighting.com,bigcommerce,,,tranco_ecom,342637,0,active,0,False,0,,,False,,1,0,0
https://nassaucandy.com,nassaucandy.com,magento,,,tranco_ecom,343029,452883,active,404,True,0,,,False,,2,0,0
https://barakfashion.com,barakfashion.com,woocommerce,,,tranco_ecom,343509,0,active,0,True,0,,,False,,2,0,0
https://nailsuppliesmumbai.in,nailsuppliesmumbai.in,woocommerce,,,tranco_ecom,343684,0,active,404,True,0,,,False,,2,0,0
https://buyfromhomefurniture.com,buyfromhomefurniture.com,shopify,,US,tranco_ecom,343840,0,active,0,True,0,,,True,,2,0,0
https://gameden.com,gameden.com,shopify,,US,tranco_ecom,344425,0,active,0,True,0,,,True,,2,0,0
https://kaissagames.com,kaissagames.com,magento,,,tranco_ecom,344471,0,active,0,True,0,,,False,,2,0,0
https://bau-tech.shop,bau-tech.shop,unknown,,,tranco_ecom,344554,0,active,0,True,0,,,False,paypal,4,0,0
https://shopmoco.com,shopmoco.com,shopify,,US,tranco_ecom,344960,0,active,0,True,0,,,True,,2,0,0
https://retrovgames.com,retrovgames.com,woocommerce,,,tranco_ecom,345161,0,active,404,True,0,,,False,,3,0,0
https://pocketgames.nl,pocketgames.nl,shopify,,NL,tranco_ecom,345247,0,active,0,True,0,,,True,,4,0,0
https://petshop88.gr,petshop88.gr,opencart,,,tranco_ecom,346475,0,active,0,True,0,,,False,,4,0,0
https://hollandscountryclothing.co.uk,hollandscountryclothing.co.uk,shopify,,GB,tranco_ecom,346812,835193,active,0,True,0,,,True,,3,0,0
https://hitcigars.com,hitcigars.com,woocommerce,,,tranco_ecom,347181,850440,active,0,True,0,,,False,,4,0,0
https://lasvegasfurnitureonline.com,lasvegasfurnitureonline.com,shopify,,US,tranco_ecom,347524,0,active,0,True,0,,,True,,3,0,0
https://thefashionstory.com,thefashionstory.com,unknown,,,tranco_ecom,347677,0,active,0,True,0,,,False,,2,0,0
https://abclothes.store,abclothes.store,shopify,,US,tranco_ecom,347719,0,active,0,True,0,,,True,,4,0,0
https://discountfurnitureburlington.com,discountfurnitureburlington.com,shopify,,US,tranco_ecom,348811,0,active,0,True,0,,,True,,3,0,0
https://blackswampgames.com,blackswampgames.com,shopify,,US,tranco_ecom,350643,0,active,0,True,0,,,True,,3,0,0
https://myfurniturehouse.com,myfurniturehouse.com,shopify,,US,tranco_ecom,351231,0,active,0,True,0,,,True,,3,0,0
https://omgbubbletea.com,omgbubbletea.com,shopify,,LT,tranco_ecom,351478,0,active,0,True,0,,,True,,3,0,0
https://freewellgear.com,freewellgear.com,shopify,,US,tranco_ecom,351511,681948,active,0,True,0,,,True,,2,0,0
https://inhomefurniturewholesale.com,inhomefurniturewholesale.com,shopify,,US,tranco_ecom,351636,0,active,0,True,0,,,True,,2,0,0
https://weatherby.com,weatherby.com,woocommerce,,,tranco_ecom,351904,230622,active,404,True,0,,,False,,3,0,0
https://perfumeprice.co.uk,perfumeprice.co.uk,magento,,,tranco_ecom,353260,717363,active,404,True,0,,,False,,2,0,0
https://supplyshop.com,supplyshop.com,shopify,,US,tranco_ecom,354054,0,active,0,True,0,,,True,,3,0,0
https://andaazfashion.com.my,andaazfashion.com.my,magento,,,tranco_ecom,354680,0,active,404,False,0,,,False,,1,0,0
https://phonecasecenter.com,phonecasecenter.com,unknown,,,tranco_ecom,356001,0,active,200,True,0,,,False,,4,0,0
https://myflowergift.com,myflowergift.com,magento,,,tranco_ecom,356350,0,active,404,True,0,,,False,,2,0,0
https://russellwestbrookshoes.us,russellwestbrookshoes.us,unknown,,,tranco_ecom,356940,94645,active,404,True,0,,,False,,2,0,0
https://madronagames.com,madronagames.com,woocommerce,,,tranco_ecom,357322,0,active,404,True,0,,,False,,3,0,0
https://hudsonhomedecor.com,hudsonhomedecor.com,shopify,,US,tranco_ecom,357752,0,active,0,True,0,,,True,,3,0,0
https://vapeandgo.co.uk,vapeandgo.co.uk,woocommerce,,,tranco_ecom,358051,364553,active,0,True,0,,,False,,4,0,0
https://vanleeuwenicecream.com,vanleeuwenicecream.com,woocommerce,,,tranco_ecom,358550,124185,active,404,True,0,,,False,,4,0,0
https://frogcoffee.de,frogcoffee.de,unknown,,,tranco_ecom,358886,0,active,404,True,0,,,False,,2,0,0
https://smokeymountainfurnitureoutlet.com,smokeymountainfurnitureoutlet.com,shopify,,US,tranco_ecom,359976,0,active,0,True,0,,,True,,3,0,0
https://martinelli.es,martinelli.es,unknown,,,tranco_ecom,360170,0,active,0,True,0,,,False,,2,0,0
https://offcutsshoes.co.uk,offcutsshoes.co.uk,shopify,,GB,tranco_ecom,360238,0,active,0,True,0,,,True,shopify_payments,5,0,0
https://shopmeraki.co,shopmeraki.co,woocommerce,,,tranco_ecom,360599,0,active,0,True,0,,,False,klarna,2,0,0
https://kitchenaid.my,kitchenaid.my,unknown,,,tranco_ecom,361077,0,active,404,True,0,,,False,,2,0,0
https://kringlecandle.com,kringlecandle.com,shopify,,US,tranco_ecom,361466,0,active,0,True,0,,,True,,3,0,0
https://theperfumespot.com,theperfumespot.com,bigcommerce,,,tranco_ecom,361641,445692,active,0,True,0,,,False,,2,0,0
https://hoefer-shop.com,hoefer-shop.com,shopify,,DE,tranco_ecom,362375,0,active,0,True,0,,,True,shopify_payments,4,0,0
https://furnituretogony.com,furnituretogony.com,shopify,,US,tranco_ecom,363012,0,active,0,True,0,,,True,,2,0,0
https://goodlifenutritionhouse.com,goodlifenutritionhouse.com,woocommerce,,,tranco_ecom,363603,0,active,404,True,0,,,False,,2,0,0
https://kitchenking.de,kitchenking.de,magento,,,tranco_ecom,364400,0,active,0,True,0,,,False,klarna,2,0,0
https://moniquesbathshowroom.com,moniquesbathshowroom.com,woocommerce,,,tranco_ecom,364605,0,active,404,False,0,,,False,,1,0,0
https://officinecreative.store,officinecreative.store,shopify,,BM,tranco_ecom,365017,0,active,0,True,0,,,True,,3,0,0
https://prolaneautoparts.com,prolaneautoparts.com,woocommerce,,,tranco_ecom,365049,0,active,404,True,0,,,False,,3,0,0
https://note-store.ru,note-store.ru,unknown,,,tranco_ecom,365306,0,active,404,True,0,,,False,,2,0,0
https://skincaremarket.net,skincaremarket.net,shopify,,US,tranco_ecom,365481,0,active,0,True,0,,,True,,4,0,0
https://musicstorelive.com,musicstorelive.com,magento,,,tranco_ecom,366184,0,active,404,False,0,,,False,,1,0,0
https://iherbgroup.ru,iherbgroup.ru,unknown,,,tranco_ecom,366254,0,active,404,True,0,,,False,,3,0,0
https://gothamcigars.com,gothamcigars.com,bigcommerce,,,tranco_ecom,366334,391041,active,404,True,0,,,False,,3,0,0
https://bellabathrooms.co.uk,bellabathrooms.co.uk,magento,,,tranco_ecom,366527,319801,active,404,True,0,,,False,,3,0,0
https://welcomestores.gr,welcomestores.gr,unknown,,,tranco_ecom,366593,0,active,0,True,0,,,False,,2,0,0
https://shopclima.it,shopclima.it,magento,,,tranco_ecom,366785,0,active,404,True,0,,,False,paypal,2,0,0
https://starfurniturebakersfield.com,starfurniturebakersfield.com,shopify,,US,tranco_ecom,367383,0,active,0,True,0,,,True,,3,0,0
https://perfumeriajulia.es,perfumeriajulia.es,prestashop,,,tranco_ecom,367708,486478,active,0,False,0,,,False,,1,0,0
https://sportano.com,sportano.com,magento,,,tranco_ecom,368233,0,active,404,True,0,,,False,,3,0,0
https://yankeefurniturebarnnh.com,yankeefurniturebarnnh.com,shopify,,US,tranco_ecom,368396,0,active,0,True,0,,,True,,2,0,0
https://lovisajewellery.eu,lovisajewellery.eu,shopify,,DE,tranco_ecom,368629,0,active,0,True,0,,,False,shopify_payments,3,0,0
https://premiumcdkeys.com,premiumcdkeys.com,shopify,,DE,tranco_ecom,368631,0,active,0,True,0,,,True,,3,0,0
https://clothingconnectiononline.com,clothingconnectiononline.com,magento,,,tranco_ecom,368858,0,active,0,True,0,,,False,,3,0,0
https://mysupplyguy.shop,mysupplyguy.shop,shopify,,US,tranco_ecom,368872,0,active,0,True,0,,,True,,4,0,0
https://supersports.com.vn,supersports.com.vn,shopify,,VN,tranco_ecom,368899,771065,active,0,False,0,,,True,,1,0,0
https://runningcheese.com,runningcheese.com,unknown,,,tranco_ecom,369409,106621,active,0,True,0,,,False,,2,0,0
https://alltroniccomputer.com.sg,alltroniccomputer.com.sg,shopify,,SG,tranco_ecom,369446,0,active,0,True,0,,,True,,5,0,0
https://dimensionaloutletfurniture.com,dimensionaloutletfurniture.com,shopify,,US,tranco_ecom,369510,0,active,0,True,0,,,True,,2,0,0
https://spicewayfoods.com,spicewayfoods.com,woocommerce,,,tranco_ecom,369850,0,active,404,True,0,,,False,,2,0,0
https://gearbest.ma,gearbest.ma,woocommerce,,,tranco_ecom,370152,613013,active,0,True,0,,,False,,4,0,0
https://edmondsonsupply.com,edmondsonsupply.com,shopify,,US,tranco_ecom,370215,0,active,0,True,0,,,True,,3,0,0
https://simabrand.com,simabrand.com,shopify,,US,tranco_ecom,370448,0,active,0,False,0,,,True,,1,0,0
https://sportdepot.gr,sportdepot.gr,unknown,,,tranco_ecom,371232,933697,active,0,True,0,,,False,,2,0,0
https://store.link,store.link,unknown,,,tranco_ecom,371631,698588,active,404,True,0,,,False,,3,0,0
https://gosmokefree.co.uk,gosmokefree.co.uk,bigcommerce,,,tranco_ecom,371795,292812,active,404,True,0,,,False,,3,0,0
https://gardenexpress.com.au,gardenexpress.com.au,woocommerce,,,tranco_ecom,372118,407475,active,404,False,0,,,False,,1,0,0
https://dkcustomproducts.com,dkcustomproducts.com,magento,,,tranco_ecom,372354,0,active,404,True,0,,,False,,2,0,0
https://shoesandsox.com.au,shoesandsox.com.au,shopify,,AU,tranco_ecom,372916,774111,active,0,True,0,,,True,,2,0,0
https://sneakers.by,sneakers.by,opencart,,,tranco_ecom,373367,0,active,404,False,0,,,False,,1,0,0
https://adeptpowersports.com,adeptpowersports.com,unknown,,,tranco_ecom,373449,0,active,404,True,0,,,False,,3,0,0
https://qhomemart.com,qhomemart.com,woocommerce,,,tranco_ecom,373637,0,active,200,False,0,,,False,,1,0,0
https://lonestarwesterndecor.com,lonestarwesterndecor.com,bigcommerce,,,tranco_ecom,373667,0,active,404,True,0,,,False,,4,0,0
https://teufelaudio.com,teufelaudio.com,unknown,,,tranco_ecom,373696,324829,active,404,True,0,,,False,,2,0,0
https://abcaudio.com,abcaudio.com,woocommerce,,,tranco_ecom,373865,112620,active,404,True,0,,,False,,3,0,0
https://fragrances.bg,fragrances.bg,unknown,,,tranco_ecom,373930,302279,active,404,True,0,,,False,,4,0,0
https://phonebot.com.au,phonebot.com.au,opencart,,,tranco_ecom,373990,493075,active,404,True,0,,,False,,4,0,0
https://pnpgamesonline.com,pnpgamesonline.com,woocommerce,,,tranco_ecom,374470,0,active,404,False,0,,,False,,1,0,0
https://aldoshoes.co.uk,aldoshoes.co.uk,shopify,,GB,tranco_ecom,374508,606898,active,0,True,0,,,True,,2,0,0
https://boardgamesswap.com,boardgamesswap.com,unknown,,,tranco_ecom,374807,0,active,404,True,0,,,False,,4,0,0
https://hpgbrands.com,hpgbrands.com,bigcommerce,,,tranco_ecom,375141,516484,active,404,False,0,,,False,,1,0,0
https://sounddd.shop,sounddd.shop,woocommerce,,,tranco_ecom,375189,0,active,404,True,0,,,False,,4,0,0
https://strobelssupply.com,strobelssupply.com,bigcommerce,,,tranco_ecom,375924,0,active,404,False,0,,,False,,1,0,0
https://barony-shop.com,barony-shop.com,unknown,,,tranco_ecom,376458,0,active,200,True,0,,,False,,3,0,0
https://historiqueshop.com,historiqueshop.com,prestashop,,,tranco_ecom,376474,0,active,200,True,0,,,False,,2,0,0
https://rinovelty.com,rinovelty.com,unknown,,,tranco_ecom,376885,663698,active,200,True,0,,,False,,2,0,0
https://brookingsfurnitureco.com,brookingsfurnitureco.com,shopify,,US,tranco_ecom,377386,0,active,0,True,0,,,True,,3,0,0
https://vintage-vogue.shop,vintage-vogue.shop,woocommerce,,,tranco_ecom,378116,0,active,0,False,0,,,False,,1,0,0
https://skullcandy.eu,skullcandy.eu,shopify,,NL,tranco_ecom,378121,336288,active,0,True,0,,,True,,2,0,0
https://powersportsmax.com,powersportsmax.com,unknown,,,tranco_ecom,378170,0,active,0,True,0,,,False,,2,0,0
https://locallegends.store,locallegends.store,shopify,,US,tranco_ecom,378176,0,active,0,True,0,,,True,,2,0,0
https://laneboots.com,laneboots.com,shopify,,US,tranco_ecom,378300,0,active,0,True,0,,,True,,2,0,0
https://vbindustrialsupply.com,vbindustrialsupply.com,shopify,,US,tranco_ecom,378470,0,active,0,True,0,,,True,,2,0,0
https://abdulfurniture.com,abdulfurniture.com,shopify,,US,tranco_ecom,378749,0,active,0,True,0,,,True,,3,0,0
https://franandcojewelry.com,franandcojewelry.com,shopify,,US,tranco_ecom,378973,0,active,0,True,0,,,True,,4,0,0
https://mountain-equipment.com,mountain-equipment.com,shopify,,GB,tranco_ecom,379151,281681,active,0,True,0,,,True,,3,0,0
https://corporatewatch.org,corporatewatch.org,woocommerce,,,tranco_ecom,380005,102920,active,404,True,0,,,False,,2,0,0
https://beerboard.com,beerboard.com,woocommerce,,,tranco_ecom,380396,0,active,404,False,0,,,False,,1,0,0
https://sportano.sk,sportano.sk,magento,,,tranco_ecom,380495,0,active,404,True,0,,,False,,3,0,0
https://luxuryreplicahermes.com,luxuryreplicahermes.com,shopify,,,tranco_ecom,380868,143542,active,404,False,0,,,False,,1,0,0
https://discountpartysupplies.com.au,discountpartysupplies.com.au,unknown,,,tranco_ecom,381385,300219,active,0,False,0,,,False,paypal|afterpay|braintree,1,0,0
https://tileandbathco.com,tileandbathco.com,shopify,,GB,tranco_ecom,381952,0,active,0,True,0,,,True,shopify_payments,3,0,0
https://two4toys.com,two4toys.com,unknown,,,tranco_ecom,382242,0,active,0,True,0,,,False,,3,0,0
https://libtechstore.com,libtechstore.com,woocommerce,,,tranco_ecom,382348,0,active,404,True,0,,,False,,2,0,0
https://luxuryfabrics.com,luxuryfabrics.com,magento,,,tranco_ecom,382367,0,active,404,False,0,,,False,,1,0,0
https://shoplongcreek.com,shoplongcreek.com,magento,,,tranco_ecom,382736,0,active,404,False,0,,,False,,1,0,0
https://kbeautyworld.com,kbeautyworld.com,shopify,,DE,tranco_ecom,382891,0,active,0,True,0,,,True,,2,0,0
https://wonderprintshop.com,wonderprintshop.com,shopify,,US,tranco_ecom,382920,0,active,0,True,0,,,True,,3,0,0
https://earthshoes.com,earthshoes.com,shopify,,US,tranco_ecom,382965,0,active,0,True,0,,,True,,4,0,0
https://shopdecor.com,shopdecor.com,shopify,,MQ,tranco_ecom,383095,0,active,0,True,0,,,True,,2,0,0
https://radio-shop.com.ua,radio-shop.com.ua,opencart,,,tranco_ecom,383618,840640,active,404,False,0,,,False,,1,0,0
https://premiumwheels.de,premiumwheels.de,unknown,,,tranco_ecom,384392,0,active,404,True,0,,,False,,2,0,0
https://aimnsportswear.de,aimnsportswear.de,shopify,,DE,tranco_ecom,384912,0,active,0,True,0,,,True,,2,0,0
https://myworkwear.co.uk,myworkwear.co.uk,unknown,,,tranco_ecom,385332,0,active,404,False,0,,,False,stripe,1,0,0
https://mybeauty.sa,mybeauty.sa,unknown,,,tranco_ecom,385342,0,active,410,True,0,,,False,,2,0,0
https://usaskateshop.com,usaskateshop.com,magento,,,tranco_ecom,385669,0,active,0,True,0,,,False,,4,0,0
https://ebranditalia.com,ebranditalia.com,magento,,,tranco_ecom,385847,0,active,404,True,0,,,False,,4,0,0
https://bottleyourbrand.com,bottleyourbrand.com,magento,,,tranco_ecom,385918,607262,active,404,False,0,,,False,,1,0,0
https://mactabeauty.com,mactabeauty.com,magento,,,tranco_ecom,386056,0,active,404,True,0,,,False,,4,0,0
https://sportsdirect.de,sportsdirect.de,unknown,,,tranco_ecom,386463,0,active,0,True,0,,,False,,2,0,0
https://bwareshop.de,bwareshop.de,shopify,,,tranco_ecom,386810,0,active,0,True,0,,,True,,3,0,0
https://canadapharmacy-usa.net,canadapharmacy-usa.net,woocommerce,,,tranco_ecom,387027,101744,active,0,True,0,,,False,,3,0,0
https://computeralliance.com.au,computeralliance.com.au,unknown,,,tranco_ecom,387128,545252,active,0,True,0,,,False,,3,0,0
https://cpapsupplies.com,cpapsupplies.com,magento,,,tranco_ecom,387562,0,active,404,True,0,,,False,,2,0,0
https://race-shop.hu,race-shop.hu,unknown,,,tranco_ecom,387623,0,active,404,True,0,,,False,,2,0,0
https://addictedtoaudio.com.au,addictedtoaudio.com.au,shopify,,AU,tranco_ecom,387738,498946,active,0,True,0,,,True,,4,0,0
https://mannsupply.com,mannsupply.com,shopify,,CA,tranco_ecom,388090,0,active,0,True,0,,,True,,3,0,0
https://no-cosmetics.de,no-cosmetics.de,unknown,,,tranco_ecom,388242,0,active,404,True,0,,,False,,2,0,0
https://steamsaunabath.com,steamsaunabath.com,unknown,,,tranco_ecom,389442,843348,active,404,True,0,,,False,,2,0,0
https://sugotoys.com.au,sugotoys.com.au,woocommerce,,,tranco_ecom,390444,752987,active,404,True,0,,,False,,4,0,0
https://archivist.store,archivist.store,shopify,,DE,tranco_ecom,390495,0,active,0,True,0,,,True,,3,0,0
https://toymate.com.au,toymate.com.au,bigcommerce,,,tranco_ecom,390596,473503,active,0,True,0,,,False,,4,0,0
https://shoppopeyes.com,shoppopeyes.com,shopify,,CA,tranco_ecom,390623,0,active,0,True,0,,,True,,4,0,0
https://runningwarehouse.eu,runningwarehouse.eu,unknown,,,tranco_ecom,391449,719331,active,0,False,0,,,False,stripe,1,0,0
https://bigdudeclothing.com,bigdudeclothing.com,unknown,,,tranco_ecom,391586,0,active,404,True,0,,,False,,3,0,0
https://gosmoke.ru,gosmoke.ru,opencart,,,tranco_ecom,393390,339631,active,404,True,0,,,False,,2,0,0
https://novoluxlighting.com,novoluxlighting.com,magento,,,tranco_ecom,393629,0,active,404,True,0,,,False,,3,0,0
https://hswsupply.com,hswsupply.com,bigcommerce,,,tranco_ecom,393831,0,active,404,False,0,,,False,,1,0,0
https://shoppingbag.pk,shoppingbag.pk,unknown,,,tranco_ecom,394220,991571,active,404,True,0,,,False,,3,0,0
https://beautycos.no,beautycos.no,magento,,,tranco_ecom,394746,0,active,403,True,0,,,False,,2,0,0
https://vanharen.store,vanharen.store,magento,,,tranco_ecom,394899,0,active,404,True,0,,,False,,2,0,0
https://shopchevyparts.com,shopchevyparts.com,unknown,,,tranco_ecom,395500,0,active,404,True,0,,,False,paypal,3,0,0
https://teachersuperstore.com.au,teachersuperstore.com.au,unknown,,,tranco_ecom,395828,0,active,404,True,0,,,False,,6,0,0
https://arrowsmithshoes.com,arrowsmithshoes.com,bigcommerce,,,tranco_ecom,396926,0,active,404,True,0,,,False,,2,0,0
https://gardenersdream.co.uk,gardenersdream.co.uk,shopify,,GB,tranco_ecom,397245,492980,active,0,True,0,,,True,,2,0,0
https://vpngame.net,vpngame.net,unknown,,,tranco_ecom,397266,0,active,404,True,0,,,False,,2,0,0
https://beautifulbrideshop.de,beautifulbrideshop.de,magento,,,tranco_ecom,398324,0,active,0,False,0,,,False,,1,0,0
https://conceptfurniture.co.uk,conceptfurniture.co.uk,woocommerce,,,tranco_ecom,398484,107088,active,404,False,0,,,False,,1,0,0
https://skiwebshop.it,skiwebshop.it,magento,,,tranco_ecom,399360,0,active,0,True,0,,,False,,2,0,0
https://omegabrand.com,omegabrand.com,bigcommerce,,,tranco_ecom,399471,589884,active,404,False,0,,,False,,1,0,0
https://hr-sports.com.au,hr-sports.com.au,unknown,,,tranco_ecom,399562,0,active,404,True,0,,,False,stripe,3,0,0
https://sportscorner.qa,sportscorner.qa,magento,,,tranco_ecom,399706,0,active,404,True,0,,,False,,3,0,0
https://mtbiker.shop,mtbiker.shop,unknown,,,tranco_ecom,399773,0,active,404,True,0,,,False,,2,0,0
https://accessories4less.com,accessories4less.com,unknown,,,tranco_ecom,400191,867078,active,0,True,0,,,False,,2,0,0
https://vineshop24.de,vineshop24.de,unknown,,,tranco_ecom,400259,0,active,404,True,0,,,False,,2,0,0
https://infiniteapps.net,infiniteapps.net,unknown,,,tranco_ecom,401146,0,active,404,True,0,,,False,,3,0,0
https://sirweara.com,sirweara.com,unknown,,,tranco_ecom,401166,0,active,0,True,0,,,False,,2,0,0
https://bestpharmacy.gr,bestpharmacy.gr,magento,,,tranco_ecom,401296,733410,active,0,True,0,,,False,,3,0,0
https://budgetphone.nl,budgetphone.nl,woocommerce,,,tranco_ecom,402046,0,active,0,True,0,,,False,,2,0,0
https://shopworthcollective.com,shopworthcollective.com,shopify,,US,tranco_ecom,402166,0,active,0,True,0,,,True,,3,0,0
https://furnituredirect411.com,furnituredirect411.com,shopify,,US,tranco_ecom,402216,0,active,0,True,0,,,True,,2,0,0
https://babysmile24.de,babysmile24.de,magento,,,tranco_ecom,403171,750355,active,0,True,0,,,False,,4,0,0
https://woest-sport.nl,woest-sport.nl,unknown,,,tranco_ecom,403267,0,active,0,True,0,,,False,,2,0,0
https://theflamingcandle.com,theflamingcandle.com,shopify,,US,tranco_ecom,403354,0,active,0,True,0,,,True,,3,0,0
https://houseoffurniture.net,houseoffurniture.net,shopify,,US,tranco_ecom,403431,0,active,0,True,0,,,True,,2,0,0
https://biopejs-shop.dk,biopejs-shop.dk,unknown,,,tranco_ecom,404519,0,active,404,True,0,,,False,,3,0,0
https://fuentes.store,fuentes.store,woocommerce,,,tranco_ecom,404935,0,active,404,True,0,,,False,,2,0,0
https://ellaskitchen.co.uk,ellaskitchen.co.uk,unknown,,,tranco_ecom,405034,331874,active,404,True,0,,,False,,2,0,0
https://allcitycandy.com,allcitycandy.com,shopify,,US,tranco_ecom,406136,345012,active,0,True,0,,,True,,2,0,0
https://pfeifen-shop-online.de,pfeifen-shop-online.de,unknown,,,tranco_ecom,406392,0,active,0,True,0,,,False,,2,0,0
https://tranesupply.com,tranesupply.com,unknown,,,tranco_ecom,406692,0,active,200,True,0,,,False,stripe|paypal|adyen,3,0,0
https://tebrand.asia,tebrand.asia,unknown,,,tranco_ecom,406970,0,active,200,True,0,,,False,,2,0,0
https://cykelgear.dk,cykelgear.dk,unknown,,,tranco_ecom,407980,948177,active,404,True,0,,,False,,3,0,0
https://gamerblurb.com,gamerblurb.com,magento,,,tranco_ecom,408429,0,active,404,True,0,,,False,,2,0,0
https://bumbleskids.ie,bumbleskids.ie,shopify,,IE,tranco_ecom,408943,0,active,0,True,0,,,True,,2,0,0
https://kite-clothing.co.uk,kite-clothing.co.uk,shopify,,GB,tranco_ecom,408962,0,active,0,True,0,,,True,,2,0,0
https://thejoefactorfurnitureandmore.com,thejoefactorfurnitureandmore.com,shopify,,US,tranco_ecom,409946,0,active,0,True,0,,,True,,3,0,0
https://zulusgames.com,zulusgames.com,shopify,,US,tranco_ecom,411066,0,active,0,True,0,,,True,,3,0,0
https://makeup.ae,makeup.ae,unknown,,,tranco_ecom,411638,0,active,0,True,0,,,False,,2,0,0
https://elten-store.de,elten-store.de,unknown,,,tranco_ecom,412284,0,active,404,True,0,,,False,,2,0,0
https://flat6motorsports.com,flat6motorsports.com,shopify,,US,tranco_ecom,412595,0,active,0,True,0,,,True,,3,0,0
https://vape.co.uk,vape.co.uk,woocommerce,,,tranco_ecom,412804,793078,active,404,True,0,,,False,,3,0,0
https://expertledlighting.com,expertledlighting.com,shopify,,US,tranco_ecom,413650,0,active,0,True,0,,,True,shopify_payments,4,0,0
https://hudson-furniture.com,hudson-furniture.com,shopify,,US,tranco_ecom,413841,0,active,0,True,0,,,True,shopify_payments,2,0,0
https://candyfunhouse.ca,candyfunhouse.ca,shopify,,,tranco_ecom,413871,374893,active,0,True,0,,,True,,3,0,0
https://digilogelectronics.com,digilogelectronics.com,woocommerce,,,tranco_ecom,414099,0,active,404,True,0,,,False,,2,0,0
https://alraya-store.com,alraya-store.com,woocommerce,,,tranco_ecom,414117,0,active,0,False,0,,,False,,1,0,0
https://bayamjewelry.com,bayamjewelry.com,shopify,,,tranco_ecom,414253,0,active,0,False,0,,,True,,1,0,0
https://mygadget.ru,mygadget.ru,unknown,,,tranco_ecom,414397,0,active,404,True,0,,,False,,2,0,0
https://paolinestore.it,paolinestore.it,magento,,,tranco_ecom,414630,0,active,404,True,0,,,False,,4,0,0
https://race-shop.bg,race-shop.bg,unknown,,,tranco_ecom,414634,0,active,404,True,0,,,False,,3,0,0
https://race-shop.it,race-shop.it,unknown,,,tranco_ecom,414635,0,active,404,True,0,,,False,,3,0,0
https://shoptireco.com,shoptireco.com,magento,,,tranco_ecom,414815,0,active,404,True,0,,,False,,3,0,0
https://amberjack.shop,amberjack.shop,shopify,,US,tranco_ecom,415116,0,active,0,True,0,,,True,,2,0,0
https://sportztrack.com,sportztrack.com,woocommerce,,,tranco_ecom,415609,0,active,404,True,0,,,False,,2,0,0
https://workshopsupply.com,workshopsupply.com,unknown,,,tranco_ecom,415611,0,active,200,True,0,,,False,,3,0,0
https://wpsupplies.com.au,wpsupplies.com.au,unknown,,,tranco_ecom,415691,0,active,404,False,0,,,False,stripe,1,0,0
https://bathandbodyworks.com.kw,bathandbodyworks.com.kw,unknown,,,tranco_ecom,416203,0,active,404,True,0,,,False,,2,0,0
https://shopmiraclebrand.co,shopmiraclebrand.co,shopify,,,tranco_ecom,416584,0,active,404,False,0,,,True,paypal,1,0,0
https://pitbikemarket.ru,pitbikemarket.ru,unknown,,,tranco_ecom,416820,0,active,404,True,0,,,False,,2,0,0
https://gunungkidulkab.go.id,gunungkidulkab.go.id,woocommerce,,,tranco_ecom,416991,0,active,404,True,0,,,False,,3,0,0
https://german-toys.com,german-toys.com,unknown,,,tranco_ecom,417086,0,active,500,True,0,,,False,,2,0,0
https://tonisport.de,tonisport.de,unknown,,,tranco_ecom,418323,0,active,404,True,0,,,False,,3,0,0
https://fancyspring.shop,fancyspring.shop,unknown,,,tranco_ecom,418755,0,active,404,True,0,,,False,,4,0,0
https://tebrand.vn,tebrand.vn,unknown,,,tranco_ecom,418955,0,active,200,True,0,,,False,,2,0,0
https://perfumeriasgotta.com,perfumeriasgotta.com,prestashop,,,tranco_ecom,419543,0,active,404,True,0,,,False,,2,0,0
https://imraneshop.com,imraneshop.com,magento,,,tranco_ecom,419826,0,active,0,True,0,,,False,,2,0,0
https://abonnements-iptvpremium.net,abonnements-iptvpremium.net,woocommerce,,,tranco_ecom,419882,144911,active,0,True,0,,,False,,2,0,0
https://canadianofficesupplies.com,canadianofficesupplies.com,unknown,,,tranco_ecom,420187,0,active,404,True,0,,,False,,2,0,0
https://creativeaudio.net,creativeaudio.net,bigcommerce,,,tranco_ecom,420242,0,active,404,True,0,,,False,,5,0,0
https://iphone-droid.net,iphone-droid.net,woocommerce,,,tranco_ecom,420792,519766,active,0,True,0,,,False,,2,0,0
https://coffeeok.com.ua,coffeeok.com.ua,magento,,,tranco_ecom,420870,457138,active,404,False,0,,,False,,1,0,0
https://computerisms.ca,computerisms.ca,woocommerce,,,tranco_ecom,421502,0,active,404,True,0,,,False,,2,0,0
https://tuttiosport.com,tuttiosport.com,shopify,,US,tranco_ecom,421660,0,active,0,True,0,,,True,,2,0,0
https://furnituretogosi.com,furnituretogosi.com,shopify,,US,tranco_ecom,421710,0,active,0,True,0,,,True,,2,0,0
https://powermaxfitness.net,powermaxfitness.net,unknown,,,tranco_ecom,421861,959616,active,404,True,0,,,False,,3,0,0
https://hotel-buyer-store.co.uk,hotel-buyer-store.co.uk,unknown,,,tranco_ecom,421877,0,active,0,True,0,,,False,,2,0,0
https://sollery.fashion,sollery.fashion,unknown,,,tranco_ecom,422417,0,active,404,True,0,,,False,,2,0,0
https://team-outdoors.nl,team-outdoors.nl,opencart,,,tranco_ecom,422429,0,active,404,False,0,,,False,,1,0,0
https://frontendaudio.com,frontendaudio.com,bigcommerce,,,tranco_ecom,423455,487369,active,0,True,0,,,False,,3,0,0
https://buygames.ps,buygames.ps,prestashop,,,tranco_ecom,423506,629402,active,0,True,0,,,False,,4,0,0
https://beautyheaven.com.au,beautyheaven.com.au,woocommerce,,,tranco_ecom,424299,188431,active,0,False,0,,,False,,1,0,0
https://kitchenaid.com.au,kitchenaid.com.au,shopify,,AU,tranco_ecom,424537,418926,active,0,True,0,,,True,,3,0,0
https://ongames.cc,ongames.cc,woocommerce,,,tranco_ecom,424676,0,active,404,True,0,,,False,,2,0,0
https://babyonlinedress.de,babyonlinedress.de,unknown,,,tranco_ecom,425205,0,active,404,True,0,,,False,,2,0,0
https://udm.market,udm.market,unknown,,,tranco_ecom,425386,0,active,404,True,0,,,False,,4,0,0
https://allskidsteers.com,allskidsteers.com,bigcommerce,,,tranco_ecom,425484,0,active,404,True,0,,,False,,3,0,0
https://gabestore.ru,gabestore.ru,unknown,,,tranco_ecom,425918,0,active,404,True,0,,,False,,2,0,0
https://selectfashion.co.uk,selectfashion.co.uk,shopify,,GB,tranco_ecom,425944,400692,active,200,True,0,,,True,paypal,4,0,0
https://pw-store.de,pw-store.de,unknown,,,tranco_ecom,426058,0,active,404,True,0,,,False,,2,0,0
https://gardentrading.co.uk,gardentrading.co.uk,bigcommerce,,,tranco_ecom,426219,408974,active,404,True,0,,,False,klarna,3,0,0
https://createaiasian.com,createaiasian.com,unknown,,,tranco_ecom,426272,0,active,200,True,0,,,False,,2,0,0
https://applianceelectronics.co.uk,applianceelectronics.co.uk,unknown,,,tranco_ecom,426501,0,active,404,True,0,,,False,,3,0,0
https://candymachines.com,candymachines.com,bigcommerce,,,tranco_ecom,427363,443627,active,404,True,0,,,False,,3,0,0
https://vincustom.com,vincustom.com,unknown,,,tranco_ecom,427645,0,active,404,False,0,,,False,stripe,1,0,0
https://hawksmotorsports.com,hawksmotorsports.com,bigcommerce,,,tranco_ecom,427724,0,active,404,True,0,,,False,,4,0,0
https://cigarpass.com,cigarpass.com,woocommerce,,,tranco_ecom,427831,0,active,404,True,0,,,False,,3,0,0
https://vapevendingsoftware.com,vapevendingsoftware.com,shopify,,US,tranco_ecom,428397,0,active,404,True,0,,,True,shopify_payments,2,0,0
https://rarecandy.com,rarecandy.com,unknown,,,tranco_ecom,428507,0,active,200,True,0,,,False,,2,0,0
https://audioengine.com,audioengine.com,woocommerce,,,tranco_ecom,428511,359482,active,404,False,0,,,False,,1,0,0
https://motea-shop.ch,motea-shop.ch,magento,,,tranco_ecom,428806,0,active,0,True,0,,,False,,3,0,0
https://outdoorsupply.de,outdoorsupply.de,unknown,,,tranco_ecom,428870,0,active,404,True,0,,,False,,2,0,0
https://watsons87furniture.com,watsons87furniture.com,shopify,,US,tranco_ecom,428945,0,active,0,True,0,,,True,,3,0,0
https://rczbikeshop.com,rczbikeshop.com,magento,,,tranco_ecom,429149,0,active,0,True,0,,,False,,2,0,0
https://shopify.plus,shopify.plus,shopify,,,tranco_ecom,429328,0,active,200,False,0,,,True,,1,0,0
https://keyapparel.com,keyapparel.com,bigcommerce,,,tranco_ecom,429338,0,active,404,True,0,,,False,,2,0,0
https://houseoffurnitureinc.com,houseoffurnitureinc.com,shopify,,US,tranco_ecom,429451,0,active,0,True,0,,,True,,2,0,0
https://pharmacyclub.net,pharmacyclub.net,unknown,,,tranco_ecom,429866,0,active,404,False,0,,,False,paypal,1,0,0
https://montmotorsports.com,montmotorsports.com,bigcommerce,,,tranco_ecom,430600,0,active,404,True,0,,,False,,2,0,0
https://willworkjewelry.com,willworkjewelry.com,shopify,,US,tranco_ecom,431023,0,active,0,True,0,,,True,,5,0,0
https://bezvasport.cz,bezvasport.cz,opencart,,,tranco_ecom,431091,0,active,0,False,0,,,False,,1,0,0
https://elixirmakeup.gr,elixirmakeup.gr,woocommerce,,,tranco_ecom,431105,0,active,404,True,0,,,False,,2,0,0
https://danaos-stores.gr,danaos-stores.gr,woocommerce,,,tranco_ecom,431232,0,active,0,True,0,,,False,,3,0,0
https://euroskateshop.nl,euroskateshop.nl,magento,,,tranco_ecom,431234,0,active,404,True,0,,,False,,4,0,0
https://game-shop.com.ua,game-shop.com.ua,unknown,,,tranco_ecom,432005,0,active,200,True,0,,,False,,2,0,0
https://campbelltownhobbies.com.au,campbelltownhobbies.com.au,unknown,,,tranco_ecom,432020,0,active,0,True,0,,,False,stripe,4,0,0
https://babydeals.be,babydeals.be,magento,,,tranco_ecom,432252,0,active,0,False,0,,,False,,1,0,0
https://hitimewine.net,hitimewine.net,bigcommerce,,,tranco_ecom,432874,464530,active,0,True,0,,,False,,3,0,0
https://shopmentionables.com,shopmentionables.com,shopify,,US,tranco_ecom,432903,0,active,0,True,0,,,True,,3,0,0
https://scotsdalegardencentre.co.uk,scotsdalegardencentre.co.uk,magento,,,tranco_ecom,433433,0,active,0,True,0,,,False,,2,0,0
https://greatlakesoutdoorsupply.com,greatlakesoutdoorsupply.com,unknown,,,tranco_ecom,433436,0,active,404,True,0,,,False,,2,0,0
https://sportsdirect.fr,sportsdirect.fr,unknown,,,tranco_ecom,433568,0,active,404,True,0,,,False,,2,0,0
https://pharmacy4pets.de,pharmacy4pets.de,magento,,,tranco_ecom,433915,0,active,404,True,0,,,False,,3,0,0
https://beautycos.es,beautycos.es,magento,,,tranco_ecom,434149,0,active,0,True,0,,,False,,2,0,0
https://babyaud.io,babyaud.io,unknown,,,tranco_ecom,434580,380652,active,404,True,0,,,False,,4,0,0
https://hobbytechtoys.com.au,hobbytechtoys.com.au,shopify,,AU,tranco_ecom,434690,430078,active,0,True,0,,,True,,2,0,0
https://goldenhomefurniture.com,goldenhomefurniture.com,shopify,,US,tranco_ecom,435031,0,active,0,True,0,,,True,,3,0,0
https://indianscrafts.com,indianscrafts.com,woocommerce,,,tranco_ecom,435056,0,active,404,True,0,,,False,,3,0,0
https://jackies-kids.uk,jackies-kids.uk,shopify,,GB,tranco_ecom,435146,0,active,0,True,0,,,True,,3,0,0
https://designermode.com,designermode.com,unknown,,,tranco_ecom,435362,0,active,0,True,0,,,False,,2,0,0
https://swisswatchesforsale.com,swisswatchesforsale.com,woocommerce,,,tranco_ecom,435776,0,active,404,False,0,,,False,,1,0,0
https://oriorcosmetics.com,oriorcosmetics.com,shopify,,PK,tranco_ecom,435865,0,active,0,False,0,,,True,,1,0,0
https://carmoelectronics.fr,carmoelectronics.fr,unknown,,,tranco_ecom,435880,0,active,404,True,0,,,False,,2,0,0
https://belchic.shop,belchic.shop,shopify,,JP,tranco_ecom,436419,0,active,0,True,0,,,True,,3,0,0
https://mr-daten-shop.com,mr-daten-shop.com,magento,,,tranco_ecom,436547,0,active,0,True,0,,,False,,3,0,0
https://ecscoffee.com,ecscoffee.com,shopify,,CA,tranco_ecom,436630,0,active,0,True,0,,,True,,4,0,0
https://shopika.ro,shopika.ro,unknown,,,tranco_ecom,437260,0,active,0,True,0,,,False,,2,0,0
https://sportsdirect.be,sportsdirect.be,unknown,,,tranco_ecom,437264,0,active,0,True,0,,,False,,2,0,0
https://foxcigar.com,foxcigar.com,woocommerce,,,tranco_ecom,437384,0,active,404,False,0,,,False,,1,0,0
https://goldempirejewelry.com,goldempirejewelry.com,magento,,,tranco_ecom,437943,0,active,200,True,0,,,False,,3,0,0
https://jawbreakerclothing.com,jawbreakerclothing.com,magento,,,tranco_ecom,438232,0,active,404,True,0,,,False,,3,0,0
https://beautycos.fr,beautycos.fr,magento,,,tranco_ecom,440350,0,active,0,True,0,,,False,,2,0,0
https://usflagsupply.com,usflagsupply.com,unknown,,,tranco_ecom,440450,0,active,404,True,0,,,False,,3,0,0
https://eg-wholesale.co.uk,eg-wholesale.co.uk,woocommerce,,,tranco_ecom,442536,0,active,404,True,0,,,False,,2,0,0
https://saamcosmetics.com,saamcosmetics.com,unknown,,,tranco_ecom,443238,0,active,200,True,0,,,False,,3,0,0
https://lebhobbies.com,lebhobbies.com,unknown,,,tranco_ecom,443433,579826,active,404,True,0,,,False,,2,0,0
https://australiancomputertraders.com.au,australiancomputertraders.com.au,unknown,,,tranco_ecom,444161,0,active,0,True,0,,,False,paypal,4,0,0
https://heights-store.com,heights-store.com,unknown,,,tranco_ecom,444369,0,active,404,True,0,,,False,,2,0,0
https://gartencenter-shop24.de,gartencenter-shop24.de,unknown,,,tranco_ecom,444946,0,active,0,True,0,,,False,,3,0,0
https://tlfapparel.com,tlfapparel.com,shopify,,,tranco_ecom,445047,0,active,0,False,0,,,True,,1,0,0
https://karls-shop.de,karls-shop.de,unknown,,,tranco_ecom,445103,0,active,0,True,0,,,False,,2,0,0
https://enterwine.com,enterwine.com,magento,,,tranco_ecom,445144,0,active,0,True,0,,,False,,3,0,0
https://online4pharmacy.com,online4pharmacy.com,unknown,,,tranco_ecom,445246,0,active,0,True,0,,,False,,2,0,0
https://lulana.shop,lulana.shop,unknown,,,tranco_ecom,445502,0,active,0,True,0,,,False,,2,0,0
https://cigarsdaily.com,cigarsdaily.com,woocommerce,,,tranco_ecom,445578,0,active,404,False,0,,,False,,1,0,0
https://newtonrunningaustralia.com,newtonrunningaustralia.com,unknown,,,tranco_ecom,445994,0,active,404,True,0,,,False,,6,0,0
https://shopappliances.com,shopappliances.com,shopify,,,tranco_ecom,446392,0,active,404,True,0,,,True,,2,0,0
https://marlowpaintsupplies.co.uk,marlowpaintsupplies.co.uk,magento,,,tranco_ecom,446733,0,active,404,True,0,,,False,klarna,4,0,0
https://dwz-shop.de,dwz-shop.de,unknown,,,tranco_ecom,447525,0,active,0,True,0,,,False,,2,0,0
https://grainwoodfurniture.com,grainwoodfurniture.com,shopify,,US,tranco_ecom,448547,0,active,0,True,0,,,True,,2,0,0
https://brandexponents.com,brandexponents.com,woocommerce,,,tranco_ecom,448778,258854,active,404,True,0,,,False,,4,0,0
https://brocktonfurniturema.com,brocktonfurniturema.com,shopify,,US,tranco_ecom,449685,0,active,0,True,0,,,True,,3,0,0
https://uelectronics.com,uelectronics.com,woocommerce,,,tranco_ecom,449739,0,active,404,False,0,,,False,,1,0,0
https://kenwincrafts.com,kenwincrafts.com,woocommerce,,,tranco_ecom,450263,0,active,404,True,0,,,False,,3,0,0
https://dachbleche24-shop.de,dachbleche24-shop.de,shopify,,,tranco_ecom,450365,0,active,404,False,0,,,True,,1,0,0
https://b2cfurniture.com.au,b2cfurniture.com.au,magento,,,tranco_ecom,450938,742751,active,0,True,0,,,False,,3,0,0
https://slvlightingdirect.com,slvlightingdirect.com,shopify,,GB,tranco_ecom,452378,0,active,0,True,0,,,True,,3,0,0
https://ljfurniture.com.au,ljfurniture.com.au,shopify,,AU,tranco_ecom,452431,0,active,0,True,0,,,True,,3,0,0
https://wizardcoinsupply.com,wizardcoinsupply.com,bigcommerce,,,tranco_ecom,452599,0,active,0,False,0,,,False,,1,0,0
https://rajivelectronics.com,rajivelectronics.com,unknown,,,tranco_ecom,452813,0,active,0,False,0,,,False,razorpay,1,0,0
https://computervillage.com.bd,computervillage.com.bd,opencart,,,tranco_ecom,453047,717128,active,404,True,0,,,False,,2,0,0
https://globalbrand.com.bd,globalbrand.com.bd,opencart,,,tranco_ecom,453305,714391,active,0,True,0,,,False,,2,0,0
https://fashionpo.com,fashionpo.com,unknown,,,tranco_ecom,453933,0,active,404,True,0,,,False,,2,0,0
https://gesundentgiften.com,gesundentgiften.com,unknown,,,tranco_ecom,455370,0,active,0,True,0,,,False,,2,0,0
https://eurocarparts.com.ua,eurocarparts.com.ua,unknown,,,tranco_ecom,455377,0,active,404,True,0,,,False,,2,0,0
https://steals.com,steals.com,shopify,,US,tranco_ecom,455538,0,active,0,True,0,,,True,,2,0,0
https://coffeemanga.net,coffeemanga.net,woocommerce,,,tranco_ecom,455574,0,active,0,False,0,,,False,,1,0,0
https://dailydoll.shop,dailydoll.shop,woocommerce,,,tranco_ecom,455673,0,active,0,True,0,,,False,,3,0,0
https://boilerparts.ru,boilerparts.ru,opencart,,,tranco_ecom,455752,0,active,0,False,0,,,False,,1,0,0
https://no-coffee.de,no-coffee.de,woocommerce,,,tranco_ecom,455847,0,active,0,False,0,,,False,,1,0,0
https://toyarena.com,toyarena.com,shopify,,US,tranco_ecom,455914,0,active,0,True,0,,,True,,3,0,0
https://decora.ee,decora.ee,magento,,,tranco_ecom,456066,0,active,0,False,0,,,False,,1,0,0
https://tricoloresports.com,tricoloresports.com,unknown,,,tranco_ecom,456087,0,active,0,True,0,,,False,,2,0,0
https://customweather.com,customweather.com,woocommerce,,,tranco_ecom,457084,0,active,404,False,0,,,False,stripe,1,0,0
https://kidsbookstoreindia.com,kidsbookstoreindia.com,woocommerce,,,tranco_ecom,457751,0,active,404,True,0,,,False,,4,0,0
https://gearedtoyou.com,gearedtoyou.com,unknown,,,tranco_ecom,458763,0,active,404,True,0,,,False,,2,0,0
https://netgames.de,netgames.de,unknown,,,tranco_ecom,458835,0,active,404,True,0,,,False,,2,0,0
https://gardenmart24.com,gardenmart24.com,unknown,,,tranco_ecom,458994,0,active,0,True,0,,,False,,3,0,0
https://carteblanchehobbies.com,carteblanchehobbies.com,unknown,,,tranco_ecom,459344,0,active,404,True,0,,,False,,3,0,0
https://cigarcountry.com,cigarcountry.com,woocommerce,,,tranco_ecom,460816,0,active,404,True,0,,,False,,3,0,0
https://chiefrivernursery.com,chiefrivernursery.com,magento,,,tranco_ecom,460830,0,active,404,True,0,,,False,,2,0,0
https://radwelt-shop.de,radwelt-shop.de,unknown,,,tranco_ecom,460894,0,active,404,True,0,,,False,,2,0,0
https://thornhillfurniture.com,thornhillfurniture.com,shopify,,US,tranco_ecom,461229,0,active,0,True,0,,,True,,3,0,0
https://michiganmotorsports.com,michiganmotorsports.com,bigcommerce,,,tranco_ecom,461696,0,active,404,True,0,,,False,,5,0,0
https://retailrebel.com,retailrebel.com,magento,,,tranco_ecom,462138,0,active,404,True,0,,,False,,2,0,0
https://certezaestore.com,certezaestore.com,woocommerce,,,tranco_ecom,462386,0,active,404,True,0,,,False,,2,0,0
https://terra-vape.com.ua,terra-vape.com.ua,opencart,,,tranco_ecom,462519,587546,active,404,False,0,,,False,,1,0,0
https://homeimprovementsupply.com,homeimprovementsupply.com,unknown,,,tranco_ecom,463467,0,active,0,True,0,,,False,,4,0,0
https://kikocosmetics.gr,kikocosmetics.gr,magento,,,tranco_ecom,463536,0,active,404,True,0,,,False,klarna,4,0,0
https://gertrudehawkchocolates.com,gertrudehawkchocolates.com,magento,,,tranco_ecom,463663,868140,active,404,True,0,,,False,,3,0,0
https://dirtydieselcustom.ca,dirtydieselcustom.ca,shopify,,CA,tranco_ecom,463697,0,active,0,True,0,,,True,,2,0,0
https://game4u.co.za,game4u.co.za,woocommerce,,,tranco_ecom,463942,0,active,0,True,0,,,False,,2,0,0
https://edenperfumes.co.za,edenperfumes.co.za,shopify,,ZA,tranco_ecom,464218,0,active,0,True,0,,,True,shopify_payments,3,0,0
https://wearnala.com,wearnala.com,shopify,,AU,tranco_ecom,464541,0,active,0,False,0,,,False,shopify_payments,1,0,0
https://crowdgames.ru,crowdgames.ru,unknown,,,tranco_ecom,464600,0,active,404,True,0,,,False,,3,0,0
https://thesneakerone.com,thesneakerone.com,shopify,,ES,tranco_ecom,464813,0,active,0,True,0,,,True,shopify_payments,3,0,0
https://ibeautymachine.com,ibeautymachine.com,magento,,,tranco_ecom,465162,0,active,404,True,0,,,False,,2,0,0
https://herbano.com,herbano.com,magento,,,tranco_ecom,465549,735397,active,404,True,0,,,False,,3,0,0
https://babykindwelt.de,babykindwelt.de,shopify,,DE,tranco_ecom,466021,0,active,0,True,0,,,True,,2,0,0
https://forzasports.com,forzasports.com,shopify,,US,tranco_ecom,466265,0,active,0,True,0,,,True,shopify_payments,3,0,0
https://smithtoolsupply.com,smithtoolsupply.com,unknown,,,tranco_ecom,466531,0,active,0,True,0,,,False,,2,0,0
https://bathroomspareparts.co.uk,bathroomspareparts.co.uk,unknown,,,tranco_ecom,466630,0,active,0,True,0,,,False,,3,0,0
https://fitnesstukku.fi,fitnesstukku.fi,unknown,,,tranco_ecom,466780,0,active,0,True,0,,,False,,2,0,0
https://nawarpharmacy.com,nawarpharmacy.com,woocommerce,,,tranco_ecom,467454,0,active,0,True,0,,,False,,3,0,0
https://bradleysmoker.com,bradleysmoker.com,shopify,,US,tranco_ecom,467760,342859,active,0,False,0,,,True,,1,0,0
https://shoplibido.com.br,shoplibido.com.br,unknown,,,tranco_ecom,468117,0,active,0,True,0,,,False,,2,0,0
https://brandonhirestation.com,brandonhirestation.com,unknown,,,tranco_ecom,468439,449382,active,0,True,0,,,False,,2,0,0
https://pharmascalabis.com,pharmascalabis.com,woocommerce,,,tranco_ecom,468546,0,active,404,True,0,,,False,,3,0,0
https://homefitnesscode.com,homefitnesscode.com,shopify,,GB,tranco_ecom,468607,0,active,0,True,0,,,True,afterpay,2,0,0
https://countrybrookcrafts.com,countrybrookcrafts.com,magento,,,tranco_ecom,468611,0,active,0,True,0,,,False,,3,0,0
https://fluidics-equipment.com,fluidics-equipment.com,magento,,,tranco_ecom,469137,0,active,0,True,0,,,False,,3,0,0
https://magcreativefootwear.com,magcreativefootwear.com,magento,,,tranco_ecom,469350,0,active,0,True,0,,,False,,3,0,0
https://daytonaudio.com,daytonaudio.com,unknown,,,tranco_ecom,469919,352113,active,404,True,0,,,False,,3,0,0
https://1320motorsports.com.au,1320motorsports.com.au,shopify,,AU,tranco_ecom,470243,0,active,0,True,0,,,True,,3,0,0
https://nexstarsolutions.shop,nexstarsolutions.shop,woocommerce,,,tranco_ecom,471183,0,active,404,True,0,,,False,,2,0,0
https://winemag.ro,winemag.ro,unknown,,,tranco_ecom,471294,0,active,0,True,0,,,False,,3,0,0
https://shopwithabc.com,shopwithabc.com,unknown,,,tranco_ecom,472024,0,active,404,True,0,,,False,,2,0,0
https://gardennursery.net,gardennursery.net,woocommerce,,,tranco_ecom,472283,0,active,200,True,0,,,False,,3,0,0
https://outcast-clothing.com,outcast-clothing.com,shopify,,AU,tranco_ecom,472582,0,active,0,True,0,,,True,,3,0,0
https://camweara.com,camweara.com,woocommerce,,,tranco_ecom,472625,0,active,404,False,0,,,False,,1,0,0
https://teamrwb.org,teamrwb.org,magento,,,tranco_ecom,473319,178785,active,404,True,0,,,False,,2,0,0
https://neureiter-shop.at,neureiter-shop.at,magento,,,tranco_ecom,473336,0,active,404,True,0,,,False,,2,0,0
https://williamsfoodequipment.com,williamsfoodequipment.com,bigcommerce,,,tranco_ecom,473566,0,active,404,True,0,,,False,,3,0,0
https://agrigardengroup.com,agrigardengroup.com,shopify,,IT,tranco_ecom,473625,0,active,503,True,0,,,True,,3,0,0
https://eliteautoauctions.com,eliteautoauctions.com,unknown,,,tranco_ecom,473635,0,active,404,True,0,,,False,,2,0,0
https://shopeinsteinsattic.com,shopeinsteinsattic.com,shopify,,US,tranco_ecom,473791,0,active,0,True,0,,,True,,3,0,0
https://cosmossport.cy,cosmossport.cy,prestashop,,,tranco_ecom,473893,0,active,0,False,0,,,False,,1,0,0
https://beinghumanclothing.com,beinghumanclothing.com,shopify,,IN,tranco_ecom,474047,0,active,0,True,0,,,True,,3,0,0
https://jcdecor.com.br,jcdecor.com.br,magento,,,tranco_ecom,474211,0,active,0,True,0,,,False,,3,0,0
https://hunterboots.co.uk,hunterboots.co.uk,shopify,,GB,tranco_ecom,474404,0,active,0,True,0,,,True,,4,0,0
https://bossaudio.com,bossaudio.com,shopify,,US,tranco_ecom,474641,274499,active,0,False,0,,,True,,1,0,0
https://thecouchpotatofurniture.com,thecouchpotatofurniture.com,shopify,,US,tranco_ecom,474647,0,active,0,True,0,,,True,,2,0,0
https://imperialfurniturelasvegas.com,imperialfurniturelasvegas.com,shopify,,US,tranco_ecom,474865,0,active,0,True,0,,,True,,2,0,0
https://viavaishoes.com,viavaishoes.com,shopify,,NL,tranco_ecom,474938,0,active,0,True,0,,,True,,4,0,0
https://humbyorganics.com,humbyorganics.com,shopify,,US,tranco_ecom,475113,0,active,0,True,0,,,True,shopify_payments,4,0,0
https://ukgamesexpo.co.uk,ukgamesexpo.co.uk,unknown,,,tranco_ecom,476198,350145,active,404,True,0,,,False,,2,0,0
https://aqua-store.fr,aqua-store.fr,prestashop,,,tranco_ecom,479061,0,active,404,True,0,,,False,,2,0,0
https://babymee.com.br,babymee.com.br,woocommerce,,,tranco_ecom,479123,0,active,404,False,0,,,False,,1,0,0
https://beauty-systema.com,beauty-systema.com,woocommerce,,,tranco_ecom,479153,0,active,404,True,0,,,False,,2,0,0
https://beautybooth.com.bd,beautybooth.com.bd,unknown,,,tranco_ecom,479154,0,active,404,True,0,,,False,,2,0,0
https://beautyjulia.com,beautyjulia.com,prestashop,,,tranco_ecom,479155,0,active,200,True,0,,,False,,2,0,0
https://beautymall.ma,beautymall.ma,woocommerce,,,tranco_ecom,479156,0,active,404,True,0,,,False,,4,0,0
https://brasilcosmeticos.pt,brasilcosmeticos.pt,woocommerce,,,tranco_ecom,479213,0,active,404,True,0,,,False,,2,0,0
https://buzzcateringsupplies.com,buzzcateringsupplies.com,magento,,,tranco_ecom,479238,0,active,0,True,0,,,False,,2,0,0
https://care-outlet.com,care-outlet.com,unknown,,,tranco_ecom,479261,0,active,404,True,0,,,False,,3,0,0
https://clothingexporter.com,clothingexporter.com,unknown,,,tranco_ecom,479317,0,active,404,True,0,,,False,,2,0,0
https://completeaquatics.co.uk,completeaquatics.co.uk,magento,,,tranco_ecom,479339,0,active,404,True,0,,,False,stripe|klarna,2,0,0
https://eshops.hk,eshops.hk,unknown,,,tranco_ecom,479516,0,active,404,True,0,,,False,,2,0,0
https://euroskateshop.es,euroskateshop.es,magento,,,tranco_ecom,479526,0,active,404,True,0,,,False,,4,0,0
https://euroskateshop.fr,euroskateshop.fr,magento,,,tranco_ecom,479527,0,active,404,True,0,,,False,,4,0,0
https://gardenhirespares.co.uk,gardenhirespares.co.uk,magento,,,tranco_ecom,479650,0,active,404,True,0,,,False,,2,0,0
https://grupogeard.com,grupogeard.com,woocommerce,,,tranco_ecom,479704,0,active,404,True,0,,,False,,2,0,0
https://lsport.com.br,lsport.com.br,unknown,,,tranco_ecom,480008,0,active,404,True,0,,,False,,3,0,0
https://makerselectronics.com,makerselectronics.com,woocommerce,,,tranco_ecom,480030,0,active,404,True,0,,,False,,3,0,0
https://oil-stores.gr,oil-stores.gr,opencart,,,tranco_ecom,480261,0,active,404,True,0,,,False,,3,0,0
https://skiwebshop.es,skiwebshop.es,magento,,,tranco_ecom,480590,0,active,404,True,0,,,False,,2,0,0
https://skiwebshop.pl,skiwebshop.pl,magento,,,tranco_ecom,480591,0,active,404,True,0,,,False,,2,0,0
https://sneakerbaker.com,sneakerbaker.com,woocommerce,,,tranco_ecom,480608,0,active,404,False,0,,,False,,1,0,0
https://sportano.bg,sportano.bg,magento,,,tranco_ecom,480630,0,active,404,True,0,,,False,,3,0,0
https://sportano.it,sportano.it,magento,,,tranco_ecom,480631,0,active,404,True,0,,,False,,3,0,0
https://sportano.lt,sportano.lt,magento,,,tranco_ecom,480632,0,active,404,True,0,,,False,,3,0,0
https://sportsdirect.es,sportsdirect.es,unknown,,,tranco_ecom,480634,0,active,404,True,0,,,False,,2,0,0
https://sportsdirect.pt,sportsdirect.pt,unknown,,,tranco_ecom,480635,0,active,404,True,0,,,False,,2,0,0
https://super-shop.ua,super-shop.ua,unknown,,,tranco_ecom,480653,0,active,404,True,0,,,False,,2,0,0
https://umakecosmetics.gr,umakecosmetics.gr,woocommerce,,,tranco_ecom,480807,0,active,404,True,0,,,False,,4,0,0
https://unicpharma.com.br,unicpharma.com.br,unknown,,,tranco_ecom,480809,0,active,0,True,0,,,False,,3,0,0
https://newbeautybox.ru,newbeautybox.ru,unknown,,,tranco_ecom,481518,0,active,0,True,0,,,False,,2,0,0
https://outbacktoys.com,outbacktoys.com,shopify,,US,tranco_ecom,481519,0,active,0,False,0,,,False,,1,0,0
https://storelights.de,storelights.de,magento,,,tranco_ecom,481721,0,active,0,True,0,,,False,,3,0,0
https://meivashoes.com,meivashoes.com,magento,,,tranco_ecom,481862,0,active,404,True,0,,,False,,2,0,0
https://smcrystalwholesale.com,smcrystalwholesale.com,shopify,,US,tranco_ecom,482377,0,active,0,True,0,,,True,,4,0,0
https://allwatchmarket.com,allwatchmarket.com,unknown,,,tranco_ecom,483531,0,active,404,True,0,,,False,,2,0,0
https://99bookstores.com,99bookstores.com,shopify,,IN,tranco_ecom,484322,0,active,0,True,0,,,True,shopify_payments,4,0,0
https://alpinewearshop.com,alpinewearshop.com,shopify,,BR,tranco_ecom,484407,0,active,0,True,0,,,True,,3,0,0
https://beoneshopone.com,beoneshopone.com,shopify,,PK,tranco_ecom,484551,0,active,0,True,0,,,True,,3,0,0
https://cliomakeupshop.com,cliomakeupshop.com,shopify,,IT,tranco_ecom,484721,0,active,0,True,0,,,True,,4,0,0
https://homesco.store,homesco.store,shopify,,IN,tranco_ecom,485235,0,active,0,True,0,,,True,shopify_payments,4,0,0
https://homeydeal.shop,homeydeal.shop,shopify,,IN,tranco_ecom,485236,0,active,0,True,0,,,True,shopify_payments,4,0,0
https://nacshealthwellness.org,nacshealthwellness.org,shopify,,ID,tranco_ecom,485777,0,active,0,True,0,,,True,,2,0,0
https://outletescolar.com.br,outletescolar.com.br,woocommerce,,,tranco_ecom,485870,0,active,404,False,0,,,False,,1,0,0
https://phdbeauty.com,phdbeauty.com,shopify,,IN,tranco_ecom,485943,0,active,0,True,0,,,True,,4,0,0
https://starkidsstore.co,starkidsstore.co,shopify,,IN,tranco_ecom,486306,0,active,0,True,0,,,True,,3,0,0
https://worldwatch.news,worldwatch.news,unknown,,,tranco_ecom,487269,0,active,0,True,0,,,False,,2,0,0
https://modeltoycars.com,modeltoycars.com,bigcommerce,,,tranco_ecom,487489,0,active,404,True,0,,,False,,2,0,0
https://craftsfusion.com,craftsfusion.com,woocommerce,,,tranco_ecom,487911,0,active,404,True,0,,,False,,3,0,0
https://ownbosssupplyco.com,ownbosssupplyco.com,shopify,,,tranco_ecom,488238,0,active,404,True,0,,,True,,2,0,0
https://manzetticlothing.com,manzetticlothing.com,woocommerce,,,tranco_ecom,488284,0,active,404,True,0,,,False,,2,0,0
https://webmartial.com,webmartial.com,magento,,,tranco_ecom,488286,0,active,404,True,0,,,False,,3,0,0
https://espaskincare.co.in,espaskincare.co.in,unknown,,,tranco_ecom,488342,0,active,200,True,0,,,False,stripe,4,0,0
https://fieracosmetics.com,fieracosmetics.com,shopify,,US,tranco_ecom,488717,0,active,0,True,0,,,True,,3,0,0
https://kookaburrasport.com.au,kookaburrasport.com.au,unknown,,,tranco_ecom,489911,911110,active,404,True,0,,,False,paypal,2,0,0
https://sportparma.com,sportparma.com,unknown,,,tranco_ecom,489940,0,active,404,True,0,,,False,,2,0,0
https://topten-fashion.com,topten-fashion.com,magento,,,tranco_ecom,489999,0,active,404,True,0,,,False,,3,0,0
https://draculaclothing.com,draculaclothing.com,unknown,,CZ,tranco_ecom,490246,0,active,429,True,0,,,False,,4,0,0
https://sportbuck.com,sportbuck.com,magento,,,tranco_ecom,490324,0,active,404,True,0,,,False,,3,0,0
https://nicolsjewelry.com,nicolsjewelry.com,prestashop,,,tranco_ecom,490683,0,active,404,True,0,,,False,,2,0,0
https://vortexhobbies.com,vortexhobbies.com,unknown,,,tranco_ecom,490926,0,active,404,True,0,,,False,,2,0,0
https://tamarackcomputers.com,tamarackcomputers.com,squarespace,,,tranco_ecom,491117,0,active,404,True,0,,,False,,2,0,0
https://brandfield.fr,brandfield.fr,shopify,,FR,tranco_ecom,491691,0,active,0,True,0,,,True,,2,0,0
https://wertoys.com,wertoys.com,bigcommerce,,,tranco_ecom,491717,0,active,0,True,0,,,False,,2,0,0
https://shopi.rs,shopi.rs,magento,,,tranco_ecom,492257,0,active,404,True,0,,,False,,3,0,0
https://clionadhcosmetics.com,clionadhcosmetics.com,shopify,,CA,tranco_ecom,492870,0,active,0,True,0,,,True,shopify_payments,3,0,0
https://gymkompaniet.se,gymkompaniet.se,magento,,,tranco_ecom,492926,0,active,0,True,0,,,False,,2,0,0
https://photovoltaik-shop.com,photovoltaik-shop.com,magento,,,tranco_ecom,494737,0,active,0,False,0,,,False,,1,0,0
https://coffeemanga.io,coffeemanga.io,woocommerce,,,tranco_ecom,495451,0,active,0,False,0,,,False,,1,0,0
https://stationplazawine.com,stationplazawine.com,unknown,,,tranco_ecom,495607,0,active,404,True,0,,,False,,2,0,0
https://teufelaudio.nl,teufelaudio.nl,unknown,,,tranco_ecom,495658,509112,active,404,True,0,,,False,,2,0,0
https://winex.com,winex.com,magento,,,tranco_ecom,496992,0,active,404,True,0,,,False,,3,0,0
https://fanaticanimestore.com,fanaticanimestore.com,bigcommerce,,,tranco_ecom,497047,0,active,404,True,0,,,False,,2,0,0
https://kiddinx-shop.de,kiddinx-shop.de,magento,,,tranco_ecom,497119,0,active,404,True,0,,,False,,4,0,0
https://luxuryhotelawards.com,luxuryhotelawards.com,woocommerce,,,tranco_ecom,497489,235486,active,200,True,0,,,False,,2,0,0
https://mezeaudio.com,mezeaudio.com,shopify,,US,tranco_ecom,497490,262685,active,429,True,0,,,True,shopify_payments,4,0,0
https://pure-gear.com,pure-gear.com,magento,,,tranco_ecom,497777,842453,active,404,True,0,,,False,,3,0,0
https://shoesforall.com,shoesforall.com,unknown,,,tranco_ecom,498181,0,active,410,True,0,,,False,,3,0,0
https://sageartisan.com,sageartisan.com,unknown,,,tranco_ecom,498594,0,active,200,True,0,,,False,,3,0,0
https://hyundaipowerequipment.co.uk,hyundaipowerequipment.co.uk,shopify,,GB,tranco_ecom,498741,935563,active,429,True,0,,,True,,2,0,0
https://gardencentar.rs,gardencentar.rs,magento,,,tranco_ecom,498977,0,active,404,True,0,,,False,,3,0,0
https://europharma.kz,europharma.kz,unknown,,,tranco_ecom,499648,0,active,404,True,0,,,False,,2,0,0
https://meninashoes.com.br,meninashoes.com.br,unknown,,,tranco_ecom,500163,0,active,200,True,0,,,False,,3,0,0
https://amicamedicalsupply.com,amicamedicalsupply.com,unknown,,,tranco_ecom,500278,0,active,0,True,0,,,False,,2,0,0
https://edicola.shop,edicola.shop,unknown,,,tranco_ecom,500643,0,active,0,True,0,,,False,,2,0,0
https://busse-reitsport.de,busse-reitsport.de,unknown,,,tranco_ecom,500686,0,active,404,True,0,,,False,,2,0,0
https://wanamakids.com,wanamakids.com,magento,,,tranco_ecom,500858,0,active,0,True,0,,,False,,3,0,0
https://horsch-shop.de,horsch-shop.de,unknown,,,tranco_ecom,501050,0,active,0,True,0,,,False,,2,0,0
https://pharmacypoint.gr,pharmacypoint.gr,unknown,,,tranco_ecom,501141,0,active,0,True,0,,,False,,2,0,0
https://setupgame.ma,setupgame.ma,unknown,,,tranco_ecom,501142,0,active,0,True,0,,,False,,2,0,0
https://bulknaturaloils.com,bulknaturaloils.com,magento,,,tranco_ecom,501286,859423,active,0,True,0,,,False,,4,0,0
https://shoe-materials.com,shoe-materials.com,woocommerce,,,tranco_ecom,501436,0,active,0,False,0,,,False,,1,0,0
https://momosports.ca,momosports.ca,magento,,,tranco_ecom,501542,0,active,404,True,0,,,False,,4,0,0
https://sportsdirect.it,sportsdirect.it,unknown,,,tranco_ecom,501583,0,active,404,True,0,,,False,,2,0,0
https://madisonlighting.com,madisonlighting.com,bigcommerce,,,tranco_ecom,502334,0,active,404,True,0,,,False,,3,0,0
https://refreshedgears.com,refreshedgears.com,woocommerce,,,tranco_ecom,502365,0,active,404,True,0,,,False,,2,0,0
https://ourchildrenstrust.org,ourchildrenstrust.org,magento,,,tranco_ecom,502482,143489,active,0,True,0,,,False,,2,0,0
https://gsworkwear.com,gsworkwear.com,shopify,,GB,tranco_ecom,502618,0,active,429,False,0,,,True,,1,0,0
https://altisport.sk,altisport.sk,unknown,,,tranco_ecom,502832,0,active,404,True,0,,,False,,2,0,0
https://furniturepalacekenya.com,furniturepalacekenya.com,woocommerce,,,tranco_ecom,502921,0,active,200,True,0,,,False,klarna,2,0,0
https://gymbeam.bg,gymbeam.bg,unknown,,,tranco_ecom,502937,0,active,404,True,0,,,False,,3,0,0
https://modernautoparts.co.za,modernautoparts.co.za,shopify,,ZA,tranco_ecom,503009,0,active,429,True,0,,,True,,3,0,0
https://mybeautyroutine.it,mybeautyroutine.it,magento,,,tranco_ecom,503016,0,active,0,False,0,,,False,,1,0,0
https://perfumeriasrouge.com,perfumeriasrouge.com,unknown,,,tranco_ecom,503032,0,active,0,True,0,,,False,,3,0,0
https://sportime.com.tr,sportime.com.tr,shopify,,TR,tranco_ecom,503063,0,active,429,True,0,,,True,,5,0,0
https://sportbuffshop.com,sportbuffshop.com,unknown,,,tranco_ecom,503883,0,active,404,True,0,,,False,,3,0,0
https://watchstoreindia.com,watchstoreindia.com,woocommerce,,,tranco_ecom,503900,0,active,200,True,0,,,False,,4,0,0
https://petajanebeauty.com,petajanebeauty.com,shopify,,US,tranco_ecom,504027,0,active,429,True,0,,,True,,2,0,0
https://pembertonwineregion.com.au,pembertonwineregion.com.au,unknown,,,tranco_ecom,505000,128859,active,404,True,0,,,False,,2,0,0
https://suratwholesaleshop.com,suratwholesaleshop.com,unknown,,,tranco_ecom,505174,0,active,200,True,0,,,False,,2,0,0
https://cbdwelt.de,cbdwelt.de,woocommerce,,,tranco_ecom,505537,0,active,404,True,0,,,False,,3,0,0
https://fornarisport.it,fornarisport.it,unknown,,,tranco_ecom,505988,0,active,200,True,0,,,False,,3,0,0
https://sunwestfurniture.com,sunwestfurniture.com,shopify,,US,tranco_ecom,506061,0,active,429,True,0,,,True,,3,0,0
https://aurabeautyclub.com.br,aurabeautyclub.com.br,shopify,,BR,tranco_ecom,506402,0,active,429,True,0,,,True,,3,0,0
https://esprit-padel-shop.com,esprit-padel-shop.com,shopify,,FR,tranco_ecom,506436,0,active,429,True,0,,,True,,3,0,0
https://ifurniture.co.nz,ifurniture.co.nz,unknown,,,tranco_ecom,506453,0,active,404,True,0,,,False,,3,0,0
https://vapexyz.com,vapexyz.com,woocommerce,,,tranco_ecom,506637,0,active,404,True,0,,,False,,2,0,0
https://dudu-shopping.ru,dudu-shopping.ru,unknown,,,tranco_ecom,506737,0,active,200,True,0,,,False,,2,0,0
https://mysport.lv,mysport.lv,magento,,,tranco_ecom,506755,0,active,404,True,0,,,False,,3,0,0
https://multilighting.ca,multilighting.ca,magento,,,tranco_ecom,507344,0,active,404,True,0,,,False,,3,0,0
https://bankbeer24.ru,bankbeer24.ru,woocommerce,,,tranco_ecom,507458,0,active,404,True,0,,,False,,3,0,0
https://coffeemanga.moe,coffeemanga.moe,woocommerce,,,tranco_ecom,507510,0,active,404,False,0,,,False,,1,0,0
https://activeherb.com,activeherb.com,unknown,,,tranco_ecom,507628,871627,active,200,True,0,,,False,,4,0,0
https://tiendaskin.shop,tiendaskin.shop,shopify,,PE,tranco_ecom,507789,0,active,0,True,0,,,True,,5,0,0
https://daniels-shop.de,daniels-shop.de,woocommerce,,,tranco_ecom,507934,0,active,404,False,0,,,False,,1,0,0
https://newfoundlandgrocerystores.ca,newfoundlandgrocerystores.ca,unknown,,,tranco_ecom,507953,0,active,0,True,0,,,False,,2,0,0
https://aviatorgear.com,aviatorgear.com,unknown,,,tranco_ecom,508526,512502,active,404,True,0,,,False,,2,0,0
https://stagescycling.com,stagescycling.com,magento,,,tranco_ecom,508750,311395,active,404,True,0,,,False,,3,0,0
https://skatestore.com,skatestore.com,unknown,,,tranco_ecom,509107,0,active,404,True,0,,,False,,2,0,0
https://brandible.de,brandible.de,unknown,,,tranco_ecom,510348,653150,active,404,True,0,,,False,,3,0,0
https://laptopengine.com,laptopengine.com,woocommerce,,,tranco_ecom,511072,0,active,0,True,0,,,False,,3,0,0
https://radwelt.store,radwelt.store,unknown,,,tranco_ecom,511364,0,active,404,True,0,,,False,,2,0,0
https://quick-garden.co.uk,quick-garden.co.uk,unknown,,,tranco_ecom,511481,702575,active,404,True,0,,,False,,2,0,0
https://vivaperformance.com,vivaperformance.com,bigcommerce,,,tranco_ecom,511727,0,active,0,True,0,,,False,,3,0,0
https://wearecrossfader.co.uk,wearecrossfader.co.uk,unknown,,,tranco_ecom,511826,689540,active,404,True,0,,,False,,2,0,0
https://hollanddesignandgifts.com,hollanddesignandgifts.com,unknown,,,tranco_ecom,512072,0,active,404,True,0,,,False,,3,0,0
https://gifts.ie,gifts.ie,unknown,,,tranco_ecom,512382,0,active,404,True,0,,,False,stripe,3,0,0
https://secretkitchen.dk,secretkitchen.dk,magento,,,tranco_ecom,512439,0,active,200,True,0,,,False,paypal,3,0,0
https://dipelectronicslabshop.in,dipelectronicslabshop.in,woocommerce,,,tranco_ecom,512612,0,active,0,True,0,,,False,,4,0,0
https://nutritionaustralia.org,nutritionaustralia.org,woocommerce,,,tranco_ecom,512640,142997,active,0,False,0,,,False,,1,0,0
https://autosupply.co.za,autosupply.co.za,woocommerce,,,tranco_ecom,513147,0,active,0,True,0,,,False,,2,0,0
https://outletespacociahering.com.br,outletespacociahering.com.br,unknown,,,tranco_ecom,513204,0,active,0,True,0,,,False,,2,0,0
https://umaiclothing.com,umaiclothing.com,shopify,,US,tranco_ecom,513250,0,active,0,True,0,,,True,,3,0,0
https://fragrance-nevaeh.com,fragrance-nevaeh.com,shopify,,US,tranco_ecom,513262,0,active,0,True,0,,,True,,2,0,0
https://spiritsandwine.lv,spiritsandwine.lv,unknown,,,tranco_ecom,515215,838012,active,404,True,0,,,False,,2,0,0
https://spicebar.de,spicebar.de,magento,,,tranco_ecom,515365,0,active,0,True,0,,,False,,2,0,0
https://herbolarionavarro.es,herbolarionavarro.es,magento,,,tranco_ecom,515962,890302,active,404,False,0,,,False,,1,0,0
https://pmcjewellery.com,pmcjewellery.com,shopify,,BM,tranco_ecom,516102,0,active,429,True,0,,,True,,4,0,0
https://mbdesign.shop,mbdesign.shop,unknown,,,tranco_ecom,516334,0,active,0,True,0,,,False,,3,0,0
https://pharma360.fr,pharma360.fr,prestashop,,,tranco_ecom,516637,0,active,404,False,0,,,False,,1,0,0
https://sirengames.at,sirengames.at,unknown,,,tranco_ecom,516666,0,active,0,True,0,,,False,,2,0,0
https://sportvision.sk,sportvision.sk,unknown,,,tranco_ecom,516676,0,active,0,True,0,,,False,,3,0,0
https://thebeautysecrets.com,thebeautysecrets.com,shopify,,SA,tranco_ecom,516681,0,active,429,True,0,,,True,,3,0,0
https://autopartsco.com.au,autopartsco.com.au,unknown,,,tranco_ecom,516733,0,active,404,False,0,,,False,stripe,1,0,0
https://yallsweettea.com,yallsweettea.com,shopify,,US,tranco_ecom,517002,0,active,429,True,0,,,True,shopify_payments,4,0,0
https://sunstarorganics.com,sunstarorganics.com,unknown,,,tranco_ecom,517594,0,active,0,True,0,,,False,,3,0,0
https://fineclothing.com,fineclothing.com,magento,,,tranco_ecom,517899,0,active,0,True,0,,,False,,4,0,0
https://brands1969.com,brands1969.com,woocommerce,,,tranco_ecom,518441,0,active,404,True,0,,,False,,4,0,0
https://huntlabgear.com,huntlabgear.com,woocommerce,,,tranco_ecom,518603,0,active,403,True,0,,,False,,2,0,0
https://maruticrafts.com,maruticrafts.com,woocommerce,,,tranco_ecom,518606,0,active,404,True,0,,,False,,3,0,0
https://store4riders.com,store4riders.com,magento,,,tranco_ecom,518619,0,active,0,True,0,,,False,,4,0,0
https://thepremiumcourse.com,thepremiumcourse.com,woocommerce,,,tranco_ecom,519040,0,active,404,True,0,,,False,,3,0,0
https://pack-store.com,pack-store.com,woocommerce,,,tranco_ecom,519440,0,active,0,True,0,,,False,,3,0,0
https://wolfautoparts.com,wolfautoparts.com,magento,,,tranco_ecom,519658,0,active,404,True,0,,,False,,2,0,0
https://agcequipment.com.au,agcequipment.com.au,unknown,,,tranco_ecom,520105,0,active,404,False,0,,,False,stripe,1,0,0
https://wholesalemegamart.com,wholesalemegamart.com,woocommerce,,,tranco_ecom,520232,0,active,404,True,0,,,False,,4,0,0
https://conta-shop.de,conta-shop.de,unknown,,,tranco_ecom,520470,0,active,404,True,0,,,False,,3,0,0
https://bazooka-shop.org,bazooka-shop.org,opencart,,,tranco_ecom,520540,679452,active,404,False,0,,,False,,1,0,0
https://skylarkbookshop.com,skylarkbookshop.com,squarespace,,,tranco_ecom,520640,0,active,404,True,0,,,False,,2,0,0
https://customlanyard.net,customlanyard.net,unknown,,,tranco_ecom,520905,0,active,404,True,0,,,False,,2,0,0
https://thetoytrove.com,thetoytrove.com,unknown,,,tranco_ecom,521647,0,active,404,True,0,,,False,,3,0,0
https://martexplore.com,martexplore.com,shopify,,,tranco_ecom,522095,0,active,404,True,0,,,False,,2,0,0
https://sportsavenue.co.uk,sportsavenue.co.uk,magento,,,tranco_ecom,522317,0,active,404,True,0,,,False,,2,0,0
https://genericperfumes.com,genericperfumes.com,opencart,,,tranco_ecom,522877,500725,active,0,True,0,,,False,,2,0,0
https://beautyboxjo.com,beautyboxjo.com,shopify,,JO,tranco_ecom,523569,0,active,429,True,0,,,True,,3,0,0
https://sportsmanfulfillment.com,sportsmanfulfillment.com,bigcommerce,,,tranco_ecom,523653,0,active,0,False,0,,,False,,1,0,0
https://commercialwalldecor.com,commercialwalldecor.com,unknown,,,tranco_ecom,523985,0,active,0,True,0,,,False,,2,0,0
https://artoftea.ru,artoftea.ru,opencart,,,tranco_ecom,524656,0,active,0,False,0,,,False,,1,0,0
https://moorer.clothing,moorer.clothing,unknown,,,tranco_ecom,525795,0,active,0,True,0,,,False,paypal,3,0,0
https://worldofwondertoys.ie,worldofwondertoys.ie,woocommerce,,,tranco_ecom,526978,0,active,404,True,0,,,False,,3,0,0
https://everydayweldingsupplies.com,everydayweldingsupplies.com,opencart,,,tranco_ecom,527124,0,active,404,False,0,,,False,,1,0,0
https://onefashionroom.ro,onefashionroom.ro,unknown,,,tranco_ecom,527152,0,active,404,True,0,,,False,,2,0,0
https://24-bedding.com,24-bedding.com,unknown,,,tranco_ecom,527610,0,active,0,True,0,,,False,,2,0,0
https://ebeddingsets.com,ebeddingsets.com,woocommerce,,,tranco_ecom,528162,0,active,404,True,0,,,False,,3,0,0
https://sevengardens.com.sa,sevengardens.com.sa,unknown,,,tranco_ecom,528180,0,active,404,True,0,,,False,,2,0,0
https://furniturebox.co.uk,furniturebox.co.uk,bigcommerce,,,tranco_ecom,528462,789125,active,404,True,0,,,False,paypal,2,0,0
https://colourindiacrafts.com,colourindiacrafts.com,woocommerce,,,tranco_ecom,529462,0,active,404,True,0,,,False,,3,0,0
https://martolvan.is,martolvan.is,magento,,,tranco_ecom,530151,0,active,404,True,0,,,False,,2,0,0
https://storeapps.org,storeapps.org,woocommerce,,,tranco_ecom,530738,120232,active,404,False,0,,,False,stripe,1,0,0
https://probikeshop.it,probikeshop.it,shopify,,IT,tranco_ecom,530937,0,active,429,True,0,,,True,,2,0,0
https://sportfits.eu,sportfits.eu,unknown,,,tranco_ecom,531000,0,active,404,True,0,,,False,,2,0,0
https://ferivisport.hr,ferivisport.hr,magento,,,tranco_ecom,531028,0,active,404,True,0,,,False,,2,0,0
https://dantesports.com,dantesports.com,woocommerce,,,tranco_ecom,531292,0,active,404,True,0,,,False,,2,0,0
https://perfumersapprentice.com,perfumersapprentice.com,unknown,,,tranco_ecom,531355,656739,active,404,True,0,,,False,,3,0,0
https://vintagewholesalespain.com,vintagewholesalespain.com,shopify,,ES,tranco_ecom,531695,0,active,429,True,0,,,True,shopify_payments,3,0,0
https://skincarebd.com,skincarebd.com,woocommerce,,,tranco_ecom,531800,0,active,0,True,0,,,False,,2,0,0
https://cleanersupply.ca,cleanersupply.ca,unknown,,,tranco_ecom,531845,0,active,0,True,0,,,False,,2,0,0
https://topfashionaround.com,topfashionaround.com,unknown,,,tranco_ecom,532473,0,active,404,True,0,,,False,,2,0,0
https://bellacoastaldecor.com,bellacoastaldecor.com,bigcommerce,,,tranco_ecom,532547,0,active,404,True,0,,,False,,3,0,0
https://jet-set-store.de,jet-set-store.de,unknown,,,tranco_ecom,533067,0,active,0,True,0,,,False,,2,0,0
https://sportsdepot.com,sportsdepot.com,unknown,,,tranco_ecom,533422,0,active,0,True,0,,,False,,2,0,0
https://cfsbrands.com,cfsbrands.com,bigcommerce,,,tranco_ecom,533479,908081,active,200,False,0,,,False,,1,0,0
https://the-body-shop.hu,the-body-shop.hu,magento,,,tranco_ecom,534006,0,active,200,True,0,,,False,,2,0,0
https://mjus-shop.com,mjus-shop.com,magento,,,tranco_ecom,534041,0,active,0,True,0,,,False,,4,0,0
https://sports-ws.com,sports-ws.com,unknown,,,tranco_ecom,534261,0,active,404,True,0,,,False,,2,0,0
https://globalwellnesssummit.com,globalwellnesssummit.com,woocommerce,,,tranco_ecom,534564,190157,active,404,True,0,,,False,,2,0,0
https://ninja-vapes.co.uk,ninja-vapes.co.uk,unknown,,,tranco_ecom,534782,630431,active,404,True,0,,,False,,2,0,0
https://bid-on-equipment.com,bid-on-equipment.com,unknown,,,tranco_ecom,535213,506447,active,404,True,0,,,False,,2,0,0
https://ayoubcomputers.com,ayoubcomputers.com,bigcommerce,,,tranco_ecom,535341,0,active,404,False,0,,,False,,1,0,0
https://calaiswine.co.uk,calaiswine.co.uk,magento,,,tranco_ecom,535384,0,active,404,True,0,,,False,,3,0,0
https://watchesforless.ae,watchesforless.ae,woocommerce,,,tranco_ecom,536026,0,active,404,True,0,,,False,,2,0,0
https://happyfamilyorganics.com,happyfamilyorganics.com,unknown,,,tranco_ecom,536636,349058,active,404,True,0,,,False,,2,0,0
https://revolutiongear.com,revolutiongear.com,bigcommerce,,,tranco_ecom,536849,0,active,404,True,0,,,False,,5,0,0
https://odekolon-shop.ru,odekolon-shop.ru,opencart,,,tranco_ecom,537094,0,active,404,True,0,,,False,,3,0,0
https://luxurytime.in,luxurytime.in,woocommerce,,,tranco_ecom,537186,160013,active,404,False,0,,,False,,1,0,0
https://australianphone.com.au,australianphone.com.au,opencart,,,tranco_ecom,537635,0,active,404,False,0,,,False,,1,0,0
https://altersmoke.gr,altersmoke.gr,woocommerce,,,tranco_ecom,538143,0,active,404,True,0,,,False,,4,0,0
https://monkeysportseurope.com,monkeysportseurope.com,magento,,,tranco_ecom,538223,0,active,404,True,0,,,False,,2,0,0
https://caiacosmetics.se,caiacosmetics.se,unknown,,,tranco_ecom,538341,0,active,404,True,0,,,False,,2,0,0
https://shopandpaylater.com,shopandpaylater.com,unknown,,,tranco_ecom,538711,0,active,404,True,0,,,False,,2,0,0
https://sugarfreeshops.com,sugarfreeshops.com,magento,,,tranco_ecom,539168,0,active,404,True,0,,,False,klarna,2,0,0
https://brandmode.co.uk,brandmode.co.uk,unknown,,,tranco_ecom,539344,0,active,200,False,0,,,False,stripe,1,0,0
https://lumineorganics.com,lumineorganics.com,shopify,,US,tranco_ecom,539938,0,active,429,True,0,,,True,shopify_payments,4,0,0
https://cityperfume.com.au,cityperfume.com.au,unknown,,,tranco_ecom,539984,835028,active,0,True,0,,,False,stripe,4,0,0
https://bluebreezestore.com,bluebreezestore.com,woocommerce,,,tranco_ecom,540877,0,active,404,False,0,,,False,,1,0,0
https://autoshopee.com,autoshopee.com,unknown,,,tranco_ecom,541682,0,active,200,True,0,,,False,,2,0,0
https://bbbsports.com,bbbsports.com,unknown,,,tranco_ecom,541717,0,active,0,True,0,,,False,,2,0,0
https://hifiaudio.com.ua,hifiaudio.com.ua,opencart,,,tranco_ecom,542486,0,active,0,True,0,,,False,,2,0,0
https://hvidevarer-factory-outlet.dk,hvidevarer-factory-outlet.dk,unknown,,,tranco_ecom,542535,0,active,0,True,0,,,False,,2,0,0
https://milkymotorsports.com,milkymotorsports.com,shopify,,US,tranco_ecom,543006,0,active,429,True,0,,,True,,4,0,0
https://motorsport.se,motorsport.se,magento,,,tranco_ecom,543057,0,active,404,True,0,,,False,,2,0,0
https://proswimwear.com,proswimwear.com,magento,,,tranco_ecom,543403,0,active,0,False,0,,,False,paypal|adyen,1,0,0
https://shop42.org,shop42.org,bigcommerce,,,tranco_ecom,543627,0,active,404,False,0,,,False,,1,0,0
https://team-outdoors.eu,team-outdoors.eu,opencart,,,tranco_ecom,543833,0,active,404,True,0,,,False,,2,0,0
https://serengetifashions.com,serengetifashions.com,unknown,,,tranco_ecom,544969,0,active,200,True,0,,,False,paypal,3,0,0
https://amp-motorsport.com,amp-motorsport.com,prestashop,,,tranco_ecom,544994,0,active,404,True,0,,,False,,3,0,0
https://boxpharmacy.gr,boxpharmacy.gr,unknown,,,tranco_ecom,545353,0,active,404,True,0,,,False,,2,0,0
https://parapharmacie.com.cy,parapharmacie.com.cy,unknown,,,tranco_ecom,545497,0,active,404,True,0,,,False,,2,0,0
https://arirunningstore.com,arirunningstore.com,magento,,,tranco_ecom,545504,0,active,404,True,0,,,False,,2,0,0
https://brandedperfume.com,brandedperfume.com,unknown,,,tranco_ecom,545587,0,active,404,True,0,,,False,,3,0,0
https://bsautoaccessories.com,bsautoaccessories.com,woocommerce,,,tranco_ecom,546363,0,active,404,True,0,,,False,,3,0,0
https://cigarterminal.com,cigarterminal.com,unknown,,,tranco_ecom,547298,0,active,404,True,0,,,False,,4,0,0
https://portlandfurnituremattress.com,portlandfurnituremattress.com,shopify,,US,tranco_ecom,547814,0,active,429,True,0,,,True,,3,0,0
https://bathandbodyworks.com.eg,bathandbodyworks.com.eg,unknown,,,tranco_ecom,547993,0,active,404,True,0,,,False,,2,0,0
https://selectfitness.com,selectfitness.com,shopify,,US,tranco_ecom,549636,0,active,429,True,0,,,True,,4,0,0
https://shopsohobloo.com,shopsohobloo.com,shopify,,US,tranco_ecom,549658,0,active,429,True,0,,,True,,3,0,0
https://dpharmacy.gr,dpharmacy.gr,magento,,,tranco_ecom,549743,0,active,0,True,0,,,False,,3,0,0
https://teamswear.be,teamswear.be,unknown,,,tranco_ecom,549757,0,active,404,True,0,,,False,,3,0,0
https://elsasfurniture.com,elsasfurniture.com,shopify,,US,tranco_ecom,550028,0,active,429,True,0,,,True,,2,0,0
https://discountcomputerdepot.com,discountcomputerdepot.com,bigcommerce,,,tranco_ecom,550413,0,active,404,True,0,,,False,,3,0,0
https://healthandbeauty.ro,healthandbeauty.ro,unknown,,,tranco_ecom,551230,0,active,404,True,0,,,False,,4,0,0
https://jsdcoffee.com,jsdcoffee.com,unknown,,,tranco_ecom,551272,0,active,200,True,0,,,False,,3,0,0
https://shopfund.com,shopfund.com,unknown,,,tranco_ecom,551432,0,active,404,False,0,,,False,authorize_net,1,0,0
https://siraatskitchen.com,siraatskitchen.com,shopify,,US,tranco_ecom,551506,0,active,429,True,0,,,True,,2,0,0
https://tuttosport.com.tn,tuttosport.com.tn,prestashop,,,tranco_ecom,551739,0,active,404,False,0,,,False,,1,0,0
https://gatehouse-games.com,gatehouse-games.com,unknown,,,tranco_ecom,552115,0,active,404,True,0,,,False,,2,0,0
https://renusupplies.com,renusupplies.com,bigcommerce,,,tranco_ecom,552556,0,active,404,True,0,,,False,,3,0,0
https://shop-meeresaquaristik.de,shop-meeresaquaristik.de,unknown,,,tranco_ecom,552913,0,active,0,False,0,,,False,klarna,1,0,0
https://simplyspecialcrafts.com,simplyspecialcrafts.com,bigcommerce,,,tranco_ecom,552985,0,active,404,True,0,,,False,,2,0,0
https://unitedhotelsupply.com,unitedhotelsupply.com,woocommerce,,,tranco_ecom,553498,0,active,200,True,0,,,False,,3,0,0
https://caiacosmetics.de,caiacosmetics.de,unknown,,,tranco_ecom,553811,0,active,404,True,0,,,False,,2,0,0
https://babydash.com.my,babydash.com.my,magento,,,tranco_ecom,553905,0,active,404,True,0,,,False,,4,0,0
https://empowerlaptop.com,empowerlaptop.com,woocommerce,,,tranco_ecom,554229,0,active,0,False,0,,,False,,1,0,0
https://farm-equipment.com,farm-equipment.com,unknown,,,tranco_ecom,554650,271044,active,200,True,0,,,False,,2,0,0
https://wirelessphonegallery.com,wirelessphonegallery.com,unknown,,,tranco_ecom,554714,0,active,404,True,0,,,False,,2,0,0
https://esportesdavez.com,esportesdavez.com,woocommerce,,,tranco_ecom,554766,0,active,404,False,0,,,False,,1,0,0
https://brandschutz-zentrale.de,brandschutz-zentrale.de,woocommerce,,,tranco_ecom,555229,0,active,404,True,0,,,False,,2,0,0
https://gamesworldegypt.com,gamesworldegypt.com,opencart,,,tranco_ecom,555270,0,active,404,False,0,,,False,,1,0,0
https://djaksport.ba,djaksport.ba,magento,,,tranco_ecom,555519,0,active,404,True,0,,,False,,2,0,0
https://diywatch.club,diywatch.club,squarespace,,,tranco_ecom,555655,0,active,404,False,0,,,False,,1,0,0
https://ntstiresupply.com,ntstiresupply.com,unknown,,,tranco_ecom,556013,0,active,404,True,0,,,False,,2,0,0
https://imssupply.com,imssupply.com,magento,,,tranco_ecom,556158,0,active,404,True,0,,,False,stripe,4,0,0
https://daltonsfarmtoys.com,daltonsfarmtoys.com,woocommerce,,,tranco_ecom,556196,0,active,404,False,0,,,False,,1,0,0
https://freeshop.it,freeshop.it,magento,,,tranco_ecom,556290,0,active,404,False,0,,,False,,1,0,0
https://dustandcream.gr,dustandcream.gr,magento,,,tranco_ecom,556389,0,active,404,True,0,,,False,,2,0,0
https://mkaudio.hu,mkaudio.hu,woocommerce,,,tranco_ecom,556478,0,active,0,True,0,,,False,,2,0,0
https://motosport.com.ar,motosport.com.ar,woocommerce,,,tranco_ecom,556482,0,active,404,False,0,,,False,,1,0,0
https://organicmandya.com,organicmandya.com,shopify,,IN,tranco_ecom,556499,0,active,429,True,0,,,True,,3,0,0
https://race-shop.ro,race-shop.ro,unknown,,,tranco_ecom,556509,0,active,0,True,0,,,False,,2,0,0
https://royaltoys.com.ua,royaltoys.com.ua,unknown,,,tranco_ecom,556516,0,active,404,True,0,,,False,,2,0,0
https://sportbox.bg,sportbox.bg,unknown,,,tranco_ecom,556529,0,active,404,True,0,,,False,,4,0,0
https://thunderbirdsupply.com,thunderbirdsupply.com,bigcommerce,,,tranco_ecom,556681,0,active,404,True,0,,,False,,2,0,0
https://realsportsproducts.com,realsportsproducts.com,unknown,,,tranco_ecom,556858,0,active,404,True,0,,,False,,2,0,0
https://outlet-piscinas.com,outlet-piscinas.com,unknown,,,tranco_ecom,556935,0,active,404,True,0,,,False,,4,0,0
https://stageshop.hu,stageshop.hu,unknown,,,tranco_ecom,556940,0,active,404,True,0,,,False,,5,0,0
https://dewalt.store,dewalt.store,unknown,,,tranco_ecom,557609,0,active,404,True,0,,,False,,2,0,0
https://supplycrew.com.au,supplycrew.com.au,bigcommerce,,,tranco_ecom,557707,0,active,404,False,0,,,False,,1,0,0
https://shopnovalift.com,shopnovalift.com,shopify,,US,tranco_ecom,557975,0,active,429,True,0,,,True,,4,0,0
https://dropsize.store,dropsize.store,shopify,,DE,tranco_ecom,558374,0,active,0,True,0,,,True,,3,0,0
https://speedsports.pk,speedsports.pk,shopify,,PK,tranco_ecom,558951,0,active,429,True,0,,,True,,4,0,0
https://bestbassgear.com,bestbassgear.com,magento,,,tranco_ecom,559100,669285,active,404,True,0,,,False,,4,0,0
https://chateaugateaux.co.za,chateaugateaux.co.za,woocommerce,,,tranco_ecom,559467,0,active,404,False,0,,,False,,1,0,0
https://superteamwheels.com,superteamwheels.com,shopify,,US,tranco_ecom,559716,0,active,429,True,0,,,True,shopify_payments,3,0,0
https://treasurywineshop.com,treasurywineshop.com,shopify,,US,tranco_ecom,560040,0,active,429,True,0,,,True,,2,0,0
https://welcomebaby.com.tr,welcomebaby.com.tr,shopify,,TR,tranco_ecom,560244,0,active,429,False,0,,,True,,1,0,0
https://vitalitynutrition.com,vitalitynutrition.com,shopify,,US,tranco_ecom,560574,0,active,429,True,0,,,True,,3,0,0
https://oliversbabycare.co.uk,oliversbabycare.co.uk,woocommerce,,,tranco_ecom,560921,499031,active,404,True,0,,,False,paypal,3,0,0
https://newgarden.com.ar,newgarden.com.ar,magento,,,tranco_ecom,561243,0,active,404,True,0,,,False,,2,0,0
https://vapestation.pk,vapestation.pk,woocommerce,,,tranco_ecom,561255,0,active,404,False,0,,,False,,1,0,0
https://tradevanaccessories.co.uk,tradevanaccessories.co.uk,bigcommerce,,,tranco_ecom,561295,0,active,404,True,0,,,False,,3,0,0
https://elare.store,elare.store,shopify,,US,tranco_ecom,562244,0,active,429,True,0,,,True,,3,0,0
https://coffeerista.com,coffeerista.com,unknown,,,tranco_ecom,563251,0,active,404,True,0,,,False,,3,0,0
https://perfumefresh.com,perfumefresh.com,woocommerce,,,tranco_ecom,563914,0,active,200,True,0,,,False,,3,0,0
https://jewelryrevivals.com,jewelryrevivals.com,unknown,,,tranco_ecom,564234,0,active,404,True,0,,,False,,3,0,0
https://iglusport.si,iglusport.si,magento,,,tranco_ecom,564473,0,active,404,True,0,,,False,,5,0,0
https://shopperslighting.com,shopperslighting.com,shopify,,US,tranco_ecom,564686,0,active,429,True,0,,,True,,4,0,0
https://golfkids.co.il,golfkids.co.il,magento,,,tranco_ecom,564788,0,active,404,True,0,,,False,,2,0,0
https://mr-shop.de,mr-shop.de,unknown,,,tranco_ecom,565320,0,active,404,True,0,,,False,,2,0,0
https://fashion-fabric.ru,fashion-fabric.ru,opencart,,,tranco_ecom,565343,0,active,404,False,0,,,False,,1,0,0
https://propetfootwear.com,propetfootwear.com,bigcommerce,,,tranco_ecom,565375,0,active,404,False,0,,,False,,1,0,0
https://wowtea.eu,wowtea.eu,woocommerce,,,tranco_ecom,565477,0,active,404,False,0,,,False,,1,0,0
https://absolutefencinggear.com,absolutefencinggear.com,magento,,,tranco_ecom,565731,981665,active,404,True,0,,,False,,4,0,0
https://sportpirate.com,sportpirate.com,woocommerce,,,tranco_ecom,565893,0,active,404,False,0,,,False,,1,0,0
https://nydancestore.com,nydancestore.com,magento,,,tranco_ecom,566299,0,active,404,True,0,,,False,,3,0,0
https://feestartikelen-shop.nl,feestartikelen-shop.nl,unknown,,,tranco_ecom,566501,0,active,404,True,0,,,False,,2,0,0
https://mayorelectronics.es,mayorelectronics.es,magento,,,tranco_ecom,567207,0,active,404,True,0,,,False,,4,0,0
https://alishaperfumes.cl,alishaperfumes.cl,prestashop,,,tranco_ecom,567865,0,active,404,True,0,,,False,,3,0,0
https://sneakers.com.ua,sneakers.com.ua,opencart,,,tranco_ecom,568116,0,active,404,False,0,,,False,,1,0,0
https://tout-pour-phone.com,tout-pour-phone.com,prestashop,,,tranco_ecom,568144,0,active,404,False,0,,,False,,1,0,0
https://beauty-now.com.ar,beauty-now.com.ar,woocommerce,,,tranco_ecom,568200,0,active,404,True,0,,,False,,2,0,0
https://perfumehousebd.com,perfumehousebd.com,woocommerce,,,tranco_ecom,568357,0,active,404,True,0,,,False,,3,0,0
https://cukrfreeshop.cz,cukrfreeshop.cz,woocommerce,,,tranco_ecom,568437,0,active,404,True,0,,,False,,2,0,0
https://familypharmacy.gr,familypharmacy.gr,unknown,,,tranco_ecom,568449,0,active,0,True,0,,,False,,2,0,0
https://mymart.com.sa,mymart.com.sa,opencart,,,tranco_ecom,568501,0,active,404,True,0,,,False,,2,0,0
