domain,status,platform,has_products,product_count,ecom_signals,has_payment,source
110110.myshopify.com,active_ecommerce,shopify,True,,3,True,github_gist
12345.myshopify.com,active_ecommerce,shopify,True,,3,True,github_gist
123shop.myshopify.com,active_ecommerce,shopify,True,,3,True,github_gist
12stitch.myshopify.com,active_ecommerce,shopify,True,,3,True,github_gist
19fdesign.myshopify.com,active_ecommerce,shopify,True,,3,True,github_gist
3rdi.myshopify.com,active_ecommerce,shopify,True,,3,True,github_gist
3toed.myshopify.com,active_ecommerce,shopify,True,,3,True,github_gist
5squares.myshopify.com,active_ecommerce,shopify,True,,3,True,github_gist
78pixel.myshopify.com,active_ecommerce,shopify,True,,3,True,github_gist
7mtest.myshopify.com,active_ecommerce,shopify,True,,3,True,github_gist
9786946443210b71d7e9.myshopify.com,active_ecommerce,shopify,True,,3,True,github_gist
a8mosaic.myshopify.com,active_ecommerce,shopify,True,,3,True,github_gist
aaaa.myshopify.com,active_ecommerce,shopify,True,,3,True,github_gist
aaaaaaa.myshopify.com,active_ecommerce,shopify,True,,3,True,github_gist
aaaaaaaaa.myshopify.com,active_ecommerce,shopify,True,,3,True,github_gist
aabc.myshopify.com,active_ecommerce,shopify,True,,3,True,github_gist
aajuba.myshopify.com,active_ecommerce,shopify,True,,3,True,github_gist
aalstore.myshopify.com,active_ecommerce,shopify,True,,3,True,github_gist
aamarket.myshopify.com,active_ecommerce,shopify,True,,3,True,github_gist
aaron.myshopify.com,active_ecommerce,shopify,True,,3,True,github_gist
aaronbailey.myshopify.com,active_ecommerce,shopify,True,,3,True,github_gist
abacustree.myshopify.com,active_ecommerce,shopify,True,,3,True,github_gist
aballai.myshopify.com,active_ecommerce,shopify,True,,3,True,github_gist
abc123.myshopify.com,active_ecommerce,shopify,True,,3,True,github_gist
abcd.myshopify.com,active_ecommerce,shopify,True,,3,True,github_gist
abcdef.myshopify.com,active_ecommerce,shopify,True,,3,True,github_gist
abcdefghijklmnopqrstuvwxyzabcdefghijklmnopqrstuvwxyzabcdefghijklmnopqrstuvwxyzabcdefghijklmnopqrstuvwxyzabcdefghijklmnopqrstuvwxyz.myshopify.com,active_ecommerce,shopify,True,,3,True,github_gist
abcinteractive.myshopify.com,active_ecommerce,shopify,True,,3,True,github_gist
abcmart.myshopify.com,active_ecommerce,shopify,True,,3,True,github_gist
abcsgiftshop.myshopify.com,active_ecommerce,shopify,True,,3,True,github_gist
abcsid.myshopify.com,active_ecommerce,shopify,True,,3,True,github_gist
abcxyz.myshopify.com,active_ecommerce,shopify,True,,3,True,github_gist
abdl.myshopify.com,active_ecommerce,shopify,True,,3,True,github_gist
abelardians.myshopify.com,active_ecommerce,shopify,True,,3,True,github_gist
abeyang.myshopify.com,active_ecommerce,shopify,True,,3,True,github_gist
abhays.myshopify.com,active_ecommerce,shopify,True,,3,True,github_gist
abhijit.myshopify.com,active_ecommerce,shopify,True,,3,True,github_gist
abhishekgoyal.myshopify.com,active_ecommerce,shopify,True,,3,True,github_gist
abishop.myshopify.com,active_ecommerce,shopify,True,,3,True,github_gist
ableandbaker.myshopify.com,active_ecommerce,shopify,True,,3,True,github_gist
abmtpromo.myshopify.com,active_ecommerce,shopify,True,,3,True,github_gist
abmtpromos.myshopify.com,active_ecommerce,shopify,True,,3,True,github_gist
abnerdesign.myshopify.com,active_ecommerce,shopify,True,,3,True,github_gist
abooks.myshopify.com,active_ecommerce,shopify,True,,3,True,github_gist
aborym.myshopify.com,active_ecommerce,shopify,True,,3,True,github_gist
aborym2.myshopify.com,active_ecommerce,shopify,True,,3,True,github_gist
aboutjean.myshopify.com,active_ecommerce,shopify,True,,3,True,github_gist
aboutjersey.myshopify.com,active_ecommerce,shopify,True,,3,True,github_gist
aboutlife.myshopify.com,active_ecommerce,shopify,True,,3,True,github_gist
aboutseven.myshopify.com,active_ecommerce,shopify,True,,3,True,github_gist
abraun64.myshopify.com,active_ecommerce,shopify,True,,3,True,github_gist
abteilung.myshopify.com,active_ecommerce,shopify,True,,3,True,github_gist
abubot.myshopify.com,active_ecommerce,shopify,True,,3,True,github_gist
abunai-sai.myshopify.com,active_ecommerce,shopify,True,,3,True,github_gist
acampada.myshopify.com,active_ecommerce,shopify,True,,3,True,github_gist
accessdezine.myshopify.com,active_ecommerce,shopify,True,,3,True,github_gist
accessit.myshopify.com,active_ecommerce,shopify,True,,3,True,github_gist
accrx.myshopify.com,active_ecommerce,shopify,True,,3,True,github_gist
acell.myshopify.com,active_ecommerce,shopify,True,,3,True,github_gist
aceofwebs.myshopify.com,active_ecommerce,shopify,True,,3,True,github_gist
acgolf.myshopify.com,active_ecommerce,shopify,True,,3,True,github_gist
achalhi.myshopify.com,active_ecommerce,shopify,True,,3,True,github_gist
acharmedlifecurio.myshopify.com,active_ecommerce,shopify,True,,3,True,github_gist
achedrick.myshopify.com,active_ecommerce,shopify,True,,3,True,github_gist
acidgloss.myshopify.com,active_ecommerce,shopify,True,,3,True,github_gist
ack-ack.myshopify.com,active_ecommerce,shopify,True,,3,True,github_gist
acme.myshopify.com,active_ecommerce,shopify,True,,3,True,github_gist
acmtech.myshopify.com,active_ecommerce,shopify,True,,3,True,github_gist
acollegetrade.myshopify.com,active_ecommerce,shopify,True,,3,True,github_gist
acores.myshopify.com,active_ecommerce,shopify,True,,3,True,github_gist
acornservice.myshopify.com,active_ecommerce,shopify,True,,3,True,github_gist
actionfigures.myshopify.com,active_ecommerce,shopify,True,,3,True,github_gist
actiongraphics.myshopify.com,active_ecommerce,shopify,True,,3,True,github_gist
activity.myshopify.com,active_ecommerce,shopify,True,,3,True,github_gist
actual-systemz.myshopify.com,active_ecommerce,shopify,True,,3,True,github_gist
actualfoto.myshopify.com,active_ecommerce,shopify,True,,3,True,github_gist
acupuncture.myshopify.com,active_ecommerce,shopify,True,,3,True,github_gist
acura.myshopify.com,active_ecommerce,shopify,True,,3,True,github_gist
acurazine.myshopify.com,active_ecommerce,shopify,True,,3,True,github_gist
acuwings.myshopify.com,active_ecommerce,shopify,True,,3,True,github_gist
adambair.myshopify.com,active_ecommerce,shopify,True,,3,True,github_gist
adame.myshopify.com,active_ecommerce,shopify,True,,3,True,github_gist
adamj.myshopify.com,active_ecommerce,shopify,True,,3,True,github_gist
adamscreative.myshopify.com,active_ecommerce,shopify,True,,3,True,github_gist
adamshop.myshopify.com,active_ecommerce,shopify,True,,3,True,github_gist
adaptive.myshopify.com,active_ecommerce,shopify,True,,3,True,github_gist
adashop.myshopify.com,active_ecommerce,shopify,True,,3,True,github_gist
addie.myshopify.com,active_ecommerce,shopify,True,,3,True,github_gist
addition.myshopify.com,active_ecommerce,shopify,True,,3,True,github_gist
adguide.myshopify.com,active_ecommerce,shopify,True,,3,True,github_gist
admedic.myshopify.com,active_ecommerce,shopify,True,,3,True,github_gist
adnan.myshopify.com,active_ecommerce,shopify,True,,3,True,github_gist
adodson.myshopify.com,active_ecommerce,shopify,True,,3,True,github_gist
adolfs.myshopify.com,active_ecommerce,shopify,True,,3,True,github_gist
adoptarock.myshopify.com,active_ecommerce,shopify,True,,3,True,github_gist
adready.myshopify.com,active_ecommerce,shopify,True,,3,True,github_gist
adrenalinejunkies.myshopify.com,active_ecommerce,shopify,True,,3,True,github_gist
adrock.myshopify.com,active_ecommerce,shopify,True,,3,True,github_gist
adsense.myshopify.com,active_ecommerce,shopify,True,,3,True,github_gist
adulteratedjedi.myshopify.com,active_ecommerce,shopify,True,,3,True,github_gist
adultproducts.myshopify.com,active_ecommerce,shopify,True,,3,True,github_gist
adultshop.myshopify.com,active_ecommerce,shopify,True,,3,True,github_gist
advadv.myshopify.com,active_ecommerce,shopify,True,,3,True,github_gist
advancedskincareandmassages.myshopify.com,active_ecommerce,shopify,True,,3,True,github_gist
advancedskincareansmassages.myshopify.com,active_ecommerce,shopify,True,,3,True,github_gist
advantage.myshopify.com,active_ecommerce,shopify,True,,3,True,github_gist
advantix.myshopify.com,active_ecommerce,shopify,True,,3,True,github_gist
advents.myshopify.com,active_ecommerce,shopify,True,,3,True,github_gist
advertis.myshopify.com,active_ecommerce,shopify,True,,3,True,github_gist
adverto.myshopify.com,active_ecommerce,shopify,True,,3,True,github_gist
advice.myshopify.com,active_ecommerce,shopify,True,,3,True,github_gist
advisor.myshopify.com,active_ecommerce,shopify,True,,3,True,github_gist
adwa.myshopify.com,active_ecommerce,shopify,True,,3,True,github_gist
adwhore.myshopify.com,active_ecommerce,shopify,True,,3,True,github_gist
aelo.myshopify.com,active_ecommerce,shopify,True,,3,True,github_gist
aerovest.myshopify.com,active_ecommerce,shopify,True,,3,True,github_gist
affarefatto.myshopify.com,active_ecommerce,shopify,True,,3,True,github_gist
affuone.myshopify.com,active_ecommerce,shopify,True,,3,True,github_gist
afomi.myshopify.com,active_ecommerce,shopify,True,,3,True,github_gist
africa.myshopify.com,active_ecommerce,shopify,True,,3,True,github_gist
africanarts.myshopify.com,active_ecommerce,shopify,True,,3,True,github_gist
africandream.myshopify.com,active_ecommerce,shopify,True,,3,True,github_gist
africantreasures.myshopify.com,active_ecommerce,shopify,True,,3,True,github_gist
afrishop.myshopify.com,active_ecommerce,shopify,True,,3,True,github_gist
after6ix.myshopify.com,active_ecommerce,shopify,True,,3,True,github_gist
afterdark.myshopify.com,active_ecommerce,shopify,True,,3,True,github_gist
aftermath.myshopify.com,active_ecommerce,shopify,True,,3,True,github_gist
afternoontee.myshopify.com,active_ecommerce,shopify,True,,3,True,github_gist
aftonbladhet.myshopify.com,active_ecommerce,shopify,True,,3,True,github_gist
agape.myshopify.com,active_ecommerce,shopify,True,,3,True,github_gist
agel.myshopify.com,active_ecommerce,shopify,True,,3,True,github_gist
agent.myshopify.com,active_ecommerce,shopify,True,,3,True,github_gist
aggie.myshopify.com,active_ecommerce,shopify,True,,3,True,github_gist
agilewebdevelopment.myshopify.com,active_ecommerce,shopify,True,,3,True,github_gist
aging.myshopify.com,active_ecommerce,shopify,True,,3,True,github_gist
agnitha.myshopify.com,active_ecommerce,shopify,True,,3,True,github_gist
agorassl.myshopify.com,active_ecommerce,shopify,True,,3,True,github_gist
agramas.myshopify.com,active_ecommerce,shopify,True,,3,True,github_gist
agroots.myshopify.com,active_ecommerce,shopify,True,,3,True,github_gist
agustins.myshopify.com,active_ecommerce,shopify,True,,3,True,github_gist
ahappyhusband.myshopify.com,active_ecommerce,shopify,True,,3,True,github_gist
ahara.myshopify.com,active_ecommerce,shopify,True,,3,True,github_gist
aharis.myshopify.com,active_ecommerce,shopify,True,,3,True,github_gist
ahart.myshopify.com,active_ecommerce,shopify,True,,3,True,github_gist
ahsodes.myshopify.com,active_ecommerce,shopify,True,,3,True,github_gist
ai-nation.myshopify.com,active_ecommerce,shopify,True,,3,True,github_gist
aidmatrix.myshopify.com,active_ecommerce,shopify,True,,3,True,github_gist
aikadesign.myshopify.com,active_ecommerce,shopify,True,,3,True,github_gist
aimhigh.myshopify.com,active_ecommerce,shopify,True,,3,True,github_gist
aimhigherjets.myshopify.com,active_ecommerce,shopify,True,,3,True,github_gist
aimlow.myshopify.com,active_ecommerce,shopify,True,,3,True,github_gist
aionas.myshopify.com,active_ecommerce,shopify,True,,3,True,github_gist
airbagsystems.myshopify.com,active_ecommerce,shopify,True,,3,True,github_gist
airbrush.myshopify.com,active_ecommerce,shopify,True,,3,True,github_gist
airdrive.myshopify.com,active_ecommerce,shopify,True,,3,True,github_gist
airefarewatchdog.myshopify.com,active_ecommerce,shopify,True,,3,True,github_gist
airfarewatchdog.myshopify.com,active_ecommerce,shopify,True,,3,True,github_gist
airforceone.myshopify.com,active_ecommerce,shopify,True,,3,True,github_gist
airsoft.myshopify.com,active_ecommerce,shopify,True,,3,True,github_gist
airsoftsupplies.myshopify.com,active_ecommerce,shopify,True,,3,True,github_gist
airsoftworld.myshopify.com,active_ecommerce,shopify,True,,3,True,github_gist
airwave.myshopify.com,active_ecommerce,shopify,True,,3,True,github_gist
aiwen.myshopify.com,active_ecommerce,shopify,True,,3,True,github_gist
aizhe.myshopify.com,active_ecommerce,shopify,True,,3,True,github_gist
ajax.myshopify.com,active_ecommerce,shopify,True,,3,True,github_gist
ajbijoux.myshopify.com,active_ecommerce,shopify,True,,3,True,github_gist
aji-hajime.myshopify.com,active_ecommerce,shopify,True,,3,True,github_gist
ajimaging.myshopify.com,active_ecommerce,shopify,True,,3,True,github_gist
akash.myshopify.com,active_ecommerce,shopify,True,,3,True,github_gist
akbik.myshopify.com,active_ecommerce,shopify,True,,3,True,github_gist
akcesoria.myshopify.com,active_ecommerce,shopify,True,,3,True,github_gist
akeihorse.myshopify.com,active_ecommerce,shopify,True,,3,True,github_gist
akidskorner.myshopify.com,active_ecommerce,shopify,True,,3,True,github_gist
akop38.myshopify.com,active_ecommerce,shopify,True,,3,True,github_gist
akvarijum.myshopify.com,active_ecommerce,shopify,True,,3,True,github_gist
alabangeagles.myshopify.com,active_ecommerce,shopify,True,,3,True,github_gist
alabaster.myshopify.com,active_ecommerce,shopify,True,,3,True,github_gist
alan.myshopify.com,active_ecommerce,shopify,True,,3,True,github_gist
alanaine.myshopify.com,active_ecommerce,shopify,True,,3,True,github_gist
alanastardust.myshopify.com,active_ecommerce,shopify,True,,3,True,github_gist
alanbernard.myshopify.com,active_ecommerce,shopify,True,,3,True,github_gist
alancfrancis.myshopify.com,active_ecommerce,shopify,True,,3,True,github_gist
alanshop.myshopify.com,active_ecommerce,shopify,True,,3,True,github_gist
albertisio.myshopify.com,active_ecommerce,shopify,True,,3,True,github_gist
album.myshopify.com,active_ecommerce,shopify,True,,3,True,github_gist
albuquerque.myshopify.com,active_ecommerce,shopify,True,,3,True,github_gist
alclothing.myshopify.com,active_ecommerce,shopify,True,,3,True,github_gist
alcohol.myshopify.com,active_ecommerce,shopify,True,,3,True,github_gist
alcuin.myshopify.com,active_ecommerce,shopify,True,,3,True,github_gist
alderia.myshopify.com,active_ecommerce,shopify,True,,3,True,github_gist
aldin.myshopify.com,active_ecommerce,shopify,True,,3,True,github_gist
aldosoft.myshopify.com,active_ecommerce,shopify,True,,3,True,github_gist
alectec.myshopify.com,active_ecommerce,shopify,True,,3,True,github_gist
alejandrasjewelry.myshopify.com,active_ecommerce,shopify,True,,3,True,github_gist
alesic.myshopify.com,active_ecommerce,shopify,True,,3,True,github_gist
alessandra.myshopify.com,active_ecommerce,shopify,True,,3,True,github_gist
alex.myshopify.com,active_ecommerce,shopify,True,,3,True,github_gist
alex77.myshopify.com,active_ecommerce,shopify,True,,3,True,github_gist
alexander.myshopify.com,active_ecommerce,shopify,True,,3,True,github_gist
alexatrading.myshopify.com,active_ecommerce,shopify,True,,3,True,github_gist
alexburr.myshopify.com,active_ecommerce,shopify,True,,3,True,github_gist
alexd.myshopify.com,active_ecommerce,shopify,True,,3,True,github_gist
alexisamien.myshopify.com,active_ecommerce,shopify,True,,3,True,github_gist
alexmari.myshopify.com,active_ecommerce,shopify,True,,3,True,github_gist
alexvasilescu.myshopify.com,active_ecommerce,shopify,True,,3,True,github_gist
alexvpetrov.myshopify.com,active_ecommerce,shopify,True,,3,True,github_gist
alexwphoto.myshopify.com,active_ecommerce,shopify,True,,3,True,github_gist
aleyda.myshopify.com,active_ecommerce,shopify,True,,3,True,github_gist
algorythm.myshopify.com,active_ecommerce,shopify,True,,3,True,github_gist
alhambra.myshopify.com,active_ecommerce,shopify,True,,3,True,github_gist
alibaba.myshopify.com,active_ecommerce,shopify,True,,3,True,github_gist
alicejewellery.myshopify.com,active_ecommerce,shopify,True,,3,True,github_gist
alicepalace.myshopify.com,active_ecommerce,shopify,True,,3,True,github_gist
alien.myshopify.com,active_ecommerce,shopify,True,,3,True,github_gist
alink.myshopify.com,active_ecommerce,shopify,True,,3,True,github_gist
alison.myshopify.com,active_ecommerce,shopify,True,,3,True,github_gist
alisonisbizzare.myshopify.com,active_ecommerce,shopify,True,,3,True,github_gist
alit.myshopify.com,active_ecommerce,shopify,True,,3,True,github_gist
alittleofwhatyoufancy.myshopify.com,active_ecommerce,shopify,True,,3,True,github_gist
alittlevintage.myshopify.com,active_ecommerce,shopify,True,,3,True,github_gist
aliwen.myshopify.com,active_ecommerce,shopify,True,,3,True,github_gist
aljezursurf.myshopify.com,active_ecommerce,shopify,True,,3,True,github_gist
alkalol.myshopify.com,active_ecommerce,shopify,True,,3,True,github_gist
alky.myshopify.com,active_ecommerce,shopify,True,,3,True,github_gist
allaboutmetee.myshopify.com,active_ecommerce,shopify,True,,3,True,github_gist
allamericantack.myshopify.com,active_ecommerce,shopify,True,,3,True,github_gist
allard.myshopify.com,active_ecommerce,shopify,True,,3,True,github_gist
allaroundsports.myshopify.com,active_ecommerce,shopify,True,,3,True,github_gist
allcanadiansearch.myshopify.com,active_ecommerce,shopify,True,,3,True,github_gist
allcollection.myshopify.com,active_ecommerce,shopify,True,,3,True,github_gist
allelectronics.myshopify.com,active_ecommerce,shopify,True,,3,True,github_gist
allison.myshopify.com,active_ecommerce,shopify,True,,3,True,github_gist
allmetalmagic.myshopify.com,active_ecommerce,shopify,True,,3,True,github_gist
allnetmedia.myshopify.com,active_ecommerce,shopify,True,,3,True,github_gist
allnurses.myshopify.com,active_ecommerce,shopify,True,,3,True,github_gist
allride.myshopify.com,active_ecommerce,shopify,True,,3,True,github_gist
alltechsi.myshopify.com,active_ecommerce,shopify,True,,3,True,github_gist
allthingsgreat.myshopify.com,active_ecommerce,shopify,True,,3,True,github_gist
allthingsred.myshopify.com,active_ecommerce,shopify,True,,3,True,github_gist
allure.myshopify.com,active_ecommerce,shopify,True,,3,True,github_gist
allwin.myshopify.com,active_ecommerce,shopify,True,,3,True,github_gist
almostcool.myshopify.com,active_ecommerce,shopify,True,,3,True,github_gist
almscollection.myshopify.com,active_ecommerce,shopify,True,,3,True,github_gist
aloe.myshopify.com,active_ecommerce,shopify,True,,3,True,github_gist
alogia.myshopify.com,active_ecommerce,shopify,True,,3,True,github_gist
alohawoodtikis.myshopify.com,active_ecommerce,shopify,True,,3,True,github_gist
alovak.myshopify.com,active_ecommerce,shopify,True,,3,True,github_gist
aloylenno.myshopify.com,active_ecommerce,shopify,True,,3,True,github_gist
alpesh.myshopify.com,active_ecommerce,shopify,True,,3,True,github_gist
alpfaben.myshopify.com,active_ecommerce,shopify,True,,3,True,github_gist
alpha.myshopify.com,active_ecommerce,shopify,True,,3,True,github_gist
alpstudio.myshopify.com,active_ecommerce,shopify,True,,3,True,github_gist
alqui-ocio.myshopify.com,active_ecommerce,shopify,True,,3,True,github_gist
alsiestees.myshopify.com,active_ecommerce,shopify,True,,3,True,github_gist
altenativemedicine.myshopify.com,active_ecommerce,shopify,True,,3,True,github_gist
altern.myshopify.com,active_ecommerce,shopify,True,,3,True,github_gist
alternatives.myshopify.com,active_ecommerce,shopify,True,,3,True,github_gist
alternativevending.myshopify.com,active_ecommerce,shopify,True,,3,True,github_gist
altitudetea.myshopify.com,active_ecommerce,shopify,True,,3,True,github_gist
alvarezgomez.myshopify.com,active_ecommerce,shopify,True,,3,True,github_gist
alvin.myshopify.com,active_ecommerce,shopify,True,,3,True,github_gist
alwin.myshopify.com,active_ecommerce,shopify,True,,3,True,github_gist
alynn.myshopify.com,active_ecommerce,shopify,True,,3,True,github_gist
alysia.myshopify.com,active_ecommerce,shopify,True,,3,True,github_gist
amadou.myshopify.com,active_ecommerce,shopify,True,,3,True,github_gist
amalfishirts.myshopify.com,active_ecommerce,shopify,True,,3,True,github_gist
amandatest.myshopify.com,active_ecommerce,shopify,True,,3,True,github_gist
amani.myshopify.com,active_ecommerce,shopify,True,,3,True,github_gist
amarachocolates.myshopify.com,active_ecommerce,shopify,True,,3,True,github_gist
amazin.myshopify.com,active_ecommerce,shopify,True,,3,True,github_gist
amazing.myshopify.com,active_ecommerce,shopify,True,,3,True,github_gist
amazo.myshopify.com,active_ecommerce,shopify,True,,3,True,github_gist
amazona.myshopify.com,active_ecommerce,shopify,True,,3,True,github_gist
amazonarthur.myshopify.com,active_ecommerce,shopify,True,,3,True,github_gist
amazonas.myshopify.com,active_ecommerce,shopify,True,,3,True,github_gist
amazone.myshopify.com,active_ecommerce,shopify,True,,3,True,github_gist
amazonia.myshopify.com,active_ecommerce,shopify,True,,3,True,github_gist
amazons.myshopify.com,active_ecommerce,shopify,True,,3,True,github_gist
amazons1.myshopify.com,active_ecommerce,shopify,True,,3,True,github_gist
amazora.myshopify.com,active_ecommerce,shopify,True,,3,True,github_gist
ambatchdotcom-seocontest.myshopify.com,active_ecommerce,shopify,True,,3,True,github_gist
ambatchdotcom.myshopify.com,active_ecommerce,shopify,True,,3,True,github_gist
ambatchdotcomseocontest.myshopify.com,active_ecommerce,shopify,True,,3,True,github_gist
amber.myshopify.com,active_ecommerce,shopify,True,,3,True,github_gist
ambiencebyali.myshopify.com,active_ecommerce,shopify,True,,3,True,github_gist
ambient.myshopify.com,active_ecommerce,shopify,True,,3,True,github_gist
ambientlight.myshopify.com,active_ecommerce,shopify,True,,3,True,github_gist
ambiond.myshopify.com,active_ecommerce,shopify,True,,3,True,github_gist
ambitear.myshopify.com,active_ecommerce,shopify,True,,3,True,github_gist
amdiscount.myshopify.com,active_ecommerce,shopify,True,,3,True,github_gist
ame4r.myshopify.com,active_ecommerce,shopify,True,,3,True,github_gist
amech.myshopify.com,active_ecommerce,shopify,True,,3,True,github_gist
amen.myshopify.com,active_ecommerce,shopify,True,,3,True,github_gist
americannomads.myshopify.com,active_ecommerce,shopify,True,,3,True,github_gist
amerishoppingmall.myshopify.com,active_ecommerce,shopify,True,,3,True,github_gist
amerview.myshopify.com,active_ecommerce,shopify,True,,3,True,github_gist
amielstest.myshopify.com,active_ecommerce,shopify,True,,3,True,github_gist
amiko.myshopify.com,active_ecommerce,shopify,True,,3,True,github_gist
amine.myshopify.com,active_ecommerce,shopify,True,,3,True,github_gist
amino.myshopify.com,active_ecommerce,shopify,True,,3,True,github_gist
amishprints.myshopify.com,active_ecommerce,shopify,True,,3,True,github_gist
amjoe.myshopify.com,active_ecommerce,shopify,True,,3,True,github_gist
amleto.myshopify.com,active_ecommerce,shopify,True,,3,True,github_gist
amovia.myshopify.com,active_ecommerce,shopify,True,,3,True,github_gist
ampede.myshopify.com,active_ecommerce,shopify,True,,3,True,github_gist
amplificoband.myshopify.com,active_ecommerce,shopify,True,,3,True,github_gist
amps.myshopify.com,active_ecommerce,shopify,True,,3,True,github_gist
amusd.myshopify.com,active_ecommerce,shopify,True,,3,True,github_gist
amybrecker.myshopify.com,active_ecommerce,shopify,True,,3,True,github_gist
anada.myshopify.com,active_ecommerce,shopify,True,,3,True,github_gist
anaispi.myshopify.com,active_ecommerce,shopify,True,,3,True,github_gist
analogue.myshopify.com,active_ecommerce,shopify,True,,3,True,github_gist
anand.myshopify.com,active_ecommerce,shopify,True,,3,True,github_gist
ananda.myshopify.com,active_ecommerce,shopify,True,,3,True,github_gist
anandartin.myshopify.com,active_ecommerce,shopify,True,,3,True,github_gist
anconia.myshopify.com,active_ecommerce,shopify,True,,3,True,github_gist
andbreakfast.myshopify.com,active_ecommerce,shopify,True,,3,True,github_gist
andersons.myshopify.com,active_ecommerce,shopify,True,,3,True,github_gist
andies.myshopify.com,active_ecommerce,shopify,True,,3,True,github_gist
andolini.myshopify.com,active_ecommerce,shopify,True,,3,True,github_gist
andr3s.myshopify.com,active_ecommerce,shopify,True,,3,True,github_gist
andreak.myshopify.com,active_ecommerce,shopify,True,,3,True,github_gist
andreas1.myshopify.com,active_ecommerce,shopify,True,,3,True,github_gist
andrei.myshopify.com,active_ecommerce,shopify,True,,3,True,github_gist
andreiw.myshopify.com,active_ecommerce,shopify,True,,3,True,github_gist
andreleite.myshopify.com,active_ecommerce,shopify,True,,3,True,github_gist
andrew.myshopify.com,active_ecommerce,shopify,True,,3,True,github_gist
andrews.myshopify.com,active_ecommerce,shopify,True,,3,True,github_gist
andy.myshopify.com,active_ecommerce,shopify,True,,3,True,github_gist
andyblackwell.myshopify.com,active_ecommerce,shopify,True,,3,True,github_gist
andylim.myshopify.com,active_ecommerce,shopify,True,,3,True,github_gist
andylwl.myshopify.com,active_ecommerce,shopify,True,,3,True,github_gist
andylwl2.myshopify.com,active_ecommerce,shopify,True,,3,True,github_gist
andyrosen.myshopify.com,active_ecommerce,shopify,True,,3,True,github_gist
andyrsc.myshopify.com,active_ecommerce,shopify,True,,3,True,github_gist
andyswinkeltje.myshopify.com,active_ecommerce,shopify,True,,3,True,github_gist
angantyr.myshopify.com,active_ecommerce,shopify,True,,3,True,github_gist
angelike.myshopify.com,active_ecommerce,shopify,True,,3,True,github_gist
angels.myshopify.com,active_ecommerce,shopify,True,,3,True,github_gist
angga.myshopify.com,active_ecommerce,shopify,True,,3,True,github_gist
anglbb.myshopify.com,active_ecommerce,shopify,True,,3,True,github_gist
anibal.myshopify.com,active_ecommerce,shopify,True,,3,True,github_gist
aniemancrochet.myshopify.com,active_ecommerce,shopify,True,,3,True,github_gist
anil.myshopify.com,active_ecommerce,shopify,True,,3,True,github_gist
animaladvantage.myshopify.com,active_ecommerce,shopify,True,,3,True,github_gist
animalji.myshopify.com,active_ecommerce,shopify,True,,3,True,github_gist
animals.myshopify.com,active_ecommerce,shopify,True,,3,True,github_gist
animation.myshopify.com,active_ecommerce,shopify,True,,3,True,github_gist
anime.myshopify.com,active_ecommerce,shopify,True,,3,True,github_gist
animoshop.myshopify.com,active_ecommerce,shopify,True,,3,True,github_gist
animulperformance.myshopify.com,active_ecommerce,shopify,True,,3,True,github_gist
aninvitingplace.myshopify.com,active_ecommerce,shopify,True,,3,True,github_gist
anitalouise.myshopify.com,active_ecommerce,shopify,True,,3,True,github_gist
ankaboot.myshopify.com,active_ecommerce,shopify,True,,3,True,github_gist
anklebiters.myshopify.com,active_ecommerce,shopify,True,,3,True,github_gist
annag.myshopify.com,active_ecommerce,shopify,True,,3,True,github_gist
annas.myshopify.com,active_ecommerce,shopify,True,,3,True,github_gist
annasdecor.myshopify.com,active_ecommerce,shopify,True,,3,True,github_gist
annasjewels.myshopify.com,active_ecommerce,shopify,True,,3,True,github_gist
annemiekshop.myshopify.com,active_ecommerce,shopify,True,,3,True,github_gist
annesocd.myshopify.com,active_ecommerce,shopify,True,,3,True,github_gist
anomaly.myshopify.com,active_ecommerce,shopify,True,,3,True,github_gist
anon.myshopify.com,active_ecommerce,shopify,True,,3,True,github_gist
anothertestshop.myshopify.com,active_ecommerce,shopify,True,,3,True,github_gist
anoukizoo.myshopify.com,active_ecommerce,shopify,True,,3,True,github_gist
anrob.myshopify.com,active_ecommerce,shopify,True,,3,True,github_gist
ansonmills.myshopify.com,active_ecommerce,shopify,True,,3,True,github_gist
antastic.myshopify.com,active_ecommerce,shopify,True,,3,True,github_gist
anthony32.myshopify.com,active_ecommerce,shopify,True,,3,True,github_gist
antiaa.myshopify.com,active_ecommerce,shopify,True,,3,True,github_gist
antiantiquario.myshopify.com,active_ecommerce,shopify,True,,3,True,github_gist
antiquarian-book-cellar.myshopify.com,active_ecommerce,shopify,True,,3,True,github_gist
antiquechoice.myshopify.com,active_ecommerce,shopify,True,,3,True,github_gist
antiquus.myshopify.com,active_ecommerce,shopify,True,,3,True,github_gist
antiscalingmagnet.myshopify.com,active_ecommerce,shopify,True,,3,True,github_gist
antistatik.myshopify.com,active_ecommerce,shopify,True,,3,True,github_gist
antithese.myshopify.com,active_ecommerce,shopify,True,,3,True,github_gist
antones.myshopify.com,active_ecommerce,shopify,True,,3,True,github_gist
antoniarobinson.myshopify.com,active_ecommerce,shopify,True,,3,True,github_gist
antonio.myshopify.com,active_ecommerce,shopify,True,,3,True,github_gist
antonios.myshopify.com,active_ecommerce,shopify,True,,3,True,github_gist
ants.myshopify.com,active_ecommerce,shopify,True,,3,True,github_gist
anyname.myshopify.com,active_ecommerce,shopify,True,,3,True,github_gist
anything.myshopify.com,active_ecommerce,shopify,True,,3,True,github_gist
anythinggreen.myshopify.com,active_ecommerce,shopify,True,,3,True,github_gist
anythingless.myshopify.com,active_ecommerce,shopify,True,,3,True,github_gist
aoao.myshopify.com,active_ecommerce,shopify,True,,3,True,github_gist
aow1.myshopify.com,active_ecommerce,shopify,True,,3,True,github_gist
apatheticcompany.myshopify.com,active_ecommerce,shopify,True,,3,True,github_gist
apedog.myshopify.com,active_ecommerce,shopify,True,,3,True,github_gist
apedogood.myshopify.com,active_ecommerce,shopify,True,,3,True,github_gist
aperfectmemory.myshopify.com,active_ecommerce,shopify,True,,3,True,github_gist
apeworks.myshopify.com,active_ecommerce,shopify,True,,3,True,github_gist
apex.myshopify.com,active_ecommerce,shopify,True,,3,True,github_gist
apher.myshopify.com,active_ecommerce,shopify,True,,3,True,github_gist
apicnic.myshopify.com,active_ecommerce,shopify,True,,3,True,github_gist
apiona.myshopify.com,active_ecommerce,shopify,True,,3,True,github_gist
apirak.myshopify.com,active_ecommerce,shopify,True,,3,True,github_gist
aplimax.myshopify.com,active_ecommerce,shopify,True,,3,True,github_gist
aplimg.myshopify.com,active_ecommerce,shopify,True,,3,True,github_gist
apnabazaar.myshopify.com,active_ecommerce,shopify,True,,3,True,github_gist
apparel.myshopify.com,active_ecommerce,shopify,True,,3,True,github_gist
apparelbunny.myshopify.com,active_ecommerce,shopify,True,,3,True,github_gist
apparels.myshopify.com,active_ecommerce,shopify,True,,3,True,github_gist
appc.myshopify.com,active_ecommerce,shopify,True,,3,True,github_gist
appl.myshopify.com,active_ecommerce,shopify,True,,3,True,github_gist
apple.myshopify.com,active_ecommerce,shopify,True,,3,True,github_gist
appleberry.myshopify.com,active_ecommerce,shopify,True,,3,True,github_gist
applecan.myshopify.com,active_ecommerce,shopify,True,,3,True,github_gist
applecomputers.myshopify.com,active_ecommerce,shopify,True,,3,True,github_gist
aprendeforex.myshopify.com,active_ecommerce,shopify,True,,3,True,github_gist
apronsallaround.myshopify.com,active_ecommerce,shopify,True,,3,True,github_gist
apscart.myshopify.com,active_ecommerce,shopify,True,,3,True,github_gist
apt5.myshopify.com,active_ecommerce,shopify,True,,3,True,github_gist
apteka.myshopify.com,active_ecommerce,shopify,True,,3,True,github_gist
aqmore.myshopify.com,active_ecommerce,shopify,True,,3,True,github_gist
aqua.myshopify.com,active_ecommerce,shopify,True,,3,True,github_gist
aquashop.myshopify.com,active_ecommerce,shopify,True,,3,True,github_gist
aquashoppers.myshopify.com,active_ecommerce,shopify,True,,3,True,github_gist
aquaticcacti.myshopify.com,active_ecommerce,shopify,True,,3,True,github_gist
aquilax.myshopify.com,active_ecommerce,shopify,True,,3,True,github_gist
arab.myshopify.com,active_ecommerce,shopify,True,,3,True,github_gist
arabgear.myshopify.com,active_ecommerce,shopify,True,,3,True,github_gist
arabsecret.myshopify.com,active_ecommerce,shopify,True,,3,True,github_gist
aravinda.myshopify.com,active_ecommerce,shopify,True,,3,True,github_gist
arbaminimband.myshopify.com,active_ecommerce,shopify,True,,3,True,github_gist
arbonne.myshopify.com,active_ecommerce,shopify,True,,3,True,github_gist
arbonnebhm.myshopify.com,active_ecommerce,shopify,True,,3,True,github_gist
archi.myshopify.com,active_ecommerce,shopify,True,,3,True,github_gist
archigol.myshopify.com,active_ecommerce,shopify,True,,3,True,github_gist
archillis.myshopify.com,active_ecommerce,shopify,True,,3,True,github_gist
archiphile.myshopify.com,active_ecommerce,shopify,True,,3,True,github_gist
architect.myshopify.com,active_ecommerce,shopify,True,,3,True,github_gist
architecture.myshopify.com,active_ecommerce,shopify,True,,3,True,github_gist
arclight3.myshopify.com,active_ecommerce,shopify,True,,3,True,github_gist
arcshop.myshopify.com,active_ecommerce,shopify,True,,3,True,github_gist
ardas.myshopify.com,active_ecommerce,shopify,True,,3,True,github_gist
ardeche.myshopify.com,active_ecommerce,shopify,True,,3,True,github_gist
ardenfurniture.myshopify.com,active_ecommerce,shopify,True,,3,True,github_gist
ardensgarden.myshopify.com,active_ecommerce,shopify,True,,3,True,github_gist
areaeleven.myshopify.com,active_ecommerce,shopify,True,,3,True,github_gist
arete.myshopify.com,active_ecommerce,shopify,True,,3,True,github_gist
argamedia.myshopify.com,active_ecommerce,shopify,True,,3,True,github_gist
argyrosgalicia.myshopify.com,active_ecommerce,shopify,True,,3,True,github_gist
arhaty.myshopify.com,active_ecommerce,shopify,True,,3,True,github_gist
ari-yan.myshopify.com,active_ecommerce,shopify,True,,3,True,github_gist
ariakeya.myshopify.com,active_ecommerce,shopify,True,,3,True,github_gist
arieacastelo.myshopify.com,active_ecommerce,shopify,True,,3,True,github_gist
ariekeren.myshopify.com,active_ecommerce,shopify,True,,3,True,github_gist
aris.myshopify.com,active_ecommerce,shopify,True,,3,True,github_gist
aris2.myshopify.com,active_ecommerce,shopify,True,,3,True,github_gist
arisaigrestaurant.myshopify.com,active_ecommerce,shopify,True,,3,True,github_gist
arizonaminer.myshopify.com,active_ecommerce,shopify,True,,3,True,github_gist
arkimatika.myshopify.com,active_ecommerce,shopify,True,,3,True,github_gist
arkology.myshopify.com,active_ecommerce,shopify,True,,3,True,github_gist
arleta.myshopify.com,active_ecommerce,shopify,True,,3,True,github_gist
arma.myshopify.com,active_ecommerce,shopify,True,,3,True,github_gist
armafutura.myshopify.com,active_ecommerce,shopify,True,,3,True,github_gist
armorous.myshopify.com,active_ecommerce,shopify,True,,3,True,github_gist
arnab.myshopify.com,active_ecommerce,shopify,True,,3,True,github_gist
arno.myshopify.com,active_ecommerce,shopify,True,,3,True,github_gist
arockrecords.myshopify.com,active_ecommerce,shopify,True,,3,True,github_gist
aroma.myshopify.com,active_ecommerce,shopify,True,,3,True,github_gist
aronoff.myshopify.com,active_ecommerce,shopify,True,,3,True,github_gist
aroundtek.myshopify.com,active_ecommerce,shopify,True,,3,True,github_gist
arret530.myshopify.com,active_ecommerce,shopify,True,,3,True,github_gist
arrr.myshopify.com,active_ecommerce,shopify,True,,3,True,github_gist
art-addict.myshopify.com,active_ecommerce,shopify,True,,3,True,github_gist
art4u.myshopify.com,active_ecommerce,shopify,True,,3,True,github_gist
artbooksforsale.myshopify.com,active_ecommerce,shopify,True,,3,True,github_gist
artbynatasha.myshopify.com,active_ecommerce,shopify,True,,3,True,github_gist
artcotton.myshopify.com,active_ecommerce,shopify,True,,3,True,github_gist
arte3d.myshopify.com,active_ecommerce,shopify,True,,3,True,github_gist
artecasero.myshopify.com,active_ecommerce,shopify,True,,3,True,github_gist
artecuero.myshopify.com,active_ecommerce,shopify,True,,3,True,github_gist
artekaos.myshopify.com,active_ecommerce,shopify,True,,3,True,github_gist
artexhoian.myshopify.com,active_ecommerce,shopify,True,,3,True,github_gist
artgenius.myshopify.com,active_ecommerce,shopify,True,,3,True,github_gist
arthouse.myshopify.com,active_ecommerce,shopify,True,,3,True,github_gist
arthritis.myshopify.com,active_ecommerce,shopify,True,,3,True,github_gist
arthurgeek.myshopify.com,active_ecommerce,shopify,True,,3,True,github_gist
artician.myshopify.com,active_ecommerce,shopify,True,,3,True,github_gist
artifacting.myshopify.com,active_ecommerce,shopify,True,,3,True,github_gist
artikraft.myshopify.com,active_ecommerce,shopify,True,,3,True,github_gist
artisan.myshopify.com,active_ecommerce,shopify,True,,3,True,github_gist
artisanfood.myshopify.com,active_ecommerce,shopify,True,,3,True,github_gist
artisantechnologies.myshopify.com,active_ecommerce,shopify,True,,3,True,github_gist
artistas.myshopify.com,active_ecommerce,shopify,True,,3,True,github_gist
artistorm.myshopify.com,active_ecommerce,shopify,True,,3,True,github_gist
artists.myshopify.com,active_ecommerce,shopify,True,,3,True,github_gist
artiswork.myshopify.com,active_ecommerce,shopify,True,,3,True,github_gist
artofwriting.myshopify.com,active_ecommerce,shopify,True,,3,True,github_gist
artondemand.myshopify.com,active_ecommerce,shopify,True,,3,True,github_gist
artontheside.myshopify.com,active_ecommerce,shopify,True,,3,True,github_gist
artpro1000.myshopify.com,active_ecommerce,shopify,True,,3,True,github_gist
arts.myshopify.com,active_ecommerce,shopify,True,,3,True,github_gist
artshop.myshopify.com,active_ecommerce,shopify,True,,3,True,github_gist
artthang.myshopify.com,active_ecommerce,shopify,True,,3,True,github_gist
arttoys.myshopify.com,active_ecommerce,shopify,True,,3,True,github_gist
artworks.myshopify.com,active_ecommerce,shopify,True,,3,True,github_gist
artworx.myshopify.com,active_ecommerce,shopify,True,,3,True,github_gist
arty.myshopify.com,active_ecommerce,shopify,True,,3,True,github_gist
artycorner.myshopify.com,active_ecommerce,shopify,True,,3,True,github_gist
arunkarthick.myshopify.com,active_ecommerce,shopify,True,,3,True,github_gist
aryan.myshopify.com,active_ecommerce,shopify,True,,3,True,github_gist
aryanbabu.myshopify.com,active_ecommerce,shopify,True,,3,True,github_gist
asas.myshopify.com,active_ecommerce,shopify,True,,3,True,github_gist
asdasdasdasd.myshopify.com,active_ecommerce,shopify,True,,3,True,github_gist
asdepique.myshopify.com,active_ecommerce,shopify,True,,3,True,github_gist
asdf.myshopify.com,active_ecommerce,shopify,True,,3,True,github_gist
asdfasdf.myshopify.com,active_ecommerce,shopify,True,,3,True,github_gist
asdfasdfasdfas.myshopify.com,active_ecommerce,shopify,True,,3,True,github_gist
asdfg.myshopify.com,active_ecommerce,shopify,True,,3,True,github_gist
asetrad.myshopify.com,active_ecommerce,shopify,True,,3,True,github_gist
ashish.myshopify.com,active_ecommerce,shopify,True,,3,True,github_gist
ashlar247.myshopify.com,active_ecommerce,shopify,True,,3,True,github_gist
asia.myshopify.com,active_ecommerce,shopify,True,,3,True,github_gist
asiacity.myshopify.com,active_ecommerce,shopify,True,,3,True,github_gist
asian.myshopify.com,active_ecommerce,shopify,True,,3,True,github_gist
asianhawaiianart.myshopify.com,active_ecommerce,shopify,True,,3,True,github_gist
asianhawaiianarts.myshopify.com,active_ecommerce,shopify,True,,3,True,github_gist
asianstore.myshopify.com,active_ecommerce,shopify,True,,3,True,github_gist
asifr.myshopify.com,active_ecommerce,shopify,True,,3,True,github_gist
asimenia.myshopify.com,active_ecommerce,shopify,True,,3,True,github_gist
asimov.myshopify.com,active_ecommerce,shopify,True,,3,True,github_gist
asimtl.myshopify.com,active_ecommerce,shopify,True,,3,True,github_gist
asmarfa.myshopify.com,active_ecommerce,shopify,True,,3,True,github_gist
asparagirl.myshopify.com,active_ecommerce,shopify,True,,3,True,github_gist
aspirin.myshopify.com,active_ecommerce,shopify,True,,3,True,github_gist
aspnet.myshopify.com,active_ecommerce,shopify,True,,3,True,github_gist
asssssssss.myshopify.com,active_ecommerce,shopify,True,,3,True,github_gist
astir.myshopify.com,active_ecommerce,shopify,True,,3,True,github_gist
astoria.myshopify.com,active_ecommerce,shopify,True,,3,True,github_gist
astrology.myshopify.com,active_ecommerce,shopify,True,,3,True,github_gist
atastra.myshopify.com,active_ecommerce,shopify,True,,3,True,github_gist
atc1.myshopify.com,active_ecommerce,shopify,True,,3,True,github_gist
atcatc.myshopify.com,active_ecommerce,shopify,True,,3,True,github_gist
atech.myshopify.com,active_ecommerce,shopify,True,,3,True,github_gist
ateliersos.myshopify.com,active_ecommerce,shopify,True,,3,True,github_gist
atestformyclient.myshopify.com,active_ecommerce,shopify,True,,3,True,github_gist
atestsite.myshopify.com,active_ecommerce,shopify,True,,3,True,github_gist
athena-marito.myshopify.com,active_ecommerce,shopify,True,,3,True,github_gist
athletc.myshopify.com,active_ecommerce,shopify,True,,3,True,github_gist
athomespascents.myshopify.com,active_ecommerce,shopify,True,,3,True,github_gist
atira.myshopify.com,active_ecommerce,shopify,True,,3,True,github_gist
atjewels.myshopify.com,active_ecommerce,shopify,True,,3,True,github_gist
atlanpolis.myshopify.com,active_ecommerce,shopify,True,,3,True,github_gist
atlantasaddlery.myshopify.com,active_ecommerce,shopify,True,,3,True,github_gist
atner.myshopify.com,active_ecommerce,shopify,True,,3,True,github_gist
atomicdc.myshopify.com,active_ecommerce,shopify,True,,3,True,github_gist
atomix.myshopify.com,active_ecommerce,shopify,True,,3,True,github_gist
atomixcomix.myshopify.com,active_ecommerce,shopify,True,,3,True,github_gist
atonse.myshopify.com,active_ecommerce,shopify,True,,3,True,github_gist
atownsquare.myshopify.com,active_ecommerce,shopify,True,,3,True,github_gist
atozgifts.myshopify.com,active_ecommerce,shopify,True,,3,True,github_gist
atr1.myshopify.com,active_ecommerce,shopify,True,,3,True,github_gist
atriotic.myshopify.com,active_ecommerce,shopify,True,,3,True,github_gist
atsphoto.myshopify.com,active_ecommerce,shopify,True,,3,True,github_gist
attachthebaby.myshopify.com,active_ecommerce,shopify,True,,3,True,github_gist
attagirldesign.myshopify.com,active_ecommerce,shopify,True,,3,True,github_gist
attain.myshopify.com,active_ecommerce,shopify,True,,3,True,github_gist
attiksystem.myshopify.com,active_ecommerce,shopify,True,,3,True,github_gist
attila.myshopify.com,active_ecommerce,shopify,True,,3,True,github_gist
attires.myshopify.com,active_ecommerce,shopify,True,,3,True,github_gist
attysandottys.myshopify.com,active_ecommerce,shopify,True,,3,True,github_gist
atventerprises.myshopify.com,active_ecommerce,shopify,True,,3,True,github_gist
auburn.myshopify.com,active_ecommerce,shopify,True,,3,True,github_gist
auction-sniper.myshopify.com,active_ecommerce,shopify,True,,3,True,github_gist
auctionblox.myshopify.com,active_ecommerce,shopify,True,,3,True,github_gist
audiobooks.myshopify.com,active_ecommerce,shopify,True,,3,True,github_gist
audiobounce.myshopify.com,active_ecommerce,shopify,True,,3,True,github_gist
audionotes.myshopify.com,active_ecommerce,shopify,True,,3,True,github_gist
audiophilia.myshopify.com,active_ecommerce,shopify,True,,3,True,github_gist
audiotec.myshopify.com,active_ecommerce,shopify,True,,3,True,github_gist
audiotorium.myshopify.com,active_ecommerce,shopify,True,,3,True,github_gist
audism.myshopify.com,active_ecommerce,shopify,True,,3,True,github_gist
audreycarol.myshopify.com,active_ecommerce,shopify,True,,3,True,github_gist
audy.myshopify.com,active_ecommerce,shopify,True,,3,True,github_gist
aufildelaine.myshopify.com,active_ecommerce,shopify,True,,3,True,github_gist
auggie.myshopify.com,active_ecommerce,shopify,True,,3,True,github_gist
aullite.myshopify.com,active_ecommerce,shopify,True,,3,True,github_gist
aultbeapublishing.myshopify.com,active_ecommerce,shopify,True,,3,True,github_gist
aurasomacenter.myshopify.com,active_ecommerce,shopify,True,,3,True,github_gist
ausland.myshopify.com,active_ecommerce,shopify,True,,3,True,github_gist
auspedic.myshopify.com,active_ecommerce,shopify,True,,3,True,github_gist
aussiegeek.myshopify.com,active_ecommerce,shopify,True,,3,True,github_gist
auto.myshopify.com,active_ecommerce,shopify,True,,3,True,github_gist
autolevels.myshopify.com,active_ecommerce,shopify,True,,3,True,github_gist
autoparts.myshopify.com,active_ecommerce,shopify,True,,3,True,github_gist
autopartschalet.myshopify.com,active_ecommerce,shopify,True,,3,True,github_gist
autopilot.myshopify.com,active_ecommerce,shopify,True,,3,True,github_gist
autoshop.myshopify.com,active_ecommerce,shopify,True,,3,True,github_gist
auxiliarybestfriends.myshopify.com,active_ecommerce,shopify,True,,3,True,github_gist
avalon.myshopify.com,active_ecommerce,shopify,True,,3,True,github_gist
avasplace.myshopify.com,active_ecommerce,shopify,True,,3,True,github_gist
avenue.myshopify.com,active_ecommerce,shopify,True,,3,True,github_gist
avid.myshopify.com,active_ecommerce,shopify,True,,3,True,github_gist
aviere.myshopify.com,active_ecommerce,shopify,True,,3,True,github_gist
aviflombaum.myshopify.com,active_ecommerce,shopify,True,,3,True,github_gist
avinash.myshopify.com,active_ecommerce,shopify,True,,3,True,github_gist
avnet.myshopify.com,active_ecommerce,shopify,True,,3,True,github_gist
avoca.myshopify.com,active_ecommerce,shopify,True,,3,True,github_gist
avon.myshopify.com,active_ecommerce,shopify,True,,3,True,github_gist
avsolutions.myshopify.com,active_ecommerce,shopify,True,,3,True,github_gist
away.myshopify.com,active_ecommerce,shopify,True,,3,True,github_gist
awenydd.myshopify.com,active_ecommerce,shopify,True,,3,True,github_gist
awesome.myshopify.com,active_ecommerce,shopify,True,,3,True,github_gist
awix.myshopify.com,active_ecommerce,shopify,True,,3,True,github_gist
awmn.myshopify.com,active_ecommerce,shopify,True,,3,True,github_gist
axemanrio.myshopify.com,active_ecommerce,shopify,True,,3,True,github_gist
axistest.myshopify.com,active_ecommerce,shopify,True,,3,True,github_gist
axome.myshopify.com,active_ecommerce,shopify,True,,3,True,github_gist
ayalogic.myshopify.com,active_ecommerce,shopify,True,,3,True,github_gist
aynakus.myshopify.com,active_ecommerce,shopify,True,,3,True,github_gist
ayrinti.myshopify.com,active_ecommerce,shopify,True,,3,True,github_gist
ayunyan.myshopify.com,active_ecommerce,shopify,True,,3,True,github_gist
azahara.myshopify.com,active_ecommerce,shopify,True,,3,True,github_gist
azcazandco.myshopify.com,active_ecommerce,shopify,True,,3,True,github_gist
azeroo.myshopify.com,active_ecommerce,shopify,True,,3,True,github_gist
aznd.myshopify.com,active_ecommerce,shopify,True,,3,True,github_gist
azoraonline.myshopify.com,active_ecommerce,shopify,True,,3,True,github_gist
azsc.myshopify.com,active_ecommerce,shopify,True,,3,True,github_gist
aztlan.myshopify.com,active_ecommerce,shopify,True,,3,True,github_gist
azzarosattic.myshopify.com,active_ecommerce,shopify,True,,3,True,github_gist
b-digital.myshopify.com,active_ecommerce,shopify,True,,3,True,github_gist
b-native.myshopify.com,active_ecommerce,shopify,True,,3,True,github_gist
b-pass.myshopify.com,active_ecommerce,shopify,True,,3,True,github_gist
b2blogic.myshopify.com,active_ecommerce,shopify,True,,3,True,github_gist
b3000.myshopify.com,active_ecommerce,shopify,True,,3,True,github_gist
baazar.myshopify.com,active_ecommerce,shopify,True,,3,True,github_gist
babalar.myshopify.com,active_ecommerce,shopify,True,,3,True,github_gist
babatecnologyinc.myshopify.com,active_ecommerce,shopify,True,,3,True,github_gist
baberaham.myshopify.com,active_ecommerce,shopify,True,,3,True,github_gist
babiescorner.myshopify.com,active_ecommerce,shopify,True,,3,True,github_gist
baby-energy.myshopify.com,active_ecommerce,shopify,True,,3,True,github_gist
babyapl.myshopify.com,active_ecommerce,shopify,True,,3,True,github_gist
babyhugs.myshopify.com,active_ecommerce,shopify,True,,3,True,github_gist
babylong.myshopify.com,active_ecommerce,shopify,True,,3,True,github_gist
babylove.myshopify.com,active_ecommerce,shopify,True,,3,True,github_gist
babyonwheels.myshopify.com,active_ecommerce,shopify,True,,3,True,github_gist
babypouter.myshopify.com,active_ecommerce,shopify,True,,3,True,github_gist
babyshop.myshopify.com,active_ecommerce,shopify,True,,3,True,github_gist
babysleep.myshopify.com,active_ecommerce,shopify,True,,3,True,github_gist
babystix.myshopify.com,active_ecommerce,shopify,True,,3,True,github_gist
backdraft.myshopify.com,active_ecommerce,shopify,True,,3,True,github_gist
backhandspring.myshopify.com,active_ecommerce,shopify,True,,3,True,github_gist
backinstyle.myshopify.com,active_ecommerce,shopify,True,,3,True,github_gist
backissues.myshopify.com,active_ecommerce,shopify,True,,3,True,github_gist
backpack.myshopify.com,active_ecommerce,shopify,True,,3,True,github_gist
badarts.myshopify.com,active_ecommerce,shopify,True,,3,True,github_gist
badbelgiantaste.myshopify.com,active_ecommerce,shopify,True,,3,True,github_gist
baddog.myshopify.com,active_ecommerce,shopify,True,,3,True,github_gist
badger.myshopify.com,active_ecommerce,shopify,True,,3,True,github_gist
badri.myshopify.com,active_ecommerce,shopify,True,,3,True,github_gist
badrobot.myshopify.com,active_ecommerce,shopify,True,,3,True,github_gist
badstue.myshopify.com,active_ecommerce,shopify,True,,3,True,github_gist
bafangcn.myshopify.com,active_ecommerce,shopify,True,,3,True,github_gist
baffledbytech.myshopify.com,active_ecommerce,shopify,True,,3,True,github_gist
bafflegame.myshopify.com,active_ecommerce,shopify,True,,3,True,github_gist
bags.myshopify.com,active_ecommerce,shopify,True,,3,True,github_gist
bagsbybunny.myshopify.com,active_ecommerce,shopify,True,,3,True,github_gist
bagzi.myshopify.com,active_ecommerce,shopify,True,,3,True,github_gist
bailandoconlosbits.myshopify.com,active_ecommerce,shopify,True,,3,True,github_gist
bailbooks.myshopify.com,active_ecommerce,shopify,True,,3,True,github_gist
baileys.myshopify.com,active_ecommerce,shopify,True,,3,True,github_gist
baklava.myshopify.com,active_ecommerce,shopify,True,,3,True,github_gist
balachandar.myshopify.com,active_ecommerce,shopify,True,,3,True,github_gist
balaiachiottes.myshopify.com,active_ecommerce,shopify,True,,3,True,github_gist
balanceonrails.myshopify.com,active_ecommerce,shopify,True,,3,True,github_gist
balicolor.myshopify.com,active_ecommerce,shopify,True,,3,True,github_gist
balls.myshopify.com,active_ecommerce,shopify,True,,3,True,github_gist
bambi.myshopify.com,active_ecommerce,shopify,True,,3,True,github_gist
bambolettadolls.myshopify.com,active_ecommerce,shopify,True,,3,True,github_gist
bamboo.myshopify.com,active_ecommerce,shopify,True,,3,True,github_gist
bambooconcepts.myshopify.com,active_ecommerce,shopify,True,,3,True,github_gist
bambood.myshopify.com,active_ecommerce,shopify,True,,3,True,github_gist
bambooisland.myshopify.com,active_ecommerce,shopify,True,,3,True,github_gist
bananas.myshopify.com,active_ecommerce,shopify,True,,3,True,github_gist
bandana.myshopify.com,active_ecommerce,shopify,True,,3,True,github_gist
bandb.myshopify.com,active_ecommerce,shopify,True,,3,True,github_gist
banditcocktail.myshopify.com,active_ecommerce,shopify,True,,3,True,github_gist
bandloft.myshopify.com,active_ecommerce,shopify,True,,3,True,github_gist
bands.myshopify.com,active_ecommerce,shopify,True,,3,True,github_gist
bangalore.myshopify.com,active_ecommerce,shopify,True,,3,True,github_gist
baniks.myshopify.com,active_ecommerce,shopify,True,,3,True,github_gist
banjoreilly.myshopify.com,active_ecommerce,shopify,True,,3,True,github_gist
banksandshane.myshopify.com,active_ecommerce,shopify,True,,3,True,github_gist
banners.myshopify.com,active_ecommerce,shopify,True,,3,True,github_gist
banyuls.myshopify.com,active_ecommerce,shopify,True,,3,True,github_gist
barbaralucore.myshopify.com,active_ecommerce,shopify,True,,3,True,github_gist
barbecue.myshopify.com,active_ecommerce,shopify,True,,3,True,github_gist
bare.myshopify.com,active_ecommerce,shopify,True,,3,True,github_gist
barefootstitches.myshopify.com,active_ecommerce,shopify,True,,3,True,github_gist
baremeskin.myshopify.com,active_ecommerce,shopify,True,,3,True,github_gist
bargain.myshopify.com,active_ecommerce,shopify,True,,3,True,github_gist
bargainbrands.myshopify.com,active_ecommerce,shopify,True,,3,True,github_gist
bargainms.myshopify.com,active_ecommerce,shopify,True,,3,True,github_gist
bargins4u.myshopify.com,active_ecommerce,shopify,True,,3,True,github_gist
barn.myshopify.com,active_ecommerce,shopify,True,,3,True,github_gist
barnpatch.myshopify.com,active_ecommerce,shopify,True,,3,True,github_gist
baros.myshopify.com,active_ecommerce,shopify,True,,3,True,github_gist
barrie.myshopify.com,active_ecommerce,shopify,True,,3,True,github_gist
barrumba.myshopify.com,active_ecommerce,shopify,True,,3,True,github_gist
barry.myshopify.com,active_ecommerce,shopify,True,,3,True,github_gist
barrygee.myshopify.com,active_ecommerce,shopify,True,,3,True,github_gist
bartvdb.myshopify.com,active_ecommerce,shopify,True,,3,True,github_gist
barulhodomar.myshopify.com,active_ecommerce,shopify,True,,3,True,github_gist
basement.myshopify.com,active_ecommerce,shopify,True,,3,True,github_gist
basementbargains.myshopify.com,active_ecommerce,shopify,True,,3,True,github_gist
basevend.myshopify.com,active_ecommerce,shopify,True,,3,True,github_gist
basicdatepicker.myshopify.com,active_ecommerce,shopify,True,,3,True,github_gist
basil.myshopify.com,active_ecommerce,shopify,True,,3,True,github_gist
basketball.myshopify.com,active_ecommerce,shopify,True,,3,True,github_gist
baston.myshopify.com,active_ecommerce,shopify,True,,3,True,github_gist
batabix.myshopify.com,active_ecommerce,shopify,True,,3,True,github_gist
batfan.myshopify.com,active_ecommerce,shopify,True,,3,True,github_gist
batradiamonds.myshopify.com,active_ecommerce,shopify,True,,3,True,github_gist
battdeal.myshopify.com,active_ecommerce,shopify,True,,3,True,github_gist
batteries.myshopify.com,active_ecommerce,shopify,True,,3,True,github_gist
baxandbeans.myshopify.com,active_ecommerce,shopify,True,,3,True,github_gist
baybooks.myshopify.com,active_ecommerce,shopify,True,,3,True,github_gist
bayground.myshopify.com,active_ecommerce,shopify,True,,3,True,github_gist
baystation.myshopify.com,active_ecommerce,shopify,True,,3,True,github_gist
bazaarturk.myshopify.com,active_ecommerce,shopify,True,,3,True,github_gist
bazarium.myshopify.com,active_ecommerce,shopify,True,,3,True,github_gist
bberens.myshopify.com,active_ecommerce,shopify,True,,3,True,github_gist
bbexhaust.myshopify.com,active_ecommerce,shopify,True,,3,True,github_gist
bboy.myshopify.com,active_ecommerce,shopify,True,,3,True,github_gist
bbqpit.myshopify.com,active_ecommerce,shopify,True,,3,True,github_gist
bcfore.myshopify.com,active_ecommerce,shopify,True,,3,True,github_gist
bcn-rkv.myshopify.com,active_ecommerce,shopify,True,,3,True,github_gist
bcom.myshopify.com,active_ecommerce,shopify,True,,3,True,github_gist
bdayu.myshopify.com,active_ecommerce,shopify,True,,3,True,github_gist
bdcs.myshopify.com,active_ecommerce,shopify,True,,3,True,github_gist
bdurham.myshopify.com,active_ecommerce,shopify,True,,3,True,github_gist
be-an-umpire.myshopify.com,active_ecommerce,shopify,True,,3,True,github_gist
beach-bums-surf-shack.myshopify.com,active_ecommerce,shopify,True,,3,True,github_gist
beach.myshopify.com,active_ecommerce,shopify,True,,3,True,github_gist
beach2bar.myshopify.com,active_ecommerce,shopify,True,,3,True,github_gist
beachbazaarstore.myshopify.com,active_ecommerce,shopify,True,,3,True,github_gist
beachwalks.myshopify.com,active_ecommerce,shopify,True,,3,True,github_gist
beachweaver.myshopify.com,active_ecommerce,shopify,True,,3,True,github_gist
bead.myshopify.com,active_ecommerce,shopify,True,,3,True,github_gist
beadcandy.myshopify.com,active_ecommerce,shopify,True,,3,True,github_gist
beadedbrilliance.myshopify.com,active_ecommerce,shopify,True,,3,True,github_gist
beading.myshopify.com,active_ecommerce,shopify,True,,3,True,github_gist
beadmaker.myshopify.com,active_ecommerce,shopify,True,,3,True,github_gist
beads.myshopify.com,active_ecommerce,shopify,True,,3,True,github_gist
beadsandfindings.myshopify.com,active_ecommerce,shopify,True,,3,True,github_gist
beadsforacure.myshopify.com,active_ecommerce,shopify,True,,3,True,github_gist
beadsinheavenshop.myshopify.com,active_ecommerce,shopify,True,,3,True,github_gist
beanbean.myshopify.com,active_ecommerce,shopify,True,,3,True,github_gist
beanoo.myshopify.com,active_ecommerce,shopify,True,,3,True,github_gist
beansbox.myshopify.com,active_ecommerce,shopify,True,,3,True,github_gist
bearandbee.myshopify.com,active_ecommerce,shopify,True,,3,True,github_gist
bearguide.myshopify.com,active_ecommerce,shopify,True,,3,True,github_gist
beast.myshopify.com,active_ecommerce,shopify,True,,3,True,github_gist
beautiful.myshopify.com,active_ecommerce,shopify,True,,3,True,github_gist
beautifulcajitas.myshopify.com,active_ecommerce,shopify,True,,3,True,github_gist
beautifulguitars.myshopify.com,active_ecommerce,shopify,True,,3,True,github_gist
beautifulrecords.myshopify.com,active_ecommerce,shopify,True,,3,True,github_gist
beautifulshoes.myshopify.com,active_ecommerce,shopify,True,,3,True,github_gist
beauty.myshopify.com,active_ecommerce,shopify,True,,3,True,github_gist
beautyonline.myshopify.com,active_ecommerce,shopify,True,,3,True,github_gist
beautyshoppers.myshopify.com,active_ecommerce,shopify,True,,3,True,github_gist
beautyxo.myshopify.com,active_ecommerce,shopify,True,,3,True,github_gist
bebeshop.myshopify.com,active_ecommerce,shopify,True,,3,True,github_gist
bebestages.myshopify.com,active_ecommerce,shopify,True,,3,True,github_gist
bebetroca.myshopify.com,active_ecommerce,shopify,True,,3,True,github_gist
bebossy.myshopify.com,active_ecommerce,shopify,True,,3,True,github_gist
becks.myshopify.com,active_ecommerce,shopify,True,,3,True,github_gist
beddingandlamps.myshopify.com,active_ecommerce,shopify,True,,3,True,github_gist
bedhead.myshopify.com,active_ecommerce,shopify,True,,3,True,github_gist
beer.myshopify.com,active_ecommerce,shopify,True,,3,True,github_gist
beesbeeze.myshopify.com,active_ecommerce,shopify,True,,3,True,github_gist
befamoos.myshopify.com,active_ecommerce,shopify,True,,3,True,github_gist
behindcloseddoors.myshopify.com,active_ecommerce,shopify,True,,3,True,github_gist
behindthedot.myshopify.com,active_ecommerce,shopify,True,,3,True,github_gist
behindtheeye.myshopify.com,active_ecommerce,shopify,True,,3,True,github_gist
beingdyslexic.myshopify.com,active_ecommerce,shopify,True,,3,True,github_gist
bekonscot.myshopify.com,active_ecommerce,shopify,True,,3,True,github_gist
belacan.myshopify.com,active_ecommerce,shopify,True,,3,True,github_gist
belgian.myshopify.com,active_ecommerce,shopify,True,,3,True,github_gist
beliefsystems.myshopify.com,active_ecommerce,shopify,True,,3,True,github_gist
belize.myshopify.com,active_ecommerce,shopify,True,,3,True,github_gist
bellabellagourmet.myshopify.com,active_ecommerce,shopify,True,,3,True,github_gist
belladiotima.myshopify.com,active_ecommerce,shopify,True,,3,True,github_gist
bellarosa.myshopify.com,active_ecommerce,shopify,True,,3,True,github_gist
bellasera.myshopify.com,active_ecommerce,shopify,True,,3,True,github_gist
bellergy.myshopify.com,active_ecommerce,shopify,True,,3,True,github_gist
bellestock.myshopify.com,active_ecommerce,shopify,True,,3,True,github_gist
bellman.myshopify.com,active_ecommerce,shopify,True,,3,True,github_gist
bellodicasa.myshopify.com,active_ecommerce,shopify,True,,3,True,github_gist
bellovetro.myshopify.com,active_ecommerce,shopify,True,,3,True,github_gist
bellybird.myshopify.com,active_ecommerce,shopify,True,,3,True,github_gist
belt.myshopify.com,active_ecommerce,shopify,True,,3,True,github_gist
belvini.myshopify.com,active_ecommerce,shopify,True,,3,True,github_gist
bembacana.myshopify.com,active_ecommerce,shopify,True,,3,True,github_gist
benadkins.myshopify.com,active_ecommerce,shopify,True,,3,True,github_gist
bendingsupply.myshopify.com,active_ecommerce,shopify,True,,3,True,github_gist
benetst.myshopify.com,active_ecommerce,shopify,True,,3,True,github_gist
bengeotigers.myshopify.com,active_ecommerce,shopify,True,,3,True,github_gist
benhainesbellamy.myshopify.com,active_ecommerce,shopify,True,,3,True,github_gist
benjaminhawkeslewis.myshopify.com,active_ecommerce,shopify,True,,3,True,github_gist
benjieshop.myshopify.com,active_ecommerce,shopify,True,,3,True,github_gist
benneng.myshopify.com,active_ecommerce,shopify,True,,3,True,github_gist
bennington.myshopify.com,active_ecommerce,shopify,True,,3,True,github_gist
benr.myshopify.com,active_ecommerce,shopify,True,,3,True,github_gist
bensshoes.myshopify.com,active_ecommerce,shopify,True,,3,True,github_gist
bentclothing.myshopify.com,active_ecommerce,shopify,True,,3,True,github_gist
bentest.myshopify.com,active_ecommerce,shopify,True,,3,True,github_gist
bereavenet.myshopify.com,active_ecommerce,shopify,True,,3,True,github_gist
berg.myshopify.com,active_ecommerce,shopify,True,,3,True,github_gist
bernerdschaefer.myshopify.com,active_ecommerce,shopify,True,,3,True,github_gist
berrypatch.myshopify.com,active_ecommerce,shopify,True,,3,True,github_gist
bert.myshopify.com,active_ecommerce,shopify,True,,3,True,github_gist
bestbuy.myshopify.com,active_ecommerce,shopify,True,,3,True,github_gist
bestbuys.myshopify.com,active_ecommerce,shopify,True,,3,True,github_gist
bestbyte.myshopify.com,active_ecommerce,shopify,True,,3,True,github_gist
bestgift.myshopify.com,active_ecommerce,shopify,True,,3,True,github_gist
bestpneu.myshopify.com,active_ecommerce,shopify,True,,3,True,github_gist
bestproducts.myshopify.com,active_ecommerce,shopify,True,,3,True,github_gist
bestshop.myshopify.com,active_ecommerce,shopify,True,,3,True,github_gist
besttest.myshopify.com,active_ecommerce,shopify,True,,3,True,github_gist
beta1.myshopify.com,active_ecommerce,shopify,True,,3,True,github_gist
betageek.myshopify.com,active_ecommerce,shopify,True,,3,True,github_gist
bethsacompany.myshopify.com,active_ecommerce,shopify,True,,3,True,github_gist
betterclassroom.myshopify.com,active_ecommerce,shopify,True,,3,True,github_gist
betterhalf.myshopify.com,active_ecommerce,shopify,True,,3,True,github_gist
betterstuff.myshopify.com,active_ecommerce,shopify,True,,3,True,github_gist
beyondthebubble.myshopify.com,active_ecommerce,shopify,True,,3,True,github_gist
bezos.myshopify.com,active_ecommerce,shopify,True,,3,True,github_gist
bgold.myshopify.com,active_ecommerce,shopify,True,,3,True,github_gist
bgoldman.myshopify.com,active_ecommerce,shopify,True,,3,True,github_gist
bgramer.myshopify.com,active_ecommerce,shopify,True,,3,True,github_gist
bhas4.myshopify.com,active_ecommerce,shopify,True,,3,True,github_gist
bhelmkamp.myshopify.com,active_ecommerce,shopify,True,,3,True,github_gist
bhgdesign.myshopify.com,active_ecommerce,shopify,True,,3,True,github_gist
bhimpfen.myshopify.com,active_ecommerce,shopify,True,,3,True,github_gist
bholsclaw.myshopify.com,active_ecommerce,shopify,True,,3,True,github_gist
bhousman.myshopify.com,active_ecommerce,shopify,True,,3,True,github_gist
bicyclesbymove.myshopify.com,active_ecommerce,shopify,True,,3,True,github_gist
bidcentre.myshopify.com,active_ecommerce,shopify,True,,3,True,github_gist
bienesttienda.myshopify.com,active_ecommerce,shopify,True,,3,True,github_gist
bigaccountant.myshopify.com,active_ecommerce,shopify,True,,3,True,github_gist
bigbaia.myshopify.com,active_ecommerce,shopify,True,,3,True,github_gist
bigboss.myshopify.com,active_ecommerce,shopify,True,,3,True,github_gist
bigcheez.myshopify.com,active_ecommerce,shopify,True,,3,True,github_gist
bigdeal.myshopify.com,active_ecommerce,shopify,True,,3,True,github_gist
bigfatsea.myshopify.com,active_ecommerce,shopify,True,,3,True,github_gist
bigfetch.myshopify.com,active_ecommerce,shopify,True,,3,True,github_gist
bigfishportal.myshopify.com,active_ecommerce,shopify,True,,3,True,github_gist
bigfishshopping.myshopify.com,active_ecommerce,shopify,True,,3,True,github_gist
biggreenpanda.myshopify.com,active_ecommerce,shopify,True,,3,True,github_gist
bigiotteriabelousova.myshopify.com,active_ecommerce,shopify,True,,3,True,github_gist
bigredstore.myshopify.com,active_ecommerce,shopify,True,,3,True,github_gist
bigstereo.myshopify.com,active_ecommerce,shopify,True,,3,True,github_gist
bigteez.myshopify.com,active_ecommerce,shopify,True,,3,True,github_gist
bigtimetunerz.myshopify.com,active_ecommerce,shopify,True,,3,True,github_gist
bigtubb.myshopify.com,active_ecommerce,shopify,True,,3,True,github_gist
bijouxdebeaulieu.myshopify.com,active_ecommerce,shopify,True,,3,True,github_gist
bijusu.myshopify.com,active_ecommerce,shopify,True,,3,True,github_gist
bike.myshopify.com,active_ecommerce,shopify,True,,3,True,github_gist
bikegorilla.myshopify.com,active_ecommerce,shopify,True,,3,True,github_gist
bikes.myshopify.com,active_ecommerce,shopify,True,,3,True,github_gist
bikeshop.myshopify.com,active_ecommerce,shopify,True,,3,True,github_gist
bikeweek-apparel.myshopify.com,active_ecommerce,shopify,True,,3,True,github_gist
bill.myshopify.com,active_ecommerce,shopify,True,,3,True,github_gist
billboard.myshopify.com,active_ecommerce,shopify,True,,3,True,github_gist
billkoplitz.myshopify.com,active_ecommerce,shopify,True,,3,True,github_gist
bills.myshopify.com,active_ecommerce,shopify,True,,3,True,github_gist
billtjones.myshopify.com,active_ecommerce,shopify,True,,3,True,github_gist
billy.myshopify.com,active_ecommerce,shopify,True,,3,True,github_gist
billypalooza.myshopify.com,active_ecommerce,shopify,True,,3,True,github_gist
billys.myshopify.com,active_ecommerce,shopify,True,,3,True,github_gist
billystore.myshopify.com,active_ecommerce,shopify,True,,3,True,github_gist
bimoto.myshopify.com,active_ecommerce,shopify,True,,3,True,github_gist
binariointernet.myshopify.com,active_ecommerce,shopify,True,,3,True,github_gist
bincshop.myshopify.com,active_ecommerce,shopify,True,,3,True,github_gist
biodiesel.myshopify.com,active_ecommerce,shopify,True,,3,True,github_gist
biotech.myshopify.com,active_ecommerce,shopify,True,,3,True,github_gist
biotonique.myshopify.com,active_ecommerce,shopify,True,,3,True,github_gist
birdgarden.myshopify.com,active_ecommerce,shopify,True,,3,True,github_gist
birigui.myshopify.com,active_ecommerce,shopify,True,,3,True,github_gist
birthdaytoys.myshopify.com,active_ecommerce,shopify,True,,3,True,github_gist
bitbutter.myshopify.com,active_ecommerce,shopify,True,,3,True,github_gist
bitlab.myshopify.com,active_ecommerce,shopify,True,,3,True,github_gist
bitmodo.myshopify.com,active_ecommerce,shopify,True,,3,True,github_gist
bitsandbobs.myshopify.com,active_ecommerce,shopify,True,,3,True,github_gist
bitsandpieces.myshopify.com,active_ecommerce,shopify,True,,3,True,github_gist
bitterfriends.myshopify.com,active_ecommerce,shopify,True,,3,True,github_gist
bittersweet.myshopify.com,active_ecommerce,shopify,True,,3,True,github_gist
bittybows.myshopify.com,active_ecommerce,shopify,True,,3,True,github_gist
bivash.myshopify.com,active_ecommerce,shopify,True,,3,True,github_gist
bizartist.myshopify.com,active_ecommerce,shopify,True,,3,True,github_gist
bizmonk.myshopify.com,active_ecommerce,shopify,True,,3,True,github_gist
bizpunk.myshopify.com,active_ecommerce,shopify,True,,3,True,github_gist
bizzybees.myshopify.com,active_ecommerce,shopify,True,,3,True,github_gist
bjj-oni.myshopify.com,active_ecommerce,shopify,True,,3,True,github_gist
bjrservices.myshopify.com,active_ecommerce,shopify,True,,3,True,github_gist
bjschaefer.myshopify.com,active_ecommerce,shopify,True,,3,True,github_gist
blac6789.myshopify.com,active_ecommerce,shopify,True,,3,True,github_gist
black.myshopify.com,active_ecommerce,shopify,True,,3,True,github_gist
blackandbleu.myshopify.com,active_ecommerce,shopify,True,,3,True,github_gist
blackbelt.myshopify.com,active_ecommerce,shopify,True,,3,True,github_gist
blackbox.myshopify.com,active_ecommerce,shopify,True,,3,True,github_gist
blackdood.myshopify.com,active_ecommerce,shopify,True,,3,True,github_gist
blackdot.myshopify.com,active_ecommerce,shopify,True,,3,True,github_gist
blackhawkministries.myshopify.com,active_ecommerce,shopify,True,,3,True,github_gist
blacklisted.myshopify.com,active_ecommerce,shopify,True,,3,True,github_gist
blackman.myshopify.com,active_ecommerce,shopify,True,,3,True,github_gist
blackorange.myshopify.com,active_ecommerce,shopify,True,,3,True,github_gist
blackpoppy.myshopify.com,active_ecommerce,shopify,True,,3,True,github_gist
blah.myshopify.com,active_ecommerce,shopify,True,,3,True,github_gist
blaimhq.myshopify.com,active_ecommerce,shopify,True,,3,True,github_gist
blake.myshopify.com,active_ecommerce,shopify,True,,3,True,github_gist
blank.myshopify.com,active_ecommerce,shopify,True,,3,True,github_gist
blankcanvas.myshopify.com,active_ecommerce,shopify,True,,3,True,github_gist
blankfile.myshopify.com,active_ecommerce,shopify,True,,3,True,github_gist
blankmeasures.myshopify.com,active_ecommerce,shopify,True,,3,True,github_gist
blaze.myshopify.com,active_ecommerce,shopify,True,,3,True,github_gist
bleah.myshopify.com,active_ecommerce,shopify,True,,3,True,github_gist
blime45.myshopify.com,active_ecommerce,shopify,True,,3,True,github_gist
blinking8s.myshopify.com,active_ecommerce,shopify,True,,3,True,github_gist
blipsman.myshopify.com,active_ecommerce,shopify,True,,3,True,github_gist
blismic.myshopify.com,active_ecommerce,shopify,True,,3,True,github_gist
blissdev.myshopify.com,active_ecommerce,shopify,True,,3,True,github_gist
blissfulmomentssoapworks.myshopify.com,active_ecommerce,shopify,True,,3,True,github_gist
blissworks.myshopify.com,active_ecommerce,shopify,True,,3,True,github_gist
blmbao.myshopify.com,active_ecommerce,shopify,True,,3,True,github_gist
blockedshots.myshopify.com,active_ecommerce,shopify,True,,3,True,github_gist
blog.myshopify.com,active_ecommerce,shopify,True,,3,True,github_gist
blogdesign.myshopify.com,active_ecommerce,shopify,True,,3,True,github_gist
bloggingguru.myshopify.com,active_ecommerce,shopify,True,,3,True,github_gist
bloggs.myshopify.com,active_ecommerce,shopify,True,,3,True,github_gist
blogs.myshopify.com,active_ecommerce,shopify,True,,3,True,github_gist
blogsaic.myshopify.com,active_ecommerce,shopify,True,,3,True,github_gist
blogtery.myshopify.com,active_ecommerce,shopify,True,,3,True,github_gist
blogum.myshopify.com,active_ecommerce,shopify,True,,3,True,github_gist
blondeesboutique.myshopify.com,active_ecommerce,shopify,True,,3,True,github_gist
blossom.myshopify.com,active_ecommerce,shopify,True,,3,True,github_gist
blossom4u.myshopify.com,active_ecommerce,shopify,True,,3,True,github_gist
blossomagic.myshopify.com,active_ecommerce,shopify,True,,3,True,github_gist
bloves.myshopify.com,active_ecommerce,shopify,True,,3,True,github_gist
blsac.myshopify.com,active_ecommerce,shopify,True,,3,True,github_gist
blub.myshopify.com,active_ecommerce,shopify,True,,3,True,github_gist
blue.myshopify.com,active_ecommerce,shopify,True,,3,True,github_gist
blueartbox.myshopify.com,active_ecommerce,shopify,True,,3,True,github_gist
bluecorner.myshopify.com,active_ecommerce,shopify,True,,3,True,github_gist
bluecow.myshopify.com,active_ecommerce,shopify,True,,3,True,github_gist
bluecricket.myshopify.com,active_ecommerce,shopify,True,,3,True,github_gist
blueiguana.myshopify.com,active_ecommerce,shopify,True,,3,True,github_gist
bluemoonranch.myshopify.com,active_ecommerce,shopify,True,,3,True,github_gist
blueraven.myshopify.com,active_ecommerce,shopify,True,,3,True,github_gist
blueroot.myshopify.com,active_ecommerce,shopify,True,,3,True,github_gist
blueshop.myshopify.com,active_ecommerce,shopify,True,,3,True,github_gist
bluesparrow.myshopify.com,active_ecommerce,shopify,True,,3,True,github_gist
bluestar.myshopify.com,active_ecommerce,shopify,True,,3,True,github_gist
bluetooth.myshopify.com,active_ecommerce,shopify,True,,3,True,github_gist
blumedia.myshopify.com,active_ecommerce,shopify,True,,3,True,github_gist
blupoint.myshopify.com,active_ecommerce,shopify,True,,3,True,github_gist
blutapfel.myshopify.com,active_ecommerce,shopify,True,,3,True,github_gist
bmart.myshopify.com,active_ecommerce,shopify,True,,3,True,github_gist
bndco.myshopify.com,active_ecommerce,shopify,True,,3,True,github_gist
bnreurope.myshopify.com,active_ecommerce,shopify,True,,3,True,github_gist
boagworld.myshopify.com,active_ecommerce,shopify,True,,3,True,github_gist
boarium.myshopify.com,active_ecommerce,shopify,True,,3,True,github_gist
boatbits.myshopify.com,active_ecommerce,shopify,True,,3,True,github_gist
boats.myshopify.com,active_ecommerce,shopify,True,,3,True,github_gist
bobb.myshopify.com,active_ecommerce,shopify,True,,3,True,github_gist
bobbiscarf.myshopify.com,active_ecommerce,shopify,True,,3,True,github_gist
bobby.myshopify.com,active_ecommerce,shopify,True,,3,True,github_gist
bobbyjohn.myshopify.com,active_ecommerce,shopify,True,,3,True,github_gist
bobbym.myshopify.com,active_ecommerce,shopify,True,,3,True,github_gist
bobbypulido.myshopify.com,active_ecommerce,shopify,True,,3,True,github_gist
bobdobs.myshopify.com,active_ecommerce,shopify,True,,3,True,github_gist
bobhq.myshopify.com,active_ecommerce,shopify,True,,3,True,github_gist
boblbeecanada.myshopify.com,active_ecommerce,shopify,True,,3,True,github_gist
bobo945.myshopify.com,active_ecommerce,shopify,True,,3,True,github_gist
boboland.myshopify.com,active_ecommerce,shopify,True,,3,True,github_gist
boboy.myshopify.com,active_ecommerce,shopify,True,,3,True,github_gist
bobruisk.myshopify.com,active_ecommerce,shopify,True,,3,True,github_gist
bobs.myshopify.com,active_ecommerce,shopify,True,,3,True,github_gist
bobsmith.myshopify.com,active_ecommerce,shopify,True,,3,True,github_gist
bobspipes.myshopify.com,active_ecommerce,shopify,True,,3,True,github_gist
bobsplugs.myshopify.com,active_ecommerce,shopify,True,,3,True,github_gist
bodyaction.myshopify.com,active_ecommerce,shopify,True,,3,True,github_gist
bodyaffair.myshopify.com,active_ecommerce,shopify,True,,3,True,github_gist
bodycare.myshopify.com,active_ecommerce,shopify,True,,3,True,github_gist
bodyjewelery.myshopify.com,active_ecommerce,shopify,True,,3,True,github_gist
bodyjewellery.myshopify.com,active_ecommerce,shopify,True,,3,True,github_gist
bodyjewelry.myshopify.com,active_ecommerce,shopify,True,,3,True,github_gist
bodynet.myshopify.com,active_ecommerce,shopify,True,,3,True,github_gist
bodyvisual.myshopify.com,active_ecommerce,shopify,True,,3,True,github_gist
boeboe.myshopify.com,active_ecommerce,shopify,True,,3,True,github_gist
boedge.myshopify.com,active_ecommerce,shopify,True,,3,True,github_gist
bogblog.myshopify.com,active_ecommerce,shopify,True,,3,True,github_gist
bogdan.myshopify.com,active_ecommerce,shopify,True,,3,True,github_gist
bogdans83.myshopify.com,active_ecommerce,shopify,True,,3,True,github_gist
boldcareer.myshopify.com,active_ecommerce,shopify,True,,3,True,github_gist
boldisms.myshopify.com,active_ecommerce,shopify,True,,3,True,github_gist
bolgroup.myshopify.com,active_ecommerce,shopify,True,,3,True,github_gist
bomarks.myshopify.com,active_ecommerce,shopify,True,,3,True,github_gist
bombalurina.myshopify.com,active_ecommerce,shopify,True,,3,True,github_gist
bombiadesign.myshopify.com,active_ecommerce,shopify,True,,3,True,github_gist
bombonel.myshopify.com,active_ecommerce,shopify,True,,3,True,github_gist
bonbon.myshopify.com,active_ecommerce,shopify,True,,3,True,github_gist
bones.myshopify.com,active_ecommerce,shopify,True,,3,True,github_gist
boneshaker.myshopify.com,active_ecommerce,shopify,True,,3,True,github_gist
bonfort.myshopify.com,active_ecommerce,shopify,True,,3,True,github_gist
bonita.myshopify.com,active_ecommerce,shopify,True,,3,True,github_gist
bonnet.myshopify.com,active_ecommerce,shopify,True,,3,True,github_gist
bonostore.myshopify.com,active_ecommerce,shopify,True,,3,True,github_gist
bonsai.myshopify.com,active_ecommerce,shopify,True,,3,True,github_gist
bonsaibonsai.myshopify.com,active_ecommerce,shopify,True,,3,True,github_gist
bonsaifree.myshopify.com,active_ecommerce,shopify,True,,3,True,github_gist
bonsaimarketing.myshopify.com,active_ecommerce,shopify,True,,3,True,github_gist
bonusballking.myshopify.com,active_ecommerce,shopify,True,,3,True,github_gist
boodoo.myshopify.com,active_ecommerce,shopify,True,,3,True,github_gist
book.myshopify.com,active_ecommerce,shopify,True,,3,True,github_gist
bookbuilder.myshopify.com,active_ecommerce,shopify,True,,3,True,github_gist
bookheaven.myshopify.com,active_ecommerce,shopify,True,,3,True,github_gist
bookies.myshopify.com,active_ecommerce,shopify,True,,3,True,github_gist
bookiniste.myshopify.com,active_ecommerce,shopify,True,,3,True,github_gist
booklink.myshopify.com,active_ecommerce,shopify,True,,3,True,github_gist
bookplates.myshopify.com,active_ecommerce,shopify,True,,3,True,github_gist
bookshop.myshopify.com,active_ecommerce,shopify,True,,3,True,github_gist
booksplusgames.myshopify.com,active_ecommerce,shopify,True,,3,True,github_gist
booksprouts.myshopify.com,active_ecommerce,shopify,True,,3,True,github_gist
bookstorebg.myshopify.com,active_ecommerce,shopify,True,,3,True,github_gist
booler.myshopify.com,active_ecommerce,shopify,True,,3,True,github_gist
booshop.myshopify.com,active_ecommerce,shopify,True,,3,True,github_gist
bootycalled.myshopify.com,active_ecommerce,shopify,True,,3,True,github_gist
bope.myshopify.com,active_ecommerce,shopify,True,,3,True,github_gist
borderradio.myshopify.com,active_ecommerce,shopify,True,,3,True,github_gist
boredombuster.myshopify.com,active_ecommerce,shopify,True,,3,True,github_gist
borgojewel.myshopify.com,active_ecommerce,shopify,True,,3,True,github_gist
boris.myshopify.com,active_ecommerce,shopify,True,,3,True,github_gist
borneo.myshopify.com,active_ecommerce,shopify,True,,3,True,github_gist
borogov.myshopify.com,active_ecommerce,shopify,True,,3,True,github_gist
borsjesolutions.myshopify.com,active_ecommerce,shopify,True,,3,True,github_gist
bosorne-leatherwork.myshopify.com,active_ecommerce,shopify,True,,3,True,github_gist
bossdean.myshopify.com,active_ecommerce,shopify,True,,3,True,github_gist
boston-aquatics.myshopify.com,active_ecommerce,shopify,True,,3,True,github_gist
bostonsbestcookies.myshopify.com,active_ecommerce,shopify,True,,3,True,github_gist
botiga.myshopify.com,active_ecommerce,shopify,True,,3,True,github_gist
boulderdigital.myshopify.com,active_ecommerce,shopify,True,,3,True,github_gist
bouldr.myshopify.com,active_ecommerce,shopify,True,,3,True,github_gist
boulistenaute.myshopify.com,active_ecommerce,shopify,True,,3,True,github_gist
boundingline.myshopify.com,active_ecommerce,shopify,True,,3,True,github_gist
bountyloot.myshopify.com,active_ecommerce,shopify,True,,3,True,github_gist
boutique-mondemeilleur.myshopify.com,active_ecommerce,shopify,True,,3,True,github_gist
boutiquechick.myshopify.com,active_ecommerce,shopify,True,,3,True,github_gist
boutiquedurable.myshopify.com,active_ecommerce,shopify,True,,3,True,github_gist
bows.myshopify.com,active_ecommerce,shopify,True,,3,True,github_gist
box1011.myshopify.com,active_ecommerce,shopify,True,,3,True,github_gist
boxen.myshopify.com,active_ecommerce,shopify,True,,3,True,github_gist
boxtree.myshopify.com,active_ecommerce,shopify,True,,3,True,github_gist
boyle-llc4019.myshopify.com,active_ecommerce,shopify,True,,3,True,github_gist
brad.myshopify.com,active_ecommerce,shopify,True,,3,True,github_gist
bradhardgood.myshopify.com,active_ecommerce,shopify,True,,3,True,github_gist
bradsbeer.myshopify.com,active_ecommerce,shopify,True,,3,True,github_gist
brahma.myshopify.com,active_ecommerce,shopify,True,,3,True,github_gist
branchesdesign.myshopify.com,active_ecommerce,shopify,True,,3,True,github_gist
brandalism.myshopify.com,active_ecommerce,shopify,True,,3,True,github_gist
brandamage.myshopify.com,active_ecommerce,shopify,True,,3,True,github_gist
brandneaveau.myshopify.com,active_ecommerce,shopify,True,,3,True,github_gist
brandon.myshopify.com,active_ecommerce,shopify,True,,3,True,github_gist
brandonbargas.myshopify.com,active_ecommerce,shopify,True,,3,True,github_gist
brandonhubbard.myshopify.com,active_ecommerce,shopify,True,,3,True,github_gist
brandontaelor.myshopify.com,active_ecommerce,shopify,True,,3,True,github_gist
brandonteststore.myshopify.com,active_ecommerce,shopify,True,,3,True,github_gist
brandpig.myshopify.com,active_ecommerce,shopify,True,,3,True,github_gist
branestorm.myshopify.com,active_ecommerce,shopify,True,,3,True,github_gist
branleighs.myshopify.com,active_ecommerce,shopify,True,,3,True,github_gist
brasil.myshopify.com,active_ecommerce,shopify,True,,3,True,github_gist
brasilbazar.myshopify.com,active_ecommerce,shopify,True,,3,True,github_gist
brasilcards.myshopify.com,active_ecommerce,shopify,True,,3,True,github_gist
brazil.myshopify.com,active_ecommerce,shopify,True,,3,True,github_gist
breadandwinegallery.myshopify.com,active_ecommerce,shopify,True,,3,True,github_gist
breadartist.myshopify.com,active_ecommerce,shopify,True,,3,True,github_gist
breakdancingchimp.myshopify.com,active_ecommerce,shopify,True,,3,True,github_gist
breakfast.myshopify.com,active_ecommerce,shopify,True,,3,True,github_gist
breakfastwithernie.myshopify.com,active_ecommerce,shopify,True,,3,True,github_gist
breakthroughbanners.myshopify.com,active_ecommerce,shopify,True,,3,True,github_gist
breannetrammell.myshopify.com,active_ecommerce,shopify,True,,3,True,github_gist
breckerco.myshopify.com,active_ecommerce,shopify,True,,3,True,github_gist
bree.myshopify.com,active_ecommerce,shopify,True,,3,True,github_gist
breezeauctions.myshopify.com,active_ecommerce,shopify,True,,3,True,github_gist
brendan.myshopify.com,active_ecommerce,shopify,True,,3,True,github_gist
brenro.myshopify.com,active_ecommerce,shopify,True,,3,True,github_gist
brett-and-chris-shopify.myshopify.com,active_ecommerce,shopify,True,,3,True,github_gist
brettflower.myshopify.com,active_ecommerce,shopify,True,,3,True,github_gist
brewco.myshopify.com,active_ecommerce,shopify,True,,3,True,github_gist
brewr.myshopify.com,active_ecommerce,shopify,True,,3,True,github_gist
brian.myshopify.com,active_ecommerce,shopify,True,,3,True,github_gist
briana.myshopify.com,active_ecommerce,shopify,True,,3,True,github_gist
brianshirley.myshopify.com,active_ecommerce,shopify,True,,3,True,github_gist
bricabrac.myshopify.com,active_ecommerce,shopify,True,,3,True,github_gist
brickpixel.myshopify.com,active_ecommerce,shopify,True,,3,True,github_gist
bricomachin.myshopify.com,active_ecommerce,shopify,True,,3,True,github_gist
bridgeline.myshopify.com,active_ecommerce,shopify,True,,3,True,github_gist
brigadeiro.myshopify.com,active_ecommerce,shopify,True,,3,True,github_gist
brightrhino.myshopify.com,active_ecommerce,shopify,True,,3,True,github_gist
brightsmile.myshopify.com,active_ecommerce,shopify,True,,3,True,github_gist
brince.myshopify.com,active_ecommerce,shopify,True,,3,True,github_gist
bringmehome.myshopify.com,active_ecommerce,shopify,True,,3,True,github_gist
brinquedos.myshopify.com,active_ecommerce,shopify,True,,3,True,github_gist
brisbanewingchun.myshopify.com,active_ecommerce,shopify,True,,3,True,github_gist
britetrade.myshopify.com,active_ecommerce,shopify,True,,3,True,github_gist
brntclothing.myshopify.com,active_ecommerce,shopify,True,,3,True,github_gist
broadband.myshopify.com,active_ecommerce,shopify,True,,3,True,github_gist
broadspire.myshopify.com,active_ecommerce,shopify,True,,3,True,github_gist
broadwaypanhandler.myshopify.com,active_ecommerce,shopify,True,,3,True,github_gist
brocatus.myshopify.com,active_ecommerce,shopify,True,,3,True,github_gist
brockbrown.myshopify.com,active_ecommerce,shopify,True,,3,True,github_gist
brokekid.myshopify.com,active_ecommerce,shopify,True,,3,True,github_gist
brokenscissors.myshopify.com,active_ecommerce,shopify,True,,3,True,github_gist
brokenshard.myshopify.com,active_ecommerce,shopify,True,,3,True,github_gist
bronsonphotography.myshopify.com,active_ecommerce,shopify,True,,3,True,github_gist
brontojoris.myshopify.com,active_ecommerce,shopify,True,,3,True,github_gist
bronzerivergallery.myshopify.com,active_ecommerce,shopify,True,,3,True,github_gist
brook.myshopify.com,active_ecommerce,shopify,True,,3,True,github_gist
brownproject.myshopify.com,active_ecommerce,shopify,True,,3,True,github_gist
browsers.myshopify.com,active_ecommerce,shopify,True,,3,True,github_gist
bruah.myshopify.com,active_ecommerce,shopify,True,,3,True,github_gist
brulerieduquai.myshopify.com,active_ecommerce,shopify,True,,3,True,github_gist
bryanstestshop.myshopify.com,active_ecommerce,shopify,True,,3,True,github_gist
bsdcds.myshopify.com,active_ecommerce,shopify,True,,3,True,github_gist
bssystems.myshopify.com,active_ecommerce,shopify,True,,3,True,github_gist
btatlas.myshopify.com,active_ecommerce,shopify,True,,3,True,github_gist
btreb.myshopify.com,active_ecommerce,shopify,True,,3,True,github_gist
buak.myshopify.com,active_ecommerce,shopify,True,,3,True,github_gist
bubblesnmore.myshopify.com,active_ecommerce,shopify,True,,3,True,github_gist
bubblinggems.myshopify.com,active_ecommerce,shopify,True,,3,True,github_gist
bubule.myshopify.com,active_ecommerce,shopify,True,,3,True,github_gist
bucketountain.myshopify.com,active_ecommerce,shopify,True,,3,True,github_gist
buckingham.myshopify.com,active_ecommerce,shopify,True,,3,True,github_gist
buckles.myshopify.com,active_ecommerce,shopify,True,,3,True,github_gist
buckprint.myshopify.com,active_ecommerce,shopify,True,,3,True,github_gist
bucky.myshopify.com,active_ecommerce,shopify,True,,3,True,github_gist
buddhababy.myshopify.com,active_ecommerce,shopify,True,,3,True,github_gist
buddyhelm.myshopify.com,active_ecommerce,shopify,True,,3,True,github_gist
budomedia.myshopify.com,active_ecommerce,shopify,True,,3,True,github_gist
buger.myshopify.com,active_ecommerce,shopify,True,,3,True,github_gist
buggabooks.myshopify.com,active_ecommerce,shopify,True,,3,True,github_gist
buggypress.myshopify.com,active_ecommerce,shopify,True,,3,True,github_gist
bugmeno.myshopify.com,active_ecommerce,shopify,True,,3,True,github_gist
bugmenot.myshopify.com,active_ecommerce,shopify,True,,3,True,github_gist
buildersbasket.myshopify.com,active_ecommerce,shopify,True,,3,True,github_gist
bukiissy.myshopify.com,active_ecommerce,shopify,True,,3,True,github_gist
bulcon.myshopify.com,active_ecommerce,shopify,True,,3,True,github_gist
bulkd.myshopify.com,active_ecommerce,shopify,True,,3,True,github_gist
bulldog.myshopify.com,active_ecommerce,shopify,True,,3,True,github_gist
bullfrogbaubles.myshopify.com,active_ecommerce,shopify,True,,3,True,github_gist
bullhorn.myshopify.com,active_ecommerce,shopify,True,,3,True,github_gist
bumblebee.myshopify.com,active_ecommerce,shopify,True,,3,True,github_gist
bumbleq.myshopify.com,active_ecommerce,shopify,True,,3,True,github_gist
bumi.myshopify.com,active_ecommerce,shopify,True,,3,True,github_gist
bummerware.myshopify.com,active_ecommerce,shopify,True,,3,True,github_gist
bunniesample.myshopify.com,active_ecommerce,shopify,True,,3,True,github_gist
bunnyday.myshopify.com,active_ecommerce,shopify,True,,3,True,github_gist
bunti.myshopify.com,active_ecommerce,shopify,True,,3,True,github_gist
bunya.myshopify.com,active_ecommerce,shopify,True,,3,True,github_gist
bunyalake.myshopify.com,active_ecommerce,shopify,True,,3,True,github_gist
buri.myshopify.com,active_ecommerce,shopify,True,,3,True,github_gist
burningthreads.myshopify.com,active_ecommerce,shopify,True,,3,True,github_gist
burst.myshopify.com,active_ecommerce,shopify,True,,3,True,github_gist
burstdesign.myshopify.com,active_ecommerce,shopify,True,,3,True,github_gist
burtonit.myshopify.com,active_ecommerce,shopify,True,,3,True,github_gist
bush.myshopify.com,active_ecommerce,shopify,True,,3,True,github_gist
bushleague.myshopify.com,active_ecommerce,shopify,True,,3,True,github_gist
business-garden.myshopify.com,active_ecommerce,shopify,True,,3,True,github_gist
businessadvances.myshopify.com,active_ecommerce,shopify,True,,3,True,github_gist
businessdvds.myshopify.com,active_ecommerce,shopify,True,,3,True,github_gist
businesskm.myshopify.com,active_ecommerce,shopify,True,,3,True,github_gist
businessprophets.myshopify.com,active_ecommerce,shopify,True,,3,True,github_gist
businet.myshopify.com,active_ecommerce,shopify,True,,3,True,github_gist
buttens.myshopify.com,active_ecommerce,shopify,True,,3,True,github_gist
butterbean.myshopify.com,active_ecommerce,shopify,True,,3,True,github_gist
butterflydesign.myshopify.com,active_ecommerce,shopify,True,,3,True,github_gist
buttons-up.myshopify.com,active_ecommerce,shopify,True,,3,True,github_gist
buttons.myshopify.com,active_ecommerce,shopify,True,,3,True,github_gist
buwh.myshopify.com,active_ecommerce,shopify,True,,3,True,github_gist
buxx.myshopify.com,active_ecommerce,shopify,True,,3,True,github_gist
buyandsell.myshopify.com,active_ecommerce,shopify,True,,3,True,github_gist
buyaskateboard.myshopify.com,active_ecommerce,shopify,True,,3,True,github_gist
buyblast.myshopify.com,active_ecommerce,shopify,True,,3,True,github_gist
buydanshouse.myshopify.com,active_ecommerce,shopify,True,,3,True,github_gist
buyemporium.myshopify.com,active_ecommerce,shopify,True,,3,True,github_gist
buyhoodiadirect.myshopify.com,active_ecommerce,shopify,True,,3,True,github_gist
buyindian.myshopify.com,active_ecommerce,shopify,True,,3,True,github_gist
buying.myshopify.com,active_ecommerce,shopify,True,,3,True,github_gist
buyit.myshopify.com,active_ecommerce,shopify,True,,3,True,github_gist
buyitnowus.myshopify.com,active_ecommerce,shopify,True,,3,True,github_gist
buyme.myshopify.com,active_ecommerce,shopify,True,,3,True,github_gist
buymeifyoucan.myshopify.com,active_ecommerce,shopify,True,,3,True,github_gist
buys.myshopify.com,active_ecommerce,shopify,True,,3,True,github_gist
buysell.myshopify.com,active_ecommerce,shopify,True,,3,True,github_gist
buyusa.myshopify.com,active_ecommerce,shopify,True,,3,True,github_gist
buyy.myshopify.com,active_ecommerce,shopify,True,,3,True,github_gist
buzybeecreations.myshopify.com,active_ecommerce,shopify,True,,3,True,github_gist
buzz.myshopify.com,active_ecommerce,shopify,True,,3,True,github_gist
bwshop.myshopify.com,active_ecommerce,shopify,True,,3,True,github_gist
byag.myshopify.com,active_ecommerce,shopify,True,,3,True,github_gist
byamber.myshopify.com,active_ecommerce,shopify,True,,3,True,github_gist
byates.myshopify.com,active_ecommerce,shopify,True,,3,True,github_gist
bygratuity.myshopify.com,active_ecommerce,shopify,True,,3,True,github_gist
bymomandme.myshopify.com,active_ecommerce,shopify,True,,3,True,github_gist
byopc.myshopify.com,active_ecommerce,shopify,True,,3,True,github_gist
byrdseed.myshopify.com,active_ecommerce,shopify,True,,3,True,github_gist
bytelevel.myshopify.com,active_ecommerce,shopify,True,,3,True,github_gist
bytenirvana.myshopify.com,active_ecommerce,shopify,True,,3,True,github_gist
bywave.myshopify.com,active_ecommerce,shopify,True,,3,True,github_gist
byxor.myshopify.com,active_ecommerce,shopify,True,,3,True,github_gist
c-64.myshopify.com,active_ecommerce,shopify,True,,3,True,github_gist
c-reel.myshopify.com,active_ecommerce,shopify,True,,3,True,github_gist
c03ur.myshopify.com,active_ecommerce,shopify,True,,3,True,github_gist
c2162.myshopify.com,active_ecommerce,shopify,True,,3,True,github_gist
ca168168.myshopify.com,active_ecommerce,shopify,True,,3,True,github_gist
cabedge.myshopify.com,active_ecommerce,shopify,True,,3,True,github_gist
cabin.myshopify.com,active_ecommerce,shopify,True,,3,True,github_gist
cabincoffee.myshopify.com,active_ecommerce,shopify,True,,3,True,github_gist
cabinhill.myshopify.com,active_ecommerce,shopify,True,,3,True,github_gist
cabtest.myshopify.com,active_ecommerce,shopify,True,,3,True,github_gist
caca.myshopify.com,active_ecommerce,shopify,True,,3,True,github_gist
cacapipi.myshopify.com,active_ecommerce,shopify,True,,3,True,github_gist
cachecows.myshopify.com,active_ecommerce,shopify,True,,3,True,github_gist
cactii.myshopify.com,active_ecommerce,shopify,True,,3,True,github_gist
cactus.myshopify.com,active_ecommerce,shopify,True,,3,True,github_gist
cademan.myshopify.com,active_ecommerce,shopify,True,,3,True,github_gist
cadenzadesign.myshopify.com,active_ecommerce,shopify,True,,3,True,github_gist
cadetgear.myshopify.com,active_ecommerce,shopify,True,,3,True,github_gist
caele.myshopify.com,active_ecommerce,shopify,True,,3,True,github_gist
cafeavila.myshopify.com,active_ecommerce,shopify,True,,3,True,github_gist
cafebrioso.myshopify.com,active_ecommerce,shopify,True,,3,True,github_gist
cafedave.myshopify.com,active_ecommerce,shopify,True,,3,True,github_gist
cafeshop.myshopify.com,active_ecommerce,shopify,True,,3,True,github_gist
caffenero.myshopify.com,active_ecommerce,shopify,True,,3,True,github_gist
caia.myshopify.com,active_ecommerce,shopify,True,,3,True,github_gist
calabashhandbags.myshopify.com,active_ecommerce,shopify,True,,3,True,github_gist
cale.myshopify.com,active_ecommerce,shopify,True,,3,True,github_gist
caleb.myshopify.com,active_ecommerce,shopify,True,,3,True,github_gist
calendarama.myshopify.com,active_ecommerce,shopify,True,,3,True,github_gist
calgarycounselling.myshopify.com,active_ecommerce,shopify,True,,3,True,github_gist
calidad3.myshopify.com,active_ecommerce,shopify,True,,3,True,github_gist
californiayoga.myshopify.com,active_ecommerce,shopify,True,,3,True,github_gist
callafrica.myshopify.com,active_ecommerce,shopify,True,,3,True,github_gist
callinsearch.myshopify.com,active_ecommerce,shopify,True,,3,True,github_gist
calmcomputing.myshopify.com,active_ecommerce,shopify,True,,3,True,github_gist
calvaryg.myshopify.com,active_ecommerce,shopify,True,,3,True,github_gist
calvin.myshopify.com,active_ecommerce,shopify,True,,3,True,github_gist
camberkits.myshopify.com,active_ecommerce,shopify,True,,3,True,github_gist
camelotpaintball.myshopify.com,active_ecommerce,shopify,True,,3,True,github_gist
cameodrive.myshopify.com,active_ecommerce,shopify,True,,3,True,github_gist
cameos.myshopify.com,active_ecommerce,shopify,True,,3,True,github_gist
camera.myshopify.com,active_ecommerce,shopify,True,,3,True,github_gist
cameras-mp3.myshopify.com,active_ecommerce,shopify,True,,3,True,github_gist
cameras.myshopify.com,active_ecommerce,shopify,True,,3,True,github_gist
cameron-dev.myshopify.com,active_ecommerce,shopify,True,,3,True,github_gist
cameron.myshopify.com,active_ecommerce,shopify,True,,3,True,github_gist
cameroncox.myshopify.com,active_ecommerce,shopify,True,,3,True,github_gist
camerontest.myshopify.com,active_ecommerce,shopify,True,,3,True,github_gist
camille.myshopify.com,active_ecommerce,shopify,True,,3,True,github_gist
camilo.myshopify.com,active_ecommerce,shopify,True,,3,True,github_gist
camisolasclubes.myshopify.com,active_ecommerce,shopify,True,,3,True,github_gist
camojack.myshopify.com,active_ecommerce,shopify,True,,3,True,github_gist
campaign.myshopify.com,active_ecommerce,shopify,True,,3,True,github_gist
canada.myshopify.com,active_ecommerce,shopify,True,,3,True,github_gist
canadianbio.myshopify.com,active_ecommerce,shopify,True,,3,True,github_gist
cancer.myshopify.com,active_ecommerce,shopify,True,,3,True,github_gist
candc.myshopify.com,active_ecommerce,shopify,True,,3,True,github_gist
candemil.myshopify.com,active_ecommerce,shopify,True,,3,True,github_gist
candidwear.myshopify.com,active_ecommerce,shopify,True,,3,True,github_gist
candle.myshopify.com,active_ecommerce,shopify,True,,3,True,github_gist
candlepower.myshopify.com,active_ecommerce,shopify,True,,3,True,github_gist
candles.myshopify.com,active_ecommerce,shopify,True,,3,True,github_gist
candlestickcraft.myshopify.com,active_ecommerce,shopify,True,,3,True,github_gist
candonga.myshopify.com,active_ecommerce,shopify,True,,3,True,github_gist
candy.myshopify.com,active_ecommerce,shopify,True,,3,True,github_gist
candyary.myshopify.com,active_ecommerce,shopify,True,,3,True,github_gist
candyforichmen.myshopify.com,active_ecommerce,shopify,True,,3,True,github_gist
canninecrystals.myshopify.com,active_ecommerce,shopify,True,,3,True,github_gist
canoesandkayaks.myshopify.com,active_ecommerce,shopify,True,,3,True,github_gist
canoeskayaks.myshopify.com,active_ecommerce,shopify,True,,3,True,github_gist
cantron.myshopify.com,active_ecommerce,shopify,True,,3,True,github_gist
cantthink.myshopify.com,active_ecommerce,shopify,True,,3,True,github_gist
canuck.myshopify.com,active_ecommerce,shopify,True,,3,True,github_gist
canvas.myshopify.com,active_ecommerce,shopify,True,,3,True,github_gist
canvasmagazine.myshopify.com,active_ecommerce,shopify,True,,3,True,github_gist
capability-systems.myshopify.com,active_ecommerce,shopify,True,,3,True,github_gist
capalongas.myshopify.com,active_ecommerce,shopify,True,,3,True,github_gist
capecod.myshopify.com,active_ecommerce,shopify,True,,3,True,github_gist
capecodinc.myshopify.com,active_ecommerce,shopify,True,,3,True,github_gist
capoeira.myshopify.com,active_ecommerce,shopify,True,,3,True,github_gist
capothingy.myshopify.com,active_ecommerce,shopify,True,,3,True,github_gist
cappadocia.myshopify.com,active_ecommerce,shopify,True,,3,True,github_gist
capricon.myshopify.com,active_ecommerce,shopify,True,,3,True,github_gist
caps.myshopify.com,active_ecommerce,shopify,True,,3,True,github_gist
capsrus.myshopify.com,active_ecommerce,shopify,True,,3,True,github_gist
captivate.myshopify.com,active_ecommerce,shopify,True,,3,True,github_gist
cara-tm.myshopify.com,active_ecommerce,shopify,True,,3,True,github_gist
caracal.myshopify.com,active_ecommerce,shopify,True,,3,True,github_gist
carascards.myshopify.com,active_ecommerce,shopify,True,,3,True,github_gist
carboloader.myshopify.com,active_ecommerce,shopify,True,,3,True,github_gist
carbonskin.myshopify.com,active_ecommerce,shopify,True,,3,True,github_gist
cardoso.myshopify.com,active_ecommerce,shopify,True,,3,True,github_gist
caribou.myshopify.com,active_ecommerce,shopify,True,,3,True,github_gist
caringformarriage.myshopify.com,active_ecommerce,shopify,True,,3,True,github_gist
caritos.myshopify.com,active_ecommerce,shopify,True,,3,True,github_gist
carlosvarela.myshopify.com,active_ecommerce,shopify,True,,3,True,github_gist
carocino.myshopify.com,active_ecommerce,shopify,True,,3,True,github_gist
carolelou.myshopify.com,active_ecommerce,shopify,True,,3,True,github_gist
carpediem.myshopify.com,active_ecommerce,shopify,True,,3,True,github_gist
carrieanddanielle.myshopify.com,active_ecommerce,shopify,True,,3,True,github_gist
carriebs.myshopify.com,active_ecommerce,shopify,True,,3,True,github_gist
carrolltech.myshopify.com,active_ecommerce,shopify,True,,3,True,github_gist
carrosyaviones.myshopify.com,active_ecommerce,shopify,True,,3,True,github_gist
carrotmania.myshopify.com,active_ecommerce,shopify,True,,3,True,github_gist
cars4montana.myshopify.com,active_ecommerce,shopify,True,,3,True,github_gist
carsonworkshops.myshopify.com,active_ecommerce,shopify,True,,3,True,github_gist
cartdev.myshopify.com,active_ecommerce,shopify,True,,3,True,github_gist
cartel.myshopify.com,active_ecommerce,shopify,True,,3,True,github_gist
carthage.myshopify.com,active_ecommerce,shopify,True,,3,True,github_gist
cartoons.myshopify.com,active_ecommerce,shopify,True,,3,True,github_gist
cartouche.myshopify.com,active_ecommerce,shopify,True,,3,True,github_gist
cartouchemania.myshopify.com,active_ecommerce,shopify,True,,3,True,github_gist
casabeads.myshopify.com,active_ecommerce,shopify,True,,3,True,github_gist
casabonita.myshopify.com,active_ecommerce,shopify,True,,3,True,github_gist
casaparrina.myshopify.com,active_ecommerce,shopify,True,,3,True,github_gist
casatu.myshopify.com,active_ecommerce,shopify,True,,3,True,github_gist
casecreations.myshopify.com,active_ecommerce,shopify,True,,3,True,github_gist
casereaplace.myshopify.com,active_ecommerce,shopify,True,,3,True,github_gist
caseypicker.myshopify.com,active_ecommerce,shopify,True,,3,True,github_gist
cashmere.myshopify.com,active_ecommerce,shopify,True,,3,True,github_gist
caskids.myshopify.com,active_ecommerce,shopify,True,,3,True,github_gist
caslava.myshopify.com,active_ecommerce,shopify,True,,3,True,github_gist
cassenna.myshopify.com,active_ecommerce,shopify,True,,3,True,github_gist
castcount.myshopify.com,active_ecommerce,shopify,True,,3,True,github_gist
castine.myshopify.com,active_ecommerce,shopify,True,,3,True,github_gist
castle.myshopify.com,active_ecommerce,shopify,True,,3,True,github_gist
casualjewellery.myshopify.com,active_ecommerce,shopify,True,,3,True,github_gist
catalog.myshopify.com,active_ecommerce,shopify,True,,3,True,github_gist
catarina.myshopify.com,active_ecommerce,shopify,True,,3,True,github_gist
catarinense.myshopify.com,active_ecommerce,shopify,True,,3,True,github_gist
catbags.myshopify.com,active_ecommerce,shopify,True,,3,True,github_gist
catcarriers.myshopify.com,active_ecommerce,shopify,True,,3,True,github_gist
cathalsshop.myshopify.com,active_ecommerce,shopify,True,,3,True,github_gist
catharsis.myshopify.com,active_ecommerce,shopify,True,,3,True,github_gist
cats.myshopify.com,active_ecommerce,shopify,True,,3,True,github_gist
catsandmangoes.myshopify.com,active_ecommerce,shopify,True,,3,True,github_gist
catscrafts.myshopify.com,active_ecommerce,shopify,True,,3,True,github_gist
catsmeowdesigns.myshopify.com,active_ecommerce,shopify,True,,3,True,github_gist
cause.myshopify.com,active_ecommerce,shopify,True,,3,True,github_gist
cavatutumba.myshopify.com,active_ecommerce,shopify,True,,3,True,github_gist
cave.myshopify.com,active_ecommerce,shopify,True,,3,True,github_gist
cazbah.myshopify.com,active_ecommerce,shopify,True,,3,True,github_gist
cbeels.myshopify.com,active_ecommerce,shopify,True,,3,True,github_gist
cccengineering.myshopify.com,active_ecommerce,shopify,True,,3,True,github_gist
cceshop.myshopify.com,active_ecommerce,shopify,True,,3,True,github_gist
ccgw.myshopify.com,active_ecommerce,shopify,True,,3,True,github_gist
ccldc.myshopify.com,active_ecommerce,shopify,True,,3,True,github_gist
ccohagan.myshopify.com,active_ecommerce,shopify,True,,3,True,github_gist
ccpc.myshopify.com,active_ecommerce,shopify,True,,3,True,github_gist
ccwstore.myshopify.com,active_ecommerce,shopify,True,,3,True,github_gist
cdfromtheartist.myshopify.com,active_ecommerce,shopify,True,,3,True,github_gist
cdmwebs.myshopify.com,active_ecommerce,shopify,True,,3,True,github_gist
cdnbusiness.myshopify.com,active_ecommerce,shopify,True,,3,True,github_gist
cdsaccount.myshopify.com,active_ecommerce,shopify,True,,3,True,github_gist
cdsu.myshopify.com,active_ecommerce,shopify,True,,3,True,github_gist
cebijux.myshopify.com,active_ecommerce,shopify,True,,3,True,github_gist
cebulon.myshopify.com,active_ecommerce,shopify,True,,3,True,github_gist
ceclavin.myshopify.com,active_ecommerce,shopify,True,,3,True,github_gist
cedarcreekpens.myshopify.com,active_ecommerce,shopify,True,,3,True,github_gist
cedric.myshopify.com,active_ecommerce,shopify,True,,3,True,github_gist
celarent.myshopify.com,active_ecommerce,shopify,True,,3,True,github_gist
celebrate.myshopify.com,active_ecommerce,shopify,True,,3,True,github_gist
celebrityinyouhairandaccessories.myshopify.com,active_ecommerce,shopify,True,,3,True,github_gist
cell.myshopify.com,active_ecommerce,shopify,True,,3,True,github_gist
cellfoodcenter.myshopify.com,active_ecommerce,shopify,True,,3,True,github_gist
cellmiz.myshopify.com,active_ecommerce,shopify,True,,3,True,github_gist
cellphone.myshopify.com,active_ecommerce,shopify,True,,3,True,github_gist
cellphonemagic.myshopify.com,active_ecommerce,shopify,True,,3,True,github_gist
cellphones.myshopify.com,active_ecommerce,shopify,True,,3,True,github_gist
cellstuff.myshopify.com,active_ecommerce,shopify,True,,3,True,github_gist
cellular.myshopify.com,active_ecommerce,shopify,True,,3,True,github_gist
celovec.myshopify.com,active_ecommerce,shopify,True,,3,True,github_gist
cels.myshopify.com,active_ecommerce,shopify,True,,3,True,github_gist
celsiuscms.myshopify.com,active_ecommerce,shopify,True,,3,True,github_gist
celticcraftsandartireland.myshopify.com,active_ecommerce,shopify,True,,3,True,github_gist
celticqualitycreations.myshopify.com,active_ecommerce,shopify,True,,3,True,github_gist
centrorussiaecumenica.myshopify.com,active_ecommerce,shopify,True,,3,True,github_gist
ceramics.myshopify.com,active_ecommerce,shopify,True,,3,True,github_gist
cerengeti.myshopify.com,active_ecommerce,shopify,True,,3,True,github_gist
cero.myshopify.com,active_ecommerce,shopify,True,,3,True,github_gist
cerw.myshopify.com,active_ecommerce,shopify,True,,3,True,github_gist
cesarreyesa.myshopify.com,active_ecommerce,shopify,True,,3,True,github_gist
cestas.myshopify.com,active_ecommerce,shopify,True,,3,True,github_gist
cestfleur.myshopify.com,active_ecommerce,shopify,True,,3,True,github_gist
cf-sparkle.myshopify.com,active_ecommerce,shopify,True,,3,True,github_gist
cfcases.myshopify.com,active_ecommerce,shopify,True,,3,True,github_gist
cfctops.myshopify.com,active_ecommerce,shopify,True,,3,True,github_gist
cgar.myshopify.com,active_ecommerce,shopify,True,,3,True,github_gist
cgshop.myshopify.com,active_ecommerce,shopify,True,,3,True,github_gist
chachie.myshopify.com,active_ecommerce,shopify,True,,3,True,github_gist
chacotay.myshopify.com,active_ecommerce,shopify,True,,3,True,github_gist
chad.myshopify.com,active_ecommerce,shopify,True,,3,True,github_gist
chadfowler.myshopify.com,active_ecommerce,shopify,True,,3,True,github_gist
chadh.myshopify.com,active_ecommerce,shopify,True,,3,True,github_gist
chaebol.myshopify.com,active_ecommerce,shopify,True,,3,True,github_gist
chainburners.myshopify.com,active_ecommerce,shopify,True,,3,True,github_gist
chainofevents.myshopify.com,active_ecommerce,shopify,True,,3,True,github_gist
chakuriki.myshopify.com,active_ecommerce,shopify,True,,3,True,github_gist
chalukya.myshopify.com,active_ecommerce,shopify,True,,3,True,github_gist
chamberalintech.myshopify.com,active_ecommerce,shopify,True,,3,True,github_gist
chameleon.myshopify.com,active_ecommerce,shopify,True,,3,True,github_gist
champaksteel.myshopify.com,active_ecommerce,shopify,True,,3,True,github_gist
chance.myshopify.com,active_ecommerce,shopify,True,,3,True,github_gist
chandelier-earrings.myshopify.com,active_ecommerce,shopify,True,,3,True,github_gist
chang1.myshopify.com,active_ecommerce,shopify,True,,3,True,github_gist
channelutv.myshopify.com,active_ecommerce,shopify,True,,3,True,github_gist
chaosintoart.myshopify.com,active_ecommerce,shopify,True,,3,True,github_gist
chaoticdust.myshopify.com,active_ecommerce,shopify,True,,3,True,github_gist
charbs.myshopify.com,active_ecommerce,shopify,True,,3,True,github_gist
chardy.myshopify.com,active_ecommerce,shopify,True,,3,True,github_gist
charelle.myshopify.com,active_ecommerce,shopify,True,,3,True,github_gist
chargehard.myshopify.com,active_ecommerce,shopify,True,,3,True,github_gist
charity.myshopify.com,active_ecommerce,shopify,True,,3,True,github_gist
charlieepler.myshopify.com,active_ecommerce,shopify,True,,3,True,github_gist
charlies.myshopify.com,active_ecommerce,shopify,True,,3,True,github_gist
charmoon.myshopify.com,active_ecommerce,shopify,True,,3,True,github_gist
charta.myshopify.com,active_ecommerce,shopify,True,,3,True,github_gist
chartleys.myshopify.com,active_ecommerce,shopify,True,,3,True,github_gist
charugarg.myshopify.com,active_ecommerce,shopify,True,,3,True,github_gist
chass.myshopify.com,active_ecommerce,shopify,True,,3,True,github_gist
chateaudejazz.myshopify.com,active_ecommerce,shopify,True,,3,True,github_gist
chatwc.myshopify.com,active_ecommerce,shopify,True,,3,True,github_gist
chaussures.myshopify.com,active_ecommerce,shopify,True,,3,True,github_gist
chay.myshopify.com,active_ecommerce,shopify,True,,3,True,github_gist
chdl.myshopify.com,active_ecommerce,shopify,True,,3,True,github_gist
cheapadultdvdsireland.myshopify.com,active_ecommerce,shopify,True,,3,True,github_gist
cheapadultentertainmentireland.myshopify.com,active_ecommerce,shopify,True,,3,True,github_gist
cheapdirt.myshopify.com,active_ecommerce,shopify,True,,3,True,github_gist
cheaptreasures.myshopify.com,active_ecommerce,shopify,True,,3,True,github_gist
chebz.myshopify.com,active_ecommerce,shopify,True,,3,True,github_gist
checkeredflagsupplies.myshopify.com,active_ecommerce,shopify,True,,3,True,github_gist
checklist.myshopify.com,active_ecommerce,shopify,True,,3,True,github_gist
cheekwood.myshopify.com,active_ecommerce,shopify,True,,3,True,github_gist
cheers.myshopify.com,active_ecommerce,shopify,True,,3,True,github_gist
cheese.myshopify.com,active_ecommerce,shopify,True,,3,True,github_gist
chelseascloset.myshopify.com,active_ecommerce,shopify,True,,3,True,github_gist
chemicals.myshopify.com,active_ecommerce,shopify,True,,3,True,github_gist
chemonk.myshopify.com,active_ecommerce,shopify,True,,3,True,github_gist
cherryontop.myshopify.com,active_ecommerce,shopify,True,,3,True,github_gist
cherrytree.myshopify.com,active_ecommerce,shopify,True,,3,True,github_gist
chesapeakegreetings.myshopify.com,active_ecommerce,shopify,True,,3,True,github_gist
cheshireodgs.myshopify.com,active_ecommerce,shopify,True,,3,True,github_gist
chess.myshopify.com,active_ecommerce,shopify,True,,3,True,github_gist
chester.myshopify.com,active_ecommerce,shopify,True,,3,True,github_gist
chewyshops.myshopify.com,active_ecommerce,shopify,True,,3,True,github_gist
cheyennejack.myshopify.com,active_ecommerce,shopify,True,,3,True,github_gist
chezmomo.myshopify.com,active_ecommerce,shopify,True,,3,True,github_gist
chic.myshopify.com,active_ecommerce,shopify,True,,3,True,github_gist
chicagotourism.myshopify.com,active_ecommerce,shopify,True,,3,True,github_gist
chicastyle.myshopify.com,active_ecommerce,shopify,True,,3,True,github_gist
chicinvites.myshopify.com,active_ecommerce,shopify,True,,3,True,github_gist
chicnz.myshopify.com,active_ecommerce,shopify,True,,3,True,github_gist
chicshop.myshopify.com,active_ecommerce,shopify,True,,3,True,github_gist
chicshoppe.myshopify.com,active_ecommerce,shopify,True,,3,True,github_gist
chidayspa.myshopify.com,active_ecommerce,shopify,True,,3,True,github_gist
chilang.myshopify.com,active_ecommerce,shopify,True,,3,True,github_gist
childcare.myshopify.com,active_ecommerce,shopify,True,,3,True,github_gist
children.myshopify.com,active_ecommerce,shopify,True,,3,True,github_gist
chillo.myshopify.com,active_ecommerce,shopify,True,,3,True,github_gist
chima.myshopify.com,active_ecommerce,shopify,True,,3,True,github_gist
chinajsnjhyb.myshopify.com,active_ecommerce,shopify,True,,3,True,github_gist
chinamaner.myshopify.com,active_ecommerce,shopify,True,,3,True,github_gist
chinasprout.myshopify.com,active_ecommerce,shopify,True,,3,True,github_gist
chinawilson.myshopify.com,active_ecommerce,shopify,True,,3,True,github_gist
chindogu.myshopify.com,active_ecommerce,shopify,True,,3,True,github_gist
chindubindu.myshopify.com,active_ecommerce,shopify,True,,3,True,github_gist
chineseart.myshopify.com,active_ecommerce,shopify,True,,3,True,github_gist
chineseherbalpharmacy.myshopify.com,active_ecommerce,shopify,True,,3,True,github_gist
chingis.myshopify.com,active_ecommerce,shopify,True,,3,True,github_gist
chipp.myshopify.com,active_ecommerce,shopify,True,,3,True,github_gist
chirag45.myshopify.com,active_ecommerce,shopify,True,,3,True,github_gist
chiragpandya.myshopify.com,active_ecommerce,shopify,True,,3,True,github_gist
chirowear.myshopify.com,active_ecommerce,shopify,True,,3,True,github_gist
chispaspublicidad.myshopify.com,active_ecommerce,shopify,True,,3,True,github_gist
chloe21.myshopify.com,active_ecommerce,shopify,True,,3,True,github_gist
choo.myshopify.com,active_ecommerce,shopify,True,,3,True,github_gist
chooselife.myshopify.com,active_ecommerce,shopify,True,,3,True,github_gist
chophaus.myshopify.com,active_ecommerce,shopify,True,,3,True,github_gist
chopperparts.myshopify.com,active_ecommerce,shopify,True,,3,True,github_gist
chopshop.myshopify.com,active_ecommerce,shopify,True,,3,True,github_gist
chopstix.myshopify.com,active_ecommerce,shopify,True,,3,True,github_gist
chou.myshopify.com,active_ecommerce,shopify,True,,3,True,github_gist
choup.myshopify.com,active_ecommerce,shopify,True,,3,True,github_gist
chrisanddeb.myshopify.com,active_ecommerce,shopify,True,,3,True,github_gist
chrisbusse.myshopify.com,active_ecommerce,shopify,True,,3,True,github_gist
chrislittell.myshopify.com,active_ecommerce,shopify,True,,3,True,github_gist
chrisrarebooks.myshopify.com,active_ecommerce,shopify,True,,3,True,github_gist
christ.myshopify.com,active_ecommerce,shopify,True,,3,True,github_gist
christandproud.myshopify.com,active_ecommerce,shopify,True,,3,True,github_gist
christianaudio.myshopify.com,active_ecommerce,shopify,True,,3,True,github_gist
christianaudioresources.myshopify.com,active_ecommerce,shopify,True,,3,True,github_gist
christina.myshopify.com,active_ecommerce,shopify,True,,3,True,github_gist
christopher.myshopify.com,active_ecommerce,shopify,True,,3,True,github_gist
chronicremedies.myshopify.com,active_ecommerce,shopify,True,,3,True,github_gist
chrysalis.myshopify.com,active_ecommerce,shopify,True,,3,True,github_gist
chuan.myshopify.com,active_ecommerce,shopify,True,,3,True,github_gist
chubbyfish.myshopify.com,active_ecommerce,shopify,True,,3,True,github_gist
chuck.myshopify.com,active_ecommerce,shopify,True,,3,True,github_gist
chuckles.myshopify.com,active_ecommerce,shopify,True,,3,True,github_gist
chucksstuff.myshopify.com,active_ecommerce,shopify,True,,3,True,github_gist
chucksville.myshopify.com,active_ecommerce,shopify,True,,3,True,github_gist
chuj.myshopify.com,active_ecommerce,shopify,True,,3,True,github_gist
chupa.myshopify.com,active_ecommerce,shopify,True,,3,True,github_gist
chura.myshopify.com,active_ecommerce,shopify,True,,3,True,github_gist
churchcommunicationspro.myshopify.com,active_ecommerce,shopify,True,,3,True,github_gist
chux.myshopify.com,active_ecommerce,shopify,True,,3,True,github_gist
ciboperlamente.myshopify.com,active_ecommerce,shopify,True,,3,True,github_gist
cice.myshopify.com,active_ecommerce,shopify,True,,3,True,github_gist
cicily.myshopify.com,active_ecommerce,shopify,True,,3,True,github_gist
ciclomaniacos.myshopify.com,active_ecommerce,shopify,True,,3,True,github_gist
cider.myshopify.com,active_ecommerce,shopify,True,,3,True,github_gist
cidstorez.myshopify.com,active_ecommerce,shopify,True,,3,True,github_gist
ciganos.myshopify.com,active_ecommerce,shopify,True,,3,True,github_gist
cigarettes.myshopify.com,active_ecommerce,shopify,True,,3,True,github_gist
cigarlife.myshopify.com,active_ecommerce,shopify,True,,3,True,github_gist
cigars.myshopify.com,active_ecommerce,shopify,True,,3,True,github_gist
cincpac.myshopify.com,active_ecommerce,shopify,True,,3,True,github_gist
cindykau.myshopify.com,active_ecommerce,shopify,True,,3,True,github_gist
cindyscards.myshopify.com,active_ecommerce,shopify,True,,3,True,github_gist
cinemasetfree.myshopify.com,active_ecommerce,shopify,True,,3,True,github_gist
cinqpages.myshopify.com,active_ecommerce,shopify,True,,3,True,github_gist
cintoo.myshopify.com,active_ecommerce,shopify,True,,3,True,github_gist
circle42.myshopify.com,active_ecommerce,shopify,True,,3,True,github_gist
circularbreath.myshopify.com,active_ecommerce,shopify,True,,3,True,github_gist
circus.myshopify.com,active_ecommerce,shopify,True,,3,True,github_gist
circuscircus.myshopify.com,active_ecommerce,shopify,True,,3,True,github_gist
cirem.myshopify.com,active_ecommerce,shopify,True,,3,True,github_gist
cirrus.myshopify.com,active_ecommerce,shopify,True,,3,True,github_gist
ciscbrain.myshopify.com,active_ecommerce,shopify,True,,3,True,github_gist
citeesclothing.myshopify.com,active_ecommerce,shopify,True,,3,True,github_gist
citrik.myshopify.com,active_ecommerce,shopify,True,,3,True,github_gist
citronjaune.myshopify.com,active_ecommerce,shopify,True,,3,True,github_gist
citrus.myshopify.com,active_ecommerce,shopify,True,,3,True,github_gist
citybrew.myshopify.com,active_ecommerce,shopify,True,,3,True,github_gist
citychristianpublishing.myshopify.com,active_ecommerce,shopify,True,,3,True,github_gist
cityeyesphoto.myshopify.com,active_ecommerce,shopify,True,,3,True,github_gist
citylunch.myshopify.com,active_ecommerce,shopify,True,,3,True,github_gist
citymax.myshopify.com,active_ecommerce,shopify,True,,3,True,github_gist
civetta.myshopify.com,active_ecommerce,shopify,True,,3,True,github_gist
ckasyo.myshopify.com,active_ecommerce,shopify,True,,3,True,github_gist
ckingdom.myshopify.com,active_ecommerce,shopify,True,,3,True,github_gist
cktang.myshopify.com,active_ecommerce,shopify,True,,3,True,github_gist
clairemorrow.myshopify.com,active_ecommerce,shopify,True,,3,True,github_gist
clairestannard.myshopify.com,active_ecommerce,shopify,True,,3,True,github_gist
clangtint.myshopify.com,active_ecommerce,shopify,True,,3,True,github_gist
clanlab.myshopify.com,active_ecommerce,shopify,True,,3,True,github_gist
clarktest.myshopify.com,active_ecommerce,shopify,True,,3,True,github_gist
classic-cd-stemberger.myshopify.com,active_ecommerce,shopify,True,,3,True,github_gist
classic.myshopify.com,active_ecommerce,shopify,True,,3,True,github_gist
classic45s.myshopify.com,active_ecommerce,shopify,True,,3,True,github_gist
classicprintsandpaintings.myshopify.com,active_ecommerce,shopify,True,,3,True,github_gist
classics.myshopify.com,active_ecommerce,shopify,True,,3,True,github_gist
classictreasures.myshopify.com,active_ecommerce,shopify,True,,3,True,github_gist
classshiftself.myshopify.com,active_ecommerce,shopify,True,,3,True,github_gist
claudiamilan.myshopify.com,active_ecommerce,shopify,True,,3,True,github_gist
clavicorn.myshopify.com,active_ecommerce,shopify,True,,3,True,github_gist
clawsout.myshopify.com,active_ecommerce,shopify,True,,3,True,github_gist
cleanair.myshopify.com,active_ecommerce,shopify,True,,3,True,github_gist
clearance.myshopify.com,active_ecommerce,shopify,True,,3,True,github_gist
clearcon.myshopify.com,active_ecommerce,shopify,True,,3,True,github_gist
clearmountain.myshopify.com,active_ecommerce,shopify,True,,3,True,github_gist
clearmountaincraft.myshopify.com,active_ecommerce,shopify,True,,3,True,github_gist
click2buy.myshopify.com,active_ecommerce,shopify,True,,3,True,github_gist
clicksolutions.myshopify.com,active_ecommerce,shopify,True,,3,True,github_gist
client.myshopify.com,active_ecommerce,shopify,True,,3,True,github_gist
climb.myshopify.com,active_ecommerce,shopify,True,,3,True,github_gist
climbthemast.myshopify.com,active_ecommerce,shopify,True,,3,True,github_gist
cliquopoly.myshopify.com,active_ecommerce,shopify,True,,3,True,github_gist
clogzilla.myshopify.com,active_ecommerce,shopify,True,,3,True,github_gist
clooti.myshopify.com,active_ecommerce,shopify,True,,3,True,github_gist
clorofylia.myshopify.com,active_ecommerce,shopify,True,,3,True,github_gist
closet.myshopify.com,active_ecommerce,shopify,True,,3,True,github_gist
clothes.myshopify.com,active_ecommerce,shopify,True,,3,True,github_gist
clothingapparel.myshopify.com,active_ecommerce,shopify,True,,3,True,github_gist
clothingwholesale.myshopify.com,active_ecommerce,shopify,True,,3,True,github_gist
clowns.myshopify.com,active_ecommerce,shopify,True,,3,True,github_gist
clrvsn.myshopify.com,active_ecommerce,shopify,True,,3,True,github_gist
club.myshopify.com,active_ecommerce,shopify,True,,3,True,github_gist
clubfit.myshopify.com,active_ecommerce,shopify,True,,3,True,github_gist
clutterchick.myshopify.com,active_ecommerce,shopify,True,,3,True,github_gist
cluworks.myshopify.com,active_ecommerce,shopify,True,,3,True,github_gist
clynx.myshopify.com,active_ecommerce,shopify,True,,3,True,github_gist
cmaigna.myshopify.com,active_ecommerce,shopify,True,,3,True,github_gist
cmangla.myshopify.com,active_ecommerce,shopify,True,,3,True,github_gist
cmanifestations.myshopify.com,active_ecommerce,shopify,True,,3,True,github_gist
cmatoile.myshopify.com,active_ecommerce,shopify,True,,3,True,github_gist
cmpshop.myshopify.com,active_ecommerce,shopify,True,,3,True,github_gist
cnantais.myshopify.com,active_ecommerce,shopify,True,,3,True,github_gist
cnbuy.myshopify.com,active_ecommerce,shopify,True,,3,True,github_gist
cngoods.myshopify.com,active_ecommerce,shopify,True,,3,True,github_gist
coachcallahancharities.myshopify.com,active_ecommerce,shopify,True,,3,True,github_gist
cobrabrand.myshopify.com,active_ecommerce,shopify,True,,3,True,github_gist
cochranetobacco.myshopify.com,active_ecommerce,shopify,True,,3,True,github_gist
cocobanana.myshopify.com,active_ecommerce,shopify,True,,3,True,github_gist
cocolomall.myshopify.com,active_ecommerce,shopify,True,,3,True,github_gist
coconuts.myshopify.com,active_ecommerce,shopify,True,,3,True,github_gist
cocos.myshopify.com,active_ecommerce,shopify,True,,3,True,github_gist
code.myshopify.com,active_ecommerce,shopify,True,,3,True,github_gist
codec.myshopify.com,active_ecommerce,shopify,True,,3,True,github_gist
codesafety.myshopify.com,active_ecommerce,shopify,True,,3,True,github_gist
codeserver.myshopify.com,active_ecommerce,shopify,True,,3,True,github_gist
codeshop.myshopify.com,active_ecommerce,shopify,True,,3,True,github_gist
codesign.myshopify.com,active_ecommerce,shopify,True,,3,True,github_gist
codestream.myshopify.com,active_ecommerce,shopify,True,,3,True,github_gist
codex.myshopify.com,active_ecommerce,shopify,True,,3,True,github_gist
coek.myshopify.com,active_ecommerce,shopify,True,,3,True,github_gist
cofeemachines.myshopify.com,active_ecommerce,shopify,True,,3,True,github_gist
coffee.myshopify.com,active_ecommerce,shopify,True,,3,True,github_gist
coffeeandrecords.myshopify.com,active_ecommerce,shopify,True,,3,True,github_gist
coffeebean.myshopify.com,active_ecommerce,shopify,True,,3,True,github_gist
coffeebeans.myshopify.com,active_ecommerce,shopify,True,,3,True,github_gist
coffeecentral.myshopify.com,active_ecommerce,shopify,True,,3,True,github_gist
coffeemachines.myshopify.com,active_ecommerce,shopify,True,,3,True,github_gist
coffeeshop.myshopify.com,active_ecommerce,shopify,True,,3,True,github_gist
coffeeteaorme.myshopify.com,active_ecommerce,shopify,True,,3,True,github_gist
coffeeweb.myshopify.com,active_ecommerce,shopify,True,,3,True,github_gist
cogip.myshopify.com,active_ecommerce,shopify,True,,3,True,github_gist
cognitosystems.myshopify.com,active_ecommerce,shopify,True,,3,True,github_gist
coins.myshopify.com,active_ecommerce,shopify,True,,3,True,github_gist
coisasdebicho.myshopify.com,active_ecommerce,shopify,True,,3,True,github_gist
colabprint.myshopify.com,active_ecommerce,shopify,True,,3,True,github_gist
coldcrush.myshopify.com,active_ecommerce,shopify,True,,3,True,github_gist
coldfusion.myshopify.com,active_ecommerce,shopify,True,,3,True,github_gist
coldpie.myshopify.com,active_ecommerce,shopify,True,,3,True,github_gist
coldyuan.myshopify.com,active_ecommerce,shopify,True,,3,True,github_gist
collagen.myshopify.com,active_ecommerce,shopify,True,,3,True,github_gist
collect.myshopify.com,active_ecommerce,shopify,True,,3,True,github_gist
collectable.myshopify.com,active_ecommerce,shopify,True,,3,True,github_gist
collectables.myshopify.com,active_ecommerce,shopify,True,,3,True,github_gist
collectemalls.myshopify.com,active_ecommerce,shopify,True,,3,True,github_gist
collectibledelectables.myshopify.com,active_ecommerce,shopify,True,,3,True,github_gist
collectiveidea.myshopify.com,active_ecommerce,shopify,True,,3,True,github_gist
collegebound.myshopify.com,active_ecommerce,shopify,True,,3,True,github_gist
collegekidswhere.myshopify.com,active_ecommerce,shopify,True,,3,True,github_gist
collegestuff.myshopify.com,active_ecommerce,shopify,True,,3,True,github_gist
colombiacipedemo.myshopify.com,active_ecommerce,shopify,True,,3,True,github_gist
colony.myshopify.com,active_ecommerce,shopify,True,,3,True,github_gist
color.myshopify.com,active_ecommerce,shopify,True,,3,True,github_gist
colossus.myshopify.com,active_ecommerce,shopify,True,,3,True,github_gist
colourmod.myshopify.com,active_ecommerce,shopify,True,,3,True,github_gist
colourweb.myshopify.com,active_ecommerce,shopify,True,,3,True,github_gist
comawhite.myshopify.com,active_ecommerce,shopify,True,,3,True,github_gist
combidiet.myshopify.com,active_ecommerce,shopify,True,,3,True,github_gist
comebuy.myshopify.com,active_ecommerce,shopify,True,,3,True,github_gist
comedy.myshopify.com,active_ecommerce,shopify,True,,3,True,github_gist
comet.myshopify.com,active_ecommerce,shopify,True,,3,True,github_gist
comet417.myshopify.com,active_ecommerce,shopify,True,,3,True,github_gist
comfortzone.myshopify.com,active_ecommerce,shopify,True,,3,True,github_gist
comfyshoes.myshopify.com,active_ecommerce,shopify,True,,3,True,github_gist
comic.myshopify.com,active_ecommerce,shopify,True,,3,True,github_gist
comics-store.myshopify.com,active_ecommerce,shopify,True,,3,True,github_gist
comics.myshopify.com,active_ecommerce,shopify,True,,3,True,github_gist
comicshop.myshopify.com,active_ecommerce,shopify,True,,3,True,github_gist
comix.myshopify.com,active_ecommerce,shopify,True,,3,True,github_gist
commerce.myshopify.com,active_ecommerce,shopify,True,,3,True,github_gist
commingled.myshopify.com,active_ecommerce,shopify,True,,3,True,github_gist
commonscents.myshopify.com,active_ecommerce,shopify,True,,3,True,github_gist
commonscentscosmetics.myshopify.com,active_ecommerce,shopify,True,,3,True,github_gist
communicatie.myshopify.com,active_ecommerce,shopify,True,,3,True,github_gist
community.myshopify.com,active_ecommerce,shopify,True,,3,True,github_gist
commverge.myshopify.com,active_ecommerce,shopify,True,,3,True,github_gist
comp.myshopify.com,active_ecommerce,shopify,True,,3,True,github_gist
companice.myshopify.com,active_ecommerce,shopify,True,,3,True,github_gist
companion.myshopify.com,active_ecommerce,shopify,True,,3,True,github_gist
competentcells.myshopify.com,active_ecommerce,shopify,True,,3,True,github_gist
compranet.myshopify.com,active_ecommerce,shopify,True,,3,True,github_gist
compras.myshopify.com,active_ecommerce,shopify,True,,3,True,github_gist
compsforall.myshopify.com,active_ecommerce,shopify,True,,3,True,github_gist
compu-ted.myshopify.com,active_ecommerce,shopify,True,,3,True,github_gist
compu.myshopify.com,active_ecommerce,shopify,True,,3,True,github_gist
compuparts.myshopify.com,active_ecommerce,shopify,True,,3,True,github_gist
comput.myshopify.com,active_ecommerce,shopify,True,,3,True,github_gist
compute.myshopify.com,active_ecommerce,shopify,True,,3,True,github_gist
computerdsjk.myshopify.com,active_ecommerce,shopify,True,,3,True,github_gist
computereoffice.myshopify.com,active_ecommerce,shopify,True,,3,True,github_gist
computerpulse.myshopify.com,active_ecommerce,shopify,True,,3,True,github_gist
computerseminars.myshopify.com,active_ecommerce,shopify,True,,3,True,github_gist
computersupp.myshopify.com,active_ecommerce,shopify,True,,3,True,github_gist
computertime.myshopify.com,active_ecommerce,shopify,True,,3,True,github_gist
computienda.myshopify.com,active_ecommerce,shopify,True,,3,True,github_gist
conail.myshopify.com,active_ecommerce,shopify,True,,3,True,github_gist
concert-t-shirts.myshopify.com,active_ecommerce,shopify,True,,3,True,github_gist
concertlabs.myshopify.com,active_ecommerce,shopify,True,,3,True,github_gist
concurrencemediation.myshopify.com,active_ecommerce,shopify,True,,3,True,github_gist
confiz.myshopify.com,active_ecommerce,shopify,True,,3,True,github_gist
congoonline.myshopify.com,active_ecommerce,shopify,True,,3,True,github_gist
connecty.myshopify.com,active_ecommerce,shopify,True,,3,True,github_gist
connoisseurenterprises.myshopify.com,active_ecommerce,shopify,True,,3,True,github_gist
construct74.myshopify.com,active_ecommerce,shopify,True,,3,True,github_gist
constructcreative.myshopify.com,active_ecommerce,shopify,True,,3,True,github_gist
construction.myshopify.com,active_ecommerce,shopify,True,,3,True,github_gist
consult.myshopify.com,active_ecommerce,shopify,True,,3,True,github_gist
consultant.myshopify.com,active_ecommerce,shopify,True,,3,True,github_gist
consumeordie.myshopify.com,active_ecommerce,shopify,True,,3,True,github_gist
consumertherapy.myshopify.com,active_ecommerce,shopify,True,,3,True,github_gist
contact20cent.myshopify.com,active_ecommerce,shopify,True,,3,True,github_gist
contemporaryafrican.myshopify.com,active_ecommerce,shopify,True,,3,True,github_gist
contemps.myshopify.com,active_ecommerce,shopify,True,,3,True,github_gist
contentcreative.myshopify.com,active_ecommerce,shopify,True,,3,True,github_gist
contessadesign.myshopify.com,active_ecommerce,shopify,True,,3,True,github_gist
contexterriordigital.myshopify.com,active_ecommerce,shopify,True,,3,True,github_gist
contexto.myshopify.com,active_ecommerce,shopify,True,,3,True,github_gist
conversation.myshopify.com,active_ecommerce,shopify,True,,3,True,github_gist
convictcountry.myshopify.com,active_ecommerce,shopify,True,,3,True,github_gist
cookie-crumble.myshopify.com,active_ecommerce,shopify,True,,3,True,github_gist
cookiecoder.myshopify.com,active_ecommerce,shopify,True,,3,True,github_gist
cookiejar.myshopify.com,active_ecommerce,shopify,True,,3,True,github_gist
cookies.myshopify.com,active_ecommerce,shopify,True,,3,True,github_gist
cookieshop.myshopify.com,active_ecommerce,shopify,True,,3,True,github_gist
cooking.myshopify.com,active_ecommerce,shopify,True,,3,True,github_gist
cool-laptops.myshopify.com,active_ecommerce,shopify,True,,3,True,github_gist
cool-stuff.myshopify.com,active_ecommerce,shopify,True,,3,True,github_gist
cool.myshopify.com,active_ecommerce,shopify,True,,3,True,github_gist
coolapps.myshopify.com,active_ecommerce,shopify,True,,3,True,github_gist
coolcattech.myshopify.com,active_ecommerce,shopify,True,,3,True,github_gist
coolcrap.myshopify.com,active_ecommerce,shopify,True,,3,True,github_gist
coolcues.myshopify.com,active_ecommerce,shopify,True,,3,True,github_gist
cooler.myshopify.com,active_ecommerce,shopify,True,,3,True,github_gist
coolgear.myshopify.com,active_ecommerce,shopify,True,,3,True,github_gist
coolness.myshopify.com,active_ecommerce,shopify,True,,3,True,github_gist
coolshoppe.myshopify.com,active_ecommerce,shopify,True,,3,True,github_gist
coolwaters.myshopify.com,active_ecommerce,shopify,True,,3,True,github_gist
coolwd.myshopify.com,active_ecommerce,shopify,True,,3,True,github_gist
coolzoneproducts.myshopify.com,active_ecommerce,shopify,True,,3,True,github_gist
cooper.myshopify.com,active_ecommerce,shopify,True,,3,True,github_gist
copharma.myshopify.com,active_ecommerce,shopify,True,,3,True,github_gist
copierscopiers.myshopify.com,active_ecommerce,shopify,True,,3,True,github_gist
coquigraphics.myshopify.com,active_ecommerce,shopify,True,,3,True,github_gist
core.myshopify.com,active_ecommerce,shopify,True,,3,True,github_gist
corehomeautomation.myshopify.com,active_ecommerce,shopify,True,,3,True,github_gist
corgeek.myshopify.com,active_ecommerce,shopify,True,,3,True,github_gist
corinne.myshopify.com,active_ecommerce,shopify,True,,3,True,github_gist
corkysaintclair.myshopify.com,active_ecommerce,shopify,True,,3,True,github_gist
cornelius.myshopify.com,active_ecommerce,shopify,True,,3,True,github_gist
corner.myshopify.com,active_ecommerce,shopify,True,,3,True,github_gist
cornerstone.myshopify.com,active_ecommerce,shopify,True,,3,True,github_gist
corrine.myshopify.com,active_ecommerce,shopify,True,,3,True,github_gist
corsica.myshopify.com,active_ecommerce,shopify,True,,3,True,github_gist
cory.myshopify.com,active_ecommerce,shopify,True,,3,True,github_gist
cosanostra.myshopify.com,active_ecommerce,shopify,True,,3,True,github_gist
cosebellissimissime.myshopify.com,active_ecommerce,shopify,True,,3,True,github_gist
coshey.myshopify.com,active_ecommerce,shopify,True,,3,True,github_gist
cosme.myshopify.com,active_ecommerce,shopify,True,,3,True,github_gist
cosmetic.myshopify.com,active_ecommerce,shopify,True,,3,True,github_gist
cosmetics.myshopify.com,active_ecommerce,shopify,True,,3,True,github_gist
cosmetiques.myshopify.com,active_ecommerce,shopify,True,,3,True,github_gist
cosplay.myshopify.com,active_ecommerce,shopify,True,,3,True,github_gist
costavida.myshopify.com,active_ecommerce,shopify,True,,3,True,github_gist
costeffectiv.myshopify.com,active_ecommerce,shopify,True,,3,True,github_gist
coterie.myshopify.com,active_ecommerce,shopify,True,,3,True,github_gist
cottagehillnaturals.myshopify.com,active_ecommerce,shopify,True,,3,True,github_gist
cotton.myshopify.com,active_ecommerce,shopify,True,,3,True,github_gist
coucours.myshopify.com,active_ecommerce,shopify,True,,3,True,github_gist
countryathome.myshopify.com,active_ecommerce,shopify,True,,3,True,github_gist
countryboys.myshopify.com,active_ecommerce,shopify,True,,3,True,github_gist
countrycarvings.myshopify.com,active_ecommerce,shopify,True,,3,True,github_gist
coupon.myshopify.com,active_ecommerce,shopify,True,,3,True,github_gist
coupons.myshopify.com,active_ecommerce,shopify,True,,3,True,github_gist
couponsource.myshopify.com,active_ecommerce,shopify,True,,3,True,github_gist
courtney.myshopify.com,active_ecommerce,shopify,True,,3,True,github_gist
cousteau.myshopify.com,active_ecommerce,shopify,True,,3,True,github_gist
covermover.myshopify.com,active_ecommerce,shopify,True,,3,True,github_gist
cowbridge.myshopify.com,active_ecommerce,shopify,True,,3,True,github_gist
cows.myshopify.com,active_ecommerce,shopify,True,,3,True,github_gist
coze.myshopify.com,active_ecommerce,shopify,True,,3,True,github_gist
cpio77.myshopify.com,active_ecommerce,shopify,True,,3,True,github_gist
cpiu.myshopify.com,active_ecommerce,shopify,True,,3,True,github_gist
cplusn.myshopify.com,active_ecommerce,shopify,True,,3,True,github_gist
cptcomic.myshopify.com,active_ecommerce,shopify,True,,3,True,github_gist
cptest.myshopify.com,active_ecommerce,shopify,True,,3,True,github_gist
cptester.myshopify.com,active_ecommerce,shopify,True,,3,True,github_gist
crack.myshopify.com,active_ecommerce,shopify,True,,3,True,github_gist
crackleback.myshopify.com,active_ecommerce,shopify,True,,3,True,github_gist
crackunit.myshopify.com,active_ecommerce,shopify,True,,3,True,github_gist
cradle2cradle.myshopify.com,active_ecommerce,shopify,True,,3,True,github_gist
craftmeafavor.myshopify.com,active_ecommerce,shopify,True,,3,True,github_gist
craftsmen.myshopify.com,active_ecommerce,shopify,True,,3,True,github_gist
craftsnhobbies.myshopify.com,active_ecommerce,shopify,True,,3,True,github_gist
craftsofvinland.myshopify.com,active_ecommerce,shopify,True,,3,True,github_gist
craftstation.myshopify.com,active_ecommerce,shopify,True,,3,True,github_gist
craftydevil.myshopify.com,active_ecommerce,shopify,True,,3,True,github_gist
craig.myshopify.com,active_ecommerce,shopify,True,,3,True,github_gist
craigtmackenzie.myshopify.com,active_ecommerce,shopify,True,,3,True,github_gist
crapogram.myshopify.com,active_ecommerce,shopify,True,,3,True,github_gist
crapshack.myshopify.com,active_ecommerce,shopify,True,,3,True,github_gist
crazyblue.myshopify.com,active_ecommerce,shopify,True,,3,True,github_gist
crazylittlethings.myshopify.com,active_ecommerce,shopify,True,,3,True,github_gist
crazyvendors.myshopify.com,active_ecommerce,shopify,True,,3,True,github_gist
crazywarlock.myshopify.com,active_ecommerce,shopify,True,,3,True,github_gist
crcw.myshopify.com,active_ecommerce,shopify,True,,3,True,github_gist
creat.myshopify.com,active_ecommerce,shopify,True,,3,True,github_gist
createanet.myshopify.com,active_ecommerce,shopify,True,,3,True,github_gist
creations.myshopify.com,active_ecommerce,shopify,True,,3,True,github_gist
creationsbykarin.myshopify.com,active_ecommerce,shopify,True,,3,True,github_gist
creativealliance.myshopify.com,active_ecommerce,shopify,True,,3,True,github_gist
creativebay.myshopify.com,active_ecommerce,shopify,True,,3,True,github_gist
creativecogstest.myshopify.com,active_ecommerce,shopify,True,,3,True,github_gist
creativecorner.myshopify.com,active_ecommerce,shopify,True,,3,True,github_gist
creativecreations.myshopify.com,active_ecommerce,shopify,True,,3,True,github_gist
creativelife.myshopify.com,active_ecommerce,shopify,True,,3,True,github_gist
creativeoutfitters.myshopify.com,active_ecommerce,shopify,True,,3,True,github_gist
creativerse.myshopify.com,active_ecommerce,shopify,True,,3,True,github_gist
creativeslice.myshopify.com,active_ecommerce,shopify,True,,3,True,github_gist
creativesplash.myshopify.com,active_ecommerce,shopify,True,,3,True,github_gist
creativethirst.myshopify.com,active_ecommerce,shopify,True,,3,True,github_gist
creativetutorials.myshopify.com,active_ecommerce,shopify,True,,3,True,github_gist
creatix.myshopify.com,active_ecommerce,shopify,True,,3,True,github_gist
cresata.myshopify.com,active_ecommerce,shopify,True,,3,True,github_gist
crewslinecards.myshopify.com,active_ecommerce,shopify,True,,3,True,github_gist
crexels.myshopify.com,active_ecommerce,shopify,True,,3,True,github_gist
crhawlik.myshopify.com,active_ecommerce,shopify,True,,3,True,github_gist
cricket.myshopify.com,active_ecommerce,shopify,True,,3,True,github_gist
crime.myshopify.com,active_ecommerce,shopify,True,,3,True,github_gist
crimsonpepper.myshopify.com,active_ecommerce,shopify,True,,3,True,github_gist
critterbritches.myshopify.com,active_ecommerce,shopify,True,,3,True,github_gist
crocfrog.myshopify.com,active_ecommerce,shopify,True,,3,True,github_gist
crochetgems.myshopify.com,active_ecommerce,shopify,True,,3,True,github_gist
cross-current.myshopify.com,active_ecommerce,shopify,True,,3,True,github_gist
crosscity.myshopify.com,active_ecommerce,shopify,True,,3,True,github_gist
crownedking.myshopify.com,active_ecommerce,shopify,True,,3,True,github_gist
crsinc.myshopify.com,active_ecommerce,shopify,True,,3,True,github_gist
cruel.myshopify.com,active_ecommerce,shopify,True,,3,True,github_gist
cruise.myshopify.com,active_ecommerce,shopify,True,,3,True,github_gist
cruns.myshopify.com,active_ecommerce,shopify,True,,3,True,github_gist
crusaders.myshopify.com,active_ecommerce,shopify,True,,3,True,github_gist
crystal.myshopify.com,active_ecommerce,shopify,True,,3,True,github_gist
crystalsilver.myshopify.com,active_ecommerce,shopify,True,,3,True,github_gist
csarnok.myshopify.com,active_ecommerce,shopify,True,,3,True,github_gist
csashop.myshopify.com,active_ecommerce,shopify,True,,3,True,github_gist
csdeals.myshopify.com,active_ecommerce,shopify,True,,3,True,github_gist
csgonline.myshopify.com,active_ecommerce,shopify,True,,3,True,github_gist
csinet.myshopify.com,active_ecommerce,shopify,True,,3,True,github_gist
csktech.myshopify.com,active_ecommerce,shopify,True,,3,True,github_gist
csmercantile.myshopify.com,active_ecommerce,shopify,True,,3,True,github_gist
cspromo.myshopify.com,active_ecommerce,shopify,True,,3,True,github_gist
ctphotos.myshopify.com,active_ecommerce,shopify,True,,3,True,github_gist
ctran.myshopify.com,active_ecommerce,shopify,True,,3,True,github_gist
ctro.myshopify.com,active_ecommerce,shopify,True,,3,True,github_gist
cubacrew.myshopify.com,active_ecommerce,shopify,True,,3,True,github_gist
cubesix.myshopify.com,active_ecommerce,shopify,True,,3,True,github_gist
cubishop.myshopify.com,active_ecommerce,shopify,True,,3,True,github_gist
cubomisetas.myshopify.com,active_ecommerce,shopify,True,,3,True,github_gist
cubotech.myshopify.com,active_ecommerce,shopify,True,,3,True,github_gist
cuddleslut.myshopify.com,active_ecommerce,shopify,True,,3,True,github_gist
cuddlyzone.myshopify.com,active_ecommerce,shopify,True,,3,True,github_gist
cuenoid.myshopify.com,active_ecommerce,shopify,True,,3,True,github_gist
cuffet.myshopify.com,active_ecommerce,shopify,True,,3,True,github_gist
culturedpearls.myshopify.com,active_ecommerce,shopify,True,,3,True,github_gist
culturezoo.myshopify.com,active_ecommerce,shopify,True,,3,True,github_gist
cupagirl.myshopify.com,active_ecommerce,shopify,True,,3,True,github_gist
cupcake.myshopify.com,active_ecommerce,shopify,True,,3,True,github_gist
cupcakebalm.myshopify.com,active_ecommerce,shopify,True,,3,True,github_gist
curda.myshopify.com,active_ecommerce,shopify,True,,3,True,github_gist
curioustore.myshopify.com,active_ecommerce,shopify,True,,3,True,github_gist
curtis.myshopify.com,active_ecommerce,shopify,True,,3,True,github_gist
customaviator.myshopify.com,active_ecommerce,shopify,True,,3,True,github_gist
customerology.myshopify.com,active_ecommerce,shopify,True,,3,True,github_gist
cutee.myshopify.com,active_ecommerce,shopify,True,,3,True,github_gist
cuteeonabudget.myshopify.com,active_ecommerce,shopify,True,,3,True,github_gist
cutentrendy.myshopify.com,active_ecommerce,shopify,True,,3,True,github_gist
cutieonabudget.myshopify.com,active_ecommerce,shopify,True,,3,True,github_gist
cutrerdesign.myshopify.com,active_ecommerce,shopify,True,,3,True,github_gist
cuyou.myshopify.com,active_ecommerce,shopify,True,,3,True,github_gist
cvbraun.myshopify.com,active_ecommerce,shopify,True,,3,True,github_gist
cvgreys.myshopify.com,active_ecommerce,shopify,True,,3,True,github_gist
cwars.myshopify.com,active_ecommerce,shopify,True,,3,True,github_gist
cwconsult.myshopify.com,active_ecommerce,shopify,True,,3,True,github_gist
cweshop.myshopify.com,active_ecommerce,shopify,True,,3,True,github_gist
cy84.myshopify.com,active_ecommerce,shopify,True,,3,True,github_gist
cyan.myshopify.com,active_ecommerce,shopify,True,,3,True,github_gist
cybarn.myshopify.com,active_ecommerce,shopify,True,,3,True,github_gist
cyberbootik.myshopify.com,active_ecommerce,shopify,True,,3,True,github_gist
cybercom.myshopify.com,active_ecommerce,shopify,True,,3,True,github_gist
cyberien.myshopify.com,active_ecommerce,shopify,True,,3,True,github_gist
cyberrealities.myshopify.com,active_ecommerce,shopify,True,,3,True,github_gist
cyberscape.myshopify.com,active_ecommerce,shopify,True,,3,True,github_gist
cybertienda.myshopify.com,active_ecommerce,shopify,True,,3,True,github_gist
cybertiger.myshopify.com,active_ecommerce,shopify,True,,3,True,github_gist
cyberwulf.myshopify.com,active_ecommerce,shopify,True,,3,True,github_gist
cyclocross.myshopify.com,active_ecommerce,shopify,True,,3,True,github_gist
cymo.myshopify.com,active_ecommerce,shopify,True,,3,True,github_gist
cypherwhere.myshopify.com,active_ecommerce,shopify,True,,3,True,github_gist
cypress.myshopify.com,active_ecommerce,shopify,True,,3,True,github_gist
cyprusin.myshopify.com,active_ecommerce,shopify,True,,3,True,github_gist
czechbooks.myshopify.com,active_ecommerce,shopify,True,,3,True,github_gist
czha19.myshopify.com,active_ecommerce,shopify,True,,3,True,github_gist
czuubakabra.myshopify.com,active_ecommerce,shopify,True,,3,True,github_gist
d-mall.myshopify.com,active_ecommerce,shopify,True,,3,True,github_gist
d2d0d.myshopify.com,active_ecommerce,shopify,True,,3,True,github_gist
d2ishop.myshopify.com,active_ecommerce,shopify,True,,3,True,github_gist
dadey.myshopify.com,active_ecommerce,shopify,True,,3,True,github_gist
dadster.myshopify.com,active_ecommerce,shopify,True,,3,True,github_gist
dadutch.myshopify.com,active_ecommerce,shopify,True,,3,True,github_gist
dafywinf.myshopify.com,active_ecommerce,shopify,True,,3,True,github_gist
daileydevotions.myshopify.com,active_ecommerce,shopify,True,,3,True,github_gist
dailydevotion.myshopify.com,active_ecommerce,shopify,True,,3,True,github_gist
dailydevotions.myshopify.com,active_ecommerce,shopify,True,,3,True,github_gist
daisyfairbanks.myshopify.com,active_ecommerce,shopify,True,,3,True,github_gist
dali.myshopify.com,active_ecommerce,shopify,True,,3,True,github_gist
dall.myshopify.com,active_ecommerce,shopify,True,,3,True,github_gist
dalla.myshopify.com,active_ecommerce,shopify,True,,3,True,github_gist
dallasdiscgolf.myshopify.com,active_ecommerce,shopify,True,,3,True,github_gist
dalpont.myshopify.com,active_ecommerce,shopify,True,,3,True,github_gist
damico.myshopify.com,active_ecommerce,shopify,True,,3,True,github_gist
damien.myshopify.com,active_ecommerce,shopify,True,,3,True,github_gist
damnedgames.myshopify.com,active_ecommerce,shopify,True,,3,True,github_gist
damnimtesting.myshopify.com,active_ecommerce,shopify,True,,3,True,github_gist
damy.myshopify.com,active_ecommerce,shopify,True,,3,True,github_gist
dan300-wholesale.myshopify.com,active_ecommerce,shopify,True,,3,True,github_gist
danbros.myshopify.com,active_ecommerce,shopify,True,,3,True,github_gist
dance.myshopify.com,active_ecommerce,shopify,True,,3,True,github_gist
dancer.myshopify.com,active_ecommerce,shopify,True,,3,True,github_gist
dancingloon.myshopify.com,active_ecommerce,shopify,True,,3,True,github_gist
dancingshoes.myshopify.com,active_ecommerce,shopify,True,,3,True,github_gist
dancooil.myshopify.com,active_ecommerce,shopify,True,,3,True,github_gist
dancramer.myshopify.com,active_ecommerce,shopify,True,,3,True,github_gist
danfitch.myshopify.com,active_ecommerce,shopify,True,,3,True,github_gist
danforster.myshopify.com,active_ecommerce,shopify,True,,3,True,github_gist
dangertrain.myshopify.com,active_ecommerce,shopify,True,,3,True,github_gist
dangjewelry.myshopify.com,active_ecommerce,shopify,True,,3,True,github_gist
daniel.myshopify.com,active_ecommerce,shopify,True,,3,True,github_gist
danielle.myshopify.com,active_ecommerce,shopify,True,,3,True,github_gist
daniellihogar.myshopify.com,active_ecommerce,shopify,True,,3,True,github_gist
daninko.myshopify.com,active_ecommerce,shopify,True,,3,True,github_gist
danlin.myshopify.com,active_ecommerce,shopify,True,,3,True,github_gist
dannys.myshopify.com,active_ecommerce,shopify,True,,3,True,github_gist
dannyweb.myshopify.com,active_ecommerce,shopify,True,,3,True,github_gist
danray.myshopify.com,active_ecommerce,shopify,True,,3,True,github_gist
danschaefer.myshopify.com,active_ecommerce,shopify,True,,3,True,github_gist
dansgifts.myshopify.com,active_ecommerce,shopify,True,,3,True,github_gist
dany.myshopify.com,active_ecommerce,shopify,True,,3,True,github_gist
danzarte.myshopify.com,active_ecommerce,shopify,True,,3,True,github_gist
darcy.myshopify.com,active_ecommerce,shopify,True,,3,True,github_gist
darekmysliwiec.myshopify.com,active_ecommerce,shopify,True,,3,True,github_gist
darilee.myshopify.com,active_ecommerce,shopify,True,,3,True,github_gist
darkmatt3r.myshopify.com,active_ecommerce,shopify,True,,3,True,github_gist
darky.myshopify.com,active_ecommerce,shopify,True,,3,True,github_gist
darookee.myshopify.com,active_ecommerce,shopify,True,,3,True,github_gist
darshak.myshopify.com,active_ecommerce,shopify,True,,3,True,github_gist
dartsfilmz.myshopify.com,active_ecommerce,shopify,True,,3,True,github_gist
darwin.myshopify.com,active_ecommerce,shopify,True,,3,True,github_gist
daryandsarah.myshopify.com,active_ecommerce,shopify,True,,3,True,github_gist
daryn.myshopify.com,active_ecommerce,shopify,True,,3,True,github_gist
daryu.myshopify.com,active_ecommerce,shopify,True,,3,True,github_gist
dasaimedia.myshopify.com,active_ecommerce,shopify,True,,3,True,github_gist
dashboard.myshopify.com,active_ecommerce,shopify,True,,3,True,github_gist
dashts.myshopify.com,active_ecommerce,shopify,True,,3,True,github_gist
data.myshopify.com,active_ecommerce,shopify,True,,3,True,github_gist
datakat.myshopify.com,active_ecommerce,shopify,True,,3,True,github_gist
datalinux.myshopify.com,active_ecommerce,shopify,True,,3,True,github_gist
dataplanet.myshopify.com,active_ecommerce,shopify,True,,3,True,github_gist
dates.myshopify.com,active_ecommerce,shopify,True,,3,True,github_gist
datex.myshopify.com,active_ecommerce,shopify,True,,3,True,github_gist
dating.myshopify.com,active_ecommerce,shopify,True,,3,True,github_gist
dave.myshopify.com,active_ecommerce,shopify,True,,3,True,github_gist
davedensley.myshopify.com,active_ecommerce,shopify,True,,3,True,github_gist
daveparks.myshopify.com,active_ecommerce,shopify,True,,3,True,github_gist
daves.myshopify.com,active_ecommerce,shopify,True,,3,True,github_gist
daves45s.myshopify.com,active_ecommerce,shopify,True,,3,True,github_gist
davesguitars.myshopify.com,active_ecommerce,shopify,True,,3,True,github_gist
daveskayakshop.myshopify.com,active_ecommerce,shopify,True,,3,True,github_gist
davesonestop.myshopify.com,active_ecommerce,shopify,True,,3,True,github_gist
davessupershop.myshopify.com,active_ecommerce,shopify,True,,3,True,github_gist
davestore.myshopify.com,active_ecommerce,shopify,True,,3,True,github_gist
davetest.myshopify.com,active_ecommerce,shopify,True,,3,True,github_gist
daveying99.myshopify.com,active_ecommerce,shopify,True,,3,True,github_gist
davidhemphill.myshopify.com,active_ecommerce,shopify,True,,3,True,github_gist
davidjrice.myshopify.com,active_ecommerce,shopify,True,,3,True,github_gist
davidlevy.myshopify.com,active_ecommerce,shopify,True,,3,True,github_gist
davidsstuff.myshopify.com,active_ecommerce,shopify,True,,3,True,github_gist
davidtran.myshopify.com,active_ecommerce,shopify,True,,3,True,github_gist
davie.myshopify.com,active_ecommerce,shopify,True,,3,True,github_gist
davinci.myshopify.com,active_ecommerce,shopify,True,,3,True,github_gist
davioke.myshopify.com,active_ecommerce,shopify,True,,3,True,github_gist
dawood.myshopify.com,active_ecommerce,shopify,True,,3,True,github_gist
daylite.myshopify.com,active_ecommerce,shopify,True,,3,True,github_gist
daywish.myshopify.com,active_ecommerce,shopify,True,,3,True,github_gist
dbatreja.myshopify.com,active_ecommerce,shopify,True,,3,True,github_gist
dbccollection.myshopify.com,active_ecommerce,shopify,True,,3,True,github_gist
dbforms.myshopify.com,active_ecommerce,shopify,True,,3,True,github_gist
dbgaming.myshopify.com,active_ecommerce,shopify,True,,3,True,github_gist
dbipro705.myshopify.com,active_ecommerce,shopify,True,,3,True,github_gist
dbrok23.myshopify.com,active_ecommerce,shopify,True,,3,True,github_gist
dcconz.myshopify.com,active_ecommerce,shopify,True,,3,True,github_gist
dcomposition.myshopify.com,active_ecommerce,shopify,True,,3,True,github_gist
dcsdigi.myshopify.com,active_ecommerce,shopify,True,,3,True,github_gist
dddd.myshopify.com,active_ecommerce,shopify,True,,3,True,github_gist
ddheat.myshopify.com,active_ecommerce,shopify,True,,3,True,github_gist
ddoi.myshopify.com,active_ecommerce,shopify,True,,3,True,github_gist
ddupuis.myshopify.com,active_ecommerce,shopify,True,,3,True,github_gist
de-tour.myshopify.com,active_ecommerce,shopify,True,,3,True,github_gist
deadguyhippieshit.myshopify.com,active_ecommerce,shopify,True,,3,True,github_gist
deadpony.myshopify.com,active_ecommerce,shopify,True,,3,True,github_gist
deadsure.myshopify.com,active_ecommerce,shopify,True,,3,True,github_gist
deal.myshopify.com,active_ecommerce,shopify,True,,3,True,github_gist
deanernst.myshopify.com,active_ecommerce,shopify,True,,3,True,github_gist
deanloh.myshopify.com,active_ecommerce,shopify,True,,3,True,github_gist
deaverbeaver.myshopify.com,active_ecommerce,shopify,True,,3,True,github_gist
debbsdeals.myshopify.com,active_ecommerce,shopify,True,,3,True,github_gist
debilovo.myshopify.com,active_ecommerce,shopify,True,,3,True,github_gist
debora.myshopify.com,active_ecommerce,shopify,True,,3,True,github_gist
debtsnowball.myshopify.com,active_ecommerce,shopify,True,,3,True,github_gist
decalshop.myshopify.com,active_ecommerce,shopify,True,,3,True,github_gist
decembertenth.myshopify.com,active_ecommerce,shopify,True,,3,True,github_gist
decomakers.myshopify.com,active_ecommerce,shopify,True,,3,True,github_gist
decor.myshopify.com,active_ecommerce,shopify,True,,3,True,github_gist
deded.myshopify.com,active_ecommerce,shopify,True,,3,True,github_gist
dededdedede.myshopify.com,active_ecommerce,shopify,True,,3,True,github_gist
dedeman.myshopify.com,active_ecommerce,shopify,True,,3,True,github_gist
dedicated2digital.myshopify.com,active_ecommerce,shopify,True,,3,True,github_gist
deelinc.myshopify.com,active_ecommerce,shopify,True,,3,True,github_gist
deep.myshopify.com,active_ecommerce,shopify,True,,3,True,github_gist
deepak.myshopify.com,active_ecommerce,shopify,True,,3,True,github_gist
deepsoft.myshopify.com,active_ecommerce,shopify,True,,3,True,github_gist
deepvertical.myshopify.com,active_ecommerce,shopify,True,,3,True,github_gist
default.myshopify.com,active_ecommerce,shopify,True,,3,True,github_gist
defel.myshopify.com,active_ecommerce,shopify,True,,3,True,github_gist
definition.myshopify.com,active_ecommerce,shopify,True,,3,True,github_gist
deft.myshopify.com,active_ecommerce,shopify,True,,3,True,github_gist
dejey.myshopify.com,active_ecommerce,shopify,True,,3,True,github_gist
delantejames.myshopify.com,active_ecommerce,shopify,True,,3,True,github_gist
delforte.myshopify.com,active_ecommerce,shopify,True,,3,True,github_gist
delhiroad.myshopify.com,active_ecommerce,shopify,True,,3,True,github_gist
deligio.myshopify.com,active_ecommerce,shopify,True,,3,True,github_gist
dell.myshopify.com,active_ecommerce,shopify,True,,3,True,github_gist
dellawards.myshopify.com,active_ecommerce,shopify,True,,3,True,github_gist
delongedirect.myshopify.com,active_ecommerce,shopify,True,,3,True,github_gist
delsondrive.myshopify.com,active_ecommerce,shopify,True,,3,True,github_gist
demc.myshopify.com,active_ecommerce,shopify,True,,3,True,github_gist
demiel.myshopify.com,active_ecommerce,shopify,True,,3,True,github_gist
demitrus.myshopify.com,active_ecommerce,shopify,True,,3,True,github_gist
demjanich.myshopify.com,active_ecommerce,shopify,True,,3,True,github_gist
demo001.myshopify.com,active_ecommerce,shopify,True,,3,True,github_gist
demo1.myshopify.com,active_ecommerce,shopify,True,,3,True,github_gist
demo121.myshopify.com,active_ecommerce,shopify,True,,3,True,github_gist
demo123.myshopify.com,active_ecommerce,shopify,True,,3,True,github_gist
demodemo.myshopify.com,active_ecommerce,shopify,True,,3,True,github_gist
demonstration.myshopify.com,active_ecommerce,shopify,True,,3,True,github_gist
demoshop.myshopify.com,active_ecommerce,shopify,True,,3,True,github_gist
demostore.myshopify.com,active_ecommerce,shopify,True,,3,True,github_gist
demowares.myshopify.com,active_ecommerce,shopify,True,,3,True,github_gist
demshop.myshopify.com,active_ecommerce,shopify,True,,3,True,github_gist
denebola.myshopify.com,active_ecommerce,shopify,True,,3,True,github_gist
deneme.myshopify.com,active_ecommerce,shopify,True,,3,True,github_gist
deneme1.myshopify.com,active_ecommerce,shopify,True,,3,True,github_gist
denetron.myshopify.com,active_ecommerce,shopify,True,,3,True,github_gist
denial.myshopify.com,active_ecommerce,shopify,True,,3,True,github_gist
deniedlates.myshopify.com,active_ecommerce,shopify,True,,3,True,github_gist
denim11.myshopify.com,active_ecommerce,shopify,True,,3,True,github_gist
dennisstore.myshopify.com,active_ecommerce,shopify,True,,3,True,github_gist
denvar.myshopify.com,active_ecommerce,shopify,True,,3,True,github_gist
denwer.myshopify.com,active_ecommerce,shopify,True,,3,True,github_gist
depairet.myshopify.com,active_ecommerce,shopify,True,,3,True,github_gist
derbumi.myshopify.com,active_ecommerce,shopify,True,,3,True,github_gist
derey.myshopify.com,active_ecommerce,shopify,True,,3,True,github_gist
derfunke.myshopify.com,active_ecommerce,shopify,True,,3,True,github_gist
dermaclear.myshopify.com,active_ecommerce,shopify,True,,3,True,github_gist
dermo.myshopify.com,active_ecommerce,shopify,True,,3,True,github_gist
derrylicious.myshopify.com,active_ecommerce,shopify,True,,3,True,github_gist
descary.myshopify.com,active_ecommerce,shopify,True,,3,True,github_gist
desert-blossom.myshopify.com,active_ecommerce,shopify,True,,3,True,github_gist
desertblossom.myshopify.com,active_ecommerce,shopify,True,,3,True,github_gist
desi.myshopify.com,active_ecommerce,shopify,True,,3,True,github_gist
desibrands.myshopify.com,active_ecommerce,shopify,True,,3,True,github_gist
designandprinting.myshopify.com,active_ecommerce,shopify,True,,3,True,github_gist
designapparel.myshopify.com,active_ecommerce,shopify,True,,3,True,github_gist
designcintia.myshopify.com,active_ecommerce,shopify,True,,3,True,github_gist
designcreatology.myshopify.com,active_ecommerce,shopify,True,,3,True,github_gist
designcult.myshopify.com,active_ecommerce,shopify,True,,3,True,github_gist
designedbyeh.myshopify.com,active_ecommerce,shopify,True,,3,True,github_gist
designerbags.myshopify.com,active_ecommerce,shopify,True,,3,True,github_gist
designerside.myshopify.com,active_ecommerce,shopify,True,,3,True,github_gist
designext.myshopify.com,active_ecommerce,shopify,True,,3,True,github_gist
designgraphy.myshopify.com,active_ecommerce,shopify,True,,3,True,github_gist
designm.myshopify.com,active_ecommerce,shopify,True,,3,True,github_gist
designquest.myshopify.com,active_ecommerce,shopify,True,,3,True,github_gist
designrelated.myshopify.com,active_ecommerce,shopify,True,,3,True,github_gist
designsbyike.myshopify.com,active_ecommerce,shopify,True,,3,True,github_gist
designshop.myshopify.com,active_ecommerce,shopify,True,,3,True,github_gist
designtemplates.myshopify.com,active_ecommerce,shopify,True,,3,True,github_gist
designwise.myshopify.com,active_ecommerce,shopify,True,,3,True,github_gist
desigrind.myshopify.com,active_ecommerce,shopify,True,,3,True,github_gist
desperado7.myshopify.com,active_ecommerce,shopify,True,,3,True,github_gist
destinylabs.myshopify.com,active_ecommerce,shopify,True,,3,True,github_gist
detalles.myshopify.com,active_ecommerce,shopify,True,,3,True,github_gist
detoekomst.myshopify.com,active_ecommerce,shopify,True,,3,True,github_gist
detroityoga.myshopify.com,active_ecommerce,shopify,True,,3,True,github_gist
deusx.myshopify.com,active_ecommerce,shopify,True,,3,True,github_gist
deuxetvoustrois.myshopify.com,active_ecommerce,shopify,True,,3,True,github_gist
dev1.myshopify.com,active_ecommerce,shopify,True,,3,True,github_gist
devad.myshopify.com,active_ecommerce,shopify,True,,3,True,github_gist
devilchoco.myshopify.com,active_ecommerce,shopify,True,,3,True,github_gist
devildodger.myshopify.com,active_ecommerce,shopify,True,,3,True,github_gist
devilingro.myshopify.com,active_ecommerce,shopify,True,,3,True,github_gist
deviltheory.myshopify.com,active_ecommerce,shopify,True,,3,True,github_gist
devis.myshopify.com,active_ecommerce,shopify,True,,3,True,github_gist
devlin.myshopify.com,active_ecommerce,shopify,True,,3,True,github_gist
devlwear.myshopify.com,active_ecommerce,shopify,True,,3,True,github_gist
devochka.myshopify.com,active_ecommerce,shopify,True,,3,True,github_gist
dewdrop.myshopify.com,active_ecommerce,shopify,True,,3,True,github_gist
dewet.myshopify.com,active_ecommerce,shopify,True,,3,True,github_gist
dexter.myshopify.com,active_ecommerce,shopify,True,,3,True,github_gist
dezoo.myshopify.com,active_ecommerce,shopify,True,,3,True,github_gist
df1photography.myshopify.com,active_ecommerce,shopify,True,,3,True,github_gist
dfar.myshopify.com,active_ecommerce,shopify,True,,3,True,github_gist
dfgdf.myshopify.com,active_ecommerce,shopify,True,,3,True,github_gist
dfho.myshopify.com,active_ecommerce,shopify,True,,3,True,github_gist
dfstore.myshopify.com,active_ecommerce,shopify,True,,3,True,github_gist
dgmike.myshopify.com,active_ecommerce,shopify,True,,3,True,github_gist
dgphotography.myshopify.com,active_ecommerce,shopify,True,,3,True,github_gist
dh2shop.myshopify.com,active_ecommerce,shopify,True,,3,True,github_gist
dhlb.myshopify.com,active_ecommerce,shopify,True,,3,True,github_gist
di33.myshopify.com,active_ecommerce,shopify,True,,3,True,github_gist
diablosource.myshopify.com,active_ecommerce,shopify,True,,3,True,github_gist
diablovalleytech.myshopify.com,active_ecommerce,shopify,True,,3,True,github_gist
diademdream.myshopify.com,active_ecommerce,shopify,True,,3,True,github_gist
dialogtsv.myshopify.com,active_ecommerce,shopify,True,,3,True,github_gist
diamond.myshopify.com,active_ecommerce,shopify,True,,3,True,github_gist
diamonds.myshopify.com,active_ecommerce,shopify,True,,3,True,github_gist
dianehiram.myshopify.com,active_ecommerce,shopify,True,,3,True,github_gist
dicore.myshopify.com,active_ecommerce,shopify,True,,3,True,github_gist
didier.myshopify.com,active_ecommerce,shopify,True,,3,True,github_gist
diegocbapp.myshopify.com,active_ecommerce,shopify,True,,3,True,github_gist
diegomenezes.myshopify.com,active_ecommerce,shopify,True,,3,True,github_gist
diegosanz.myshopify.com,active_ecommerce,shopify,True,,3,True,github_gist
dielme.myshopify.com,active_ecommerce,shopify,True,,3,True,github_gist
dieseltruckkits.myshopify.com,active_ecommerce,shopify,True,,3,True,github_gist
diet.myshopify.com,active_ecommerce,shopify,True,,3,True,github_gist
dieter.myshopify.com,active_ecommerce,shopify,True,,3,True,github_gist
dietpills.myshopify.com,active_ecommerce,shopify,True,,3,True,github_gist
diffbeat.myshopify.com,active_ecommerce,shopify,True,,3,True,github_gist
differentials.myshopify.com,active_ecommerce,shopify,True,,3,True,github_gist
diffstudios.myshopify.com,active_ecommerce,shopify,True,,3,True,github_gist
digi-ids.myshopify.com,active_ecommerce,shopify,True,,3,True,github_gist
digibot.myshopify.com,active_ecommerce,shopify,True,,3,True,github_gist
digican.myshopify.com,active_ecommerce,shopify,True,,3,True,github_gist
digidig.myshopify.com,active_ecommerce,shopify,True,,3,True,github_gist
digidoka.myshopify.com,active_ecommerce,shopify,True,,3,True,github_gist
digifoto.myshopify.com,active_ecommerce,shopify,True,,3,True,github_gist
digihal.myshopify.com,active_ecommerce,shopify,True,,3,True,github_gist
diginet.myshopify.com,active_ecommerce,shopify,True,,3,True,github_gist
digiru.myshopify.com,active_ecommerce,shopify,True,,3,True,github_gist
digit.myshopify.com,active_ecommerce,shopify,True,,3,True,github_gist
digital.myshopify.com,active_ecommerce,shopify,True,,3,True,github_gist
digitalbodhi.myshopify.com,active_ecommerce,shopify,True,,3,True,github_gist
digitalcamera.myshopify.com,active_ecommerce,shopify,True,,3,True,github_gist
digitaleducationtechnology.myshopify.com,active_ecommerce,shopify,True,,3,True,github_gist
digitalfruit.myshopify.com,active_ecommerce,shopify,True,,3,True,github_gist
digitalinsites.myshopify.com,active_ecommerce,shopify,True,,3,True,github_gist
digitalive.myshopify.com,active_ecommerce,shopify,True,,3,True,github_gist
digitalmetrology.myshopify.com,active_ecommerce,shopify,True,,3,True,github_gist
digitalpulp.myshopify.com,active_ecommerce,shopify,True,,3,True,github_gist
digitalstore.myshopify.com,active_ecommerce,shopify,True,,3,True,github_gist
digitalthink.myshopify.com,active_ecommerce,shopify,True,,3,True,github_gist
digitaltrad.myshopify.com,active_ecommerce,shopify,True,,3,True,github_gist
digitalvision.myshopify.com,active_ecommerce,shopify,True,,3,True,github_gist
digizen.myshopify.com,active_ecommerce,shopify,True,,3,True,github_gist
dildos.myshopify.com,active_ecommerce,shopify,True,,3,True,github_gist
dilinx.myshopify.com,active_ecommerce,shopify,True,,3,True,github_gist
dimast.myshopify.com,active_ecommerce,shopify,True,,3,True,github_gist
dimich.myshopify.com,active_ecommerce,shopify,True,,3,True,github_gist
dimpledott.myshopify.com,active_ecommerce,shopify,True,,3,True,github_gist
dinahmack.myshopify.com,active_ecommerce,shopify,True,,3,True,github_gist
dinair.myshopify.com,active_ecommerce,shopify,True,,3,True,github_gist
dingus.myshopify.com,active_ecommerce,shopify,True,,3,True,github_gist
dinkle.myshopify.com,active_ecommerce,shopify,True,,3,True,github_gist
dinkles.myshopify.com,active_ecommerce,shopify,True,,3,True,github_gist
dinnersmith.myshopify.com,active_ecommerce,shopify,True,,3,True,github_gist
dinoinc.myshopify.com,active_ecommerce,shopify,True,,3,True,github_gist
dint.myshopify.com,active_ecommerce,shopify,True,,3,True,github_gist
dipeme.myshopify.com,active_ecommerce,shopify,True,,3,True,github_gist
dipen.myshopify.com,active_ecommerce,shopify,True,,3,True,github_gist
directfromtheartist.myshopify.com,active_ecommerce,shopify,True,,3,True,github_gist
dirk.myshopify.com,active_ecommerce,shopify,True,,3,True,github_gist
dirkie.myshopify.com,active_ecommerce,shopify,True,,3,True,github_gist
dirtyfashion.myshopify.com,active_ecommerce,shopify,True,,3,True,github_gist
dirtyjax.myshopify.com,active_ecommerce,shopify,True,,3,True,github_gist
discount.myshopify.com,active_ecommerce,shopify,True,,3,True,github_gist
disfraces.myshopify.com,active_ecommerce,shopify,True,,3,True,github_gist
dishops.myshopify.com,active_ecommerce,shopify,True,,3,True,github_gist
disneyana.myshopify.com,active_ecommerce,shopify,True,,3,True,github_gist
disordine.myshopify.com,active_ecommerce,shopify,True,,3,True,github_gist
disquesreso.myshopify.com,active_ecommerce,shopify,True,,3,True,github_gist
disturbedthreads.myshopify.com,active_ecommerce,shopify,True,,3,True,github_gist
divblog.myshopify.com,active_ecommerce,shopify,True,,3,True,github_gist
divertido.myshopify.com,active_ecommerce,shopify,True,,3,True,github_gist
divinefiat.myshopify.com,active_ecommerce,shopify,True,,3,True,github_gist
divinepillowsandtreasures.myshopify.com,active_ecommerce,shopify,True,,3,True,github_gist
divup.myshopify.com,active_ecommerce,shopify,True,,3,True,github_gist
dixens.myshopify.com,active_ecommerce,shopify,True,,3,True,github_gist
diy-photofun.myshopify.com,active_ecommerce,shopify,True,,3,True,github_gist
dizzle.myshopify.com,active_ecommerce,shopify,True,,3,True,github_gist
djp72.myshopify.com,active_ecommerce,shopify,True,,3,True,github_gist
djrobby.myshopify.com,active_ecommerce,shopify,True,,3,True,github_gist
djsinr.myshopify.com,active_ecommerce,shopify,True,,3,True,github_gist
djstanley.myshopify.com,active_ecommerce,shopify,True,,3,True,github_gist
dlhhyct.myshopify.com,active_ecommerce,shopify,True,,3,True,github_gist
dlw760.myshopify.com,active_ecommerce,shopify,True,,3,True,github_gist
dmarkle.myshopify.com,active_ecommerce,shopify,True,,3,True,github_gist
dmartian.myshopify.com,active_ecommerce,shopify,True,,3,True,github_gist
dmcleod.myshopify.com,active_ecommerce,shopify,True,,3,True,github_gist
dmelchio.myshopify.com,active_ecommerce,shopify,True,,3,True,github_gist
dmgsoftware.myshopify.com,active_ecommerce,shopify,True,,3,True,github_gist
dmlab.myshopify.com,active_ecommerce,shopify,True,,3,True,github_gist
dmphotography.myshopify.com,active_ecommerce,shopify,True,,3,True,github_gist
dntsupply.myshopify.com,active_ecommerce,shopify,True,,3,True,github_gist
do-not-bend.myshopify.com,active_ecommerce,shopify,True,,3,True,github_gist
dobe4.myshopify.com,active_ecommerce,shopify,True,,3,True,github_gist
dobrenakupy.myshopify.com,active_ecommerce,shopify,True,,3,True,github_gist
doctor.myshopify.com,active_ecommerce,shopify,True,,3,True,github_gist
doctorbob.myshopify.com,active_ecommerce,shopify,True,,3,True,github_gist
documentwereld.myshopify.com,active_ecommerce,shopify,True,,3,True,github_gist
dodgeit.myshopify.com,active_ecommerce,shopify,True,,3,True,github_gist
dodgyrabbit.myshopify.com,active_ecommerce,shopify,True,,3,True,github_gist
dodja.myshopify.com,active_ecommerce,shopify,True,,3,True,github_gist
dogear.myshopify.com,active_ecommerce,shopify,True,,3,True,github_gist
dogeazepetsupply.myshopify.com,active_ecommerce,shopify,True,,3,True,github_gist
dogfood.myshopify.com,active_ecommerce,shopify,True,,3,True,github_gist
doggone.myshopify.com,active_ecommerce,shopify,True,,3,True,github_gist
doggy.myshopify.com,active_ecommerce,shopify,True,,3,True,github_gist
doggylands.myshopify.com,active_ecommerce,shopify,True,,3,True,github_gist
dogproductcentral.myshopify.com,active_ecommerce,shopify,True,,3,True,github_gist
dogrunway.myshopify.com,active_ecommerce,shopify,True,,3,True,github_gist
dogs.myshopify.com,active_ecommerce,shopify,True,,3,True,github_gist
dogsetall.myshopify.com,active_ecommerce,shopify,True,,3,True,github_gist
dogtails-4.myshopify.com,active_ecommerce,shopify,True,,3,True,github_gist
dollyllama.myshopify.com,active_ecommerce,shopify,True,,3,True,github_gist
domains.myshopify.com,active_ecommerce,shopify,True,,3,True,github_gist
domicomo.myshopify.com,active_ecommerce,shopify,True,,3,True,github_gist
dominantgeek.myshopify.com,active_ecommerce,shopify,True,,3,True,github_gist
dominio.myshopify.com,active_ecommerce,shopify,True,,3,True,github_gist
dominiq.myshopify.com,active_ecommerce,shopify,True,,3,True,github_gist
domotic.myshopify.com,active_ecommerce,shopify,True,,3,True,github_gist
doms.myshopify.com,active_ecommerce,shopify,True,,3,True,github_gist
domtest.myshopify.com,active_ecommerce,shopify,True,,3,True,github_gist
donews.myshopify.com,active_ecommerce,shopify,True,,3,True,github_gist
donhill.myshopify.com,active_ecommerce,shopify,True,,3,True,github_gist
donjis.myshopify.com,active_ecommerce,shopify,True,,3,True,github_gist
donkey.myshopify.com,active_ecommerce,shopify,True,,3,True,github_gist
donkeypuncher.myshopify.com,active_ecommerce,shopify,True,,3,True,github_gist
donkit.myshopify.com,active_ecommerce,shopify,True,,3,True,github_gist
donnie123.myshopify.com,active_ecommerce,shopify,True,,3,True,github_gist
donogh.myshopify.com,active_ecommerce,shopify,True,,3,True,github_gist
donovangreene.myshopify.com,active_ecommerce,shopify,True,,3,True,github_gist
donselectronics.myshopify.com,active_ecommerce,shopify,True,,3,True,github_gist
donshop.myshopify.com,active_ecommerce,shopify,True,,3,True,github_gist
dontsignup.myshopify.com,active_ecommerce,shopify,True,,3,True,github_gist
donutshop.myshopify.com,active_ecommerce,shopify,True,,3,True,github_gist
doolollie.myshopify.com,active_ecommerce,shopify,True,,3,True,github_gist
dopejams.myshopify.com,active_ecommerce,shopify,True,,3,True,github_gist
doppelplus.myshopify.com,active_ecommerce,shopify,True,,3,True,github_gist
dorkbot.myshopify.com,active_ecommerce,shopify,True,,3,True,github_gist
dorkstyle.myshopify.com,active_ecommerce,shopify,True,,3,True,github_gist
doru.myshopify.com,active_ecommerce,shopify,True,,3,True,github_gist
dosahyun.myshopify.com,active_ecommerce,shopify,True,,3,True,github_gist
dotcoma.myshopify.com,active_ecommerce,shopify,True,,3,True,github_gist
dotcommakers.myshopify.com,active_ecommerce,shopify,True,,3,True,github_gist
dotdotdot.myshopify.com,active_ecommerce,shopify,True,,3,True,github_gist
double8.myshopify.com,active_ecommerce,shopify,True,,3,True,github_gist
dougperkes.myshopify.com,active_ecommerce,shopify,True,,3,True,github_gist
dougscomputers.myshopify.com,active_ecommerce,shopify,True,,3,True,github_gist
douro.myshopify.com,active_ecommerce,shopify,True,,3,True,github_gist
dovigo.myshopify.com,active_ecommerce,shopify,True,,3,True,github_gist
dovona.myshopify.com,active_ecommerce,shopify,True,,3,True,github_gist
dozo.myshopify.com,active_ecommerce,shopify,True,,3,True,github_gist
dpelletier.myshopify.com,active_ecommerce,shopify,True,,3,True,github_gist
dragnetic.myshopify.com,active_ecommerce,shopify,True,,3,True,github_gist
dragonera.myshopify.com,active_ecommerce,shopify,True,,3,True,github_gist
dragonflydesigns.myshopify.com,active_ecommerce,shopify,True,,3,True,github_gist
dragonzl.myshopify.com,active_ecommerce,shopify,True,,3,True,github_gist
drako.myshopify.com,active_ecommerce,shopify,True,,3,True,github_gist
drbass.myshopify.com,active_ecommerce,shopify,True,,3,True,github_gist
dreadlocks.myshopify.com,active_ecommerce,shopify,True,,3,True,github_gist
dreamchair.myshopify.com,active_ecommerce,shopify,True,,3,True,github_gist
dreamfactory.myshopify.com,active_ecommerce,shopify,True,,3,True,github_gist
dreamlocators.myshopify.com,active_ecommerce,shopify,True,,3,True,github_gist
dreampp.myshopify.com,active_ecommerce,shopify,True,,3,True,github_gist
dreamsforsale.myshopify.com,active_ecommerce,shopify,True,,3,True,github_gist
dreamshop.myshopify.com,active_ecommerce,shopify,True,,3,True,github_gist
dreamsonline.myshopify.com,active_ecommerce,shopify,True,,3,True,github_gist
dreamuser.myshopify.com,active_ecommerce,shopify,True,,3,True,github_gist
dreamz.myshopify.com,active_ecommerce,shopify,True,,3,True,github_gist
dreamzcloset.myshopify.com,active_ecommerce,shopify,True,,3,True,github_gist
dreck.myshopify.com,active_ecommerce,shopify,True,,3,True,github_gist
dressforlife.myshopify.com,active_ecommerce,shopify,True,,3,True,github_gist
dressup.myshopify.com,active_ecommerce,shopify,True,,3,True,github_gist
drewdrawn.myshopify.com,active_ecommerce,shopify,True,,3,True,github_gist
driftshop.myshopify.com,active_ecommerce,shopify,True,,3,True,github_gist
drinkorangetang.myshopify.com,active_ecommerce,shopify,True,,3,True,github_gist
drioifrari.myshopify.com,active_ecommerce,shopify,True,,3,True,github_gist
driven.myshopify.com,active_ecommerce,shopify,True,,3,True,github_gist
dropdeadhappy.myshopify.com,active_ecommerce,shopify,True,,3,True,github_gist
drtrey.myshopify.com,active_ecommerce,shopify,True,,3,True,github_gist
drugpolicy.myshopify.com,active_ecommerce,shopify,True,,3,True,github_gist
drumbeatofuganda.myshopify.com,active_ecommerce,shopify,True,,3,True,github_gist
druncards.myshopify.com,active_ecommerce,shopify,True,,3,True,github_gist
druu.myshopify.com,active_ecommerce,shopify,True,,3,True,github_gist
drweb.myshopify.com,active_ecommerce,shopify,True,,3,True,github_gist
dryzer.myshopify.com,active_ecommerce,shopify,True,,3,True,github_gist
dsbmx.myshopify.com,active_ecommerce,shopify,True,,3,True,github_gist
dseek.myshopify.com,active_ecommerce,shopify,True,,3,True,github_gist
dsgndvlp.myshopify.com,active_ecommerce,shopify,True,,3,True,github_gist
dtcrec.myshopify.com,active_ecommerce,shopify,True,,3,True,github_gist
dtcrecords.myshopify.com,active_ecommerce,shopify,True,,3,True,github_gist
dtest.myshopify.com,active_ecommerce,shopify,True,,3,True,github_gist
dthings.myshopify.com,active_ecommerce,shopify,True,,3,True,github_gist
dtinc.myshopify.com,active_ecommerce,shopify,True,,3,True,github_gist
dtpsolutions.myshopify.com,active_ecommerce,shopify,True,,3,True,github_gist
dualstring.myshopify.com,active_ecommerce,shopify,True,,3,True,github_gist
dubshop.myshopify.com,active_ecommerce,shopify,True,,3,True,github_gist
ducinaltum.myshopify.com,active_ecommerce,shopify,True,,3,True,github_gist
duckas.myshopify.com,active_ecommerce,shopify,True,,3,True,github_gist
ducoudray.myshopify.com,active_ecommerce,shopify,True,,3,True,github_gist
dude-39.myshopify.com,active_ecommerce,shopify,True,,3,True,github_gist
dude.myshopify.com,active_ecommerce,shopify,True,,3,True,github_gist
dude9.myshopify.com,active_ecommerce,shopify,True,,3,True,github_gist
duderocks.myshopify.com,active_ecommerce,shopify,True,,3,True,github_gist
duds.myshopify.com,active_ecommerce,shopify,True,,3,True,github_gist
duerme.myshopify.com,active_ecommerce,shopify,True,,3,True,github_gist
duff.myshopify.com,active_ecommerce,shopify,True,,3,True,github_gist
dugs.myshopify.com,active_ecommerce,shopify,True,,3,True,github_gist
dukkan.myshopify.com,active_ecommerce,shopify,True,,3,True,github_gist
dulcegourmet.myshopify.com,active_ecommerce,shopify,True,,3,True,github_gist
dulceslacarmela.myshopify.com,active_ecommerce,shopify,True,,3,True,github_gist
dumbotester.myshopify.com,active_ecommerce,shopify,True,,3,True,github_gist
dumonde.myshopify.com,active_ecommerce,shopify,True,,3,True,github_gist
dunchel.myshopify.com,active_ecommerce,shopify,True,,3,True,github_gist
duoduo.myshopify.com,active_ecommerce,shopify,True,,3,True,github_gist
duotone.myshopify.com,active_ecommerce,shopify,True,,3,True,github_gist
dupa.myshopify.com,active_ecommerce,shopify,True,,3,True,github_gist
dural2.myshopify.com,active_ecommerce,shopify,True,,3,True,github_gist
duran.myshopify.com,active_ecommerce,shopify,True,,3,True,github_gist
duss.myshopify.com,active_ecommerce,shopify,True,,3,True,github_gist
dusty.myshopify.com,active_ecommerce,shopify,True,,3,True,github_gist
dutyfree.myshopify.com,active_ecommerce,shopify,True,,3,True,github_gist
dvd-movies.myshopify.com,active_ecommerce,shopify,True,,3,True,github_gist
dvdland.myshopify.com,active_ecommerce,shopify,True,,3,True,github_gist
dvds.myshopify.com,active_ecommerce,shopify,True,,3,True,github_gist
dvdsandgames.myshopify.com,active_ecommerce,shopify,True,,3,True,github_gist
dvdshop2.myshopify.com,active_ecommerce,shopify,True,,3,True,github_gist
dvdstore.myshopify.com,active_ecommerce,shopify,True,,3,True,github_gist
dvshop.myshopify.com,active_ecommerce,shopify,True,,3,True,github_gist
dwtworld.myshopify.com,active_ecommerce,shopify,True,,3,True,github_gist
dxoutlet.myshopify.com,active_ecommerce,shopify,True,,3,True,github_gist
dylan.myshopify.com,active_ecommerce,shopify,True,,3,True,github_gist
dylansage.myshopify.com,active_ecommerce,shopify,True,,3,True,github_gist
dynacharge.myshopify.com,active_ecommerce,shopify,True,,3,True,github_gist
dynamaik.myshopify.com,active_ecommerce,shopify,True,,3,True,github_gist
dynamic.myshopify.com,active_ecommerce,shopify,True,,3,True,github_gist
dynamicracing.myshopify.com,active_ecommerce,shopify,True,,3,True,github_gist
dynamik.myshopify.com,active_ecommerce,shopify,True,,3,True,github_gist
e-bikes.myshopify.com,active_ecommerce,shopify,True,,3,True,github_gist
e-bravi.myshopify.com,active_ecommerce,shopify,True,,3,True,github_gist
e-lion.myshopify.com,active_ecommerce,shopify,True,,3,True,github_gist
e-lottery.myshopify.com,active_ecommerce,shopify,True,,3,True,github_gist
e-maft.myshopify.com,active_ecommerce,shopify,True,,3,True,github_gist
e-mart.myshopify.com,active_ecommerce,shopify,True,,3,True,github_gist
e-shop.myshopify.com,active_ecommerce,shopify,True,,3,True,github_gist
e-shopmalta.myshopify.com,active_ecommerce,shopify,True,,3,True,github_gist
e-shoppartner.myshopify.com,active_ecommerce,shopify,True,,3,True,github_gist
e-web.myshopify.com,active_ecommerce,shopify,True,,3,True,github_gist
e4is.myshopify.com,active_ecommerce,shopify,True,,3,True,github_gist
eagle.myshopify.com,active_ecommerce,shopify,True,,3,True,github_gist
eagles.myshopify.com,active_ecommerce,shopify,True,,3,True,github_gist
eaid.myshopify.com,active_ecommerce,shopify,True,,3,True,github_gist
earjules.myshopify.com,active_ecommerce,shopify,True,,3,True,github_gist
eastcoastguzzi.myshopify.com,active_ecommerce,shopify,True,,3,True,github_gist
eastjerky.myshopify.com,active_ecommerce,shopify,True,,3,True,github_gist
eastonlegacy.myshopify.com,active_ecommerce,shopify,True,,3,True,github_gist
easyj.myshopify.com,active_ecommerce,shopify,True,,3,True,github_gist
ebay.myshopify.com,active_ecommerce,shopify,True,,3,True,github_gist
ebays.myshopify.com,active_ecommerce,shopify,True,,3,True,github_gist
ebaytest.myshopify.com,active_ecommerce,shopify,True,,3,True,github_gist
ebazaar.myshopify.com,active_ecommerce,shopify,True,,3,True,github_gist
eberean.myshopify.com,active_ecommerce,shopify,True,,3,True,github_gist
ebluefox.myshopify.com,active_ecommerce,shopify,True,,3,True,github_gist
ebonyretail.myshopify.com,active_ecommerce,shopify,True,,3,True,github_gist
ebook.myshopify.com,active_ecommerce,shopify,True,,3,True,github_gist
ebooks.myshopify.com,active_ecommerce,shopify,True,,3,True,github_gist
ebubs.myshopify.com,active_ecommerce,shopify,True,,3,True,github_gist
ebucio.myshopify.com,active_ecommerce,shopify,True,,3,True,github_gist
ebuy.myshopify.com,active_ecommerce,shopify,True,,3,True,github_gist
ecanyons.myshopify.com,active_ecommerce,shopify,True,,3,True,github_gist
ecatalogstore.myshopify.com,active_ecommerce,shopify,True,,3,True,github_gist
ecebu.myshopify.com,active_ecommerce,shopify,True,,3,True,github_gist
echelon7.myshopify.com,active_ecommerce,shopify,True,,3,True,github_gist
echittenden.myshopify.com,active_ecommerce,shopify,True,,3,True,github_gist
echocorp.myshopify.com,active_ecommerce,shopify,True,,3,True,github_gist
echoppe.myshopify.com,active_ecommerce,shopify,True,,3,True,github_gist
echtleukecadeaus.myshopify.com,active_ecommerce,shopify,True,,3,True,github_gist
eclipse-designs.myshopify.com,active_ecommerce,shopify,True,,3,True,github_gist
ecode.myshopify.com,active_ecommerce,shopify,True,,3,True,github_gist
ecofriendlypapers.myshopify.com,active_ecommerce,shopify,True,,3,True,github_gist
ecolo.myshopify.com,active_ecommerce,shopify,True,,3,True,github_gist
ecommerceexample.myshopify.com,active_ecommerce,shopify,True,,3,True,github_gist
ecommercing.myshopify.com,active_ecommerce,shopify,True,,3,True,github_gist
ecomputrack.myshopify.com,active_ecommerce,shopify,True,,3,True,github_gist
econsultant.myshopify.com,active_ecommerce,shopify,True,,3,True,github_gist
econsultingagency.myshopify.com,active_ecommerce,shopify,True,,3,True,github_gist
econtalk.myshopify.com,active_ecommerce,shopify,True,,3,True,github_gist
ecosurfstore.myshopify.com,active_ecommerce,shopify,True,,3,True,github_gist
ecosway.myshopify.com,active_ecommerce,shopify,True,,3,True,github_gist
ecsema.myshopify.com,active_ecommerce,shopify,True,,3,True,github_gist
ectoplasm.myshopify.com,active_ecommerce,shopify,True,,3,True,github_gist
ecuador-crafts.myshopify.com,active_ecommerce,shopify,True,,3,True,github_gist
edbs.myshopify.com,active_ecommerce,shopify,True,,3,True,github_gist
eddychang.myshopify.com,active_ecommerce,shopify,True,,3,True,github_gist
edeli.myshopify.com,active_ecommerce,shopify,True,,3,True,github_gist
eden.myshopify.com,active_ecommerce,shopify,True,,3,True,github_gist
edencanyon.myshopify.com,active_ecommerce,shopify,True,,3,True,github_gist
edenpark.myshopify.com,active_ecommerce,shopify,True,,3,True,github_gist
edg3.myshopify.com,active_ecommerce,shopify,True,,3,True,github_gist
edgecloud.myshopify.com,active_ecommerce,shopify,True,,3,True,github_gist
edgewise.myshopify.com,active_ecommerce,shopify,True,,3,True,github_gist
edinburghsymphonybaroque.myshopify.com,active_ecommerce,shopify,True,,3,True,github_gist
editions.myshopify.com,active_ecommerce,shopify,True,,3,True,github_gist
editoraprosperar.myshopify.com,active_ecommerce,shopify,True,,3,True,github_gist
edleddy.myshopify.com,active_ecommerce,shopify,True,,3,True,github_gist
edore.myshopify.com,active_ecommerce,shopify,True,,3,True,github_gist
edragonwear.myshopify.com,active_ecommerce,shopify,True,,3,True,github_gist
edrayne.myshopify.com,active_ecommerce,shopify,True,,3,True,github_gist
edsbits.myshopify.com,active_ecommerce,shopify,True,,3,True,github_gist
edsid.myshopify.com,active_ecommerce,shopify,True,,3,True,github_gist
edubooks.myshopify.com,active_ecommerce,shopify,True,,3,True,github_gist
educational.myshopify.com,active_ecommerce,shopify,True,,3,True,github_gist
edusilva.myshopify.com,active_ecommerce,shopify,True,,3,True,github_gist
edwindurning.myshopify.com,active_ecommerce,shopify,True,,3,True,github_gist
eecopet.myshopify.com,active_ecommerce,shopify,True,,3,True,github_gist
eelectronics.myshopify.com,active_ecommerce,shopify,True,,3,True,github_gist
eemi.myshopify.com,active_ecommerce,shopify,True,,3,True,github_gist
efashion2go.myshopify.com,active_ecommerce,shopify,True,,3,True,github_gist
efficiency.myshopify.com,active_ecommerce,shopify,True,,3,True,github_gist
eflowers.myshopify.com,active_ecommerce,shopify,True,,3,True,github_gist
efromagerie.myshopify.com,active_ecommerce,shopify,True,,3,True,github_gist
egallery.myshopify.com,active_ecommerce,shopify,True,,3,True,github_gist
egame.myshopify.com,active_ecommerce,shopify,True,,3,True,github_gist
egoland.myshopify.com,active_ecommerce,shopify,True,,3,True,github_gist
egosystems.myshopify.com,active_ecommerce,shopify,True,,3,True,github_gist
egpo.myshopify.com,active_ecommerce,shopify,True,,3,True,github_gist
egreenchaptershop.myshopify.com,active_ecommerce,shopify,True,,3,True,github_gist
egren.myshopify.com,active_ecommerce,shopify,True,,3,True,github_gist
egstudios.myshopify.com,active_ecommerce,shopify,True,,3,True,github_gist
egusquizacosta.myshopify.com,active_ecommerce,shopify,True,,3,True,github_gist
egvweb.myshopify.com,active_ecommerce,shopify,True,,3,True,github_gist
egympie.myshopify.com,active_ecommerce,shopify,True,,3,True,github_gist
egyptiannights.myshopify.com,active_ecommerce,shopify,True,,3,True,github_gist
ehnesmedia.myshopify.com,active_ecommerce,shopify,True,,3,True,github_gist
ehoa.myshopify.com,active_ecommerce,shopify,True,,3,True,github_gist
ehose.myshopify.com,active_ecommerce,shopify,True,,3,True,github_gist
ehsan.myshopify.com,active_ecommerce,shopify,True,,3,True,github_gist
eigenzeit.myshopify.com,active_ecommerce,shopify,True,,3,True,github_gist
eightybaby.myshopify.com,active_ecommerce,shopify,True,,3,True,github_gist
einstein.myshopify.com,active_ecommerce,shopify,True,,3,True,github_gist
eintagsfliege.myshopify.com,active_ecommerce,shopify,True,,3,True,github_gist
eiqconsultoria.myshopify.com,active_ecommerce,shopify,True,,3,True,github_gist
eisemanntheater.myshopify.com,active_ecommerce,shopify,True,,3,True,github_gist
eisenroeckl.myshopify.com,active_ecommerce,shopify,True,,3,True,github_gist
ejectshop.myshopify.com,active_ecommerce,shopify,True,,3,True,github_gist
ejfox.myshopify.com,active_ecommerce,shopify,True,,3,True,github_gist
ekaiwan.myshopify.com,active_ecommerce,shopify,True,,3,True,github_gist
ekalb.myshopify.com,active_ecommerce,shopify,True,,3,True,github_gist
ekonoline.myshopify.com,active_ecommerce,shopify,True,,3,True,github_gist
elabs.myshopify.com,active_ecommerce,shopify,True,,3,True,github_gist
elandesign.myshopify.com,active_ecommerce,shopify,True,,3,True,github_gist
elbommel.myshopify.com,active_ecommerce,shopify,True,,3,True,github_gist
elcanco.myshopify.com,active_ecommerce,shopify,True,,3,True,github_gist
elcid.myshopify.com,active_ecommerce,shopify,True,,3,True,github_gist
elclavel.myshopify.com,active_ecommerce,shopify,True,,3,True,github_gist
elclick.myshopify.com,active_ecommerce,shopify,True,,3,True,github_gist
eldarahali.myshopify.com,active_ecommerce,shopify,True,,3,True,github_gist
eldebe.myshopify.com,active_ecommerce,shopify,True,,3,True,github_gist
eldesignfirm.myshopify.com,active_ecommerce,shopify,True,,3,True,github_gist
eldhund.myshopify.com,active_ecommerce,shopify,True,,3,True,github_gist
electionhq.myshopify.com,active_ecommerce,shopify,True,,3,True,github_gist
electricbikes.myshopify.com,active_ecommerce,shopify,True,,3,True,github_gist
electrogeisha.myshopify.com,active_ecommerce,shopify,True,,3,True,github_gist
electronics.myshopify.com,active_ecommerce,shopify,True,,3,True,github_gist
electronicsheaven.myshopify.com,active_ecommerce,shopify,True,,3,True,github_gist
electrononicsnstuff.myshopify.com,active_ecommerce,shopify,True,,3,True,github_gist
electros.myshopify.com,active_ecommerce,shopify,True,,3,True,github_gist
elegance.myshopify.com,active_ecommerce,shopify,True,,3,True,github_gist
elegant-essence.myshopify.com,active_ecommerce,shopify,True,,3,True,github_gist
elemental.myshopify.com,active_ecommerce,shopify,True,,3,True,github_gist
elementalbeads.myshopify.com,active_ecommerce,shopify,True,,3,True,github_gist
elementaltrading.myshopify.com,active_ecommerce,shopify,True,,3,True,github_gist
elementmedia.myshopify.com,active_ecommerce,shopify,True,,3,True,github_gist
elephantrose.myshopify.com,active_ecommerce,shopify,True,,3,True,github_gist
elevated.myshopify.com,active_ecommerce,shopify,True,,3,True,github_gist
eleytech.myshopify.com,active_ecommerce,shopify,True,,3,True,github_gist
elffz.myshopify.com,active_ecommerce,shopify,True,,3,True,github_gist
elfox.myshopify.com,active_ecommerce,shopify,True,,3,True,github_gist
elimar.myshopify.com,active_ecommerce,shopify,True,,3,True,github_gist
eliotecnicastermieri.myshopify.com,active_ecommerce,shopify,True,,3,True,github_gist
elizas.myshopify.com,active_ecommerce,shopify,True,,3,True,github_gist
ellector.myshopify.com,active_ecommerce,shopify,True,,3,True,github_gist
elliswyche.myshopify.com,active_ecommerce,shopify,True,,3,True,github_gist
ellogram.myshopify.com,active_ecommerce,shopify,True,,3,True,github_gist
elluminate.myshopify.com,active_ecommerce,shopify,True,,3,True,github_gist
elmersstore.myshopify.com,active_ecommerce,shopify,True,,3,True,github_gist
elneroma.myshopify.com,active_ecommerce,shopify,True,,3,True,github_gist
elnino.myshopify.com,active_ecommerce,shopify,True,,3,True,github_gist
elora.myshopify.com,active_ecommerce,shopify,True,,3,True,github_gist
elpico.myshopify.com,active_ecommerce,shopify,True,,3,True,github_gist
elportalito.myshopify.com,active_ecommerce,shopify,True,,3,True,github_gist
elsassexpat.myshopify.com,active_ecommerce,shopify,True,,3,True,github_gist
elteatrodelamente.myshopify.com,active_ecommerce,shopify,True,,3,True,github_gist
elucidate.myshopify.com,active_ecommerce,shopify,True,,3,True,github_gist
elvir.myshopify.com,active_ecommerce,shopify,True,,3,True,github_gist
elvirs.myshopify.com,active_ecommerce,shopify,True,,3,True,github_gist
elvisshop.myshopify.com,active_ecommerce,shopify,True,,3,True,github_gist
elzon.myshopify.com,active_ecommerce,shopify,True,,3,True,github_gist
email.myshopify.com,active_ecommerce,shopify,True,,3,True,github_gist
emark.myshopify.com,active_ecommerce,shopify,True,,3,True,github_gist
emballage.myshopify.com,active_ecommerce,shopify,True,,3,True,github_gist
embracepetinsurance.myshopify.com,active_ecommerce,shopify,True,,3,True,github_gist
embro.myshopify.com,active_ecommerce,shopify,True,,3,True,github_gist
embroideries.myshopify.com,active_ecommerce,shopify,True,,3,True,github_gist
emc2.myshopify.com,active_ecommerce,shopify,True,,3,True,github_gist
emergence.myshopify.com,active_ecommerce,shopify,True,,3,True,github_gist
emergent.myshopify.com,active_ecommerce,shopify,True,,3,True,github_gist
emergia.myshopify.com,active_ecommerce,shopify,True,,3,True,github_gist
emillmo.myshopify.com,active_ecommerce,shopify,True,,3,True,github_gist
emmashop.myshopify.com,active_ecommerce,shopify,True,,3,True,github_gist
emmausmossley.myshopify.com,active_ecommerce,shopify,True,,3,True,github_gist
emoclothes.myshopify.com,active_ecommerce,shopify,True,,3,True,github_gist
emormonbooks.myshopify.com,active_ecommerce,shopify,True,,3,True,github_gist
emotionaljoystick.myshopify.com,active_ecommerce,shopify,True,,3,True,github_gist
empathabbey.myshopify.com,active_ecommerce,shopify,True,,3,True,github_gist
emporiomario.myshopify.com,active_ecommerce,shopify,True,,3,True,github_gist
empowerus.myshopify.com,active_ecommerce,shopify,True,,3,True,github_gist
emptysock.myshopify.com,active_ecommerce,shopify,True,,3,True,github_gist
empyre01d2.myshopify.com,active_ecommerce,shopify,True,,3,True,github_gist
emrehancerli.myshopify.com,active_ecommerce,shopify,True,,3,True,github_gist
emthree.myshopify.com,active_ecommerce,shopify,True,,3,True,github_gist
emulateproductions.myshopify.com,active_ecommerce,shopify,True,,3,True,github_gist
enableit.myshopify.com,active_ecommerce,shopify,True,,3,True,github_gist
enalsace.myshopify.com,active_ecommerce,shopify,True,,3,True,github_gist
endian.myshopify.com,active_ecommerce,shopify,True,,3,True,github_gist
endianit.myshopify.com,active_ecommerce,shopify,True,,3,True,github_gist
endlessfuton.myshopify.com,active_ecommerce,shopify,True,,3,True,github_gist
endlesswhileloop.myshopify.com,active_ecommerce,shopify,True,,3,True,github_gist
endo.myshopify.com,active_ecommerce,shopify,True,,3,True,github_gist
endsatodds.myshopify.com,active_ecommerce,shopify,True,,3,True,github_gist
endurancehosting.myshopify.com,active_ecommerce,shopify,True,,3,True,github_gist
endurancerecords.myshopify.com,active_ecommerce,shopify,True,,3,True,github_gist
enej.myshopify.com,active_ecommerce,shopify,True,,3,True,github_gist
energy.myshopify.com,active_ecommerce,shopify,True,,3,True,github_gist
energyioannu.myshopify.com,active_ecommerce,shopify,True,,3,True,github_gist
energyliberators.myshopify.com,active_ecommerce,shopify,True,,3,True,github_gist
enfront.myshopify.com,active_ecommerce,shopify,True,,3,True,github_gist
english360.myshopify.com,active_ecommerce,shopify,True,,3,True,github_gist
enicoins.myshopify.com,active_ecommerce,shopify,True,,3,True,github_gist
enigma.myshopify.com,active_ecommerce,shopify,True,,3,True,github_gist
eniris.myshopify.com,active_ecommerce,shopify,True,,3,True,github_gist
enklo.myshopify.com,active_ecommerce,shopify,True,,3,True,github_gist
enneagon.myshopify.com,active_ecommerce,shopify,True,,3,True,github_gist
enologando.myshopify.com,active_ecommerce,shopify,True,,3,True,github_gist
enrocador.myshopify.com,active_ecommerce,shopify,True,,3,True,github_gist
ensemble.myshopify.com,active_ecommerce,shopify,True,,3,True,github_gist
ensoph.myshopify.com,active_ecommerce,shopify,True,,3,True,github_gist
ensquared.myshopify.com,active_ecommerce,shopify,True,,3,True,github_gist
enter.myshopify.com,active_ecommerce,shopify,True,,3,True,github_gist
enteresan.myshopify.com,active_ecommerce,shopify,True,,3,True,github_gist
entorno-web.myshopify.com,active_ecommerce,shopify,True,,3,True,github_gist
entrauge.myshopify.com,active_ecommerce,shopify,True,,3,True,github_gist
entrepreneurs.myshopify.com,active_ecommerce,shopify,True,,3,True,github_gist
entropy.myshopify.com,active_ecommerce,shopify,True,,3,True,github_gist
entropycc.myshopify.com,active_ecommerce,shopify,True,,3,True,github_gist
entryway.myshopify.com,active_ecommerce,shopify,True,,3,True,github_gist
enttees.myshopify.com,active_ecommerce,shopify,True,,3,True,github_gist
enufgear.myshopify.com,active_ecommerce,shopify,True,,3,True,github_gist
envi.myshopify.com,active_ecommerce,shopify,True,,3,True,github_gist
enviale.myshopify.com,active_ecommerce,shopify,True,,3,True,github_gist
envindia.myshopify.com,active_ecommerce,shopify,True,,3,True,github_gist
enviofuel.myshopify.com,active_ecommerce,shopify,True,,3,True,github_gist
enviralabs.myshopify.com,active_ecommerce,shopify,True,,3,True,github_gist
enviro2b.myshopify.com,active_ecommerce,shopify,True,,3,True,github_gist
environmentstupid.myshopify.com,active_ecommerce,shopify,True,,3,True,github_gist
enxeo.myshopify.com,active_ecommerce,shopify,True,,3,True,github_gist
enzonieri.myshopify.com,active_ecommerce,shopify,True,,3,True,github_gist
eoak.myshopify.com,active_ecommerce,shopify,True,,3,True,github_gist
eonic.myshopify.com,active_ecommerce,shopify,True,,3,True,github_gist
eonline.myshopify.com,active_ecommerce,shopify,True,,3,True,github_gist
eparty.myshopify.com,active_ecommerce,shopify,True,,3,True,github_gist
epartyworld.myshopify.com,active_ecommerce,shopify,True,,3,True,github_gist
ephemera.myshopify.com,active_ecommerce,shopify,True,,3,True,github_gist
epillows.myshopify.com,active_ecommerce,shopify,True,,3,True,github_gist
eppol.myshopify.com,active_ecommerce,shopify,True,,3,True,github_gist
eprimo.myshopify.com,active_ecommerce,shopify,True,,3,True,github_gist
eproducts.myshopify.com,active_ecommerce,shopify,True,,3,True,github_gist
epsa.myshopify.com,active_ecommerce,shopify,True,,3,True,github_gist
epshop.myshopify.com,active_ecommerce,shopify,True,,3,True,github_gist
epsylon.myshopify.com,active_ecommerce,shopify,True,,3,True,github_gist
eptala.myshopify.com,active_ecommerce,shopify,True,,3,True,github_gist
eqtest.myshopify.com,active_ecommerce,shopify,True,,3,True,github_gist
equals25.myshopify.com,active_ecommerce,shopify,True,,3,True,github_gist
equipexq.myshopify.com,active_ecommerce,shopify,True,,3,True,github_gist
era-world.myshopify.com,active_ecommerce,shopify,True,,3,True,github_gist
eral.myshopify.com,active_ecommerce,shopify,True,,3,True,github_gist
eramio.myshopify.com,active_ecommerce,shopify,True,,3,True,github_gist
ergonomics.myshopify.com,active_ecommerce,shopify,True,,3,True,github_gist
eric1.myshopify.com,active_ecommerce,shopify,True,,3,True,github_gist
erica.myshopify.com,active_ecommerce,shopify,True,,3,True,github_gist
erictest.myshopify.com,active_ecommerce,shopify,True,,3,True,github_gist
erik-test.myshopify.com,active_ecommerce,shopify,True,,3,True,github_gist
erikbenson.myshopify.com,active_ecommerce,shopify,True,,3,True,github_gist
ernomijland.myshopify.com,active_ecommerce,shopify,True,,3,True,github_gist
erotic-photo.myshopify.com,active_ecommerce,shopify,True,,3,True,github_gist
erotic.myshopify.com,active_ecommerce,shopify,True,,3,True,github_gist
erpini.myshopify.com,active_ecommerce,shopify,True,,3,True,github_gist
errors.myshopify.com,active_ecommerce,shopify,True,,3,True,github_gist
esale.myshopify.com,active_ecommerce,shopify,True,,3,True,github_gist
esandbox.myshopify.com,active_ecommerce,shopify,True,,3,True,github_gist
escapepod.myshopify.com,active_ecommerce,shopify,True,,3,True,github_gist
escnet.myshopify.com,active_ecommerce,shopify,True,,3,True,github_gist
eseph.myshopify.com,active_ecommerce,shopify,True,,3,True,github_gist
eshoppartner.myshopify.com,active_ecommerce,shopify,True,,3,True,github_gist
esimply.myshopify.com,active_ecommerce,shopify,True,,3,True,github_gist
eskimosnose.myshopify.com,active_ecommerce,shopify,True,,3,True,github_gist
esportshop.myshopify.com,active_ecommerce,shopify,True,,3,True,github_gist
espunholy.myshopify.com,active_ecommerce,shopify,True,,3,True,github_gist
essien.myshopify.com,active_ecommerce,shopify,True,,3,True,github_gist
estadovisivel.myshopify.com,active_ecommerce,shopify,True,,3,True,github_gist
estanciasdivinas.myshopify.com,active_ecommerce,shopify,True,,3,True,github_gist
este.myshopify.com,active_ecommerce,shopify,True,,3,True,github_gist
esteecrown.myshopify.com,active_ecommerce,shopify,True,,3,True,github_gist
esther.myshopify.com,active_ecommerce,shopify,True,,3,True,github_gist
esto.myshopify.com,active_ecommerce,shopify,True,,3,True,github_gist
estore.myshopify.com,active_ecommerce,shopify,True,,3,True,github_gist
estories.myshopify.com,active_ecommerce,shopify,True,,3,True,github_gist
etchingsandcollectibles.myshopify.com,active_ecommerce,shopify,True,,3,True,github_gist
eternalistic.myshopify.com,active_ecommerce,shopify,True,,3,True,github_gist
ethan11.myshopify.com,active_ecommerce,shopify,True,,3,True,github_gist
ethanator101.myshopify.com,active_ecommerce,shopify,True,,3,True,github_gist
ethandonohoe.myshopify.com,active_ecommerce,shopify,True,,3,True,github_gist
ethingsworldwide.myshopify.com,active_ecommerce,shopify,True,,3,True,github_gist
etone.myshopify.com,active_ecommerce,shopify,True,,3,True,github_gist
etruta.myshopify.com,active_ecommerce,shopify,True,,3,True,github_gist
euconcepts.myshopify.com,active_ecommerce,shopify,True,,3,True,github_gist
eulife.myshopify.com,active_ecommerce,shopify,True,,3,True,github_gist
eurobath.myshopify.com,active_ecommerce,shopify,True,,3,True,github_gist
eurocss.myshopify.com,active_ecommerce,shopify,True,,3,True,github_gist
eurojoe.myshopify.com,active_ecommerce,shopify,True,,3,True,github_gist
euromarket.myshopify.com,active_ecommerce,shopify,True,,3,True,github_gist
europeanleaders.myshopify.com,active_ecommerce,shopify,True,,3,True,github_gist
euskalchip.myshopify.com,active_ecommerce,shopify,True,,3,True,github_gist
eval.myshopify.com,active_ecommerce,shopify,True,,3,True,github_gist
evalarsen.myshopify.com,active_ecommerce,shopify,True,,3,True,github_gist
evalorio.myshopify.com,active_ecommerce,shopify,True,,3,True,github_gist
evan.myshopify.com,active_ecommerce,shopify,True,,3,True,github_gist
evanities.myshopify.com,active_ecommerce,shopify,True,,3,True,github_gist
evanr76.myshopify.com,active_ecommerce,shopify,True,,3,True,github_gist
evanwatts.myshopify.com,active_ecommerce,shopify,True,,3,True,github_gist
evcube.myshopify.com,active_ecommerce,shopify,True,,3,True,github_gist
evelyn13.myshopify.com,active_ecommerce,shopify,True,,3,True,github_gist
event.myshopify.com,active_ecommerce,shopify,True,,3,True,github_gist
eventkare.myshopify.com,active_ecommerce,shopify,True,,3,True,github_gist
events.myshopify.com,active_ecommerce,shopify,True,,3,True,github_gist
ever.myshopify.com,active_ecommerce,shopify,True,,3,True,github_gist
everestshop.myshopify.com,active_ecommerce,shopify,True,,3,True,github_gist
everygaycards.myshopify.com,active_ecommerce,shopify,True,,3,True,github_gist
everythingm2m.myshopify.com,active_ecommerce,shopify,True,,3,True,github_gist
everythingyouneedandmore.myshopify.com,active_ecommerce,shopify,True,,3,True,github_gist
evesexample.myshopify.com,active_ecommerce,shopify,True,,3,True,github_gist
eviapparel.myshopify.com,active_ecommerce,shopify,True,,3,True,github_gist
evibes.myshopify.com,active_ecommerce,shopify,True,,3,True,github_gist
evidenceexpress.myshopify.com,active_ecommerce,shopify,True,,3,True,github_gist
evilgeniustees.myshopify.com,active_ecommerce,shopify,True,,3,True,github_gist
evilprimate.myshopify.com,active_ecommerce,shopify,True,,3,True,github_gist
eviso.myshopify.com,active_ecommerce,shopify,True,,3,True,github_gist
evitus.myshopify.com,active_ecommerce,shopify,True,,3,True,github_gist
evlpanda.myshopify.com,active_ecommerce,shopify,True,,3,True,github_gist
evmins.myshopify.com,active_ecommerce,shopify,True,,3,True,github_gist
evolutionr.myshopify.com,active_ecommerce,shopify,True,,3,True,github_gist
evolve.myshopify.com,active_ecommerce,shopify,True,,3,True,github_gist
evosol.myshopify.com,active_ecommerce,shopify,True,,3,True,github_gist
eweb.myshopify.com,active_ecommerce,shopify,True,,3,True,github_gist
ewebscapes.myshopify.com,active_ecommerce,shopify,True,,3,True,github_gist
ewstudio.myshopify.com,active_ecommerce,shopify,True,,3,True,github_gist
exacq.myshopify.com,active_ecommerce,shopify,True,,3,True,github_gist
example.myshopify.com,active_ecommerce,shopify,True,,3,True,github_gist
examplee.myshopify.com,active_ecommerce,shopify,True,,3,True,github_gist
examstuff.myshopify.com,active_ecommerce,shopify,True,,3,True,github_gist
excel.myshopify.com,active_ecommerce,shopify,True,,3,True,github_gist
exchange.myshopify.com,active_ecommerce,shopify,True,,3,True,github_gist
excitepoint.myshopify.com,active_ecommerce,shopify,True,,3,True,github_gist
exclaim.myshopify.com,active_ecommerce,shopify,True,,3,True,github_gist
exclaym.myshopify.com,active_ecommerce,shopify,True,,3,True,github_gist
exclusivewines.myshopify.com,active_ecommerce,shopify,True,,3,True,github_gist
execauto.myshopify.com,active_ecommerce,shopify,True,,3,True,github_gist
exelixis.myshopify.com,active_ecommerce,shopify,True,,3,True,github_gist
exhero.myshopify.com,active_ecommerce,shopify,True,,3,True,github_gist
exigo.myshopify.com,active_ecommerce,shopify,True,,3,True,github_gist
exliber.myshopify.com,active_ecommerce,shopify,True,,3,True,github_gist
exoticdarts.myshopify.com,active_ecommerce,shopify,True,,3,True,github_gist
exoticfish.myshopify.com,active_ecommerce,shopify,True,,3,True,github_gist
expatrick.myshopify.com,active_ecommerce,shopify,True,,3,True,github_gist
explore.myshopify.com,active_ecommerce,shopify,True,,3,True,github_gist
exploreluxury.myshopify.com,active_ecommerce,shopify,True,,3,True,github_gist
explorer.myshopify.com,active_ecommerce,shopify,True,,3,True,github_gist
explosionclothing.myshopify.com,active_ecommerce,shopify,True,,3,True,github_gist
expositores.myshopify.com,active_ecommerce,shopify,True,,3,True,github_gist
express.myshopify.com,active_ecommerce,shopify,True,,3,True,github_gist
expressn.myshopify.com,active_ecommerce,shopify,True,,3,True,github_gist
exshop.myshopify.com,active_ecommerce,shopify,True,,3,True,github_gist
exspare.myshopify.com,active_ecommerce,shopify,True,,3,True,github_gist
extendedstyle.myshopify.com,active_ecommerce,shopify,True,,3,True,github_gist
extendi.myshopify.com,active_ecommerce,shopify,True,,3,True,github_gist
extensionstheplay.myshopify.com,active_ecommerce,shopify,True,,3,True,github_gist
exteriorautoparts.myshopify.com,active_ecommerce,shopify,True,,3,True,github_gist
extreme.myshopify.com,active_ecommerce,shopify,True,,3,True,github_gist
extrememetal.myshopify.com,active_ecommerce,shopify,True,,3,True,github_gist
extremeshopping.myshopify.com,active_ecommerce,shopify,True,,3,True,github_gist
extropy.myshopify.com,active_ecommerce,shopify,True,,3,True,github_gist
exuma.myshopify.com,active_ecommerce,shopify,True,,3,True,github_gist
exxon.myshopify.com,active_ecommerce,shopify,True,,3,True,github_gist
eyesonsales.myshopify.com,active_ecommerce,shopify,True,,3,True,github_gist
eyesopen.myshopify.com,active_ecommerce,shopify,True,,3,True,github_gist
eyestyle.myshopify.com,active_ecommerce,shopify,True,,3,True,github_gist
eyjewelry.myshopify.com,active_ecommerce,shopify,True,,3,True,github_gist
ezabel.myshopify.com,active_ecommerce,shopify,True,,3,True,github_gist
ezstoredesign.myshopify.com,active_ecommerce,shopify,True,,3,True,github_gist
ezwebstore.myshopify.com,active_ecommerce,shopify,True,,3,True,github_gist
ezyprefab.myshopify.com,active_ecommerce,shopify,True,,3,True,github_gist
f4studios.myshopify.com,active_ecommerce,shopify,True,,3,True,github_gist
fabiana.myshopify.com,active_ecommerce,shopify,True,,3,True,github_gist
fabrice.myshopify.com,active_ecommerce,shopify,True,,3,True,github_gist
fabricfirst.myshopify.com,active_ecommerce,shopify,True,,3,True,github_gist
fabricio.myshopify.com,active_ecommerce,shopify,True,,3,True,github_gist
fabtest.myshopify.com,active_ecommerce,shopify,True,,3,True,github_gist
faceshutter.myshopify.com,active_ecommerce,shopify,True,,3,True,github_gist
facet.myshopify.com,active_ecommerce,shopify,True,,3,True,github_gist
faciacovers.myshopify.com,active_ecommerce,shopify,True,,3,True,github_gist
fafa.myshopify.com,active_ecommerce,shopify,True,,3,True,github_gist
fafa2.myshopify.com,active_ecommerce,shopify,True,,3,True,github_gist
fairandsquare.myshopify.com,active_ecommerce,shopify,True,,3,True,github_gist
fairbanksopenradio.myshopify.com,active_ecommerce,shopify,True,,3,True,github_gist
fairgamecustoms.myshopify.com,active_ecommerce,shopify,True,,3,True,github_gist
fairtradeproducts.myshopify.com,active_ecommerce,shopify,True,,3,True,github_gist
fairtradestuff.myshopify.com,active_ecommerce,shopify,True,,3,True,github_gist
fairwellclothing.myshopify.com,active_ecommerce,shopify,True,,3,True,github_gist
fairy.myshopify.com,active_ecommerce,shopify,True,,3,True,github_gist
faithful.myshopify.com,active_ecommerce,shopify,True,,3,True,github_gist
faizal.myshopify.com,active_ecommerce,shopify,True,,3,True,github_gist
fakecolors.myshopify.com,active_ecommerce,shopify,True,,3,True,github_gist
falkayn.myshopify.com,active_ecommerce,shopify,True,,3,True,github_gist
fallenasleep.myshopify.com,active_ecommerce,shopify,True,,3,True,github_gist
famoreira.myshopify.com,active_ecommerce,shopify,True,,3,True,github_gist
famous.myshopify.com,active_ecommerce,shopify,True,,3,True,github_gist
fanatticsports.myshopify.com,active_ecommerce,shopify,True,,3,True,github_gist
fancyfood.myshopify.com,active_ecommerce,shopify,True,,3,True,github_gist
fancyschmancydisplays.myshopify.com,active_ecommerce,shopify,True,,3,True,github_gist
fancyschmancystuff.myshopify.com,active_ecommerce,shopify,True,,3,True,github_gist
fandb.myshopify.com,active_ecommerce,shopify,True,,3,True,github_gist
fanficsoftware.myshopify.com,active_ecommerce,shopify,True,,3,True,github_gist
fanlb.myshopify.com,active_ecommerce,shopify,True,,3,True,github_gist
fantasibola.myshopify.com,active_ecommerce,shopify,True,,3,True,github_gist
fantasticsupplies.myshopify.com,active_ecommerce,shopify,True,,3,True,github_gist
fantasysportsmatrix.myshopify.com,active_ecommerce,shopify,True,,3,True,github_gist
farco.myshopify.com,active_ecommerce,shopify,True,,3,True,github_gist
farcoshop.myshopify.com,active_ecommerce,shopify,True,,3,True,github_gist
farcycreations.myshopify.com,active_ecommerce,shopify,True,,3,True,github_gist
farinha.myshopify.com,active_ecommerce,shopify,True,,3,True,github_gist
faryne.myshopify.com,active_ecommerce,shopify,True,,3,True,github_gist
fashiondepot.myshopify.com,active_ecommerce,shopify,True,,3,True,github_gist
fashionfocus.myshopify.com,active_ecommerce,shopify,True,,3,True,github_gist
fashionfriendsy.myshopify.com,active_ecommerce,shopify,True,,3,True,github_gist
fashionhurtz.myshopify.com,active_ecommerce,shopify,True,,3,True,github_gist
fashionista.myshopify.com,active_ecommerce,shopify,True,,3,True,github_gist
fashionmaster.myshopify.com,active_ecommerce,shopify,True,,3,True,github_gist
fassis.myshopify.com,active_ecommerce,shopify,True,,3,True,github_gist
fastashleys.myshopify.com,active_ecommerce,shopify,True,,3,True,github_gist
fastbreakbc.myshopify.com,active_ecommerce,shopify,True,,3,True,github_gist
fastlifeskate.myshopify.com,active_ecommerce,shopify,True,,3,True,github_gist
fatalsgroupies.myshopify.com,active_ecommerce,shopify,True,,3,True,github_gist
fatboythin.myshopify.com,active_ecommerce,shopify,True,,3,True,github_gist
fatdesigners.myshopify.com,active_ecommerce,shopify,True,,3,True,github_gist
fatguy.myshopify.com,active_ecommerce,shopify,True,,3,True,github_gist
fatherchristmas.myshopify.com,active_ecommerce,shopify,True,,3,True,github_gist
fatloaf.myshopify.com,active_ecommerce,shopify,True,,3,True,github_gist
fatmansky.myshopify.com,active_ecommerce,shopify,True,,3,True,github_gist
fatmansoftball.myshopify.com,active_ecommerce,shopify,True,,3,True,github_gist
fatty.myshopify.com,active_ecommerce,shopify,True,,3,True,github_gist
fatv.myshopify.com,active_ecommerce,shopify,True,,3,True,github_gist
fauntle.myshopify.com,active_ecommerce,shopify,True,,3,True,github_gist
fcmrs.myshopify.com,active_ecommerce,shopify,True,,3,True,github_gist
fcny.myshopify.com,active_ecommerce,shopify,True,,3,True,github_gist
fdbf.myshopify.com,active_ecommerce,shopify,True,,3,True,github_gist
featureforge.myshopify.com,active_ecommerce,shopify,True,,3,True,github_gist
fede.myshopify.com,active_ecommerce,shopify,True,,3,True,github_gist
fedopps.myshopify.com,active_ecommerce,shopify,True,,3,True,github_gist
feed.myshopify.com,active_ecommerce,shopify,True,,3,True,github_gist
feedback.myshopify.com,active_ecommerce,shopify,True,,3,True,github_gist
feedback20.myshopify.com,active_ecommerce,shopify,True,,3,True,github_gist
feedfeeds.myshopify.com,active_ecommerce,shopify,True,,3,True,github_gist
feelthetrip.myshopify.com,active_ecommerce,shopify,True,,3,True,github_gist
feger.myshopify.com,active_ecommerce,shopify,True,,3,True,github_gist
feldpost.myshopify.com,active_ecommerce,shopify,True,,3,True,github_gist
felicia.myshopify.com,active_ecommerce,shopify,True,,3,True,github_gist
feline.myshopify.com,active_ecommerce,shopify,True,,3,True,github_gist
felipemesquita.myshopify.com,active_ecommerce,shopify,True,,3,True,github_gist
felixclarke.myshopify.com,active_ecommerce,shopify,True,,3,True,github_gist
felt.myshopify.com,active_ecommerce,shopify,True,,3,True,github_gist
feltobjects.myshopify.com,active_ecommerce,shopify,True,,3,True,github_gist
femchoices.myshopify.com,active_ecommerce,shopify,True,,3,True,github_gist
fengshuilighting.myshopify.com,active_ecommerce,shopify,True,,3,True,github_gist
fenin-zaloha.myshopify.com,active_ecommerce,shopify,True,,3,True,github_gist
fenix.myshopify.com,active_ecommerce,shopify,True,,3,True,github_gist
fenixshop.myshopify.com,active_ecommerce,shopify,True,,3,True,github_gist
fentin.myshopify.com,active_ecommerce,shopify,True,,3,True,github_gist
feta.myshopify.com,active_ecommerce,shopify,True,,3,True,github_gist
fetard.myshopify.com,active_ecommerce,shopify,True,,3,True,github_gist
fetelemur.myshopify.com,active_ecommerce,shopify,True,,3,True,github_gist
fevio.myshopify.com,active_ecommerce,shopify,True,,3,True,github_gist
fewfewfewf.myshopify.com,active_ecommerce,shopify,True,,3,True,github_gist
ffive.myshopify.com,active_ecommerce,shopify,True,,3,True,github_gist
fiction.myshopify.com,active_ecommerce,shopify,True,,3,True,github_gist
fiddy.myshopify.com,active_ecommerce,shopify,True,,3,True,github_gist
fide.myshopify.com,active_ecommerce,shopify,True,,3,True,github_gist
fidusa.myshopify.com,active_ecommerce,shopify,True,,3,True,github_gist
fieldandfountain.myshopify.com,active_ecommerce,shopify,True,,3,True,github_gist
fierce.myshopify.com,active_ecommerce,shopify,True,,3,True,github_gist
fiestasbaskets.myshopify.com,active_ecommerce,shopify,True,,3,True,github_gist
fightclub.myshopify.com,active_ecommerce,shopify,True,,3,True,github_gist
fightersmarket.myshopify.com,active_ecommerce,shopify,True,,3,True,github_gist
figuresix.myshopify.com,active_ecommerce,shopify,True,,3,True,github_gist
fikiki.myshopify.com,active_ecommerce,shopify,True,,3,True,github_gist
fikko.myshopify.com,active_ecommerce,shopify,True,,3,True,github_gist
filekong.myshopify.com,active_ecommerce,shopify,True,,3,True,github_gist
filip.myshopify.com,active_ecommerce,shopify,True,,3,True,github_gist
filizkuvvetli.myshopify.com,active_ecommerce,shopify,True,,3,True,github_gist
filmcentre.myshopify.com,active_ecommerce,shopify,True,,3,True,github_gist
filmnation.myshopify.com,active_ecommerce,shopify,True,,3,True,github_gist
filmscraps.myshopify.com,active_ecommerce,shopify,True,,3,True,github_gist
filmtees.myshopify.com,active_ecommerce,shopify,True,,3,True,github_gist
filsendflowers.myshopify.com,active_ecommerce,shopify,True,,3,True,github_gist
fingertips.myshopify.com,active_ecommerce,shopify,True,,3,True,github_gist
finney.myshopify.com,active_ecommerce,shopify,True,,3,True,github_gist
finpilot.myshopify.com,active_ecommerce,shopify,True,,3,True,github_gist
finshop.myshopify.com,active_ecommerce,shopify,True,,3,True,github_gist
fiona.myshopify.com,active_ecommerce,shopify,True,,3,True,github_gist
fipaj.myshopify.com,active_ecommerce,shopify,True,,3,True,github_gist
firany.myshopify.com,active_ecommerce,shopify,True,,3,True,github_gist
fire.myshopify.com,active_ecommerce,shopify,True,,3,True,github_gist
fireball.myshopify.com,active_ecommerce,shopify,True,,3,True,github_gist
firebox.myshopify.com,active_ecommerce,shopify,True,,3,True,github_gist
firefighterone.myshopify.com,active_ecommerce,shopify,True,,3,True,github_gist
fireflydigitalmedia.myshopify.com,active_ecommerce,shopify,True,,3,True,github_gist
firewoodgripper.myshopify.com,active_ecommerce,shopify,True,,3,True,github_gist
firlock.myshopify.com,active_ecommerce,shopify,True,,3,True,github_gist
firstclass.myshopify.com,active_ecommerce,shopify,True,,3,True,github_gist
firstgoods.myshopify.com,active_ecommerce,shopify,True,,3,True,github_gist
firsttry.myshopify.com,active_ecommerce,shopify,True,,3,True,github_gist
firstword.myshopify.com,active_ecommerce,shopify,True,,3,True,github_gist
fischmarkt.myshopify.com,active_ecommerce,shopify,True,,3,True,github_gist
fish-decoy.myshopify.com,active_ecommerce,shopify,True,,3,True,github_gist
fish.myshopify.com,active_ecommerce,shopify,True,,3,True,github_gist
fisherspacepens.myshopify.com,active_ecommerce,shopify,True,,3,True,github_gist
fishing.myshopify.com,active_ecommerce,shopify,True,,3,True,github_gist
fishingprostore.myshopify.com,active_ecommerce,shopify,True,,3,True,github_gist
fishnet.myshopify.com,active_ecommerce,shopify,True,,3,True,github_gist
fishop.myshopify.com,active_ecommerce,shopify,True,,3,True,github_gist
fishpot.myshopify.com,active_ecommerce,shopify,True,,3,True,github_gist
fishshop.myshopify.com,active_ecommerce,shopify,True,,3,True,github_gist
fishstickusa.myshopify.com,active_ecommerce,shopify,True,,3,True,github_gist
fitacola.myshopify.com,active_ecommerce,shopify,True,,3,True,github_gist
fitbodys.myshopify.com,active_ecommerce,shopify,True,,3,True,github_gist
fitproshop.myshopify.com,active_ecommerce,shopify,True,,3,True,github_gist
fitzgerald.myshopify.com,active_ecommerce,shopify,True,,3,True,github_gist
fiveaces.myshopify.com,active_ecommerce,shopify,True,,3,True,github_gist
fivechiang.myshopify.com,active_ecommerce,shopify,True,,3,True,github_gist
fiveforman.myshopify.com,active_ecommerce,shopify,True,,3,True,github_gist
fiveoh.myshopify.com,active_ecommerce,shopify,True,,3,True,github_gist
fiver.myshopify.com,active_ecommerce,shopify,True,,3,True,github_gist
fivestargeneralstore.myshopify.com,active_ecommerce,shopify,True,,3,True,github_gist
fivestars.myshopify.com,active_ecommerce,shopify,True,,3,True,github_gist
fivestone.myshopify.com,active_ecommerce,shopify,True,,3,True,github_gist
fixedsystems.myshopify.com,active_ecommerce,shopify,True,,3,True,github_gist
fixpert.myshopify.com,active_ecommerce,shopify,True,,3,True,github_gist
fixxxer.myshopify.com,active_ecommerce,shopify,True,,3,True,github_gist
fizzed.myshopify.com,active_ecommerce,shopify,True,,3,True,github_gist
flash.myshopify.com,active_ecommerce,shopify,True,,3,True,github_gist
flashback.myshopify.com,active_ecommerce,shopify,True,,3,True,github_gist
flashbiometrics.myshopify.com,active_ecommerce,shopify,True,,3,True,github_gist
flashcards.myshopify.com,active_ecommerce,shopify,True,,3,True,github_gist
flashdrive.myshopify.com,active_ecommerce,shopify,True,,3,True,github_gist
flashka.myshopify.com,active_ecommerce,shopify,True,,3,True,github_gist
flashman.myshopify.com,active_ecommerce,shopify,True,,3,True,github_gist
flat.myshopify.com,active_ecommerce,shopify,True,,3,True,github_gist
flatiron.myshopify.com,active_ecommerce,shopify,True,,3,True,github_gist
flatlandflowerfarm.myshopify.com,active_ecommerce,shopify,True,,3,True,github_gist
flatscope.myshopify.com,active_ecommerce,shopify,True,,3,True,github_gist
flatscreens.myshopify.com,active_ecommerce,shopify,True,,3,True,github_gist
flavours-of-the-east.myshopify.com,active_ecommerce,shopify,True,,3,True,github_gist
fleamarlet.myshopify.com,active_ecommerce,shopify,True,,3,True,github_gist
flesk.myshopify.com,active_ecommerce,shopify,True,,3,True,github_gist
fleuriste.myshopify.com,active_ecommerce,shopify,True,,3,True,github_gist
flex.myshopify.com,active_ecommerce,shopify,True,,3,True,github_gist
flexaxis.myshopify.com,active_ecommerce,shopify,True,,3,True,github_gist
flexible.myshopify.com,active_ecommerce,shopify,True,,3,True,github_gist
flexiblerails.myshopify.com,active_ecommerce,shopify,True,,3,True,github_gist
flipflop.myshopify.com,active_ecommerce,shopify,True,,3,True,github_gist
flippant.myshopify.com,active_ecommerce,shopify,True,,3,True,github_gist
flips.myshopify.com,active_ecommerce,shopify,True,,3,True,github_gist
flipshirts.myshopify.com,active_ecommerce,shopify,True,,3,True,github_gist
floco.myshopify.com,active_ecommerce,shopify,True,,3,True,github_gist
flood.myshopify.com,active_ecommerce,shopify,True,,3,True,github_gist
flooring.myshopify.com,active_ecommerce,shopify,True,,3,True,github_gist
floorlayer.myshopify.com,active_ecommerce,shopify,True,,3,True,github_gist
floppy.myshopify.com,active_ecommerce,shopify,True,,3,True,github_gist
floratech.myshopify.com,active_ecommerce,shopify,True,,3,True,github_gist
flores.myshopify.com,active_ecommerce,shopify,True,,3,True,github_gist
flornet.myshopify.com,active_ecommerce,shopify,True,,3,True,github_gist
flossinkicks.myshopify.com,active_ecommerce,shopify,True,,3,True,github_gist
flover.myshopify.com,active_ecommerce,shopify,True,,3,True,github_gist
flower-tea.myshopify.com,active_ecommerce,shopify,True,,3,True,github_gist
flower.myshopify.com,active_ecommerce,shopify,True,,3,True,github_gist
flowersoul.myshopify.com,active_ecommerce,shopify,True,,3,True,github_gist
flowlabs.myshopify.com,active_ecommerce,shopify,True,,3,True,github_gist
flowz.myshopify.com,active_ecommerce,shopify,True,,3,True,github_gist
floyola.myshopify.com,active_ecommerce,shopify,True,,3,True,github_gist
fluff.myshopify.com,active_ecommerce,shopify,True,,3,True,github_gist
fly3design.myshopify.com,active_ecommerce,shopify,True,,3,True,github_gist
flybook.myshopify.com,active_ecommerce,shopify,True,,3,True,github_gist
flyerz.myshopify.com,active_ecommerce,shopify,True,,3,True,github_gist
flyfree.myshopify.com,active_ecommerce,shopify,True,,3,True,github_gist
flyguy.myshopify.com,active_ecommerce,shopify,True,,3,True,github_gist
flyingeek.myshopify.com,active_ecommerce,shopify,True,,3,True,github_gist
flyingfox.myshopify.com,active_ecommerce,shopify,True,,3,True,github_gist
flyingmonkey.myshopify.com,active_ecommerce,shopify,True,,3,True,github_gist
flyingpig.myshopify.com,active_ecommerce,shopify,True,,3,True,github_gist
flyseair.myshopify.com,active_ecommerce,shopify,True,,3,True,github_gist
flyshop.myshopify.com,active_ecommerce,shopify,True,,3,True,github_gist
fnforbundet.myshopify.com,active_ecommerce,shopify,True,,3,True,github_gist
focalpoint.myshopify.com,active_ecommerce,shopify,True,,3,True,github_gist
focuna.myshopify.com,active_ecommerce,shopify,True,,3,True,github_gist
focusdv.myshopify.com,active_ecommerce,shopify,True,,3,True,github_gist
fogbear.myshopify.com,active_ecommerce,shopify,True,,3,True,github_gist
fogworks.myshopify.com,active_ecommerce,shopify,True,,3,True,github_gist
foiegras.myshopify.com,active_ecommerce,shopify,True,,3,True,github_gist
foireauxaffaireslina.myshopify.com,active_ecommerce,shopify,True,,3,True,github_gist
folknology.myshopify.com,active_ecommerce,shopify,True,,3,True,github_gist
fonorum.myshopify.com,active_ecommerce,shopify,True,,3,True,github_gist
font.myshopify.com,active_ecommerce,shopify,True,,3,True,github_gist
fontaine.myshopify.com,active_ecommerce,shopify,True,,3,True,github_gist
foobar2.myshopify.com,active_ecommerce,shopify,True,,3,True,github_gist
foobar3.myshopify.com,active_ecommerce,shopify,True,,3,True,github_gist
foobarbar.myshopify.com,active_ecommerce,shopify,True,,3,True,github_gist
foobarworld.myshopify.com,active_ecommerce,shopify,True,,3,True,github_gist
foobbs.myshopify.com,active_ecommerce,shopify,True,,3,True,github_gist
food.myshopify.com,active_ecommerce,shopify,True,,3,True,github_gist
foodmall2.myshopify.com,active_ecommerce,shopify,True,,3,True,github_gist
foolishnetwork.myshopify.com,active_ecommerce,shopify,True,,3,True,github_gist
foosbar.myshopify.com,active_ecommerce,shopify,True,,3,True,github_gist
fooshop.myshopify.com,active_ecommerce,shopify,True,,3,True,github_gist
footbag.myshopify.com,active_ecommerce,shopify,True,,3,True,github_gist
football.myshopify.com,active_ecommerce,shopify,True,,3,True,github_gist
footistics.myshopify.com,active_ecommerce,shopify,True,,3,True,github_gist
foray.myshopify.com,active_ecommerce,shopify,True,,3,True,github_gist
fordear.myshopify.com,active_ecommerce,shopify,True,,3,True,github_gist
foreheadkisses.myshopify.com,active_ecommerce,shopify,True,,3,True,github_gist
foreignkey.myshopify.com,active_ecommerce,shopify,True,,3,True,github_gist
forepaw.myshopify.com,active_ecommerce,shopify,True,,3,True,github_gist
foresightst.myshopify.com,active_ecommerce,shopify,True,,3,True,github_gist
foreverwild.myshopify.com,active_ecommerce,shopify,True,,3,True,github_gist
formalshirts.myshopify.com,active_ecommerce,shopify,True,,3,True,github_gist
formalware.myshopify.com,active_ecommerce,shopify,True,,3,True,github_gist
formation.myshopify.com,active_ecommerce,shopify,True,,3,True,github_gist
formichaelburke.myshopify.com,active_ecommerce,shopify,True,,3,True,github_gist
formitas.myshopify.com,active_ecommerce,shopify,True,,3,True,github_gist
formpage.myshopify.com,active_ecommerce,shopify,True,,3,True,github_gist
formrausch.myshopify.com,active_ecommerce,shopify,True,,3,True,github_gist
forsale.myshopify.com,active_ecommerce,shopify,True,,3,True,github_gist
forteclothingco.myshopify.com,active_ecommerce,shopify,True,,3,True,github_gist
forth.myshopify.com,active_ecommerce,shopify,True,,3,True,github_gist
fortuna95.myshopify.com,active_ecommerce,shopify,True,,3,True,github_gist
fortune1000.myshopify.com,active_ecommerce,shopify,True,,3,True,github_gist
fortycubes.myshopify.com,active_ecommerce,shopify,True,,3,True,github_gist
forummods.myshopify.com,active_ecommerce,shopify,True,,3,True,github_gist
forumshock.myshopify.com,active_ecommerce,shopify,True,,3,True,github_gist
forverman.myshopify.com,active_ecommerce,shopify,True,,3,True,github_gist
fotexnet.myshopify.com,active_ecommerce,shopify,True,,3,True,github_gist
foto.myshopify.com,active_ecommerce,shopify,True,,3,True,github_gist
fotoakt.myshopify.com,active_ecommerce,shopify,True,,3,True,github_gist
fotodali.myshopify.com,active_ecommerce,shopify,True,,3,True,github_gist
fotoforum.myshopify.com,active_ecommerce,shopify,True,,3,True,github_gist
fotograma1.myshopify.com,active_ecommerce,shopify,True,,3,True,github_gist
four24.myshopify.com,active_ecommerce,shopify,True,,3,True,github_gist
fouronthefloorpetwear.myshopify.com,active_ecommerce,shopify,True,,3,True,github_gist
fourteen.myshopify.com,active_ecommerce,shopify,True,,3,True,github_gist
foxjeansco.myshopify.com,active_ecommerce,shopify,True,,3,True,github_gist
foxymoxievintage.myshopify.com,active_ecommerce,shopify,True,,3,True,github_gist
foxywoo.myshopify.com,active_ecommerce,shopify,True,,3,True,github_gist
foysnoise.myshopify.com,active_ecommerce,shopify,True,,3,True,github_gist
fp-dev-ohc.myshopify.com,active_ecommerce,shopify,True,,3,True,github_gist
fpdevices.myshopify.com,active_ecommerce,shopify,True,,3,True,github_gist
fracturedsoul.myshopify.com,active_ecommerce,shopify,True,,3,True,github_gist
fraeco.myshopify.com,active_ecommerce,shopify,True,,3,True,github_gist
fraggelshop.myshopify.com,active_ecommerce,shopify,True,,3,True,github_gist
fragment.myshopify.com,active_ecommerce,shopify,True,,3,True,github_gist
framiere.myshopify.com,active_ecommerce,shopify,True,,3,True,github_gist
frances-may-dev.myshopify.com,active_ecommerce,shopify,True,,3,True,github_gist
francesc.myshopify.com,active_ecommerce,shopify,True,,3,True,github_gist
frankd.myshopify.com,active_ecommerce,shopify,True,,3,True,github_gist
frankiesfinds.myshopify.com,active_ecommerce,shopify,True,,3,True,github_gist
franks.myshopify.com,active_ecommerce,shopify,True,,3,True,github_gist
franksmeats.myshopify.com,active_ecommerce,shopify,True,,3,True,github_gist
franky.myshopify.com,active_ecommerce,shopify,True,,3,True,github_gist
frattoys.myshopify.com,active_ecommerce,shopify,True,,3,True,github_gist
freak.myshopify.com,active_ecommerce,shopify,True,,3,True,github_gist
freakboutique.myshopify.com,active_ecommerce,shopify,True,,3,True,github_gist
freakytard.myshopify.com,active_ecommerce,shopify,True,,3,True,github_gist
fredag.myshopify.com,active_ecommerce,shopify,True,,3,True,github_gist
freddy.myshopify.com,active_ecommerce,shopify,True,,3,True,github_gist
freddyy.myshopify.com,active_ecommerce,shopify,True,,3,True,github_gist
fredix.myshopify.com,active_ecommerce,shopify,True,,3,True,github_gist
fredjournal.myshopify.com,active_ecommerce,shopify,True,,3,True,github_gist
freebord.myshopify.com,active_ecommerce,shopify,True,,3,True,github_gist
freebubba.myshopify.com,active_ecommerce,shopify,True,,3,True,github_gist
freedomriders.myshopify.com,active_ecommerce,shopify,True,,3,True,github_gist
freefaler.myshopify.com,active_ecommerce,shopify,True,,3,True,github_gist
freegoodies.myshopify.com,active_ecommerce,shopify,True,,3,True,github_gist
freeridesurfschool.myshopify.com,active_ecommerce,shopify,True,,3,True,github_gist
freeshop.myshopify.com,active_ecommerce,shopify,True,,3,True,github_gist
freeworld.myshopify.com,active_ecommerce,shopify,True,,3,True,github_gist
frejoli.myshopify.com,active_ecommerce,shopify,True,,3,True,github_gist
fremont.myshopify.com,active_ecommerce,shopify,True,,3,True,github_gist
fremontsilverwolves.myshopify.com,active_ecommerce,shopify,True,,3,True,github_gist
french.myshopify.com,active_ecommerce,shopify,True,,3,True,github_gist
frenchbulldog.myshopify.com,active_ecommerce,shopify,True,,3,True,github_gist
freshcosmix.myshopify.com,active_ecommerce,shopify,True,,3,True,github_gist
freshgames.myshopify.com,active_ecommerce,shopify,True,,3,True,github_gist
freshkarma.myshopify.com,active_ecommerce,shopify,True,,3,True,github_gist
freshlily.myshopify.com,active_ecommerce,shopify,True,,3,True,github_gist
freshly.myshopify.com,active_ecommerce,shopify,True,,3,True,github_gist
freshness.myshopify.com,active_ecommerce,shopify,True,,3,True,github_gist
freshperspective.myshopify.com,active_ecommerce,shopify,True,,3,True,github_gist
freshthreads.myshopify.com,active_ecommerce,shopify,True,,3,True,github_gist
fresnomarket.myshopify.com,active_ecommerce,shopify,True,,3,True,github_gist
freyjas-tears.myshopify.com,active_ecommerce,shopify,True,,3,True,github_gist
fridayware.myshopify.com,active_ecommerce,shopify,True,,3,True,github_gist
fridge.myshopify.com,active_ecommerce,shopify,True,,3,True,github_gist
friedcell.myshopify.com,active_ecommerce,shopify,True,,3,True,github_gist
friendlywebapps.myshopify.com,active_ecommerce,shopify,True,,3,True,github_gist
fringecraft.myshopify.com,active_ecommerce,shopify,True,,3,True,github_gist
frisbee.myshopify.com,active_ecommerce,shopify,True,,3,True,github_gist
frish.myshopify.com,active_ecommerce,shopify,True,,3,True,github_gist
frix.myshopify.com,active_ecommerce,shopify,True,,3,True,github_gist
frnz.myshopify.com,active_ecommerce,shopify,True,,3,True,github_gist
frollop.myshopify.com,active_ecommerce,shopify,True,,3,True,github_gist
fromdeepwithin.myshopify.com,active_ecommerce,shopify,True,,3,True,github_gist
frontline.myshopify.com,active_ecommerce,shopify,True,,3,True,github_gist
frontyardflyer.myshopify.com,active_ecommerce,shopify,True,,3,True,github_gist
froogle.myshopify.com,active_ecommerce,shopify,True,,3,True,github_gist
frooition.myshopify.com,active_ecommerce,shopify,True,,3,True,github_gist
frostizz.myshopify.com,active_ecommerce,shopify,True,,3,True,github_gist
frufrucards.myshopify.com,active_ecommerce,shopify,True,,3,True,github_gist
fruit.myshopify.com,active_ecommerce,shopify,True,,3,True,github_gist
fruitfactory.myshopify.com,active_ecommerce,shopify,True,,3,True,github_gist
fruition-designs.myshopify.com,active_ecommerce,shopify,True,,3,True,github_gist
fruityimages.myshopify.com,active_ecommerce,shopify,True,,3,True,github_gist
frzz.myshopify.com,active_ecommerce,shopify,True,,3,True,github_gist
fsdfsdfsdf.myshopify.com,active_ecommerce,shopify,True,,3,True,github_gist
fseixas.myshopify.com,active_ecommerce,shopify,True,,3,True,github_gist
fshirts.myshopify.com,active_ecommerce,shopify,True,,3,True,github_gist
fsmfsm.myshopify.com,active_ecommerce,shopify,True,,3,True,github_gist
fspshop.myshopify.com,active_ecommerce,shopify,True,,3,True,github_gist
fudge.myshopify.com,active_ecommerce,shopify,True,,3,True,github_gist
fugarty.myshopify.com,active_ecommerce,shopify,True,,3,True,github_gist
fuji.myshopify.com,active_ecommerce,shopify,True,,3,True,github_gist
fullman.myshopify.com,active_ecommerce,shopify,True,,3,True,github_gist
fullmoon.myshopify.com,active_ecommerce,shopify,True,,3,True,github_gist
fullofair.myshopify.com,active_ecommerce,shopify,True,,3,True,github_gist
fullzero.myshopify.com,active_ecommerce,shopify,True,,3,True,github_gist
fuma.myshopify.com,active_ecommerce,shopify,True,,3,True,github_gist
fumetsu.myshopify.com,active_ecommerce,shopify,True,,3,True,github_gist
fun-kids-toys.myshopify.com,active_ecommerce,shopify,True,,3,True,github_gist
funbydesign.myshopify.com,active_ecommerce,shopify,True,,3,True,github_gist
funck-schowalter.myshopify.com,active_ecommerce,shopify,True,,3,True,github_gist
fundamental.myshopify.com,active_ecommerce,shopify,True,,3,True,github_gist
funfel.myshopify.com,active_ecommerce,shopify,True,,3,True,github_gist
funfunkyandfabulous.myshopify.com,active_ecommerce,shopify,True,,3,True,github_gist
funk45.myshopify.com,active_ecommerce,shopify,True,,3,True,github_gist
funktest.myshopify.com,active_ecommerce,shopify,True,,3,True,github_gist
funkycreations.myshopify.com,active_ecommerce,shopify,True,,3,True,github_gist
funkyjewellery.myshopify.com,active_ecommerce,shopify,True,,3,True,github_gist
funkyoutoo.myshopify.com,active_ecommerce,shopify,True,,3,True,github_gist
funling.myshopify.com,active_ecommerce,shopify,True,,3,True,github_gist
funny.myshopify.com,active_ecommerce,shopify,True,,3,True,github_gist
funnylover.myshopify.com,active_ecommerce,shopify,True,,3,True,github_gist
funnytees.myshopify.com,active_ecommerce,shopify,True,,3,True,github_gist
funpartiesforkids.myshopify.com,active_ecommerce,shopify,True,,3,True,github_gist
funworld.myshopify.com,active_ecommerce,shopify,True,,3,True,github_gist
fuocoefiamme.myshopify.com,active_ecommerce,shopify,True,,3,True,github_gist
fuorisede.myshopify.com,active_ecommerce,shopify,True,,3,True,github_gist
fup-html.myshopify.com,active_ecommerce,shopify,True,,3,True,github_gist
furigana.myshopify.com,active_ecommerce,shopify,True,,3,True,github_gist
furkiner.myshopify.com,active_ecommerce,shopify,True,,3,True,github_gist
furnessfish.myshopify.com,active_ecommerce,shopify,True,,3,True,github_gist
furtherahead.myshopify.com,active_ecommerce,shopify,True,,3,True,github_gist
fuse.myshopify.com,active_ecommerce,shopify,True,,3,True,github_gist
fusedcandy.myshopify.com,active_ecommerce,shopify,True,,3,True,github_gist
fusedmusic.myshopify.com,active_ecommerce,shopify,True,,3,True,github_gist
fusionary.myshopify.com,active_ecommerce,shopify,True,,3,True,github_gist
futtbuck.myshopify.com,active_ecommerce,shopify,True,,3,True,github_gist
future.myshopify.com,active_ecommerce,shopify,True,,3,True,github_gist
futureford.myshopify.com,active_ecommerce,shopify,True,,3,True,github_gist
futurestore.myshopify.com,active_ecommerce,shopify,True,,3,True,github_gist
futuretail.myshopify.com,active_ecommerce,shopify,True,,3,True,github_gist
futuretrack5.myshopify.com,active_ecommerce,shopify,True,,3,True,github_gist
fuusha.myshopify.com,active_ecommerce,shopify,True,,3,True,github_gist
fuze.myshopify.com,active_ecommerce,shopify,True,,3,True,github_gist
fuzeddesign.myshopify.com,active_ecommerce,shopify,True,,3,True,github_gist
fuzzmeasure.myshopify.com,active_ecommerce,shopify,True,,3,True,github_gist
fwdlabs.myshopify.com,active_ecommerce,shopify,True,,3,True,github_gist
fynalheaven.myshopify.com,active_ecommerce,shopify,True,,3,True,github_gist
g9labs.myshopify.com,active_ecommerce,shopify,True,,3,True,github_gist
gaba.myshopify.com,active_ecommerce,shopify,True,,3,True,github_gist
gabrielelevy.myshopify.com,active_ecommerce,shopify,True,,3,True,github_gist
gabrielesalve.myshopify.com,active_ecommerce,shopify,True,,3,True,github_gist
gabrielfitness.myshopify.com,active_ecommerce,shopify,True,,3,True,github_gist
gabstore.myshopify.com,active_ecommerce,shopify,True,,3,True,github_gist
gadget.myshopify.com,active_ecommerce,shopify,True,,3,True,github_gist
gadgetboy.myshopify.com,active_ecommerce,shopify,True,,3,True,github_gist
gadgetgirlboutique.myshopify.com,active_ecommerce,shopify,True,,3,True,github_gist
gadgetpatch.myshopify.com,active_ecommerce,shopify,True,,3,True,github_gist
gadgetsdirect.myshopify.com,active_ecommerce,shopify,True,,3,True,github_gist
gadmonks.myshopify.com,active_ecommerce,shopify,True,,3,True,github_gist
gaisha.myshopify.com,active_ecommerce,shopify,True,,3,True,github_gist
galilee.myshopify.com,active_ecommerce,shopify,True,,3,True,github_gist
gallery.myshopify.com,active_ecommerce,shopify,True,,3,True,github_gist
galleryindigo.myshopify.com,active_ecommerce,shopify,True,,3,True,github_gist
game-mobile.myshopify.com,active_ecommerce,shopify,True,,3,True,github_gist
game.myshopify.com,active_ecommerce,shopify,True,,3,True,github_gist
gamecave.myshopify.com,active_ecommerce,shopify,True,,3,True,github_gist
gameim.myshopify.com,active_ecommerce,shopify,True,,3,True,github_gist
gameinvaders.myshopify.com,active_ecommerce,shopify,True,,3,True,github_gist
gameon.myshopify.com,active_ecommerce,shopify,True,,3,True,github_gist
gameover.myshopify.com,active_ecommerce,shopify,True,,3,True,github_gist
gamertaggear.myshopify.com,active_ecommerce,shopify,True,,3,True,github_gist
games-gadgets.myshopify.com,active_ecommerce,shopify,True,,3,True,github_gist
games.myshopify.com,active_ecommerce,shopify,True,,3,True,github_gist
gameshop.myshopify.com,active_ecommerce,shopify,True,,3,True,github_gist
gamingtrend.myshopify.com,active_ecommerce,shopify,True,,3,True,github_gist
gamma.myshopify.com,active_ecommerce,shopify,True,,3,True,github_gist
ganesh.myshopify.com,active_ecommerce,shopify,True,,3,True,github_gist
gang.myshopify.com,active_ecommerce,shopify,True,,3,True,github_gist
gappedout.myshopify.com,active_ecommerce,shopify,True,,3,True,github_gist
gaps.myshopify.com,active_ecommerce,shopify,True,,3,True,github_gist
garage.myshopify.com,active_ecommerce,shopify,True,,3,True,github_gist
garagesale.myshopify.com,active_ecommerce,shopify,True,,3,True,github_gist
garagesaleamerica.myshopify.com,active_ecommerce,shopify,True,,3,True,github_gist
garcez-shop.myshopify.com,active_ecommerce,shopify,True,,3,True,github_gist
garden.myshopify.com,active_ecommerce,shopify,True,,3,True,github_gist
gariben.myshopify.com,active_ecommerce,shopify,True,,3,True,github_gist
garitest.myshopify.com,active_ecommerce,shopify,True,,3,True,github_gist
garmentexpress.myshopify.com,active_ecommerce,shopify,True,,3,True,github_gist
garrettmurray.myshopify.com,active_ecommerce,shopify,True,,3,True,github_gist
garrettmyrick.myshopify.com,active_ecommerce,shopify,True,,3,True,github_gist
gary1106.myshopify.com,active_ecommerce,shopify,True,,3,True,github_gist
garys.myshopify.com,active_ecommerce,shopify,True,,3,True,github_gist
gasmart.myshopify.com,active_ecommerce,shopify,True,,3,True,github_gist
gatewayink.myshopify.com,active_ecommerce,shopify,True,,3,True,github_gist
gaurav.myshopify.com,active_ecommerce,shopify,True,,3,True,github_gist
gauravofindia.myshopify.com,active_ecommerce,shopify,True,,3,True,github_gist
gauri.myshopify.com,active_ecommerce,shopify,True,,3,True,github_gist
gautam.myshopify.com,active_ecommerce,shopify,True,,3,True,github_gist
gavin.myshopify.com,active_ecommerce,shopify,True,,3,True,github_gist
gavinross.myshopify.com,active_ecommerce,shopify,True,,3,True,github_gist
gazurf.myshopify.com,active_ecommerce,shopify,True,,3,True,github_gist
gazzasshop.myshopify.com,active_ecommerce,shopify,True,,3,True,github_gist
gb-design.myshopify.com,active_ecommerce,shopify,True,,3,True,github_gist
gbalaji.myshopify.com,active_ecommerce,shopify,True,,3,True,github_gist
gbancroft.myshopify.com,active_ecommerce,shopify,True,,3,True,github_gist
gcjewellers.myshopify.com,active_ecommerce,shopify,True,,3,True,github_gist
gd0g.myshopify.com,active_ecommerce,shopify,True,,3,True,github_gist
geeg.myshopify.com,active_ecommerce,shopify,True,,3,True,github_gist
geekboy.myshopify.com,active_ecommerce,shopify,True,,3,True,github_gist
geekcucu.myshopify.com,active_ecommerce,shopify,True,,3,True,github_gist
geekeye.myshopify.com,active_ecommerce,shopify,True,,3,True,github_gist
geekinaseat.myshopify.com,active_ecommerce,shopify,True,,3,True,github_gist
geeksworld.myshopify.com,active_ecommerce,shopify,True,,3,True,github_gist
geersing.myshopify.com,active_ecommerce,shopify,True,,3,True,github_gist
geez.myshopify.com,active_ecommerce,shopify,True,,3,True,github_gist
gellus.myshopify.com,active_ecommerce,shopify,True,,3,True,github_gist
geloffee.myshopify.com,active_ecommerce,shopify,True,,3,True,github_gist
gemopal.myshopify.com,active_ecommerce,shopify,True,,3,True,github_gist
gemosil4.myshopify.com,active_ecommerce,shopify,True,,3,True,github_gist
gems.myshopify.com,active_ecommerce,shopify,True,,3,True,github_gist
gen3design.myshopify.com,active_ecommerce,shopify,True,,3,True,github_gist
geneboy.myshopify.com,active_ecommerce,shopify,True,,3,True,github_gist
genelmx.myshopify.com,active_ecommerce,shopify,True,,3,True,github_gist
genero.myshopify.com,active_ecommerce,shopify,True,,3,True,github_gist
geneshack.myshopify.com,active_ecommerce,shopify,True,,3,True,github_gist
genesis.myshopify.com,active_ecommerce,shopify,True,,3,True,github_gist
genetictoys.myshopify.com,active_ecommerce,shopify,True,,3,True,github_gist
genevate.myshopify.com,active_ecommerce,shopify,True,,3,True,github_gist
genpv.myshopify.com,active_ecommerce,shopify,True,,3,True,github_gist
genseirin-ashitaba.myshopify.com,active_ecommerce,shopify,True,,3,True,github_gist
gentle.myshopify.com,active_ecommerce,shopify,True,,3,True,github_gist
geocaching-quebec.myshopify.com,active_ecommerce,shopify,True,,3,True,github_gist
geocaching.myshopify.com,active_ecommerce,shopify,True,,3,True,github_gist
geoff.myshopify.com,active_ecommerce,shopify,True,,3,True,github_gist
geoffrey.myshopify.com,active_ecommerce,shopify,True,,3,True,github_gist
george.myshopify.com,active_ecommerce,shopify,True,,3,True,github_gist
georgewiel.myshopify.com,active_ecommerce,shopify,True,,3,True,github_gist
gerdan.myshopify.com,active_ecommerce,shopify,True,,3,True,github_gist
gereby.myshopify.com,active_ecommerce,shopify,True,,3,True,github_gist
germany.myshopify.com,active_ecommerce,shopify,True,,3,True,github_gist
germanymade.myshopify.com,active_ecommerce,shopify,True,,3,True,github_gist
gerogode.myshopify.com,active_ecommerce,shopify,True,,3,True,github_gist
gestaltcomics.myshopify.com,active_ecommerce,shopify,True,,3,True,github_gist
getalife.myshopify.com,active_ecommerce,shopify,True,,3,True,github_gist
getbottomsup.myshopify.com,active_ecommerce,shopify,True,,3,True,github_gist
getc.myshopify.com,active_ecommerce,shopify,True,,3,True,github_gist
getconfused.myshopify.com,active_ecommerce,shopify,True,,3,True,github_gist
getconnected.myshopify.com,active_ecommerce,shopify,True,,3,True,github_gist
getcrowned.myshopify.com,active_ecommerce,shopify,True,,3,True,github_gist
getgreen.myshopify.com,active_ecommerce,shopify,True,,3,True,github_gist
gethappy.myshopify.com,active_ecommerce,shopify,True,,3,True,github_gist
getitfreestore.myshopify.com,active_ecommerce,shopify,True,,3,True,github_gist
getmdesign.myshopify.com,active_ecommerce,shopify,True,,3,True,github_gist
getsmart.myshopify.com,active_ecommerce,shopify,True,,3,True,github_gist
getty.myshopify.com,active_ecommerce,shopify,True,,3,True,github_gist
gfgssgsdf.myshopify.com,active_ecommerce,shopify,True,,3,True,github_gist
gflowers.myshopify.com,active_ecommerce,shopify,True,,3,True,github_gist
ggeezz.myshopify.com,active_ecommerce,shopify,True,,3,True,github_gist
gghghgyyj.myshopify.com,active_ecommerce,shopify,True,,3,True,github_gist
ggimages.myshopify.com,active_ecommerce,shopify,True,,3,True,github_gist
ghitzal.myshopify.com,active_ecommerce,shopify,True,,3,True,github_gist
ghostmail.myshopify.com,active_ecommerce,shopify,True,,3,True,github_gist
ghyslain.myshopify.com,active_ecommerce,shopify,True,,3,True,github_gist
gi-stuffs.myshopify.com,active_ecommerce,shopify,True,,3,True,github_gist
gibuddy.myshopify.com,active_ecommerce,shopify,True,,3,True,github_gist
giddyup.myshopify.com,active_ecommerce,shopify,True,,3,True,github_gist
giffo.myshopify.com,active_ecommerce,shopify,True,,3,True,github_gist
gifrancis.myshopify.com,active_ecommerce,shopify,True,,3,True,github_gist
giftitaly.myshopify.com,active_ecommerce,shopify,True,,3,True,github_gist
giftsandmore.myshopify.com,active_ecommerce,shopify,True,,3,True,github_gist
gigazine.myshopify.com,active_ecommerce,shopify,True,,3,True,github_gist
gigigiftsonline.myshopify.com,active_ecommerce,shopify,True,,3,True,github_gist
gigou.myshopify.com,active_ecommerce,shopify,True,,3,True,github_gist
gigs.myshopify.com,active_ecommerce,shopify,True,,3,True,github_gist
gilestest.myshopify.com,active_ecommerce,shopify,True,,3,True,github_gist
giln.myshopify.com,active_ecommerce,shopify,True,,3,True,github_gist
ginger.myshopify.com,active_ecommerce,shopify,True,,3,True,github_gist
ginru.myshopify.com,active_ecommerce,shopify,True,,3,True,github_gist
ginrushirts.myshopify.com,active_ecommerce,shopify,True,,3,True,github_gist
gioielli.myshopify.com,active_ecommerce,shopify,True,,3,True,github_gist
gioiellidipetuniarosa.myshopify.com,active_ecommerce,shopify,True,,3,True,github_gist
girishg.myshopify.com,active_ecommerce,shopify,True,,3,True,github_gist
girl.myshopify.com,active_ecommerce,shopify,True,,3,True,github_gist
girlgang.myshopify.com,active_ecommerce,shopify,True,,3,True,github_gist
girls.myshopify.com,active_ecommerce,shopify,True,,3,True,github_gist
girlshop.myshopify.com,active_ecommerce,shopify,True,,3,True,github_gist
girlshorseclub.myshopify.com,active_ecommerce,shopify,True,,3,True,github_gist
girlwood.myshopify.com,active_ecommerce,shopify,True,,3,True,github_gist
gittigidiyor.myshopify.com,active_ecommerce,shopify,True,,3,True,github_gist
giuntacreative.myshopify.com,active_ecommerce,shopify,True,,3,True,github_gist
gizwizstuff.myshopify.com,active_ecommerce,shopify,True,,3,True,github_gist
gizzar.myshopify.com,active_ecommerce,shopify,True,,3,True,github_gist
gjcook.myshopify.com,active_ecommerce,shopify,True,,3,True,github_gist
gkfip.myshopify.com,active_ecommerce,shopify,True,,3,True,github_gist
gladia.myshopify.com,active_ecommerce,shopify,True,,3,True,github_gist
gladiators.myshopify.com,active_ecommerce,shopify,True,,3,True,github_gist
glasses.myshopify.com,active_ecommerce,shopify,True,,3,True,github_gist
glasskan.myshopify.com,active_ecommerce,shopify,True,,3,True,github_gist
glassoriginal.myshopify.com,active_ecommerce,shopify,True,,3,True,github_gist
gleam.myshopify.com,active_ecommerce,shopify,True,,3,True,github_gist
glenbrook.myshopify.com,active_ecommerce,shopify,True,,3,True,github_gist
glenstonelandscapes.myshopify.com,active_ecommerce,shopify,True,,3,True,github_gist
glidein.myshopify.com,active_ecommerce,shopify,True,,3,True,github_gist
glitzandglamour.myshopify.com,active_ecommerce,shopify,True,,3,True,github_gist
globalbali.myshopify.com,active_ecommerce,shopify,True,,3,True,github_gist
globalinn.myshopify.com,active_ecommerce,shopify,True,,3,True,github_gist
globalnoise.myshopify.com,active_ecommerce,shopify,True,,3,True,github_gist
globaloregon.myshopify.com,active_ecommerce,shopify,True,,3,True,github_gist
globaltransit.myshopify.com,active_ecommerce,shopify,True,,3,True,github_gist
globevision.myshopify.com,active_ecommerce,shopify,True,,3,True,github_gist
glossy.myshopify.com,active_ecommerce,shopify,True,,3,True,github_gist
glover.myshopify.com,active_ecommerce,shopify,True,,3,True,github_gist
gmos.myshopify.com,active_ecommerce,shopify,True,,3,True,github_gist
gnaa.myshopify.com,active_ecommerce,shopify,True,,3,True,github_gist
gnagno.myshopify.com,active_ecommerce,shopify,True,,3,True,github_gist
gnaqueur.myshopify.com,active_ecommerce,shopify,True,,3,True,github_gist
gnolen.myshopify.com,active_ecommerce,shopify,True,,3,True,github_gist
gnuland.myshopify.com,active_ecommerce,shopify,True,,3,True,github_gist
goapeshirts.myshopify.com,active_ecommerce,shopify,True,,3,True,github_gist
goatstampede.myshopify.com,active_ecommerce,shopify,True,,3,True,github_gist
goatstore.myshopify.com,active_ecommerce,shopify,True,,3,True,github_gist
gobeze.myshopify.com,active_ecommerce,shopify,True,,3,True,github_gist
gocrazy.myshopify.com,active_ecommerce,shopify,True,,3,True,github_gist
godarts.myshopify.com,active_ecommerce,shopify,True,,3,True,github_gist
godbooks.myshopify.com,active_ecommerce,shopify,True,,3,True,github_gist
goddessmarket.myshopify.com,active_ecommerce,shopify,True,,3,True,github_gist
godless.myshopify.com,active_ecommerce,shopify,True,,3,True,github_gist
godziwa.myshopify.com,active_ecommerce,shopify,True,,3,True,github_gist
gofestivals.myshopify.com,active_ecommerce,shopify,True,,3,True,github_gist
goffl.myshopify.com,active_ecommerce,shopify,True,,3,True,github_gist
goga.myshopify.com,active_ecommerce,shopify,True,,3,True,github_gist
goggleworks.myshopify.com,active_ecommerce,shopify,True,,3,True,github_gist
goglemoogle.myshopify.com,active_ecommerce,shopify,True,,3,True,github_gist
gogoman.myshopify.com,active_ecommerce,shopify,True,,3,True,github_gist
gohanlon.myshopify.com,active_ecommerce,shopify,True,,3,True,github_gist
gointernets.myshopify.com,active_ecommerce,shopify,True,,3,True,github_gist
goinvest.myshopify.com,active_ecommerce,shopify,True,,3,True,github_gist
gokimi.myshopify.com,active_ecommerce,shopify,True,,3,True,github_gist
gokubi.myshopify.com,active_ecommerce,shopify,True,,3,True,github_gist
gold.myshopify.com,active_ecommerce,shopify,True,,3,True,github_gist
goldandgifts.myshopify.com,active_ecommerce,shopify,True,,3,True,github_gist
goldencast.myshopify.com,active_ecommerce,shopify,True,,3,True,github_gist
goldendreams.myshopify.com,active_ecommerce,shopify,True,,3,True,github_gist
goldenleafgallery.myshopify.com,active_ecommerce,shopify,True,,3,True,github_gist
goldenloft.myshopify.com,active_ecommerce,shopify,True,,3,True,github_gist
goldfinger.myshopify.com,active_ecommerce,shopify,True,,3,True,github_gist
goldnet.myshopify.com,active_ecommerce,shopify,True,,3,True,github_gist
goldplating.myshopify.com,active_ecommerce,shopify,True,,3,True,github_gist
goldwasp.myshopify.com,active_ecommerce,shopify,True,,3,True,github_gist
golf.myshopify.com,active_ecommerce,shopify,True,,3,True,github_gist
golfball.myshopify.com,active_ecommerce,shopify,True,,3,True,github_gist
golfballsubscription.myshopify.com,active_ecommerce,shopify,True,,3,True,github_gist
golfcenter.myshopify.com,active_ecommerce,shopify,True,,3,True,github_gist
golfclubs.myshopify.com,active_ecommerce,shopify,True,,3,True,github_gist
golfdepot.myshopify.com,active_ecommerce,shopify,True,,3,True,github_gist
golfer.myshopify.com,active_ecommerce,shopify,True,,3,True,github_gist
golfers.myshopify.com,active_ecommerce,shopify,True,,3,True,github_gist
golmaal.myshopify.com,active_ecommerce,shopify,True,,3,True,github_gist
gongliang.myshopify.com,active_ecommerce,shopify,True,,3,True,github_gist
gongwei.myshopify.com,active_ecommerce,shopify,True,,3,True,github_gist
good.myshopify.com,active_ecommerce,shopify,True,,3,True,github_gist
gooddog.myshopify.com,active_ecommerce,shopify,True,,3,True,github_gist
goods.myshopify.com,active_ecommerce,shopify,True,,3,True,github_gist
goodwine.myshopify.com,active_ecommerce,shopify,True,,3,True,github_gist
goofiz.myshopify.com,active_ecommerce,shopify,True,,3,True,github_gist
goog.myshopify.com,active_ecommerce,shopify,True,,3,True,github_gist
googleart.myshopify.com,active_ecommerce,shopify,True,,3,True,github_gist
goonie.myshopify.com,active_ecommerce,shopify,True,,3,True,github_gist
gooo.myshopify.com,active_ecommerce,shopify,True,,3,True,github_gist
goose.myshopify.com,active_ecommerce,shopify,True,,3,True,github_gist
gopoints.myshopify.com,active_ecommerce,shopify,True,,3,True,github_gist
gorilla.myshopify.com,active_ecommerce,shopify,True,,3,True,github_gist
gorio.myshopify.com,active_ecommerce,shopify,True,,3,True,github_gist
gorodok.myshopify.com,active_ecommerce,shopify,True,,3,True,github_gist
gorshop.myshopify.com,active_ecommerce,shopify,True,,3,True,github_gist
gotbone.myshopify.com,active_ecommerce,shopify,True,,3,True,github_gist
gotfavors.myshopify.com,active_ecommerce,shopify,True,,3,True,github_gist
gothblessu.myshopify.com,active_ecommerce,shopify,True,,3,True,github_gist
gothikaabbigliamento.myshopify.com,active_ecommerce,shopify,True,,3,True,github_gist
gothoody.myshopify.com,active_ecommerce,shopify,True,,3,True,github_gist
gotserver.myshopify.com,active_ecommerce,shopify,True,,3,True,github_gist
gotshop.myshopify.com,active_ecommerce,shopify,True,,3,True,github_gist
gottahustle.myshopify.com,active_ecommerce,shopify,True,,3,True,github_gist
gotwd.myshopify.com,active_ecommerce,shopify,True,,3,True,github_gist
gourd.myshopify.com,active_ecommerce,shopify,True,,3,True,github_gist
gourds.myshopify.com,active_ecommerce,shopify,True,,3,True,github_gist
gourmetmall.myshopify.com,active_ecommerce,shopify,True,,3,True,github_gist
goutsi.myshopify.com,active_ecommerce,shopify,True,,3,True,github_gist
govno.myshopify.com,active_ecommerce,shopify,True,,3,True,github_gist
goyox86.myshopify.com,active_ecommerce,shopify,True,,3,True,github_gist
gozoomoo.myshopify.com,active_ecommerce,shopify,True,,3,True,github_gist
gpsauctions.myshopify.com,active_ecommerce,shopify,True,,3,True,github_gist
gpswebdesign.myshopify.com,active_ecommerce,shopify,True,,3,True,github_gist
grabaheart.myshopify.com,active_ecommerce,shopify,True,,3,True,github_gist
grabanicon.myshopify.com,active_ecommerce,shopify,True,,3,True,github_gist
grace.myshopify.com,active_ecommerce,shopify,True,,3,True,github_gist
gradologyangelfire.myshopify.com,active_ecommerce,shopify,True,,3,True,github_gist
graecyn.myshopify.com,active_ecommerce,shopify,True,,3,True,github_gist
graffiti.myshopify.com,active_ecommerce,shopify,True,,3,True,github_gist
graffiti101.myshopify.com,active_ecommerce,shopify,True,,3,True,github_gist
grahamreeds.myshopify.com,active_ecommerce,shopify,True,,3,True,github_gist
graines-barbarin.myshopify.com,active_ecommerce,shopify,True,,3,True,github_gist
granita.myshopify.com,active_ecommerce,shopify,True,,3,True,github_gist
graphicresults.myshopify.com,active_ecommerce,shopify,True,,3,True,github_gist
graphicus.myshopify.com,active_ecommerce,shopify,True,,3,True,github_gist
graphicworks.myshopify.com,active_ecommerce,shopify,True,,3,True,github_gist
graphiczoo.myshopify.com,active_ecommerce,shopify,True,,3,True,github_gist
graphika.myshopify.com,active_ecommerce,shopify,True,,3,True,github_gist
graphitela.myshopify.com,active_ecommerce,shopify,True,,3,True,github_gist
graphix.myshopify.com,active_ecommerce,shopify,True,,3,True,github_gist
graphize.myshopify.com,active_ecommerce,shopify,True,,3,True,github_gist
grassbgreen.myshopify.com,active_ecommerce,shopify,True,,3,True,github_gist
grasshopperfactory.myshopify.com,active_ecommerce,shopify,True,,3,True,github_gist
gravity.myshopify.com,active_ecommerce,shopify,True,,3,True,github_gist
grayblur.myshopify.com,active_ecommerce,shopify,True,,3,True,github_gist
graycons.myshopify.com,active_ecommerce,shopify,True,,3,True,github_gist
grazer.myshopify.com,active_ecommerce,shopify,True,,3,True,github_gist
graziella.myshopify.com,active_ecommerce,shopify,True,,3,True,github_gist
grbpowersystems.myshopify.com,active_ecommerce,shopify,True,,3,True,github_gist
grda.myshopify.com,active_ecommerce,shopify,True,,3,True,github_gist
great.myshopify.com,active_ecommerce,shopify,True,,3,True,github_gist
greatafricanmusic.myshopify.com,active_ecommerce,shopify,True,,3,True,github_gist
greatbeershirts.myshopify.com,active_ecommerce,shopify,True,,3,True,github_gist
greatbooks.myshopify.com,active_ecommerce,shopify,True,,3,True,github_gist
greatbuy.myshopify.com,active_ecommerce,shopify,True,,3,True,github_gist
greatday.myshopify.com,active_ecommerce,shopify,True,,3,True,github_gist
greaterfalls.myshopify.com,active_ecommerce,shopify,True,,3,True,github_gist
greatwidgets.myshopify.com,active_ecommerce,shopify,True,,3,True,github_gist
greekflasks.myshopify.com,active_ecommerce,shopify,True,,3,True,github_gist
greekoliveoil.myshopify.com,active_ecommerce,shopify,True,,3,True,github_gist
greektux.myshopify.com,active_ecommerce,shopify,True,,3,True,github_gist
greencathedral.myshopify.com,active_ecommerce,shopify,True,,3,True,github_gist
greencottage.myshopify.com,active_ecommerce,shopify,True,,3,True,github_gist
greenfixgolf.myshopify.com,active_ecommerce,shopify,True,,3,True,github_gist
greenheartcandles.myshopify.com,active_ecommerce,shopify,True,,3,True,github_gist
greenhomeplanet.myshopify.com,active_ecommerce,shopify,True,,3,True,github_gist
greenlab.myshopify.com,active_ecommerce,shopify,True,,3,True,github_gist
greenlantern.myshopify.com,active_ecommerce,shopify,True,,3,True,github_gist
greenlight.myshopify.com,active_ecommerce,shopify,True,,3,True,github_gist
greenlittlesheep.myshopify.com,active_ecommerce,shopify,True,,3,True,github_gist
greenpower.myshopify.com,active_ecommerce,shopify,True,,3,True,github_gist
greentempleproducts.myshopify.com,active_ecommerce,shopify,True,,3,True,github_gist
greenwoodelementary.myshopify.com,active_ecommerce,shopify,True,,3,True,github_gist
greetinggarden.myshopify.com,active_ecommerce,shopify,True,,3,True,github_gist
greetink.myshopify.com,active_ecommerce,shopify,True,,3,True,github_gist
gregjones.myshopify.com,active_ecommerce,shopify,True,,3,True,github_gist
gregroach.myshopify.com,active_ecommerce,shopify,True,,3,True,github_gist
grendelsch.myshopify.com,active_ecommerce,shopify,True,,3,True,github_gist
grewsome.myshopify.com,active_ecommerce,shopify,True,,3,True,github_gist
greysonart.myshopify.com,active_ecommerce,shopify,True,,3,True,github_gist
grfim.myshopify.com,active_ecommerce,shopify,True,,3,True,github_gist
grgrgrgr.myshopify.com,active_ecommerce,shopify,True,,3,True,github_gist
grid14.myshopify.com,active_ecommerce,shopify,True,,3,True,github_gist
griefposters.myshopify.com,active_ecommerce,shopify,True,,3,True,github_gist
griffin.myshopify.com,active_ecommerce,shopify,True,,3,True,github_gist
grisfot.myshopify.com,active_ecommerce,shopify,True,,3,True,github_gist
grizzlybags.myshopify.com,active_ecommerce,shopify,True,,3,True,github_gist
grmessiah.myshopify.com,active_ecommerce,shopify,True,,3,True,github_gist
grody.myshopify.com,active_ecommerce,shopify,True,,3,True,github_gist
grok.myshopify.com,active_ecommerce,shopify,True,,3,True,github_gist
groovybags.myshopify.com,active_ecommerce,shopify,True,,3,True,github_gist
groovysoup.myshopify.com,active_ecommerce,shopify,True,,3,True,github_gist
groundedvertigo.myshopify.com,active_ecommerce,shopify,True,,3,True,github_gist
groundup.myshopify.com,active_ecommerce,shopify,True,,3,True,github_gist
group.myshopify.com,active_ecommerce,shopify,True,,3,True,github_gist
groups.myshopify.com,active_ecommerce,shopify,True,,3,True,github_gist
groupshopping.myshopify.com,active_ecommerce,shopify,True,,3,True,github_gist
growexotics.myshopify.com,active_ecommerce,shopify,True,,3,True,github_gist
growfood.myshopify.com,active_ecommerce,shopify,True,,3,True,github_gist
grownupgirl.myshopify.com,active_ecommerce,shopify,True,,3,True,github_gist
growthconsortium.myshopify.com,active_ecommerce,shopify,True,,3,True,github_gist
grraph.myshopify.com,active_ecommerce,shopify,True,,3,True,github_gist
gruff.myshopify.com,active_ecommerce,shopify,True,,3,True,github_gist
gsgreetings.myshopify.com,active_ecommerce,shopify,True,,3,True,github_gist
gshirts.myshopify.com,active_ecommerce,shopify,True,,3,True,github_gist
gshop.myshopify.com,active_ecommerce,shopify,True,,3,True,github_gist
gsmobil.myshopify.com,active_ecommerce,shopify,True,,3,True,github_gist
gsmsecurity.myshopify.com,active_ecommerce,shopify,True,,3,True,github_gist
gstore.myshopify.com,active_ecommerce,shopify,True,,3,True,github_gist
guanbaiqiang.myshopify.com,active_ecommerce,shopify,True,,3,True,github_gist
guardgear.myshopify.com,active_ecommerce,shopify,True,,3,True,github_gist
guardiannet.myshopify.com,active_ecommerce,shopify,True,,3,True,github_gist
gucci.myshopify.com,active_ecommerce,shopify,True,,3,True,github_gist
guerin.myshopify.com,active_ecommerce,shopify,True,,3,True,github_gist
gugudada.myshopify.com,active_ecommerce,shopify,True,,3,True,github_gist
guguiszm.myshopify.com,active_ecommerce,shopify,True,,3,True,github_gist
guiltfree.myshopify.com,active_ecommerce,shopify,True,,3,True,github_gist
guitar.myshopify.com,active_ecommerce,shopify,True,,3,True,github_gist
guitars.myshopify.com,active_ecommerce,shopify,True,,3,True,github_gist
guiyuan.myshopify.com,active_ecommerce,shopify,True,,3,True,github_gist
gulo.myshopify.com,active_ecommerce,shopify,True,,3,True,github_gist
guns.myshopify.com,active_ecommerce,shopify,True,,3,True,github_gist
gunsandammo.myshopify.com,active_ecommerce,shopify,True,,3,True,github_gist
gunz.myshopify.com,active_ecommerce,shopify,True,,3,True,github_gist
guru2000.myshopify.com,active_ecommerce,shopify,True,,3,True,github_gist
gurud.myshopify.com,active_ecommerce,shopify,True,,3,True,github_gist
gurushop.myshopify.com,active_ecommerce,shopify,True,,3,True,github_gist
gustavs.myshopify.com,active_ecommerce,shopify,True,,3,True,github_gist
gustibuoni.myshopify.com,active_ecommerce,shopify,True,,3,True,github_gist
gutshop.myshopify.com,active_ecommerce,shopify,True,,3,True,github_gist
guysjewellery.myshopify.com,active_ecommerce,shopify,True,,3,True,github_gist
gwenaelmalcorpi.myshopify.com,active_ecommerce,shopify,True,,3,True,github_gist
gyfea.myshopify.com,active_ecommerce,shopify,True,,3,True,github_gist
gypsyeyesrecords.myshopify.com,active_ecommerce,shopify,True,,3,True,github_gist
h3rald.myshopify.com,active_ecommerce,shopify,True,,3,True,github_gist
haafe.myshopify.com,active_ecommerce,shopify,True,,3,True,github_gist
haberdashery.myshopify.com,active_ecommerce,shopify,True,,3,True,github_gist
habitusmag.myshopify.com,active_ecommerce,shopify,True,,3,True,github_gist
haceem.myshopify.com,active_ecommerce,shopify,True,,3,True,github_gist
hack.myshopify.com,active_ecommerce,shopify,True,,3,True,github_gist
hafey1976.myshopify.com,active_ecommerce,shopify,True,,3,True,github_gist
hagg.myshopify.com,active_ecommerce,shopify,True,,3,True,github_gist
hailstorm.myshopify.com,active_ecommerce,shopify,True,,3,True,github_gist
hair.myshopify.com,active_ecommerce,shopify,True,,3,True,github_gist
haldun.myshopify.com,active_ecommerce,shopify,True,,3,True,github_gist
haligh.myshopify.com,active_ecommerce,shopify,True,,3,True,github_gist
halloween.myshopify.com,active_ecommerce,shopify,True,,3,True,github_gist
haloscan.myshopify.com,active_ecommerce,shopify,True,,3,True,github_gist
hamla.myshopify.com,active_ecommerce,shopify,True,,3,True,github_gist
hammocks.myshopify.com,active_ecommerce,shopify,True,,3,True,github_gist
hanabi.myshopify.com,active_ecommerce,shopify,True,,3,True,github_gist
hanauy.myshopify.com,active_ecommerce,shopify,True,,3,True,github_gist
handarts.myshopify.com,active_ecommerce,shopify,True,,3,True,github_gist
handmade.myshopify.com,active_ecommerce,shopify,True,,3,True,github_gist
handmadebynicole.myshopify.com,active_ecommerce,shopify,True,,3,True,github_gist
handmadebyrania.myshopify.com,active_ecommerce,shopify,True,,3,True,github_gist
handmadestuff.myshopify.com,active_ecommerce,shopify,True,,3,True,github_gist
handphones31.myshopify.com,active_ecommerce,shopify,True,,3,True,github_gist
handsmart.myshopify.com,active_ecommerce,shopify,True,,3,True,github_gist
handsomebydesign.myshopify.com,active_ecommerce,shopify,True,,3,True,github_gist
handwrittenresults.myshopify.com,active_ecommerce,shopify,True,,3,True,github_gist
hangovercures.myshopify.com,active_ecommerce,shopify,True,,3,True,github_gist
hangry.myshopify.com,active_ecommerce,shopify,True,,3,True,github_gist
hankins.myshopify.com,active_ecommerce,shopify,True,,3,True,github_gist
hans.myshopify.com,active_ecommerce,shopify,True,,3,True,github_gist
happy.myshopify.com,active_ecommerce,shopify,True,,3,True,github_gist
happycleaning.myshopify.com,active_ecommerce,shopify,True,,3,True,github_gist
happyhound.myshopify.com,active_ecommerce,shopify,True,,3,True,github_gist
happymac.myshopify.com,active_ecommerce,shopify,True,,3,True,github_gist
happyswag.myshopify.com,active_ecommerce,shopify,True,,3,True,github_gist
happytowag.myshopify.com,active_ecommerce,shopify,True,,3,True,github_gist
happytoys.myshopify.com,active_ecommerce,shopify,True,,3,True,github_gist
harbour.myshopify.com,active_ecommerce,shopify,True,,3,True,github_gist
harbourdarts.myshopify.com,active_ecommerce,shopify,True,,3,True,github_gist
hardingacademy.myshopify.com,active_ecommerce,shopify,True,,3,True,github_gist
harlow.myshopify.com,active_ecommerce,shopify,True,,3,True,github_gist
harmonyhealth.myshopify.com,active_ecommerce,shopify,True,,3,True,github_gist
harrisons.myshopify.com,active_ecommerce,shopify,True,,3,True,github_gist
harros.myshopify.com,active_ecommerce,shopify,True,,3,True,github_gist
hartl.myshopify.com,active_ecommerce,shopify,True,,3,True,github_gist
hasan.myshopify.com,active_ecommerce,shopify,True,,3,True,github_gist
hasslefree.myshopify.com,active_ecommerce,shopify,True,,3,True,github_gist
hatchchili.myshopify.com,active_ecommerce,shopify,True,,3,True,github_gist
hathology.myshopify.com,active_ecommerce,shopify,True,,3,True,github_gist
hats.myshopify.com,active_ecommerce,shopify,True,,3,True,github_gist
haueis.myshopify.com,active_ecommerce,shopify,True,,3,True,github_gist
haughtyhausfrau.myshopify.com,active_ecommerce,shopify,True,,3,True,github_gist
hausland.myshopify.com,active_ecommerce,shopify,True,,3,True,github_gist
haute.myshopify.com,active_ecommerce,shopify,True,,3,True,github_gist
havasupages.myshopify.com,active_ecommerce,shopify,True,,3,True,github_gist
havetorock.myshopify.com,active_ecommerce,shopify,True,,3,True,github_gist
hawaii.myshopify.com,active_ecommerce,shopify,True,,3,True,github_gist
hawaiibcllc.myshopify.com,active_ecommerce,shopify,True,,3,True,github_gist
hawato.myshopify.com,active_ecommerce,shopify,True,,3,True,github_gist
hawkscenery.myshopify.com,active_ecommerce,shopify,True,,3,True,github_gist
hazardwear.myshopify.com,active_ecommerce,shopify,True,,3,True,github_gist
hbcarts.myshopify.com,active_ecommerce,shopify,True,,3,True,github_gist
hbiloo.myshopify.com,active_ecommerce,shopify,True,,3,True,github_gist
hbpics.myshopify.com,active_ecommerce,shopify,True,,3,True,github_gist
hcaquatics.myshopify.com,active_ecommerce,shopify,True,,3,True,github_gist
hcblue.myshopify.com,active_ecommerce,shopify,True,,3,True,github_gist
hcc2.myshopify.com,active_ecommerce,shopify,True,,3,True,github_gist
hcpresearch.myshopify.com,active_ecommerce,shopify,True,,3,True,github_gist
hdgconnect.myshopify.com,active_ecommerce,shopify,True,,3,True,github_gist
hdkaxis.myshopify.com,active_ecommerce,shopify,True,,3,True,github_gist
hdrphotos.myshopify.com,active_ecommerce,shopify,True,,3,True,github_gist
headlock.myshopify.com,active_ecommerce,shopify,True,,3,True,github_gist
health.myshopify.com,active_ecommerce,shopify,True,,3,True,github_gist
health2go.myshopify.com,active_ecommerce,shopify,True,,3,True,github_gist
healthcareeu.myshopify.com,active_ecommerce,shopify,True,,3,True,github_gist
healtheconomics.myshopify.com,active_ecommerce,shopify,True,,3,True,github_gist
healthfood.myshopify.com,active_ecommerce,shopify,True,,3,True,github_gist
healthy.myshopify.com,active_ecommerce,shopify,True,,3,True,github_gist
healthylife.myshopify.com,active_ecommerce,shopify,True,,3,True,github_gist
healtoe.myshopify.com,active_ecommerce,shopify,True,,3,True,github_gist
hearhear.myshopify.com,active_ecommerce,shopify,True,,3,True,github_gist
hearing.myshopify.com,active_ecommerce,shopify,True,,3,True,github_gist
hearring.myshopify.com,active_ecommerce,shopify,True,,3,True,github_gist
heartinhand.myshopify.com,active_ecommerce,shopify,True,,3,True,github_gist
heartsupport.myshopify.com,active_ecommerce,shopify,True,,3,True,github_gist
heartyboutique.myshopify.com,active_ecommerce,shopify,True,,3,True,github_gist
heat.myshopify.com,active_ecommerce,shopify,True,,3,True,github_gist
heathersloane.myshopify.com,active_ecommerce,shopify,True,,3,True,github_gist
heatingproducts.myshopify.com,active_ecommerce,shopify,True,,3,True,github_gist
heavensent.myshopify.com,active_ecommerce,shopify,True,,3,True,github_gist
heavy.myshopify.com,active_ecommerce,shopify,True,,3,True,github_gist
heavyhookedup.myshopify.com,active_ecommerce,shopify,True,,3,True,github_gist
hecadecimal.myshopify.com,active_ecommerce,shopify,True,,3,True,github_gist
hechoentaiwan.myshopify.com,active_ecommerce,shopify,True,,3,True,github_gist
heeji.myshopify.com,active_ecommerce,shopify,True,,3,True,github_gist
heels.myshopify.com,active_ecommerce,shopify,True,,3,True,github_gist
heelsstore.myshopify.com,active_ecommerce,shopify,True,,3,True,github_gist
heenweer.myshopify.com,active_ecommerce,shopify,True,,3,True,github_gist
hehe12345.myshopify.com,active_ecommerce,shopify,True,,3,True,github_gist
hejia.myshopify.com,active_ecommerce,shopify,True,,3,True,github_gist
helen.myshopify.com,active_ecommerce,shopify,True,,3,True,github_gist
heliene.myshopify.com,active_ecommerce,shopify,True,,3,True,github_gist
helix-online.myshopify.com,active_ecommerce,shopify,True,,3,True,github_gist
hellcar.myshopify.com,active_ecommerce,shopify,True,,3,True,github_gist
hello.myshopify.com,active_ecommerce,shopify,True,,3,True,github_gist
hellobabywear.myshopify.com,active_ecommerce,shopify,True,,3,True,github_gist
hellokitty.myshopify.com,active_ecommerce,shopify,True,,3,True,github_gist
hellomoto.myshopify.com,active_ecommerce,shopify,True,,3,True,github_gist
helloworld.myshopify.com,active_ecommerce,shopify,True,,3,True,github_gist
helpathome.myshopify.com,active_ecommerce,shopify,True,,3,True,github_gist
hemtest.myshopify.com,active_ecommerce,shopify,True,,3,True,github_gist
henk.myshopify.com,active_ecommerce,shopify,True,,3,True,github_gist
henryfarm.myshopify.com,active_ecommerce,shopify,True,,3,True,github_gist
henyo.myshopify.com,active_ecommerce,shopify,True,,3,True,github_gist
hephop.myshopify.com,active_ecommerce,shopify,True,,3,True,github_gist
herbal-store.myshopify.com,active_ecommerce,shopify,True,,3,True,github_gist
herbalife.myshopify.com,active_ecommerce,shopify,True,,3,True,github_gist
herbalpharmacy.myshopify.com,active_ecommerce,shopify,True,,3,True,github_gist
herbshut.myshopify.com,active_ecommerce,shopify,True,,3,True,github_gist
hercoffin.myshopify.com,active_ecommerce,shopify,True,,3,True,github_gist
heritage.myshopify.com,active_ecommerce,shopify,True,,3,True,github_gist
heritaj.myshopify.com,active_ecommerce,shopify,True,,3,True,github_gist
hermesjms.myshopify.com,active_ecommerce,shopify,True,,3,True,github_gist
hermitagegardens.myshopify.com,active_ecommerce,shopify,True,,3,True,github_gist
heroscape.myshopify.com,active_ecommerce,shopify,True,,3,True,github_gist
herowater.myshopify.com,active_ecommerce,shopify,True,,3,True,github_gist
hetgasbedrijf.myshopify.com,active_ecommerce,shopify,True,,3,True,github_gist
hexacampeao.myshopify.com,active_ecommerce,shopify,True,,3,True,github_gist
hexia.myshopify.com,active_ecommerce,shopify,True,,3,True,github_gist
heyalchang.myshopify.com,active_ecommerce,shopify,True,,3,True,github_gist
hfpv.myshopify.com,active_ecommerce,shopify,True,,3,True,github_gist
hi-techgolf.myshopify.com,active_ecommerce,shopify,True,,3,True,github_gist
hideyourshame.myshopify.com,active_ecommerce,shopify,True,,3,True,github_gist
hifi.myshopify.com,active_ecommerce,shopify,True,,3,True,github_gist
highboots.myshopify.com,active_ecommerce,shopify,True,,3,True,github_gist
highjinks.myshopify.com,active_ecommerce,shopify,True,,3,True,github_gist
highlander.myshopify.com,active_ecommerce,shopify,True,,3,True,github_gist
highparkhosting.myshopify.com,active_ecommerce,shopify,True,,3,True,github_gist
hightech.myshopify.com,active_ecommerce,shopify,True,,3,True,github_gist
hilbert.myshopify.com,active_ecommerce,shopify,True,,3,True,github_gist
hilwyn.myshopify.com,active_ecommerce,shopify,True,,3,True,github_gist
hinop.myshopify.com,active_ecommerce,shopify,True,,3,True,github_gist
hinot.myshopify.com,active_ecommerce,shopify,True,,3,True,github_gist
hiphop-nakit.myshopify.com,active_ecommerce,shopify,True,,3,True,github_gist
hiphopagenda.myshopify.com,active_ecommerce,shopify,True,,3,True,github_gist
hiphound.myshopify.com,active_ecommerce,shopify,True,,3,True,github_gist
hipmamasjewlery.myshopify.com,active_ecommerce,shopify,True,,3,True,github_gist
hipp.myshopify.com,active_ecommerce,shopify,True,,3,True,github_gist
hippocampestudioshop.myshopify.com,active_ecommerce,shopify,True,,3,True,github_gist
hipslap.myshopify.com,active_ecommerce,shopify,True,,3,True,github_gist
hipsterpda.myshopify.com,active_ecommerce,shopify,True,,3,True,github_gist
hipvoice.myshopify.com,active_ecommerce,shopify,True,,3,True,github_gist
hirenseo.myshopify.com,active_ecommerce,shopify,True,,3,True,github_gist
hiruscosplay.myshopify.com,active_ecommerce,shopify,True,,3,True,github_gist
hisclothing.myshopify.com,active_ecommerce,shopify,True,,3,True,github_gist
hisenglish.myshopify.com,active_ecommerce,shopify,True,,3,True,github_gist
hispanic.myshopify.com,active_ecommerce,shopify,True,,3,True,github_gist
historicnewsreprints.myshopify.com,active_ecommerce,shopify,True,,3,True,github_gist
hitech.myshopify.com,active_ecommerce,shopify,True,,3,True,github_gist
hitin.myshopify.com,active_ecommerce,shopify,True,,3,True,github_gist
hitthegroundrunning.myshopify.com,active_ecommerce,shopify,True,,3,True,github_gist
hiupllc.myshopify.com,active_ecommerce,shopify,True,,3,True,github_gist
hj-designs.myshopify.com,active_ecommerce,shopify,True,,3,True,github_gist
hk2apple.myshopify.com,active_ecommerce,shopify,True,,3,True,github_gist
hleinar.myshopify.com,active_ecommerce,shopify,True,,3,True,github_gist
hmediagrupe.myshopify.com,active_ecommerce,shopify,True,,3,True,github_gist
hmg-apparel.myshopify.com,active_ecommerce,shopify,True,,3,True,github_gist
hnitest.myshopify.com,active_ecommerce,shopify,True,,3,True,github_gist
hnyc.myshopify.com,active_ecommerce,shopify,True,,3,True,github_gist
hockey.myshopify.com,active_ecommerce,shopify,True,,3,True,github_gist
hockeydepotonline.myshopify.com,active_ecommerce,shopify,True,,3,True,github_gist
hockeymaniaonline.myshopify.com,active_ecommerce,shopify,True,,3,True,github_gist
hodgeandpodge.myshopify.com,active_ecommerce,shopify,True,,3,True,github_gist
hodgie.myshopify.com,active_ecommerce,shopify,True,,3,True,github_gist
hofcraft.myshopify.com,active_ecommerce,shopify,True,,3,True,github_gist
hofsteenge.myshopify.com,active_ecommerce,shopify,True,,3,True,github_gist
hogbackridge.myshopify.com,active_ecommerce,shopify,True,,3,True,github_gist
hogbackridgebicycletours.myshopify.com,active_ecommerce,shopify,True,,3,True,github_gist
hogefugagufufu.myshopify.com,active_ecommerce,shopify,True,,3,True,github_gist
hogwash.myshopify.com,active_ecommerce,shopify,True,,3,True,github_gist
hohum.myshopify.com,active_ecommerce,shopify,True,,3,True,github_gist
holidaycactusemporium.myshopify.com,active_ecommerce,shopify,True,,3,True,github_gist
hollowcreek.myshopify.com,active_ecommerce,shopify,True,,3,True,github_gist
holtonframes.myshopify.com,active_ecommerce,shopify,True,,3,True,github_gist
holychimp.myshopify.com,active_ecommerce,shopify,True,,3,True,github_gist
home-decor.myshopify.com,active_ecommerce,shopify,True,,3,True,github_gist
home.myshopify.com,active_ecommerce,shopify,True,,3,True,github_gist
homebiz.myshopify.com,active_ecommerce,shopify,True,,3,True,github_gist
homedecor.myshopify.com,active_ecommerce,shopify,True,,3,True,github_gist
homegoodies.myshopify.com,active_ecommerce,shopify,True,,3,True,github_gist
homehealthcare.myshopify.com,active_ecommerce,shopify,True,,3,True,github_gist
homeorganization.myshopify.com,active_ecommerce,shopify,True,,3,True,github_gist
homeorganizer.myshopify.com,active_ecommerce,shopify,True,,3,True,github_gist
homepages.myshopify.com,active_ecommerce,shopify,True,,3,True,github_gist
homeplans.myshopify.com,active_ecommerce,shopify,True,,3,True,github_gist
homepro.myshopify.com,active_ecommerce,shopify,True,,3,True,github_gist
homestuff.myshopify.com,active_ecommerce,shopify,True,,3,True,github_gist
homez.myshopify.com,active_ecommerce,shopify,True,,3,True,github_gist
homz.myshopify.com,active_ecommerce,shopify,True,,3,True,github_gist
honestgems.myshopify.com,active_ecommerce,shopify,True,,3,True,github_gist
honeybeads.myshopify.com,active_ecommerce,shopify,True,,3,True,github_gist
honeyglazedham.myshopify.com,active_ecommerce,shopify,True,,3,True,github_gist
honeywater.myshopify.com,active_ecommerce,shopify,True,,3,True,github_gist
hongyangchun.myshopify.com,active_ecommerce,shopify,True,,3,True,github_gist
hoobaby.myshopify.com,active_ecommerce,shopify,True,,3,True,github_gist
hoodyfactory.myshopify.com,active_ecommerce,shopify,True,,3,True,github_gist
hoof.myshopify.com,active_ecommerce,shopify,True,,3,True,github_gist
hoop.myshopify.com,active_ecommerce,shopify,True,,3,True,github_gist
hoops.myshopify.com,active_ecommerce,shopify,True,,3,True,github_gist
hop-dedik.myshopify.com,active_ecommerce,shopify,True,,3,True,github_gist
hopbacks.myshopify.com,active_ecommerce,shopify,True,,3,True,github_gist
hopdedik.myshopify.com,active_ecommerce,shopify,True,,3,True,github_gist
hope.myshopify.com,active_ecommerce,shopify,True,,3,True,github_gist
hoperevealed.myshopify.com,active_ecommerce,shopify,True,,3,True,github_gist
hopify.myshopify.com,active_ecommerce,shopify,True,,3,True,github_gist
horizon.myshopify.com,active_ecommerce,shopify,True,,3,True,github_gist
horsemen.myshopify.com,active_ecommerce,shopify,True,,3,True,github_gist
horsesource.myshopify.com,active_ecommerce,shopify,True,,3,True,github_gist
hoshie.myshopify.com,active_ecommerce,shopify,True,,3,True,github_gist
hosmy.myshopify.com,active_ecommerce,shopify,True,,3,True,github_gist
hospedagem.myshopify.com,active_ecommerce,shopify,True,,3,True,github_gist
hoss.myshopify.com,active_ecommerce,shopify,True,,3,True,github_gist
hostamigo.myshopify.com,active_ecommerce,shopify,True,,3,True,github_gist
hoster.myshopify.com,active_ecommerce,shopify,True,,3,True,github_gist
hosting.myshopify.com,active_ecommerce,shopify,True,,3,True,github_gist
hostlounge.myshopify.com,active_ecommerce,shopify,True,,3,True,github_gist
hostman.myshopify.com,active_ecommerce,shopify,True,,3,True,github_gist
hotdeals.myshopify.com,active_ecommerce,shopify,True,,3,True,github_gist
hotfoot.myshopify.com,active_ecommerce,shopify,True,,3,True,github_gist
hotgarbage.myshopify.com,active_ecommerce,shopify,True,,3,True,github_gist
hotgifts.myshopify.com,active_ecommerce,shopify,True,,3,True,github_gist
hotkisssuperstore.myshopify.com,active_ecommerce,shopify,True,,3,True,github_gist
hotrocket.myshopify.com,active_ecommerce,shopify,True,,3,True,github_gist
hotspot.myshopify.com,active_ecommerce,shopify,True,,3,True,github_gist
hotstorys.myshopify.com,active_ecommerce,shopify,True,,3,True,github_gist
hourglassfashion.myshopify.com,active_ecommerce,shopify,True,,3,True,github_gist
houseidea.myshopify.com,active_ecommerce,shopify,True,,3,True,github_gist
housemedia.myshopify.com,active_ecommerce,shopify,True,,3,True,github_gist
houseofshanghai.myshopify.com,active_ecommerce,shopify,True,,3,True,github_gist
houseplans.myshopify.com,active_ecommerce,shopify,True,,3,True,github_gist
housingworks.myshopify.com,active_ecommerce,shopify,True,,3,True,github_gist
howellgolson.myshopify.com,active_ecommerce,shopify,True,,3,True,github_gist
howies.myshopify.com,active_ecommerce,shopify,True,,3,True,github_gist
hp31.myshopify.com,active_ecommerce,shopify,True,,3,True,github_gist
hpiproducts.myshopify.com,active_ecommerce,shopify,True,,3,True,github_gist
hrabos.myshopify.com,active_ecommerce,shopify,True,,3,True,github_gist
hsbluebird.myshopify.com,active_ecommerce,shopify,True,,3,True,github_gist
hsbluebrid.myshopify.com,active_ecommerce,shopify,True,,3,True,github_gist
hsnksy.myshopify.com,active_ecommerce,shopify,True,,3,True,github_gist
htht.myshopify.com,active_ecommerce,shopify,True,,3,True,github_gist
html.myshopify.com,active_ecommerce,shopify,True,,3,True,github_gist
httpagency.myshopify.com,active_ecommerce,shopify,True,,3,True,github_gist
https:/.myshopify.com/search,active_ecommerce,shopify,True,,3,True,github_gist
hubcityrecords.myshopify.com,active_ecommerce,shopify,True,,3,True,github_gist
hubrix.myshopify.com,active_ecommerce,shopify,True,,3,True,github_gist
huge.myshopify.com,active_ecommerce,shopify,True,,3,True,github_gist
hugo.myshopify.com,active_ecommerce,shopify,True,,3,True,github_gist
huhot.myshopify.com,active_ecommerce,shopify,True,,3,True,github_gist
huihui.myshopify.com,active_ecommerce,shopify,True,,3,True,github_gist
huldah.myshopify.com,active_ecommerce,shopify,True,,3,True,github_gist
human.myshopify.com,active_ecommerce,shopify,True,,3,True,github_gist
humancomp.myshopify.com,active_ecommerce,shopify,True,,3,True,github_gist
hundredpost.myshopify.com,active_ecommerce,shopify,True,,3,True,github_gist
hung.myshopify.com,active_ecommerce,shopify,True,,3,True,github_gist
hungryshark.myshopify.com,active_ecommerce,shopify,True,,3,True,github_gist
hungrytees.myshopify.com,active_ecommerce,shopify,True,,3,True,github_gist
hunt.myshopify.com,active_ecommerce,shopify,True,,3,True,github_gist
huntercross.myshopify.com,active_ecommerce,shopify,True,,3,True,github_gist
hutshop.myshopify.com,active_ecommerce,shopify,True,,3,True,github_gist
huyaroo.myshopify.com,active_ecommerce,shopify,True,,3,True,github_gist
huze.myshopify.com,active_ecommerce,shopify,True,,3,True,github_gist
hwenki.myshopify.com,active_ecommerce,shopify,True,,3,True,github_gist
hwthrifts.myshopify.com,active_ecommerce,shopify,True,,3,True,github_gist
hydroponics.myshopify.com,active_ecommerce,shopify,True,,3,True,github_gist
hypocaust.myshopify.com,active_ecommerce,shopify,True,,3,True,github_gist
hypsometry.myshopify.com,active_ecommerce,shopify,True,,3,True,github_gist
i-novatic.myshopify.com,active_ecommerce,shopify,True,,3,True,github_gist
i16media.myshopify.com,active_ecommerce,shopify,True,,3,True,github_gist
i57design.myshopify.com,active_ecommerce,shopify,True,,3,True,github_gist
i8flan.myshopify.com,active_ecommerce,shopify,True,,3,True,github_gist
iabca.myshopify.com,active_ecommerce,shopify,True,,3,True,github_gist
iaccessestore.myshopify.com,active_ecommerce,shopify,True,,3,True,github_gist
iain.myshopify.com,active_ecommerce,shopify,True,,3,True,github_gist
ianne.myshopify.com,active_ecommerce,shopify,True,,3,True,github_gist
ianscroggins.myshopify.com,active_ecommerce,shopify,True,,3,True,github_gist
ianworks.myshopify.com,active_ecommerce,shopify,True,,3,True,github_gist
iaradesign.myshopify.com,active_ecommerce,shopify,True,,3,True,github_gist
iartu.myshopify.com,active_ecommerce,shopify,True,,3,True,github_gist
ibooks.myshopify.com,active_ecommerce,shopify,True,,3,True,github_gist
ibrahim.myshopify.com,active_ecommerce,shopify,True,,3,True,github_gist
ibuy.myshopify.com,active_ecommerce,shopify,True,,3,True,github_gist
icball.myshopify.com,active_ecommerce,shopify,True,,3,True,github_gist
icblind.myshopify.com,active_ecommerce,shopify,True,,3,True,github_gist
ice-horse.myshopify.com,active_ecommerce,shopify,True,,3,True,github_gist
icecandy.myshopify.com,active_ecommerce,shopify,True,,3,True,github_gist
icecave.myshopify.com,active_ecommerce,shopify,True,,3,True,github_gist
icelandic.myshopify.com,active_ecommerce,shopify,True,,3,True,github_gist
icentro.myshopify.com,active_ecommerce,shopify,True,,3,True,github_gist
ichooseit.myshopify.com,active_ecommerce,shopify,True,,3,True,github_gist
iclm.myshopify.com,active_ecommerce,shopify,True,,3,True,github_gist
icomputer.myshopify.com,active_ecommerce,shopify,True,,3,True,github_gist
icondisk.myshopify.com,active_ecommerce,shopify,True,,3,True,github_gist
icons.myshopify.com,active_ecommerce,shopify,True,,3,True,github_gist
icsee.myshopify.com,active_ecommerce,shopify,True,,3,True,github_gist
ict-id.myshopify.com,active_ecommerce,shopify,True,,3,True,github_gist
icutech.myshopify.com,active_ecommerce,shopify,True,,3,True,github_gist
idano.myshopify.com,active_ecommerce,shopify,True,,3,True,github_gist
idea.myshopify.com,active_ecommerce,shopify,True,,3,True,github_gist
idealapartments.myshopify.com,active_ecommerce,shopify,True,,3,True,github_gist
idealliving.myshopify.com,active_ecommerce,shopify,True,,3,True,github_gist
ideando.myshopify.com,active_ecommerce,shopify,True,,3,True,github_gist
ideanode.myshopify.com,active_ecommerce,shopify,True,,3,True,github_gist
ideeprintex.myshopify.com,active_ecommerce,shopify,True,,3,True,github_gist
iderdik.myshopify.com,active_ecommerce,shopify,True,,3,True,github_gist
idiscgolf.myshopify.com,active_ecommerce,shopify,True,,3,True,github_gist
idleramblings.myshopify.com,active_ecommerce,shopify,True,,3,True,github_gist
idotter.myshopify.com,active_ecommerce,shopify,True,,3,True,github_gist
idya.myshopify.com,active_ecommerce,shopify,True,,3,True,github_gist
ie7sx.myshopify.com,active_ecommerce,shopify,True,,3,True,github_gist
ieming.myshopify.com,active_ecommerce,shopify,True,,3,True,github_gist
ifindkarma.myshopify.com,active_ecommerce,shopify,True,,3,True,github_gist
ifotbal.myshopify.com,active_ecommerce,shopify,True,,3,True,github_gist
igeek.myshopify.com,active_ecommerce,shopify,True,,3,True,github_gist
igloostore.myshopify.com,active_ecommerce,shopify,True,,3,True,github_gist
iglowmexico.myshopify.com,active_ecommerce,shopify,True,,3,True,github_gist
ignitelogic.myshopify.com,active_ecommerce,shopify,True,,3,True,github_gist
ignitionwebstudios.myshopify.com,active_ecommerce,shopify,True,,3,True,github_gist
igoo.myshopify.com,active_ecommerce,shopify,True,,3,True,github_gist
igreg.myshopify.com,active_ecommerce,shopify,True,,3,True,github_gist
igvinc.myshopify.com,active_ecommerce,shopify,True,,3,True,github_gist
iheartamericanapparel.myshopify.com,active_ecommerce,shopify,True,,3,True,github_gist
iheartcamping.myshopify.com,active_ecommerce,shopify,True,,3,True,github_gist
ihighlyrecommend.myshopify.com,active_ecommerce,shopify,True,,3,True,github_gist
ihostmarket.myshopify.com,active_ecommerce,shopify,True,,3,True,github_gist
ii01.myshopify.com,active_ecommerce,shopify,True,,3,True,github_gist
iicmstore.myshopify.com,active_ecommerce,shopify,True,,3,True,github_gist
iicsr.myshopify.com,active_ecommerce,shopify,True,,3,True,github_gist
ijwtexas.myshopify.com,active_ecommerce,shopify,True,,3,True,github_gist
iknowdeals.myshopify.com,active_ecommerce,shopify,True,,3,True,github_gist
ikvido.myshopify.com,active_ecommerce,shopify,True,,3,True,github_gist
ilan.myshopify.com,active_ecommerce,shopify,True,,3,True,github_gist
ilargi-denda.myshopify.com,active_ecommerce,shopify,True,,3,True,github_gist
ilatte.myshopify.com,active_ecommerce,shopify,True,,3,True,github_gist
ilbazaar.myshopify.com,active_ecommerce,shopify,True,,3,True,github_gist
ilife.myshopify.com,active_ecommerce,shopify,True,,3,True,github_gist
ilikecheese.myshopify.com,active_ecommerce,shopify,True,,3,True,github_gist
ilil.myshopify.com,active_ecommerce,shopify,True,,3,True,github_gist
illicit.myshopify.com,active_ecommerce,shopify,True,,3,True,github_gist
illy.myshopify.com,active_ecommerce,shopify,True,,3,True,github_gist
ilmionegozio.myshopify.com,active_ecommerce,shopify,True,,3,True,github_gist
ilovereshapemusic.myshopify.com,active_ecommerce,shopify,True,,3,True,github_gist
iloveteeshirts.myshopify.com,active_ecommerce,shopify,True,,3,True,github_gist
iloveumsteigen.myshopify.com,active_ecommerce,shopify,True,,3,True,github_gist
ilya.myshopify.com,active_ecommerce,shopify,True,,3,True,github_gist
ilymli.myshopify.com,active_ecommerce,shopify,True,,3,True,github_gist
imaffiliated.myshopify.com,active_ecommerce,shopify,True,,3,True,github_gist
imagehat.myshopify.com,active_ecommerce,shopify,True,,3,True,github_gist
imagenrock.myshopify.com,active_ecommerce,shopify,True,,3,True,github_gist
imagetest.myshopify.com,active_ecommerce,shopify,True,,3,True,github_gist
imagiag.myshopify.com,active_ecommerce,shopify,True,,3,True,github_gist
imaginescience.myshopify.com,active_ecommerce,shopify,True,,3,True,github_gist
imazion.myshopify.com,active_ecommerce,shopify,True,,3,True,github_gist
imdb.myshopify.com,active_ecommerce,shopify,True,,3,True,github_gist
imedia.myshopify.com,active_ecommerce,shopify,True,,3,True,github_gist
imex14.myshopify.com,active_ecommerce,shopify,True,,3,True,github_gist
imin.myshopify.com,active_ecommerce,shopify,True,,3,True,github_gist
imminent.myshopify.com,active_ecommerce,shopify,True,,3,True,github_gist
impesud.myshopify.com,active_ecommerce,shopify,True,,3,True,github_gist
impis.myshopify.com,active_ecommerce,shopify,True,,3,True,github_gist
importersdirect.myshopify.com,active_ecommerce,shopify,True,,3,True,github_gist
importimage.myshopify.com,active_ecommerce,shopify,True,,3,True,github_gist
importreasures.myshopify.com,active_ecommerce,shopify,True,,3,True,github_gist
imran.myshopify.com,active_ecommerce,shopify,True,,3,True,github_gist
imsoho.myshopify.com,active_ecommerce,shopify,True,,3,True,github_gist
in2red.myshopify.com,active_ecommerce,shopify,True,,3,True,github_gist
inahou.myshopify.com,active_ecommerce,shopify,True,,3,True,github_gist
inca.myshopify.com,active_ecommerce,shopify,True,,3,True,github_gist
inchpin.myshopify.com,active_ecommerce,shopify,True,,3,True,github_gist
incmagazine.myshopify.com,active_ecommerce,shopify,True,,3,True,github_gist
incodenito.myshopify.com,active_ecommerce,shopify,True,,3,True,github_gist
incomumdesign.myshopify.com,active_ecommerce,shopify,True,,3,True,github_gist
incontrol.myshopify.com,active_ecommerce,shopify,True,,3,True,github_gist
incredishop.myshopify.com,active_ecommerce,shopify,True,,3,True,github_gist
indebrierpatch.myshopify.com,active_ecommerce,shopify,True,,3,True,github_gist
indemodable.myshopify.com,active_ecommerce,shopify,True,,3,True,github_gist
independentpropagandastore.myshopify.com,active_ecommerce,shopify,True,,3,True,github_gist
indesign.myshopify.com,active_ecommerce,shopify,True,,3,True,github_gist
india.myshopify.com,active_ecommerce,shopify,True,,3,True,github_gist
indian.myshopify.com,active_ecommerce,shopify,True,,3,True,github_gist
indiasnacks.myshopify.com,active_ecommerce,shopify,True,,3,True,github_gist
indiastore.myshopify.com,active_ecommerce,shopify,True,,3,True,github_gist
indiekiduk.myshopify.com,active_ecommerce,shopify,True,,3,True,github_gist
indieshop.myshopify.com,active_ecommerce,shopify,True,,3,True,github_gist
indigenousroots.myshopify.com,active_ecommerce,shopify,True,,3,True,github_gist
indigo.myshopify.com,active_ecommerce,shopify,True,,3,True,github_gist
indiza.myshopify.com,active_ecommerce,shopify,True,,3,True,github_gist
indofurni.myshopify.com,active_ecommerce,shopify,True,,3,True,github_gist
industree.myshopify.com,active_ecommerce,shopify,True,,3,True,github_gist
indymovies.myshopify.com,active_ecommerce,shopify,True,,3,True,github_gist
ine-oasa.myshopify.com,active_ecommerce,shopify,True,,3,True,github_gist
inebuy.myshopify.com,active_ecommerce,shopify,True,,3,True,github_gist
inelec.myshopify.com,active_ecommerce,shopify,True,,3,True,github_gist
ineo.myshopify.com,active_ecommerce,shopify,True,,3,True,github_gist
infly.myshopify.com,active_ecommerce,shopify,True,,3,True,github_gist
info.myshopify.com,active_ecommerce,shopify,True,,3,True,github_gist
infoeportiva.myshopify.com,active_ecommerce,shopify,True,,3,True,github_gist
infogopher.myshopify.com,active_ecommerce,shopify,True,,3,True,github_gist
infomercial.myshopify.com,active_ecommerce,shopify,True,,3,True,github_gist
infonavigator.myshopify.com,active_ecommerce,shopify,True,,3,True,github_gist
infopano.myshopify.com,active_ecommerce,shopify,True,,3,True,github_gist
infoschema.myshopify.com,active_ecommerce,shopify,True,,3,True,github_gist
infotrade.myshopify.com,active_ecommerce,shopify,True,,3,True,github_gist
infuntion.myshopify.com,active_ecommerce,shopify,True,,3,True,github_gist
ingenieromac.myshopify.com,active_ecommerce,shopify,True,,3,True,github_gist
ingeniusweb.myshopify.com,active_ecommerce,shopify,True,,3,True,github_gist
ingnite.myshopify.com,active_ecommerce,shopify,True,,3,True,github_gist
inhouseclothing.myshopify.com,active_ecommerce,shopify,True,,3,True,github_gist
injae.myshopify.com,active_ecommerce,shopify,True,,3,True,github_gist
inkcapture.myshopify.com,active_ecommerce,shopify,True,,3,True,github_gist
inkjets.myshopify.com,active_ecommerce,shopify,True,,3,True,github_gist
inklingmarkets.myshopify.com,active_ecommerce,shopify,True,,3,True,github_gist
inkmeetspaper.myshopify.com,active_ecommerce,shopify,True,,3,True,github_gist
inkomu.myshopify.com,active_ecommerce,shopify,True,,3,True,github_gist
inlifes.myshopify.com,active_ecommerce,shopify,True,,3,True,github_gist
inlovewith.myshopify.com,active_ecommerce,shopify,True,,3,True,github_gist
inmaldives.myshopify.com,active_ecommerce,shopify,True,,3,True,github_gist
innercity-threads.myshopify.com,active_ecommerce,shopify,True,,3,True,github_gist
innerhealth.myshopify.com,active_ecommerce,shopify,True,,3,True,github_gist
innerlinebeauty.myshopify.com,active_ecommerce,shopify,True,,3,True,github_gist
innersection.myshopify.com,active_ecommerce,shopify,True,,3,True,github_gist
innersense.myshopify.com,active_ecommerce,shopify,True,,3,True,github_gist
innovativemedia.myshopify.com,active_ecommerce,shopify,True,,3,True,github_gist
innuendo.myshopify.com,active_ecommerce,shopify,True,,3,True,github_gist
inouit.myshopify.com,active_ecommerce,shopify,True,,3,True,github_gist
inpoint.myshopify.com,active_ecommerce,shopify,True,,3,True,github_gist
insener.myshopify.com,active_ecommerce,shopify,True,,3,True,github_gist
insight.myshopify.com,active_ecommerce,shopify,True,,3,True,github_gist
inspiratietestshop.myshopify.com,active_ecommerce,shopify,True,,3,True,github_gist
inspiredgifts.myshopify.com,active_ecommerce,shopify,True,,3,True,github_gist
inspiredhome.myshopify.com,active_ecommerce,shopify,True,,3,True,github_gist
inspiringroots.myshopify.com,active_ecommerce,shopify,True,,3,True,github_gist
instantlang.myshopify.com,active_ecommerce,shopify,True,,3,True,github_gist
instantpro.myshopify.com,active_ecommerce,shopify,True,,3,True,github_gist
instylez.myshopify.com,active_ecommerce,shopify,True,,3,True,github_gist
integrityinvestments.myshopify.com,active_ecommerce,shopify,True,,3,True,github_gist
intelligentspine.myshopify.com,active_ecommerce,shopify,True,,3,True,github_gist
intellix.myshopify.com,active_ecommerce,shopify,True,,3,True,github_gist
intensivedesign.myshopify.com,active_ecommerce,shopify,True,,3,True,github_gist
intentandoprobar.myshopify.com,active_ecommerce,shopify,True,,3,True,github_gist
interestingfinds.myshopify.com,active_ecommerce,shopify,True,,3,True,github_gist
interface-medien.myshopify.com,active_ecommerce,shopify,True,,3,True,github_gist
interiortees.myshopify.com,active_ecommerce,shopify,True,,3,True,github_gist
intermediary.myshopify.com,active_ecommerce,shopify,True,,3,True,github_gist
internationadogshows.myshopify.com,active_ecommerce,shopify,True,,3,True,github_gist
internetvard.myshopify.com,active_ecommerce,shopify,True,,3,True,github_gist
internetware.myshopify.com,active_ecommerce,shopify,True,,3,True,github_gist
intertfeis.myshopify.com,active_ecommerce,shopify,True,,3,True,github_gist
interunix.myshopify.com,active_ecommerce,shopify,True,,3,True,github_gist
inthepink.myshopify.com,active_ecommerce,shopify,True,,3,True,github_gist
inthismatrix.myshopify.com,active_ecommerce,shopify,True,,3,True,github_gist
intimaclaudia.myshopify.com,active_ecommerce,shopify,True,,3,True,github_gist
intimefantasie.myshopify.com,active_ecommerce,shopify,True,,3,True,github_gist
intlvac.myshopify.com,active_ecommerce,shopify,True,,3,True,github_gist
intoit.myshopify.com,active_ecommerce,shopify,True,,3,True,github_gist
intoria.myshopify.com,active_ecommerce,shopify,True,,3,True,github_gist
intpl.myshopify.com,active_ecommerce,shopify,True,,3,True,github_gist
invasion.myshopify.com,active_ecommerce,shopify,True,,3,True,github_gist
invent.myshopify.com,active_ecommerce,shopify,True,,3,True,github_gist
inventis.myshopify.com,active_ecommerce,shopify,True,,3,True,github_gist
inverurie.myshopify.com,active_ecommerce,shopify,True,,3,True,github_gist
investing.myshopify.com,active_ecommerce,shopify,True,,3,True,github_gist
invisibobble-test.myshopify.com,active_ecommerce,shopify,True,,3,True,github_gist
invitations.myshopify.com,active_ecommerce,shopify,True,,3,True,github_gist
invobot.myshopify.com,active_ecommerce,shopify,True,,3,True,github_gist
iokese.myshopify.com,active_ecommerce,shopify,True,,3,True,github_gist
iokf.myshopify.com,active_ecommerce,shopify,True,,3,True,github_gist
ionins.myshopify.com,active_ecommerce,shopify,True,,3,True,github_gist
ionutz.myshopify.com,active_ecommerce,shopify,True,,3,True,github_gist
ip2698.myshopify.com,active_ecommerce,shopify,True,,3,True,github_gist
ipcola.myshopify.com,active_ecommerce,shopify,True,,3,True,github_gist
ipernet.myshopify.com,active_ecommerce,shopify,True,,3,True,github_gist
iperqq.myshopify.com,active_ecommerce,shopify,True,,3,True,github_gist
ipgf.myshopify.com,active_ecommerce,shopify,True,,3,True,github_gist
ipink.myshopify.com,active_ecommerce,shopify,True,,3,True,github_gist
ipmtech.myshopify.com,active_ecommerce,shopify,True,,3,True,github_gist
ipodmania.myshopify.com,active_ecommerce,shopify,True,,3,True,github_gist
ipods.myshopify.com,active_ecommerce,shopify,True,,3,True,github_gist
ipodspeakers.myshopify.com,active_ecommerce,shopify,True,,3,True,github_gist
ipodstore.myshopify.com,active_ecommerce,shopify,True,,3,True,github_gist
iran.myshopify.com,active_ecommerce,shopify,True,,3,True,github_gist
iranian.myshopify.com,active_ecommerce,shopify,True,,3,True,github_gist
iridosity.myshopify.com,active_ecommerce,shopify,True,,3,True,github_gist
irishmike.myshopify.com,active_ecommerce,shopify,True,,3,True,github_gist
iroko.myshopify.com,active_ecommerce,shopify,True,,3,True,github_gist
ironman.myshopify.com,active_ecommerce,shopify,True,,3,True,github_gist
ironmantis.myshopify.com,active_ecommerce,shopify,True,,3,True,github_gist
ironmind.myshopify.com,active_ecommerce,shopify,True,,3,True,github_gist
ironrose.myshopify.com,active_ecommerce,shopify,True,,3,True,github_gist
iroomservice.myshopify.com,active_ecommerce,shopify,True,,3,True,github_gist
iroyallyscrewedup.myshopify.com,active_ecommerce,shopify,True,,3,True,github_gist
irvington.myshopify.com,active_ecommerce,shopify,True,,3,True,github_gist
isee.myshopify.com,active_ecommerce,shopify,True,,3,True,github_gist
isemann.myshopify.com,active_ecommerce,shopify,True,,3,True,github_gist
isesame.myshopify.com,active_ecommerce,shopify,True,,3,True,github_gist
ishida.myshopify.com,active_ecommerce,shopify,True,,3,True,github_gist
ishoppantelleria.myshopify.com,active_ecommerce,shopify,True,,3,True,github_gist
isimple.myshopify.com,active_ecommerce,shopify,True,,3,True,github_gist
iskandar.myshopify.com,active_ecommerce,shopify,True,,3,True,github_gist
islam.myshopify.com,active_ecommerce,shopify,True,,3,True,github_gist
islamicbookshop.myshopify.com,active_ecommerce,shopify,True,,3,True,github_gist
islamicitems.myshopify.com,active_ecommerce,shopify,True,,3,True,github_gist
islandclimbing.myshopify.com,active_ecommerce,shopify,True,,3,True,github_gist
islandexpress.myshopify.com,active_ecommerce,shopify,True,,3,True,github_gist
islandthoughts.myshopify.com,active_ecommerce,shopify,True,,3,True,github_gist
islasoft.myshopify.com,active_ecommerce,shopify,True,,3,True,github_gist
iso9001.myshopify.com,active_ecommerce,shopify,True,,3,True,github_gist
israel.myshopify.com,active_ecommerce,shopify,True,,3,True,github_gist
israhelp.myshopify.com,active_ecommerce,shopify,True,,3,True,github_gist
istep.myshopify.com,active_ecommerce,shopify,True,,3,True,github_gist
istudiotest.myshopify.com,active_ecommerce,shopify,True,,3,True,github_gist
it1337.myshopify.com,active_ecommerce,shopify,True,,3,True,github_gist
italiancopper.myshopify.com,active_ecommerce,shopify,True,,3,True,github_gist
italianfood.myshopify.com,active_ecommerce,shopify,True,,3,True,github_gist
italiangoodies.myshopify.com,active_ecommerce,shopify,True,,3,True,github_gist
italtrade.myshopify.com,active_ecommerce,shopify,True,,3,True,github_gist
italtrading.myshopify.com,active_ecommerce,shopify,True,,3,True,github_gist
italy.myshopify.com,active_ecommerce,shopify,True,,3,True,github_gist
italyestate.myshopify.com,active_ecommerce,shopify,True,,3,True,github_gist
italyinfashion.myshopify.com,active_ecommerce,shopify,True,,3,True,github_gist
itchycloud.myshopify.com,active_ecommerce,shopify,True,,3,True,github_gist
itest.myshopify.com,active_ecommerce,shopify,True,,3,True,github_gist
itmsoulstar.myshopify.com,active_ecommerce,shopify,True,,3,True,github_gist
itproduct.myshopify.com,active_ecommerce,shopify,True,,3,True,github_gist
itpusc.myshopify.com,active_ecommerce,shopify,True,,3,True,github_gist
itscalled.myshopify.com,active_ecommerce,shopify,True,,3,True,github_gist
itscheap.myshopify.com,active_ecommerce,shopify,True,,3,True,github_gist
itsinthebag.myshopify.com,active_ecommerce,shopify,True,,3,True,github_gist
itsmedia.myshopify.com,active_ecommerce,shopify,True,,3,True,github_gist
itsrich.myshopify.com,active_ecommerce,shopify,True,,3,True,github_gist
itsryan.myshopify.com,active_ecommerce,shopify,True,,3,True,github_gist
itstation.myshopify.com,active_ecommerce,shopify,True,,3,True,github_gist
itstuff.myshopify.com,active_ecommerce,shopify,True,,3,True,github_gist
itsybitsybows.myshopify.com,active_ecommerce,shopify,True,,3,True,github_gist
ittybittygarden.myshopify.com,active_ecommerce,shopify,True,,3,True,github_gist
ituloyangsulong.myshopify.com,active_ecommerce,shopify,True,,3,True,github_gist
itunes.myshopify.com,active_ecommerce,shopify,True,,3,True,github_gist
itzy.myshopify.com,active_ecommerce,shopify,True,,3,True,github_gist
ivan.myshopify.com,active_ecommerce,shopify,True,,3,True,github_gist
ivanbone.myshopify.com,active_ecommerce,shopify,True,,3,True,github_gist
ivansek.myshopify.com,active_ecommerce,shopify,True,,3,True,github_gist
ivantest.myshopify.com,active_ecommerce,shopify,True,,3,True,github_gist
ivobg.myshopify.com,active_ecommerce,shopify,True,,3,True,github_gist
ivolga.myshopify.com,active_ecommerce,shopify,True,,3,True,github_gist
iwaffles.myshopify.com,active_ecommerce,shopify,True,,3,True,github_gist
iwantitnow.myshopify.com,active_ecommerce,shopify,True,,3,True,github_gist
iwine.myshopify.com,active_ecommerce,shopify,True,,3,True,github_gist
iwtech.myshopify.com,active_ecommerce,shopify,True,,3,True,github_gist
izadra.myshopify.com,active_ecommerce,shopify,True,,3,True,github_gist
izip.myshopify.com,active_ecommerce,shopify,True,,3,True,github_gist
izopizo.myshopify.com,active_ecommerce,shopify,True,,3,True,github_gist
izzypos.myshopify.com,active_ecommerce,shopify,True,,3,True,github_gist
jab-bid.myshopify.com,active_ecommerce,shopify,True,,3,True,github_gist
jabababa.myshopify.com,active_ecommerce,shopify,True,,3,True,github_gist
jack.myshopify.com,active_ecommerce,shopify,True,,3,True,github_gist
jackaroo.myshopify.com,active_ecommerce,shopify,True,,3,True,github_gist
jackass.myshopify.com,active_ecommerce,shopify,True,,3,True,github_gist
jackbaty.myshopify.com,active_ecommerce,shopify,True,,3,True,github_gist
jackhamr.myshopify.com,active_ecommerce,shopify,True,,3,True,github_gist
jackkilledjill.myshopify.com,active_ecommerce,shopify,True,,3,True,github_gist
jackmanmusicexpress.myshopify.com,active_ecommerce,shopify,True,,3,True,github_gist
jacks.myshopify.com,active_ecommerce,shopify,True,,3,True,github_gist
jackslawnmowing.myshopify.com,active_ecommerce,shopify,True,,3,True,github_gist
jacksmusiclab.myshopify.com,active_ecommerce,shopify,True,,3,True,github_gist
jacksonhole.myshopify.com,active_ecommerce,shopify,True,,3,True,github_gist
jacobsshop.myshopify.com,active_ecommerce,shopify,True,,3,True,github_gist
jacou.myshopify.com,active_ecommerce,shopify,True,,3,True,github_gist
jaded.myshopify.com,active_ecommerce,shopify,True,,3,True,github_gist
jadedpixelexample.myshopify.com,active_ecommerce,shopify,True,,3,True,github_gist
jagshop.myshopify.com,active_ecommerce,shopify,True,,3,True,github_gist
jaguar.myshopify.com,active_ecommerce,shopify,True,,3,True,github_gist
jaime.myshopify.com,active_ecommerce,shopify,True,,3,True,github_gist
jain.myshopify.com,active_ecommerce,shopify,True,,3,True,github_gist
jajka.myshopify.com,active_ecommerce,shopify,True,,3,True,github_gist
jakesshop.myshopify.com,active_ecommerce,shopify,True,,3,True,github_gist
jakessnakes.myshopify.com,active_ecommerce,shopify,True,,3,True,github_gist
jakewalker.myshopify.com,active_ecommerce,shopify,True,,3,True,github_gist
jalfreezi.myshopify.com,active_ecommerce,shopify,True,,3,True,github_gist
jalima.myshopify.com,active_ecommerce,shopify,True,,3,True,github_gist
jamba.myshopify.com,active_ecommerce,shopify,True,,3,True,github_gist
jamboo.myshopify.com,active_ecommerce,shopify,True,,3,True,github_gist
james.myshopify.com,active_ecommerce,shopify,True,,3,True,github_gist
jamescoleman.myshopify.com,active_ecommerce,shopify,True,,3,True,github_gist
jamesdurney.myshopify.com,active_ecommerce,shopify,True,,3,True,github_gist
jameshall.myshopify.com,active_ecommerce,shopify,True,,3,True,github_gist
jamesjohnston.myshopify.com,active_ecommerce,shopify,True,,3,True,github_gist
jameswolfebooks.myshopify.com,active_ecommerce,shopify,True,,3,True,github_gist
jamesyoung.myshopify.com,active_ecommerce,shopify,True,,3,True,github_gist
jamiesstuff.myshopify.com,active_ecommerce,shopify,True,,3,True,github_gist
jamshop.myshopify.com,active_ecommerce,shopify,True,,3,True,github_gist
janalai.myshopify.com,active_ecommerce,shopify,True,,3,True,github_gist
janata.myshopify.com,active_ecommerce,shopify,True,,3,True,github_gist
jandk.myshopify.com,active_ecommerce,shopify,True,,3,True,github_gist
jandt.myshopify.com,active_ecommerce,shopify,True,,3,True,github_gist
janearlgarcia.myshopify.com,active_ecommerce,shopify,True,,3,True,github_gist
jangutuzine.myshopify.com,active_ecommerce,shopify,True,,3,True,github_gist
jankowski.myshopify.com,active_ecommerce,shopify,True,,3,True,github_gist
janmadedesigns.myshopify.com,active_ecommerce,shopify,True,,3,True,github_gist
japan.myshopify.com,active_ecommerce,shopify,True,,3,True,github_gist
japanesegoods.myshopify.com,active_ecommerce,shopify,True,,3,True,github_gist
japanproducts.myshopify.com,active_ecommerce,shopify,True,,3,True,github_gist
japanskateshopab.myshopify.com,active_ecommerce,shopify,True,,3,True,github_gist
jardel.myshopify.com,active_ecommerce,shopify,True,,3,True,github_gist
jaredwallace.myshopify.com,active_ecommerce,shopify,True,,3,True,github_gist
jarredbishop.myshopify.com,active_ecommerce,shopify,True,,3,True,github_gist
jarrysporker2.myshopify.com,active_ecommerce,shopify,True,,3,True,github_gist
jas9.myshopify.com,active_ecommerce,shopify,True,,3,True,github_gist
jason.myshopify.com,active_ecommerce,shopify,True,,3,True,github_gist
jasonong.myshopify.com,active_ecommerce,shopify,True,,3,True,github_gist
jasonsgarage.myshopify.com,active_ecommerce,shopify,True,,3,True,github_gist
jather.myshopify.com,active_ecommerce,shopify,True,,3,True,github_gist
jattstore.myshopify.com,active_ecommerce,shopify,True,,3,True,github_gist
jaustin.myshopify.com,active_ecommerce,shopify,True,,3,True,github_gist
java.myshopify.com,active_ecommerce,shopify,True,,3,True,github_gist
javadeals.myshopify.com,active_ecommerce,shopify,True,,3,True,github_gist
javagiantcoffee.myshopify.com,active_ecommerce,shopify,True,,3,True,github_gist
javan.myshopify.com,active_ecommerce,shopify,True,,3,True,github_gist
jaydencollections.myshopify.com,active_ecommerce,shopify,True,,3,True,github_gist
jayp.myshopify.com,active_ecommerce,shopify,True,,3,True,github_gist
jaysports.myshopify.com,active_ecommerce,shopify,True,,3,True,github_gist
jaywesler.myshopify.com,active_ecommerce,shopify,True,,3,True,github_gist
jazer.myshopify.com,active_ecommerce,shopify,True,,3,True,github_gist
jazper.myshopify.com,active_ecommerce,shopify,True,,3,True,github_gist
jazzynotions.myshopify.com,active_ecommerce,shopify,True,,3,True,github_gist
jbekkema.myshopify.com,active_ecommerce,shopify,True,,3,True,github_gist
jbjdojo.myshopify.com,active_ecommerce,shopify,True,,3,True,github_gist
jbstuff.myshopify.com,active_ecommerce,shopify,True,,3,True,github_gist
jbuilder.myshopify.com,active_ecommerce,shopify,True,,3,True,github_gist
jbutler.myshopify.com,active_ecommerce,shopify,True,,3,True,github_gist
jcdu6-7.myshopify.com,active_ecommerce,shopify,True,,3,True,github_gist
jcgonline.myshopify.com,active_ecommerce,shopify,True,,3,True,github_gist
jdel.myshopify.com,active_ecommerce,shopify,True,,3,True,github_gist
jdstore.myshopify.com,active_ecommerce,shopify,True,,3,True,github_gist
jdware.myshopify.com,active_ecommerce,shopify,True,,3,True,github_gist
jealpha1.myshopify.com,active_ecommerce,shopify,True,,3,True,github_gist
jeanne.myshopify.com,active_ecommerce,shopify,True,,3,True,github_gist
jeannes.myshopify.com,active_ecommerce,shopify,True,,3,True,github_gist
jeannie.myshopify.com,active_ecommerce,shopify,True,,3,True,github_gist
jeanniesbazaar.myshopify.com,active_ecommerce,shopify,True,,3,True,github_gist
jeavus.myshopify.com,active_ecommerce,shopify,True,,3,True,github_gist
jedsjewelry.myshopify.com,active_ecommerce,shopify,True,,3,True,github_gist
jeep.myshopify.com,active_ecommerce,shopify,True,,3,True,github_gist
jeepster.myshopify.com,active_ecommerce,shopify,True,,3,True,github_gist
jeezcards.myshopify.com,active_ecommerce,shopify,True,,3,True,github_gist
jeffharris.myshopify.com,active_ecommerce,shopify,True,,3,True,github_gist
jeffkirkland.myshopify.com,active_ecommerce,shopify,True,,3,True,github_gist
jefflam.myshopify.com,active_ecommerce,shopify,True,,3,True,github_gist
jeffrichardslive.myshopify.com,active_ecommerce,shopify,True,,3,True,github_gist
jeffs.myshopify.com,active_ecommerce,shopify,True,,3,True,github_gist
jeffsmith.myshopify.com,active_ecommerce,shopify,True,,3,True,github_gist
jeffstest.myshopify.com,active_ecommerce,shopify,True,,3,True,github_gist
jegoo.myshopify.com,active_ecommerce,shopify,True,,3,True,github_gist
jehanesjewels.myshopify.com,active_ecommerce,shopify,True,,3,True,github_gist
jelena.myshopify.com,active_ecommerce,shopify,True,,3,True,github_gist
jelly.myshopify.com,active_ecommerce,shopify,True,,3,True,github_gist
jemz.myshopify.com,active_ecommerce,shopify,True,,3,True,github_gist
jendrik.myshopify.com,active_ecommerce,shopify,True,,3,True,github_gist
jennedwardsdesigns.myshopify.com,active_ecommerce,shopify,True,,3,True,github_gist
jennibowlinstudio.myshopify.com,active_ecommerce,shopify,True,,3,True,github_gist
jenniemcguire.myshopify.com,active_ecommerce,shopify,True,,3,True,github_gist
jennifer.myshopify.com,active_ecommerce,shopify,True,,3,True,github_gist
jenny.myshopify.com,active_ecommerce,shopify,True,,3,True,github_gist
jennycu.myshopify.com,active_ecommerce,shopify,True,,3,True,github_gist
jennyshouseofbling.myshopify.com,active_ecommerce,shopify,True,,3,True,github_gist
jeremy.myshopify.com,active_ecommerce,shopify,True,,3,True,github_gist
jerico.myshopify.com,active_ecommerce,shopify,True,,3,True,github_gist
jeromeshop.myshopify.com,active_ecommerce,shopify,True,,3,True,github_gist
jerseycamping.myshopify.com,active_ecommerce,shopify,True,,3,True,github_gist
jesse.myshopify.com,active_ecommerce,shopify,True,,3,True,github_gist
jessebc.myshopify.com,active_ecommerce,shopify,True,,3,True,github_gist
jesterworld.myshopify.com,active_ecommerce,shopify,True,,3,True,github_gist
jesusenelaire.myshopify.com,active_ecommerce,shopify,True,,3,True,github_gist
jetfinity.myshopify.com,active_ecommerce,shopify,True,,3,True,github_gist
jeuxsansfaces.myshopify.com,active_ecommerce,shopify,True,,3,True,github_gist
jeuxvideo.myshopify.com,active_ecommerce,shopify,True,,3,True,github_gist
jewel.myshopify.com,active_ecommerce,shopify,True,,3,True,github_gist
jewelery.myshopify.com,active_ecommerce,shopify,True,,3,True,github_gist
jewelleries.myshopify.com,active_ecommerce,shopify,True,,3,True,github_gist
jewellery.myshopify.com,active_ecommerce,shopify,True,,3,True,github_gist
jewelleryio.myshopify.com,active_ecommerce,shopify,True,,3,True,github_gist
jewelmaster.myshopify.com,active_ecommerce,shopify,True,,3,True,github_gist
jewelre.myshopify.com,active_ecommerce,shopify,True,,3,True,github_gist
jewelry.myshopify.com,active_ecommerce,shopify,True,,3,True,github_gist
jewelrybykat.myshopify.com,active_ecommerce,shopify,True,,3,True,github_gist
jewelrybyrobyn.myshopify.com,active_ecommerce,shopify,True,,3,True,github_gist
jewelryfinds.myshopify.com,active_ecommerce,shopify,True,,3,True,github_gist
jewelryworld.myshopify.com,active_ecommerce,shopify,True,,3,True,github_gist
jewels.myshopify.com,active_ecommerce,shopify,True,,3,True,github_gist
jfig.myshopify.com,active_ecommerce,shopify,True,,3,True,github_gist
jgbunsens.myshopify.com,active_ecommerce,shopify,True,,3,True,github_gist
jgcompany.myshopify.com,active_ecommerce,shopify,True,,3,True,github_gist
jgmccutcheon.myshopify.com,active_ecommerce,shopify,True,,3,True,github_gist
jgohil.myshopify.com,active_ecommerce,shopify,True,,3,True,github_gist
jgsjewelry.myshopify.com,active_ecommerce,shopify,True,,3,True,github_gist
jh-shop.myshopify.com,active_ecommerce,shopify,True,,3,True,github_gist
jhammock.myshopify.com,active_ecommerce,shopify,True,,3,True,github_gist
jiap.myshopify.com,active_ecommerce,shopify,True,,3,True,github_gist
jibhuntwholesale.myshopify.com,active_ecommerce,shopify,True,,3,True,github_gist
jigar.myshopify.com,active_ecommerce,shopify,True,,3,True,github_gist
jillprescott.myshopify.com,active_ecommerce,shopify,True,,3,True,github_gist
jills.myshopify.com,active_ecommerce,shopify,True,,3,True,github_gist
jimbos.myshopify.com,active_ecommerce,shopify,True,,3,True,github_gist
jimmiejo.myshopify.com,active_ecommerce,shopify,True,,3,True,github_gist
jimmjoe.myshopify.com,active_ecommerce,shopify,True,,3,True,github_gist
jimmy.myshopify.com,active_ecommerce,shopify,True,,3,True,github_gist
jims.myshopify.com,active_ecommerce,shopify,True,,3,True,github_gist
jimsgarage.myshopify.com,active_ecommerce,shopify,True,,3,True,github_gist
jimsmart.myshopify.com,active_ecommerce,shopify,True,,3,True,github_gist
jimstest.myshopify.com,active_ecommerce,shopify,True,,3,True,github_gist
jina.myshopify.com,active_ecommerce,shopify,True,,3,True,github_gist
jivko.myshopify.com,active_ecommerce,shopify,True,,3,True,github_gist
jizzypop.myshopify.com,active_ecommerce,shopify,True,,3,True,github_gist
jj05.myshopify.com,active_ecommerce,shopify,True,,3,True,github_gist
jjjj.myshopify.com,active_ecommerce,shopify,True,,3,True,github_gist
jjoaquim.myshopify.com,active_ecommerce,shopify,True,,3,True,github_gist
jjprogear.myshopify.com,active_ecommerce,shopify,True,,3,True,github_gist
jjsstuff.myshopify.com,active_ecommerce,shopify,True,,3,True,github_gist
jkap.myshopify.com,active_ecommerce,shopify,True,,3,True,github_gist
jkjkjkj.myshopify.com,active_ecommerce,shopify,True,,3,True,github_gist
jklwoodart.myshopify.com,active_ecommerce,shopify,True,,3,True,github_gist
jknmedia.myshopify.com,active_ecommerce,shopify,True,,3,True,github_gist
jkstores.myshopify.com,active_ecommerce,shopify,True,,3,True,github_gist
jlolox.myshopify.com,active_ecommerce,shopify,True,,3,True,github_gist
jlsmith.myshopify.com,active_ecommerce,shopify,True,,3,True,github_gist
jluc-tshirt.myshopify.com,active_ecommerce,shopify,True,,3,True,github_gist
jmacaulay.myshopify.com,active_ecommerce,shopify,True,,3,True,github_gist
jmagiftsandnovelties.myshopify.com,active_ecommerce,shopify,True,,3,True,github_gist
jmanland.myshopify.com,active_ecommerce,shopify,True,,3,True,github_gist
jmaskell.myshopify.com,active_ecommerce,shopify,True,,3,True,github_gist
jmdelafont.myshopify.com,active_ecommerce,shopify,True,,3,True,github_gist
jmsps.myshopify.com,active_ecommerce,shopify,True,,3,True,github_gist
joaks.myshopify.com,active_ecommerce,shopify,True,,3,True,github_gist
joanne.myshopify.com,active_ecommerce,shopify,True,,3,True,github_gist
jobworkout.myshopify.com,active_ecommerce,shopify,True,,3,True,github_gist
jocasta.myshopify.com,active_ecommerce,shopify,True,,3,True,github_gist
jochenheym.myshopify.com,active_ecommerce,shopify,True,,3,True,github_gist
jockg.myshopify.com,active_ecommerce,shopify,True,,3,True,github_gist
jodireeves.myshopify.com,active_ecommerce,shopify,True,,3,True,github_gist
joebob.myshopify.com,active_ecommerce,shopify,True,,3,True,github_gist
joecode.myshopify.com,active_ecommerce,shopify,True,,3,True,github_gist
joeface.myshopify.com,active_ecommerce,shopify,True,,3,True,github_gist
joelshop.myshopify.com,active_ecommerce,shopify,True,,3,True,github_gist
joep.myshopify.com,active_ecommerce,shopify,True,,3,True,github_gist
joes.myshopify.com,active_ecommerce,shopify,True,,3,True,github_gist
joesmith.myshopify.com,active_ecommerce,shopify,True,,3,True,github_gist
joesparts.myshopify.com,active_ecommerce,shopify,True,,3,True,github_gist
joesspot.myshopify.com,active_ecommerce,shopify,True,,3,True,github_gist
joestore.myshopify.com,active_ecommerce,shopify,True,,3,True,github_gist
joevandyk.myshopify.com,active_ecommerce,shopify,True,,3,True,github_gist
joeymarchy.myshopify.com,active_ecommerce,shopify,True,,3,True,github_gist
jofan.myshopify.com,active_ecommerce,shopify,True,,3,True,github_gist
jofeel.myshopify.com,active_ecommerce,shopify,True,,3,True,github_gist
johan.myshopify.com,active_ecommerce,shopify,True,,3,True,github_gist
johansessentials.myshopify.com,active_ecommerce,shopify,True,,3,True,github_gist
johansoft.myshopify.com,active_ecommerce,shopify,True,,3,True,github_gist
john.myshopify.com,active_ecommerce,shopify,True,,3,True,github_gist
john57.myshopify.com,active_ecommerce,shopify,True,,3,True,github_gist
johnbiz.myshopify.com,active_ecommerce,shopify,True,,3,True,github_gist
johnc8117.myshopify.com,active_ecommerce,shopify,True,,3,True,github_gist
johndavids.myshopify.com,active_ecommerce,shopify,True,,3,True,github_gist
johndoe.myshopify.com,active_ecommerce,shopify,True,,3,True,github_gist
johnevons.myshopify.com,active_ecommerce,shopify,True,,3,True,github_gist
johnlarsonphoto.myshopify.com,active_ecommerce,shopify,True,,3,True,github_gist
johnnyelf.myshopify.com,active_ecommerce,shopify,True,,3,True,github_gist
johnnys.myshopify.com,active_ecommerce,shopify,True,,3,True,github_gist
johnnysapparel.myshopify.com,active_ecommerce,shopify,True,,3,True,github_gist
johnsoutboards.myshopify.com,active_ecommerce,shopify,True,,3,True,github_gist
johnsstuff.myshopify.com,active_ecommerce,shopify,True,,3,True,github_gist
johnswatches.myshopify.com,active_ecommerce,shopify,True,,3,True,github_gist
johnwehr.myshopify.com,active_ecommerce,shopify,True,,3,True,github_gist
johnycar.myshopify.com,active_ecommerce,shopify,True,,3,True,github_gist
joker.myshopify.com,active_ecommerce,shopify,True,,3,True,github_gist
jolizi.myshopify.com,active_ecommerce,shopify,True,,3,True,github_gist
jomague.myshopify.com,active_ecommerce,shopify,True,,3,True,github_gist
jombeli.myshopify.com,active_ecommerce,shopify,True,,3,True,github_gist
jon3k.myshopify.com,active_ecommerce,shopify,True,,3,True,github_gist
jonah.myshopify.com,active_ecommerce,shopify,True,,3,True,github_gist
jonathan.myshopify.com,active_ecommerce,shopify,True,,3,True,github_gist
jonbro.myshopify.com,active_ecommerce,shopify,True,,3,True,github_gist
jonesboatyard.myshopify.com,active_ecommerce,shopify,True,,3,True,github_gist
jonmueller.myshopify.com,active_ecommerce,shopify,True,,3,True,github_gist
jonnoriekwel.myshopify.com,active_ecommerce,shopify,True,,3,True,github_gist
jonnysshop.myshopify.com,active_ecommerce,shopify,True,,3,True,github_gist
jono.myshopify.com,active_ecommerce,shopify,True,,3,True,github_gist
jons.myshopify.com,active_ecommerce,shopify,True,,3,True,github_gist
jonstest.myshopify.com,active_ecommerce,shopify,True,,3,True,github_gist
jontest.myshopify.com,active_ecommerce,shopify,True,,3,True,github_gist
joomla.myshopify.com,active_ecommerce,shopify,True,,3,True,github_gist
jordan.myshopify.com,active_ecommerce,shopify,True,,3,True,github_gist
jordans.myshopify.com,active_ecommerce,shopify,True,,3,True,github_gist
jordelver.myshopify.com,active_ecommerce,shopify,True,,3,True,github_gist
jordi.myshopify.com,active_ecommerce,shopify,True,,3,True,github_gist
jorgemir.myshopify.com,active_ecommerce,shopify,True,,3,True,github_gist
jorgeq.myshopify.com,active_ecommerce,shopify,True,,3,True,github_gist
joshbrown.myshopify.com,active_ecommerce,shopify,True,,3,True,github_gist
joshkraemer.myshopify.com,active_ecommerce,shopify,True,,3,True,github_gist
joshr.myshopify.com,active_ecommerce,shopify,True,,3,True,github_gist
joshyd.myshopify.com,active_ecommerce,shopify,True,,3,True,github_gist
josson.myshopify.com,active_ecommerce,shopify,True,,3,True,github_gist
jotm.myshopify.com,active_ecommerce,shopify,True,,3,True,github_gist
jouy.myshopify.com,active_ecommerce,shopify,True,,3,True,github_gist
joyce.myshopify.com,active_ecommerce,shopify,True,,3,True,github_gist
joysell.myshopify.com,active_ecommerce,shopify,True,,3,True,github_gist
jpack8.myshopify.com,active_ecommerce,shopify,True,,3,True,github_gist
jpbx.myshopify.com,active_ecommerce,shopify,True,,3,True,github_gist
jpescada.myshopify.com,active_ecommerce,shopify,True,,3,True,github_gist
jpsowin.myshopify.com,active_ecommerce,shopify,True,,3,True,github_gist
jrdn.myshopify.com,active_ecommerce,shopify,True,,3,True,github_gist
jrojas.myshopify.com,active_ecommerce,shopify,True,,3,True,github_gist
jrvg.myshopify.com,active_ecommerce,shopify,True,,3,True,github_gist
jsahlen.myshopify.com,active_ecommerce,shopify,True,,3,True,github_gist
jsanchod.myshopify.com,active_ecommerce,shopify,True,,3,True,github_gist
jsmolin.myshopify.com,active_ecommerce,shopify,True,,3,True,github_gist
jsnjhyb.myshopify.com,active_ecommerce,shopify,True,,3,True,github_gist
jsulca.myshopify.com,active_ecommerce,shopify,True,,3,True,github_gist
jtestshop.myshopify.com,active_ecommerce,shopify,True,,3,True,github_gist
jtsports.myshopify.com,active_ecommerce,shopify,True,,3,True,github_gist
jttattic.myshopify.com,active_ecommerce,shopify,True,,3,True,github_gist
juan.myshopify.com,active_ecommerce,shopify,True,,3,True,github_gist
juanitomanzana.myshopify.com,active_ecommerce,shopify,True,,3,True,github_gist
juansebastian.myshopify.com,active_ecommerce,shopify,True,,3,True,github_gist
jucarii.myshopify.com,active_ecommerce,shopify,True,,3,True,github_gist
judaica.myshopify.com,active_ecommerce,shopify,True,,3,True,github_gist
juergenseitz.myshopify.com,active_ecommerce,shopify,True,,3,True,github_gist
jugend.myshopify.com,active_ecommerce,shopify,True,,3,True,github_gist
jugetessexuales.myshopify.com,active_ecommerce,shopify,True,,3,True,github_gist
jugglers.myshopify.com,active_ecommerce,shopify,True,,3,True,github_gist
juice10.myshopify.com,active_ecommerce,shopify,True,,3,True,github_gist
juicycouture.myshopify.com,active_ecommerce,shopify,True,,3,True,github_gist
juicyfetish.myshopify.com,active_ecommerce,shopify,True,,3,True,github_gist
julia.myshopify.com,active_ecommerce,shopify,True,,3,True,github_gist
julian.myshopify.com,active_ecommerce,shopify,True,,3,True,github_gist
julianspawn.myshopify.com,active_ecommerce,shopify,True,,3,True,github_gist
julianstore.myshopify.com,active_ecommerce,shopify,True,,3,True,github_gist
julie.myshopify.com,active_ecommerce,shopify,True,,3,True,github_gist
julies.myshopify.com,active_ecommerce,shopify,True,,3,True,github_gist
july.myshopify.com,active_ecommerce,shopify,True,,3,True,github_gist
julyseven.myshopify.com,active_ecommerce,shopify,True,,3,True,github_gist
jump.myshopify.com,active_ecommerce,shopify,True,,3,True,github_gist
jumpingjacks.myshopify.com,active_ecommerce,shopify,True,,3,True,github_gist
junctionbox.myshopify.com,active_ecommerce,shopify,True,,3,True,github_gist
junglee.myshopify.com,active_ecommerce,shopify,True,,3,True,github_gist
jungulshop.myshopify.com,active_ecommerce,shopify,True,,3,True,github_gist
junior.myshopify.com,active_ecommerce,shopify,True,,3,True,github_gist
junk.myshopify.com,active_ecommerce,shopify,True,,3,True,github_gist
junkbox.myshopify.com,active_ecommerce,shopify,True,,3,True,github_gist
junkytees.myshopify.com,active_ecommerce,shopify,True,,3,True,github_gist
jupiterkrush.myshopify.com,active_ecommerce,shopify,True,,3,True,github_gist
juretta.myshopify.com,active_ecommerce,shopify,True,,3,True,github_gist
jurjens.myshopify.com,active_ecommerce,shopify,True,,3,True,github_gist
just-earrings.myshopify.com,active_ecommerce,shopify,True,,3,True,github_gist
just.myshopify.com,active_ecommerce,shopify,True,,3,True,github_gist
justamemo.myshopify.com,active_ecommerce,shopify,True,,3,True,github_gist
justatest.myshopify.com,active_ecommerce,shopify,True,,3,True,github_gist
justbooks.myshopify.com,active_ecommerce,shopify,True,,3,True,github_gist
justcoolstuff.myshopify.com,active_ecommerce,shopify,True,,3,True,github_gist
justhoodies.myshopify.com,active_ecommerce,shopify,True,,3,True,github_gist
justlooking.myshopify.com,active_ecommerce,shopify,True,,3,True,github_gist
justpaper.myshopify.com,active_ecommerce,shopify,True,,3,True,github_gist
justphocus.myshopify.com,active_ecommerce,shopify,True,,3,True,github_gist
justpolos.myshopify.com,active_ecommerce,shopify,True,,3,True,github_gist
justrelief.myshopify.com,active_ecommerce,shopify,True,,3,True,github_gist
justright.myshopify.com,active_ecommerce,shopify,True,,3,True,github_gist
justroses.myshopify.com,active_ecommerce,shopify,True,,3,True,github_gist
juststrings.myshopify.com,active_ecommerce,shopify,True,,3,True,github_gist
justtest.myshopify.com,active_ecommerce,shopify,True,,3,True,github_gist
juvu.myshopify.com,active_ecommerce,shopify,True,,3,True,github_gist
jzendesign.myshopify.com,active_ecommerce,shopify,True,,3,True,github_gist
kabbalah.myshopify.com,active_ecommerce,shopify,True,,3,True,github_gist
kabils.myshopify.com,active_ecommerce,shopify,True,,3,True,github_gist
kadorablebags.myshopify.com,active_ecommerce,shopify,True,,3,True,github_gist
kafe.myshopify.com,active_ecommerce,shopify,True,,3,True,github_gist
kaffass.myshopify.com,active_ecommerce,shopify,True,,3,True,github_gist
kaffe.myshopify.com,active_ecommerce,shopify,True,,3,True,github_gist
kahlo.myshopify.com,active_ecommerce,shopify,True,,3,True,github_gist
kaisjewels.myshopify.com,active_ecommerce,shopify,True,,3,True,github_gist
kaisjewelsny.myshopify.com,active_ecommerce,shopify,True,,3,True,github_gist
kajan.myshopify.com,active_ecommerce,shopify,True,,3,True,github_gist
kajare.myshopify.com,active_ecommerce,shopify,True,,3,True,github_gist
kaka.myshopify.com,active_ecommerce,shopify,True,,3,True,github_gist
kakoky.myshopify.com,active_ecommerce,shopify,True,,3,True,github_gist
kalafior.myshopify.com,active_ecommerce,shopify,True,,3,True,github_gist
kaldbrus.myshopify.com,active_ecommerce,shopify,True,,3,True,github_gist
kalon.myshopify.com,active_ecommerce,shopify,True,,3,True,github_gist
kalyani.myshopify.com,active_ecommerce,shopify,True,,3,True,github_gist
kamalaspa.myshopify.com,active_ecommerce,shopify,True,,3,True,github_gist
kampaamo.myshopify.com,active_ecommerce,shopify,True,,3,True,github_gist
kamykaze.myshopify.com,active_ecommerce,shopify,True,,3,True,github_gist
kancy.myshopify.com,active_ecommerce,shopify,True,,3,True,github_gist
kandela.myshopify.com,active_ecommerce,shopify,True,,3,True,github_gist
kang.myshopify.com,active_ecommerce,shopify,True,,3,True,github_gist
kangababyslings.myshopify.com,active_ecommerce,shopify,True,,3,True,github_gist
kanjistore.myshopify.com,active_ecommerce,shopify,True,,3,True,github_gist
kantei.myshopify.com,active_ecommerce,shopify,True,,3,True,github_gist
karaoke.myshopify.com,active_ecommerce,shopify,True,,3,True,github_gist
kareem.myshopify.com,active_ecommerce,shopify,True,,3,True,github_gist
karens-studio.myshopify.com,active_ecommerce,shopify,True,,3,True,github_gist
karibu.myshopify.com,active_ecommerce,shopify,True,,3,True,github_gist
karibuxtra.myshopify.com,active_ecommerce,shopify,True,,3,True,github_gist
karina.myshopify.com,active_ecommerce,shopify,True,,3,True,github_gist
karinart.myshopify.com,active_ecommerce,shopify,True,,3,True,github_gist
kariradasch.myshopify.com,active_ecommerce,shopify,True,,3,True,github_gist
karlolav.myshopify.com,active_ecommerce,shopify,True,,3,True,github_gist
karmahydro.myshopify.com,active_ecommerce,shopify,True,,3,True,github_gist
karnqu.myshopify.com,active_ecommerce,shopify,True,,3,True,github_gist
kartik.myshopify.com,active_ecommerce,shopify,True,,3,True,github_gist
karules.myshopify.com,active_ecommerce,shopify,True,,3,True,github_gist
kasikani.myshopify.com,active_ecommerce,shopify,True,,3,True,github_gist
kasnshopping.myshopify.com,active_ecommerce,shopify,True,,3,True,github_gist
katalyst.myshopify.com,active_ecommerce,shopify,True,,3,True,github_gist
kateandlars.myshopify.com,active_ecommerce,shopify,True,,3,True,github_gist
kathy.myshopify.com,active_ecommerce,shopify,True,,3,True,github_gist
katie.myshopify.com,active_ecommerce,shopify,True,,3,True,github_gist
katomato.myshopify.com,active_ecommerce,shopify,True,,3,True,github_gist
kattaryna.myshopify.com,active_ecommerce,shopify,True,,3,True,github_gist
katwalk.myshopify.com,active_ecommerce,shopify,True,,3,True,github_gist
kaukasus.myshopify.com,active_ecommerce,shopify,True,,3,True,github_gist
kawabonga.myshopify.com,active_ecommerce,shopify,True,,3,True,github_gist
kazi.myshopify.com,active_ecommerce,shopify,True,,3,True,github_gist
kazyaka.myshopify.com,active_ecommerce,shopify,True,,3,True,github_gist
kbenterprises.myshopify.com,active_ecommerce,shopify,True,,3,True,github_gist
kbxpshop.myshopify.com,active_ecommerce,shopify,True,,3,True,github_gist
kcifkram.myshopify.com,active_ecommerce,shopify,True,,3,True,github_gist
kcode.myshopify.com,active_ecommerce,shopify,True,,3,True,github_gist
kcomp.myshopify.com,active_ecommerce,shopify,True,,3,True,github_gist
kcovca.myshopify.com,active_ecommerce,shopify,True,,3,True,github_gist
kcsignatures.myshopify.com,active_ecommerce,shopify,True,,3,True,github_gist
kdepaper.myshopify.com,active_ecommerce,shopify,True,,3,True,github_gist
keane.myshopify.com,active_ecommerce,shopify,True,,3,True,github_gist
keaneu.myshopify.com,active_ecommerce,shopify,True,,3,True,github_gist
keen.myshopify.com,active_ecommerce,shopify,True,,3,True,github_gist
keentools.myshopify.com,active_ecommerce,shopify,True,,3,True,github_gist
keepers.myshopify.com,active_ecommerce,shopify,True,,3,True,github_gist
kekere.myshopify.com,active_ecommerce,shopify,True,,3,True,github_gist
kellyjeanne.myshopify.com,active_ecommerce,shopify,True,,3,True,github_gist
kellystoasters.myshopify.com,active_ecommerce,shopify,True,,3,True,github_gist
kelticimage.myshopify.com,active_ecommerce,shopify,True,,3,True,github_gist
kemo.myshopify.com,active_ecommerce,shopify,True,,3,True,github_gist
kempleton.myshopify.com,active_ecommerce,shopify,True,,3,True,github_gist
kenbeef.myshopify.com,active_ecommerce,shopify,True,,3,True,github_gist
kennedykids.myshopify.com,active_ecommerce,shopify,True,,3,True,github_gist
kennethyau.myshopify.com,active_ecommerce,shopify,True,,3,True,github_gist
kenny.myshopify.com,active_ecommerce,shopify,True,,3,True,github_gist
kenpo.myshopify.com,active_ecommerce,shopify,True,,3,True,github_gist
kens.myshopify.com,active_ecommerce,shopify,True,,3,True,github_gist
keralaonline.myshopify.com,active_ecommerce,shopify,True,,3,True,github_gist
keramisk.myshopify.com,active_ecommerce,shopify,True,,3,True,github_gist
ketantoystore.myshopify.com,active_ecommerce,shopify,True,,3,True,github_gist
ketify.myshopify.com,active_ecommerce,shopify,True,,3,True,github_gist
kettendesign.myshopify.com,active_ecommerce,shopify,True,,3,True,github_gist
kevin.myshopify.com,active_ecommerce,shopify,True,,3,True,github_gist
kevinhartrum.myshopify.com,active_ecommerce,shopify,True,,3,True,github_gist
kevinleary.myshopify.com,active_ecommerce,shopify,True,,3,True,github_gist
kevinleeday.myshopify.com,active_ecommerce,shopify,True,,3,True,github_gist
kevinmenzie.myshopify.com,active_ecommerce,shopify,True,,3,True,github_gist
kevinmulliganart.myshopify.com,active_ecommerce,shopify,True,,3,True,github_gist
keyar.myshopify.com,active_ecommerce,shopify,True,,3,True,github_gist
keyboard.myshopify.com,active_ecommerce,shopify,True,,3,True,github_gist
keyboards.myshopify.com,active_ecommerce,shopify,True,,3,True,github_gist
keymissing.myshopify.com,active_ecommerce,shopify,True,,3,True,github_gist
kfm2.myshopify.com,active_ecommerce,shopify,True,,3,True,github_gist
kgpwebshop.myshopify.com,active_ecommerce,shopify,True,,3,True,github_gist
khoastyle.myshopify.com,active_ecommerce,shopify,True,,3,True,github_gist
khosto.myshopify.com,active_ecommerce,shopify,True,,3,True,github_gist
khromesmith.myshopify.com,active_ecommerce,shopify,True,,3,True,github_gist
kickaround.myshopify.com,active_ecommerce,shopify,True,,3,True,github_gist
kicoo.myshopify.com,active_ecommerce,shopify,True,,3,True,github_gist
kid80.myshopify.com,active_ecommerce,shopify,True,,3,True,github_gist
kidcarpet.myshopify.com,active_ecommerce,shopify,True,,3,True,github_gist
kidlang.myshopify.com,active_ecommerce,shopify,True,,3,True,github_gist
kidriverstudio.myshopify.com,active_ecommerce,shopify,True,,3,True,github_gist
kids.myshopify.com,active_ecommerce,shopify,True,,3,True,github_gist
kidsandpetsfurniture.myshopify.com,active_ecommerce,shopify,True,,3,True,github_gist
kidsfaces.myshopify.com,active_ecommerce,shopify,True,,3,True,github_gist
kievstar.myshopify.com,active_ecommerce,shopify,True,,3,True,github_gist
kikiroux.myshopify.com,active_ecommerce,shopify,True,,3,True,github_gist
kiku.myshopify.com,active_ecommerce,shopify,True,,3,True,github_gist
kill2birds.myshopify.com,active_ecommerce,shopify,True,,3,True,github_gist
killa.myshopify.com,active_ecommerce,shopify,True,,3,True,github_gist
killbot.myshopify.com,active_ecommerce,shopify,True,,3,True,github_gist
killerawesome.myshopify.com,active_ecommerce,shopify,True,,3,True,github_gist
kimmo.myshopify.com,active_ecommerce,shopify,True,,3,True,github_gist
kimura.myshopify.com,active_ecommerce,shopify,True,,3,True,github_gist
kinaree.myshopify.com,active_ecommerce,shopify,True,,3,True,github_gist
kinetiq.myshopify.com,active_ecommerce,shopify,True,,3,True,github_gist
kingbing.myshopify.com,active_ecommerce,shopify,True,,3,True,github_gist
kingdiapers.myshopify.com,active_ecommerce,shopify,True,,3,True,github_gist
kingfills.myshopify.com,active_ecommerce,shopify,True,,3,True,github_gist
kingshop.myshopify.com,active_ecommerce,shopify,True,,3,True,github_gist
kingston.myshopify.com,active_ecommerce,shopify,True,,3,True,github_gist
kinopr.myshopify.com,active_ecommerce,shopify,True,,3,True,github_gist
kinster.myshopify.com,active_ecommerce,shopify,True,,3,True,github_gist
kiran.myshopify.com,active_ecommerce,shopify,True,,3,True,github_gist
kiranwork.myshopify.com,active_ecommerce,shopify,True,,3,True,github_gist
kiricovers.myshopify.com,active_ecommerce,shopify,True,,3,True,github_gist
kirpputori.myshopify.com,active_ecommerce,shopify,True,,3,True,github_gist
kirstenmuenster.myshopify.com,active_ecommerce,shopify,True,,3,True,github_gist
kissme.myshopify.com,active_ecommerce,shopify,True,,3,True,github_gist
kitchen.myshopify.com,active_ecommerce,shopify,True,,3,True,github_gist
kitchenware.myshopify.com,active_ecommerce,shopify,True,,3,True,github_gist
kittenvixen.myshopify.com,active_ecommerce,shopify,True,,3,True,github_gist
kitty.myshopify.com,active_ecommerce,shopify,True,,3,True,github_gist
kittydiddie.myshopify.com,active_ecommerce,shopify,True,,3,True,github_gist
kitwall.myshopify.com,active_ecommerce,shopify,True,,3,True,github_gist
kjephotography.myshopify.com,active_ecommerce,shopify,True,,3,True,github_gist
kkaribu.myshopify.com,active_ecommerce,shopify,True,,3,True,github_gist
klas.myshopify.com,active_ecommerce,shopify,True,,3,True,github_gist
klenotnictvi.myshopify.com,active_ecommerce,shopify,True,,3,True,github_gist
klevo.myshopify.com,active_ecommerce,shopify,True,,3,True,github_gist
klik.myshopify.com,active_ecommerce,shopify,True,,3,True,github_gist
klimatizace.myshopify.com,active_ecommerce,shopify,True,,3,True,github_gist
klodovik.myshopify.com,active_ecommerce,shopify,True,,3,True,github_gist
kloudberry.myshopify.com,active_ecommerce,shopify,True,,3,True,github_gist
kluivers-software.myshopify.com,active_ecommerce,shopify,True,,3,True,github_gist
kmstudios.myshopify.com,active_ecommerce,shopify,True,,3,True,github_gist
knackid-2.myshopify.com,active_ecommerce,shopify,True,,3,True,github_gist
knitter.myshopify.com,active_ecommerce,shopify,True,,3,True,github_gist
knitting.myshopify.com,active_ecommerce,shopify,True,,3,True,github_gist
knobshop.myshopify.com,active_ecommerce,shopify,True,,3,True,github_gist
knott-a-card.myshopify.com,active_ecommerce,shopify,True,,3,True,github_gist
knowledge.myshopify.com,active_ecommerce,shopify,True,,3,True,github_gist
knowledgeinc.myshopify.com,active_ecommerce,shopify,True,,3,True,github_gist
knowmarket.myshopify.com,active_ecommerce,shopify,True,,3,True,github_gist
koala.myshopify.com,active_ecommerce,shopify,True,,3,True,github_gist
koba.myshopify.com,active_ecommerce,shopify,True,,3,True,github_gist
kobewan.myshopify.com,active_ecommerce,shopify,True,,3,True,github_gist
kodel.myshopify.com,active_ecommerce,shopify,True,,3,True,github_gist
kodo.myshopify.com,active_ecommerce,shopify,True,,3,True,github_gist
kodukino.myshopify.com,active_ecommerce,shopify,True,,3,True,github_gist
koerts.myshopify.com,active_ecommerce,shopify,True,,3,True,github_gist
kogleron.myshopify.com,active_ecommerce,shopify,True,,3,True,github_gist
koko.myshopify.com,active_ecommerce,shopify,True,,3,True,github_gist
kokotiny.myshopify.com,active_ecommerce,shopify,True,,3,True,github_gist
kolektiv.myshopify.com,active_ecommerce,shopify,True,,3,True,github_gist
kollektiviti.myshopify.com,active_ecommerce,shopify,True,,3,True,github_gist
kolleske.myshopify.com,active_ecommerce,shopify,True,,3,True,github_gist
komal.myshopify.com,active_ecommerce,shopify,True,,3,True,github_gist
komfortshoes.myshopify.com,active_ecommerce,shopify,True,,3,True,github_gist
konacoffee.myshopify.com,active_ecommerce,shopify,True,,3,True,github_gist
kondro.myshopify.com,active_ecommerce,shopify,True,,3,True,github_gist
kong.myshopify.com,active_ecommerce,shopify,True,,3,True,github_gist
konsole.myshopify.com,active_ecommerce,shopify,True,,3,True,github_gist
konstsajten.myshopify.com,active_ecommerce,shopify,True,,3,True,github_gist
kontakt.myshopify.com,active_ecommerce,shopify,True,,3,True,github_gist
kontaktlinser.myshopify.com,active_ecommerce,shopify,True,,3,True,github_gist
konterfai.myshopify.com,active_ecommerce,shopify,True,,3,True,github_gist
konzuk.myshopify.com,active_ecommerce,shopify,True,,3,True,github_gist
kool.myshopify.com,active_ecommerce,shopify,True,,3,True,github_gist
koolsleep.myshopify.com,active_ecommerce,shopify,True,,3,True,github_gist
koool.myshopify.com,active_ecommerce,shopify,True,,3,True,github_gist
koooojj.myshopify.com,active_ecommerce,shopify,True,,3,True,github_gist
kopfnote.myshopify.com,active_ecommerce,shopify,True,,3,True,github_gist
kopikol.myshopify.com,active_ecommerce,shopify,True,,3,True,github_gist
korea.myshopify.com,active_ecommerce,shopify,True,,3,True,github_gist
korean.myshopify.com,active_ecommerce,shopify,True,,3,True,github_gist
kortrend.myshopify.com,active_ecommerce,shopify,True,,3,True,github_gist
kosby.myshopify.com,active_ecommerce,shopify,True,,3,True,github_gist
kotha.myshopify.com,active_ecommerce,shopify,True,,3,True,github_gist
kpak.myshopify.com,active_ecommerce,shopify,True,,3,True,github_gist
kpikpi.myshopify.com,active_ecommerce,shopify,True,,3,True,github_gist
kprice.myshopify.com,active_ecommerce,shopify,True,,3,True,github_gist
kraftedlogic.myshopify.com,active_ecommerce,shopify,True,,3,True,github_gist
kramer.myshopify.com,active_ecommerce,shopify,True,,3,True,github_gist
kramz.myshopify.com,active_ecommerce,shopify,True,,3,True,github_gist
krea.myshopify.com,active_ecommerce,shopify,True,,3,True,github_gist
kreaptik.myshopify.com,active_ecommerce,shopify,True,,3,True,github_gist
kreatif.myshopify.com,active_ecommerce,shopify,True,,3,True,github_gist
kreativeworld.myshopify.com,active_ecommerce,shopify,True,,3,True,github_gist
krillel.myshopify.com,active_ecommerce,shopify,True,,3,True,github_gist
kris.myshopify.com,active_ecommerce,shopify,True,,3,True,github_gist
krisdemo.myshopify.com,active_ecommerce,shopify,True,,3,True,github_gist
krispybananakids.myshopify.com,active_ecommerce,shopify,True,,3,True,github_gist
krisrollestonphotography.myshopify.com,active_ecommerce,shopify,True,,3,True,github_gist
kristofer.myshopify.com,active_ecommerce,shopify,True,,3,True,github_gist
kriyative.myshopify.com,active_ecommerce,shopify,True,,3,True,github_gist
krosty.myshopify.com,active_ecommerce,shopify,True,,3,True,github_gist
kruel.myshopify.com,active_ecommerce,shopify,True,,3,True,github_gist
kruelstudios.myshopify.com,active_ecommerce,shopify,True,,3,True,github_gist
krunkdogzshop.myshopify.com,active_ecommerce,shopify,True,,3,True,github_gist
kryocode.myshopify.com,active_ecommerce,shopify,True,,3,True,github_gist
ksavintage.myshopify.com,active_ecommerce,shopify,True,,3,True,github_gist
ksdesigns.myshopify.com,active_ecommerce,shopify,True,,3,True,github_gist
kshop.myshopify.com,active_ecommerce,shopify,True,,3,True,github_gist
kskf.myshopify.com,active_ecommerce,shopify,True,,3,True,github_gist
ksoft.myshopify.com,active_ecommerce,shopify,True,,3,True,github_gist
ktdragonflykrafts.myshopify.com,active_ecommerce,shopify,True,,3,True,github_gist
ktheory.myshopify.com,active_ecommerce,shopify,True,,3,True,github_gist
ktmband.myshopify.com,active_ecommerce,shopify,True,,3,True,github_gist
kuailebaobei.myshopify.com,active_ecommerce,shopify,True,,3,True,github_gist
kuatroinformatica.myshopify.com,active_ecommerce,shopify,True,,3,True,github_gist
kuban.myshopify.com,active_ecommerce,shopify,True,,3,True,github_gist
kubb.myshopify.com,active_ecommerce,shopify,True,,3,True,github_gist
kubica.myshopify.com,active_ecommerce,shopify,True,,3,True,github_gist
kuini.myshopify.com,active_ecommerce,shopify,True,,3,True,github_gist
kuitos.myshopify.com,active_ecommerce,shopify,True,,3,True,github_gist
kukudi.myshopify.com,active_ecommerce,shopify,True,,3,True,github_gist
kuma.myshopify.com,active_ecommerce,shopify,True,,3,True,github_gist
kunals.myshopify.com,active_ecommerce,shopify,True,,3,True,github_gist
kuohumedia.myshopify.com,active_ecommerce,shopify,True,,3,True,github_gist
kurdishcarpets.myshopify.com,active_ecommerce,shopify,True,,3,True,github_gist
kuri2pan.myshopify.com,active_ecommerce,shopify,True,,3,True,github_gist
kurt.myshopify.com,active_ecommerce,shopify,True,,3,True,github_gist
kurtees.myshopify.com,active_ecommerce,shopify,True,,3,True,github_gist
kusor.myshopify.com,active_ecommerce,shopify,True,,3,True,github_gist
kustomkartoons.myshopify.com,active_ecommerce,shopify,True,,3,True,github_gist
kustomkicks.myshopify.com,active_ecommerce,shopify,True,,3,True,github_gist
kutny.myshopify.com,active_ecommerce,shopify,True,,3,True,github_gist
kwerks.myshopify.com,active_ecommerce,shopify,True,,3,True,github_gist
kwmr.myshopify.com,active_ecommerce,shopify,True,,3,True,github_gist
kwraps.myshopify.com,active_ecommerce,shopify,True,,3,True,github_gist
ky3hez.myshopify.com,active_ecommerce,shopify,True,,3,True,github_gist
kyanmedia.myshopify.com,active_ecommerce,shopify,True,,3,True,github_gist
kyle.myshopify.com,active_ecommerce,shopify,True,,3,True,github_gist
kylemaxwell.myshopify.com,active_ecommerce,shopify,True,,3,True,github_gist
kymnavarretefineart.myshopify.com,active_ecommerce,shopify,True,,3,True,github_gist
kymo.myshopify.com,active_ecommerce,shopify,True,,3,True,github_gist
kypo.myshopify.com,active_ecommerce,shopify,True,,3,True,github_gist
kysunny.myshopify.com,active_ecommerce,shopify,True,,3,True,github_gist
l00pek.myshopify.com,active_ecommerce,shopify,True,,3,True,github_gist
l1and2.myshopify.com,active_ecommerce,shopify,True,,3,True,github_gist
l2pnoob.myshopify.com,active_ecommerce,shopify,True,,3,True,github_gist
laan.myshopify.com,active_ecommerce,shopify,True,,3,True,github_gist
lab6.myshopify.com,active_ecommerce,shopify,True,,3,True,github_gist
labofflowers.myshopify.com,active_ecommerce,shopify,True,,3,True,github_gist
laboiteabad.myshopify.com,active_ecommerce,shopify,True,,3,True,github_gist
labottegadelgrandepuffo.myshopify.com,active_ecommerce,shopify,True,,3,True,github_gist
labottegadellefate.myshopify.com,active_ecommerce,shopify,True,,3,True,github_gist
labp.myshopify.com,active_ecommerce,shopify,True,,3,True,github_gist
labsix.myshopify.com,active_ecommerce,shopify,True,,3,True,github_gist
labware.myshopify.com,active_ecommerce,shopify,True,,3,True,github_gist
lackadaisy.myshopify.com,active_ecommerce,shopify,True,,3,True,github_gist
lacreole.myshopify.com,active_ecommerce,shopify,True,,3,True,github_gist
ladell.myshopify.com,active_ecommerce,shopify,True,,3,True,github_gist
ladybugjewelry.myshopify.com,active_ecommerce,shopify,True,,3,True,github_gist
ladyflamingo.myshopify.com,active_ecommerce,shopify,True,,3,True,github_gist
ladymuck.myshopify.com,active_ecommerce,shopify,True,,3,True,github_gist
lagniappenyc.myshopify.com,active_ecommerce,shopify,True,,3,True,github_gist
lagrimasdecocodrilo.myshopify.com,active_ecommerce,shopify,True,,3,True,github_gist
laika.myshopify.com,active_ecommerce,shopify,True,,3,True,github_gist
laimis.myshopify.com,active_ecommerce,shopify,True,,3,True,github_gist
laimismilas.myshopify.com,active_ecommerce,shopify,True,,3,True,github_gist
lakattack.myshopify.com,active_ecommerce,shopify,True,,3,True,github_gist
lake-express.myshopify.com,active_ecommerce,shopify,True,,3,True,github_gist
lakes.myshopify.com,active_ecommerce,shopify,True,,3,True,github_gist
lakewebworks.myshopify.com,active_ecommerce,shopify,True,,3,True,github_gist
lakhani.myshopify.com,active_ecommerce,shopify,True,,3,True,github_gist
lakitu.myshopify.com,active_ecommerce,shopify,True,,3,True,github_gist
lako.myshopify.com,active_ecommerce,shopify,True,,3,True,github_gist
laksdhf.myshopify.com,active_ecommerce,shopify,True,,3,True,github_gist
laktek.myshopify.com,active_ecommerce,shopify,True,,3,True,github_gist
lakwatsero.myshopify.com,active_ecommerce,shopify,True,,3,True,github_gist
lala.myshopify.com,active_ecommerce,shopify,True,,3,True,github_gist
laldesign.myshopify.com,active_ecommerce,shopify,True,,3,True,github_gist
lamaa.myshopify.com,active_ecommerce,shopify,True,,3,True,github_gist
lambert.myshopify.com,active_ecommerce,shopify,True,,3,True,github_gist
lament.myshopify.com,active_ecommerce,shopify,True,,3,True,github_gist
lamp.myshopify.com,active_ecommerce,shopify,True,,3,True,github_gist
lampengoedkoop.myshopify.com,active_ecommerce,shopify,True,,3,True,github_gist
lamptech.myshopify.com,active_ecommerce,shopify,True,,3,True,github_gist
lance.myshopify.com,active_ecommerce,shopify,True,,3,True,github_gist
lancerswag.myshopify.com,active_ecommerce,shopify,True,,3,True,github_gist
landl.myshopify.com,active_ecommerce,shopify,True,,3,True,github_gist
langetlikitorma.myshopify.com,active_ecommerce,shopify,True,,3,True,github_gist
lansing.myshopify.com,active_ecommerce,shopify,True,,3,True,github_gist
lao-ocean.myshopify.com,active_ecommerce,shopify,True,,3,True,github_gist
lapelle.myshopify.com,active_ecommerce,shopify,True,,3,True,github_gist
lapetiteclaudine.myshopify.com,active_ecommerce,shopify,True,,3,True,github_gist
lapeyre.myshopify.com,active_ecommerce,shopify,True,,3,True,github_gist
laptopkings.myshopify.com,active_ecommerce,shopify,True,,3,True,github_gist
laptops.myshopify.com,active_ecommerce,shopify,True,,3,True,github_gist
laquettecorse.myshopify.com,active_ecommerce,shopify,True,,3,True,github_gist
lardocolonnata.myshopify.com,active_ecommerce,shopify,True,,3,True,github_gist
larifari.myshopify.com,active_ecommerce,shopify,True,,3,True,github_gist
larisa.myshopify.com,active_ecommerce,shopify,True,,3,True,github_gist
larry.myshopify.com,active_ecommerce,shopify,True,,3,True,github_gist
larryasalim.myshopify.com,active_ecommerce,shopify,True,,3,True,github_gist
larsesgeekstuff.myshopify.com,active_ecommerce,shopify,True,,3,True,github_gist
larupi.myshopify.com,active_ecommerce,shopify,True,,3,True,github_gist
lasbalsicas.myshopify.com,active_ecommerce,shopify,True,,3,True,github_gist
lashop.myshopify.com,active_ecommerce,shopify,True,,3,True,github_gist
lasso.myshopify.com,active_ecommerce,shopify,True,,3,True,github_gist
lastwords.myshopify.com,active_ecommerce,shopify,True,,3,True,github_gist
latienda.myshopify.com,active_ecommerce,shopify,True,,3,True,github_gist
latiendita.myshopify.com,active_ecommerce,shopify,True,,3,True,github_gist
latinconrner.myshopify.com,active_ecommerce,shopify,True,,3,True,github_gist
latinexpressus.myshopify.com,active_ecommerce,shopify,True,,3,True,github_gist
latitudes.myshopify.com,active_ecommerce,shopify,True,,3,True,github_gist
laughingisfun.myshopify.com,active_ecommerce,shopify,True,,3,True,github_gist
launchpadmedia.myshopify.com,active_ecommerce,shopify,True,,3,True,github_gist
laura.myshopify.com,active_ecommerce,shopify,True,,3,True,github_gist
laurencejohns.myshopify.com,active_ecommerce,shopify,True,,3,True,github_gist
lauruskiado.myshopify.com,active_ecommerce,shopify,True,,3,True,github_gist
lavalampshop.myshopify.com,active_ecommerce,shopify,True,,3,True,github_gist
lavenderlegacy.myshopify.com,active_ecommerce,shopify,True,,3,True,github_gist
lawcards.myshopify.com,active_ecommerce,shopify,True,,3,True,github_gist
lawrencelry.myshopify.com,active_ecommerce,shopify,True,,3,True,github_gist
laxir.myshopify.com,active_ecommerce,shopify,True,,3,True,github_gist
lcpro.myshopify.com,active_ecommerce,shopify,True,,3,True,github_gist
ldkcsouth.myshopify.com,active_ecommerce,shopify,True,,3,True,github_gist
le-pod.myshopify.com,active_ecommerce,shopify,True,,3,True,github_gist
leadership.myshopify.com,active_ecommerce,shopify,True,,3,True,github_gist
leadersstudio.myshopify.com,active_ecommerce,shopify,True,,3,True,github_gist
learn.myshopify.com,active_ecommerce,shopify,True,,3,True,github_gist
learnfast.myshopify.com,active_ecommerce,shopify,True,,3,True,github_gist
learnorigami.myshopify.com,active_ecommerce,shopify,True,,3,True,github_gist
learnrails.myshopify.com,active_ecommerce,shopify,True,,3,True,github_gist
leathersdirect.myshopify.com,active_ecommerce,shopify,True,,3,True,github_gist
leatherstreet.myshopify.com,active_ecommerce,shopify,True,,3,True,github_gist
leaves.myshopify.com,active_ecommerce,shopify,True,,3,True,github_gist
lebada.myshopify.com,active_ecommerce,shopify,True,,3,True,github_gist
lebellezzasalon.myshopify.com,active_ecommerce,shopify,True,,3,True,github_gist
ledkit.myshopify.com,active_ecommerce,shopify,True,,3,True,github_gist
leeaston.myshopify.com,active_ecommerce,shopify,True,,3,True,github_gist
leeo.myshopify.com,active_ecommerce,shopify,True,,3,True,github_gist
leepage.myshopify.com,active_ecommerce,shopify,True,,3,True,github_gist
leevigraham.myshopify.com,active_ecommerce,shopify,True,,3,True,github_gist
leganmedia.myshopify.com,active_ecommerce,shopify,True,,3,True,github_gist
legendscoffee.myshopify.com,active_ecommerce,shopify,True,,3,True,github_gist
legocce.myshopify.com,active_ecommerce,shopify,True,,3,True,github_gist
leila.myshopify.com,active_ecommerce,shopify,True,,3,True,github_gist
leilagallery.myshopify.com,active_ecommerce,shopify,True,,3,True,github_gist
lejardin.myshopify.com,active_ecommerce,shopify,True,,3,True,github_gist
leksaken.myshopify.com,active_ecommerce,shopify,True,,3,True,github_gist
leksugen.myshopify.com,active_ecommerce,shopify,True,,3,True,github_gist
leland.myshopify.com,active_ecommerce,shopify,True,,3,True,github_gist
lemagasin.myshopify.com,active_ecommerce,shopify,True,,3,True,github_gist
lemon.myshopify.com,active_ecommerce,shopify,True,,3,True,github_gist
lemonbay.myshopify.com,active_ecommerce,shopify,True,,3,True,github_gist
lemoncubed.myshopify.com,active_ecommerce,shopify,True,,3,True,github_gist
lemondale.myshopify.com,active_ecommerce,shopify,True,,3,True,github_gist
lemonhill.myshopify.com,active_ecommerce,shopify,True,,3,True,github_gist
lemonlime.myshopify.com,active_ecommerce,shopify,True,,3,True,github_gist
lemstyle.myshopify.com,active_ecommerce,shopify,True,,3,True,github_gist
lenceria.myshopify.com,active_ecommerce,shopify,True,,3,True,github_gist
lendinggeek.myshopify.com,active_ecommerce,shopify,True,,3,True,github_gist
lenfantillon.myshopify.com,active_ecommerce,shopify,True,,3,True,github_gist
lenila.myshopify.com,active_ecommerce,shopify,True,,3,True,github_gist
lenkov.myshopify.com,active_ecommerce,shopify,True,,3,True,github_gist
lenta.myshopify.com,active_ecommerce,shopify,True,,3,True,github_gist
lentyna.myshopify.com,active_ecommerce,shopify,True,,3,True,github_gist
leolikestvauctions.myshopify.com,active_ecommerce,shopify,True,,3,True,github_gist
leon.myshopify.com,active_ecommerce,shopify,True,,3,True,github_gist
leosmediationservice.myshopify.com,active_ecommerce,shopify,True,,3,True,github_gist
leosscreenprinting.myshopify.com,active_ecommerce,shopify,True,,3,True,github_gist
leostesttwo.myshopify.com,active_ecommerce,shopify,True,,3,True,github_gist
lerekojewels.myshopify.com,active_ecommerce,shopify,True,,3,True,github_gist
lero.myshopify.com,active_ecommerce,shopify,True,,3,True,github_gist
leslie.myshopify.com,active_ecommerce,shopify,True,,3,True,github_gist
lespetitslutins.myshopify.com,active_ecommerce,shopify,True,,3,True,github_gist
lessonplans.myshopify.com,active_ecommerce,shopify,True,,3,True,github_gist
letian.myshopify.com,active_ecommerce,shopify,True,,3,True,github_gist
letstest.myshopify.com,active_ecommerce,shopify,True,,3,True,github_gist
letstry.myshopify.com,active_ecommerce,shopify,True,,3,True,github_gist
letterik.myshopify.com,active_ecommerce,shopify,True,,3,True,github_gist
letters.myshopify.com,active_ecommerce,shopify,True,,3,True,github_gist
leung.myshopify.com,active_ecommerce,shopify,True,,3,True,github_gist
leverage.myshopify.com,active_ecommerce,shopify,True,,3,True,github_gist
leviatech.myshopify.com,active_ecommerce,shopify,True,,3,True,github_gist
levin.myshopify.com,active_ecommerce,shopify,True,,3,True,github_gist
levinunnink.myshopify.com,active_ecommerce,shopify,True,,3,True,github_gist
levis.myshopify.com,active_ecommerce,shopify,True,,3,True,github_gist
lgworks.myshopify.com,active_ecommerce,shopify,True,,3,True,github_gist
libannah.myshopify.com,active_ecommerce,shopify,True,,3,True,github_gist
libassunnah.myshopify.com,active_ecommerce,shopify,True,,3,True,github_gist
liberlibri.myshopify.com,active_ecommerce,shopify,True,,3,True,github_gist
libertymall.myshopify.com,active_ecommerce,shopify,True,,3,True,github_gist
libraene.myshopify.com,active_ecommerce,shopify,True,,3,True,github_gist
librarytools.myshopify.com,active_ecommerce,shopify,True,,3,True,github_gist
librastar.myshopify.com,active_ecommerce,shopify,True,,3,True,github_gist
lida.myshopify.com,active_ecommerce,shopify,True,,3,True,github_gist
liddelton.myshopify.com,active_ecommerce,shopify,True,,3,True,github_gist
liewcf.myshopify.com,active_ecommerce,shopify,True,,3,True,github_gist
life.myshopify.com,active_ecommerce,shopify,True,,3,True,github_gist
lifeclever.myshopify.com,active_ecommerce,shopify,True,,3,True,github_gist
lifedraft.myshopify.com,active_ecommerce,shopify,True,,3,True,github_gist
lifeperformance.myshopify.com,active_ecommerce,shopify,True,,3,True,github_gist
lifestyle.myshopify.com,active_ecommerce,shopify,True,,3,True,github_gist
lifetime.myshopify.com,active_ecommerce,shopify,True,,3,True,github_gist
liform.myshopify.com,active_ecommerce,shopify,True,,3,True,github_gist
light.myshopify.com,active_ecommerce,shopify,True,,3,True,github_gist
lightcreator.myshopify.com,active_ecommerce,shopify,True,,3,True,github_gist
lighthousephotogifts.myshopify.com,active_ecommerce,shopify,True,,3,True,github_gist
lightjump.myshopify.com,active_ecommerce,shopify,True,,3,True,github_gist
lightkitchen.myshopify.com,active_ecommerce,shopify,True,,3,True,github_gist
lightray.myshopify.com,active_ecommerce,shopify,True,,3,True,github_gist
lights.myshopify.com,active_ecommerce,shopify,True,,3,True,github_gist
likeabike.myshopify.com,active_ecommerce,shopify,True,,3,True,github_gist
likejazz.myshopify.com,active_ecommerce,shopify,True,,3,True,github_gist
lila.myshopify.com,active_ecommerce,shopify,True,,3,True,github_gist
lilaminals.myshopify.com,active_ecommerce,shopify,True,,3,True,github_gist
lilibethstore.myshopify.com,active_ecommerce,shopify,True,,3,True,github_gist
lilium.myshopify.com,active_ecommerce,shopify,True,,3,True,github_gist
lillavarg.myshopify.com,active_ecommerce,shopify,True,,3,True,github_gist
lilleebabees.myshopify.com,active_ecommerce,shopify,True,,3,True,github_gist
lilreader.myshopify.com,active_ecommerce,shopify,True,,3,True,github_gist
lily.myshopify.com,active_ecommerce,shopify,True,,3,True,github_gist
limapj.myshopify.com,active_ecommerce,shopify,True,,3,True,github_gist
limbers.myshopify.com,active_ecommerce,shopify,True,,3,True,github_gist
limited.myshopify.com,active_ecommerce,shopify,True,,3,True,github_gist
limitededition.myshopify.com,active_ecommerce,shopify,True,,3,True,github_gist
lina.myshopify.com,active_ecommerce,shopify,True,,3,True,github_gist
lincolnsigncompany.myshopify.com,active_ecommerce,shopify,True,,3,True,github_gist
lindasstuff.myshopify.com,active_ecommerce,shopify,True,,3,True,github_gist
lindsay.myshopify.com,active_ecommerce,shopify,True,,3,True,github_gist
lineacasa.myshopify.com,active_ecommerce,shopify,True,,3,True,github_gist
linecon0.myshopify.com,active_ecommerce,shopify,True,,3,True,github_gist
linendiva.myshopify.com,active_ecommerce,shopify,True,,3,True,github_gist
lingerie.myshopify.com,active_ecommerce,shopify,True,,3,True,github_gist
linkademic.myshopify.com,active_ecommerce,shopify,True,,3,True,github_gist
linux.myshopify.com,active_ecommerce,shopify,True,,3,True,github_gist
linuxcd.myshopify.com,active_ecommerce,shopify,True,,3,True,github_gist
linuxgears.myshopify.com,active_ecommerce,shopify,True,,3,True,github_gist
linuxshop.myshopify.com,active_ecommerce,shopify,True,,3,True,github_gist
linuxstickers.myshopify.com,active_ecommerce,shopify,True,,3,True,github_gist
liquid-concept.myshopify.com,active_ecommerce,shopify,True,,3,True,github_gist
liquid.myshopify.com,active_ecommerce,shopify,True,,3,True,github_gist
liquidflaw.myshopify.com,active_ecommerce,shopify,True,,3,True,github_gist
liquidlabs.myshopify.com,active_ecommerce,shopify,True,,3,True,github_gist
lisacowan.myshopify.com,active_ecommerce,shopify,True,,3,True,github_gist
lisamarinucci.myshopify.com,active_ecommerce,shopify,True,,3,True,github_gist
lisboa.myshopify.com,active_ecommerce,shopify,True,,3,True,github_gist
listbox.myshopify.com,active_ecommerce,shopify,True,,3,True,github_gist
litterature.myshopify.com,active_ecommerce,shopify,True,,3,True,github_gist
littlebunnyblue.myshopify.com,active_ecommerce,shopify,True,,3,True,github_gist
littleburrogallery.myshopify.com,active_ecommerce,shopify,True,,3,True,github_gist
littlecity.myshopify.com,active_ecommerce,shopify,True,,3,True,github_gist
littledevil.myshopify.com,active_ecommerce,shopify,True,,3,True,github_gist
littlegreenstar.myshopify.com,active_ecommerce,shopify,True,,3,True,github_gist
littleluxuries.myshopify.com,active_ecommerce,shopify,True,,3,True,github_gist
littlemissizzy.myshopify.com,active_ecommerce,shopify,True,,3,True,github_gist
littlethings.myshopify.com,active_ecommerce,shopify,True,,3,True,github_gist
litus.myshopify.com,active_ecommerce,shopify,True,,3,True,github_gist
livechat.myshopify.com,active_ecommerce,shopify,True,,3,True,github_gist
livinglarge.myshopify.com,active_ecommerce,shopify,True,,3,True,github_gist
livinglinux.myshopify.com,active_ecommerce,shopify,True,,3,True,github_gist
livingstonjuniorgolf.myshopify.com,active_ecommerce,shopify,True,,3,True,github_gist
livra.myshopify.com,active_ecommerce,shopify,True,,3,True,github_gist
livres.myshopify.com,active_ecommerce,shopify,True,,3,True,github_gist
liwayway.myshopify.com,active_ecommerce,shopify,True,,3,True,github_gist
lixo.myshopify.com,active_ecommerce,shopify,True,,3,True,github_gist
lizclay.myshopify.com,active_ecommerce,shopify,True,,3,True,github_gist
lizesc.myshopify.com,active_ecommerce,shopify,True,,3,True,github_gist
lizunlong.myshopify.com,active_ecommerce,shopify,True,,3,True,github_gist
ljrj.myshopify.com,active_ecommerce,shopify,True,,3,True,github_gist
lkarapuda.myshopify.com,active_ecommerce,shopify,True,,3,True,github_gist
lkjlkjlkj.myshopify.com,active_ecommerce,shopify,True,,3,True,github_gist
lklevan.myshopify.com,active_ecommerce,shopify,True,,3,True,github_gist
lksc.myshopify.com,active_ecommerce,shopify,True,,3,True,github_gist
llama.myshopify.com,active_ecommerce,shopify,True,,3,True,github_gist
llaunanet.myshopify.com,active_ecommerce,shopify,True,,3,True,github_gist
llll.myshopify.com,active_ecommerce,shopify,True,,3,True,github_gist
lluckj.myshopify.com,active_ecommerce,shopify,True,,3,True,github_gist
lmdonline.myshopify.com,active_ecommerce,shopify,True,,3,True,github_gist
lmdshop.myshopify.com,active_ecommerce,shopify,True,,3,True,github_gist
lmsm.myshopify.com,active_ecommerce,shopify,True,,3,True,github_gist
loadingreadyrun.myshopify.com,active_ecommerce,shopify,True,,3,True,github_gist
localhostin.myshopify.com,active_ecommerce,shopify,True,,3,True,github_gist
locallife.myshopify.com,active_ecommerce,shopify,True,,3,True,github_gist
localstoremarketing.myshopify.com,active_ecommerce,shopify,True,,3,True,github_gist
loesol.myshopify.com,active_ecommerce,shopify,True,,3,True,github_gist
lofasz.myshopify.com,active_ecommerce,shopify,True,,3,True,github_gist
loft.myshopify.com,active_ecommerce,shopify,True,,3,True,github_gist
loft417.myshopify.com,active_ecommerce,shopify,True,,3,True,github_gist
loganbrown.myshopify.com,active_ecommerce,shopify,True,,3,True,github_gist
logicalbinary.myshopify.com,active_ecommerce,shopify,True,,3,True,github_gist
logiciel.myshopify.com,active_ecommerce,shopify,True,,3,True,github_gist
logo4us.myshopify.com,active_ecommerce,shopify,True,,3,True,github_gist
logodesign.myshopify.com,active_ecommerce,shopify,True,,3,True,github_gist
logosource.myshopify.com,active_ecommerce,shopify,True,,3,True,github_gist
loja.myshopify.com,active_ecommerce,shopify,True,,3,True,github_gist
loktech.myshopify.com,active_ecommerce,shopify,True,,3,True,github_gist
lola.myshopify.com,active_ecommerce,shopify,True,,3,True,github_gist
loladdicts.myshopify.com,active_ecommerce,shopify,True,,3,True,github_gist
lony.myshopify.com,active_ecommerce,shopify,True,,3,True,github_gist
loog.myshopify.com,active_ecommerce,shopify,True,,3,True,github_gist
look.myshopify.com,active_ecommerce,shopify,True,,3,True,github_gist
lookatit.myshopify.com,active_ecommerce,shopify,True,,3,True,github_gist
lookingforbugs.myshopify.com,active_ecommerce,shopify,True,,3,True,github_gist
lookstylish.myshopify.com,active_ecommerce,shopify,True,,3,True,github_gist
loop.myshopify.com,active_ecommerce,shopify,True,,3,True,github_gist
loopdream.myshopify.com,active_ecommerce,shopify,True,,3,True,github_gist
loopo.myshopify.com,active_ecommerce,shopify,True,,3,True,github_gist
loose.myshopify.com,active_ecommerce,shopify,True,,3,True,github_gist
loosewiretest.myshopify.com,active_ecommerce,shopify,True,,3,True,github_gist
lorenamire.myshopify.com,active_ecommerce,shopify,True,,3,True,github_gist
lorenz.myshopify.com,active_ecommerce,shopify,True,,3,True,github_gist
lorenzo.myshopify.com,active_ecommerce,shopify,True,,3,True,github_gist
lorimerantiques.myshopify.com,active_ecommerce,shopify,True,,3,True,github_gist
lornacarol.myshopify.com,active_ecommerce,shopify,True,,3,True,github_gist
losanimas.myshopify.com,active_ecommerce,shopify,True,,3,True,github_gist
losclaveles.myshopify.com,active_ecommerce,shopify,True,,3,True,github_gist
lost.myshopify.com,active_ecommerce,shopify,True,,3,True,github_gist
lottielingerie.myshopify.com,active_ecommerce,shopify,True,,3,True,github_gist
lotusessentials.myshopify.com,active_ecommerce,shopify,True,,3,True,github_gist
lounge78.myshopify.com,active_ecommerce,shopify,True,,3,True,github_gist
loungebar.myshopify.com,active_ecommerce,shopify,True,,3,True,github_gist
lourens.myshopify.com,active_ecommerce,shopify,True,,3,True,github_gist
loux.myshopify.com,active_ecommerce,shopify,True,,3,True,github_gist
love.myshopify.com,active_ecommerce,shopify,True,,3,True,github_gist
lovehappi.myshopify.com,active_ecommerce,shopify,True,,3,True,github_gist
loveindustries.myshopify.com,active_ecommerce,shopify,True,,3,True,github_gist
lovemuscle.myshopify.com,active_ecommerce,shopify,True,,3,True,github_gist
lovepaw.myshopify.com,active_ecommerce,shopify,True,,3,True,github_gist
lovepilot.myshopify.com,active_ecommerce,shopify,True,,3,True,github_gist
loveplus.myshopify.com,active_ecommerce,shopify,True,,3,True,github_gist
loveu.myshopify.com,active_ecommerce,shopify,True,,3,True,github_gist
lovez.myshopify.com,active_ecommerce,shopify,True,,3,True,github_gist
lowcarb.myshopify.com,active_ecommerce,shopify,True,,3,True,github_gist
lowerfoodcosst.myshopify.com,active_ecommerce,shopify,True,,3,True,github_gist
lowpowerlamps.myshopify.com,active_ecommerce,shopify,True,,3,True,github_gist
lowprices.myshopify.com,active_ecommerce,shopify,True,,3,True,github_gist
lpanel.myshopify.com,active_ecommerce,shopify,True,,3,True,github_gist
lpill.myshopify.com,active_ecommerce,shopify,True,,3,True,github_gist
lrchouston.myshopify.com,active_ecommerce,shopify,True,,3,True,github_gist
lrsformula.myshopify.com,active_ecommerce,shopify,True,,3,True,github_gist
lsdlamps.myshopify.com,active_ecommerce,shopify,True,,3,True,github_gist
lsdlight.myshopify.com,active_ecommerce,shopify,True,,3,True,github_gist
luan.myshopify.com,active_ecommerce,shopify,True,,3,True,github_gist
lubos.myshopify.com,active_ecommerce,shopify,True,,3,True,github_gist
lucentminds.myshopify.com,active_ecommerce,shopify,True,,3,True,github_gist
lucidmoon.myshopify.com,active_ecommerce,shopify,True,,3,True,github_gist
lucifix.myshopify.com,active_ecommerce,shopify,True,,3,True,github_gist
luckme.myshopify.com,active_ecommerce,shopify,True,,3,True,github_gist
luddonline.myshopify.com,active_ecommerce,shopify,True,,3,True,github_gist
luff.myshopify.com,active_ecommerce,shopify,True,,3,True,github_gist
luggage.myshopify.com,active_ecommerce,shopify,True,,3,True,github_gist
luisa.myshopify.com,active_ecommerce,shopify,True,,3,True,github_gist
luizshop.myshopify.com,active_ecommerce,shopify,True,,3,True,github_gist
lukas.myshopify.com,active_ecommerce,shopify,True,,3,True,github_gist
lukefretwell.myshopify.com,active_ecommerce,shopify,True,,3,True,github_gist
lukusdukus.myshopify.com,active_ecommerce,shopify,True,,3,True,github_gist
lulea.myshopify.com,active_ecommerce,shopify,True,,3,True,github_gist
lulla.myshopify.com,active_ecommerce,shopify,True,,3,True,github_gist
lulubell.myshopify.com,active_ecommerce,shopify,True,,3,True,github_gist
lulubells.myshopify.com,active_ecommerce,shopify,True,,3,True,github_gist
lumafilm.myshopify.com,active_ecommerce,shopify,True,,3,True,github_gist
lumiere.myshopify.com,active_ecommerce,shopify,True,,3,True,github_gist
luna24.myshopify.com,active_ecommerce,shopify,True,,3,True,github_gist
lunablog.myshopify.com,active_ecommerce,shopify,True,,3,True,github_gist
lunadore.myshopify.com,active_ecommerce,shopify,True,,3,True,github_gist
lunamoth.myshopify.com,active_ecommerce,shopify,True,,3,True,github_gist
lunaria.myshopify.com,active_ecommerce,shopify,True,,3,True,github_gist
lunchclub.myshopify.com,active_ecommerce,shopify,True,,3,True,github_gist
lupita.myshopify.com,active_ecommerce,shopify,True,,3,True,github_gist
lures.myshopify.com,active_ecommerce,shopify,True,,3,True,github_gist
luvbarn.myshopify.com,active_ecommerce,shopify,True,,3,True,github_gist
luxury.myshopify.com,active_ecommerce,shopify,True,,3,True,github_gist
luxuryhomeinteriors.myshopify.com,active_ecommerce,shopify,True,,3,True,github_gist
luxurylids.myshopify.com,active_ecommerce,shopify,True,,3,True,github_gist
luxy.myshopify.com,active_ecommerce,shopify,True,,3,True,github_gist
luzes.myshopify.com,active_ecommerce,shopify,True,,3,True,github_gist
lvivie.myshopify.com,active_ecommerce,shopify,True,,3,True,github_gist
lylium.myshopify.com,active_ecommerce,shopify,True,,3,True,github_gist
lyndonhughesphotography.myshopify.com,active_ecommerce,shopify,True,,3,True,github_gist
lynnecoxe.myshopify.com,active_ecommerce,shopify,True,,3,True,github_gist
lynton.myshopify.com,active_ecommerce,shopify,True,,3,True,github_gist
lynxdemo.myshopify.com,active_ecommerce,shopify,True,,3,True,github_gist
m-pep.myshopify.com,active_ecommerce,shopify,True,,3,True,github_gist
m25records.myshopify.com,active_ecommerce,shopify,True,,3,True,github_gist
m329.myshopify.com,active_ecommerce,shopify,True,,3,True,github_gist
maadphotography.myshopify.com,active_ecommerce,shopify,True,,3,True,github_gist
maanta.myshopify.com,active_ecommerce,shopify,True,,3,True,github_gist
mabelle.myshopify.com,active_ecommerce,shopify,True,,3,True,github_gist
mac-geek.myshopify.com,active_ecommerce,shopify,True,,3,True,github_gist
macbears.myshopify.com,active_ecommerce,shopify,True,,3,True,github_gist
macbert.myshopify.com,active_ecommerce,shopify,True,,3,True,github_gist
maccessorize.myshopify.com,active_ecommerce,shopify,True,,3,True,github_gist
maccomicstrip.myshopify.com,active_ecommerce,shopify,True,,3,True,github_gist
macdaddy.myshopify.com,active_ecommerce,shopify,True,,3,True,github_gist
macforbes.myshopify.com,active_ecommerce,shopify,True,,3,True,github_gist
machinimall.myshopify.com,active_ecommerce,shopify,True,,3,True,github_gist
mackdigital.myshopify.com,active_ecommerce,shopify,True,,3,True,github_gist
macksfoto.myshopify.com,active_ecommerce,shopify,True,,3,True,github_gist
macluddite.myshopify.com,active_ecommerce,shopify,True,,3,True,github_gist
macplay.myshopify.com,active_ecommerce,shopify,True,,3,True,github_gist
macrovita.myshopify.com,active_ecommerce,shopify,True,,3,True,github_gist
macscan.myshopify.com,active_ecommerce,shopify,True,,3,True,github_gist
macshop.myshopify.com,active_ecommerce,shopify,True,,3,True,github_gist
macsolutions.myshopify.com,active_ecommerce,shopify,True,,3,True,github_gist
mactats.myshopify.com,active_ecommerce,shopify,True,,3,True,github_gist
madameplastique.myshopify.com,active_ecommerce,shopify,True,,3,True,github_gist
madamtrixie.myshopify.com,active_ecommerce,shopify,True,,3,True,github_gist
madcap.myshopify.com,active_ecommerce,shopify,True,,3,True,github_gist
made.myshopify.com,active_ecommerce,shopify,True,,3,True,github_gist
made4u.myshopify.com,active_ecommerce,shopify,True,,3,True,github_gist
madebythem.myshopify.com,active_ecommerce,shopify,True,,3,True,github_gist
madeingermany.myshopify.com,active_ecommerce,shopify,True,,3,True,github_gist
madeinindia.myshopify.com,active_ecommerce,shopify,True,,3,True,github_gist
madeinitaly.myshopify.com,active_ecommerce,shopify,True,,3,True,github_gist
madeintunisia.myshopify.com,active_ecommerce,shopify,True,,3,True,github_gist
madeira.myshopify.com,active_ecommerce,shopify,True,,3,True,github_gist
madeiratours.myshopify.com,active_ecommerce,shopify,True,,3,True,github_gist
madfish.myshopify.com,active_ecommerce,shopify,True,,3,True,github_gist
madhouse.myshopify.com,active_ecommerce,shopify,True,,3,True,github_gist
madisonrosevintage.myshopify.com,active_ecommerce,shopify,True,,3,True,github_gist
madness.myshopify.com,active_ecommerce,shopify,True,,3,True,github_gist
madsogmille.myshopify.com,active_ecommerce,shopify,True,,3,True,github_gist
madthreadtees.myshopify.com,active_ecommerce,shopify,True,,3,True,github_gist
madtrout.myshopify.com,active_ecommerce,shopify,True,,3,True,github_gist
madurocigars.myshopify.com,active_ecommerce,shopify,True,,3,True,github_gist
maestore.myshopify.com,active_ecommerce,shopify,True,,3,True,github_gist
magaresa.myshopify.com,active_ecommerce,shopify,True,,3,True,github_gist
magazin.myshopify.com,active_ecommerce,shopify,True,,3,True,github_gist
magazinchik.myshopify.com,active_ecommerce,shopify,True,,3,True,github_gist
magazinebargain.myshopify.com,active_ecommerce,shopify,True,,3,True,github_gist
magazzinibici.myshopify.com,active_ecommerce,shopify,True,,3,True,github_gist
magballs.myshopify.com,active_ecommerce,shopify,True,,3,True,github_gist
magi.myshopify.com,active_ecommerce,shopify,True,,3,True,github_gist
magiadesombras.myshopify.com,active_ecommerce,shopify,True,,3,True,github_gist
magic.myshopify.com,active_ecommerce,shopify,True,,3,True,github_gist
magicalrabbit.myshopify.com,active_ecommerce,shopify,True,,3,True,github_gist
magicaltrullo.myshopify.com,active_ecommerce,shopify,True,,3,True,github_gist
magicarsenal.myshopify.com,active_ecommerce,shopify,True,,3,True,github_gist
magicaudio.myshopify.com,active_ecommerce,shopify,True,,3,True,github_gist
magicmouth.myshopify.com,active_ecommerce,shopify,True,,3,True,github_gist
magicmouthproductions.myshopify.com,active_ecommerce,shopify,True,,3,True,github_gist
magicpennies.myshopify.com,active_ecommerce,shopify,True,,3,True,github_gist
magnetism.myshopify.com,active_ecommerce,shopify,True,,3,True,github_gist
magnolia.myshopify.com,active_ecommerce,shopify,True,,3,True,github_gist
magnoliahouse.myshopify.com,active_ecommerce,shopify,True,,3,True,github_gist
magnoliastore.myshopify.com,active_ecommerce,shopify,True,,3,True,github_gist
magpie-electirc.myshopify.com,active_ecommerce,shopify,True,,3,True,github_gist
magpie.myshopify.com,active_ecommerce,shopify,True,,3,True,github_gist
magzy.myshopify.com,active_ecommerce,shopify,True,,3,True,github_gist
mahiaoui.myshopify.com,active_ecommerce,shopify,True,,3,True,github_gist
maigrir-facilement.myshopify.com,active_ecommerce,shopify,True,,3,True,github_gist
mailinator.myshopify.com,active_ecommerce,shopify,True,,3,True,github_gist
mainevwscene.myshopify.com,active_ecommerce,shopify,True,,3,True,github_gist
mainstream.myshopify.com,active_ecommerce,shopify,True,,3,True,github_gist
maisondurable.myshopify.com,active_ecommerce,shopify,True,,3,True,github_gist
maisonsure.myshopify.com,active_ecommerce,shopify,True,,3,True,github_gist
majestik12.myshopify.com,active_ecommerce,shopify,True,,3,True,github_gist
majtex.myshopify.com,active_ecommerce,shopify,True,,3,True,github_gist
makenosound.myshopify.com,active_ecommerce,shopify,True,,3,True,github_gist
makenterprises.myshopify.com,active_ecommerce,shopify,True,,3,True,github_gist
makeyourgift.myshopify.com,active_ecommerce,shopify,True,,3,True,github_gist
maki.myshopify.com,active_ecommerce,shopify,True,,3,True,github_gist
makola.myshopify.com,active_ecommerce,shopify,True,,3,True,github_gist
maktub.myshopify.com,active_ecommerce,shopify,True,,3,True,github_gist
malange.myshopify.com,active_ecommerce,shopify,True,,3,True,github_gist
malaysia.myshopify.com,active_ecommerce,shopify,True,,3,True,github_gist
malaysianart.myshopify.com,active_ecommerce,shopify,True,,3,True,github_gist
malhi.myshopify.com,active_ecommerce,shopify,True,,3,True,github_gist
malieboo.myshopify.com,active_ecommerce,shopify,True,,3,True,github_gist
mall.myshopify.com,active_ecommerce,shopify,True,,3,True,github_gist
malljournal.myshopify.com,active_ecommerce,shopify,True,,3,True,github_gist
mallshopamerica.myshopify.com,active_ecommerce,shopify,True,,3,True,github_gist
malo.myshopify.com,active_ecommerce,shopify,True,,3,True,github_gist
malungo.myshopify.com,active_ecommerce,shopify,True,,3,True,github_gist
mamamama.myshopify.com,active_ecommerce,shopify,True,,3,True,github_gist
mamazon.myshopify.com,active_ecommerce,shopify,True,,3,True,github_gist
mammamia.myshopify.com,active_ecommerce,shopify,True,,3,True,github_gist
manas.myshopify.com,active_ecommerce,shopify,True,,3,True,github_gist
mandalay.myshopify.com,active_ecommerce,shopify,True,,3,True,github_gist
mandalouscurlyqs.myshopify.com,active_ecommerce,shopify,True,,3,True,github_gist
mandirosaries.myshopify.com,active_ecommerce,shopify,True,,3,True,github_gist
maner.myshopify.com,active_ecommerce,shopify,True,,3,True,github_gist
manga.myshopify.com,active_ecommerce,shopify,True,,3,True,github_gist
manhattendreams.myshopify.com,active_ecommerce,shopify,True,,3,True,github_gist
maniccyu.myshopify.com,active_ecommerce,shopify,True,,3,True,github_gist
manidifata.myshopify.com,active_ecommerce,shopify,True,,3,True,github_gist
mano.myshopify.com,active_ecommerce,shopify,True,,3,True,github_gist
mantiscable.myshopify.com,active_ecommerce,shopify,True,,3,True,github_gist
mantles.myshopify.com,active_ecommerce,shopify,True,,3,True,github_gist
manton.myshopify.com,active_ecommerce,shopify,True,,3,True,github_gist
manuel.myshopify.com,active_ecommerce,shopify,True,,3,True,github_gist
manyagroup.myshopify.com,active_ecommerce,shopify,True,,3,True,github_gist
manzano.myshopify.com,active_ecommerce,shopify,True,,3,True,github_gist
maosapparel.myshopify.com,active_ecommerce,shopify,True,,3,True,github_gist
mapbuy.myshopify.com,active_ecommerce,shopify,True,,3,True,github_gist
maps.myshopify.com,active_ecommerce,shopify,True,,3,True,github_gist
marakas.myshopify.com,active_ecommerce,shopify,True,,3,True,github_gist
maran.myshopify.com,active_ecommerce,shopify,True,,3,True,github_gist
maranatacd.myshopify.com,active_ecommerce,shopify,True,,3,True,github_gist
marble2.myshopify.com,active_ecommerce,shopify,True,,3,True,github_gist
marc.myshopify.com,active_ecommerce,shopify,True,,3,True,github_gist
marcgoudet.myshopify.com,active_ecommerce,shopify,True,,3,True,github_gist
marchsix.myshopify.com,active_ecommerce,shopify,True,,3,True,github_gist
marciscool.myshopify.com,active_ecommerce,shopify,True,,3,True,github_gist
marclar.myshopify.com,active_ecommerce,shopify,True,,3,True,github_gist
marco.myshopify.com,active_ecommerce,shopify,True,,3,True,github_gist
margaritachihuahua.myshopify.com,active_ecommerce,shopify,True,,3,True,github_gist
marginboost.myshopify.com,active_ecommerce,shopify,True,,3,True,github_gist
marginright.myshopify.com,active_ecommerce,shopify,True,,3,True,github_gist
margo.myshopify.com,active_ecommerce,shopify,True,,3,True,github_gist
mariabravo.myshopify.com,active_ecommerce,shopify,True,,3,True,github_gist
mariasalgado.myshopify.com,active_ecommerce,shopify,True,,3,True,github_gist
maricelsattic.myshopify.com,active_ecommerce,shopify,True,,3,True,github_gist
marie.myshopify.com,active_ecommerce,shopify,True,,3,True,github_gist
mariejury.myshopify.com,active_ecommerce,shopify,True,,3,True,github_gist
marilynngriffith.myshopify.com,active_ecommerce,shopify,True,,3,True,github_gist
marios.myshopify.com,active_ecommerce,shopify,True,,3,True,github_gist
marisaespinosa.myshopify.com,active_ecommerce,shopify,True,,3,True,github_gist
maritimelab.myshopify.com,active_ecommerce,shopify,True,,3,True,github_gist
mariusz.myshopify.com,active_ecommerce,shopify,True,,3,True,github_gist
marjetica.myshopify.com,active_ecommerce,shopify,True,,3,True,github_gist
marjies.myshopify.com,active_ecommerce,shopify,True,,3,True,github_gist
mark1consulting.myshopify.com,active_ecommerce,shopify,True,,3,True,github_gist
marketspace.myshopify.com,active_ecommerce,shopify,True,,3,True,github_gist
markup.myshopify.com,active_ecommerce,shopify,True,,3,True,github_gist
markus.myshopify.com,active_ecommerce,shopify,True,,3,True,github_gist
marloc.myshopify.com,active_ecommerce,shopify,True,,3,True,github_gist
marox.myshopify.com,active_ecommerce,shopify,True,,3,True,github_gist
mars.myshopify.com,active_ecommerce,shopify,True,,3,True,github_gist
marsattack.myshopify.com,active_ecommerce,shopify,True,,3,True,github_gist
marseye.myshopify.com,active_ecommerce,shopify,True,,3,True,github_gist
marshallformancompany.myshopify.com,active_ecommerce,shopify,True,,3,True,github_gist
mart2mart.myshopify.com,active_ecommerce,shopify,True,,3,True,github_gist
martagnan.myshopify.com,active_ecommerce,shopify,True,,3,True,github_gist
martek.myshopify.com,active_ecommerce,shopify,True,,3,True,github_gist
martinstestshop.myshopify.com,active_ecommerce,shopify,True,,3,True,github_gist
martjobs.myshopify.com,active_ecommerce,shopify,True,,3,True,github_gist
martoon.myshopify.com,active_ecommerce,shopify,True,,3,True,github_gist
marykay.myshopify.com,active_ecommerce,shopify,True,,3,True,github_gist
marystuart.myshopify.com,active_ecommerce,shopify,True,,3,True,github_gist
masako.myshopify.com,active_ecommerce,shopify,True,,3,True,github_gist
mashable.myshopify.com,active_ecommerce,shopify,True,,3,True,github_gist
masonstest.myshopify.com,active_ecommerce,shopify,True,,3,True,github_gist
masonstest2.myshopify.com,active_ecommerce,shopify,True,,3,True,github_gist
mass.myshopify.com,active_ecommerce,shopify,True,,3,True,github_gist
masseymedia.myshopify.com,active_ecommerce,shopify,True,,3,True,github_gist
masteraction.myshopify.com,active_ecommerce,shopify,True,,3,True,github_gist
masterpigg.myshopify.com,active_ecommerce,shopify,True,,3,True,github_gist
masterpurchase.myshopify.com,active_ecommerce,shopify,True,,3,True,github_gist
masterq.myshopify.com,active_ecommerce,shopify,True,,3,True,github_gist
matchalatte.myshopify.com,active_ecommerce,shopify,True,,3,True,github_gist
matchlearner.myshopify.com,active_ecommerce,shopify,True,,3,True,github_gist
matco.myshopify.com,active_ecommerce,shopify,True,,3,True,github_gist
matej.myshopify.com,active_ecommerce,shopify,True,,3,True,github_gist
materstaters.myshopify.com,active_ecommerce,shopify,True,,3,True,github_gist
mathiasmaul.myshopify.com,active_ecommerce,shopify,True,,3,True,github_gist
mathieu.myshopify.com,active_ecommerce,shopify,True,,3,True,github_gist
mathijsbeks.myshopify.com,active_ecommerce,shopify,True,,3,True,github_gist
mathletesfoot.myshopify.com,active_ecommerce,shopify,True,,3,True,github_gist
mathunits.myshopify.com,active_ecommerce,shopify,True,,3,True,github_gist
matias.myshopify.com,active_ecommerce,shopify,True,,3,True,github_gist
matija.myshopify.com,active_ecommerce,shopify,True,,3,True,github_gist
matos-epita.myshopify.com,active_ecommerce,shopify,True,,3,True,github_gist
matou.myshopify.com,active_ecommerce,shopify,True,,3,True,github_gist
matrix.myshopify.com,active_ecommerce,shopify,True,,3,True,github_gist
mats.myshopify.com,active_ecommerce,shopify,True,,3,True,github_gist
matt.myshopify.com,active_ecommerce,shopify,True,,3,True,github_gist
mattayo.myshopify.com,active_ecommerce,shopify,True,,3,True,github_gist
mattdidcoe.myshopify.com,active_ecommerce,shopify,True,,3,True,github_gist
mattems.myshopify.com,active_ecommerce,shopify,True,,3,True,github_gist
matteostudios.myshopify.com,active_ecommerce,shopify,True,,3,True,github_gist
mattewada.myshopify.com,active_ecommerce,shopify,True,,3,True,github_gist
matthewaaronbloom.myshopify.com,active_ecommerce,shopify,True,,3,True,github_gist
matthias.myshopify.com,active_ecommerce,shopify,True,,3,True,github_gist
matting.myshopify.com,active_ecommerce,shopify,True,,3,True,github_gist
mattino.myshopify.com,active_ecommerce,shopify,True,,3,True,github_gist
mattisbusy.myshopify.com,active_ecommerce,shopify,True,,3,True,github_gist
mattr.myshopify.com,active_ecommerce,shopify,True,,3,True,github_gist
mattresssuperstore.myshopify.com,active_ecommerce,shopify,True,,3,True,github_gist
mattstores.myshopify.com,active_ecommerce,shopify,True,,3,True,github_gist
mattvoda.myshopify.com,active_ecommerce,shopify,True,,3,True,github_gist
mattway.myshopify.com,active_ecommerce,shopify,True,,3,True,github_gist
mattwidmann.myshopify.com,active_ecommerce,shopify,True,,3,True,github_gist
matusalem.myshopify.com,active_ecommerce,shopify,True,,3,True,github_gist
maufrais.myshopify.com,active_ecommerce,shopify,True,,3,True,github_gist
mauibeads.myshopify.com,active_ecommerce,shopify,True,,3,True,github_gist
maumau.myshopify.com,active_ecommerce,shopify,True,,3,True,github_gist
mauro.myshopify.com,active_ecommerce,shopify,True,,3,True,github_gist
mauroego.myshopify.com,active_ecommerce,shopify,True,,3,True,github_gist
mave99a.myshopify.com,active_ecommerce,shopify,True,,3,True,github_gist
max13.myshopify.com,active_ecommerce,shopify,True,,3,True,github_gist
maxbot.myshopify.com,active_ecommerce,shopify,True,,3,True,github_gist
maxdee.myshopify.com,active_ecommerce,shopify,True,,3,True,github_gist
maxi.myshopify.com,active_ecommerce,shopify,True,,3,True,github_gist
maxi0070.myshopify.com,active_ecommerce,shopify,True,,3,True,github_gist
maxkaizen.myshopify.com,active_ecommerce,shopify,True,,3,True,github_gist
maxlansing.myshopify.com,active_ecommerce,shopify,True,,3,True,github_gist
maxtestshop.myshopify.com,active_ecommerce,shopify,True,,3,True,github_gist
maxteststore-2.myshopify.com,active_ecommerce,shopify,True,,3,True,github_gist
maxtrum.myshopify.com,active_ecommerce,shopify,True,,3,True,github_gist
maxx.myshopify.com,active_ecommerce,shopify,True,,3,True,github_gist
maxxam99a.myshopify.com,active_ecommerce,shopify,True,,3,True,github_gist
maxxnorthwest.myshopify.com,active_ecommerce,shopify,True,,3,True,github_gist
maxzon1.myshopify.com,active_ecommerce,shopify,True,,3,True,github_gist
mayfieldaudio.myshopify.com,active_ecommerce,shopify,True,,3,True,github_gist
mayidk.myshopify.com,active_ecommerce,shopify,True,,3,True,github_gist
mazoshoes.myshopify.com,active_ecommerce,shopify,True,,3,True,github_gist
mbcstore.myshopify.com,active_ecommerce,shopify,True,,3,True,github_gist
mbec-design.myshopify.com,active_ecommerce,shopify,True,,3,True,github_gist
mbjones.myshopify.com,active_ecommerce,shopify,True,,3,True,github_gist
mblk.myshopify.com,active_ecommerce,shopify,True,,3,True,github_gist
mbti.myshopify.com,active_ecommerce,shopify,True,,3,True,github_gist
mcars.myshopify.com,active_ecommerce,shopify,True,,3,True,github_gist
mccarthy.myshopify.com,active_ecommerce,shopify,True,,3,True,github_gist
mcclearypapercrafts.myshopify.com,active_ecommerce,shopify,True,,3,True,github_gist
mcgurgu.myshopify.com,active_ecommerce,shopify,True,,3,True,github_gist
mclcomp.myshopify.com,active_ecommerce,shopify,True,,3,True,github_gist
mcsa.myshopify.com,active_ecommerce,shopify,True,,3,True,github_gist
mcstore.myshopify.com,active_ecommerce,shopify,True,,3,True,github_gist
mdaines.myshopify.com,active_ecommerce,shopify,True,,3,True,github_gist
mddonline.myshopify.com,active_ecommerce,shopify,True,,3,True,github_gist
mdmcstore.myshopify.com,active_ecommerce,shopify,True,,3,True,github_gist
mdptrading.myshopify.com,active_ecommerce,shopify,True,,3,True,github_gist
meakulpa.myshopify.com,active_ecommerce,shopify,True,,3,True,github_gist
meatcan.myshopify.com,active_ecommerce,shopify,True,,3,True,github_gist
meatees.myshopify.com,active_ecommerce,shopify,True,,3,True,github_gist
mebatest.myshopify.com,active_ecommerce,shopify,True,,3,True,github_gist
mebay.myshopify.com,active_ecommerce,shopify,True,,3,True,github_gist
mechaps.myshopify.com,active_ecommerce,shopify,True,,3,True,github_gist
medbookspr.myshopify.com,active_ecommerce,shopify,True,,3,True,github_gist
media.myshopify.com,active_ecommerce,shopify,True,,3,True,github_gist
media72.myshopify.com,active_ecommerce,shopify,True,,3,True,github_gist
mediacomp.myshopify.com,active_ecommerce,shopify,True,,3,True,github_gist
mediacomponents.myshopify.com,active_ecommerce,shopify,True,,3,True,github_gist
mediaftp.myshopify.com,active_ecommerce,shopify,True,,3,True,github_gist
mediafusion.myshopify.com,active_ecommerce,shopify,True,,3,True,github_gist
mediageek.myshopify.com,active_ecommerce,shopify,True,,3,True,github_gist
mediaglo.myshopify.com,active_ecommerce,shopify,True,,3,True,github_gist
mediaguaneshop.myshopify.com,active_ecommerce,shopify,True,,3,True,github_gist
mediainfocus.myshopify.com,active_ecommerce,shopify,True,,3,True,github_gist
mediajolt.myshopify.com,active_ecommerce,shopify,True,,3,True,github_gist
medial.myshopify.com,active_ecommerce,shopify,True,,3,True,github_gist
mediamall.myshopify.com,active_ecommerce,shopify,True,,3,True,github_gist
mediamonster.myshopify.com,active_ecommerce,shopify,True,,3,True,github_gist
mediapixel.myshopify.com,active_ecommerce,shopify,True,,3,True,github_gist
mediatank.myshopify.com,active_ecommerce,shopify,True,,3,True,github_gist
mediatech.myshopify.com,active_ecommerce,shopify,True,,3,True,github_gist
medicimodels.myshopify.com,active_ecommerce,shopify,True,,3,True,github_gist
mediline-international.myshopify.com,active_ecommerce,shopify,True,,3,True,github_gist
medina.myshopify.com,active_ecommerce,shopify,True,,3,True,github_gist
medinatech.myshopify.com,active_ecommerce,shopify,True,,3,True,github_gist
medlar.myshopify.com,active_ecommerce,shopify,True,,3,True,github_gist
medsupplies.myshopify.com,active_ecommerce,shopify,True,,3,True,github_gist
meekandmouthy.myshopify.com,active_ecommerce,shopify,True,,3,True,github_gist
meekish.myshopify.com,active_ecommerce,shopify,True,,3,True,github_gist
meep.myshopify.com,active_ecommerce,shopify,True,,3,True,github_gist
meg-sue.myshopify.com,active_ecommerce,shopify,True,,3,True,github_gist
megadiscountdeals.myshopify.com,active_ecommerce,shopify,True,,3,True,github_gist
megahost.myshopify.com,active_ecommerce,shopify,True,,3,True,github_gist
megan.myshopify.com,active_ecommerce,shopify,True,,3,True,github_gist
meghanclinton.myshopify.com,active_ecommerce,shopify,True,,3,True,github_gist
meglakor.myshopify.com,active_ecommerce,shopify,True,,3,True,github_gist
mehdis.myshopify.com,active_ecommerce,shopify,True,,3,True,github_gist
mekanic.myshopify.com,active_ecommerce,shopify,True,,3,True,github_gist
mekka.myshopify.com,active_ecommerce,shopify,True,,3,True,github_gist
melancore.myshopify.com,active_ecommerce,shopify,True,,3,True,github_gist
melandbrad.myshopify.com,active_ecommerce,shopify,True,,3,True,github_gist
melissa.myshopify.com,active_ecommerce,shopify,True,,3,True,github_gist
melissegarden.myshopify.com,active_ecommerce,shopify,True,,3,True,github_gist
melra.myshopify.com,active_ecommerce,shopify,True,,3,True,github_gist
melsan.myshopify.com,active_ecommerce,shopify,True,,3,True,github_gist
melshop.myshopify.com,active_ecommerce,shopify,True,,3,True,github_gist
melz.myshopify.com,active_ecommerce,shopify,True,,3,True,github_gist
memberclicks.myshopify.com,active_ecommerce,shopify,True,,3,True,github_gist
memenco.myshopify.com,active_ecommerce,shopify,True,,3,True,github_gist
memest.myshopify.com,active_ecommerce,shopify,True,,3,True,github_gist
memorablemural.myshopify.com,active_ecommerce,shopify,True,,3,True,github_gist
memorialist.myshopify.com,active_ecommerce,shopify,True,,3,True,github_gist
memory.myshopify.com,active_ecommerce,shopify,True,,3,True,github_gist
memorylaneplaques.myshopify.com,active_ecommerce,shopify,True,,3,True,github_gist
memoryshop.myshopify.com,active_ecommerce,shopify,True,,3,True,github_gist
menblogshop.myshopify.com,active_ecommerce,shopify,True,,3,True,github_gist
menezes.myshopify.com,active_ecommerce,shopify,True,,3,True,github_gist
mengwear.myshopify.com,active_ecommerce,shopify,True,,3,True,github_gist
meninadoilheu.myshopify.com,active_ecommerce,shopify,True,,3,True,github_gist
menmang.myshopify.com,active_ecommerce,shopify,True,,3,True,github_gist
menoscerogrados.myshopify.com,active_ecommerce,shopify,True,,3,True,github_gist
menozero.myshopify.com,active_ecommerce,shopify,True,,3,True,github_gist
mensdivorcesecrets.myshopify.com,active_ecommerce,shopify,True,,3,True,github_gist
mensjewellery.myshopify.com,active_ecommerce,shopify,True,,3,True,github_gist
mentaldisorder.myshopify.com,active_ecommerce,shopify,True,,3,True,github_gist
mentalized.myshopify.com,active_ecommerce,shopify,True,,3,True,github_gist
menuism.myshopify.com,active_ecommerce,shopify,True,,3,True,github_gist
meomapu.myshopify.com,active_ecommerce,shopify,True,,3,True,github_gist
meow.myshopify.com,active_ecommerce,shopify,True,,3,True,github_gist
meravsalomon.myshopify.com,active_ecommerce,shopify,True,,3,True,github_gist
merch.myshopify.com,active_ecommerce,shopify,True,,3,True,github_gist
mercurial.myshopify.com,active_ecommerce,shopify,True,,3,True,github_gist
merimare.myshopify.com,active_ecommerce,shopify,True,,3,True,github_gist
merisia.myshopify.com,active_ecommerce,shopify,True,,3,True,github_gist
meritize.myshopify.com,active_ecommerce,shopify,True,,3,True,github_gist
merix.myshopify.com,active_ecommerce,shopify,True,,3,True,github_gist
merrick.myshopify.com,active_ecommerce,shopify,True,,3,True,github_gist
merveilles-du-togo.myshopify.com,active_ecommerce,shopify,True,,3,True,github_gist
mescigarettes.myshopify.com,active_ecommerce,shopify,True,,3,True,github_gist
mesell.myshopify.com,active_ecommerce,shopify,True,,3,True,github_gist
mesolini.myshopify.com,active_ecommerce,shopify,True,,3,True,github_gist
messagefirst.myshopify.com,active_ecommerce,shopify,True,,3,True,github_gist
messengeradictos.myshopify.com,active_ecommerce,shopify,True,,3,True,github_gist
meta.myshopify.com,active_ecommerce,shopify,True,,3,True,github_gist
metaclark.myshopify.com,active_ecommerce,shopify,True,,3,True,github_gist
metadot.myshopify.com,active_ecommerce,shopify,True,,3,True,github_gist
metafora.myshopify.com,active_ecommerce,shopify,True,,3,True,github_gist
metah.myshopify.com,active_ecommerce,shopify,True,,3,True,github_gist
metalcraft.myshopify.com,active_ecommerce,shopify,True,,3,True,github_gist
metalforge.myshopify.com,active_ecommerce,shopify,True,,3,True,github_gist
metalogis.myshopify.com,active_ecommerce,shopify,True,,3,True,github_gist
metatrader.myshopify.com,active_ecommerce,shopify,True,,3,True,github_gist
metra.myshopify.com,active_ecommerce,shopify,True,,3,True,github_gist
metrofessional.myshopify.com,active_ecommerce,shopify,True,,3,True,github_gist
metropet.myshopify.com,active_ecommerce,shopify,True,,3,True,github_gist
metroshop.myshopify.com,active_ecommerce,shopify,True,,3,True,github_gist
metzart.myshopify.com,active_ecommerce,shopify,True,,3,True,github_gist
meucaixa.myshopify.com,active_ecommerce,shopify,True,,3,True,github_gist
mex925.myshopify.com,active_ecommerce,shopify,True,,3,True,github_gist
mexico.myshopify.com,active_ecommerce,shopify,True,,3,True,github_gist
mezcla.myshopify.com,active_ecommerce,shopify,True,,3,True,github_gist
mfen.myshopify.com,active_ecommerce,shopify,True,,3,True,github_gist
mgef.myshopify.com,active_ecommerce,shopify,True,,3,True,github_gist
mguth.myshopify.com,active_ecommerce,shopify,True,,3,True,github_gist
mhdesign.myshopify.com,active_ecommerce,shopify,True,,3,True,github_gist
mhdev.myshopify.com,active_ecommerce,shopify,True,,3,True,github_gist
mhincker.myshopify.com,active_ecommerce,shopify,True,,3,True,github_gist
miao.myshopify.com,active_ecommerce,shopify,True,,3,True,github_gist
mibazar.myshopify.com,active_ecommerce,shopify,True,,3,True,github_gist
mibgeek.myshopify.com,active_ecommerce,shopify,True,,3,True,github_gist
mibk.myshopify.com,active_ecommerce,shopify,True,,3,True,github_gist
michaelitems.myshopify.com,active_ecommerce,shopify,True,,3,True,github_gist
michaelstore.myshopify.com,active_ecommerce,shopify,True,,3,True,github_gist
michelle.myshopify.com,active_ecommerce,shopify,True,,3,True,github_gist
michi8.myshopify.com,active_ecommerce,shopify,True,,3,True,github_gist
mickoleary.myshopify.com,active_ecommerce,shopify,True,,3,True,github_gist
micomp.myshopify.com,active_ecommerce,shopify,True,,3,True,github_gist
micraux.myshopify.com,active_ecommerce,shopify,True,,3,True,github_gist
microlink.myshopify.com,active_ecommerce,shopify,True,,3,True,github_gist
micromedia.myshopify.com,active_ecommerce,shopify,True,,3,True,github_gist
micronet.myshopify.com,active_ecommerce,shopify,True,,3,True,github_gist
microsoft.myshopify.com,active_ecommerce,shopify,True,,3,True,github_gist
midas.myshopify.com,active_ecommerce,shopify,True,,3,True,github_gist
midori.myshopify.com,active_ecommerce,shopify,True,,3,True,github_gist
midwestbikesupply.myshopify.com,active_ecommerce,shopify,True,,3,True,github_gist
mightyimaging.myshopify.com,active_ecommerce,shopify,True,,3,True,github_gist
mihelac.myshopify.com,active_ecommerce,shopify,True,,3,True,github_gist
mijemoopm.myshopify.com,active_ecommerce,shopify,True,,3,True,github_gist
mijnislam.myshopify.com,active_ecommerce,shopify,True,,3,True,github_gist
mikeebee.myshopify.com,active_ecommerce,shopify,True,,3,True,github_gist
mikejtest.myshopify.com,active_ecommerce,shopify,True,,3,True,github_gist
mikes.myshopify.com,active_ecommerce,shopify,True,,3,True,github_gist
mikescomics.myshopify.com,active_ecommerce,shopify,True,,3,True,github_gist
mikeshouseofbikes.myshopify.com,active_ecommerce,shopify,True,,3,True,github_gist
mikespencer.myshopify.com,active_ecommerce,shopify,True,,3,True,github_gist
mikesplace.myshopify.com,active_ecommerce,shopify,True,,3,True,github_gist
mikestees.myshopify.com,active_ecommerce,shopify,True,,3,True,github_gist
mikestest.myshopify.com,active_ecommerce,shopify,True,,3,True,github_gist
mikestest1.myshopify.com,active_ecommerce,shopify,True,,3,True,github_gist
mikexstudios.myshopify.com,active_ecommerce,shopify,True,,3,True,github_gist
miks.myshopify.com,active_ecommerce,shopify,True,,3,True,github_gist
milanofitness.myshopify.com,active_ecommerce,shopify,True,,3,True,github_gist
mildcare.myshopify.com,active_ecommerce,shopify,True,,3,True,github_gist
miles.myshopify.com,active_ecommerce,shopify,True,,3,True,github_gist
military.myshopify.com,active_ecommerce,shopify,True,,3,True,github_gist
milker.myshopify.com,active_ecommerce,shopify,True,,3,True,github_gist
milkmag.myshopify.com,active_ecommerce,shopify,True,,3,True,github_gist
millenniatech.myshopify.com,active_ecommerce,shopify,True,,3,True,github_gist
milleunapagina.myshopify.com,active_ecommerce,shopify,True,,3,True,github_gist
milus.myshopify.com,active_ecommerce,shopify,True,,3,True,github_gist
mimami.myshopify.com,active_ecommerce,shopify,True,,3,True,github_gist
mimaneraalasalud.myshopify.com,active_ecommerce,shopify,True,,3,True,github_gist
mimiz.myshopify.com,active_ecommerce,shopify,True,,3,True,github_gist
mimoso.myshopify.com,active_ecommerce,shopify,True,,3,True,github_gist
minakov.myshopify.com,active_ecommerce,shopify,True,,3,True,github_gist
mindreef.myshopify.com,active_ecommerce,shopify,True,,3,True,github_gist
mindsmith.myshopify.com,active_ecommerce,shopify,True,,3,True,github_gist
mindtools.myshopify.com,active_ecommerce,shopify,True,,3,True,github_gist
mindtouch.myshopify.com,active_ecommerce,shopify,True,,3,True,github_gist
mine-d.myshopify.com,active_ecommerce,shopify,True,,3,True,github_gist
mineralmakeup.myshopify.com,active_ecommerce,shopify,True,,3,True,github_gist
ming.myshopify.com,active_ecommerce,shopify,True,,3,True,github_gist
mingkeming.myshopify.com,active_ecommerce,shopify,True,,3,True,github_gist
mingomango.myshopify.com,active_ecommerce,shopify,True,,3,True,github_gist
mingshop.myshopify.com,active_ecommerce,shopify,True,,3,True,github_gist
minhnt.myshopify.com,active_ecommerce,shopify,True,,3,True,github_gist
miniburrito.myshopify.com,active_ecommerce,shopify,True,,3,True,github_gist
minichix.myshopify.com,active_ecommerce,shopify,True,,3,True,github_gist
minimagiconlineshop.myshopify.com,active_ecommerce,shopify,True,,3,True,github_gist
minimetre.myshopify.com,active_ecommerce,shopify,True,,3,True,github_gist
miniowl.myshopify.com,active_ecommerce,shopify,True,,3,True,github_gist
minipig.myshopify.com,active_ecommerce,shopify,True,,3,True,github_gist
minishop.myshopify.com,active_ecommerce,shopify,True,,3,True,github_gist
minitest.myshopify.com,active_ecommerce,shopify,True,,3,True,github_gist
minskcity.myshopify.com,active_ecommerce,shopify,True,,3,True,github_gist
mint.myshopify.com,active_ecommerce,shopify,True,,3,True,github_gist
minuteman.myshopify.com,active_ecommerce,shopify,True,,3,True,github_gist
minutosdeleitura.myshopify.com,active_ecommerce,shopify,True,,3,True,github_gist
miovel.myshopify.com,active_ecommerce,shopify,True,,3,True,github_gist
miphoto.myshopify.com,active_ecommerce,shopify,True,,3,True,github_gist
miptendaprosperar.myshopify.com,active_ecommerce,shopify,True,,3,True,github_gist
miptendavirtual.myshopify.com,active_ecommerce,shopify,True,,3,True,github_gist
miraculo.myshopify.com,active_ecommerce,shopify,True,,3,True,github_gist
mirage.myshopify.com,active_ecommerce,shopify,True,,3,True,github_gist
miranda-fotografie.myshopify.com,active_ecommerce,shopify,True,,3,True,github_gist
mirfak.myshopify.com,active_ecommerce,shopify,True,,3,True,github_gist
miriamlovell.myshopify.com,active_ecommerce,shopify,True,,3,True,github_gist
mirko.myshopify.com,active_ecommerce,shopify,True,,3,True,github_gist
miro.myshopify.com,active_ecommerce,shopify,True,,3,True,github_gist
mirvish.myshopify.com,active_ecommerce,shopify,True,,3,True,github_gist
mirza.myshopify.com,active_ecommerce,shopify,True,,3,True,github_gist
misato.myshopify.com,active_ecommerce,shopify,True,,3,True,github_gist
misc.myshopify.com,active_ecommerce,shopify,True,,3,True,github_gist
misg.myshopify.com,active_ecommerce,shopify,True,,3,True,github_gist
misread.myshopify.com,active_ecommerce,shopify,True,,3,True,github_gist
missha.myshopify.com,active_ecommerce,shopify,True,,3,True,github_gist
missmac.myshopify.com,active_ecommerce,shopify,True,,3,True,github_gist
misstwiss.myshopify.com,active_ecommerce,shopify,True,,3,True,github_gist
missysue.myshopify.com,active_ecommerce,shopify,True,,3,True,github_gist
misteroriginal.myshopify.com,active_ecommerce,shopify,True,,3,True,github_gist
misterwills.myshopify.com,active_ecommerce,shopify,True,,3,True,github_gist
mistral.myshopify.com,active_ecommerce,shopify,True,,3,True,github_gist
misu.myshopify.com,active_ecommerce,shopify,True,,3,True,github_gist
mitch.myshopify.com,active_ecommerce,shopify,True,,3,True,github_gist
mitienda.myshopify.com,active_ecommerce,shopify,True,,3,True,github_gist
mitja.myshopify.com,active_ecommerce,shopify,True,,3,True,github_gist
mitoff.myshopify.com,active_ecommerce,shopify,True,,3,True,github_gist
mitrasukses.myshopify.com,active_ecommerce,shopify,True,,3,True,github_gist
mittagsmenues.myshopify.com,active_ecommerce,shopify,True,,3,True,github_gist
mitten.myshopify.com,active_ecommerce,shopify,True,,3,True,github_gist
mixage.myshopify.com,active_ecommerce,shopify,True,,3,True,github_gist
mixedmusic.myshopify.com,active_ecommerce,shopify,True,,3,True,github_gist
mixian.myshopify.com,active_ecommerce,shopify,True,,3,True,github_gist
mixmaster.myshopify.com,active_ecommerce,shopify,True,,3,True,github_gist
mixtures.myshopify.com,active_ecommerce,shopify,True,,3,True,github_gist
mkhard.myshopify.com,active_ecommerce,shopify,True,,3,True,github_gist
mkzn.myshopify.com,active_ecommerce,shopify,True,,3,True,github_gist
mlbshop.myshopify.com,active_ecommerce,shopify,True,,3,True,github_gist
mlhawkins.myshopify.com,active_ecommerce,shopify,True,,3,True,github_gist
mlmleads.myshopify.com,active_ecommerce,shopify,True,,3,True,github_gist
mm-98.myshopify.com,active_ecommerce,shopify,True,,3,True,github_gist
mmenterprise.myshopify.com,active_ecommerce,shopify,True,,3,True,github_gist
mmgrp.myshopify.com,active_ecommerce,shopify,True,,3,True,github_gist
mmtd.myshopify.com,active_ecommerce,shopify,True,,3,True,github_gist
mnffl.myshopify.com,active_ecommerce,shopify,True,,3,True,github_gist
mo-no.myshopify.com,active_ecommerce,shopify,True,,3,True,github_gist
mobi.myshopify.com,active_ecommerce,shopify,True,,3,True,github_gist
mobicom.myshopify.com,active_ecommerce,shopify,True,,3,True,github_gist
mobilbok.myshopify.com,active_ecommerce,shopify,True,,3,True,github_gist
mobile.myshopify.com,active_ecommerce,shopify,True,,3,True,github_gist
mobile4you.myshopify.com,active_ecommerce,shopify,True,,3,True,github_gist
mobileedge.myshopify.com,active_ecommerce,shopify,True,,3,True,github_gist
mobilejoy.myshopify.com,active_ecommerce,shopify,True,,3,True,github_gist
mobilephones.myshopify.com,active_ecommerce,shopify,True,,3,True,github_gist
mobilepp.myshopify.com,active_ecommerce,shopify,True,,3,True,github_gist
mobistuffs.myshopify.com,active_ecommerce,shopify,True,,3,True,github_gist
mobsi.myshopify.com,active_ecommerce,shopify,True,,3,True,github_gist
mocaine.myshopify.com,active_ecommerce,shopify,True,,3,True,github_gist
moccasweet.myshopify.com,active_ecommerce,shopify,True,,3,True,github_gist
mochi.myshopify.com,active_ecommerce,shopify,True,,3,True,github_gist
moda.myshopify.com,active_ecommerce,shopify,True,,3,True,github_gist
modatrendy.myshopify.com,active_ecommerce,shopify,True,,3,True,github_gist
models.myshopify.com,active_ecommerce,shopify,True,,3,True,github_gist
modern.myshopify.com,active_ecommerce,shopify,True,,3,True,github_gist
modernretro.myshopify.com,active_ecommerce,shopify,True,,3,True,github_gist
modernstitches.myshopify.com,active_ecommerce,shopify,True,,3,True,github_gist
modeus.myshopify.com,active_ecommerce,shopify,True,,3,True,github_gist
modex.myshopify.com,active_ecommerce,shopify,True,,3,True,github_gist
modified.myshopify.com,active_ecommerce,shopify,True,,3,True,github_gist
modiste.myshopify.com,active_ecommerce,shopify,True,,3,True,github_gist
modshop.myshopify.com,active_ecommerce,shopify,True,,3,True,github_gist
moebel.myshopify.com,active_ecommerce,shopify,True,,3,True,github_gist
mojo.myshopify.com,active_ecommerce,shopify,True,,3,True,github_gist
mojooo.myshopify.com,active_ecommerce,shopify,True,,3,True,github_gist
mojotees.myshopify.com,active_ecommerce,shopify,True,,3,True,github_gist
mokka.myshopify.com,active_ecommerce,shopify,True,,3,True,github_gist
moli.myshopify.com,active_ecommerce,shopify,True,,3,True,github_gist
moll-technology-visions-shop.myshopify.com,active_ecommerce,shopify,True,,3,True,github_gist
mollygear.myshopify.com,active_ecommerce,shopify,True,,3,True,github_gist
molokaibeauty.myshopify.com,active_ecommerce,shopify,True,,3,True,github_gist
moloop.myshopify.com,active_ecommerce,shopify,True,,3,True,github_gist
mommyprints.myshopify.com,active_ecommerce,shopify,True,,3,True,github_gist
momofoko.myshopify.com,active_ecommerce,shopify,True,,3,True,github_gist
momofoto.myshopify.com,active_ecommerce,shopify,True,,3,True,github_gist
momokofo.myshopify.com,active_ecommerce,shopify,True,,3,True,github_gist
momscrib.myshopify.com,active_ecommerce,shopify,True,,3,True,github_gist
momswag.myshopify.com,active_ecommerce,shopify,True,,3,True,github_gist
moncafe.myshopify.com,active_ecommerce,shopify,True,,3,True,github_gist
mondayblues.myshopify.com,active_ecommerce,shopify,True,,3,True,github_gist
monds.myshopify.com,active_ecommerce,shopify,True,,3,True,github_gist
moneyspiderz.myshopify.com,active_ecommerce,shopify,True,,3,True,github_gist
mongolian.myshopify.com,active_ecommerce,shopify,True,,3,True,github_gist
monikaspa.myshopify.com,active_ecommerce,shopify,True,,3,True,github_gist
monili.myshopify.com,active_ecommerce,shopify,True,,3,True,github_gist
monique.myshopify.com,active_ecommerce,shopify,True,,3,True,github_gist
monitorbooks.myshopify.com,active_ecommerce,shopify,True,,3,True,github_gist
monk.myshopify.com,active_ecommerce,shopify,True,,3,True,github_gist
monkey.myshopify.com,active_ecommerce,shopify,True,,3,True,github_gist
monkeybanana.myshopify.com,active_ecommerce,shopify,True,,3,True,github_gist
monkeysstore.myshopify.com,active_ecommerce,shopify,True,,3,True,github_gist
monkeytshirts.myshopify.com,active_ecommerce,shopify,True,,3,True,github_gist
monogramme.myshopify.com,active_ecommerce,shopify,True,,3,True,github_gist
monomood.myshopify.com,active_ecommerce,shopify,True,,3,True,github_gist
monozool.myshopify.com,active_ecommerce,shopify,True,,3,True,github_gist
monroviadesign.myshopify.com,active_ecommerce,shopify,True,,3,True,github_gist
monseyswimschool.myshopify.com,active_ecommerce,shopify,True,,3,True,github_gist
monshop.myshopify.com,active_ecommerce,shopify,True,,3,True,github_gist
monsommelier.myshopify.com,active_ecommerce,shopify,True,,3,True,github_gist
monsoonarts.myshopify.com,active_ecommerce,shopify,True,,3,True,github_gist
monstercrayons.myshopify.com,active_ecommerce,shopify,True,,3,True,github_gist
monstergarage.myshopify.com,active_ecommerce,shopify,True,,3,True,github_gist
monstermonster.myshopify.com,active_ecommerce,shopify,True,,3,True,github_gist
monstershop.myshopify.com,active_ecommerce,shopify,True,,3,True,github_gist
montacargas.myshopify.com,active_ecommerce,shopify,True,,3,True,github_gist
montgomery.myshopify.com,active_ecommerce,shopify,True,,3,True,github_gist
montrealarabs.myshopify.com,active_ecommerce,shopify,True,,3,True,github_gist
mooba.myshopify.com,active_ecommerce,shopify,True,,3,True,github_gist
moodern.myshopify.com,active_ecommerce,shopify,True,,3,True,github_gist
moon.myshopify.com,active_ecommerce,shopify,True,,3,True,github_gist
moonlite.myshopify.com,active_ecommerce,shopify,True,,3,True,github_gist
moonsoup.myshopify.com,active_ecommerce,shopify,True,,3,True,github_gist
moores.myshopify.com,active_ecommerce,shopify,True,,3,True,github_gist
moorey.myshopify.com,active_ecommerce,shopify,True,,3,True,github_gist
mootrealm.myshopify.com,active_ecommerce,shopify,True,,3,True,github_gist
moove.myshopify.com,active_ecommerce,shopify,True,,3,True,github_gist
mopx.myshopify.com,active_ecommerce,shopify,True,,3,True,github_gist
moralitees.myshopify.com,active_ecommerce,shopify,True,,3,True,github_gist
mordorblog.myshopify.com,active_ecommerce,shopify,True,,3,True,github_gist
moreairroom.myshopify.com,active_ecommerce,shopify,True,,3,True,github_gist
morebunting.myshopify.com,active_ecommerce,shopify,True,,3,True,github_gist
moresolutions.myshopify.com,active_ecommerce,shopify,True,,3,True,github_gist
morethanreeds.myshopify.com,active_ecommerce,shopify,True,,3,True,github_gist
morfunk.myshopify.com,active_ecommerce,shopify,True,,3,True,github_gist
morninglorysudios.myshopify.com,active_ecommerce,shopify,True,,3,True,github_gist
morrow-stitch-n-sew.myshopify.com,active_ecommerce,shopify,True,,3,True,github_gist
mortgagefiledividers.myshopify.com,active_ecommerce,shopify,True,,3,True,github_gist
moserious.myshopify.com,active_ecommerce,shopify,True,,3,True,github_gist
mosthighworkstest.myshopify.com,active_ecommerce,shopify,True,,3,True,github_gist
mostlysimchas.myshopify.com,active_ecommerce,shopify,True,,3,True,github_gist
mothernature.myshopify.com,active_ecommerce,shopify,True,,3,True,github_gist
motion.myshopify.com,active_ecommerce,shopify,True,,3,True,github_gist
motley.myshopify.com,active_ecommerce,shopify,True,,3,True,github_gist
moto.myshopify.com,active_ecommerce,shopify,True,,3,True,github_gist
motobuzz.myshopify.com,active_ecommerce,shopify,True,,3,True,github_gist
motointernational.myshopify.com,active_ecommerce,shopify,True,,3,True,github_gist
motor.myshopify.com,active_ecommerce,shopify,True,,3,True,github_gist
motorcarfora.myshopify.com,active_ecommerce,shopify,True,,3,True,github_gist
motoromania.myshopify.com,active_ecommerce,shopify,True,,3,True,github_gist
motorsportnews.myshopify.com,active_ecommerce,shopify,True,,3,True,github_gist
mototech.myshopify.com,active_ecommerce,shopify,True,,3,True,github_gist
motus.myshopify.com,active_ecommerce,shopify,True,,3,True,github_gist
mound.myshopify.com,active_ecommerce,shopify,True,,3,True,github_gist
mountainboardingmag.myshopify.com,active_ecommerce,shopify,True,,3,True,github_gist
mountaincove.myshopify.com,active_ecommerce,shopify,True,,3,True,github_gist
mountainpass.myshopify.com,active_ecommerce,shopify,True,,3,True,github_gist
mountains.myshopify.com,active_ecommerce,shopify,True,,3,True,github_gist
mouse.myshopify.com,active_ecommerce,shopify,True,,3,True,github_gist
moveamenity.myshopify.com,active_ecommerce,shopify,True,,3,True,github_gist
movel.myshopify.com,active_ecommerce,shopify,True,,3,True,github_gist
movieexposhop.myshopify.com,active_ecommerce,shopify,True,,3,True,github_gist
movieplus.myshopify.com,active_ecommerce,shopify,True,,3,True,github_gist
movieproposal.myshopify.com,active_ecommerce,shopify,True,,3,True,github_gist
movies.myshopify.com,active_ecommerce,shopify,True,,3,True,github_gist
moviescripts.myshopify.com,active_ecommerce,shopify,True,,3,True,github_gist
movingpictures.myshopify.com,active_ecommerce,shopify,True,,3,True,github_gist
moxy.myshopify.com,active_ecommerce,shopify,True,,3,True,github_gist
mozami.myshopify.com,active_ecommerce,shopify,True,,3,True,github_gist
moznosti.myshopify.com,active_ecommerce,shopify,True,,3,True,github_gist
mp3player.myshopify.com,active_ecommerce,shopify,True,,3,True,github_gist
mp3s.myshopify.com,active_ecommerce,shopify,True,,3,True,github_gist
mpct.myshopify.com,active_ecommerce,shopify,True,,3,True,github_gist
mpdmp.myshopify.com,active_ecommerce,shopify,True,,3,True,github_gist
mrdavevoge.myshopify.com,active_ecommerce,shopify,True,,3,True,github_gist
mrfancyjunk.myshopify.com,active_ecommerce,shopify,True,,3,True,github_gist
mrhanta.myshopify.com,active_ecommerce,shopify,True,,3,True,github_gist
mrjdvd.myshopify.com,active_ecommerce,shopify,True,,3,True,github_gist
mrmr.myshopify.com,active_ecommerce,shopify,True,,3,True,github_gist
mrsbs.myshopify.com,active_ecommerce,shopify,True,,3,True,github_gist
mrsmay.myshopify.com,active_ecommerce,shopify,True,,3,True,github_gist
mryap.myshopify.com,active_ecommerce,shopify,True,,3,True,github_gist
ms2006.myshopify.com,active_ecommerce,shopify,True,,3,True,github_gist
msauer.myshopify.com,active_ecommerce,shopify,True,,3,True,github_gist
mshop.myshopify.com,active_ecommerce,shopify,True,,3,True,github_gist
msia.myshopify.com,active_ecommerce,shopify,True,,3,True,github_gist
mspay.myshopify.com,active_ecommerce,shopify,True,,3,True,github_gist
mspinkertons.myshopify.com,active_ecommerce,shopify,True,,3,True,github_gist
msplantfood.myshopify.com,active_ecommerce,shopify,True,,3,True,github_gist
msptest.myshopify.com,active_ecommerce,shopify,True,,3,True,github_gist
msroutlet.myshopify.com,active_ecommerce,shopify,True,,3,True,github_gist
mstore.myshopify.com,active_ecommerce,shopify,True,,3,True,github_gist
msxxx.myshopify.com,active_ecommerce,shopify,True,,3,True,github_gist
mt2d2.myshopify.com,active_ecommerce,shopify,True,,3,True,github_gist
mtebodycare.myshopify.com,active_ecommerce,shopify,True,,3,True,github_gist
mtech.myshopify.com,active_ecommerce,shopify,True,,3,True,github_gist
mtyfasion.myshopify.com,active_ecommerce,shopify,True,,3,True,github_gist
muaban.myshopify.com,active_ecommerce,shopify,True,,3,True,github_gist
mudgeeproductions.myshopify.com,active_ecommerce,shopify,True,,3,True,github_gist
mudin001.myshopify.com,active_ecommerce,shopify,True,,3,True,github_gist
mueblenkit.myshopify.com,active_ecommerce,shopify,True,,3,True,github_gist
muff.myshopify.com,active_ecommerce,shopify,True,,3,True,github_gist
mufisto.myshopify.com,active_ecommerce,shopify,True,,3,True,github_gist
mugel.myshopify.com,active_ecommerce,shopify,True,,3,True,github_gist
mugs.myshopify.com,active_ecommerce,shopify,True,,3,True,github_gist
muller-records.myshopify.com,active_ecommerce,shopify,True,,3,True,github_gist
multidot.myshopify.com,active_ecommerce,shopify,True,,3,True,github_gist
multifarious.myshopify.com,active_ecommerce,shopify,True,,3,True,github_gist
multisport.myshopify.com,active_ecommerce,shopify,True,,3,True,github_gist
munich.myshopify.com,active_ecommerce,shopify,True,,3,True,github_gist
munix.myshopify.com,active_ecommerce,shopify,True,,3,True,github_gist
muppetmaster.myshopify.com,active_ecommerce,shopify,True,,3,True,github_gist
murali.myshopify.com,active_ecommerce,shopify,True,,3,True,github_gist
murat.myshopify.com,active_ecommerce,shopify,True,,3,True,github_gist
murtada.myshopify.com,active_ecommerce,shopify,True,,3,True,github_gist
musatelier.myshopify.com,active_ecommerce,shopify,True,,3,True,github_gist
muscle.myshopify.com,active_ecommerce,shopify,True,,3,True,github_gist
musea.myshopify.com,active_ecommerce,shopify,True,,3,True,github_gist
music-travels.myshopify.com,active_ecommerce,shopify,True,,3,True,github_gist
musicadium.myshopify.com,active_ecommerce,shopify,True,,3,True,github_gist
musicbands.myshopify.com,active_ecommerce,shopify,True,,3,True,github_gist
musiciansgun.myshopify.com,active_ecommerce,shopify,True,,3,True,github_gist
musiciansgunclothing.myshopify.com,active_ecommerce,shopify,True,,3,True,github_gist
musicme.myshopify.com,active_ecommerce,shopify,True,,3,True,github_gist
musicmerchandise.myshopify.com,active_ecommerce,shopify,True,,3,True,github_gist
musicpheed.myshopify.com,active_ecommerce,shopify,True,,3,True,github_gist
musicsales.myshopify.com,active_ecommerce,shopify,True,,3,True,github_gist
musicstore.myshopify.com,active_ecommerce,shopify,True,,3,True,github_gist
mustafa.myshopify.com,active_ecommerce,shopify,True,,3,True,github_gist
mustrock.myshopify.com,active_ecommerce,shopify,True,,3,True,github_gist
mutant.myshopify.com,active_ecommerce,shopify,True,,3,True,github_gist
mutex.myshopify.com,active_ecommerce,shopify,True,,3,True,github_gist
muyen1.myshopify.com,active_ecommerce,shopify,True,,3,True,github_gist
muzzo.myshopify.com,active_ecommerce,shopify,True,,3,True,github_gist
mvandam.myshopify.com,active_ecommerce,shopify,True,,3,True,github_gist
mversion.myshopify.com,active_ecommerce,shopify,True,,3,True,github_gist
mvmt.myshopify.com,active_ecommerce,shopify,True,,3,True,github_gist
mw8127.myshopify.com,active_ecommerce,shopify,True,,3,True,github_gist
mxcraft.myshopify.com,active_ecommerce,shopify,True,,3,True,github_gist
mxprototype202.myshopify.com,active_ecommerce,shopify,True,,3,True,github_gist
mxshop.myshopify.com,active_ecommerce,shopify,True,,3,True,github_gist
my-test-shop.myshopify.com,active_ecommerce,shopify,True,,3,True,github_gist
my8bits.myshopify.com,active_ecommerce,shopify,True,,3,True,github_gist
myagent.myshopify.com,active_ecommerce,shopify,True,,3,True,github_gist
myamazon.myshopify.com,active_ecommerce,shopify,True,,3,True,github_gist
myapparel.myshopify.com,active_ecommerce,shopify,True,,3,True,github_gist
myapple.myshopify.com,active_ecommerce,shopify,True,,3,True,github_gist
mybag.myshopify.com,active_ecommerce,shopify,True,,3,True,github_gist
mybags.myshopify.com,active_ecommerce,shopify,True,,3,True,github_gist
mybetatest.myshopify.com,active_ecommerce,shopify,True,,3,True,github_gist
myboekrak.myshopify.com,active_ecommerce,shopify,True,,3,True,github_gist
mybookshelftoyours.myshopify.com,active_ecommerce,shopify,True,,3,True,github_gist
mybuttons.myshopify.com,active_ecommerce,shopify,True,,3,True,github_gist
mycandiesbycarol.myshopify.com,active_ecommerce,shopify,True,,3,True,github_gist
mychorizo.myshopify.com,active_ecommerce,shopify,True,,3,True,github_gist
myclimate.myshopify.com,active_ecommerce,shopify,True,,3,True,github_gist
mycoolshop.myshopify.com,active_ecommerce,shopify,True,,3,True,github_gist
mycozycuddle.myshopify.com,active_ecommerce,shopify,True,,3,True,github_gist
mycreations.myshopify.com,active_ecommerce,shopify,True,,3,True,github_gist
mydatahub.myshopify.com,active_ecommerce,shopify,True,,3,True,github_gist
mydesignerfashions.myshopify.com,active_ecommerce,shopify,True,,3,True,github_gist
mydvd.myshopify.com,active_ecommerce,shopify,True,,3,True,github_gist
myeshop.myshopify.com,active_ecommerce,shopify,True,,3,True,github_gist
myesltv.myshopify.com,active_ecommerce,shopify,True,,3,True,github_gist
myessentials.myshopify.com,active_ecommerce,shopify,True,,3,True,github_gist
myfirst.myshopify.com,active_ecommerce,shopify,True,,3,True,github_gist
myfirstmillion.myshopify.com,active_ecommerce,shopify,True,,3,True,github_gist
myfirstshop.myshopify.com,active_ecommerce,shopify,True,,3,True,github_gist
myflowershop.myshopify.com,active_ecommerce,shopify,True,,3,True,github_gist
mygarage.myshopify.com,active_ecommerce,shopify,True,,3,True,github_gist
mygoods.myshopify.com,active_ecommerce,shopify,True,,3,True,github_gist
mygps.myshopify.com,active_ecommerce,shopify,True,,3,True,github_gist
mygreenplace.myshopify.com,active_ecommerce,shopify,True,,3,True,github_gist
myintarweb.myshopify.com,active_ecommerce,shopify,True,,3,True,github_gist
mylittleshop.myshopify.com,active_ecommerce,shopify,True,,3,True,github_gist
mymarket.myshopify.com,active_ecommerce,shopify,True,,3,True,github_gist
mymusicselect.myshopify.com,active_ecommerce,shopify,True,,3,True,github_gist
mynameisiran.myshopify.com,active_ecommerce,shopify,True,,3,True,github_gist
mynameislestat.myshopify.com,active_ecommerce,shopify,True,,3,True,github_gist
mynms.myshopify.com,active_ecommerce,shopify,True,,3,True,github_gist
myottawahome.myshopify.com,active_ecommerce,shopify,True,,3,True,github_gist
myownbeat.myshopify.com,active_ecommerce,shopify,True,,3,True,github_gist
myphotos.myshopify.com,active_ecommerce,shopify,True,,3,True,github_gist
mypocketcity.myshopify.com,active_ecommerce,shopify,True,,3,True,github_gist
mypod.myshopify.com,active_ecommerce,shopify,True,,3,True,github_gist
myrtlednene.myshopify.com,active_ecommerce,shopify,True,,3,True,github_gist
mysalviadreams.myshopify.com,active_ecommerce,shopify,True,,3,True,github_gist
mysample.myshopify.com,active_ecommerce,shopify,True,,3,True,github_gist
myself.myshopify.com,active_ecommerce,shopify,True,,3,True,github_gist
myshopepoque.myshopify.com,active_ecommerce,shopify,True,,3,True,github_gist
myshopping.myshopify.com,active_ecommerce,shopify,True,,3,True,github_gist
myshoppingplace.myshopify.com,active_ecommerce,shopify,True,,3,True,github_gist
myshoptest.myshopify.com,active_ecommerce,shopify,True,,3,True,github_gist
myshoptest1.myshopify.com,active_ecommerce,shopify,True,,3,True,github_gist
myshpa.myshopify.com,active_ecommerce,shopify,True,,3,True,github_gist
mysisterscloset.myshopify.com,active_ecommerce,shopify,True,,3,True,github_gist
mysoreyogastore.myshopify.com,active_ecommerce,shopify,True,,3,True,github_gist
mysoul.myshopify.com,active_ecommerce,shopify,True,,3,True,github_gist
mystore.myshopify.com,active_ecommerce,shopify,True,,3,True,github_gist
mystuff.myshopify.com,active_ecommerce,shopify,True,,3,True,github_gist
mytch.myshopify.com,active_ecommerce,shopify,True,,3,True,github_gist
mytechbaby.myshopify.com,active_ecommerce,shopify,True,,3,True,github_gist
mytee.myshopify.com,active_ecommerce,shopify,True,,3,True,github_gist
mytes.myshopify.com,active_ecommerce,shopify,True,,3,True,github_gist
myteste.myshopify.com,active_ecommerce,shopify,True,,3,True,github_gist
mytestshop.myshopify.com,active_ecommerce,shopify,True,,3,True,github_gist
myteststore.myshopify.com,active_ecommerce,shopify,True,,3,True,github_gist
mytika.myshopify.com,active_ecommerce,shopify,True,,3,True,github_gist
mytravla.myshopify.com,active_ecommerce,shopify,True,,3,True,github_gist
mytreasureheart.myshopify.com,active_ecommerce,shopify,True,,3,True,github_gist
myway.myshopify.com,active_ecommerce,shopify,True,,3,True,github_gist
myweb.myshopify.com,active_ecommerce,shopify,True,,3,True,github_gist
mywoodpens.myshopify.com,active_ecommerce,shopify,True,,3,True,github_gist
n-scripts.myshopify.com,active_ecommerce,shopify,True,,3,True,github_gist
n2solutions.myshopify.com,active_ecommerce,shopify,True,,3,True,github_gist
nackibutz.myshopify.com,active_ecommerce,shopify,True,,3,True,github_gist
nacnud.myshopify.com,active_ecommerce,shopify,True,,3,True,github_gist
nada.myshopify.com,active_ecommerce,shopify,True,,3,True,github_gist
nagnu.myshopify.com,active_ecommerce,shopify,True,,3,True,github_gist
nails.myshopify.com,active_ecommerce,shopify,True,,3,True,github_gist
namaste.myshopify.com,active_ecommerce,shopify,True,,3,True,github_gist
name-meanings.myshopify.com,active_ecommerce,shopify,True,,3,True,github_gist
namibiapc.myshopify.com,active_ecommerce,shopify,True,,3,True,github_gist
namor.myshopify.com,active_ecommerce,shopify,True,,3,True,github_gist
namu.myshopify.com,active_ecommerce,shopify,True,,3,True,github_gist
nana.myshopify.com,active_ecommerce,shopify,True,,3,True,github_gist
nancybazaar.myshopify.com,active_ecommerce,shopify,True,,3,True,github_gist
nancysvirtualoffice.myshopify.com,active_ecommerce,shopify,True,,3,True,github_gist
nandu.myshopify.com,active_ecommerce,shopify,True,,3,True,github_gist
nanieplanete.myshopify.com,active_ecommerce,shopify,True,,3,True,github_gist
naniteservices.myshopify.com,active_ecommerce,shopify,True,,3,True,github_gist
nanomonkey.myshopify.com,active_ecommerce,shopify,True,,3,True,github_gist
nanopub.myshopify.com,active_ecommerce,shopify,True,,3,True,github_gist
nansbuttonbox.myshopify.com,active_ecommerce,shopify,True,,3,True,github_gist
narain.myshopify.com,active_ecommerce,shopify,True,,3,True,github_gist
nareau.myshopify.com,active_ecommerce,shopify,True,,3,True,github_gist
narin.myshopify.com,active_ecommerce,shopify,True,,3,True,github_gist
naruto.myshopify.com,active_ecommerce,shopify,True,,3,True,github_gist
nasadenova.myshopify.com,active_ecommerce,shopify,True,,3,True,github_gist
nashirah.myshopify.com,active_ecommerce,shopify,True,,3,True,github_gist
nastytanga.myshopify.com,active_ecommerce,shopify,True,,3,True,github_gist
natalieandjoe.myshopify.com,active_ecommerce,shopify,True,,3,True,github_gist
nate.myshopify.com,active_ecommerce,shopify,True,,3,True,github_gist
natedillon.myshopify.com,active_ecommerce,shopify,True,,3,True,github_gist
natesshop.myshopify.com,active_ecommerce,shopify,True,,3,True,github_gist
natural.myshopify.com,active_ecommerce,shopify,True,,3,True,github_gist
naturalhealth.myshopify.com,active_ecommerce,shopify,True,,3,True,github_gist
natureart.myshopify.com,active_ecommerce,shopify,True,,3,True,github_gist
naturelook.myshopify.com,active_ecommerce,shopify,True,,3,True,github_gist
naturevet.myshopify.com,active_ecommerce,shopify,True,,3,True,github_gist
naturwaren.myshopify.com,active_ecommerce,shopify,True,,3,True,github_gist
natz-doh.myshopify.com,active_ecommerce,shopify,True,,3,True,github_gist
natz.myshopify.com,active_ecommerce,shopify,True,,3,True,github_gist
naughty.myshopify.com,active_ecommerce,shopify,True,,3,True,github_gist
naughtyleo.myshopify.com,active_ecommerce,shopify,True,,3,True,github_gist
navarra.myshopify.com,active_ecommerce,shopify,True,,3,True,github_gist
naveed.myshopify.com,active_ecommerce,shopify,True,,3,True,github_gist
naveen.myshopify.com,active_ecommerce,shopify,True,,3,True,github_gist
navi.myshopify.com,active_ecommerce,shopify,True,,3,True,github_gist
navibazar.myshopify.com,active_ecommerce,shopify,True,,3,True,github_gist
navid.myshopify.com,active_ecommerce,shopify,True,,3,True,github_gist
navidad.myshopify.com,active_ecommerce,shopify,True,,3,True,github_gist
navilabscorp.myshopify.com,active_ecommerce,shopify,True,,3,True,github_gist
nayiri.myshopify.com,active_ecommerce,shopify,True,,3,True,github_gist
nazcan.myshopify.com,active_ecommerce,shopify,True,,3,True,github_gist
nazfaz.myshopify.com,active_ecommerce,shopify,True,,3,True,github_gist
nbgstore.myshopify.com,active_ecommerce,shopify,True,,3,True,github_gist
nbpb.myshopify.com,active_ecommerce,shopify,True,,3,True,github_gist
ndesk2test.myshopify.com,active_ecommerce,shopify,True,,3,True,github_gist
ndstyles.myshopify.com,active_ecommerce,shopify,True,,3,True,github_gist
near.myshopify.com,active_ecommerce,shopify,True,,3,True,github_gist
nearby.myshopify.com,active_ecommerce,shopify,True,,3,True,github_gist
neates.myshopify.com,active_ecommerce,shopify,True,,3,True,github_gist
nebilim.myshopify.com,active_ecommerce,shopify,True,,3,True,github_gist
necklace.myshopify.com,active_ecommerce,shopify,True,,3,True,github_gist
nedelja.myshopify.com,active_ecommerce,shopify,True,,3,True,github_gist
neds.myshopify.com,active_ecommerce,shopify,True,,3,True,github_gist
needfulstuff.myshopify.com,active_ecommerce,shopify,True,,3,True,github_gist
needlebyneedle.myshopify.com,active_ecommerce,shopify,True,,3,True,github_gist
nefariousstuff.myshopify.com,active_ecommerce,shopify,True,,3,True,github_gist
negativehorizon.myshopify.com,active_ecommerce,shopify,True,,3,True,github_gist
negogo.myshopify.com,active_ecommerce,shopify,True,,3,True,github_gist
neilk.myshopify.com,active_ecommerce,shopify,True,,3,True,github_gist
neilmerton.myshopify.com,active_ecommerce,shopify,True,,3,True,github_gist
neilrioszamora.myshopify.com,active_ecommerce,shopify,True,,3,True,github_gist
nelsonmart.myshopify.com,active_ecommerce,shopify,True,,3,True,github_gist
nemeroff.myshopify.com,active_ecommerce,shopify,True,,3,True,github_gist
nemo.myshopify.com,active_ecommerce,shopify,True,,3,True,github_gist
nemzi.myshopify.com,active_ecommerce,shopify,True,,3,True,github_gist
neoblock.myshopify.com,active_ecommerce,shopify,True,,3,True,github_gist
neofashion.myshopify.com,active_ecommerce,shopify,True,,3,True,github_gist
neoh.myshopify.com,active_ecommerce,shopify,True,,3,True,github_gist
neorbis.myshopify.com,active_ecommerce,shopify,True,,3,True,github_gist
neoshop.myshopify.com,active_ecommerce,shopify,True,,3,True,github_gist
neosign.myshopify.com,active_ecommerce,shopify,True,,3,True,github_gist
neosoft.myshopify.com,active_ecommerce,shopify,True,,3,True,github_gist
nepal.myshopify.com,active_ecommerce,shopify,True,,3,True,github_gist
neplusultra.myshopify.com,active_ecommerce,shopify,True,,3,True,github_gist
neptunesgrotto.myshopify.com,active_ecommerce,shopify,True,,3,True,github_gist
nerd.myshopify.com,active_ecommerce,shopify,True,,3,True,github_gist
nerdshop.myshopify.com,active_ecommerce,shopify,True,,3,True,github_gist
nervous.myshopify.com,active_ecommerce,shopify,True,,3,True,github_gist
nesbit-test2.myshopify.com,active_ecommerce,shopify,True,,3,True,github_gist
nesbit.myshopify.com,active_ecommerce,shopify,True,,3,True,github_gist
nest.myshopify.com,active_ecommerce,shopify,True,,3,True,github_gist
net3.myshopify.com,active_ecommerce,shopify,True,,3,True,github_gist
net5.myshopify.com,active_ecommerce,shopify,True,,3,True,github_gist
netadept.myshopify.com,active_ecommerce,shopify,True,,3,True,github_gist
nethost.myshopify.com,active_ecommerce,shopify,True,,3,True,github_gist
netinfox.myshopify.com,active_ecommerce,shopify,True,,3,True,github_gist
netlagoon.myshopify.com,active_ecommerce,shopify,True,,3,True,github_gist
netmania.myshopify.com,active_ecommerce,shopify,True,,3,True,github_gist
netonlive.myshopify.com,active_ecommerce,shopify,True,,3,True,github_gist
netsolutions.myshopify.com,active_ecommerce,shopify,True,,3,True,github_gist
netsoul.myshopify.com,active_ecommerce,shopify,True,,3,True,github_gist
netto.myshopify.com,active_ecommerce,shopify,True,,3,True,github_gist
netville.myshopify.com,active_ecommerce,shopify,True,,3,True,github_gist
neue.myshopify.com,active_ecommerce,shopify,True,,3,True,github_gist
neupix.myshopify.com,active_ecommerce,shopify,True,,3,True,github_gist
neus.myshopify.com,active_ecommerce,shopify,True,,3,True,github_gist
neverest.myshopify.com,active_ecommerce,shopify,True,,3,True,github_gist
nevermindus.myshopify.com,active_ecommerce,shopify,True,,3,True,github_gist
nevermindus2.myshopify.com,active_ecommerce,shopify,True,,3,True,github_gist
neverschwag.myshopify.com,active_ecommerce,shopify,True,,3,True,github_gist
new0101.myshopify.com,active_ecommerce,shopify,True,,3,True,github_gist
newamazon.myshopify.com,active_ecommerce,shopify,True,,3,True,github_gist
newbizen.myshopify.com,active_ecommerce,shopify,True,,3,True,github_gist
newbloodart.myshopify.com,active_ecommerce,shopify,True,,3,True,github_gist
newchoir.myshopify.com,active_ecommerce,shopify,True,,3,True,github_gist
newcitymedia.myshopify.com,active_ecommerce,shopify,True,,3,True,github_gist
newenglandseafoodcookbook.myshopify.com,active_ecommerce,shopify,True,,3,True,github_gist
newice.myshopify.com,active_ecommerce,shopify,True,,3,True,github_gist
newleafclothing.myshopify.com,active_ecommerce,shopify,True,,3,True,github_gist
newmedia.myshopify.com,active_ecommerce,shopify,True,,3,True,github_gist
newport.myshopify.com,active_ecommerce,shopify,True,,3,True,github_gist
news.myshopify.com,active_ecommerce,shopify,True,,3,True,github_gist
newsback.myshopify.com,active_ecommerce,shopify,True,,3,True,github_gist
newshop.myshopify.com,active_ecommerce,shopify,True,,3,True,github_gist
newsky.myshopify.com,active_ecommerce,shopify,True,,3,True,github_gist
newzealand.myshopify.com,active_ecommerce,shopify,True,,3,True,github_gist
nexodos.myshopify.com,active_ecommerce,shopify,True,,3,True,github_gist
nexshop.myshopify.com,active_ecommerce,shopify,True,,3,True,github_gist
nextaudio.myshopify.com,active_ecommerce,shopify,True,,3,True,github_gist
nextdigital.myshopify.com,active_ecommerce,shopify,True,,3,True,github_gist
nextelaccessorystore.myshopify.com,active_ecommerce,shopify,True,,3,True,github_gist
nextgames.myshopify.com,active_ecommerce,shopify,True,,3,True,github_gist
nextmedia.myshopify.com,active_ecommerce,shopify,True,,3,True,github_gist
nextone.myshopify.com,active_ecommerce,shopify,True,,3,True,github_gist
nexus.myshopify.com,active_ecommerce,shopify,True,,3,True,github_gist
nexxer.myshopify.com,active_ecommerce,shopify,True,,3,True,github_gist
ngmetro.myshopify.com,active_ecommerce,shopify,True,,3,True,github_gist
nguyenshop.myshopify.com,active_ecommerce,shopify,True,,3,True,github_gist
nhiusa.myshopify.com,active_ecommerce,shopify,True,,3,True,github_gist
nhrmc.myshopify.com,active_ecommerce,shopify,True,,3,True,github_gist
nicedissolve.myshopify.com,active_ecommerce,shopify,True,,3,True,github_gist
nicethings.myshopify.com,active_ecommerce,shopify,True,,3,True,github_gist
nicetshirts.myshopify.com,active_ecommerce,shopify,True,,3,True,github_gist
nicety.myshopify.com,active_ecommerce,shopify,True,,3,True,github_gist
nichadesign.myshopify.com,active_ecommerce,shopify,True,,3,True,github_gist
nicholashenry.myshopify.com,active_ecommerce,shopify,True,,3,True,github_gist
nickjorgensen.myshopify.com,active_ecommerce,shopify,True,,3,True,github_gist
nicklowicz.myshopify.com,active_ecommerce,shopify,True,,3,True,github_gist
nicknacks.myshopify.com,active_ecommerce,shopify,True,,3,True,github_gist
nicksapparel.myshopify.com,active_ecommerce,shopify,True,,3,True,github_gist
nickspicks.myshopify.com,active_ecommerce,shopify,True,,3,True,github_gist
nicksshop.myshopify.com,active_ecommerce,shopify,True,,3,True,github_gist
nicktest.myshopify.com,active_ecommerce,shopify,True,,3,True,github_gist
nico.myshopify.com,active_ecommerce,shopify,True,,3,True,github_gist
nicoara.myshopify.com,active_ecommerce,shopify,True,,3,True,github_gist
nicolas.myshopify.com,active_ecommerce,shopify,True,,3,True,github_gist
niels.myshopify.com,active_ecommerce,shopify,True,,3,True,github_gist
niggi.myshopify.com,active_ecommerce,shopify,True,,3,True,github_gist
nightglass.myshopify.com,active_ecommerce,shopify,True,,3,True,github_gist
nightlight.myshopify.com,active_ecommerce,shopify,True,,3,True,github_gist
nightshots.myshopify.com,active_ecommerce,shopify,True,,3,True,github_gist
nike.myshopify.com,active_ecommerce,shopify,True,,3,True,github_gist
nikitalynn.myshopify.com,active_ecommerce,shopify,True,,3,True,github_gist
nikki.myshopify.com,active_ecommerce,shopify,True,,3,True,github_gist
nikochan.myshopify.com,active_ecommerce,shopify,True,,3,True,github_gist
nikos.myshopify.com,active_ecommerce,shopify,True,,3,True,github_gist
nilegreen.myshopify.com,active_ecommerce,shopify,True,,3,True,github_gist
nilsen.myshopify.com,active_ecommerce,shopify,True,,3,True,github_gist
nineam.myshopify.com,active_ecommerce,shopify,True,,3,True,github_gist
ninemonthslater.myshopify.com,active_ecommerce,shopify,True,,3,True,github_gist
ninesides.myshopify.com,active_ecommerce,shopify,True,,3,True,github_gist
ninetyninetolife.myshopify.com,active_ecommerce,shopify,True,,3,True,github_gist
ninja.myshopify.com,active_ecommerce,shopify,True,,3,True,github_gist
ninjaasylum.myshopify.com,active_ecommerce,shopify,True,,3,True,github_gist
ninjamarketing.myshopify.com,active_ecommerce,shopify,True,,3,True,github_gist
ninjamusic.myshopify.com,active_ecommerce,shopify,True,,3,True,github_gist
ninjapirat.myshopify.com,active_ecommerce,shopify,True,,3,True,github_gist
ninjavault.myshopify.com,active_ecommerce,shopify,True,,3,True,github_gist
ninjutsu.myshopify.com,active_ecommerce,shopify,True,,3,True,github_gist
nirbi.myshopify.com,active_ecommerce,shopify,True,,3,True,github_gist
nishe.myshopify.com,active_ecommerce,shopify,True,,3,True,github_gist
nishitha.myshopify.com,active_ecommerce,shopify,True,,3,True,github_gist
nitix.myshopify.com,active_ecommerce,shopify,True,,3,True,github_gist
njoy.myshopify.com,active_ecommerce,shopify,True,,3,True,github_gist
nk1234.myshopify.com,active_ecommerce,shopify,True,,3,True,github_gist
nktest.myshopify.com,active_ecommerce,shopify,True,,3,True,github_gist
nlcs.myshopify.com,active_ecommerce,shopify,True,,3,True,github_gist
no-q.myshopify.com,active_ecommerce,shopify,True,,3,True,github_gist
noeliver.myshopify.com,active_ecommerce,shopify,True,,3,True,github_gist
noestendal.myshopify.com,active_ecommerce,shopify,True,,3,True,github_gist
nogginfodder.myshopify.com,active_ecommerce,shopify,True,,3,True,github_gist
noise13.myshopify.com,active_ecommerce,shopify,True,,3,True,github_gist
noisegraphics.myshopify.com,active_ecommerce,shopify,True,,3,True,github_gist
noiseindustries.myshopify.com,active_ecommerce,shopify,True,,3,True,github_gist
noknowabc.myshopify.com,active_ecommerce,shopify,True,,3,True,github_gist
nomad-design.myshopify.com,active_ecommerce,shopify,True,,3,True,github_gist
nomad-labs.myshopify.com,active_ecommerce,shopify,True,,3,True,github_gist
nomad.myshopify.com,active_ecommerce,shopify,True,,3,True,github_gist
nomatrix.myshopify.com,active_ecommerce,shopify,True,,3,True,github_gist
nonchang.myshopify.com,active_ecommerce,shopify,True,,3,True,github_gist
none.myshopify.com,active_ecommerce,shopify,True,,3,True,github_gist
nonfiction.myshopify.com,active_ecommerce,shopify,True,,3,True,github_gist
nonimage.myshopify.com,active_ecommerce,shopify,True,,3,True,github_gist
nonprophet.myshopify.com,active_ecommerce,shopify,True,,3,True,github_gist
nonsense.myshopify.com,active_ecommerce,shopify,True,,3,True,github_gist
nonsenseclothing.myshopify.com,active_ecommerce,shopify,True,,3,True,github_gist
nonstopvintagewear.myshopify.com,active_ecommerce,shopify,True,,3,True,github_gist
nontalk.myshopify.com,active_ecommerce,shopify,True,,3,True,github_gist
noocleus.myshopify.com,active_ecommerce,shopify,True,,3,True,github_gist
noona.myshopify.com,active_ecommerce,shopify,True,,3,True,github_gist
noopsys.myshopify.com,active_ecommerce,shopify,True,,3,True,github_gist
noortje.myshopify.com,active_ecommerce,shopify,True,,3,True,github_gist
nopesport.myshopify.com,active_ecommerce,shopify,True,,3,True,github_gist
noralynnedesigns.myshopify.com,active_ecommerce,shopify,True,,3,True,github_gist
norbert.myshopify.com,active_ecommerce,shopify,True,,3,True,github_gist
norestforthewicked.myshopify.com,active_ecommerce,shopify,True,,3,True,github_gist
norfolk.myshopify.com,active_ecommerce,shopify,True,,3,True,github_gist
norio.myshopify.com,active_ecommerce,shopify,True,,3,True,github_gist
norke.myshopify.com,active_ecommerce,shopify,True,,3,True,github_gist
normallife.myshopify.com,active_ecommerce,shopify,True,,3,True,github_gist
northend.myshopify.com,active_ecommerce,shopify,True,,3,True,github_gist
northernedirect.myshopify.com,active_ecommerce,shopify,True,,3,True,github_gist
northernsurf.myshopify.com,active_ecommerce,shopify,True,,3,True,github_gist
northlandchurch.myshopify.com,active_ecommerce,shopify,True,,3,True,github_gist
northstar.myshopify.com,active_ecommerce,shopify,True,,3,True,github_gist
noshopping.myshopify.com,active_ecommerce,shopify,True,,3,True,github_gist
notabug.myshopify.com,active_ecommerce,shopify,True,,3,True,github_gist
notasausage.myshopify.com,active_ecommerce,shopify,True,,3,True,github_gist
notcorn.myshopify.com,active_ecommerce,shopify,True,,3,True,github_gist
notebooks.myshopify.com,active_ecommerce,shopify,True,,3,True,github_gist
noteworthy.myshopify.com,active_ecommerce,shopify,True,,3,True,github_gist
nothing.myshopify.com,active_ecommerce,shopify,True,,3,True,github_gist
nottoshabby.myshopify.com,active_ecommerce,shopify,True,,3,True,github_gist
novillero.myshopify.com,active_ecommerce,shopify,True,,3,True,github_gist
nowandthen.myshopify.com,active_ecommerce,shopify,True,,3,True,github_gist
nowpublic.myshopify.com,active_ecommerce,shopify,True,,3,True,github_gist
nsdirect.myshopify.com,active_ecommerce,shopify,True,,3,True,github_gist
nsecret.myshopify.com,active_ecommerce,shopify,True,,3,True,github_gist
nspetfood.myshopify.com,active_ecommerce,shopify,True,,3,True,github_gist
nterface.myshopify.com,active_ecommerce,shopify,True,,3,True,github_gist
ntrz.myshopify.com,active_ecommerce,shopify,True,,3,True,github_gist
nuci.myshopify.com,active_ecommerce,shopify,True,,3,True,github_gist
nudeskin.myshopify.com,active_ecommerce,shopify,True,,3,True,github_gist
nullbit.myshopify.com,active_ecommerce,shopify,True,,3,True,github_gist
numachi.myshopify.com,active_ecommerce,shopify,True,,3,True,github_gist
numatactical.myshopify.com,active_ecommerce,shopify,True,,3,True,github_gist
numeriq.myshopify.com,active_ecommerce,shopify,True,,3,True,github_gist
numeriz.myshopify.com,active_ecommerce,shopify,True,,3,True,github_gist
nuryazin.myshopify.com,active_ecommerce,shopify,True,,3,True,github_gist
nusantara.myshopify.com,active_ecommerce,shopify,True,,3,True,github_gist
nusslaurich.myshopify.com,active_ecommerce,shopify,True,,3,True,github_gist
nusushika.myshopify.com,active_ecommerce,shopify,True,,3,True,github_gist
nutricoco.myshopify.com,active_ecommerce,shopify,True,,3,True,github_gist
nutrinatura.myshopify.com,active_ecommerce,shopify,True,,3,True,github_gist
nutritionstore.myshopify.com,active_ecommerce,shopify,True,,3,True,github_gist
nuvanynice.myshopify.com,active_ecommerce,shopify,True,,3,True,github_gist
nuvio.myshopify.com,active_ecommerce,shopify,True,,3,True,github_gist
nuvvo.myshopify.com,active_ecommerce,shopify,True,,3,True,github_gist
nuxygen.myshopify.com,active_ecommerce,shopify,True,,3,True,github_gist
nuzzaci.myshopify.com,active_ecommerce,shopify,True,,3,True,github_gist
nv30.myshopify.com,active_ecommerce,shopify,True,,3,True,github_gist
nverted.myshopify.com,active_ecommerce,shopify,True,,3,True,github_gist
nvision-lu.myshopify.com,active_ecommerce,shopify,True,,3,True,github_gist
nwah.myshopify.com,active_ecommerce,shopify,True,,3,True,github_gist
nxtcolr.myshopify.com,active_ecommerce,shopify,True,,3,True,github_gist
nxtshop.myshopify.com,active_ecommerce,shopify,True,,3,True,github_gist
nycentral.myshopify.com,active_ecommerce,shopify,True,,3,True,github_gist
nyctemplates.myshopify.com,active_ecommerce,shopify,True,,3,True,github_gist
nyorkies.myshopify.com,active_ecommerce,shopify,True,,3,True,github_gist
nyreenart.myshopify.com,active_ecommerce,shopify,True,,3,True,github_gist
nytoy.myshopify.com,active_ecommerce,shopify,True,,3,True,github_gist
nyunet.myshopify.com,active_ecommerce,shopify,True,,3,True,github_gist
nzshop.myshopify.com,active_ecommerce,shopify,True,,3,True,github_gist
o1edge.myshopify.com,active_ecommerce,shopify,True,,3,True,github_gist
o2ishop.myshopify.com,active_ecommerce,shopify,True,,3,True,github_gist
oaklandunwrapped.myshopify.com,active_ecommerce,shopify,True,,3,True,github_gist
oaktree.myshopify.com,active_ecommerce,shopify,True,,3,True,github_gist
oaso.myshopify.com,active_ecommerce,shopify,True,,3,True,github_gist
obchod.myshopify.com,active_ecommerce,shopify,True,,3,True,github_gist
obdr.myshopify.com,active_ecommerce,shopify,True,,3,True,github_gist
obeattie.myshopify.com,active_ecommerce,shopify,True,,3,True,github_gist
obirac.myshopify.com,active_ecommerce,shopify,True,,3,True,github_gist
objecta.myshopify.com,active_ecommerce,shopify,True,,3,True,github_gist
objectifweb.myshopify.com,active_ecommerce,shopify,True,,3,True,github_gist
oblivion.myshopify.com,active_ecommerce,shopify,True,,3,True,github_gist
obsoletehardware.myshopify.com,active_ecommerce,shopify,True,,3,True,github_gist
obvia.myshopify.com,active_ecommerce,shopify,True,,3,True,github_gist
oceanic.myshopify.com,active_ecommerce,shopify,True,,3,True,github_gist
oceny.myshopify.com,active_ecommerce,shopify,True,,3,True,github_gist
ochs.myshopify.com,active_ecommerce,shopify,True,,3,True,github_gist
ockpoptock.myshopify.com,active_ecommerce,shopify,True,,3,True,github_gist
ocseminar.myshopify.com,active_ecommerce,shopify,True,,3,True,github_gist
octoberday.myshopify.com,active_ecommerce,shopify,True,,3,True,github_gist
octopusst.myshopify.com,active_ecommerce,shopify,True,,3,True,github_gist
oddities.myshopify.com,active_ecommerce,shopify,True,,3,True,github_gist
oddmint.myshopify.com,active_ecommerce,shopify,True,,3,True,github_gist
oddtheories.myshopify.com,active_ecommerce,shopify,True,,3,True,github_gist
odissi.myshopify.com,active_ecommerce,shopify,True,,3,True,github_gist
odlanor.myshopify.com,active_ecommerce,shopify,True,,3,True,github_gist
oehyc.myshopify.com,active_ecommerce,shopify,True,,3,True,github_gist
oeltorvet.myshopify.com,active_ecommerce,shopify,True,,3,True,github_gist
oeni.myshopify.com,active_ecommerce,shopify,True,,3,True,github_gist
oenoline.myshopify.com,active_ecommerce,shopify,True,,3,True,github_gist
ofakind-development-2.myshopify.com,active_ecommerce,shopify,True,,3,True,github_gist
officeconsignments.myshopify.com,active_ecommerce,shopify,True,,3,True,github_gist
officeguild.myshopify.com,active_ecommerce,shopify,True,,3,True,github_gist
officehq.myshopify.com,active_ecommerce,shopify,True,,3,True,github_gist
officestuff.myshopify.com,active_ecommerce,shopify,True,,3,True,github_gist
officesupplies.myshopify.com,active_ecommerce,shopify,True,,3,True,github_gist
oficlip.myshopify.com,active_ecommerce,shopify,True,,3,True,github_gist
ogijun.myshopify.com,active_ecommerce,shopify,True,,3,True,github_gist
ogopogo.myshopify.com,active_ecommerce,shopify,True,,3,True,github_gist
ohcarolina.myshopify.com,active_ecommerce,shopify,True,,3,True,github_gist
ohmydaze.myshopify.com,active_ecommerce,shopify,True,,3,True,github_gist
oilpaintingshop.myshopify.com,active_ecommerce,shopify,True,,3,True,github_gist
oioioioi.myshopify.com,active_ecommerce,shopify,True,,3,True,github_gist
oishka.myshopify.com,active_ecommerce,shopify,True,,3,True,github_gist
okayhan.myshopify.com,active_ecommerce,shopify,True,,3,True,github_gist
okazja.myshopify.com,active_ecommerce,shopify,True,,3,True,github_gist
okea.myshopify.com,active_ecommerce,shopify,True,,3,True,github_gist
okok.myshopify.com,active_ecommerce,shopify,True,,3,True,github_gist
oladywek.myshopify.com,active_ecommerce,shopify,True,,3,True,github_gist
olav.myshopify.com,active_ecommerce,shopify,True,,3,True,github_gist
old9.myshopify.com,active_ecommerce,shopify,True,,3,True,github_gist
oldbook.myshopify.com,active_ecommerce,shopify,True,,3,True,github_gist
oldenburg.myshopify.com,active_ecommerce,shopify,True,,3,True,github_gist
oldmagazineads.myshopify.com,active_ecommerce,shopify,True,,3,True,github_gist
oldmoe.myshopify.com,active_ecommerce,shopify,True,,3,True,github_gist
oldthymersgiftshoppe.myshopify.com,active_ecommerce,shopify,True,,3,True,github_gist
olfan.myshopify.com,active_ecommerce,shopify,True,,3,True,github_gist
olimaus.myshopify.com,active_ecommerce,shopify,True,,3,True,github_gist
olive.myshopify.com,active_ecommerce,shopify,True,,3,True,github_gist
oliveandherbs.myshopify.com,active_ecommerce,shopify,True,,3,True,github_gist
oliverbeattie.myshopify.com,active_ecommerce,shopify,True,,3,True,github_gist
olivier.myshopify.com,active_ecommerce,shopify,True,,3,True,github_gist
olivierm.myshopify.com,active_ecommerce,shopify,True,,3,True,github_gist
ologram.myshopify.com,active_ecommerce,shopify,True,,3,True,github_gist
olympics.myshopify.com,active_ecommerce,shopify,True,,3,True,github_gist
olysys.myshopify.com,active_ecommerce,shopify,True,,3,True,github_gist
omarsouvenirs.myshopify.com,active_ecommerce,shopify,True,,3,True,github_gist
omnibus.myshopify.com,active_ecommerce,shopify,True,,3,True,github_gist
omshop.myshopify.com,active_ecommerce,shopify,True,,3,True,github_gist
omsweetomvegas.myshopify.com,active_ecommerce,shopify,True,,3,True,github_gist
omuletz.myshopify.com,active_ecommerce,shopify,True,,3,True,github_gist
omyasan.myshopify.com,active_ecommerce,shopify,True,,3,True,github_gist
on9chief.myshopify.com,active_ecommerce,shopify,True,,3,True,github_gist
onbir.myshopify.com,active_ecommerce,shopify,True,,3,True,github_gist
onbrain.myshopify.com,active_ecommerce,shopify,True,,3,True,github_gist
onceuponatime.myshopify.com,active_ecommerce,shopify,True,,3,True,github_gist
one-link.myshopify.com,active_ecommerce,shopify,True,,3,True,github_gist
onedegree.myshopify.com,active_ecommerce,shopify,True,,3,True,github_gist
onegreekstore.myshopify.com,active_ecommerce,shopify,True,,3,True,github_gist
onehigherbeing.myshopify.com,active_ecommerce,shopify,True,,3,True,github_gist
onemeaslydollar.myshopify.com,active_ecommerce,shopify,True,,3,True,github_gist
onemoretest.myshopify.com,active_ecommerce,shopify,True,,3,True,github_gist
onenation.myshopify.com,active_ecommerce,shopify,True,,3,True,github_gist
onerider.myshopify.com,active_ecommerce,shopify,True,,3,True,github_gist
onerum.myshopify.com,active_ecommerce,shopify,True,,3,True,github_gist
oneshop.myshopify.com,active_ecommerce,shopify,True,,3,True,github_gist
onesource.myshopify.com,active_ecommerce,shopify,True,,3,True,github_gist
onestopmommyshop.myshopify.com,active_ecommerce,shopify,True,,3,True,github_gist
onewebhosting.myshopify.com,active_ecommerce,shopify,True,,3,True,github_gist
onime.myshopify.com,active_ecommerce,shopify,True,,3,True,github_gist
onion.myshopify.com,active_ecommerce,shopify,True,,3,True,github_gist
online.myshopify.com,active_ecommerce,shopify,True,,3,True,github_gist
onlinegames.myshopify.com,active_ecommerce,shopify,True,,3,True,github_gist
onlineshoppingmall.myshopify.com,active_ecommerce,shopify,True,,3,True,github_gist
onlinestore.myshopify.com,active_ecommerce,shopify,True,,3,True,github_gist
onling.myshopify.com,active_ecommerce,shopify,True,,3,True,github_gist
onlyouaibe.myshopify.com,active_ecommerce,shopify,True,,3,True,github_gist
onset-software.myshopify.com,active_ecommerce,shopify,True,,3,True,github_gist
onsightmedia.myshopify.com,active_ecommerce,shopify,True,,3,True,github_gist
onslaught.myshopify.com,active_ecommerce,shopify,True,,3,True,github_gist
ontheball.myshopify.com,active_ecommerce,shopify,True,,3,True,github_gist
ontiveros.myshopify.com,active_ecommerce,shopify,True,,3,True,github_gist
ontwerpwerk.myshopify.com,active_ecommerce,shopify,True,,3,True,github_gist
onweb.myshopify.com,active_ecommerce,shopify,True,,3,True,github_gist
onweb1.myshopify.com,active_ecommerce,shopify,True,,3,True,github_gist
oool.myshopify.com,active_ecommerce,shopify,True,,3,True,github_gist
opacons.myshopify.com,active_ecommerce,shopify,True,,3,True,github_gist
opascreations.myshopify.com,active_ecommerce,shopify,True,,3,True,github_gist
open.myshopify.com,active_ecommerce,shopify,True,,3,True,github_gist
openeyecafe.myshopify.com,active_ecommerce,shopify,True,,3,True,github_gist
openhome.myshopify.com,active_ecommerce,shopify,True,,3,True,github_gist
openside.myshopify.com,active_ecommerce,shopify,True,,3,True,github_gist
opensoft.myshopify.com,active_ecommerce,shopify,True,,3,True,github_gist
opensource.myshopify.com,active_ecommerce,shopify,True,,3,True,github_gist
openstore.myshopify.com,active_ecommerce,shopify,True,,3,True,github_gist
opentech.myshopify.com,active_ecommerce,shopify,True,,3,True,github_gist
opium.myshopify.com,active_ecommerce,shopify,True,,3,True,github_gist
oppforce.myshopify.com,active_ecommerce,shopify,True,,3,True,github_gist
optima-production.myshopify.com,active_ecommerce,shopify,True,,3,True,github_gist
oracolus.myshopify.com,active_ecommerce,shopify,True,,3,True,github_gist
orale.myshopify.com,active_ecommerce,shopify,True,,3,True,github_gist
orangeafro.myshopify.com,active_ecommerce,shopify,True,,3,True,github_gist
orangeanime.myshopify.com,active_ecommerce,shopify,True,,3,True,github_gist
orangecoat.myshopify.com,active_ecommerce,shopify,True,,3,True,github_gist
orangethread.myshopify.com,active_ecommerce,shopify,True,,3,True,github_gist
orbis.myshopify.com,active_ecommerce,shopify,True,,3,True,github_gist
orbitcom.myshopify.com,active_ecommerce,shopify,True,,3,True,github_gist
orcabooks.myshopify.com,active_ecommerce,shopify,True,,3,True,github_gist
ordizia.myshopify.com,active_ecommerce,shopify,True,,3,True,github_gist
oreajax.myshopify.com,active_ecommerce,shopify,True,,3,True,github_gist
oregonshooter.myshopify.com,active_ecommerce,shopify,True,,3,True,github_gist
oren.myshopify.com,active_ecommerce,shopify,True,,3,True,github_gist
organbutikken.myshopify.com,active_ecommerce,shopify,True,,3,True,github_gist
organics.myshopify.com,active_ecommerce,shopify,True,,3,True,github_gist
organicstyle.myshopify.com,active_ecommerce,shopify,True,,3,True,github_gist
organised.myshopify.com,active_ecommerce,shopify,True,,3,True,github_gist
organizer.myshopify.com,active_ecommerce,shopify,True,,3,True,github_gist
orgazmik.myshopify.com,active_ecommerce,shopify,True,,3,True,github_gist
oriental-direct.myshopify.com,active_ecommerce,shopify,True,,3,True,github_gist
oriflame.myshopify.com,active_ecommerce,shopify,True,,3,True,github_gist
origamidesign.myshopify.com,active_ecommerce,shopify,True,,3,True,github_gist
original-paperbacks-dev-2.myshopify.com,active_ecommerce,shopify,True,,3,True,github_gist
originalradiance.myshopify.com,active_ecommerce,shopify,True,,3,True,github_gist
origingalradiance.myshopify.com,active_ecommerce,shopify,True,,3,True,github_gist
originsigned.myshopify.com,active_ecommerce,shopify,True,,3,True,github_gist
orikaso.myshopify.com,active_ecommerce,shopify,True,,3,True,github_gist
orion.myshopify.com,active_ecommerce,shopify,True,,3,True,github_gist
orn-swift.myshopify.com,active_ecommerce,shopify,True,,3,True,github_gist
orni.myshopify.com,active_ecommerce,shopify,True,,3,True,github_gist
orolus.myshopify.com,active_ecommerce,shopify,True,,3,True,github_gist
ortel.myshopify.com,active_ecommerce,shopify,True,,3,True,github_gist
orzel.myshopify.com,active_ecommerce,shopify,True,,3,True,github_gist
orzelek.myshopify.com,active_ecommerce,shopify,True,,3,True,github_gist
osbasket.myshopify.com,active_ecommerce,shopify,True,,3,True,github_gist
oseres.myshopify.com,active_ecommerce,shopify,True,,3,True,github_gist
osmanizbat.myshopify.com,active_ecommerce,shopify,True,,3,True,github_gist
osmond.myshopify.com,active_ecommerce,shopify,True,,3,True,github_gist
ossyosburun.myshopify.com,active_ecommerce,shopify,True,,3,True,github_gist
otaku.myshopify.com,active_ecommerce,shopify,True,,3,True,github_gist
otaqui.myshopify.com,active_ecommerce,shopify,True,,3,True,github_gist
otop.myshopify.com,active_ecommerce,shopify,True,,3,True,github_gist
otter.myshopify.com,active_ecommerce,shopify,True,,3,True,github_gist
ottos.myshopify.com,active_ecommerce,shopify,True,,3,True,github_gist
ounce.myshopify.com,active_ecommerce,shopify,True,,3,True,github_gist
our3doxies.myshopify.com,active_ecommerce,shopify,True,,3,True,github_gist
ouran.myshopify.com,active_ecommerce,shopify,True,,3,True,github_gist
outdoor.myshopify.com,active_ecommerce,shopify,True,,3,True,github_gist
outdoorgear.myshopify.com,active_ecommerce,shopify,True,,3,True,github_gist
outerbound.myshopify.com,active_ecommerce,shopify,True,,3,True,github_gist
outerim.myshopify.com,active_ecommerce,shopify,True,,3,True,github_gist
outletjeweler.myshopify.com,active_ecommerce,shopify,True,,3,True,github_gist
outletonlineshop.myshopify.com,active_ecommerce,shopify,True,,3,True,github_gist
outsidethebox.myshopify.com,active_ecommerce,shopify,True,,3,True,github_gist
outwindow.myshopify.com,active_ecommerce,shopify,True,,3,True,github_gist
ouvidorshop.myshopify.com,active_ecommerce,shopify,True,,3,True,github_gist
ovision.myshopify.com,active_ecommerce,shopify,True,,3,True,github_gist
oviyan.myshopify.com,active_ecommerce,shopify,True,,3,True,github_gist
owennet.myshopify.com,active_ecommerce,shopify,True,,3,True,github_gist
owl-moon.myshopify.com,active_ecommerce,shopify,True,,3,True,github_gist
ownersellstl.myshopify.com,active_ecommerce,shopify,True,,3,True,github_gist
owocki.myshopify.com,active_ecommerce,shopify,True,,3,True,github_gist
oxfamamericaunwrapped.myshopify.com,active_ecommerce,shopify,True,,3,True,github_gist
oxxo.myshopify.com,active_ecommerce,shopify,True,,3,True,github_gist
oxygen2u.myshopify.com,active_ecommerce,shopify,True,,3,True,github_gist
oyam.myshopify.com,active_ecommerce,shopify,True,,3,True,github_gist
ozan.myshopify.com,active_ecommerce,shopify,True,,3,True,github_gist
ozbooks.myshopify.com,active_ecommerce,shopify,True,,3,True,github_gist
ozparts.myshopify.com,active_ecommerce,shopify,True,,3,True,github_gist
ozpartz.myshopify.com,active_ecommerce,shopify,True,,3,True,github_gist
pablito.myshopify.com,active_ecommerce,shopify,True,,3,True,github_gist
pablodgavilan.myshopify.com,active_ecommerce,shopify,True,,3,True,github_gist
pabloshop.myshopify.com,active_ecommerce,shopify,True,,3,True,github_gist
pactrucks.myshopify.com,active_ecommerce,shopify,True,,3,True,github_gist
padawan.myshopify.com,active_ecommerce,shopify,True,,3,True,github_gist
pagewon.myshopify.com,active_ecommerce,shopify,True,,3,True,github_gist
paginadeinternet.myshopify.com,active_ecommerce,shopify,True,,3,True,github_gist
paguna.myshopify.com,active_ecommerce,shopify,True,,3,True,github_gist
paincells.myshopify.com,active_ecommerce,shopify,True,,3,True,github_gist
painreliefpharmacy.myshopify.com,active_ecommerce,shopify,True,,3,True,github_gist
paint.myshopify.com,active_ecommerce,shopify,True,,3,True,github_gist
paintedlady.myshopify.com,active_ecommerce,shopify,True,,3,True,github_gist
paintingpastel.myshopify.com,active_ecommerce,shopify,True,,3,True,github_gist
paintings.myshopify.com,active_ecommerce,shopify,True,,3,True,github_gist
paintingsandpics.myshopify.com,active_ecommerce,shopify,True,,3,True,github_gist
paintingthedigitalriver.myshopify.com,active_ecommerce,shopify,True,,3,True,github_gist
pajamamarket.myshopify.com,active_ecommerce,shopify,True,,3,True,github_gist
pala.myshopify.com,active_ecommerce,shopify,True,,3,True,github_gist
palm.myshopify.com,active_ecommerce,shopify,True,,3,True,github_gist
palma.myshopify.com,active_ecommerce,shopify,True,,3,True,github_gist
palmstedt.myshopify.com,active_ecommerce,shopify,True,,3,True,github_gist
panaderialaesperanza.myshopify.com,active_ecommerce,shopify,True,,3,True,github_gist
panda.myshopify.com,active_ecommerce,shopify,True,,3,True,github_gist
pandaedizioni.myshopify.com,active_ecommerce,shopify,True,,3,True,github_gist
panelfestoon.myshopify.com,active_ecommerce,shopify,True,,3,True,github_gist
panic39.myshopify.com,active_ecommerce,shopify,True,,3,True,github_gist
panndabea.myshopify.com,active_ecommerce,shopify,True,,3,True,github_gist
panthers.myshopify.com,active_ecommerce,shopify,True,,3,True,github_gist
pantuniestal.myshopify.com,active_ecommerce,shopify,True,,3,True,github_gist
papari.myshopify.com,active_ecommerce,shopify,True,,3,True,github_gist
paperbags.myshopify.com,active_ecommerce,shopify,True,,3,True,github_gist
paperrabbit.myshopify.com,active_ecommerce,shopify,True,,3,True,github_gist
papion.myshopify.com,active_ecommerce,shopify,True,,3,True,github_gist
papitas.myshopify.com,active_ecommerce,shopify,True,,3,True,github_gist
paradox.myshopify.com,active_ecommerce,shopify,True,,3,True,github_gist
parallel.myshopify.com,active_ecommerce,shopify,True,,3,True,github_gist
parallel49.myshopify.com,active_ecommerce,shopify,True,,3,True,github_gist
parascope.myshopify.com,active_ecommerce,shopify,True,,3,True,github_gist
parata.myshopify.com,active_ecommerce,shopify,True,,3,True,github_gist
paratest1.myshopify.com,active_ecommerce,shopify,True,,3,True,github_gist
parco.myshopify.com,active_ecommerce,shopify,True,,3,True,github_gist
pardisan.myshopify.com,active_ecommerce,shopify,True,,3,True,github_gist
parfums.myshopify.com,active_ecommerce,shopify,True,,3,True,github_gist
pariallo.myshopify.com,active_ecommerce,shopify,True,,3,True,github_gist
paris.myshopify.com,active_ecommerce,shopify,True,,3,True,github_gist
parkology.myshopify.com,active_ecommerce,shopify,True,,3,True,github_gist
parkour.myshopify.com,active_ecommerce,shopify,True,,3,True,github_gist
parksafe.myshopify.com,active_ecommerce,shopify,True,,3,True,github_gist
parkvintage.myshopify.com,active_ecommerce,shopify,True,,3,True,github_gist
parrfolio.myshopify.com,active_ecommerce,shopify,True,,3,True,github_gist
parsec.myshopify.com,active_ecommerce,shopify,True,,3,True,github_gist
partiallyblind.myshopify.com,active_ecommerce,shopify,True,,3,True,github_gist
particle.myshopify.com,active_ecommerce,shopify,True,,3,True,github_gist
partners-and-partners.myshopify.com,active_ecommerce,shopify,True,,3,True,github_gist
partners.myshopify.com,active_ecommerce,shopify,True,,3,True,github_gist
partners2create.myshopify.com,active_ecommerce,shopify,True,,3,True,github_gist
parts.myshopify.com,active_ecommerce,shopify,True,,3,True,github_gist
partyafrique.myshopify.com,active_ecommerce,shopify,True,,3,True,github_gist
parutionsislamiques.myshopify.com,active_ecommerce,shopify,True,,3,True,github_gist
paserbaroe.myshopify.com,active_ecommerce,shopify,True,,3,True,github_gist
pashas.myshopify.com,active_ecommerce,shopify,True,,3,True,github_gist
pashmina.myshopify.com,active_ecommerce,shopify,True,,3,True,github_gist
passion4art.myshopify.com,active_ecommerce,shopify,True,,3,True,github_gist
pasteque.myshopify.com,active_ecommerce,shopify,True,,3,True,github_gist
patifarias.myshopify.com,active_ecommerce,shopify,True,,3,True,github_gist
patrik.myshopify.com,active_ecommerce,shopify,True,,3,True,github_gist
patsar.myshopify.com,active_ecommerce,shopify,True,,3,True,github_gist
pattern.myshopify.com,active_ecommerce,shopify,True,,3,True,github_gist
paul.myshopify.com,active_ecommerce,shopify,True,,3,True,github_gist
paulkyan.myshopify.com,active_ecommerce,shopify,True,,3,True,github_gist
paulmainieri.myshopify.com,active_ecommerce,shopify,True,,3,True,github_gist
paulstestshop.myshopify.com,active_ecommerce,shopify,True,,3,True,github_gist
pavithra.myshopify.com,active_ecommerce,shopify,True,,3,True,github_gist
pawel.myshopify.com,active_ecommerce,shopify,True,,3,True,github_gist
pawshpets.myshopify.com,active_ecommerce,shopify,True,,3,True,github_gist
paxcreations.myshopify.com,active_ecommerce,shopify,True,,3,True,github_gist
payless.myshopify.com,active_ecommerce,shopify,True,,3,True,github_gist
payne.myshopify.com,active_ecommerce,shopify,True,,3,True,github_gist
paypal.myshopify.com,active_ecommerce,shopify,True,,3,True,github_gist
pbcjunior.myshopify.com,active_ecommerce,shopify,True,,3,True,github_gist
pbdiv.myshopify.com,active_ecommerce,shopify,True,,3,True,github_gist
pc-enthusiast.myshopify.com,active_ecommerce,shopify,True,,3,True,github_gist
pc-overload.myshopify.com,active_ecommerce,shopify,True,,3,True,github_gist
pc301.myshopify.com,active_ecommerce,shopify,True,,3,True,github_gist
pc4all.myshopify.com,active_ecommerce,shopify,True,,3,True,github_gist
pcbitz.myshopify.com,active_ecommerce,shopify,True,,3,True,github_gist
pcgo.myshopify.com,active_ecommerce,shopify,True,,3,True,github_gist
pcloadletter.myshopify.com,active_ecommerce,shopify,True,,3,True,github_gist
pcmatica.myshopify.com,active_ecommerce,shopify,True,,3,True,github_gist
pcobchod.myshopify.com,active_ecommerce,shopify,True,,3,True,github_gist
pcparts.myshopify.com,active_ecommerce,shopify,True,,3,True,github_gist
pcpro.myshopify.com,active_ecommerce,shopify,True,,3,True,github_gist
pcps.myshopify.com,active_ecommerce,shopify,True,,3,True,github_gist
pcrepair.myshopify.com,active_ecommerce,shopify,True,,3,True,github_gist
pcrepairs.myshopify.com,active_ecommerce,shopify,True,,3,True,github_gist
pctj101.myshopify.com,active_ecommerce,shopify,True,,3,True,github_gist
pdagear.myshopify.com,active_ecommerce,shopify,True,,3,True,github_gist
pdart.myshopify.com,active_ecommerce,shopify,True,,3,True,github_gist
pdfxchange.myshopify.com,active_ecommerce,shopify,True,,3,True,github_gist
peacockquill.myshopify.com,active_ecommerce,shopify,True,,3,True,github_gist
pearsonvinyl.myshopify.com,active_ecommerce,shopify,True,,3,True,github_gist
peattest.myshopify.com,active_ecommerce,shopify,True,,3,True,github_gist
peazley.myshopify.com,active_ecommerce,shopify,True,,3,True,github_gist
peconihosting.myshopify.com,active_ecommerce,shopify,True,,3,True,github_gist
pedalonline.myshopify.com,active_ecommerce,shopify,True,,3,True,github_gist
pedrosplayground.myshopify.com,active_ecommerce,shopify,True,,3,True,github_gist
peet.myshopify.com,active_ecommerce,shopify,True,,3,True,github_gist
peggy.myshopify.com,active_ecommerce,shopify,True,,3,True,github_gist
pellmat.myshopify.com,active_ecommerce,shopify,True,,3,True,github_gist
penelopebrain.myshopify.com,active_ecommerce,shopify,True,,3,True,github_gist
penguinradiators.myshopify.com,active_ecommerce,shopify,True,,3,True,github_gist
penguinstuff.myshopify.com,active_ecommerce,shopify,True,,3,True,github_gist
penisenlargement.myshopify.com,active_ecommerce,shopify,True,,3,True,github_gist
pens.myshopify.com,active_ecommerce,shopify,True,,3,True,github_gist
pens4all.myshopify.com,active_ecommerce,shopify,True,,3,True,github_gist
pensbydavid.myshopify.com,active_ecommerce,shopify,True,,3,True,github_gist
peopleofneworleans.myshopify.com,active_ecommerce,shopify,True,,3,True,github_gist
peppersauce.myshopify.com,active_ecommerce,shopify,True,,3,True,github_gist
pepperspray.myshopify.com,active_ecommerce,shopify,True,,3,True,github_gist
pera.myshopify.com,active_ecommerce,shopify,True,,3,True,github_gist
perenceo.myshopify.com,active_ecommerce,shopify,True,,3,True,github_gist
perfectevolution.myshopify.com,active_ecommerce,shopify,True,,3,True,github_gist
perfecthandbagz.myshopify.com,active_ecommerce,shopify,True,,3,True,github_gist
performance-systems.myshopify.com,active_ecommerce,shopify,True,,3,True,github_gist
performance.myshopify.com,active_ecommerce,shopify,True,,3,True,github_gist
performancetrainingsystems.myshopify.com,active_ecommerce,shopify,True,,3,True,github_gist
perfume.myshopify.com,active_ecommerce,shopify,True,,3,True,github_gist
perles.myshopify.com,active_ecommerce,shopify,True,,3,True,github_gist
perryworld.myshopify.com,active_ecommerce,shopify,True,,3,True,github_gist
persian.myshopify.com,active_ecommerce,shopify,True,,3,True,github_gist
personal.myshopify.com,active_ecommerce,shopify,True,,3,True,github_gist
personalizedbaby.myshopify.com,active_ecommerce,shopify,True,,3,True,github_gist
pescadinamica.myshopify.com,active_ecommerce,shopify,True,,3,True,github_gist
pescados.myshopify.com,active_ecommerce,shopify,True,,3,True,github_gist
pestdetour.myshopify.com,active_ecommerce,shopify,True,,3,True,github_gist
pet-comfort-products.myshopify.com,active_ecommerce,shopify,True,,3,True,github_gist
petaline.myshopify.com,active_ecommerce,shopify,True,,3,True,github_gist
petalrosaries.myshopify.com,active_ecommerce,shopify,True,,3,True,github_gist
petalsisters.myshopify.com,active_ecommerce,shopify,True,,3,True,github_gist
pete.myshopify.com,active_ecommerce,shopify,True,,3,True,github_gist
petef.myshopify.com,active_ecommerce,shopify,True,,3,True,github_gist
peterandallison.myshopify.com,active_ecommerce,shopify,True,,3,True,github_gist
peterfreeman.myshopify.com,active_ecommerce,shopify,True,,3,True,github_gist
petergate.myshopify.com,active_ecommerce,shopify,True,,3,True,github_gist
peterhodge.myshopify.com,active_ecommerce,shopify,True,,3,True,github_gist
peterleem.myshopify.com,active_ecommerce,shopify,True,,3,True,github_gist
peteroneill.myshopify.com,active_ecommerce,shopify,True,,3,True,github_gist
petersbiks.myshopify.com,active_ecommerce,shopify,True,,3,True,github_gist
petes.myshopify.com,active_ecommerce,shopify,True,,3,True,github_gist
petesmerch.myshopify.com,active_ecommerce,shopify,True,,3,True,github_gist
petexperts.myshopify.com,active_ecommerce,shopify,True,,3,True,github_gist
petitephilosophie.myshopify.com,active_ecommerce,shopify,True,,3,True,github_gist
petitscadeaux.myshopify.com,active_ecommerce,shopify,True,,3,True,github_gist
petraska.myshopify.com,active_ecommerce,shopify,True,,3,True,github_gist
petrolpeacock.myshopify.com,active_ecommerce,shopify,True,,3,True,github_gist
pets.myshopify.com,active_ecommerce,shopify,True,,3,True,github_gist
petset.myshopify.com,active_ecommerce,shopify,True,,3,True,github_gist
petshop.myshopify.com,active_ecommerce,shopify,True,,3,True,github_gist
petsnz.myshopify.com,active_ecommerce,shopify,True,,3,True,github_gist
petsupplies.myshopify.com,active_ecommerce,shopify,True,,3,True,github_gist
pfsense.myshopify.com,active_ecommerce,shopify,True,,3,True,github_gist
pgtop.myshopify.com,active_ecommerce,shopify,True,,3,True,github_gist
ph7labs.myshopify.com,active_ecommerce,shopify,True,,3,True,github_gist
phaistonian.myshopify.com,active_ecommerce,shopify,True,,3,True,github_gist
pharmacy.myshopify.com,active_ecommerce,shopify,True,,3,True,github_gist
pharmashirts.myshopify.com,active_ecommerce,shopify,True,,3,True,github_gist
pharrout.myshopify.com,active_ecommerce,shopify,True,,3,True,github_gist
phase2designs.myshopify.com,active_ecommerce,shopify,True,,3,True,github_gist
phatfunk.myshopify.com,active_ecommerce,shopify,True,,3,True,github_gist
phatshack.myshopify.com,active_ecommerce,shopify,True,,3,True,github_gist
phax.myshopify.com,active_ecommerce,shopify,True,,3,True,github_gist
phentermine.myshopify.com,active_ecommerce,shopify,True,,3,True,github_gist
phicars.myshopify.com,active_ecommerce,shopify,True,,3,True,github_gist
philfreo.myshopify.com,active_ecommerce,shopify,True,,3,True,github_gist
phillblake.myshopify.com,active_ecommerce,shopify,True,,3,True,github_gist
phillip.myshopify.com,active_ecommerce,shopify,True,,3,True,github_gist
philosophie-cd.myshopify.com,active_ecommerce,shopify,True,,3,True,github_gist
philou.myshopify.com,active_ecommerce,shopify,True,,3,True,github_gist
phingphing.myshopify.com,active_ecommerce,shopify,True,,3,True,github_gist
phinu.myshopify.com,active_ecommerce,shopify,True,,3,True,github_gist
phoenixbyrd.myshopify.com,active_ecommerce,shopify,True,,3,True,github_gist
phog.myshopify.com,active_ecommerce,shopify,True,,3,True,github_gist
phone.myshopify.com,active_ecommerce,shopify,True,,3,True,github_gist
phones.myshopify.com,active_ecommerce,shopify,True,,3,True,github_gist
phoneshop.myshopify.com,active_ecommerce,shopify,True,,3,True,github_gist
photeezee.myshopify.com,active_ecommerce,shopify,True,,3,True,github_gist
photo.myshopify.com,active_ecommerce,shopify,True,,3,True,github_gist
photo880.myshopify.com,active_ecommerce,shopify,True,,3,True,github_gist
photo99.myshopify.com,active_ecommerce,shopify,True,,3,True,github_gist
photofinder.myshopify.com,active_ecommerce,shopify,True,,3,True,github_gist
photogallery.myshopify.com,active_ecommerce,shopify,True,,3,True,github_gist
photograph.myshopify.com,active_ecommerce,shopify,True,,3,True,github_gist
photographs.myshopify.com,active_ecommerce,shopify,True,,3,True,github_gist
photolight.myshopify.com,active_ecommerce,shopify,True,,3,True,github_gist
photorealisticart.myshopify.com,active_ecommerce,shopify,True,,3,True,github_gist
photoshop.myshopify.com,active_ecommerce,shopify,True,,3,True,github_gist
photoweenie.myshopify.com,active_ecommerce,shopify,True,,3,True,github_gist
photoz.myshopify.com,active_ecommerce,shopify,True,,3,True,github_gist
phpcentral.myshopify.com,active_ecommerce,shopify,True,,3,True,github_gist
phpcomplete.myshopify.com,active_ecommerce,shopify,True,,3,True,github_gist
phpmagazine.myshopify.com,active_ecommerce,shopify,True,,3,True,github_gist
phreekit.myshopify.com,active_ecommerce,shopify,True,,3,True,github_gist
phshop.myshopify.com,active_ecommerce,shopify,True,,3,True,github_gist
physio.myshopify.com,active_ecommerce,shopify,True,,3,True,github_gist
phytec-america.myshopify.com,active_ecommerce,shopify,True,,3,True,github_gist
phytobase.myshopify.com,active_ecommerce,shopify,True,,3,True,github_gist
pianocountry.myshopify.com,active_ecommerce,shopify,True,,3,True,github_gist
pianoprofessor.myshopify.com,active_ecommerce,shopify,True,,3,True,github_gist
picagari.myshopify.com,active_ecommerce,shopify,True,,3,True,github_gist
pickupstics.myshopify.com,active_ecommerce,shopify,True,,3,True,github_gist
pico.myshopify.com,active_ecommerce,shopify,True,,3,True,github_gist
pics2pendants.myshopify.com,active_ecommerce,shopify,True,,3,True,github_gist
pict.myshopify.com,active_ecommerce,shopify,True,,3,True,github_gist
pictures.myshopify.com,active_ecommerce,shopify,True,,3,True,github_gist
picturetest.myshopify.com,active_ecommerce,shopify,True,,3,True,github_gist
piercing.myshopify.com,active_ecommerce,shopify,True,,3,True,github_gist
piercings.myshopify.com,active_ecommerce,shopify,True,,3,True,github_gist
pierdoly.myshopify.com,active_ecommerce,shopify,True,,3,True,github_gist
pierlis.myshopify.com,active_ecommerce,shopify,True,,3,True,github_gist
pierre.myshopify.com,active_ecommerce,shopify,True,,3,True,github_gist
pierrepatrick.myshopify.com,active_ecommerce,shopify,True,,3,True,github_gist
pieshop.myshopify.com,active_ecommerce,shopify,True,,3,True,github_gist
pife.myshopify.com,active_ecommerce,shopify,True,,3,True,github_gist
pilarcolecciones.myshopify.com,active_ecommerce,shopify,True,,3,True,github_gist
pilotandprincess.myshopify.com,active_ecommerce,shopify,True,,3,True,github_gist
pilotsupplies.myshopify.com,active_ecommerce,shopify,True,,3,True,github_gist
pimp.myshopify.com,active_ecommerce,shopify,True,,3,True,github_gist
pinch.myshopify.com,active_ecommerce,shopify,True,,3,True,github_gist
pincopalla.myshopify.com,active_ecommerce,shopify,True,,3,True,github_gist
pineapplebaytrading.myshopify.com,active_ecommerce,shopify,True,,3,True,github_gist
pinemerchants.myshopify.com,active_ecommerce,shopify,True,,3,True,github_gist
pings.myshopify.com,active_ecommerce,shopify,True,,3,True,github_gist
pinkcamel.myshopify.com,active_ecommerce,shopify,True,,3,True,github_gist
pinkprank.myshopify.com,active_ecommerce,shopify,True,,3,True,github_gist
pinksunshine8888.myshopify.com,active_ecommerce,shopify,True,,3,True,github_gist
pinkxss.myshopify.com,active_ecommerce,shopify,True,,3,True,github_gist
pinky.myshopify.com,active_ecommerce,shopify,True,,3,True,github_gist
pinon.myshopify.com,active_ecommerce,shopify,True,,3,True,github_gist
pinoysales.myshopify.com,active_ecommerce,shopify,True,,3,True,github_gist
pintarrajeada.myshopify.com,active_ecommerce,shopify,True,,3,True,github_gist
pintola.myshopify.com,active_ecommerce,shopify,True,,3,True,github_gist
pintu123.myshopify.com,active_ecommerce,shopify,True,,3,True,github_gist
pirate.myshopify.com,active_ecommerce,shopify,True,,3,True,github_gist
pirateweb.myshopify.com,active_ecommerce,shopify,True,,3,True,github_gist
pirolla.myshopify.com,active_ecommerce,shopify,True,,3,True,github_gist
pitrsonek.myshopify.com,active_ecommerce,shopify,True,,3,True,github_gist
pittsburghfools.myshopify.com,active_ecommerce,shopify,True,,3,True,github_gist
pivotalclick.myshopify.com,active_ecommerce,shopify,True,,3,True,github_gist
pixelatedgear.myshopify.com,active_ecommerce,shopify,True,,3,True,github_gist
pixelgraphix.myshopify.com,active_ecommerce,shopify,True,,3,True,github_gist
pixelgrazer.myshopify.com,active_ecommerce,shopify,True,,3,True,github_gist
pixelita.myshopify.com,active_ecommerce,shopify,True,,3,True,github_gist
pixelnate.myshopify.com,active_ecommerce,shopify,True,,3,True,github_gist
pixelpoems.myshopify.com,active_ecommerce,shopify,True,,3,True,github_gist
pixelpoint.myshopify.com,active_ecommerce,shopify,True,,3,True,github_gist
pixelputty.myshopify.com,active_ecommerce,shopify,True,,3,True,github_gist
pixels.myshopify.com,active_ecommerce,shopify,True,,3,True,github_gist
pixelstructures.myshopify.com,active_ecommerce,shopify,True,,3,True,github_gist
pixeltest.myshopify.com,active_ecommerce,shopify,True,,3,True,github_gist
pixilate.myshopify.com,active_ecommerce,shopify,True,,3,True,github_gist
pixites.myshopify.com,active_ecommerce,shopify,True,,3,True,github_gist
pixopolis.myshopify.com,active_ecommerce,shopify,True,,3,True,github_gist
pizza.myshopify.com,active_ecommerce,shopify,True,,3,True,github_gist
pjaimes.myshopify.com,active_ecommerce,shopify,True,,3,True,github_gist
pjkelly.myshopify.com,active_ecommerce,shopify,True,,3,True,github_gist
pjtest.myshopify.com,active_ecommerce,shopify,True,,3,True,github_gist
plaminky.myshopify.com,active_ecommerce,shopify,True,,3,True,github_gist
planet.myshopify.com,active_ecommerce,shopify,True,,3,True,github_gist
planetares.myshopify.com,active_ecommerce,shopify,True,,3,True,github_gist
planethobbies.myshopify.com,active_ecommerce,shopify,True,,3,True,github_gist
plankton.myshopify.com,active_ecommerce,shopify,True,,3,True,github_gist
plantsfromparadise.myshopify.com,active_ecommerce,shopify,True,,3,True,github_gist
plastamasta.myshopify.com,active_ecommerce,shopify,True,,3,True,github_gist
plasticmind.myshopify.com,active_ecommerce,shopify,True,,3,True,github_gist
plastik.myshopify.com,active_ecommerce,shopify,True,,3,True,github_gist
platform8.myshopify.com,active_ecommerce,shopify,True,,3,True,github_gist
platinum.myshopify.com,active_ecommerce,shopify,True,,3,True,github_gist
platwear.myshopify.com,active_ecommerce,shopify,True,,3,True,github_gist
platypusexpress.myshopify.com,active_ecommerce,shopify,True,,3,True,github_gist
playful.myshopify.com,active_ecommerce,shopify,True,,3,True,github_gist
playground-55.myshopify.com,active_ecommerce,shopify,True,,3,True,github_gist
playpal.myshopify.com,active_ecommerce,shopify,True,,3,True,github_gist
playstation3.myshopify.com,active_ecommerce,shopify,True,,3,True,github_gist
playsty.myshopify.com,active_ecommerce,shopify,True,,3,True,github_gist
pleasetakemeto.myshopify.com,active_ecommerce,shopify,True,,3,True,github_gist
pleasures.myshopify.com,active_ecommerce,shopify,True,,3,True,github_gist
plexobject.myshopify.com,active_ecommerce,shopify,True,,3,True,github_gist
pligg.myshopify.com,active_ecommerce,shopify,True,,3,True,github_gist
plitest.myshopify.com,active_ecommerce,shopify,True,,3,True,github_gist
plood.myshopify.com,active_ecommerce,shopify,True,,3,True,github_gist
ploughmans.myshopify.com,active_ecommerce,shopify,True,,3,True,github_gist
plugable.myshopify.com,active_ecommerce,shopify,True,,3,True,github_gist
pluitshop.myshopify.com,active_ecommerce,shopify,True,,3,True,github_gist
plumlazy.myshopify.com,active_ecommerce,shopify,True,,3,True,github_gist
plumriverpress.myshopify.com,active_ecommerce,shopify,True,,3,True,github_gist
plus.myshopify.com,active_ecommerce,shopify,True,,3,True,github_gist
plusgrader.myshopify.com,active_ecommerce,shopify,True,,3,True,github_gist
plusminus.myshopify.com,active_ecommerce,shopify,True,,3,True,github_gist
plussizelingerie.myshopify.com,active_ecommerce,shopify,True,,3,True,github_gist
pmpheaven.myshopify.com,active_ecommerce,shopify,True,,3,True,github_gist
pocket-change.myshopify.com,active_ecommerce,shopify,True,,3,True,github_gist
pocketgear.myshopify.com,active_ecommerce,shopify,True,,3,True,github_gist
pod20.myshopify.com,active_ecommerce,shopify,True,,3,True,github_gist
podcastingtricks.myshopify.com,active_ecommerce,shopify,True,,3,True,github_gist
poddress.myshopify.com,active_ecommerce,shopify,True,,3,True,github_gist
podwear.myshopify.com,active_ecommerce,shopify,True,,3,True,github_gist
podxl.myshopify.com,active_ecommerce,shopify,True,,3,True,github_gist
poeiradeestrelas.myshopify.com,active_ecommerce,shopify,True,,3,True,github_gist
poetreekicks.myshopify.com,active_ecommerce,shopify,True,,3,True,github_gist
poffe.myshopify.com,active_ecommerce,shopify,True,,3,True,github_gist
pogo.myshopify.com,active_ecommerce,shopify,True,,3,True,github_gist
point.myshopify.com,active_ecommerce,shopify,True,,3,True,github_gist
pointblank.myshopify.com,active_ecommerce,shopify,True,,3,True,github_gist
pointless.myshopify.com,active_ecommerce,shopify,True,,3,True,github_gist
pointstone.myshopify.com,active_ecommerce,shopify,True,,3,True,github_gist
poker.myshopify.com,active_ecommerce,shopify,True,,3,True,github_gist
pokerlook.myshopify.com,active_ecommerce,shopify,True,,3,True,github_gist
pokusy.myshopify.com,active_ecommerce,shopify,True,,3,True,github_gist
polar.myshopify.com,active_ecommerce,shopify,True,,3,True,github_gist
polish-lessons.myshopify.com,active_ecommerce,shopify,True,,3,True,github_gist
polishfood.myshopify.com,active_ecommerce,shopify,True,,3,True,github_gist
politicr.myshopify.com,active_ecommerce,shopify,True,,3,True,github_gist
pollen8.myshopify.com,active_ecommerce,shopify,True,,3,True,github_gist
polo.myshopify.com,active_ecommerce,shopify,True,,3,True,github_gist
pologoden.myshopify.com,active_ecommerce,shopify,True,,3,True,github_gist
polycom.myshopify.com,active_ecommerce,shopify,True,,3,True,github_gist
poocrap.myshopify.com,active_ecommerce,shopify,True,,3,True,github_gist
pookimunki.myshopify.com,active_ecommerce,shopify,True,,3,True,github_gist
poolalarms.myshopify.com,active_ecommerce,shopify,True,,3,True,github_gist
poopoopipi.myshopify.com,active_ecommerce,shopify,True,,3,True,github_gist
poor.myshopify.com,active_ecommerce,shopify,True,,3,True,github_gist
popelinos.myshopify.com,active_ecommerce,shopify,True,,3,True,github_gist
popeye.myshopify.com,active_ecommerce,shopify,True,,3,True,github_gist
popler.myshopify.com,active_ecommerce,shopify,True,,3,True,github_gist
popmaternity.myshopify.com,active_ecommerce,shopify,True,,3,True,github_gist
popneye.myshopify.com,active_ecommerce,shopify,True,,3,True,github_gist
popnpopcorn.myshopify.com,active_ecommerce,shopify,True,,3,True,github_gist
poppetts.myshopify.com,active_ecommerce,shopify,True,,3,True,github_gist
popphones.myshopify.com,active_ecommerce,shopify,True,,3,True,github_gist
poppies.myshopify.com,active_ecommerce,shopify,True,,3,True,github_gist
porcelain.myshopify.com,active_ecommerce,shopify,True,,3,True,github_gist
porkstore.myshopify.com,active_ecommerce,shopify,True,,3,True,github_gist
porno.myshopify.com,active_ecommerce,shopify,True,,3,True,github_gist
portablegaming.myshopify.com,active_ecommerce,shopify,True,,3,True,github_gist
portatiles.myshopify.com,active_ecommerce,shopify,True,,3,True,github_gist
porterpacific.myshopify.com,active_ecommerce,shopify,True,,3,True,github_gist
portugalmail.myshopify.com,active_ecommerce,shopify,True,,3,True,github_gist
posdirect.myshopify.com,active_ecommerce,shopify,True,,3,True,github_gist
poshmall.myshopify.com,active_ecommerce,shopify,True,,3,True,github_gist
poshpuppy.myshopify.com,active_ecommerce,shopify,True,,3,True,github_gist
posima.myshopify.com,active_ecommerce,shopify,True,,3,True,github_gist
positivemayhem.myshopify.com,active_ecommerce,shopify,True,,3,True,github_gist
posse.myshopify.com,active_ecommerce,shopify,True,,3,True,github_gist
post27.myshopify.com,active_ecommerce,shopify,True,,3,True,github_gist
poster.myshopify.com,active_ecommerce,shopify,True,,3,True,github_gist
poster24.myshopify.com,active_ecommerce,shopify,True,,3,True,github_gist
posterati.myshopify.com,active_ecommerce,shopify,True,,3,True,github_gist
posters.myshopify.com,active_ecommerce,shopify,True,,3,True,github_gist
postershop.myshopify.com,active_ecommerce,shopify,True,,3,True,github_gist
potiridesigns.myshopify.com,active_ecommerce,shopify,True,,3,True,github_gist
pots.myshopify.com,active_ecommerce,shopify,True,,3,True,github_gist
potty.myshopify.com,active_ecommerce,shopify,True,,3,True,github_gist
poulpe-et-cocaine.myshopify.com,active_ecommerce,shopify,True,,3,True,github_gist
povinho.myshopify.com,active_ecommerce,shopify,True,,3,True,github_gist
power604.myshopify.com,active_ecommerce,shopify,True,,3,True,github_gist
powerballs.myshopify.com,active_ecommerce,shopify,True,,3,True,github_gist
powerpackmemory.myshopify.com,active_ecommerce,shopify,True,,3,True,github_gist
powersales.myshopify.com,active_ecommerce,shopify,True,,3,True,github_gist
powersite.myshopify.com,active_ecommerce,shopify,True,,3,True,github_gist
powertoons.myshopify.com,active_ecommerce,shopify,True,,3,True,github_gist
pozkawa.myshopify.com,active_ecommerce,shopify,True,,3,True,github_gist
prabhu.myshopify.com,active_ecommerce,shopify,True,,3,True,github_gist
prabu.myshopify.com,active_ecommerce,shopify,True,,3,True,github_gist
practical.myshopify.com,active_ecommerce,shopify,True,,3,True,github_gist
pragglerock.myshopify.com,active_ecommerce,shopify,True,,3,True,github_gist
prakanstudios.myshopify.com,active_ecommerce,shopify,True,,3,True,github_gist
pras.myshopify.com,active_ecommerce,shopify,True,,3,True,github_gist
prashant.myshopify.com,active_ecommerce,shopify,True,,3,True,github_gist
prast.myshopify.com,active_ecommerce,shopify,True,,3,True,github_gist
pratama.myshopify.com,active_ecommerce,shopify,True,,3,True,github_gist
prathul.myshopify.com,active_ecommerce,shopify,True,,3,True,github_gist
prayas.myshopify.com,active_ecommerce,shopify,True,,3,True,github_gist
precious.myshopify.com,active_ecommerce,shopify,True,,3,True,github_gist
preeti.myshopify.com,active_ecommerce,shopify,True,,3,True,github_gist
premiergallery.myshopify.com,active_ecommerce,shopify,True,,3,True,github_gist
premierweb.myshopify.com,active_ecommerce,shopify,True,,3,True,github_gist
premium.myshopify.com,active_ecommerce,shopify,True,,3,True,github_gist
premiumbulk.myshopify.com,active_ecommerce,shopify,True,,3,True,github_gist
prems.myshopify.com,active_ecommerce,shopify,True,,3,True,github_gist
prepsportsbiz.myshopify.com,active_ecommerce,shopify,True,,3,True,github_gist
presents-4-kids.myshopify.com,active_ecommerce,shopify,True,,3,True,github_gist
presidenteejecutivosalomonorlandocordovanavarrete.myshopify.com,active_ecommerce,shopify,True,,3,True,github_gist
preston.myshopify.com,active_ecommerce,shopify,True,,3,True,github_gist
pretaria.myshopify.com,active_ecommerce,shopify,True,,3,True,github_gist
pretif.myshopify.com,active_ecommerce,shopify,True,,3,True,github_gist
prettybedroom.myshopify.com,active_ecommerce,shopify,True,,3,True,github_gist
priceflex.myshopify.com,active_ecommerce,shopify,True,,3,True,github_gist
primary.myshopify.com,active_ecommerce,shopify,True,,3,True,github_gist
prince.myshopify.com,active_ecommerce,shopify,True,,3,True,github_gist
principesalomonorlandocordovanavarrete.myshopify.com,active_ecommerce,shopify,True,,3,True,github_gist
print.myshopify.com,active_ecommerce,shopify,True,,3,True,github_gist
printit.myshopify.com,active_ecommerce,shopify,True,,3,True,github_gist
printsandpaper.myshopify.com,active_ecommerce,shopify,True,,3,True,github_gist
printsfromlounge78.myshopify.com,active_ecommerce,shopify,True,,3,True,github_gist
printshop.myshopify.com,active_ecommerce,shopify,True,,3,True,github_gist
printspot.myshopify.com,active_ecommerce,shopify,True,,3,True,github_gist
priscillia.myshopify.com,active_ecommerce,shopify,True,,3,True,github_gist
proba.myshopify.com,active_ecommerce,shopify,True,,3,True,github_gist
probas2.myshopify.com,active_ecommerce,shopify,True,,3,True,github_gist
prod.myshopify.com,active_ecommerce,shopify,True,,3,True,github_gist
producemedia.myshopify.com,active_ecommerce,shopify,True,,3,True,github_gist
productions50cents.myshopify.com,active_ecommerce,shopify,True,,3,True,github_gist
productivity.myshopify.com,active_ecommerce,shopify,True,,3,True,github_gist
products.myshopify.com,active_ecommerce,shopify,True,,3,True,github_gist
productshoppers.myshopify.com,active_ecommerce,shopify,True,,3,True,github_gist
proebando.myshopify.com,active_ecommerce,shopify,True,,3,True,github_gist
professionalwebsites.myshopify.com,active_ecommerce,shopify,True,,3,True,github_gist
profiblog.myshopify.com,active_ecommerce,shopify,True,,3,True,github_gist
proflowers.myshopify.com,active_ecommerce,shopify,True,,3,True,github_gist
prog.myshopify.com,active_ecommerce,shopify,True,,3,True,github_gist
programmers.myshopify.com,active_ecommerce,shopify,True,,3,True,github_gist
project.myshopify.com,active_ecommerce,shopify,True,,3,True,github_gist
projectfuse.myshopify.com,active_ecommerce,shopify,True,,3,True,github_gist
projects.myshopify.com,active_ecommerce,shopify,True,,3,True,github_gist
projectx.myshopify.com,active_ecommerce,shopify,True,,3,True,github_gist
projectzoe.myshopify.com,active_ecommerce,shopify,True,,3,True,github_gist
promoglass.myshopify.com,active_ecommerce,shopify,True,,3,True,github_gist
promotion.myshopify.com,active_ecommerce,shopify,True,,3,True,github_gist
promotional-goods.myshopify.com,active_ecommerce,shopify,True,,3,True,github_gist
proof.myshopify.com,active_ecommerce,shopify,True,,3,True,github_gist
propertyshop.myshopify.com,active_ecommerce,shopify,True,,3,True,github_gist
prophetnews.myshopify.com,active_ecommerce,shopify,True,,3,True,github_gist
prored.myshopify.com,active_ecommerce,shopify,True,,3,True,github_gist
prosphya.myshopify.com,active_ecommerce,shopify,True,,3,True,github_gist
prosportsdirect.myshopify.com,active_ecommerce,shopify,True,,3,True,github_gist
protips.myshopify.com,active_ecommerce,shopify,True,,3,True,github_gist
protoh.myshopify.com,active_ecommerce,shopify,True,,3,True,github_gist
provaperla.myshopify.com,active_ecommerce,shopify,True,,3,True,github_gist
provashop.myshopify.com,active_ecommerce,shopify,True,,3,True,github_gist
provaz.myshopify.com,active_ecommerce,shopify,True,,3,True,github_gist
provodesigns.myshopify.com,active_ecommerce,shopify,True,,3,True,github_gist
prowebscape.myshopify.com,active_ecommerce,shopify,True,,3,True,github_gist
prowise.myshopify.com,active_ecommerce,shopify,True,,3,True,github_gist
proyectofuturo.myshopify.com,active_ecommerce,shopify,True,,3,True,github_gist
prpht.myshopify.com,active_ecommerce,shopify,True,,3,True,github_gist
prservices.myshopify.com,active_ecommerce,shopify,True,,3,True,github_gist
prssa.myshopify.com,active_ecommerce,shopify,True,,3,True,github_gist
prueba.myshopify.com,active_ecommerce,shopify,True,,3,True,github_gist
pruebas.myshopify.com,active_ecommerce,shopify,True,,3,True,github_gist
prustu.myshopify.com,active_ecommerce,shopify,True,,3,True,github_gist
prwd.myshopify.com,active_ecommerce,shopify,True,,3,True,github_gist
psicot.myshopify.com,active_ecommerce,shopify,True,,3,True,github_gist
psilipharm.myshopify.com,active_ecommerce,shopify,True,,3,True,github_gist
pspgames.myshopify.com,active_ecommerce,shopify,True,,3,True,github_gist
pssyn.myshopify.com,active_ecommerce,shopify,True,,3,True,github_gist
ptica.myshopify.com,active_ecommerce,shopify,True,,3,True,github_gist
ptuj.myshopify.com,active_ecommerce,shopify,True,,3,True,github_gist
publicforumzone.myshopify.com,active_ecommerce,shopify,True,,3,True,github_gist
publisher.myshopify.com,active_ecommerce,shopify,True,,3,True,github_gist
pugs.myshopify.com,active_ecommerce,shopify,True,,3,True,github_gist
pugstore123.myshopify.com,active_ecommerce,shopify,True,,3,True,github_gist
punchingpilot.myshopify.com,active_ecommerce,shopify,True,,3,True,github_gist
punk.myshopify.com,active_ecommerce,shopify,True,,3,True,github_gist
punkornot.myshopify.com,active_ecommerce,shopify,True,,3,True,github_gist
punkracy.myshopify.com,active_ecommerce,shopify,True,,3,True,github_gist
punkrocklullaby.myshopify.com,active_ecommerce,shopify,True,,3,True,github_gist
puppe.myshopify.com,active_ecommerce,shopify,True,,3,True,github_gist
puppylove.myshopify.com,active_ecommerce,shopify,True,,3,True,github_gist
puppyscent.myshopify.com,active_ecommerce,shopify,True,,3,True,github_gist
purchase.myshopify.com,active_ecommerce,shopify,True,,3,True,github_gist
pure.myshopify.com,active_ecommerce,shopify,True,,3,True,github_gist
pureandapplied.myshopify.com,active_ecommerce,shopify,True,,3,True,github_gist
puredesigns.myshopify.com,active_ecommerce,shopify,True,,3,True,github_gist
pureoflondon.myshopify.com,active_ecommerce,shopify,True,,3,True,github_gist
puretemp.myshopify.com,active_ecommerce,shopify,True,,3,True,github_gist
puretic.myshopify.com,active_ecommerce,shopify,True,,3,True,github_gist
purewater.myshopify.com,active_ecommerce,shopify,True,,3,True,github_gist
purewish.myshopify.com,active_ecommerce,shopify,True,,3,True,github_gist
purminerals.myshopify.com,active_ecommerce,shopify,True,,3,True,github_gist
purple.myshopify.com,active_ecommerce,shopify,True,,3,True,github_gist
purplecandy.myshopify.com,active_ecommerce,shopify,True,,3,True,github_gist
purplepocket.myshopify.com,active_ecommerce,shopify,True,,3,True,github_gist
purplestork.myshopify.com,active_ecommerce,shopify,True,,3,True,github_gist
purposedesign.myshopify.com,active_ecommerce,shopify,True,,3,True,github_gist
purrfectlypets.myshopify.com,active_ecommerce,shopify,True,,3,True,github_gist
purusstudios.myshopify.com,active_ecommerce,shopify,True,,3,True,github_gist
pussey.myshopify.com,active_ecommerce,shopify,True,,3,True,github_gist
pussies.myshopify.com,active_ecommerce,shopify,True,,3,True,github_gist
pussy.myshopify.com,active_ecommerce,shopify,True,,3,True,github_gist
pvc-sex.myshopify.com,active_ecommerce,shopify,True,,3,True,github_gist
pwcbooks.myshopify.com,active_ecommerce,shopify,True,,3,True,github_gist
pworks.myshopify.com,active_ecommerce,shopify,True,,3,True,github_gist
pworld.myshopify.com,active_ecommerce,shopify,True,,3,True,github_gist
pxalive.myshopify.com,active_ecommerce,shopify,True,,3,True,github_gist
pxcomm.myshopify.com,active_ecommerce,shopify,True,,3,True,github_gist
pyme1.myshopify.com,active_ecommerce,shopify,True,,3,True,github_gist
pyramid.myshopify.com,active_ecommerce,shopify,True,,3,True,github_gist
pytest.myshopify.com,active_ecommerce,shopify,True,,3,True,github_gist
qazwsx.myshopify.com,active_ecommerce,shopify,True,,3,True,github_gist
qbit.myshopify.com,active_ecommerce,shopify,True,,3,True,github_gist
qbox.myshopify.com,active_ecommerce,shopify,True,,3,True,github_gist
qbqb.myshopify.com,active_ecommerce,shopify,True,,3,True,github_gist
qburst.myshopify.com,active_ecommerce,shopify,True,,3,True,github_gist
qeditions.myshopify.com,active_ecommerce,shopify,True,,3,True,github_gist
qeeptest.myshopify.com,active_ecommerce,shopify,True,,3,True,github_gist
qieng.myshopify.com,active_ecommerce,shopify,True,,3,True,github_gist
qlineprintworks.myshopify.com,active_ecommerce,shopify,True,,3,True,github_gist
qontent.myshopify.com,active_ecommerce,shopify,True,,3,True,github_gist
qooloop.myshopify.com,active_ecommerce,shopify,True,,3,True,github_gist
qr5store.myshopify.com,active_ecommerce,shopify,True,,3,True,github_gist
qthings.myshopify.com,active_ecommerce,shopify,True,,3,True,github_gist
quaintly.myshopify.com,active_ecommerce,shopify,True,,3,True,github_gist
queens.myshopify.com,active_ecommerce,shopify,True,,3,True,github_gist
queijo-e-cia.myshopify.com,active_ecommerce,shopify,True,,3,True,github_gist
quench.myshopify.com,active_ecommerce,shopify,True,,3,True,github_gist
quenottes.myshopify.com,active_ecommerce,shopify,True,,3,True,github_gist
quest.myshopify.com,active_ecommerce,shopify,True,,3,True,github_gist
quetempo.myshopify.com,active_ecommerce,shopify,True,,3,True,github_gist
quicemart.myshopify.com,active_ecommerce,shopify,True,,3,True,github_gist
quick.myshopify.com,active_ecommerce,shopify,True,,3,True,github_gist
quickerdesigns.myshopify.com,active_ecommerce,shopify,True,,3,True,github_gist
quilts.myshopify.com,active_ecommerce,shopify,True,,3,True,github_gist
quinari.myshopify.com,active_ecommerce,shopify,True,,3,True,github_gist
qurv.myshopify.com,active_ecommerce,shopify,True,,3,True,github_gist
qwert.myshopify.com,active_ecommerce,shopify,True,,3,True,github_gist
qwerty.myshopify.com,active_ecommerce,shopify,True,,3,True,github_gist
qwertyq.myshopify.com,active_ecommerce,shopify,True,,3,True,github_gist
r-r-k.myshopify.com,active_ecommerce,shopify,True,,3,True,github_gist
rabbit.myshopify.com,active_ecommerce,shopify,True,,3,True,github_gist
racemn.myshopify.com,active_ecommerce,shopify,True,,3,True,github_gist
raceworld.myshopify.com,active_ecommerce,shopify,True,,3,True,github_gist
rachels.myshopify.com,active_ecommerce,shopify,True,,3,True,github_gist
radarboy.myshopify.com,active_ecommerce,shopify,True,,3,True,github_gist
radek.myshopify.com,active_ecommerce,shopify,True,,3,True,github_gist
radesign.myshopify.com,active_ecommerce,shopify,True,,3,True,github_gist
radical.myshopify.com,active_ecommerce,shopify,True,,3,True,github_gist
radiocalvario.myshopify.com,active_ecommerce,shopify,True,,3,True,github_gist
radiology.myshopify.com,active_ecommerce,shopify,True,,3,True,github_gist
radiorus.myshopify.com,active_ecommerce,shopify,True,,3,True,github_gist
radiostyrt.myshopify.com,active_ecommerce,shopify,True,,3,True,github_gist
rado.myshopify.com,active_ecommerce,shopify,True,,3,True,github_gist
radon.myshopify.com,active_ecommerce,shopify,True,,3,True,github_gist
radsluk.myshopify.com,active_ecommerce,shopify,True,,3,True,github_gist
radu.myshopify.com,active_ecommerce,shopify,True,,3,True,github_gist
raestar.myshopify.com,active_ecommerce,shopify,True,,3,True,github_gist
rafalm.myshopify.com,active_ecommerce,shopify,True,,3,True,github_gist
rafamvc.myshopify.com,active_ecommerce,shopify,True,,3,True,github_gist
rafelio.myshopify.com,active_ecommerce,shopify,True,,3,True,github_gist
rafique.myshopify.com,active_ecommerce,shopify,True,,3,True,github_gist
ragefightwear.myshopify.com,active_ecommerce,shopify,True,,3,True,github_gist
raha-net.myshopify.com,active_ecommerce,shopify,True,,3,True,github_gist
rahimali.myshopify.com,active_ecommerce,shopify,True,,3,True,github_gist
railkits.myshopify.com,active_ecommerce,shopify,True,,3,True,github_gist
railsdev.myshopify.com,active_ecommerce,shopify,True,,3,True,github_gist
railsfactory.myshopify.com,active_ecommerce,shopify,True,,3,True,github_gist
railsplayground.myshopify.com,active_ecommerce,shopify,True,,3,True,github_gist
railssite.myshopify.com,active_ecommerce,shopify,True,,3,True,github_gist
rainbarrel.myshopify.com,active_ecommerce,shopify,True,,3,True,github_gist
rainbowconnectionhypnosis.myshopify.com,active_ecommerce,shopify,True,,3,True,github_gist
rainey.myshopify.com,active_ecommerce,shopify,True,,3,True,github_gist
raja.myshopify.com,active_ecommerce,shopify,True,,3,True,github_gist
rajiv.myshopify.com,active_ecommerce,shopify,True,,3,True,github_gist
rajjw.myshopify.com,active_ecommerce,shopify,True,,3,True,github_gist
rakushop.myshopify.com,active_ecommerce,shopify,True,,3,True,github_gist
rambiel.myshopify.com,active_ecommerce,shopify,True,,3,True,github_gist
rampage.myshopify.com,active_ecommerce,shopify,True,,3,True,github_gist
ranchnet.myshopify.com,active_ecommerce,shopify,True,,3,True,github_gist
randgleather.myshopify.com,active_ecommerce,shopify,True,,3,True,github_gist
random.myshopify.com,active_ecommerce,shopify,True,,3,True,github_gist
randtomstuff.myshopify.com,active_ecommerce,shopify,True,,3,True,github_gist
randyjensen.myshopify.com,active_ecommerce,shopify,True,,3,True,github_gist
randyjensenonline.myshopify.com,active_ecommerce,shopify,True,,3,True,github_gist
range.myshopify.com,active_ecommerce,shopify,True,,3,True,github_gist
rani.myshopify.com,active_ecommerce,shopify,True,,3,True,github_gist
rannal.myshopify.com,active_ecommerce,shopify,True,,3,True,github_gist
rapacaffe.myshopify.com,active_ecommerce,shopify,True,,3,True,github_gist
rapidboy1.myshopify.com,active_ecommerce,shopify,True,,3,True,github_gist
rapidonweb.myshopify.com,active_ecommerce,shopify,True,,3,True,github_gist
rapidsage.myshopify.com,active_ecommerce,shopify,True,,3,True,github_gist
rapidweaver.myshopify.com,active_ecommerce,shopify,True,,3,True,github_gist
rapolas.myshopify.com,active_ecommerce,shopify,True,,3,True,github_gist
rappid.myshopify.com,active_ecommerce,shopify,True,,3,True,github_gist
rarepad.myshopify.com,active_ecommerce,shopify,True,,3,True,github_gist
rashid.myshopify.com,active_ecommerce,shopify,True,,3,True,github_gist
rashids.myshopify.com,active_ecommerce,shopify,True,,3,True,github_gist
rasmus.myshopify.com,active_ecommerce,shopify,True,,3,True,github_gist
rasmusbadstue.myshopify.com,active_ecommerce,shopify,True,,3,True,github_gist
rastan.myshopify.com,active_ecommerce,shopify,True,,3,True,github_gist
ratata.myshopify.com,active_ecommerce,shopify,True,,3,True,github_gist
ratch.myshopify.com,active_ecommerce,shopify,True,,3,True,github_gist
ratterriers.myshopify.com,active_ecommerce,shopify,True,,3,True,github_gist
rattielove.myshopify.com,active_ecommerce,shopify,True,,3,True,github_gist
ratzo.myshopify.com,active_ecommerce,shopify,True,,3,True,github_gist
rauchg.myshopify.com,active_ecommerce,shopify,True,,3,True,github_gist
ravenson.myshopify.com,active_ecommerce,shopify,True,,3,True,github_gist
ravi.myshopify.com,active_ecommerce,shopify,True,,3,True,github_gist
rawdog.myshopify.com,active_ecommerce,shopify,True,,3,True,github_gist
rawnet.myshopify.com,active_ecommerce,shopify,True,,3,True,github_gist
raydiance.myshopify.com,active_ecommerce,shopify,True,,3,True,github_gist
raydiancet.myshopify.com,active_ecommerce,shopify,True,,3,True,github_gist
raygirl.myshopify.com,active_ecommerce,shopify,True,,3,True,github_gist
rayrayray.myshopify.com,active_ecommerce,shopify,True,,3,True,github_gist
raytracey.myshopify.com,active_ecommerce,shopify,True,,3,True,github_gist
razvan.myshopify.com,active_ecommerce,shopify,True,,3,True,github_gist
rcpb.myshopify.com,active_ecommerce,shopify,True,,3,True,github_gist
rcsupersales.myshopify.com,active_ecommerce,shopify,True,,3,True,github_gist
rdaigle.myshopify.com,active_ecommerce,shopify,True,,3,True,github_gist
rdgroup.myshopify.com,active_ecommerce,shopify,True,,3,True,github_gist
rdralliance.myshopify.com,active_ecommerce,shopify,True,,3,True,github_gist
re-com.myshopify.com,active_ecommerce,shopify,True,,3,True,github_gist
reachible.myshopify.com,active_ecommerce,shopify,True,,3,True,github_gist
reactioncontrol.myshopify.com,active_ecommerce,shopify,True,,3,True,github_gist
reactionrecords.myshopify.com,active_ecommerce,shopify,True,,3,True,github_gist
readplease.myshopify.com,active_ecommerce,shopify,True,,3,True,github_gist
readystyle.myshopify.com,active_ecommerce,shopify,True,,3,True,github_gist
readyusedcomputers.myshopify.com,active_ecommerce,shopify,True,,3,True,github_gist
realbum.myshopify.com,active_ecommerce,shopify,True,,3,True,github_gist
realityasylum.myshopify.com,active_ecommerce,shopify,True,,3,True,github_gist
reallybignetworks.myshopify.com,active_ecommerce,shopify,True,,3,True,github_gist
reallycoolshop.myshopify.com,active_ecommerce,shopify,True,,3,True,github_gist
realtysimply.myshopify.com,active_ecommerce,shopify,True,,3,True,github_gist
rebe-art.myshopify.com,active_ecommerce,shopify,True,,3,True,github_gist
rebel.myshopify.com,active_ecommerce,shopify,True,,3,True,github_gist
rec2mail.myshopify.com,active_ecommerce,shopify,True,,3,True,github_gist
recaro.myshopify.com,active_ecommerce,shopify,True,,3,True,github_gist
receive-bacon.myshopify.com,active_ecommerce,shopify,True,,3,True,github_gist
recipedian.myshopify.com,active_ecommerce,shopify,True,,3,True,github_gist
recolo.myshopify.com,active_ecommerce,shopify,True,,3,True,github_gist
records.myshopify.com,active_ecommerce,shopify,True,,3,True,github_gist
recordsby2024.myshopify.com,active_ecommerce,shopify,True,,3,True,github_gist
recordstore.myshopify.com,active_ecommerce,shopify,True,,3,True,github_gist
red-fly.myshopify.com,active_ecommerce,shopify,True,,3,True,github_gist
red3.myshopify.com,active_ecommerce,shopify,True,,3,True,github_gist
redarmyfutbol.myshopify.com,active_ecommerce,shopify,True,,3,True,github_gist
redbarntheatre.myshopify.com,active_ecommerce,shopify,True,,3,True,github_gist
redchairs.myshopify.com,active_ecommerce,shopify,True,,3,True,github_gist
redferret.myshopify.com,active_ecommerce,shopify,True,,3,True,github_gist
redkhost.myshopify.com,active_ecommerce,shopify,True,,3,True,github_gist
redlabor.myshopify.com,active_ecommerce,shopify,True,,3,True,github_gist
redleaf.myshopify.com,active_ecommerce,shopify,True,,3,True,github_gist
redlotus.myshopify.com,active_ecommerce,shopify,True,,3,True,github_gist
redmoonclassic.myshopify.com,active_ecommerce,shopify,True,,3,True,github_gist
redorb.myshopify.com,active_ecommerce,shopify,True,,3,True,github_gist
redpolka.myshopify.com,active_ecommerce,shopify,True,,3,True,github_gist
redproductions.myshopify.com,active_ecommerce,shopify,True,,3,True,github_gist
redrory.myshopify.com,active_ecommerce,shopify,True,,3,True,github_gist
redroxypoos.myshopify.com,active_ecommerce,shopify,True,,3,True,github_gist
redsonline.myshopify.com,active_ecommerce,shopify,True,,3,True,github_gist
redspeargaming.myshopify.com,active_ecommerce,shopify,True,,3,True,github_gist
redtileimages.myshopify.com,active_ecommerce,shopify,True,,3,True,github_gist
reed.myshopify.com,active_ecommerce,shopify,True,,3,True,github_gist
refinersfire2.myshopify.com,active_ecommerce,shopify,True,,3,True,github_gist
reflect.myshopify.com,active_ecommerce,shopify,True,,3,True,github_gist
refocus.myshopify.com,active_ecommerce,shopify,True,,3,True,github_gist
refraktion.myshopify.com,active_ecommerce,shopify,True,,3,True,github_gist
refresh.myshopify.com,active_ecommerce,shopify,True,,3,True,github_gist
refurn.myshopify.com,active_ecommerce,shopify,True,,3,True,github_gist
regalcoxophone.myshopify.com,active_ecommerce,shopify,True,,3,True,github_gist
regaubry.myshopify.com,active_ecommerce,shopify,True,,3,True,github_gist
reggaewarehouse.myshopify.com,active_ecommerce,shopify,True,,3,True,github_gist
reggie.myshopify.com,active_ecommerce,shopify,True,,3,True,github_gist
regioninfo.myshopify.com,active_ecommerce,shopify,True,,3,True,github_gist
registername.myshopify.com,active_ecommerce,shopify,True,,3,True,github_gist
regularpepper.myshopify.com,active_ecommerce,shopify,True,,3,True,github_gist
rehanwidgets.myshopify.com,active_ecommerce,shopify,True,,3,True,github_gist
reids.myshopify.com,active_ecommerce,shopify,True,,3,True,github_gist
reien.myshopify.com,active_ecommerce,shopify,True,,3,True,github_gist
rejectthreds.myshopify.com,active_ecommerce,shopify,True,,3,True,github_gist
reket.myshopify.com,active_ecommerce,shopify,True,,3,True,github_gist
relaxedatrachels.myshopify.com,active_ecommerce,shopify,True,,3,True,github_gist
relevant.myshopify.com,active_ecommerce,shopify,True,,3,True,github_gist
relevantart.myshopify.com,active_ecommerce,shopify,True,,3,True,github_gist
reliabledvr.myshopify.com,active_ecommerce,shopify,True,,3,True,github_gist
relicwines.myshopify.com,active_ecommerce,shopify,True,,3,True,github_gist
religiousidol.myshopify.com,active_ecommerce,shopify,True,,3,True,github_gist
relu.myshopify.com,active_ecommerce,shopify,True,,3,True,github_gist
relu69.myshopify.com,active_ecommerce,shopify,True,,3,True,github_gist
remember.myshopify.com,active_ecommerce,shopify,True,,3,True,github_gist
rememberingyougifts.myshopify.com,active_ecommerce,shopify,True,,3,True,github_gist
remington.myshopify.com,active_ecommerce,shopify,True,,3,True,github_gist
remis.myshopify.com,active_ecommerce,shopify,True,,3,True,github_gist
remolacha.myshopify.com,active_ecommerce,shopify,True,,3,True,github_gist
remor.myshopify.com,active_ecommerce,shopify,True,,3,True,github_gist
rendering3d.myshopify.com,active_ecommerce,shopify,True,,3,True,github_gist
renegadelatino.myshopify.com,active_ecommerce,shopify,True,,3,True,github_gist
renetec.myshopify.com,active_ecommerce,shopify,True,,3,True,github_gist
renimports.myshopify.com,active_ecommerce,shopify,True,,3,True,github_gist
renisant.myshopify.com,active_ecommerce,shopify,True,,3,True,github_gist
reno.myshopify.com,active_ecommerce,shopify,True,,3,True,github_gist
renonv.myshopify.com,active_ecommerce,shopify,True,,3,True,github_gist
repackr.myshopify.com,active_ecommerce,shopify,True,,3,True,github_gist
repeat73.myshopify.com,active_ecommerce,shopify,True,,3,True,github_gist
rephorm.myshopify.com,active_ecommerce,shopify,True,,3,True,github_gist
reprint.myshopify.com,active_ecommerce,shopify,True,,3,True,github_gist
repro.myshopify.com,active_ecommerce,shopify,True,,3,True,github_gist
reprographix.myshopify.com,active_ecommerce,shopify,True,,3,True,github_gist
republica.myshopify.com,active_ecommerce,shopify,True,,3,True,github_gist
republicashop.myshopify.com,active_ecommerce,shopify,True,,3,True,github_gist
requiredsoftware.myshopify.com,active_ecommerce,shopify,True,,3,True,github_gist
rerreer.myshopify.com,active_ecommerce,shopify,True,,3,True,github_gist
resetyourmind.myshopify.com,active_ecommerce,shopify,True,,3,True,github_gist
resistor.myshopify.com,active_ecommerce,shopify,True,,3,True,github_gist
resolva.myshopify.com,active_ecommerce,shopify,True,,3,True,github_gist
resonet.myshopify.com,active_ecommerce,shopify,True,,3,True,github_gist
responsecrew.myshopify.com,active_ecommerce,shopify,True,,3,True,github_gist
restorationgarage.myshopify.com,active_ecommerce,shopify,True,,3,True,github_gist
resume.myshopify.com,active_ecommerce,shopify,True,,3,True,github_gist
retail-m.myshopify.com,active_ecommerce,shopify,True,,3,True,github_gist
retail.myshopify.com,active_ecommerce,shopify,True,,3,True,github_gist
retainerparty.myshopify.com,active_ecommerce,shopify,True,,3,True,github_gist
retest.myshopify.com,active_ecommerce,shopify,True,,3,True,github_gist
retomi.myshopify.com,active_ecommerce,shopify,True,,3,True,github_gist
retrofresh.myshopify.com,active_ecommerce,shopify,True,,3,True,github_gist
retrograde.myshopify.com,active_ecommerce,shopify,True,,3,True,github_gist
retrorocket.myshopify.com,active_ecommerce,shopify,True,,3,True,github_gist
retrospectacle.myshopify.com,active_ecommerce,shopify,True,,3,True,github_gist
reuse.myshopify.com,active_ecommerce,shopify,True,,3,True,github_gist
reveena.myshopify.com,active_ecommerce,shopify,True,,3,True,github_gist
revelations.myshopify.com,active_ecommerce,shopify,True,,3,True,github_gist
revitalisor.myshopify.com,active_ecommerce,shopify,True,,3,True,github_gist
revo.myshopify.com,active_ecommerce,shopify,True,,3,True,github_gist
revolved.myshopify.com,active_ecommerce,shopify,True,,3,True,github_gist
revoo.myshopify.com,active_ecommerce,shopify,True,,3,True,github_gist
revox.myshopify.com,active_ecommerce,shopify,True,,3,True,github_gist
revstudios.myshopify.com,active_ecommerce,shopify,True,,3,True,github_gist
rewasoccer.myshopify.com,active_ecommerce,shopify,True,,3,True,github_gist
rezzie.myshopify.com,active_ecommerce,shopify,True,,3,True,github_gist
rfponline.myshopify.com,active_ecommerce,shopify,True,,3,True,github_gist
rfth.myshopify.com,active_ecommerce,shopify,True,,3,True,github_gist
rhico.myshopify.com,active_ecommerce,shopify,True,,3,True,github_gist
rhjr.myshopify.com,active_ecommerce,shopify,True,,3,True,github_gist
riboe.myshopify.com,active_ecommerce,shopify,True,,3,True,github_gist
riccaado.myshopify.com,active_ecommerce,shopify,True,,3,True,github_gist
riccardo.myshopify.com,active_ecommerce,shopify,True,,3,True,github_gist
ricci.myshopify.com,active_ecommerce,shopify,True,,3,True,github_gist
richard.myshopify.com,active_ecommerce,shopify,True,,3,True,github_gist
richardcreme.myshopify.com,active_ecommerce,shopify,True,,3,True,github_gist
richardshop.myshopify.com,active_ecommerce,shopify,True,,3,True,github_gist
richardx.myshopify.com,active_ecommerce,shopify,True,,3,True,github_gist
richtest.myshopify.com,active_ecommerce,shopify,True,,3,True,github_gist
rickandpups.myshopify.com,active_ecommerce,shopify,True,,3,True,github_gist
rickzkm.myshopify.com,active_ecommerce,shopify,True,,3,True,github_gist
ricshop.myshopify.com,active_ecommerce,shopify,True,,3,True,github_gist
ridata.myshopify.com,active_ecommerce,shopify,True,,3,True,github_gist
riddle.myshopify.com,active_ecommerce,shopify,True,,3,True,github_gist
ridebox.myshopify.com,active_ecommerce,shopify,True,,3,True,github_gist
ridley.myshopify.com,active_ecommerce,shopify,True,,3,True,github_gist
riggo.myshopify.com,active_ecommerce,shopify,True,,3,True,github_gist
riku.myshopify.com,active_ecommerce,shopify,True,,3,True,github_gist
rina.myshopify.com,active_ecommerce,shopify,True,,3,True,github_gist
ringgerlabs.myshopify.com,active_ecommerce,shopify,True,,3,True,github_gist
rings.myshopify.com,active_ecommerce,shopify,True,,3,True,github_gist
ringtones.myshopify.com,active_ecommerce,shopify,True,,3,True,github_gist
rinklefree.myshopify.com,active_ecommerce,shopify,True,,3,True,github_gist
rise.myshopify.com,active_ecommerce,shopify,True,,3,True,github_gist
risewear.myshopify.com,active_ecommerce,shopify,True,,3,True,github_gist
rishistuff.myshopify.com,active_ecommerce,shopify,True,,3,True,github_gist
rivc.myshopify.com,active_ecommerce,shopify,True,,3,True,github_gist
river.myshopify.com,active_ecommerce,shopify,True,,3,True,github_gist
riverbank.myshopify.com,active_ecommerce,shopify,True,,3,True,github_gist
rizwanreza.myshopify.com,active_ecommerce,shopify,True,,3,True,github_gist
rjfb.myshopify.com,active_ecommerce,shopify,True,,3,True,github_gist
rkkhatri.myshopify.com,active_ecommerce,shopify,True,,3,True,github_gist
rmiller.myshopify.com,active_ecommerce,shopify,True,,3,True,github_gist
rmm5t.myshopify.com,active_ecommerce,shopify,True,,3,True,github_gist
rmohankumar.myshopify.com,active_ecommerce,shopify,True,,3,True,github_gist
rmoiii.myshopify.com,active_ecommerce,shopify,True,,3,True,github_gist
rmproductions.myshopify.com,active_ecommerce,shopify,True,,3,True,github_gist
rmshop.myshopify.com,active_ecommerce,shopify,True,,3,True,github_gist
rndsolutions.myshopify.com,active_ecommerce,shopify,True,,3,True,github_gist
robarov.myshopify.com,active_ecommerce,shopify,True,,3,True,github_gist
robbabcock.myshopify.com,active_ecommerce,shopify,True,,3,True,github_gist
robcomm.myshopify.com,active_ecommerce,shopify,True,,3,True,github_gist
robert.myshopify.com,active_ecommerce,shopify,True,,3,True,github_gist
robertdeltredici.myshopify.com,active_ecommerce,shopify,True,,3,True,github_gist
robertdewolfe.myshopify.com,active_ecommerce,shopify,True,,3,True,github_gist
roberto.myshopify.com,active_ecommerce,shopify,True,,3,True,github_gist
robertselders05.myshopify.com,active_ecommerce,shopify,True,,3,True,github_gist
robgrady.myshopify.com,active_ecommerce,shopify,True,,3,True,github_gist
robinio.myshopify.com,active_ecommerce,shopify,True,,3,True,github_gist
robisoft.myshopify.com,active_ecommerce,shopify,True,,3,True,github_gist
robmientjes.myshopify.com,active_ecommerce,shopify,True,,3,True,github_gist
roboshop.myshopify.com,active_ecommerce,shopify,True,,3,True,github_gist
robot.myshopify.com,active_ecommerce,shopify,True,,3,True,github_gist
robotcoop.myshopify.com,active_ecommerce,shopify,True,,3,True,github_gist
robotix.myshopify.com,active_ecommerce,shopify,True,,3,True,github_gist
robsky.myshopify.com,active_ecommerce,shopify,True,,3,True,github_gist
rochelle.myshopify.com,active_ecommerce,shopify,True,,3,True,github_gist
rock-metal-dvds.myshopify.com,active_ecommerce,shopify,True,,3,True,github_gist
rockbottom.myshopify.com,active_ecommerce,shopify,True,,3,True,github_gist
rockemdead.myshopify.com,active_ecommerce,shopify,True,,3,True,github_gist
rocketage.myshopify.com,active_ecommerce,shopify,True,,3,True,github_gist
rocketboymedia.myshopify.com,active_ecommerce,shopify,True,,3,True,github_gist
rocketeer.myshopify.com,active_ecommerce,shopify,True,,3,True,github_gist
rockindia.myshopify.com,active_ecommerce,shopify,True,,3,True,github_gist
rocknclothing.myshopify.com,active_ecommerce,shopify,True,,3,True,github_gist
rockyacrefarms.myshopify.com,active_ecommerce,shopify,True,,3,True,github_gist
rocolac.myshopify.com,active_ecommerce,shopify,True,,3,True,github_gist
roddyframe.myshopify.com,active_ecommerce,shopify,True,,3,True,github_gist
rogue.myshopify.com,active_ecommerce,shopify,True,,3,True,github_gist
rokada.myshopify.com,active_ecommerce,shopify,True,,3,True,github_gist
rokpool.myshopify.com,active_ecommerce,shopify,True,,3,True,github_gist
rolex.myshopify.com,active_ecommerce,shopify,True,,3,True,github_gist
roll.myshopify.com,active_ecommerce,shopify,True,,3,True,github_gist
roller.myshopify.com,active_ecommerce,shopify,True,,3,True,github_gist
rollershop.myshopify.com,active_ecommerce,shopify,True,,3,True,github_gist
rologen.myshopify.com,active_ecommerce,shopify,True,,3,True,github_gist
romain.myshopify.com,active_ecommerce,shopify,True,,3,True,github_gist
romeohifi.myshopify.com,active_ecommerce,shopify,True,,3,True,github_gist
romeolux.myshopify.com,active_ecommerce,shopify,True,,3,True,github_gist
romero.myshopify.com,active_ecommerce,shopify,True,,3,True,github_gist
romeu.myshopify.com,active_ecommerce,shopify,True,,3,True,github_gist
ronaldo.myshopify.com,active_ecommerce,shopify,True,,3,True,github_gist
roobottom.myshopify.com,active_ecommerce,shopify,True,,3,True,github_gist
roofing.myshopify.com,active_ecommerce,shopify,True,,3,True,github_gist
rookiecardshop.myshopify.com,active_ecommerce,shopify,True,,3,True,github_gist
roomservice.myshopify.com,active_ecommerce,shopify,True,,3,True,github_gist
roomtoroomaudio.myshopify.com,active_ecommerce,shopify,True,,3,True,github_gist
roomtransformer.myshopify.com,active_ecommerce,shopify,True,,3,True,github_gist
root.myshopify.com,active_ecommerce,shopify,True,,3,True,github_gist
roots.myshopify.com,active_ecommerce,shopify,True,,3,True,github_gist
rorra.myshopify.com,active_ecommerce,shopify,True,,3,True,github_gist
rosemoonsudios.myshopify.com,active_ecommerce,shopify,True,,3,True,github_gist
rosenbladliving.myshopify.com,active_ecommerce,shopify,True,,3,True,github_gist
roserouge.myshopify.com,active_ecommerce,shopify,True,,3,True,github_gist
roses.myshopify.com,active_ecommerce,shopify,True,,3,True,github_gist
roshans.myshopify.com,active_ecommerce,shopify,True,,3,True,github_gist
roshymun.myshopify.com,active_ecommerce,shopify,True,,3,True,github_gist
rossanafani.myshopify.com,active_ecommerce,shopify,True,,3,True,github_gist
rossmeissl.myshopify.com,active_ecommerce,shopify,True,,3,True,github_gist
rossvegas.myshopify.com,active_ecommerce,shopify,True,,3,True,github_gist
rothar.myshopify.com,active_ecommerce,shopify,True,,3,True,github_gist
rothlis.myshopify.com,active_ecommerce,shopify,True,,3,True,github_gist
rottedbrain.myshopify.com,active_ecommerce,shopify,True,,3,True,github_gist
round2.myshopify.com,active_ecommerce,shopify,True,,3,True,github_gist
rout1000.myshopify.com,active_ecommerce,shopify,True,,3,True,github_gist
routerbitworld.myshopify.com,active_ecommerce,shopify,True,,3,True,github_gist
rowan.myshopify.com,active_ecommerce,shopify,True,,3,True,github_gist
rowenamay.myshopify.com,active_ecommerce,shopify,True,,3,True,github_gist
rowwrrr.myshopify.com,active_ecommerce,shopify,True,,3,True,github_gist
royal.myshopify.com,active_ecommerce,shopify,True,,3,True,github_gist
royaljubilee.myshopify.com,active_ecommerce,shopify,True,,3,True,github_gist
royalpixels.myshopify.com,active_ecommerce,shopify,True,,3,True,github_gist
royalpos.myshopify.com,active_ecommerce,shopify,True,,3,True,github_gist
roycod.myshopify.com,active_ecommerce,shopify,True,,3,True,github_gist
roydongb.myshopify.com,active_ecommerce,shopify,True,,3,True,github_gist
rpeterclark.myshopify.com,active_ecommerce,shopify,True,,3,True,github_gist
rsateleservices.myshopify.com,active_ecommerce,shopify,True,,3,True,github_gist
rsml.myshopify.com,active_ecommerce,shopify,True,,3,True,github_gist
rttuning.myshopify.com,active_ecommerce,shopify,True,,3,True,github_gist
rubbergirls.myshopify.com,active_ecommerce,shopify,True,,3,True,github_gist
rubbertree.myshopify.com,active_ecommerce,shopify,True,,3,True,github_gist
ruben.myshopify.com,active_ecommerce,shopify,True,,3,True,github_gist
rubinphoto.myshopify.com,active_ecommerce,shopify,True,,3,True,github_gist
rubymonster.myshopify.com,active_ecommerce,shopify,True,,3,True,github_gist
rubyrou.myshopify.com,active_ecommerce,shopify,True,,3,True,github_gist
rucks.myshopify.com,active_ecommerce,shopify,True,,3,True,github_gist
rudetestcorner.myshopify.com,active_ecommerce,shopify,True,,3,True,github_gist
rudixworld.myshopify.com,active_ecommerce,shopify,True,,3,True,github_gist
rudy.myshopify.com,active_ecommerce,shopify,True,,3,True,github_gist
rue-gembon.myshopify.com,active_ecommerce,shopify,True,,3,True,github_gist
rufhaus.myshopify.com,active_ecommerce,shopify,True,,3,True,github_gist
rufusandrosebud.myshopify.com,active_ecommerce,shopify,True,,3,True,github_gist
rugking.myshopify.com,active_ecommerce,shopify,True,,3,True,github_gist
rugs.myshopify.com,active_ecommerce,shopify,True,,3,True,github_gist
rujaded.myshopify.com,active_ecommerce,shopify,True,,3,True,github_gist
rule13.myshopify.com,active_ecommerce,shopify,True,,3,True,github_gist
rules37.myshopify.com,active_ecommerce,shopify,True,,3,True,github_gist
rulink.myshopify.com,active_ecommerce,shopify,True,,3,True,github_gist
rumjee.myshopify.com,active_ecommerce,shopify,True,,3,True,github_gist
rumms.myshopify.com,active_ecommerce,shopify,True,,3,True,github_gist
runescape.myshopify.com,active_ecommerce,shopify,True,,3,True,github_gist
runescapemoney.myshopify.com,active_ecommerce,shopify,True,,3,True,github_gist
runseven.myshopify.com,active_ecommerce,shopify,True,,3,True,github_gist
ruseel.myshopify.com,active_ecommerce,shopify,True,,3,True,github_gist
ruslan.myshopify.com,active_ecommerce,shopify,True,,3,True,github_gist
russia.myshopify.com,active_ecommerce,shopify,True,,3,True,github_gist
russtest.myshopify.com,active_ecommerce,shopify,True,,3,True,github_gist
rusty.myshopify.com,active_ecommerce,shopify,True,,3,True,github_gist
rwang5688.myshopify.com,active_ecommerce,shopify,True,,3,True,github_gist
rwl4.myshopify.com,active_ecommerce,shopify,True,,3,True,github_gist
ryanbooker.myshopify.com,active_ecommerce,shopify,True,,3,True,github_gist
ryanjwright.myshopify.com,active_ecommerce,shopify,True,,3,True,github_gist
ryanshop.myshopify.com,active_ecommerce,shopify,True,,3,True,github_gist
s-h-o-p.myshopify.com,active_ecommerce,shopify,True,,3,True,github_gist
s1000.myshopify.com,active_ecommerce,shopify,True,,3,True,github_gist
s329-wd.myshopify.com,active_ecommerce,shopify,True,,3,True,github_gist
saadservers.myshopify.com,active_ecommerce,shopify,True,,3,True,github_gist
sabotage.myshopify.com,active_ecommerce,shopify,True,,3,True,github_gist
sach.myshopify.com,active_ecommerce,shopify,True,,3,True,github_gist
sachin.myshopify.com,active_ecommerce,shopify,True,,3,True,github_gist
saddy.myshopify.com,active_ecommerce,shopify,True,,3,True,github_gist
sadegazoz.myshopify.com,active_ecommerce,shopify,True,,3,True,github_gist
safari.myshopify.com,active_ecommerce,shopify,True,,3,True,github_gist
saff.myshopify.com,active_ecommerce,shopify,True,,3,True,github_gist
saffron7.myshopify.com,active_ecommerce,shopify,True,,3,True,github_gist
safirulalredha.myshopify.com,active_ecommerce,shopify,True,,3,True,github_gist
saftladen.myshopify.com,active_ecommerce,shopify,True,,3,True,github_gist
sagefire.myshopify.com,active_ecommerce,shopify,True,,3,True,github_gist
sagework.myshopify.com,active_ecommerce,shopify,True,,3,True,github_gist
sahara.myshopify.com,active_ecommerce,shopify,True,,3,True,github_gist
saharamar.myshopify.com,active_ecommerce,shopify,True,,3,True,github_gist
saibaba.myshopify.com,active_ecommerce,shopify,True,,3,True,github_gist
saimonsei.myshopify.com,active_ecommerce,shopify,True,,3,True,github_gist
saintseiya.myshopify.com,active_ecommerce,shopify,True,,3,True,github_gist
saitodel.myshopify.com,active_ecommerce,shopify,True,,3,True,github_gist
saiwai.myshopify.com,active_ecommerce,shopify,True,,3,True,github_gist
sajith.myshopify.com,active_ecommerce,shopify,True,,3,True,github_gist
sajshop.myshopify.com,active_ecommerce,shopify,True,,3,True,github_gist
sakphotography.myshopify.com,active_ecommerce,shopify,True,,3,True,github_gist
saksart.myshopify.com,active_ecommerce,shopify,True,,3,True,github_gist
sakuracomz.myshopify.com,active_ecommerce,shopify,True,,3,True,github_gist
salathai.myshopify.com,active_ecommerce,shopify,True,,3,True,github_gist
sale.myshopify.com,active_ecommerce,shopify,True,,3,True,github_gist
sales.myshopify.com,active_ecommerce,shopify,True,,3,True,github_gist
salis.myshopify.com,active_ecommerce,shopify,True,,3,True,github_gist
salomonorlandocordovanavarrete.myshopify.com,active_ecommerce,shopify,True,,3,True,github_gist
salon.myshopify.com,active_ecommerce,shopify,True,,3,True,github_gist
salsa.myshopify.com,active_ecommerce,shopify,True,,3,True,github_gist
saltcafe.myshopify.com,active_ecommerce,shopify,True,,3,True,github_gist
salted.myshopify.com,active_ecommerce,shopify,True,,3,True,github_gist
saltele.myshopify.com,active_ecommerce,shopify,True,,3,True,github_gist
saludintegral.myshopify.com,active_ecommerce,shopify,True,,3,True,github_gist
salvia.myshopify.com,active_ecommerce,shopify,True,,3,True,github_gist
samayalingvintage.myshopify.com,active_ecommerce,shopify,True,,3,True,github_gist
samb.myshopify.com,active_ecommerce,shopify,True,,3,True,github_gist
sameer.myshopify.com,active_ecommerce,shopify,True,,3,True,github_gist
samishtar.myshopify.com,active_ecommerce,shopify,True,,3,True,github_gist
sammy557.myshopify.com,active_ecommerce,shopify,True,,3,True,github_gist
sample.myshopify.com,active_ecommerce,shopify,True,,3,True,github_gist
samplereparagen.myshopify.com,active_ecommerce,shopify,True,,3,True,github_gist
sampleshop.myshopify.com,active_ecommerce,shopify,True,,3,True,github_gist
sampletest.myshopify.com,active_ecommerce,shopify,True,,3,True,github_gist
sams.myshopify.com,active_ecommerce,shopify,True,,3,True,github_gist
samsara.myshopify.com,active_ecommerce,shopify,True,,3,True,github_gist
samsaracomputacion.myshopify.com,active_ecommerce,shopify,True,,3,True,github_gist
samsnee.myshopify.com,active_ecommerce,shopify,True,,3,True,github_gist
samstest.myshopify.com,active_ecommerce,shopify,True,,3,True,github_gist
samstrains.myshopify.com,active_ecommerce,shopify,True,,3,True,github_gist
samu-usa.myshopify.com,active_ecommerce,shopify,True,,3,True,github_gist
sanchin.myshopify.com,active_ecommerce,shopify,True,,3,True,github_gist
sanctuary-lifecoaching.myshopify.com,active_ecommerce,shopify,True,,3,True,github_gist
sanctuary.myshopify.com,active_ecommerce,shopify,True,,3,True,github_gist
sanctus.myshopify.com,active_ecommerce,shopify,True,,3,True,github_gist
sandals.myshopify.com,active_ecommerce,shopify,True,,3,True,github_gist
sandbag.myshopify.com,active_ecommerce,shopify,True,,3,True,github_gist
sandbox.myshopify.com,active_ecommerce,shopify,True,,3,True,github_gist
sandf.myshopify.com,active_ecommerce,shopify,True,,3,True,github_gist
sandinonet.myshopify.com,active_ecommerce,shopify,True,,3,True,github_gist
sandip.myshopify.com,active_ecommerce,shopify,True,,3,True,github_gist
sandosh.myshopify.com,active_ecommerce,shopify,True,,3,True,github_gist
sandstormsvalley.myshopify.com,active_ecommerce,shopify,True,,3,True,github_gist
sanrez.myshopify.com,active_ecommerce,shopify,True,,3,True,github_gist
santacruzapparel.myshopify.com,active_ecommerce,shopify,True,,3,True,github_gist
santasw.myshopify.com,active_ecommerce,shopify,True,,3,True,github_gist
santil.myshopify.com,active_ecommerce,shopify,True,,3,True,github_gist
santos.myshopify.com,active_ecommerce,shopify,True,,3,True,github_gist
saporibuoni.myshopify.com,active_ecommerce,shopify,True,,3,True,github_gist
sarahs.myshopify.com,active_ecommerce,shopify,True,,3,True,github_gist
saram.myshopify.com,active_ecommerce,shopify,True,,3,True,github_gist
saranganajwala.myshopify.com,active_ecommerce,shopify,True,,3,True,github_gist
saraswati.myshopify.com,active_ecommerce,shopify,True,,3,True,github_gist
sarman.myshopify.com,active_ecommerce,shopify,True,,3,True,github_gist
sash.myshopify.com,active_ecommerce,shopify,True,,3,True,github_gist
sasspatterns.myshopify.com,active_ecommerce,shopify,True,,3,True,github_gist
sassyonesies.myshopify.com,active_ecommerce,shopify,True,,3,True,github_gist
sasters.myshopify.com,active_ecommerce,shopify,True,,3,True,github_gist
satellitesoda.myshopify.com,active_ecommerce,shopify,True,,3,True,github_gist
satirizando.myshopify.com,active_ecommerce,shopify,True,,3,True,github_gist
satish.myshopify.com,active_ecommerce,shopify,True,,3,True,github_gist
satoriconsultinginc.myshopify.com,active_ecommerce,shopify,True,,3,True,github_gist
saturnflyer.myshopify.com,active_ecommerce,shopify,True,,3,True,github_gist
saudeglobal.myshopify.com,active_ecommerce,shopify,True,,3,True,github_gist
saudi.myshopify.com,active_ecommerce,shopify,True,,3,True,github_gist
saulo.myshopify.com,active_ecommerce,shopify,True,,3,True,github_gist
saulweiner.myshopify.com,active_ecommerce,shopify,True,,3,True,github_gist
saveyoursounds.myshopify.com,active_ecommerce,shopify,True,,3,True,github_gist
savingsguy.myshopify.com,active_ecommerce,shopify,True,,3,True,github_gist
saxagogo.myshopify.com,active_ecommerce,shopify,True,,3,True,github_gist
sayagain.myshopify.com,active_ecommerce,shopify,True,,3,True,github_gist
saybol.myshopify.com,active_ecommerce,shopify,True,,3,True,github_gist
sbashop.myshopify.com,active_ecommerce,shopify,True,,3,True,github_gist
sbpc.myshopify.com,active_ecommerce,shopify,True,,3,True,github_gist
scalpforcharity.myshopify.com,active_ecommerce,shopify,True,,3,True,github_gist
scandimodern.myshopify.com,active_ecommerce,shopify,True,,3,True,github_gist
scandinavianstorage.myshopify.com,active_ecommerce,shopify,True,,3,True,github_gist
scarlet-studio.myshopify.com,active_ecommerce,shopify,True,,3,True,github_gist
scarletta.myshopify.com,active_ecommerce,shopify,True,,3,True,github_gist
scelfo.myshopify.com,active_ecommerce,shopify,True,,3,True,github_gist
scepsi.myshopify.com,active_ecommerce,shopify,True,,3,True,github_gist
schatzes.myshopify.com,active_ecommerce,shopify,True,,3,True,github_gist
schaulet.myshopify.com,active_ecommerce,shopify,True,,3,True,github_gist
scheffey.myshopify.com,active_ecommerce,shopify,True,,3,True,github_gist
schembri.myshopify.com,active_ecommerce,shopify,True,,3,True,github_gist
schmelzprisma.myshopify.com,active_ecommerce,shopify,True,,3,True,github_gist
schmuck24.myshopify.com,active_ecommerce,shopify,True,,3,True,github_gist
schobiwan.myshopify.com,active_ecommerce,shopify,True,,3,True,github_gist
schooliki.myshopify.com,active_ecommerce,shopify,True,,3,True,github_gist
schoty.myshopify.com,active_ecommerce,shopify,True,,3,True,github_gist
schraderconsulting.myshopify.com,active_ecommerce,shopify,True,,3,True,github_gist
schrat.myshopify.com,active_ecommerce,shopify,True,,3,True,github_gist
schreibblogade.myshopify.com,active_ecommerce,shopify,True,,3,True,github_gist
schwagr.myshopify.com,active_ecommerce,shopify,True,,3,True,github_gist
science.myshopify.com,active_ecommerce,shopify,True,,3,True,github_gist
sciencetoolbox.myshopify.com,active_ecommerce,shopify,True,,3,True,github_gist
sciencetools.myshopify.com,active_ecommerce,shopify,True,,3,True,github_gist
scimun.myshopify.com,active_ecommerce,shopify,True,,3,True,github_gist
scmerch.myshopify.com,active_ecommerce,shopify,True,,3,True,github_gist
scoleman.myshopify.com,active_ecommerce,shopify,True,,3,True,github_gist
scoopeo.myshopify.com,active_ecommerce,shopify,True,,3,True,github_gist
scooteroption.myshopify.com,active_ecommerce,shopify,True,,3,True,github_gist
scopes.myshopify.com,active_ecommerce,shopify,True,,3,True,github_gist
scorpiuss.myshopify.com,active_ecommerce,shopify,True,,3,True,github_gist
scotch.myshopify.com,active_ecommerce,shopify,True,,3,True,github_gist
scotland.myshopify.com,active_ecommerce,shopify,True,,3,True,github_gist
scots.myshopify.com,active_ecommerce,shopify,True,,3,True,github_gist
scott-enterprises.myshopify.com,active_ecommerce,shopify,True,,3,True,github_gist
scottc.myshopify.com,active_ecommerce,shopify,True,,3,True,github_gist
scottcarpenter.myshopify.com,active_ecommerce,shopify,True,,3,True,github_gist
scottica.myshopify.com,active_ecommerce,shopify,True,,3,True,github_gist
scottlake.myshopify.com,active_ecommerce,shopify,True,,3,True,github_gist
scottmotte.myshopify.com,active_ecommerce,shopify,True,,3,True,github_gist
scottnelson.myshopify.com,active_ecommerce,shopify,True,,3,True,github_gist
scotto.myshopify.com,active_ecommerce,shopify,True,,3,True,github_gist
scottroush.myshopify.com,active_ecommerce,shopify,True,,3,True,github_gist
scottstuff.myshopify.com,active_ecommerce,shopify,True,,3,True,github_gist
scottwalter.myshopify.com,active_ecommerce,shopify,True,,3,True,github_gist
scottwills.myshopify.com,active_ecommerce,shopify,True,,3,True,github_gist
scottzirkel.myshopify.com,active_ecommerce,shopify,True,,3,True,github_gist
scphe.myshopify.com,active_ecommerce,shopify,True,,3,True,github_gist
scrapbling.myshopify.com,active_ecommerce,shopify,True,,3,True,github_gist
scrapbooks.myshopify.com,active_ecommerce,shopify,True,,3,True,github_gist
scrappintwins.myshopify.com,active_ecommerce,shopify,True,,3,True,github_gist
scraptheworld.myshopify.com,active_ecommerce,shopify,True,,3,True,github_gist
screenfresh.myshopify.com,active_ecommerce,shopify,True,,3,True,github_gist
scribbledesigns.myshopify.com,active_ecommerce,shopify,True,,3,True,github_gist
scribbles.myshopify.com,active_ecommerce,shopify,True,,3,True,github_gist
script.myshopify.com,active_ecommerce,shopify,True,,3,True,github_gist
scripts.myshopify.com,active_ecommerce,shopify,True,,3,True,github_gist
scrn.myshopify.com,active_ecommerce,shopify,True,,3,True,github_gist
scroll.myshopify.com,active_ecommerce,shopify,True,,3,True,github_gist
scruffy.myshopify.com,active_ecommerce,shopify,True,,3,True,github_gist
scsshop.myshopify.com,active_ecommerce,shopify,True,,3,True,github_gist
scuba.myshopify.com,active_ecommerce,shopify,True,,3,True,github_gist
scube.myshopify.com,active_ecommerce,shopify,True,,3,True,github_gist
scubed32.myshopify.com,active_ecommerce,shopify,True,,3,True,github_gist
scw38.myshopify.com,active_ecommerce,shopify,True,,3,True,github_gist
sdadmin.myshopify.com,active_ecommerce,shopify,True,,3,True,github_gist
sdfgsdfg.myshopify.com,active_ecommerce,shopify,True,,3,True,github_gist
sdinc.myshopify.com,active_ecommerce,shopify,True,,3,True,github_gist
sdjfsdcomfutureshiva.myshopify.com,active_ecommerce,shopify,True,,3,True,github_gist
sdkitson.myshopify.com,active_ecommerce,shopify,True,,3,True,github_gist
sdlelk.myshopify.com,active_ecommerce,shopify,True,,3,True,github_gist
seadated.myshopify.com,active_ecommerce,shopify,True,,3,True,github_gist
seakid.myshopify.com,active_ecommerce,shopify,True,,3,True,github_gist
sealaunay.myshopify.com,active_ecommerce,shopify,True,,3,True,github_gist
sealimpetus.myshopify.com,active_ecommerce,shopify,True,,3,True,github_gist
sean.myshopify.com,active_ecommerce,shopify,True,,3,True,github_gist
seanchas.myshopify.com,active_ecommerce,shopify,True,,3,True,github_gist
seandong.myshopify.com,active_ecommerce,shopify,True,,3,True,github_gist
seanetworks.myshopify.com,active_ecommerce,shopify,True,,3,True,github_gist
seanie.myshopify.com,active_ecommerce,shopify,True,,3,True,github_gist
seanshop.myshopify.com,active_ecommerce,shopify,True,,3,True,github_gist
season.myshopify.com,active_ecommerce,shopify,True,,3,True,github_gist
seasons.myshopify.com,active_ecommerce,shopify,True,,3,True,github_gist
sebastian.myshopify.com,active_ecommerce,shopify,True,,3,True,github_gist
sebastin.myshopify.com,active_ecommerce,shopify,True,,3,True,github_gist
sebbase.myshopify.com,active_ecommerce,shopify,True,,3,True,github_gist
sebweb.myshopify.com,active_ecommerce,shopify,True,,3,True,github_gist
secondchance.myshopify.com,active_ecommerce,shopify,True,,3,True,github_gist
secondhandlines.myshopify.com,active_ecommerce,shopify,True,,3,True,github_gist
secondsound.myshopify.com,active_ecommerce,shopify,True,,3,True,github_gist
secondstar.myshopify.com,active_ecommerce,shopify,True,,3,True,github_gist
secrec.myshopify.com,active_ecommerce,shopify,True,,3,True,github_gist
secretplace.myshopify.com,active_ecommerce,shopify,True,,3,True,github_gist
secretufofiles.myshopify.com,active_ecommerce,shopify,True,,3,True,github_gist
secure.myshopify.com,active_ecommerce,shopify,True,,3,True,github_gist
sedimental.myshopify.com,active_ecommerce,shopify,True,,3,True,github_gist
sedonastuff.myshopify.com,active_ecommerce,shopify,True,,3,True,github_gist
seedandbean.myshopify.com,active_ecommerce,shopify,True,,3,True,github_gist
seekconnectlove.myshopify.com,active_ecommerce,shopify,True,,3,True,github_gist
seemywidgets.myshopify.com,active_ecommerce,shopify,True,,3,True,github_gist
seethesight.myshopify.com,active_ecommerce,shopify,True,,3,True,github_gist
seismicsf.myshopify.com,active_ecommerce,shopify,True,,3,True,github_gist
sekundek.myshopify.com,active_ecommerce,shopify,True,,3,True,github_gist
selak.myshopify.com,active_ecommerce,shopify,True,,3,True,github_gist
selander.myshopify.com,active_ecommerce,shopify,True,,3,True,github_gist
seldon.myshopify.com,active_ecommerce,shopify,True,,3,True,github_gist
selectfoam.myshopify.com,active_ecommerce,shopify,True,,3,True,github_gist
selectparks.myshopify.com,active_ecommerce,shopify,True,,3,True,github_gist
selektashop.myshopify.com,active_ecommerce,shopify,True,,3,True,github_gist
selfhelp.myshopify.com,active_ecommerce,shopify,True,,3,True,github_gist
sell.myshopify.com,active_ecommerce,shopify,True,,3,True,github_gist
sellingadifference.myshopify.com,active_ecommerce,shopify,True,,3,True,github_gist
sellingpoint.myshopify.com,active_ecommerce,shopify,True,,3,True,github_gist
sem-services.myshopify.com,active_ecommerce,shopify,True,,3,True,github_gist
semerah.myshopify.com,active_ecommerce,shopify,True,,3,True,github_gist
seminarionaiot.myshopify.com,active_ecommerce,shopify,True,,3,True,github_gist
semplice.myshopify.com,active_ecommerce,shopify,True,,3,True,github_gist
sendperfectgift.myshopify.com,active_ecommerce,shopify,True,,3,True,github_gist
senio-reutlingen.myshopify.com,active_ecommerce,shopify,True,,3,True,github_gist
senivisual.myshopify.com,active_ecommerce,shopify,True,,3,True,github_gist
senthilstore.myshopify.com,active_ecommerce,shopify,True,,3,True,github_gist
seo-articles.myshopify.com,active_ecommerce,shopify,True,,3,True,github_gist
seo7.myshopify.com,active_ecommerce,shopify,True,,3,True,github_gist
seocontent.myshopify.com,active_ecommerce,shopify,True,,3,True,github_gist
seocontest.myshopify.com,active_ecommerce,shopify,True,,3,True,github_gist
seocore.myshopify.com,active_ecommerce,shopify,True,,3,True,github_gist
sepp.myshopify.com,active_ecommerce,shopify,True,,3,True,github_gist
sequence01.myshopify.com,active_ecommerce,shopify,True,,3,True,github_gist
serazi.myshopify.com,active_ecommerce,shopify,True,,3,True,github_gist
serdar.myshopify.com,active_ecommerce,shopify,True,,3,True,github_gist
serenity.myshopify.com,active_ecommerce,shopify,True,,3,True,github_gist
sergio.myshopify.com,active_ecommerce,shopify,True,,3,True,github_gist
seriousaboutmarketing.myshopify.com,active_ecommerce,shopify,True,,3,True,github_gist
seriousbusiness.myshopify.com,active_ecommerce,shopify,True,,3,True,github_gist
serkon.myshopify.com,active_ecommerce,shopify,True,,3,True,github_gist
serranos.myshopify.com,active_ecommerce,shopify,True,,3,True,github_gist
serratec.myshopify.com,active_ecommerce,shopify,True,,3,True,github_gist
sersupremo.myshopify.com,active_ecommerce,shopify,True,,3,True,github_gist
service.myshopify.com,active_ecommerce,shopify,True,,3,True,github_gist
servindustria.myshopify.com,active_ecommerce,shopify,True,,3,True,github_gist
setanta.myshopify.com,active_ecommerce,shopify,True,,3,True,github_gist
sethji.myshopify.com,active_ecommerce,shopify,True,,3,True,github_gist
sevenhillind.myshopify.com,active_ecommerce,shopify,True,,3,True,github_gist
sevenrules.myshopify.com,active_ecommerce,shopify,True,,3,True,github_gist
sewing.myshopify.com,active_ecommerce,shopify,True,,3,True,github_gist
sexdrugstore.myshopify.com,active_ecommerce,shopify,True,,3,True,github_gist
sextoys.myshopify.com,active_ecommerce,shopify,True,,3,True,github_gist
sexyjeans.myshopify.com,active_ecommerce,shopify,True,,3,True,github_gist
sexytoys.myshopify.com,active_ecommerce,shopify,True,,3,True,github_gist
sezulowo.myshopify.com,active_ecommerce,shopify,True,,3,True,github_gist
sf-example.myshopify.com,active_ecommerce,shopify,True,,3,True,github_gist
sfdc.myshopify.com,active_ecommerce,shopify,True,,3,True,github_gist
sgphotography.myshopify.com,active_ecommerce,shopify,True,,3,True,github_gist
shackeluri.myshopify.com,active_ecommerce,shopify,True,,3,True,github_gist
shadeparade.myshopify.com,active_ecommerce,shopify,True,,3,True,github_gist
shadowfriends.myshopify.com,active_ecommerce,shopify,True,,3,True,github_gist
shahril.myshopify.com,active_ecommerce,shopify,True,,3,True,github_gist
shai.myshopify.com,active_ecommerce,shopify,True,,3,True,github_gist
shaiin.myshopify.com,active_ecommerce,shopify,True,,3,True,github_gist
shailusales.myshopify.com,active_ecommerce,shopify,True,,3,True,github_gist
shakerdesigns.myshopify.com,active_ecommerce,shopify,True,,3,True,github_gist
shakerprices.myshopify.com,active_ecommerce,shopify,True,,3,True,github_gist
shakydog.myshopify.com,active_ecommerce,shopify,True,,3,True,github_gist
shalina.myshopify.com,active_ecommerce,shopify,True,,3,True,github_gist
shameful.myshopify.com,active_ecommerce,shopify,True,,3,True,github_gist
shanli.myshopify.com,active_ecommerce,shopify,True,,3,True,github_gist
shannon.myshopify.com,active_ecommerce,shopify,True,,3,True,github_gist
shanti.myshopify.com,active_ecommerce,shopify,True,,3,True,github_gist
shapefarm.myshopify.com,active_ecommerce,shopify,True,,3,True,github_gist
shappy.myshopify.com,active_ecommerce,shopify,True,,3,True,github_gist
shardsofclass.myshopify.com,active_ecommerce,shopify,True,,3,True,github_gist
sharedjourneys.myshopify.com,active_ecommerce,shopify,True,,3,True,github_gist
sharetech.myshopify.com,active_ecommerce,shopify,True,,3,True,github_gist
sharkmedia.myshopify.com,active_ecommerce,shopify,True,,3,True,github_gist
sharm.myshopify.com,active_ecommerce,shopify,True,,3,True,github_gist
sharpers.myshopify.com,active_ecommerce,shopify,True,,3,True,github_gist
shashank.myshopify.com,active_ecommerce,shopify,True,,3,True,github_gist
shaunandrews.myshopify.com,active_ecommerce,shopify,True,,3,True,github_gist
sheepcards.myshopify.com,active_ecommerce,shopify,True,,3,True,github_gist
shehabic.myshopify.com,active_ecommerce,shopify,True,,3,True,github_gist
shelf.myshopify.com,active_ecommerce,shopify,True,,3,True,github_gist
shelly.myshopify.com,active_ecommerce,shopify,True,,3,True,github_gist
shellyssheetmusic.myshopify.com,active_ecommerce,shopify,True,,3,True,github_gist
shelter.myshopify.com,active_ecommerce,shopify,True,,3,True,github_gist
sherrystrong.myshopify.com,active_ecommerce,shopify,True,,3,True,github_gist
shescrafty.myshopify.com,active_ecommerce,shopify,True,,3,True,github_gist
shevchuk.myshopify.com,active_ecommerce,shopify,True,,3,True,github_gist
shift.myshopify.com,active_ecommerce,shopify,True,,3,True,github_gist
shifty.myshopify.com,active_ecommerce,shopify,True,,3,True,github_gist
shinnphoto.myshopify.com,active_ecommerce,shopify,True,,3,True,github_gist
shinyblue.myshopify.com,active_ecommerce,shopify,True,,3,True,github_gist
shinystuff.myshopify.com,active_ecommerce,shopify,True,,3,True,github_gist
shinytoyguns.myshopify.com,active_ecommerce,shopify,True,,3,True,github_gist
shipiwilly.myshopify.com,active_ecommerce,shopify,True,,3,True,github_gist
shippingtheworld.myshopify.com,active_ecommerce,shopify,True,,3,True,github_gist
shipshop.myshopify.com,active_ecommerce,shopify,True,,3,True,github_gist
shirehill.myshopify.com,active_ecommerce,shopify,True,,3,True,github_gist
shirleychow.myshopify.com,active_ecommerce,shopify,True,,3,True,github_gist
shirt.myshopify.com,active_ecommerce,shopify,True,,3,True,github_gist
shirtbitz.myshopify.com,active_ecommerce,shopify,True,,3,True,github_gist
shirtshop.myshopify.com,active_ecommerce,shopify,True,,3,True,github_gist
shishira.myshopify.com,active_ecommerce,shopify,True,,3,True,github_gist
shitfrommygarage.myshopify.com,active_ecommerce,shopify,True,,3,True,github_gist
shiva.myshopify.com,active_ecommerce,shopify,True,,3,True,github_gist
shlog.myshopify.com,active_ecommerce,shopify,True,,3,True,github_gist
shoaib.myshopify.com,active_ecommerce,shopify,True,,3,True,github_gist
shockwavedefense.myshopify.com,active_ecommerce,shopify,True,,3,True,github_gist
shockwaverider.myshopify.com,active_ecommerce,shopify,True,,3,True,github_gist
shoes.myshopify.com,active_ecommerce,shopify,True,,3,True,github_gist
shoesno.myshopify.com,active_ecommerce,shopify,True,,3,True,github_gist
shoestore.myshopify.com,active_ecommerce,shopify,True,,3,True,github_gist
shoewriter.myshopify.com,active_ecommerce,shopify,True,,3,True,github_gist
shoker.myshopify.com,active_ecommerce,shopify,True,,3,True,github_gist
shoniko.myshopify.com,active_ecommerce,shopify,True,,3,True,github_gist
shop-azza.myshopify.com,active_ecommerce,shopify,True,,3,True,github_gist
shop-cyprus.myshopify.com,active_ecommerce,shopify,True,,3,True,github_gist
shop-liquid-network.myshopify.com,active_ecommerce,shopify,True,,3,True,github_gist
shop-tendance.myshopify.com,active_ecommerce,shopify,True,,3,True,github_gist
shop247.myshopify.com,active_ecommerce,shopify,True,,3,True,github_gist
shop3131.myshopify.com,active_ecommerce,shopify,True,,3,True,github_gist
shop4home.myshopify.com,active_ecommerce,shopify,True,,3,True,github_gist
shop4u.myshopify.com,active_ecommerce,shopify,True,,3,True,github_gist
shop512.myshopify.com,active_ecommerce,shopify,True,,3,True,github_gist
shopaholic.myshopify.com,active_ecommerce,shopify,True,,3,True,github_gist
shopaholicchic.myshopify.com,active_ecommerce,shopify,True,,3,True,github_gist
shopaholics.myshopify.com,active_ecommerce,shopify,True,,3,True,github_gist
shopcampus.myshopify.com,active_ecommerce,shopify,True,,3,True,github_gist
shopcwe.myshopify.com,active_ecommerce,shopify,True,,3,True,github_gist
shopeasy.myshopify.com,active_ecommerce,shopify,True,,3,True,github_gist
shopex.myshopify.com,active_ecommerce,shopify,True,,3,True,github_gist
shopfast.myshopify.com,active_ecommerce,shopify,True,,3,True,github_gist
shopforhealth.myshopify.com,active_ecommerce,shopify,True,,3,True,github_gist
shopgiannetto.myshopify.com,active_ecommerce,shopify,True,,3,True,github_gist
shophere.myshopify.com,active_ecommerce,shopify,True,,3,True,github_gist
shopiflow-2.myshopify.com,active_ecommerce,shopify,True,,3,True,github_gist
shopify-tom-hr360.myshopify.com,active_ecommerce,shopify,True,,3,True,github_gist
shopify888.myshopify.com,active_ecommerce,shopify,True,,3,True,github_gist
shopifytest.myshopify.com,active_ecommerce,shopify,True,,3,True,github_gist
shopifytools.myshopify.com,active_ecommerce,shopify,True,,3,True,github_gist
shopingmania.myshopify.com,active_ecommerce,shopify,True,,3,True,github_gist
shopit.myshopify.com,active_ecommerce,shopify,True,,3,True,github_gist
shopium.myshopify.com,active_ecommerce,shopify,True,,3,True,github_gist
shopjucabala.myshopify.com,active_ecommerce,shopify,True,,3,True,github_gist
shopkoto.myshopify.com,active_ecommerce,shopify,True,,3,True,github_gist
shoplateda.myshopify.com,active_ecommerce,shopify,True,,3,True,github_gist
shopluscious.myshopify.com,active_ecommerce,shopify,True,,3,True,github_gist
shopmadness.myshopify.com,active_ecommerce,shopify,True,,3,True,github_gist
shopmax.myshopify.com,active_ecommerce,shopify,True,,3,True,github_gist
shopmaxx.myshopify.com,active_ecommerce,shopify,True,,3,True,github_gist
shopmixx.myshopify.com,active_ecommerce,shopify,True,,3,True,github_gist
shopnikai.myshopify.com,active_ecommerce,shopify,True,,3,True,github_gist
shoppdx.myshopify.com,active_ecommerce,shopify,True,,3,True,github_gist
shoppe.myshopify.com,active_ecommerce,shopify,True,,3,True,github_gist
shoppeeee.myshopify.com,active_ecommerce,shopify,True,,3,True,github_gist
shopper.myshopify.com,active_ecommerce,shopify,True,,3,True,github_gist
shopperdido.myshopify.com,active_ecommerce,shopify,True,,3,True,github_gist
shoppgirls.myshopify.com,active_ecommerce,shopify,True,,3,True,github_gist
shoppi.myshopify.com,active_ecommerce,shopify,True,,3,True,github_gist
shopping.myshopify.com,active_ecommerce,shopify,True,,3,True,github_gist
shoppingcartcovers.myshopify.com,active_ecommerce,shopify,True,,3,True,github_gist
shoppppit.myshopify.com,active_ecommerce,shopify,True,,3,True,github_gist
shopprinceton.myshopify.com,active_ecommerce,shopify,True,,3,True,github_gist
shoppy.myshopify.com,active_ecommerce,shopify,True,,3,True,github_gist
shopstores4sure.myshopify.com,active_ecommerce,shopify,True,,3,True,github_gist
shoptest.myshopify.com,active_ecommerce,shopify,True,,3,True,github_gist
shoptme.myshopify.com,active_ecommerce,shopify,True,,3,True,github_gist
shoptuttabella.myshopify.com,active_ecommerce,shopify,True,,3,True,github_gist
shopy.myshopify.com,active_ecommerce,shopify,True,,3,True,github_gist
shopzone.myshopify.com,active_ecommerce,shopify,True,,3,True,github_gist
shortreed.myshopify.com,active_ecommerce,shopify,True,,3,True,github_gist
showeasy.myshopify.com,active_ecommerce,shopify,True,,3,True,github_gist
shower-sealer.myshopify.com,active_ecommerce,shopify,True,,3,True,github_gist
showtimeol.myshopify.com,active_ecommerce,shopify,True,,3,True,github_gist
shredbetty.myshopify.com,active_ecommerce,shopify,True,,3,True,github_gist
shroompicker.myshopify.com,active_ecommerce,shopify,True,,3,True,github_gist
shtukny.myshopify.com,active_ecommerce,shopify,True,,3,True,github_gist
shtuky.myshopify.com,active_ecommerce,shopify,True,,3,True,github_gist
shuangk.myshopify.com,active_ecommerce,shopify,True,,3,True,github_gist
shudokan.myshopify.com,active_ecommerce,shopify,True,,3,True,github_gist
shutters.myshopify.com,active_ecommerce,shopify,True,,3,True,github_gist
shwe.myshopify.com,active_ecommerce,shopify,True,,3,True,github_gist
sickdomains.myshopify.com,active_ecommerce,shopify,True,,3,True,github_gist
sidelinesoccer.myshopify.com,active_ecommerce,shopify,True,,3,True,github_gist
sidewalk.myshopify.com,active_ecommerce,shopify,True,,3,True,github_gist
sideways.myshopify.com,active_ecommerce,shopify,True,,3,True,github_gist
siemann-albers.myshopify.com,active_ecommerce,shopify,True,,3,True,github_gist
sifrinerias.myshopify.com,active_ecommerce,shopify,True,,3,True,github_gist
siglerdesign.myshopify.com,active_ecommerce,shopify,True,,3,True,github_gist
signature.myshopify.com,active_ecommerce,shopify,True,,3,True,github_gist
signet.myshopify.com,active_ecommerce,shopify,True,,3,True,github_gist
signs.myshopify.com,active_ecommerce,shopify,True,,3,True,github_gist
signshop.myshopify.com,active_ecommerce,shopify,True,,3,True,github_gist
sika-store.myshopify.com,active_ecommerce,shopify,True,,3,True,github_gist
silhyon.myshopify.com,active_ecommerce,shopify,True,,3,True,github_gist
silicea.myshopify.com,active_ecommerce,shopify,True,,3,True,github_gist
silkflowers.myshopify.com,active_ecommerce,shopify,True,,3,True,github_gist
silkyslim.myshopify.com,active_ecommerce,shopify,True,,3,True,github_gist
sillyshirts.myshopify.com,active_ecommerce,shopify,True,,3,True,github_gist
silver-triquetra.myshopify.com,active_ecommerce,shopify,True,,3,True,github_gist
silver.myshopify.com,active_ecommerce,shopify,True,,3,True,github_gist
silverdreams.myshopify.com,active_ecommerce,shopify,True,,3,True,github_gist
silveretc.myshopify.com,active_ecommerce,shopify,True,,3,True,github_gist
silverjewellery.myshopify.com,active_ecommerce,shopify,True,,3,True,github_gist
silverpicks.myshopify.com,active_ecommerce,shopify,True,,3,True,github_gist
silverweaves.myshopify.com,active_ecommerce,shopify,True,,3,True,github_gist
silverwolves.myshopify.com,active_ecommerce,shopify,True,,3,True,github_gist
silveryseaart.myshopify.com,active_ecommerce,shopify,True,,3,True,github_gist
simcards.myshopify.com,active_ecommerce,shopify,True,,3,True,github_gist
simon.myshopify.com,active_ecommerce,shopify,True,,3,True,github_gist
simonkampmann.myshopify.com,active_ecommerce,shopify,True,,3,True,github_gist
simplbudget.myshopify.com,active_ecommerce,shopify,True,,3,True,github_gist
simple.myshopify.com,active_ecommerce,shopify,True,,3,True,github_gist
simple72-hourkit.myshopify.com,active_ecommerce,shopify,True,,3,True,github_gist
simpleclinic.myshopify.com,active_ecommerce,shopify,True,,3,True,github_gist
simplefancy.myshopify.com,active_ecommerce,shopify,True,,3,True,github_gist
simplegrace.myshopify.com,active_ecommerce,shopify,True,,3,True,github_gist
simpleinc.myshopify.com,active_ecommerce,shopify,True,,3,True,github_gist
simplementweb.myshopify.com,active_ecommerce,shopify,True,,3,True,github_gist
simplesideias.myshopify.com,active_ecommerce,shopify,True,,3,True,github_gist
simplifierlab.myshopify.com,active_ecommerce,shopify,True,,3,True,github_gist
simplifive.myshopify.com,active_ecommerce,shopify,True,,3,True,github_gist
simplybaby.myshopify.com,active_ecommerce,shopify,True,,3,True,github_gist
simplylin.myshopify.com,active_ecommerce,shopify,True,,3,True,github_gist
simplypets.myshopify.com,active_ecommerce,shopify,True,,3,True,github_gist
simplytshirt.myshopify.com,active_ecommerce,shopify,True,,3,True,github_gist
simplywindy.myshopify.com,active_ecommerce,shopify,True,,3,True,github_gist
simspeed.myshopify.com,active_ecommerce,shopify,True,,3,True,github_gist
sinaiseal.myshopify.com,active_ecommerce,shopify,True,,3,True,github_gist
sinfullydelightful.myshopify.com,active_ecommerce,shopify,True,,3,True,github_gist
singapore.myshopify.com,active_ecommerce,shopify,True,,3,True,github_gist
singla.myshopify.com,active_ecommerce,shopify,True,,3,True,github_gist
singleestatesites.myshopify.com,active_ecommerce,shopify,True,,3,True,github_gist
singlemind.myshopify.com,active_ecommerce,shopify,True,,3,True,github_gist
sinid.myshopify.com,active_ecommerce,shopify,True,,3,True,github_gist
sinisa.myshopify.com,active_ecommerce,shopify,True,,3,True,github_gist
sinistermuse.myshopify.com,active_ecommerce,shopify,True,,3,True,github_gist
sinowell.myshopify.com,active_ecommerce,shopify,True,,3,True,github_gist
sintese.myshopify.com,active_ecommerce,shopify,True,,3,True,github_gist
sinyakphoto.myshopify.com,active_ecommerce,shopify,True,,3,True,github_gist
siopaeile.myshopify.com,active_ecommerce,shopify,True,,3,True,github_gist
sipkhoon.myshopify.com,active_ecommerce,shopify,True,,3,True,github_gist
sirop.myshopify.com,active_ecommerce,shopify,True,,3,True,github_gist
sisco.myshopify.com,active_ecommerce,shopify,True,,3,True,github_gist
sissy.myshopify.com,active_ecommerce,shopify,True,,3,True,github_gist
sitandspin.myshopify.com,active_ecommerce,shopify,True,,3,True,github_gist
sitemints.myshopify.com,active_ecommerce,shopify,True,,3,True,github_gist
siteplate.myshopify.com,active_ecommerce,shopify,True,,3,True,github_gist
sitestshop.myshopify.com,active_ecommerce,shopify,True,,3,True,github_gist
sitnlisten.myshopify.com,active_ecommerce,shopify,True,,3,True,github_gist
sitonline.myshopify.com,active_ecommerce,shopify,True,,3,True,github_gist
sitonmybass.myshopify.com,active_ecommerce,shopify,True,,3,True,github_gist
sixnine.myshopify.com,active_ecommerce,shopify,True,,3,True,github_gist
sixside.myshopify.com,active_ecommerce,shopify,True,,3,True,github_gist
sixteenounce.myshopify.com,active_ecommerce,shopify,True,,3,True,github_gist
sixthstore.myshopify.com,active_ecommerce,shopify,True,,3,True,github_gist
sixtytwelve.myshopify.com,active_ecommerce,shopify,True,,3,True,github_gist
sizewisestore.myshopify.com,active_ecommerce,shopify,True,,3,True,github_gist
sjbconsulting.myshopify.com,active_ecommerce,shopify,True,,3,True,github_gist
sjors.myshopify.com,active_ecommerce,shopify,True,,3,True,github_gist
skalahobby.myshopify.com,active_ecommerce,shopify,True,,3,True,github_gist
skate.myshopify.com,active_ecommerce,shopify,True,,3,True,github_gist
skateboards.myshopify.com,active_ecommerce,shopify,True,,3,True,github_gist
skatejedi.myshopify.com,active_ecommerce,shopify,True,,3,True,github_gist
skatescene.myshopify.com,active_ecommerce,shopify,True,,3,True,github_gist
skazm.myshopify.com,active_ecommerce,shopify,True,,3,True,github_gist
skeddz.myshopify.com,active_ecommerce,shopify,True,,3,True,github_gist
sketch-this.myshopify.com,active_ecommerce,shopify,True,,3,True,github_gist
sketchedtees.myshopify.com,active_ecommerce,shopify,True,,3,True,github_gist
skidx.myshopify.com,active_ecommerce,shopify,True,,3,True,github_gist
skimculture.myshopify.com,active_ecommerce,shopify,True,,3,True,github_gist
skinland.myshopify.com,active_ecommerce,shopify,True,,3,True,github_gist
skinrevivalsolutions.myshopify.com,active_ecommerce,shopify,True,,3,True,github_gist
skinwp.myshopify.com,active_ecommerce,shopify,True,,3,True,github_gist
skip.myshopify.com,active_ecommerce,shopify,True,,3,True,github_gist
skkt.myshopify.com,active_ecommerce,shopify,True,,3,True,github_gist
skoap.myshopify.com,active_ecommerce,shopify,True,,3,True,github_gist
skpg.myshopify.com,active_ecommerce,shopify,True,,3,True,github_gist
skullys.myshopify.com,active_ecommerce,shopify,True,,3,True,github_gist
skyabovepub.myshopify.com,active_ecommerce,shopify,True,,3,True,github_gist
skydiver.myshopify.com,active_ecommerce,shopify,True,,3,True,github_gist
skydogtech.myshopify.com,active_ecommerce,shopify,True,,3,True,github_gist
skylab.myshopify.com,active_ecommerce,shopify,True,,3,True,github_gist
skymax.myshopify.com,active_ecommerce,shopify,True,,3,True,github_gist
skype.myshopify.com,active_ecommerce,shopify,True,,3,True,github_gist
skyverge-product-customizer-dev.myshopify.com,active_ecommerce,shopify,True,,3,True,github_gist
slacklineunion.myshopify.com,active_ecommerce,shopify,True,,3,True,github_gist
slanderhouse.myshopify.com,active_ecommerce,shopify,True,,3,True,github_gist
slant.myshopify.com,active_ecommerce,shopify,True,,3,True,github_gist
slater.myshopify.com,active_ecommerce,shopify,True,,3,True,github_gist
slautech.myshopify.com,active_ecommerce,shopify,True,,3,True,github_gist
slckfty.myshopify.com,active_ecommerce,shopify,True,,3,True,github_gist
sleepingbearorchards.myshopify.com,active_ecommerce,shopify,True,,3,True,github_gist
sleepydays.myshopify.com,active_ecommerce,shopify,True,,3,True,github_gist
sleepyhead.myshopify.com,active_ecommerce,shopify,True,,3,True,github_gist
sleeve.myshopify.com,active_ecommerce,shopify,True,,3,True,github_gist
sletts02.myshopify.com,active_ecommerce,shopify,True,,3,True,github_gist
slftlc.myshopify.com,active_ecommerce,shopify,True,,3,True,github_gist
slickmetal.myshopify.com,active_ecommerce,shopify,True,,3,True,github_gist
slimey-beast.myshopify.com,active_ecommerce,shopify,True,,3,True,github_gist
slingshot.myshopify.com,active_ecommerce,shopify,True,,3,True,github_gist
slipkid.myshopify.com,active_ecommerce,shopify,True,,3,True,github_gist
slipperystar.myshopify.com,active_ecommerce,shopify,True,,3,True,github_gist
slogoo.myshopify.com,active_ecommerce,shopify,True,,3,True,github_gist
slorr.myshopify.com,active_ecommerce,shopify,True,,3,True,github_gist
slovacek.myshopify.com,active_ecommerce,shopify,True,,3,True,github_gist
slovakshop.myshopify.com,active_ecommerce,shopify,True,,3,True,github_gist
slowaris.myshopify.com,active_ecommerce,shopify,True,,3,True,github_gist
slowlane.myshopify.com,active_ecommerce,shopify,True,,3,True,github_gist
slowshirts.myshopify.com,active_ecommerce,shopify,True,,3,True,github_gist
smackdab.myshopify.com,active_ecommerce,shopify,True,,3,True,github_gist
smallbusiness.myshopify.com,active_ecommerce,shopify,True,,3,True,github_gist
smallchanges.myshopify.com,active_ecommerce,shopify,True,,3,True,github_gist
smallcheese.myshopify.com,active_ecommerce,shopify,True,,3,True,github_gist
smallmarvel.myshopify.com,active_ecommerce,shopify,True,,3,True,github_gist
smart.myshopify.com,active_ecommerce,shopify,True,,3,True,github_gist
smarter.myshopify.com,active_ecommerce,shopify,True,,3,True,github_gist
smartermatter.myshopify.com,active_ecommerce,shopify,True,,3,True,github_gist
smartermatters.myshopify.com,active_ecommerce,shopify,True,,3,True,github_gist
smartframer.myshopify.com,active_ecommerce,shopify,True,,3,True,github_gist
smarthomebiztools.myshopify.com,active_ecommerce,shopify,True,,3,True,github_gist
smarthouse.myshopify.com,active_ecommerce,shopify,True,,3,True,github_gist
smarthousesupply.myshopify.com,active_ecommerce,shopify,True,,3,True,github_gist
smartmatchmedia.myshopify.com,active_ecommerce,shopify,True,,3,True,github_gist
smartnursing.myshopify.com,active_ecommerce,shopify,True,,3,True,github_gist
smartproducts.myshopify.com,active_ecommerce,shopify,True,,3,True,github_gist
smartshop.myshopify.com,active_ecommerce,shopify,True,,3,True,github_gist
smartypantz.myshopify.com,active_ecommerce,shopify,True,,3,True,github_gist
smashbase.myshopify.com,active_ecommerce,shopify,True,,3,True,github_gist
smashdata.myshopify.com,active_ecommerce,shopify,True,,3,True,github_gist
smc62.myshopify.com,active_ecommerce,shopify,True,,3,True,github_gist
smdtestshop.myshopify.com,active_ecommerce,shopify,True,,3,True,github_gist
smekenseducation.myshopify.com,active_ecommerce,shopify,True,,3,True,github_gist
smerickson.myshopify.com,active_ecommerce,shopify,True,,3,True,github_gist
smes.myshopify.com,active_ecommerce,shopify,True,,3,True,github_gist
smile.myshopify.com,active_ecommerce,shopify,True,,3,True,github_gist
smilepcs.myshopify.com,active_ecommerce,shopify,True,,3,True,github_gist
smiles.myshopify.com,active_ecommerce,shopify,True,,3,True,github_gist
smiletile.myshopify.com,active_ecommerce,shopify,True,,3,True,github_gist
smith-grey-theme-development.myshopify.com,active_ecommerce,shopify,True,,3,True,github_gist
smithsapparel.myshopify.com,active_ecommerce,shopify,True,,3,True,github_gist
smittys.myshopify.com,active_ecommerce,shopify,True,,3,True,github_gist
smkshop.myshopify.com,active_ecommerce,shopify,True,,3,True,github_gist
smoke-hammer.myshopify.com,active_ecommerce,shopify,True,,3,True,github_gist
smokepacks.myshopify.com,active_ecommerce,shopify,True,,3,True,github_gist
smtest.myshopify.com,active_ecommerce,shopify,True,,3,True,github_gist
smush.myshopify.com,active_ecommerce,shopify,True,,3,True,github_gist
snakebites.myshopify.com,active_ecommerce,shopify,True,,3,True,github_gist
snakeshirt.myshopify.com,active_ecommerce,shopify,True,,3,True,github_gist
snapdragonboutique.myshopify.com,active_ecommerce,shopify,True,,3,True,github_gist
snapfrozen.myshopify.com,active_ecommerce,shopify,True,,3,True,github_gist
snapiweb.myshopify.com,active_ecommerce,shopify,True,,3,True,github_gist
snaporazz.myshopify.com,active_ecommerce,shopify,True,,3,True,github_gist
snazzybeads.myshopify.com,active_ecommerce,shopify,True,,3,True,github_gist
snehastore.myshopify.com,active_ecommerce,shopify,True,,3,True,github_gist
sniper.myshopify.com,active_ecommerce,shopify,True,,3,True,github_gist
snk89.myshopify.com,active_ecommerce,shopify,True,,3,True,github_gist
snow.myshopify.com,active_ecommerce,shopify,True,,3,True,github_gist
snowbird.myshopify.com,active_ecommerce,shopify,True,,3,True,github_gist
snowboard.myshopify.com,active_ecommerce,shopify,True,,3,True,github_gist
snowiness.myshopify.com,active_ecommerce,shopify,True,,3,True,github_gist
snowscoot.myshopify.com,active_ecommerce,shopify,True,,3,True,github_gist
snugga.myshopify.com,active_ecommerce,shopify,True,,3,True,github_gist
soap.myshopify.com,active_ecommerce,shopify,True,,3,True,github_gist
soapopera.myshopify.com,active_ecommerce,shopify,True,,3,True,github_gist
soapshop.myshopify.com,active_ecommerce,shopify,True,,3,True,github_gist
soccerlocker.myshopify.com,active_ecommerce,shopify,True,,3,True,github_gist
sock.myshopify.com,active_ecommerce,shopify,True,,3,True,github_gist
sockprincess.myshopify.com,active_ecommerce,shopify,True,,3,True,github_gist
soco.myshopify.com,active_ecommerce,shopify,True,,3,True,github_gist
soda.myshopify.com,active_ecommerce,shopify,True,,3,True,github_gist
sofarart.myshopify.com,active_ecommerce,shopify,True,,3,True,github_gist
soffish.myshopify.com,active_ecommerce,shopify,True,,3,True,github_gist
sofiya.myshopify.com,active_ecommerce,shopify,True,,3,True,github_gist
sofreeclothingcompany.myshopify.com,active_ecommerce,shopify,True,,3,True,github_gist
soft2002.myshopify.com,active_ecommerce,shopify,True,,3,True,github_gist
softball.myshopify.com,active_ecommerce,shopify,True,,3,True,github_gist
softech.myshopify.com,active_ecommerce,shopify,True,,3,True,github_gist
softshaded.myshopify.com,active_ecommerce,shopify,True,,3,True,github_gist
software.myshopify.com,active_ecommerce,shopify,True,,3,True,github_gist
softwaretools.myshopify.com,active_ecommerce,shopify,True,,3,True,github_gist
softwarezone.myshopify.com,active_ecommerce,shopify,True,,3,True,github_gist
soini.myshopify.com,active_ecommerce,shopify,True,,3,True,github_gist
soinlove.myshopify.com,active_ecommerce,shopify,True,,3,True,github_gist
solar.myshopify.com,active_ecommerce,shopify,True,,3,True,github_gist
solarfrog.myshopify.com,active_ecommerce,shopify,True,,3,True,github_gist
solarwind.myshopify.com,active_ecommerce,shopify,True,,3,True,github_gist
soldiers.myshopify.com,active_ecommerce,shopify,True,,3,True,github_gist
solea.myshopify.com,active_ecommerce,shopify,True,,3,True,github_gist
soleil.myshopify.com,active_ecommerce,shopify,True,,3,True,github_gist
solesak.myshopify.com,active_ecommerce,shopify,True,,3,True,github_gist
solidad.myshopify.com,active_ecommerce,shopify,True,,3,True,github_gist
solidgoldpig.myshopify.com,active_ecommerce,shopify,True,,3,True,github_gist
solishop.myshopify.com,active_ecommerce,shopify,True,,3,True,github_gist
solopelle.myshopify.com,active_ecommerce,shopify,True,,3,True,github_gist
soluscience.myshopify.com,active_ecommerce,shopify,True,,3,True,github_gist
soluziones.myshopify.com,active_ecommerce,shopify,True,,3,True,github_gist
sometest.myshopify.com,active_ecommerce,shopify,True,,3,True,github_gist
something.myshopify.com,active_ecommerce,shopify,True,,3,True,github_gist
somewhatfrank.myshopify.com,active_ecommerce,shopify,True,,3,True,github_gist
sominty.myshopify.com,active_ecommerce,shopify,True,,3,True,github_gist
somprathana.myshopify.com,active_ecommerce,shopify,True,,3,True,github_gist
somtest.myshopify.com,active_ecommerce,shopify,True,,3,True,github_gist
sonadei.myshopify.com,active_ecommerce,shopify,True,,3,True,github_gist
songbirdmerchtable.myshopify.com,active_ecommerce,shopify,True,,3,True,github_gist
songrit.myshopify.com,active_ecommerce,shopify,True,,3,True,github_gist
songstreet.myshopify.com,active_ecommerce,shopify,True,,3,True,github_gist
soniart.myshopify.com,active_ecommerce,shopify,True,,3,True,github_gist
sonnelogos.myshopify.com,active_ecommerce,shopify,True,,3,True,github_gist
sonomasyrup.myshopify.com,active_ecommerce,shopify,True,,3,True,github_gist
sonyas.myshopify.com,active_ecommerce,shopify,True,,3,True,github_gist
sonystyle.myshopify.com,active_ecommerce,shopify,True,,3,True,github_gist
soo-soft.myshopify.com,active_ecommerce,shopify,True,,3,True,github_gist
sool.myshopify.com,active_ecommerce,shopify,True,,3,True,github_gist
sootoo.myshopify.com,active_ecommerce,shopify,True,,3,True,github_gist
sophistifunk.myshopify.com,active_ecommerce,shopify,True,,3,True,github_gist
soporgas.myshopify.com,active_ecommerce,shopify,True,,3,True,github_gist
sorrycc.myshopify.com,active_ecommerce,shopify,True,,3,True,github_gist
soso.myshopify.com,active_ecommerce,shopify,True,,3,True,github_gist
sothisisrock.myshopify.com,active_ecommerce,shopify,True,,3,True,github_gist
soulvixen.myshopify.com,active_ecommerce,shopify,True,,3,True,github_gist
soundobjective.myshopify.com,active_ecommerce,shopify,True,,3,True,github_gist
soungalo.myshopify.com,active_ecommerce,shopify,True,,3,True,github_gist
soup.myshopify.com,active_ecommerce,shopify,True,,3,True,github_gist
source.myshopify.com,active_ecommerce,shopify,True,,3,True,github_gist
sourceaustralia.myshopify.com,active_ecommerce,shopify,True,,3,True,github_gist
sousastore.myshopify.com,active_ecommerce,shopify,True,,3,True,github_gist
southbayperformance.myshopify.com,active_ecommerce,shopify,True,,3,True,github_gist
southeastwest.myshopify.com,active_ecommerce,shopify,True,,3,True,github_gist
southward.myshopify.com,active_ecommerce,shopify,True,,3,True,github_gist
southwestpress.myshopify.com,active_ecommerce,shopify,True,,3,True,github_gist
soyawantacandle.myshopify.com,active_ecommerce,shopify,True,,3,True,github_gist
soyhealty.myshopify.com,active_ecommerce,shopify,True,,3,True,github_gist
soyoumall.myshopify.com,active_ecommerce,shopify,True,,3,True,github_gist
sozeug.myshopify.com,active_ecommerce,shopify,True,,3,True,github_gist
spaandpoolfilters.myshopify.com,active_ecommerce,shopify,True,,3,True,github_gist
spaceninja.myshopify.com,active_ecommerce,shopify,True,,3,True,github_gist
spamwear.myshopify.com,active_ecommerce,shopify,True,,3,True,github_gist
spanking.myshopify.com,active_ecommerce,shopify,True,,3,True,github_gist
spankishop.myshopify.com,active_ecommerce,shopify,True,,3,True,github_gist
spankylicious.myshopify.com,active_ecommerce,shopify,True,,3,True,github_gist
spapartykits.myshopify.com,active_ecommerce,shopify,True,,3,True,github_gist
sparebutton.myshopify.com,active_ecommerce,shopify,True,,3,True,github_gist
sparkd.myshopify.com,active_ecommerce,shopify,True,,3,True,github_gist
sparkill.myshopify.com,active_ecommerce,shopify,True,,3,True,github_gist
sparkling.myshopify.com,active_ecommerce,shopify,True,,3,True,github_gist
sparklingfalcon.myshopify.com,active_ecommerce,shopify,True,,3,True,github_gist
sparrow.myshopify.com,active_ecommerce,shopify,True,,3,True,github_gist
speakerscorner.myshopify.com,active_ecommerce,shopify,True,,3,True,github_gist
specialkids4u.myshopify.com,active_ecommerce,shopify,True,,3,True,github_gist
specialtingle.myshopify.com,active_ecommerce,shopify,True,,3,True,github_gist
specialty.myshopify.com,active_ecommerce,shopify,True,,3,True,github_gist
specialtytimbers.myshopify.com,active_ecommerce,shopify,True,,3,True,github_gist
spectralogue.myshopify.com,active_ecommerce,shopify,True,,3,True,github_gist
speedyflowers.myshopify.com,active_ecommerce,shopify,True,,3,True,github_gist
speedymediagroup.myshopify.com,active_ecommerce,shopify,True,,3,True,github_gist
speelgoed.myshopify.com,active_ecommerce,shopify,True,,3,True,github_gist
spencerpayton.myshopify.com,active_ecommerce,shopify,True,,3,True,github_gist
sphark.myshopify.com,active_ecommerce,shopify,True,,3,True,github_gist
spiderware.myshopify.com,active_ecommerce,shopify,True,,3,True,github_gist
spikefin.myshopify.com,active_ecommerce,shopify,True,,3,True,github_gist
spikyblackcatrecords.myshopify.com,active_ecommerce,shopify,True,,3,True,github_gist
spinme.myshopify.com,active_ecommerce,shopify,True,,3,True,github_gist
spinron.myshopify.com,active_ecommerce,shopify,True,,3,True,github_gist
spiritolibrario.myshopify.com,active_ecommerce,shopify,True,,3,True,github_gist
spitbubbles.myshopify.com,active_ecommerce,shopify,True,,3,True,github_gist
splaice.myshopify.com,active_ecommerce,shopify,True,,3,True,github_gist
splan.myshopify.com,active_ecommerce,shopify,True,,3,True,github_gist
splinter.myshopify.com,active_ecommerce,shopify,True,,3,True,github_gist
splitcoast.myshopify.com,active_ecommerce,shopify,True,,3,True,github_gist
splitupskateboards.myshopify.com,active_ecommerce,shopify,True,,3,True,github_gist
spodnipradlo.myshopify.com,active_ecommerce,shopify,True,,3,True,github_gist
spoke.myshopify.com,active_ecommerce,shopify,True,,3,True,github_gist
sportbiketshirts.myshopify.com,active_ecommerce,shopify,True,,3,True,github_gist
sportestremi.myshopify.com,active_ecommerce,shopify,True,,3,True,github_gist
sportividentro.myshopify.com,active_ecommerce,shopify,True,,3,True,github_gist
sports.myshopify.com,active_ecommerce,shopify,True,,3,True,github_gist
sportspropaganda.myshopify.com,active_ecommerce,shopify,True,,3,True,github_gist
spot23.myshopify.com,active_ecommerce,shopify,True,,3,True,github_gist
spotlightjewelry.myshopify.com,active_ecommerce,shopify,True,,3,True,github_gist
spotnik.myshopify.com,active_ecommerce,shopify,True,,3,True,github_gist
spots.myshopify.com,active_ecommerce,shopify,True,,3,True,github_gist
spreefab.myshopify.com,active_ecommerce,shopify,True,,3,True,github_gist
springrates.myshopify.com,active_ecommerce,shopify,True,,3,True,github_gist
springstreetapparel.myshopify.com,active_ecommerce,shopify,True,,3,True,github_gist
sprouteats.myshopify.com,active_ecommerce,shopify,True,,3,True,github_gist
sproutmarketing.myshopify.com,active_ecommerce,shopify,True,,3,True,github_gist
sprruceup.myshopify.com,active_ecommerce,shopify,True,,3,True,github_gist
spry.myshopify.com,active_ecommerce,shopify,True,,3,True,github_gist
sputnik.myshopify.com,active_ecommerce,shopify,True,,3,True,github_gist
spycoach.myshopify.com,active_ecommerce,shopify,True,,3,True,github_gist
spyyddir.myshopify.com,active_ecommerce,shopify,True,,3,True,github_gist
sqthreer.myshopify.com,active_ecommerce,shopify,True,,3,True,github_gist
squarefactor.myshopify.com,active_ecommerce,shopify,True,,3,True,github_gist
squarefi.myshopify.com,active_ecommerce,shopify,True,,3,True,github_gist
squarewire.myshopify.com,active_ecommerce,shopify,True,,3,True,github_gist
squidelephant.myshopify.com,active_ecommerce,shopify,True,,3,True,github_gist
srelectronics.myshopify.com,active_ecommerce,shopify,True,,3,True,github_gist
srgiz.myshopify.com,active_ecommerce,shopify,True,,3,True,github_gist
srle.myshopify.com,active_ecommerce,shopify,True,,3,True,github_gist
srtest.myshopify.com,active_ecommerce,shopify,True,,3,True,github_gist
sspxasiabooks.myshopify.com,active_ecommerce,shopify,True,,3,True,github_gist
stabani.myshopify.com,active_ecommerce,shopify,True,,3,True,github_gist
stabo.myshopify.com,active_ecommerce,shopify,True,,3,True,github_gist
stacyreed.myshopify.com,active_ecommerce,shopify,True,,3,True,github_gist
stafftool.myshopify.com,active_ecommerce,shopify,True,,3,True,github_gist
stainless-steel.myshopify.com,active_ecommerce,shopify,True,,3,True,github_gist
stampede.myshopify.com,active_ecommerce,shopify,True,,3,True,github_gist
stamps.myshopify.com,active_ecommerce,shopify,True,,3,True,github_gist
standardits.myshopify.com,active_ecommerce,shopify,True,,3,True,github_gist
stanhansen.myshopify.com,active_ecommerce,shopify,True,,3,True,github_gist
starbucks.myshopify.com,active_ecommerce,shopify,True,,3,True,github_gist
starcarrier.myshopify.com,active_ecommerce,shopify,True,,3,True,github_gist
stardragon.myshopify.com,active_ecommerce,shopify,True,,3,True,github_gist
stardust.myshopify.com,active_ecommerce,shopify,True,,3,True,github_gist
starfish.myshopify.com,active_ecommerce,shopify,True,,3,True,github_gist
starkickersound.myshopify.com,active_ecommerce,shopify,True,,3,True,github_gist
starserve.myshopify.com,active_ecommerce,shopify,True,,3,True,github_gist
starstore.myshopify.com,active_ecommerce,shopify,True,,3,True,github_gist
start.myshopify.com,active_ecommerce,shopify,True,,3,True,github_gist
start4life.myshopify.com,active_ecommerce,shopify,True,,3,True,github_gist
stasioman.myshopify.com,active_ecommerce,shopify,True,,3,True,github_gist
staticnepal.myshopify.com,active_ecommerce,shopify,True,,3,True,github_gist
stationcafe.myshopify.com,active_ecommerce,shopify,True,,3,True,github_gist
stationer.myshopify.com,active_ecommerce,shopify,True,,3,True,github_gist
stationery.myshopify.com,active_ecommerce,shopify,True,,3,True,github_gist
stbarth.myshopify.com,active_ecommerce,shopify,True,,3,True,github_gist
steadfast.myshopify.com,active_ecommerce,shopify,True,,3,True,github_gist
steamboatcoffeeroasters.myshopify.com,active_ecommerce,shopify,True,,3,True,github_gist
steelelectronics.myshopify.com,active_ecommerce,shopify,True,,3,True,github_gist
steelheart.myshopify.com,active_ecommerce,shopify,True,,3,True,github_gist
stef.myshopify.com,active_ecommerce,shopify,True,,3,True,github_gist
stefa.myshopify.com,active_ecommerce,shopify,True,,3,True,github_gist
stefan.myshopify.com,active_ecommerce,shopify,True,,3,True,github_gist
steinershop.myshopify.com,active_ecommerce,shopify,True,,3,True,github_gist
steinhaug.myshopify.com,active_ecommerce,shopify,True,,3,True,github_gist
steli.myshopify.com,active_ecommerce,shopify,True,,3,True,github_gist
stellabean.myshopify.com,active_ecommerce,shopify,True,,3,True,github_gist
stellabludesign.myshopify.com,active_ecommerce,shopify,True,,3,True,github_gist
stellagray.myshopify.com,active_ecommerce,shopify,True,,3,True,github_gist
stenson.myshopify.com,active_ecommerce,shopify,True,,3,True,github_gist
stephen.myshopify.com,active_ecommerce,shopify,True,,3,True,github_gist
stevan.myshopify.com,active_ecommerce,shopify,True,,3,True,github_gist
steve.myshopify.com,active_ecommerce,shopify,True,,3,True,github_gist
stevefab.myshopify.com,active_ecommerce,shopify,True,,3,True,github_gist
steven.myshopify.com,active_ecommerce,shopify,True,,3,True,github_gist
stevenley.myshopify.com,active_ecommerce,shopify,True,,3,True,github_gist
stevenmuller.myshopify.com,active_ecommerce,shopify,True,,3,True,github_gist
stevens.myshopify.com,active_ecommerce,shopify,True,,3,True,github_gist
stevesicherman.myshopify.com,active_ecommerce,shopify,True,,3,True,github_gist
stevestest.myshopify.com,active_ecommerce,shopify,True,,3,True,github_gist
stevewhitaker.myshopify.com,active_ecommerce,shopify,True,,3,True,github_gist
steynonline.myshopify.com,active_ecommerce,shopify,True,,3,True,github_gist
stgnet.myshopify.com,active_ecommerce,shopify,True,,3,True,github_gist
sth4sale.myshopify.com,active_ecommerce,shopify,True,,3,True,github_gist
stian.myshopify.com,active_ecommerce,shopify,True,,3,True,github_gist
stickbob.myshopify.com,active_ecommerce,shopify,True,,3,True,github_gist
stickerbasket.myshopify.com,active_ecommerce,shopify,True,,3,True,github_gist
stickies.myshopify.com,active_ecommerce,shopify,True,,3,True,github_gist
stickit.myshopify.com,active_ecommerce,shopify,True,,3,True,github_gist
sticknsee.myshopify.com,active_ecommerce,shopify,True,,3,True,github_gist
stickstone.myshopify.com,active_ecommerce,shopify,True,,3,True,github_gist
stickypaws.myshopify.com,active_ecommerce,shopify,True,,3,True,github_gist
stilling.myshopify.com,active_ecommerce,shopify,True,,3,True,github_gist
stillnotkickedthebucket.myshopify.com,active_ecommerce,shopify,True,,3,True,github_gist
stloritz.myshopify.com,active_ecommerce,shopify,True,,3,True,github_gist
stockfish.myshopify.com,active_ecommerce,shopify,True,,3,True,github_gist
stockfishscp.myshopify.com,active_ecommerce,shopify,True,,3,True,github_gist
stolengear.myshopify.com,active_ecommerce,shopify,True,,3,True,github_gist
stonebluffbeef.myshopify.com,active_ecommerce,shopify,True,,3,True,github_gist
stonecutterstore.myshopify.com,active_ecommerce,shopify,True,,3,True,github_gist
stones.myshopify.com,active_ecommerce,shopify,True,,3,True,github_gist
stonesystems.myshopify.com,active_ecommerce,shopify,True,,3,True,github_gist
storegio.myshopify.com,active_ecommerce,shopify,True,,3,True,github_gist
storemalaysia.myshopify.com,active_ecommerce,shopify,True,,3,True,github_gist
storeofacrazedgeek.myshopify.com,active_ecommerce,shopify,True,,3,True,github_gist
storeowner.myshopify.com,active_ecommerce,shopify,True,,3,True,github_gist
stores.myshopify.com,active_ecommerce,shopify,True,,3,True,github_gist
stormer.myshopify.com,active_ecommerce,shopify,True,,3,True,github_gist
stormkingdesign.myshopify.com,active_ecommerce,shopify,True,,3,True,github_gist
stormlab.myshopify.com,active_ecommerce,shopify,True,,3,True,github_gist
story.myshopify.com,active_ecommerce,shopify,True,,3,True,github_gist
stquentin.myshopify.com,active_ecommerce,shopify,True,,3,True,github_gist
stradbrokeweddings.myshopify.com,active_ecommerce,shopify,True,,3,True,github_gist
stranger.myshopify.com,active_ecommerce,shopify,True,,3,True,github_gist
strapandzipper.myshopify.com,active_ecommerce,shopify,True,,3,True,github_gist
strawberry.myshopify.com,active_ecommerce,shopify,True,,3,True,github_gist
strawcast.myshopify.com,active_ecommerce,shopify,True,,3,True,github_gist
street.myshopify.com,active_ecommerce,shopify,True,,3,True,github_gist
streeteasy.myshopify.com,active_ecommerce,shopify,True,,3,True,github_gist
streetsilver.myshopify.com,active_ecommerce,shopify,True,,3,True,github_gist
streetstylez.myshopify.com,active_ecommerce,shopify,True,,3,True,github_gist
strict.myshopify.com,active_ecommerce,shopify,True,,3,True,github_gist
strikegolf.myshopify.com,active_ecommerce,shopify,True,,3,True,github_gist
stripedmelon.myshopify.com,active_ecommerce,shopify,True,,3,True,github_gist
strongbonds.myshopify.com,active_ecommerce,shopify,True,,3,True,github_gist
strongdoor.myshopify.com,active_ecommerce,shopify,True,,3,True,github_gist
stroudgreen.myshopify.com,active_ecommerce,shopify,True,,3,True,github_gist
stubbywear.myshopify.com,active_ecommerce,shopify,True,,3,True,github_gist
studentinks.myshopify.com,active_ecommerce,shopify,True,,3,True,github_gist
students-shop.myshopify.com,active_ecommerce,shopify,True,,3,True,github_gist
studentsoundedge.myshopify.com,active_ecommerce,shopify,True,,3,True,github_gist
studgate.myshopify.com,active_ecommerce,shopify,True,,3,True,github_gist
studio.myshopify.com,active_ecommerce,shopify,True,,3,True,github_gist
studio19.myshopify.com,active_ecommerce,shopify,True,,3,True,github_gist
studio25.myshopify.com,active_ecommerce,shopify,True,,3,True,github_gist
studioprisoner.myshopify.com,active_ecommerce,shopify,True,,3,True,github_gist
studios.myshopify.com,active_ecommerce,shopify,True,,3,True,github_gist
studiowhiz.myshopify.com,active_ecommerce,shopify,True,,3,True,github_gist
stuff-nyc.myshopify.com,active_ecommerce,shopify,True,,3,True,github_gist
stuffandthings.myshopify.com,active_ecommerce,shopify,True,,3,True,github_gist
stuffbazaar.myshopify.com,active_ecommerce,shopify,True,,3,True,github_gist
stuffbyandi.myshopify.com,active_ecommerce,shopify,True,,3,True,github_gist
stuffbytommy.myshopify.com,active_ecommerce,shopify,True,,3,True,github_gist
stuffforcats.myshopify.com,active_ecommerce,shopify,True,,3,True,github_gist
stuffifind.myshopify.com,active_ecommerce,shopify,True,,3,True,github_gist
stuffwedontown.myshopify.com,active_ecommerce,shopify,True,,3,True,github_gist
stunner-test-2.myshopify.com,active_ecommerce,shopify,True,,3,True,github_gist
stunner-test.myshopify.com,active_ecommerce,shopify,True,,3,True,github_gist
stup.myshopify.com,active_ecommerce,shopify,True,,3,True,github_gist
stuph.myshopify.com,active_ecommerce,shopify,True,,3,True,github_gist
stupidgorgeous.myshopify.com,active_ecommerce,shopify,True,,3,True,github_gist
stylegiftsandaccents.myshopify.com,active_ecommerce,shopify,True,,3,True,github_gist
styletrend.myshopify.com,active_ecommerce,shopify,True,,3,True,github_gist
stylkoo.myshopify.com,active_ecommerce,shopify,True,,3,True,github_gist
stylo.myshopify.com,active_ecommerce,shopify,True,,3,True,github_gist
stylr.myshopify.com,active_ecommerce,shopify,True,,3,True,github_gist
stymie.myshopify.com,active_ecommerce,shopify,True,,3,True,github_gist
suar.myshopify.com,active_ecommerce,shopify,True,,3,True,github_gist
subdomain.myshopify.com,active_ecommerce,shopify,True,,3,True,github_gist
subroknyc.myshopify.com,active_ecommerce,shopify,True,,3,True,github_gist
subs.myshopify.com,active_ecommerce,shopify,True,,3,True,github_gist
subscribe.myshopify.com,active_ecommerce,shopify,True,,3,True,github_gist
suburbanswag.myshopify.com,active_ecommerce,shopify,True,,3,True,github_gist
subway.myshopify.com,active_ecommerce,shopify,True,,3,True,github_gist
subzexpress.myshopify.com,active_ecommerce,shopify,True,,3,True,github_gist
success.myshopify.com,active_ecommerce,shopify,True,,3,True,github_gist
sudhanshuraheja.myshopify.com,active_ecommerce,shopify,True,,3,True,github_gist
suedsuedobst.myshopify.com,active_ecommerce,shopify,True,,3,True,github_gist
sugar7.myshopify.com,active_ecommerce,shopify,True,,3,True,github_gist
sugarandzen.myshopify.com,active_ecommerce,shopify,True,,3,True,github_gist
sugarbums.myshopify.com,active_ecommerce,shopify,True,,3,True,github_gist
sugarenia.myshopify.com,active_ecommerce,shopify,True,,3,True,github_gist
sugargoodies.myshopify.com,active_ecommerce,shopify,True,,3,True,github_gist
suhapunta.myshopify.com,active_ecommerce,shopify,True,,3,True,github_gist
suiking.myshopify.com,active_ecommerce,shopify,True,,3,True,github_gist
suiphone.myshopify.com,active_ecommerce,shopify,True,,3,True,github_gist
sukiya.myshopify.com,active_ecommerce,shopify,True,,3,True,github_gist
suler.myshopify.com,active_ecommerce,shopify,True,,3,True,github_gist
sumith.myshopify.com,active_ecommerce,shopify,True,,3,True,github_gist
summa6.myshopify.com,active_ecommerce,shopify,True,,3,True,github_gist
summer.myshopify.com,active_ecommerce,shopify,True,,3,True,github_gist
summervacation.myshopify.com,active_ecommerce,shopify,True,,3,True,github_gist
sumnurv.myshopify.com,active_ecommerce,shopify,True,,3,True,github_gist
sun101.myshopify.com,active_ecommerce,shopify,True,,3,True,github_gist
sundayafternoon.myshopify.com,active_ecommerce,shopify,True,,3,True,github_gist
sunnyday.myshopify.com,active_ecommerce,shopify,True,,3,True,github_gist
sunnykk.myshopify.com,active_ecommerce,shopify,True,,3,True,github_gist
sunos.myshopify.com,active_ecommerce,shopify,True,,3,True,github_gist
sunsangnim.myshopify.com,active_ecommerce,shopify,True,,3,True,github_gist
sunshinesshop.myshopify.com,active_ecommerce,shopify,True,,3,True,github_gist
sunterra.myshopify.com,active_ecommerce,shopify,True,,3,True,github_gist
suntropic.myshopify.com,active_ecommerce,shopify,True,,3,True,github_gist
supaflydesigns.myshopify.com,active_ecommerce,shopify,True,,3,True,github_gist
superballs.myshopify.com,active_ecommerce,shopify,True,,3,True,github_gist
supercompserv.myshopify.com,active_ecommerce,shopify,True,,3,True,github_gist
superduper.myshopify.com,active_ecommerce,shopify,True,,3,True,github_gist
superflyinc.myshopify.com,active_ecommerce,shopify,True,,3,True,github_gist
superheroes.myshopify.com,active_ecommerce,shopify,True,,3,True,github_gist
superior.myshopify.com,active_ecommerce,shopify,True,,3,True,github_gist
supershirts.myshopify.com,active_ecommerce,shopify,True,,3,True,github_gist
superstore.myshopify.com,active_ecommerce,shopify,True,,3,True,github_gist
supertobuy.myshopify.com,active_ecommerce,shopify,True,,3,True,github_gist
supervaca.myshopify.com,active_ecommerce,shopify,True,,3,True,github_gist
superveci.myshopify.com,active_ecommerce,shopify,True,,3,True,github_gist
suplementos.myshopify.com,active_ecommerce,shopify,True,,3,True,github_gist
suplicybikes.myshopify.com,active_ecommerce,shopify,True,,3,True,github_gist
supplements.myshopify.com,active_ecommerce,shopify,True,,3,True,github_gist
support-r-troops.myshopify.com,active_ecommerce,shopify,True,,3,True,github_gist
supportourtrooops.myshopify.com,active_ecommerce,shopify,True,,3,True,github_gist
supratim.myshopify.com,active_ecommerce,shopify,True,,3,True,github_gist
surendra.myshopify.com,active_ecommerce,shopify,True,,3,True,github_gist
surf.myshopify.com,active_ecommerce,shopify,True,,3,True,github_gist
surfhost.myshopify.com,active_ecommerce,shopify,True,,3,True,github_gist
surfshot.myshopify.com,active_ecommerce,shopify,True,,3,True,github_gist
surfspar.myshopify.com,active_ecommerce,shopify,True,,3,True,github_gist
surpluscode.myshopify.com,active_ecommerce,shopify,True,,3,True,github_gist
surreyrenovationservices.myshopify.com,active_ecommerce,shopify,True,,3,True,github_gist
survival.myshopify.com,active_ecommerce,shopify,True,,3,True,github_gist
susandisley.myshopify.com,active_ecommerce,shopify,True,,3,True,github_gist
susannah.myshopify.com,active_ecommerce,shopify,True,,3,True,github_gist
sushipups.myshopify.com,active_ecommerce,shopify,True,,3,True,github_gist
sutures.myshopify.com,active_ecommerce,shopify,True,,3,True,github_gist
suwannee.myshopify.com,active_ecommerce,shopify,True,,3,True,github_gist
suzanneclara.myshopify.com,active_ecommerce,shopify,True,,3,True,github_gist
suze.myshopify.com,active_ecommerce,shopify,True,,3,True,github_gist
svdh.myshopify.com,active_ecommerce,shopify,True,,3,True,github_gist
svenska-dagbladhet.myshopify.com,active_ecommerce,shopify,True,,3,True,github_gist
svetlin.myshopify.com,active_ecommerce,shopify,True,,3,True,github_gist
svetsinvest.myshopify.com,active_ecommerce,shopify,True,,3,True,github_gist
svibas.myshopify.com,active_ecommerce,shopify,True,,3,True,github_gist
svirsk.myshopify.com,active_ecommerce,shopify,True,,3,True,github_gist
svje.myshopify.com,active_ecommerce,shopify,True,,3,True,github_gist
svmedia.myshopify.com,active_ecommerce,shopify,True,,3,True,github_gist
swampcrone.myshopify.com,active_ecommerce,shopify,True,,3,True,github_gist
swap.myshopify.com,active_ecommerce,shopify,True,,3,True,github_gist
swarm.myshopify.com,active_ecommerce,shopify,True,,3,True,github_gist
swcko.myshopify.com,active_ecommerce,shopify,True,,3,True,github_gist
sweden.myshopify.com,active_ecommerce,shopify,True,,3,True,github_gist
swedenstore.myshopify.com,active_ecommerce,shopify,True,,3,True,github_gist
swedish.myshopify.com,active_ecommerce,shopify,True,,3,True,github_gist
swedishsantas.myshopify.com,active_ecommerce,shopify,True,,3,True,github_gist
sweetboxchile.myshopify.com,active_ecommerce,shopify,True,,3,True,github_gist
sweetcherrybikinis.myshopify.com,active_ecommerce,shopify,True,,3,True,github_gist
sweetgear.myshopify.com,active_ecommerce,shopify,True,,3,True,github_gist
sweetheart.myshopify.com,active_ecommerce,shopify,True,,3,True,github_gist
sweetheavenlytreasures.myshopify.com,active_ecommerce,shopify,True,,3,True,github_gist
sweethome.myshopify.com,active_ecommerce,shopify,True,,3,True,github_gist
sweetooth.myshopify.com,active_ecommerce,shopify,True,,3,True,github_gist
sweetpeasugar.myshopify.com,active_ecommerce,shopify,True,,3,True,github_gist
sweetrends.myshopify.com,active_ecommerce,shopify,True,,3,True,github_gist
sweetstuff.myshopify.com,active_ecommerce,shopify,True,,3,True,github_gist
sweetsurrender.myshopify.com,active_ecommerce,shopify,True,,3,True,github_gist
sweettea.myshopify.com,active_ecommerce,shopify,True,,3,True,github_gist
swicked.myshopify.com,active_ecommerce,shopify,True,,3,True,github_gist
swifter.myshopify.com,active_ecommerce,shopify,True,,3,True,github_gist
swiftlogicjapan.myshopify.com,active_ecommerce,shopify,True,,3,True,github_gist
swimwear.myshopify.com,active_ecommerce,shopify,True,,3,True,github_gist
swinging.myshopify.com,active_ecommerce,shopify,True,,3,True,github_gist
swishoops.myshopify.com,active_ecommerce,shopify,True,,3,True,github_gist
swiss.myshopify.com,active_ecommerce,shopify,True,,3,True,github_gist
swisscart.myshopify.com,active_ecommerce,shopify,True,,3,True,github_gist
swisscosmetics.myshopify.com,active_ecommerce,shopify,True,,3,True,github_gist
swisswatchboutique.myshopify.com,active_ecommerce,shopify,True,,3,True,github_gist
switzerland.myshopify.com,active_ecommerce,shopify,True,,3,True,github_gist
swords.myshopify.com,active_ecommerce,shopify,True,,3,True,github_gist
sydney.myshopify.com,active_ecommerce,shopify,True,,3,True,github_gist
sylvain.myshopify.com,active_ecommerce,shopify,True,,3,True,github_gist
sylvester.myshopify.com,active_ecommerce,shopify,True,,3,True,github_gist
symadis.myshopify.com,active_ecommerce,shopify,True,,3,True,github_gist
symbolicorder.myshopify.com,active_ecommerce,shopify,True,,3,True,github_gist
symco.myshopify.com,active_ecommerce,shopify,True,,3,True,github_gist
syms.myshopify.com,active_ecommerce,shopify,True,,3,True,github_gist
synapse.myshopify.com,active_ecommerce,shopify,True,,3,True,github_gist
synapsoftware.myshopify.com,active_ecommerce,shopify,True,,3,True,github_gist
syncaswing.myshopify.com,active_ecommerce,shopify,True,,3,True,github_gist
syncmaster.myshopify.com,active_ecommerce,shopify,True,,3,True,github_gist
syndicate.myshopify.com,active_ecommerce,shopify,True,,3,True,github_gist
synetic.myshopify.com,active_ecommerce,shopify,True,,3,True,github_gist
syrimpex.myshopify.com,active_ecommerce,shopify,True,,3,True,github_gist
sys64738.myshopify.com,active_ecommerce,shopify,True,,3,True,github_gist
szobodyespresso.myshopify.com,active_ecommerce,shopify,True,,3,True,github_gist
t-recs.myshopify.com,active_ecommerce,shopify,True,,3,True,github_gist
t-shirt.myshopify.com,active_ecommerce,shopify,True,,3,True,github_gist
t-shits.myshopify.com,active_ecommerce,shopify,True,,3,True,github_gist
t-shop.myshopify.com,active_ecommerce,shopify,True,,3,True,github_gist
t12345.myshopify.com,active_ecommerce,shopify,True,,3,True,github_gist
t35t3r.myshopify.com,active_ecommerce,shopify,True,,3,True,github_gist
tabithastreasures.myshopify.com,active_ecommerce,shopify,True,,3,True,github_gist
tablehockey.myshopify.com,active_ecommerce,shopify,True,,3,True,github_gist
tabouretluxe.myshopify.com,active_ecommerce,shopify,True,,3,True,github_gist
tachodecobre.myshopify.com,active_ecommerce,shopify,True,,3,True,github_gist
tackledirect.myshopify.com,active_ecommerce,shopify,True,,3,True,github_gist
tactful.myshopify.com,active_ecommerce,shopify,True,,3,True,github_gist
tacticaltrader.myshopify.com,active_ecommerce,shopify,True,,3,True,github_gist
tadpole.myshopify.com,active_ecommerce,shopify,True,,3,True,github_gist
tags.myshopify.com,active_ecommerce,shopify,True,,3,True,github_gist
tagsale.myshopify.com,active_ecommerce,shopify,True,,3,True,github_gist
tahitispray.myshopify.com,active_ecommerce,shopify,True,,3,True,github_gist
tailored.myshopify.com,active_ecommerce,shopify,True,,3,True,github_gist
taimma.myshopify.com,active_ecommerce,shopify,True,,3,True,github_gist
taiwan.myshopify.com,active_ecommerce,shopify,True,,3,True,github_gist
taiwantea.myshopify.com,active_ecommerce,shopify,True,,3,True,github_gist
takebackthebumper.myshopify.com,active_ecommerce,shopify,True,,3,True,github_gist
takeitbaby.myshopify.com,active_ecommerce,shopify,True,,3,True,github_gist
takeshi.myshopify.com,active_ecommerce,shopify,True,,3,True,github_gist
takeupmakeup.myshopify.com,active_ecommerce,shopify,True,,3,True,github_gist
takiciyiz.myshopify.com,active_ecommerce,shopify,True,,3,True,github_gist
takomaru.myshopify.com,active_ecommerce,shopify,True,,3,True,github_gist
taktikz.myshopify.com,active_ecommerce,shopify,True,,3,True,github_gist
talash.myshopify.com,active_ecommerce,shopify,True,,3,True,github_gist
talcual.myshopify.com,active_ecommerce,shopify,True,,3,True,github_gist
talento.myshopify.com,active_ecommerce,shopify,True,,3,True,github_gist
talesofthesamurai.myshopify.com,active_ecommerce,shopify,True,,3,True,github_gist
tamarindtree.myshopify.com,active_ecommerce,shopify,True,,3,True,github_gist
tamesmedia.myshopify.com,active_ecommerce,shopify,True,,3,True,github_gist
tamia.myshopify.com,active_ecommerce,shopify,True,,3,True,github_gist
tamoko.myshopify.com,active_ecommerce,shopify,True,,3,True,github_gist
tandblekning.myshopify.com,active_ecommerce,shopify,True,,3,True,github_gist
tandk.myshopify.com,active_ecommerce,shopify,True,,3,True,github_gist
tango.myshopify.com,active_ecommerce,shopify,True,,3,True,github_gist
taninvestment.myshopify.com,active_ecommerce,shopify,True,,3,True,github_gist
tanjore.myshopify.com,active_ecommerce,shopify,True,,3,True,github_gist
tankbase.myshopify.com,active_ecommerce,shopify,True,,3,True,github_gist
tankfactory.myshopify.com,active_ecommerce,shopify,True,,3,True,github_gist
tannerkrolle.myshopify.com,active_ecommerce,shopify,True,,3,True,github_gist
tannerwebowski.myshopify.com,active_ecommerce,shopify,True,,3,True,github_gist
tanning.myshopify.com,active_ecommerce,shopify,True,,3,True,github_gist
tanns.myshopify.com,active_ecommerce,shopify,True,,3,True,github_gist
taodvd.myshopify.com,active_ecommerce,shopify,True,,3,True,github_gist
taoweb.myshopify.com,active_ecommerce,shopify,True,,3,True,github_gist
tapestrycraft.myshopify.com,active_ecommerce,shopify,True,,3,True,github_gist
tapestrymusic.myshopify.com,active_ecommerce,shopify,True,,3,True,github_gist
tapeta.myshopify.com,active_ecommerce,shopify,True,,3,True,github_gist
tarantuloid.myshopify.com,active_ecommerce,shopify,True,,3,True,github_gist
tarek.myshopify.com,active_ecommerce,shopify,True,,3,True,github_gist
targates.myshopify.com,active_ecommerce,shopify,True,,3,True,github_gist
target.myshopify.com,active_ecommerce,shopify,True,,3,True,github_gist
tarrarosenbaum.myshopify.com,active_ecommerce,shopify,True,,3,True,github_gist
tarwin.myshopify.com,active_ecommerce,shopify,True,,3,True,github_gist
tasbilliards.myshopify.com,active_ecommerce,shopify,True,,3,True,github_gist
tasillo.myshopify.com,active_ecommerce,shopify,True,,3,True,github_gist
tasteselects.myshopify.com,active_ecommerce,shopify,True,,3,True,github_gist
tasteteez.myshopify.com,active_ecommerce,shopify,True,,3,True,github_gist
tasting.myshopify.com,active_ecommerce,shopify,True,,3,True,github_gist
tasty.myshopify.com,active_ecommerce,shopify,True,,3,True,github_gist
tata-titi.myshopify.com,active_ecommerce,shopify,True,,3,True,github_gist
tata.myshopify.com,active_ecommerce,shopify,True,,3,True,github_gist
tati.myshopify.com,active_ecommerce,shopify,True,,3,True,github_gist
tatiana.myshopify.com,active_ecommerce,shopify,True,,3,True,github_gist
tatiret.myshopify.com,active_ecommerce,shopify,True,,3,True,github_gist
tattoo.myshopify.com,active_ecommerce,shopify,True,,3,True,github_gist
tauhina.myshopify.com,active_ecommerce,shopify,True,,3,True,github_gist
tawalasystems.myshopify.com,active_ecommerce,shopify,True,,3,True,github_gist
taxes.myshopify.com,active_ecommerce,shopify,True,,3,True,github_gist
tayastreasures.myshopify.com,active_ecommerce,shopify,True,,3,True,github_gist
taylormadeforyou.myshopify.com,active_ecommerce,shopify,True,,3,True,github_gist
taylormadegifts.myshopify.com,active_ecommerce,shopify,True,,3,True,github_gist
tazakaliente.myshopify.com,active_ecommerce,shopify,True,,3,True,github_gist
tazari.myshopify.com,active_ecommerce,shopify,True,,3,True,github_gist
tbrantphotography.myshopify.com,active_ecommerce,shopify,True,,3,True,github_gist
tcards.myshopify.com,active_ecommerce,shopify,True,,3,True,github_gist
tcmd.myshopify.com,active_ecommerce,shopify,True,,3,True,github_gist
tctactical.myshopify.com,active_ecommerce,shopify,True,,3,True,github_gist
tctools.myshopify.com,active_ecommerce,shopify,True,,3,True,github_gist
tdizzles.myshopify.com,active_ecommerce,shopify,True,,3,True,github_gist
teaandcrumpets.myshopify.com,active_ecommerce,shopify,True,,3,True,github_gist
teabagstudios.myshopify.com,active_ecommerce,shopify,True,,3,True,github_gist
teajunction.myshopify.com,active_ecommerce,shopify,True,,3,True,github_gist
tealady.myshopify.com,active_ecommerce,shopify,True,,3,True,github_gist
team0fist1.myshopify.com,active_ecommerce,shopify,True,,3,True,github_gist
teamcoorslight.myshopify.com,active_ecommerce,shopify,True,,3,True,github_gist
teamfilo.myshopify.com,active_ecommerce,shopify,True,,3,True,github_gist
teamlola.myshopify.com,active_ecommerce,shopify,True,,3,True,github_gist
teamuk.myshopify.com,active_ecommerce,shopify,True,,3,True,github_gist
teaparty.myshopify.com,active_ecommerce,shopify,True,,3,True,github_gist
tearsofafrica.myshopify.com,active_ecommerce,shopify,True,,3,True,github_gist
tearsofangels.myshopify.com,active_ecommerce,shopify,True,,3,True,github_gist
teas.myshopify.com,active_ecommerce,shopify,True,,3,True,github_gist
teasofdistinction.myshopify.com,active_ecommerce,shopify,True,,3,True,github_gist
techattack.myshopify.com,active_ecommerce,shopify,True,,3,True,github_gist
techbistro.myshopify.com,active_ecommerce,shopify,True,,3,True,github_gist
techbiz.myshopify.com,active_ecommerce,shopify,True,,3,True,github_gist
techbooks.myshopify.com,active_ecommerce,shopify,True,,3,True,github_gist
techgadgets.myshopify.com,active_ecommerce,shopify,True,,3,True,github_gist
techgads.myshopify.com,active_ecommerce,shopify,True,,3,True,github_gist
techhut.myshopify.com,active_ecommerce,shopify,True,,3,True,github_gist
techkrazy.myshopify.com,active_ecommerce,shopify,True,,3,True,github_gist
technobabbel.myshopify.com,active_ecommerce,shopify,True,,3,True,github_gist
technodrom.myshopify.com,active_ecommerce,shopify,True,,3,True,github_gist
technology.myshopify.com,active_ecommerce,shopify,True,,3,True,github_gist
technologyaz.myshopify.com,active_ecommerce,shopify,True,,3,True,github_gist
technorama.myshopify.com,active_ecommerce,shopify,True,,3,True,github_gist
technut.myshopify.com,active_ecommerce,shopify,True,,3,True,github_gist
techotties.myshopify.com,active_ecommerce,shopify,True,,3,True,github_gist
techrangers.myshopify.com,active_ecommerce,shopify,True,,3,True,github_gist
techstore.myshopify.com,active_ecommerce,shopify,True,,3,True,github_gist
tecnofilia.myshopify.com,active_ecommerce,shopify,True,,3,True,github_gist
teddy.myshopify.com,active_ecommerce,shopify,True,,3,True,github_gist
tedrader.myshopify.com,active_ecommerce,shopify,True,,3,True,github_gist
tedz.myshopify.com,active_ecommerce,shopify,True,,3,True,github_gist
teecetogs.myshopify.com,active_ecommerce,shopify,True,,3,True,github_gist
teedrops.myshopify.com,active_ecommerce,shopify,True,,3,True,github_gist
teeming.myshopify.com,active_ecommerce,shopify,True,,3,True,github_gist
teensbehavingbadly.myshopify.com,active_ecommerce,shopify,True,,3,True,github_gist
teesbyt.myshopify.com,active_ecommerce,shopify,True,,3,True,github_gist
teeshirt.myshopify.com,active_ecommerce,shopify,True,,3,True,github_gist
teez.myshopify.com,active_ecommerce,shopify,True,,3,True,github_gist
tegue.myshopify.com,active_ecommerce,shopify,True,,3,True,github_gist
tekbrands.myshopify.com,active_ecommerce,shopify,True,,3,True,github_gist
tekgeek.myshopify.com,active_ecommerce,shopify,True,,3,True,github_gist
teknatural.myshopify.com,active_ecommerce,shopify,True,,3,True,github_gist
teknikfabriken.myshopify.com,active_ecommerce,shopify,True,,3,True,github_gist
tele.myshopify.com,active_ecommerce,shopify,True,,3,True,github_gist
telechargement.myshopify.com,active_ecommerce,shopify,True,,3,True,github_gist
telecosm.myshopify.com,active_ecommerce,shopify,True,,3,True,github_gist
telefonakquise.myshopify.com,active_ecommerce,shopify,True,,3,True,github_gist
telegram.myshopify.com,active_ecommerce,shopify,True,,3,True,github_gist
teleguiado.myshopify.com,active_ecommerce,shopify,True,,3,True,github_gist
telescopes.myshopify.com,active_ecommerce,shopify,True,,3,True,github_gist
telescopeshop.myshopify.com,active_ecommerce,shopify,True,,3,True,github_gist
teleweb.myshopify.com,active_ecommerce,shopify,True,,3,True,github_gist
tellaw.myshopify.com,active_ecommerce,shopify,True,,3,True,github_gist
telltale.myshopify.com,active_ecommerce,shopify,True,,3,True,github_gist
tema.myshopify.com,active_ecommerce,shopify,True,,3,True,github_gist
temdetudo.myshopify.com,active_ecommerce,shopify,True,,3,True,github_gist
temesis.myshopify.com,active_ecommerce,shopify,True,,3,True,github_gist
temha.myshopify.com,active_ecommerce,shopify,True,,3,True,github_gist
temi.myshopify.com,active_ecommerce,shopify,True,,3,True,github_gist
temp.myshopify.com,active_ecommerce,shopify,True,,3,True,github_gist
templates.myshopify.com,active_ecommerce,shopify,True,,3,True,github_gist
templatesbydesigner.myshopify.com,active_ecommerce,shopify,True,,3,True,github_gist
templebasin.myshopify.com,active_ecommerce,shopify,True,,3,True,github_gist
tempri.myshopify.com,active_ecommerce,shopify,True,,3,True,github_gist
temuraru.myshopify.com,active_ecommerce,shopify,True,,3,True,github_gist
tendamip.myshopify.com,active_ecommerce,shopify,True,,3,True,github_gist
tendaonline.myshopify.com,active_ecommerce,shopify,True,,3,True,github_gist
tendavirtual.myshopify.com,active_ecommerce,shopify,True,,3,True,github_gist
tenfingermedia.myshopify.com,active_ecommerce,shopify,True,,3,True,github_gist
tenmon.myshopify.com,active_ecommerce,shopify,True,,3,True,github_gist
tennis.myshopify.com,active_ecommerce,shopify,True,,3,True,github_gist
tenthconcept.myshopify.com,active_ecommerce,shopify,True,,3,True,github_gist
tenute-tomasella.myshopify.com,active_ecommerce,shopify,True,,3,True,github_gist
teol.myshopify.com,active_ecommerce,shopify,True,,3,True,github_gist
tequila.myshopify.com,active_ecommerce,shopify,True,,3,True,github_gist
teraware.myshopify.com,active_ecommerce,shopify,True,,3,True,github_gist
termitest.myshopify.com,active_ecommerce,shopify,True,,3,True,github_gist
termlimits.myshopify.com,active_ecommerce,shopify,True,,3,True,github_gist
terradimezzopuntobiz.myshopify.com,active_ecommerce,shopify,True,,3,True,github_gist
terramater.myshopify.com,active_ecommerce,shopify,True,,3,True,github_gist
terrysphotos.myshopify.com,active_ecommerce,shopify,True,,3,True,github_gist
tesco.myshopify.com,active_ecommerce,shopify,True,,3,True,github_gist
test-moc-shop.myshopify.com,active_ecommerce,shopify,True,,3,True,github_gist
test-shop-for-cam.myshopify.com,active_ecommerce,shopify,True,,3,True,github_gist
test-shop.myshopify.com,active_ecommerce,shopify,True,,3,True,github_gist
test007.myshopify.com,active_ecommerce,shopify,True,,3,True,github_gist
test01.myshopify.com,active_ecommerce,shopify,True,,3,True,github_gist
test1.myshopify.com,active_ecommerce,shopify,True,,3,True,github_gist
test10.myshopify.com,active_ecommerce,shopify,True,,3,True,github_gist
test123.myshopify.com,active_ecommerce,shopify,True,,3,True,github_gist
test1234.myshopify.com,active_ecommerce,shopify,True,,3,True,github_gist
test143.myshopify.com,active_ecommerce,shopify,True,,3,True,github_gist
test211.myshopify.com,active_ecommerce,shopify,True,,3,True,github_gist
test22.myshopify.com,active_ecommerce,shopify,True,,3,True,github_gist
test23.myshopify.com,active_ecommerce,shopify,True,,3,True,github_gist
test3.myshopify.com,active_ecommerce,shopify,True,,3,True,github_gist
test3423.myshopify.com,active_ecommerce,shopify,True,,3,True,github_gist
test5.myshopify.com,active_ecommerce,shopify,True,,3,True,github_gist
test9.myshopify.com,active_ecommerce,shopify,True,,3,True,github_gist
test99.myshopify.com,active_ecommerce,shopify,True,,3,True,github_gist
testaaa.myshopify.com,active_ecommerce,shopify,True,,3,True,github_gist
testaccount.myshopify.com,active_ecommerce,shopify,True,,3,True,github_gist
testadi.myshopify.com,active_ecommerce,shopify,True,,3,True,github_gist
testage.myshopify.com,active_ecommerce,shopify,True,,3,True,github_gist
testapparel.myshopify.com,active_ecommerce,shopify,True,,3,True,github_gist
testaringo.myshopify.com,active_ecommerce,shopify,True,,3,True,github_gist
testashop.myshopify.com,active_ecommerce,shopify,True,,3,True,github_gist
testbanyan.myshopify.com,active_ecommerce,shopify,True,,3,True,github_gist
testco.myshopify.com,active_ecommerce,shopify,True,,3,True,github_gist
testdemoshop.myshopify.com,active_ecommerce,shopify,True,,3,True,github_gist
testdk.myshopify.com,active_ecommerce,shopify,True,,3,True,github_gist
teste.myshopify.com,active_ecommerce,shopify,True,,3,True,github_gist
tester.myshopify.com,active_ecommerce,shopify,True,,3,True,github_gist
tester1234.myshopify.com,active_ecommerce,shopify,True,,3,True,github_gist
testere.myshopify.com,active_ecommerce,shopify,True,,3,True,github_gist
testernow.myshopify.com,active_ecommerce,shopify,True,,3,True,github_gist
testeroo.myshopify.com,active_ecommerce,shopify,True,,3,True,github_gist
testertester.myshopify.com,active_ecommerce,shopify,True,,3,True,github_gist
testfest.myshopify.com,active_ecommerce,shopify,True,,3,True,github_gist
testfoo.myshopify.com,active_ecommerce,shopify,True,,3,True,github_gist
testhubert.myshopify.com,active_ecommerce,shopify,True,,3,True,github_gist
testi.myshopify.com,active_ecommerce,shopify,True,,3,True,github_gist
testicles.myshopify.com,active_ecommerce,shopify,True,,3,True,github_gist
testify.myshopify.com,active_ecommerce,shopify,True,,3,True,github_gist
testikauppa.myshopify.com,active_ecommerce,shopify,True,,3,True,github_gist
testing.myshopify.com,active_ecommerce,shopify,True,,3,True,github_gist
testing123.myshopify.com,active_ecommerce,shopify,True,,3,True,github_gist
testing1234.myshopify.com,active_ecommerce,shopify,True,,3,True,github_gist
testing28.myshopify.com,active_ecommerce,shopify,True,,3,True,github_gist
testing8.myshopify.com,active_ecommerce,shopify,True,,3,True,github_gist
testingdev.myshopify.com,active_ecommerce,shopify,True,,3,True,github_gist
testingit.myshopify.com,active_ecommerce,shopify,True,,3,True,github_gist
testingitout.myshopify.com,active_ecommerce,shopify,True,,3,True,github_gist
testingmike.myshopify.com,active_ecommerce,shopify,True,,3,True,github_gist
testingtest.myshopify.com,active_ecommerce,shopify,True,,3,True,github_gist
testingthis.myshopify.com,active_ecommerce,shopify,True,,3,True,github_gist
testingx.myshopify.com,active_ecommerce,shopify,True,,3,True,github_gist
testit.myshopify.com,active_ecommerce,shopify,True,,3,True,github_gist
testkitchen.myshopify.com,active_ecommerce,shopify,True,,3,True,github_gist
testlink.myshopify.com,active_ecommerce,shopify,True,,3,True,github_gist
testo.myshopify.com,active_ecommerce,shopify,True,,3,True,github_gist
testornotto.myshopify.com,active_ecommerce,shopify,True,,3,True,github_gist
testouille.myshopify.com,active_ecommerce,shopify,True,,3,True,github_gist
testplshop.myshopify.com,active_ecommerce,shopify,True,,3,True,github_gist
tests.myshopify.com,active_ecommerce,shopify,True,,3,True,github_gist
testse.myshopify.com,active_ecommerce,shopify,True,,3,True,github_gist
testshirt.myshopify.com,active_ecommerce,shopify,True,,3,True,github_gist
testsho.myshopify.com,active_ecommerce,shopify,True,,3,True,github_gist
testshop001.myshopify.com,active_ecommerce,shopify,True,,3,True,github_gist
testshop10231.myshopify.com,active_ecommerce,shopify,True,,3,True,github_gist
testshop123.myshopify.com,active_ecommerce,shopify,True,,3,True,github_gist
testshop12312342.myshopify.com,active_ecommerce,shopify,True,,3,True,github_gist
testshop12345.myshopify.com,active_ecommerce,shopify,True,,3,True,github_gist
testshop71.myshopify.com,active_ecommerce,shopify,True,,3,True,github_gist
testshopone.myshopify.com,active_ecommerce,shopify,True,,3,True,github_gist
testshoppe.myshopify.com,active_ecommerce,shopify,True,,3,True,github_gist
testshopper.myshopify.com,active_ecommerce,shopify,True,,3,True,github_gist
testshoppy.myshopify.com,active_ecommerce,shopify,True,,3,True,github_gist
testshopsite.myshopify.com,active_ecommerce,shopify,True,,3,True,github_gist
testsite.myshopify.com,active_ecommerce,shopify,True,,3,True,github_gist
testtee.myshopify.com,active_ecommerce,shopify,True,,3,True,github_gist
testtest.myshopify.com,active_ecommerce,shopify,True,,3,True,github_gist
testtestshop.myshopify.com,active_ecommerce,shopify,True,,3,True,github_gist
testtesttest.myshopify.com,active_ecommerce,shopify,True,,3,True,github_gist
testting.myshopify.com,active_ecommerce,shopify,True,,3,True,github_gist
testus.myshopify.com,active_ecommerce,shopify,True,,3,True,github_gist
testvka.myshopify.com,active_ecommerce,shopify,True,,3,True,github_gist
testwebshop.myshopify.com,active_ecommerce,shopify,True,,3,True,github_gist
testxy.myshopify.com,active_ecommerce,shopify,True,,3,True,github_gist
testy.myshopify.com,active_ecommerce,shopify,True,,3,True,github_gist
testzilla.myshopify.com,active_ecommerce,shopify,True,,3,True,github_gist
tetz.myshopify.com,active_ecommerce,shopify,True,,3,True,github_gist
texastesting.myshopify.com,active_ecommerce,shopify,True,,3,True,github_gist
textee.myshopify.com,active_ecommerce,shopify,True,,3,True,github_gist
texturasycolores.myshopify.com,active_ecommerce,shopify,True,,3,True,github_gist
tfocus739.myshopify.com,active_ecommerce,shopify,True,,3,True,github_gist
tfshop.myshopify.com,active_ecommerce,shopify,True,,3,True,github_gist
tftp.myshopify.com,active_ecommerce,shopify,True,,3,True,github_gist
tgashop.myshopify.com,active_ecommerce,shopify,True,,3,True,github_gist
th1nk.myshopify.com,active_ecommerce,shopify,True,,3,True,github_gist
thad.myshopify.com,active_ecommerce,shopify,True,,3,True,github_gist
thai.myshopify.com,active_ecommerce,shopify,True,,3,True,github_gist
thaiapparel.myshopify.com,active_ecommerce,shopify,True,,3,True,github_gist
thaidejavu.myshopify.com,active_ecommerce,shopify,True,,3,True,github_gist
thailand.myshopify.com,active_ecommerce,shopify,True,,3,True,github_gist
thatshot.myshopify.com,active_ecommerce,shopify,True,,3,True,github_gist
the-green-apple.myshopify.com,active_ecommerce,shopify,True,,3,True,github_gist
the-shop.myshopify.com,active_ecommerce,shopify,True,,3,True,github_gist
the7thsense.myshopify.com,active_ecommerce,shopify,True,,3,True,github_gist
the8ball.myshopify.com,active_ecommerce,shopify,True,,3,True,github_gist
the9513.myshopify.com,active_ecommerce,shopify,True,,3,True,github_gist
theairplaneco.myshopify.com,active_ecommerce,shopify,True,,3,True,github_gist
theark.myshopify.com,active_ecommerce,shopify,True,,3,True,github_gist
theaterchurch.myshopify.com,active_ecommerce,shopify,True,,3,True,github_gist
theatre.myshopify.com,active_ecommerce,shopify,True,,3,True,github_gist
theauburner.myshopify.com,active_ecommerce,shopify,True,,3,True,github_gist
theaukishop.myshopify.com,active_ecommerce,shopify,True,,3,True,github_gist
theautographhounds.myshopify.com,active_ecommerce,shopify,True,,3,True,github_gist
thebadwrap.myshopify.com,active_ecommerce,shopify,True,,3,True,github_gist
thebaseballstore.myshopify.com,active_ecommerce,shopify,True,,3,True,github_gist
thebasketshoppe.myshopify.com,active_ecommerce,shopify,True,,3,True,github_gist
thebazaar.myshopify.com,active_ecommerce,shopify,True,,3,True,github_gist
thebeadhold.myshopify.com,active_ecommerce,shopify,True,,3,True,github_gist
thebecomingproject.myshopify.com,active_ecommerce,shopify,True,,3,True,github_gist
thebeloveddisciple.myshopify.com,active_ecommerce,shopify,True,,3,True,github_gist
thebestprices4you.myshopify.com,active_ecommerce,shopify,True,,3,True,github_gist
thebestshop.myshopify.com,active_ecommerce,shopify,True,,3,True,github_gist
thebeststore.myshopify.com,active_ecommerce,shopify,True,,3,True,github_gist
thebigapplegame.myshopify.com,active_ecommerce,shopify,True,,3,True,github_gist
thebkcircus.myshopify.com,active_ecommerce,shopify,True,,3,True,github_gist
thebookferret.myshopify.com,active_ecommerce,shopify,True,,3,True,github_gist
theboxingco.myshopify.com,active_ecommerce,shopify,True,,3,True,github_gist
thebusinessmakers.myshopify.com,active_ecommerce,shopify,True,,3,True,github_gist
thebuzzword.myshopify.com,active_ecommerce,shopify,True,,3,True,github_gist
thecandyplant.myshopify.com,active_ecommerce,shopify,True,,3,True,github_gist
thecheesekitchen.myshopify.com,active_ecommerce,shopify,True,,3,True,github_gist
theclover.myshopify.com,active_ecommerce,shopify,True,,3,True,github_gist
thecomputershop.myshopify.com,active_ecommerce,shopify,True,,3,True,github_gist
thecove.myshopify.com,active_ecommerce,shopify,True,,3,True,github_gist
thecreativeimage.myshopify.com,active_ecommerce,shopify,True,,3,True,github_gist
thecrochetgiftshop.myshopify.com,active_ecommerce,shopify,True,,3,True,github_gist
thedailydriver.myshopify.com,active_ecommerce,shopify,True,,3,True,github_gist
thedaneshprojectpics.myshopify.com,active_ecommerce,shopify,True,,3,True,github_gist
thedeli.myshopify.com,active_ecommerce,shopify,True,,3,True,github_gist
thedrink.myshopify.com,active_ecommerce,shopify,True,,3,True,github_gist
thedvdstore.myshopify.com,active_ecommerce,shopify,True,,3,True,github_gist
theelephantleague.myshopify.com,active_ecommerce,shopify,True,,3,True,github_gist
thefabulousstore.myshopify.com,active_ecommerce,shopify,True,,3,True,github_gist
thefancydressplace.myshopify.com,active_ecommerce,shopify,True,,3,True,github_gist
thefancypants.myshopify.com,active_ecommerce,shopify,True,,3,True,github_gist
thefashiongenie.myshopify.com,active_ecommerce,shopify,True,,3,True,github_gist
thefirstchapter.myshopify.com,active_ecommerce,shopify,True,,3,True,github_gist
thefivefingers.myshopify.com,active_ecommerce,shopify,True,,3,True,github_gist
theforge.myshopify.com,active_ecommerce,shopify,True,,3,True,github_gist
theforummanagers.myshopify.com,active_ecommerce,shopify,True,,3,True,github_gist
thefoundation.myshopify.com,active_ecommerce,shopify,True,,3,True,github_gist
thegaiaproject.myshopify.com,active_ecommerce,shopify,True,,3,True,github_gist
thegame.myshopify.com,active_ecommerce,shopify,True,,3,True,github_gist
thegeekstore.myshopify.com,active_ecommerce,shopify,True,,3,True,github_gist
thegoodstuff.myshopify.com,active_ecommerce,shopify,True,,3,True,github_gist
thegromshop.myshopify.com,active_ecommerce,shopify,True,,3,True,github_gist
thegutta.myshopify.com,active_ecommerce,shopify,True,,3,True,github_gist
thehandmadegiftstore.myshopify.com,active_ecommerce,shopify,True,,3,True,github_gist
thehatcollection.myshopify.com,active_ecommerce,shopify,True,,3,True,github_gist
theherozone.myshopify.com,active_ecommerce,shopify,True,,3,True,github_gist
thehouse.myshopify.com,active_ecommerce,shopify,True,,3,True,github_gist
thehumbleones.myshopify.com,active_ecommerce,shopify,True,,3,True,github_gist
theiconnery.myshopify.com,active_ecommerce,shopify,True,,3,True,github_gist
theindigo.myshopify.com,active_ecommerce,shopify,True,,3,True,github_gist
thejournalshop.myshopify.com,active_ecommerce,shopify,True,,3,True,github_gist
thekeet.myshopify.com,active_ecommerce,shopify,True,,3,True,github_gist
theklue.myshopify.com,active_ecommerce,shopify,True,,3,True,github_gist
thelastnamechange.myshopify.com,active_ecommerce,shopify,True,,3,True,github_gist
theless.myshopify.com,active_ecommerce,shopify,True,,3,True,github_gist
thelock.myshopify.com,active_ecommerce,shopify,True,,3,True,github_gist
thelynnstollercollection.myshopify.com,active_ecommerce,shopify,True,,3,True,github_gist
themacespace.myshopify.com,active_ecommerce,shopify,True,,3,True,github_gist
themacnurse.myshopify.com,active_ecommerce,shopify,True,,3,True,github_gist
themagpieinstinct.myshopify.com,active_ecommerce,shopify,True,,3,True,github_gist
themarketingteacher.myshopify.com,active_ecommerce,shopify,True,,3,True,github_gist
themediacollective.myshopify.com,active_ecommerce,shopify,True,,3,True,github_gist
themesandthings.myshopify.com,active_ecommerce,shopify,True,,3,True,github_gist
themimetiks.myshopify.com,active_ecommerce,shopify,True,,3,True,github_gist
themodernmarketer.myshopify.com,active_ecommerce,shopify,True,,3,True,github_gist
themoleskin.myshopify.com,active_ecommerce,shopify,True,,3,True,github_gist
themommyblog.myshopify.com,active_ecommerce,shopify,True,,3,True,github_gist
themostgeneroussoul.myshopify.com,active_ecommerce,shopify,True,,3,True,github_gist
thenail.myshopify.com,active_ecommerce,shopify,True,,3,True,github_gist
theoreticalmusic.myshopify.com,active_ecommerce,shopify,True,,3,True,github_gist
thepadpicker.myshopify.com,active_ecommerce,shopify,True,,3,True,github_gist
thepan.myshopify.com,active_ecommerce,shopify,True,,3,True,github_gist
thepecanfactory.myshopify.com,active_ecommerce,shopify,True,,3,True,github_gist
thepicturegallery.myshopify.com,active_ecommerce,shopify,True,,3,True,github_gist
thepit.myshopify.com,active_ecommerce,shopify,True,,3,True,github_gist
thepocketshopper.myshopify.com,active_ecommerce,shopify,True,,3,True,github_gist
theprogressbar.myshopify.com,active_ecommerce,shopify,True,,3,True,github_gist
thequaintoldcottage.myshopify.com,active_ecommerce,shopify,True,,3,True,github_gist
therapy.myshopify.com,active_ecommerce,shopify,True,,3,True,github_gist
theremains.myshopify.com,active_ecommerce,shopify,True,,3,True,github_gist
theriffer.myshopify.com,active_ecommerce,shopify,True,,3,True,github_gist
therinsdesign.myshopify.com,active_ecommerce,shopify,True,,3,True,github_gist
theroadlestravels.myshopify.com,active_ecommerce,shopify,True,,3,True,github_gist
therock.myshopify.com,active_ecommerce,shopify,True,,3,True,github_gist
theroyalteez.myshopify.com,active_ecommerce,shopify,True,,3,True,github_gist
therubyblues.myshopify.com,active_ecommerce,shopify,True,,3,True,github_gist
thesauros-hamburg.myshopify.com,active_ecommerce,shopify,True,,3,True,github_gist
theshagbag.myshopify.com,active_ecommerce,shopify,True,,3,True,github_gist
theshop.myshopify.com,active_ecommerce,shopify,True,,3,True,github_gist
theshopspot.myshopify.com,active_ecommerce,shopify,True,,3,True,github_gist
thesmartshop.myshopify.com,active_ecommerce,shopify,True,,3,True,github_gist
thesociety.myshopify.com,active_ecommerce,shopify,True,,3,True,github_gist
thesoundbureau.myshopify.com,active_ecommerce,shopify,True,,3,True,github_gist
thespooklight.myshopify.com,active_ecommerce,shopify,True,,3,True,github_gist
thespot.myshopify.com,active_ecommerce,shopify,True,,3,True,github_gist
thestage.myshopify.com,active_ecommerce,shopify,True,,3,True,github_gist
thesundry.myshopify.com,active_ecommerce,shopify,True,,3,True,github_gist
thesunny.myshopify.com,active_ecommerce,shopify,True,,3,True,github_gist
theteeinc.myshopify.com,active_ecommerce,shopify,True,,3,True,github_gist
theteliosgroup.myshopify.com,active_ecommerce,shopify,True,,3,True,github_gist
thetoyshop.myshopify.com,active_ecommerce,shopify,True,,3,True,github_gist
thetreasurechest.myshopify.com,active_ecommerce,shopify,True,,3,True,github_gist
thetreasurechestgiftbaskets.myshopify.com,active_ecommerce,shopify,True,,3,True,github_gist
thetruthmarketing.myshopify.com,active_ecommerce,shopify,True,,3,True,github_gist
theupheaval.myshopify.com,active_ecommerce,shopify,True,,3,True,github_gist
thevideoconverter.myshopify.com,active_ecommerce,shopify,True,,3,True,github_gist
thevillager.myshopify.com,active_ecommerce,shopify,True,,3,True,github_gist
thevillageshop.myshopify.com,active_ecommerce,shopify,True,,3,True,github_gist
thevinylstop.myshopify.com,active_ecommerce,shopify,True,,3,True,github_gist
thewatchmakerproject.myshopify.com,active_ecommerce,shopify,True,,3,True,github_gist
thewaterstore.myshopify.com,active_ecommerce,shopify,True,,3,True,github_gist
thewavecaraudio.myshopify.com,active_ecommerce,shopify,True,,3,True,github_gist
theweb.myshopify.com,active_ecommerce,shopify,True,,3,True,github_gist
thewebbureau.myshopify.com,active_ecommerce,shopify,True,,3,True,github_gist
thewind.myshopify.com,active_ecommerce,shopify,True,,3,True,github_gist
theworkisdone.myshopify.com,active_ecommerce,shopify,True,,3,True,github_gist
thewr.myshopify.com,active_ecommerce,shopify,True,,3,True,github_gist
thierry.myshopify.com,active_ecommerce,shopify,True,,3,True,github_gist
thijmen.myshopify.com,active_ecommerce,shopify,True,,3,True,github_gist
things.myshopify.com,active_ecommerce,shopify,True,,3,True,github_gist
thingz.myshopify.com,active_ecommerce,shopify,True,,3,True,github_gist
thinkcq.myshopify.com,active_ecommerce,shopify,True,,3,True,github_gist
thinkcreate.myshopify.com,active_ecommerce,shopify,True,,3,True,github_gist
thinkjoy.myshopify.com,active_ecommerce,shopify,True,,3,True,github_gist
thinkmax.myshopify.com,active_ecommerce,shopify,True,,3,True,github_gist
thinkpad.myshopify.com,active_ecommerce,shopify,True,,3,True,github_gist
thinkstyle.myshopify.com,active_ecommerce,shopify,True,,3,True,github_gist
thinktag.myshopify.com,active_ecommerce,shopify,True,,3,True,github_gist
thinkwares.myshopify.com,active_ecommerce,shopify,True,,3,True,github_gist
thirdchord.myshopify.com,active_ecommerce,shopify,True,,3,True,github_gist
thirdcircle.myshopify.com,active_ecommerce,shopify,True,,3,True,github_gist
thirdday.myshopify.com,active_ecommerce,shopify,True,,3,True,github_gist
thirdwatch.myshopify.com,active_ecommerce,shopify,True,,3,True,github_gist
thirteenpixels.myshopify.com,active_ecommerce,shopify,True,,3,True,github_gist
this-perfect-day.myshopify.com,active_ecommerce,shopify,True,,3,True,github_gist
thisfrenchlife.myshopify.com,active_ecommerce,shopify,True,,3,True,github_gist
thisisatest.myshopify.com,active_ecommerce,shopify,True,,3,True,github_gist
thisisgrey.myshopify.com,active_ecommerce,shopify,True,,3,True,github_gist
thisismyshop.myshopify.com,active_ecommerce,shopify,True,,3,True,github_gist
thissideup.myshopify.com,active_ecommerce,shopify,True,,3,True,github_gist
thistestshop.myshopify.com,active_ecommerce,shopify,True,,3,True,github_gist
thiswayup.myshopify.com,active_ecommerce,shopify,True,,3,True,github_gist
thomas.myshopify.com,active_ecommerce,shopify,True,,3,True,github_gist
thomasmarshall.myshopify.com,active_ecommerce,shopify,True,,3,True,github_gist
thopre.myshopify.com,active_ecommerce,shopify,True,,3,True,github_gist
thors.myshopify.com,active_ecommerce,shopify,True,,3,True,github_gist
thosmos.myshopify.com,active_ecommerce,shopify,True,,3,True,github_gist
thoughtchamber.myshopify.com,active_ecommerce,shopify,True,,3,True,github_gist
thoughtmusic.myshopify.com,active_ecommerce,shopify,True,,3,True,github_gist
threads.myshopify.com,active_ecommerce,shopify,True,,3,True,github_gist
threefity.myshopify.com,active_ecommerce,shopify,True,,3,True,github_gist
threek.myshopify.com,active_ecommerce,shopify,True,,3,True,github_gist
threequarterstreet.myshopify.com,active_ecommerce,shopify,True,,3,True,github_gist
threestories.myshopify.com,active_ecommerce,shopify,True,,3,True,github_gist
thrintage.myshopify.com,active_ecommerce,shopify,True,,3,True,github_gist
thrum.myshopify.com,active_ecommerce,shopify,True,,3,True,github_gist
thstore.myshopify.com,active_ecommerce,shopify,True,,3,True,github_gist
thumbtackpress.myshopify.com,active_ecommerce,shopify,True,,3,True,github_gist
thunder.myshopify.com,active_ecommerce,shopify,True,,3,True,github_gist
thunderball.myshopify.com,active_ecommerce,shopify,True,,3,True,github_gist
thunderbirdartists.myshopify.com,active_ecommerce,shopify,True,,3,True,github_gist
thymi.myshopify.com,active_ecommerce,shopify,True,,3,True,github_gist
tiagostore.myshopify.com,active_ecommerce,shopify,True,,3,True,github_gist
tiaraebooks.myshopify.com,active_ecommerce,shopify,True,,3,True,github_gist
tibet.myshopify.com,active_ecommerce,shopify,True,,3,True,github_gist
tickelopes.myshopify.com,active_ecommerce,shopify,True,,3,True,github_gist
tickets.myshopify.com,active_ecommerce,shopify,True,,3,True,github_gist
tienda.myshopify.com,active_ecommerce,shopify,True,,3,True,github_gist
tiendamultimillonaria.myshopify.com,active_ecommerce,shopify,True,,3,True,github_gist
tiendamusculo.myshopify.com,active_ecommerce,shopify,True,,3,True,github_gist
tierkarte.myshopify.com,active_ecommerce,shopify,True,,3,True,github_gist
tietuesdays.myshopify.com,active_ecommerce,shopify,True,,3,True,github_gist
tiffinbazzar.myshopify.com,active_ecommerce,shopify,True,,3,True,github_gist
tiger.myshopify.com,active_ecommerce,shopify,True,,3,True,github_gist
tigerapparel.myshopify.com,active_ecommerce,shopify,True,,3,True,github_gist
tigereyebutterfly.myshopify.com,active_ecommerce,shopify,True,,3,True,github_gist
tigertiger.myshopify.com,active_ecommerce,shopify,True,,3,True,github_gist
tiggy.myshopify.com,active_ecommerce,shopify,True,,3,True,github_gist
tighttools.myshopify.com,active_ecommerce,shopify,True,,3,True,github_gist
tigley.myshopify.com,active_ecommerce,shopify,True,,3,True,github_gist
till.myshopify.com,active_ecommerce,shopify,True,,3,True,github_gist
tillmania.myshopify.com,active_ecommerce,shopify,True,,3,True,github_gist
tillymin.myshopify.com,active_ecommerce,shopify,True,,3,True,github_gist
timdorr.myshopify.com,active_ecommerce,shopify,True,,3,True,github_gist
timeattaendaceclock.myshopify.com,active_ecommerce,shopify,True,,3,True,github_gist
timeleadership.myshopify.com,active_ecommerce,shopify,True,,3,True,github_gist
timelesstraditions.myshopify.com,active_ecommerce,shopify,True,,3,True,github_gist
timepeaces.myshopify.com,active_ecommerce,shopify,True,,3,True,github_gist
timepiecesnjewelry.myshopify.com,active_ecommerce,shopify,True,,3,True,github_gist
timesharemall.myshopify.com,active_ecommerce,shopify,True,,3,True,github_gist
timeshares.myshopify.com,active_ecommerce,shopify,True,,3,True,github_gist
timeworks.myshopify.com,active_ecommerce,shopify,True,,3,True,github_gist
timgrahl.myshopify.com,active_ecommerce,shopify,True,,3,True,github_gist
timmather.myshopify.com,active_ecommerce,shopify,True,,3,True,github_gist
timramler.myshopify.com,active_ecommerce,shopify,True,,3,True,github_gist
tims.myshopify.com,active_ecommerce,shopify,True,,3,True,github_gist
timstermatic.myshopify.com,active_ecommerce,shopify,True,,3,True,github_gist
timsweb.myshopify.com,active_ecommerce,shopify,True,,3,True,github_gist
timurv.myshopify.com,active_ecommerce,shopify,True,,3,True,github_gist
tinaleho.myshopify.com,active_ecommerce,shopify,True,,3,True,github_gist
tinamaureen.myshopify.com,active_ecommerce,shopify,True,,3,True,github_gist
tiner.myshopify.com,active_ecommerce,shopify,True,,3,True,github_gist
tinkerscart.myshopify.com,active_ecommerce,shopify,True,,3,True,github_gist
tinyearth.myshopify.com,active_ecommerce,shopify,True,,3,True,github_gist
tinyshoes.myshopify.com,active_ecommerce,shopify,True,,3,True,github_gist
tinytotshop.myshopify.com,active_ecommerce,shopify,True,,3,True,github_gist
tiptrail.myshopify.com,active_ecommerce,shopify,True,,3,True,github_gist
tissage.myshopify.com,active_ecommerce,shopify,True,,3,True,github_gist
titan.myshopify.com,active_ecommerce,shopify,True,,3,True,github_gist
titel.myshopify.com,active_ecommerce,shopify,True,,3,True,github_gist
titi-tata.myshopify.com,active_ecommerce,shopify,True,,3,True,github_gist
titi-toto.myshopify.com,active_ecommerce,shopify,True,,3,True,github_gist
tivodownunder.myshopify.com,active_ecommerce,shopify,True,,3,True,github_gist
tixs.myshopify.com,active_ecommerce,shopify,True,,3,True,github_gist
tjshop.myshopify.com,active_ecommerce,shopify,True,,3,True,github_gist
tkbb.myshopify.com,active_ecommerce,shopify,True,,3,True,github_gist
tkeppeltje.myshopify.com,active_ecommerce,shopify,True,,3,True,github_gist
tkoj.myshopify.com,active_ecommerce,shopify,True,,3,True,github_gist
tkrl.myshopify.com,active_ecommerce,shopify,True,,3,True,github_gist
tlafleur.myshopify.com,active_ecommerce,shopify,True,,3,True,github_gist
tlee2527.myshopify.com,active_ecommerce,shopify,True,,3,True,github_gist
tlgb.myshopify.com,active_ecommerce,shopify,True,,3,True,github_gist
tmdelectronics.myshopify.com,active_ecommerce,shopify,True,,3,True,github_gist
tmfa.myshopify.com,active_ecommerce,shopify,True,,3,True,github_gist
tmncyc.myshopify.com,active_ecommerce,shopify,True,,3,True,github_gist
tmp001.myshopify.com,active_ecommerce,shopify,True,,3,True,github_gist
tobbes.myshopify.com,active_ecommerce,shopify,True,,3,True,github_gist
tobias.myshopify.com,active_ecommerce,shopify,True,,3,True,github_gist
tobogan5.myshopify.com,active_ecommerce,shopify,True,,3,True,github_gist
tocouk.myshopify.com,active_ecommerce,shopify,True,,3,True,github_gist
toddbashor.myshopify.com,active_ecommerce,shopify,True,,3,True,github_gist
toddj.myshopify.com,active_ecommerce,shopify,True,,3,True,github_gist
toddyb.myshopify.com,active_ecommerce,shopify,True,,3,True,github_gist
toetoe.myshopify.com,active_ecommerce,shopify,True,,3,True,github_gist
tokio.myshopify.com,active_ecommerce,shopify,True,,3,True,github_gist
tokrect.myshopify.com,active_ecommerce,shopify,True,,3,True,github_gist
tokyomonotrend.myshopify.com,active_ecommerce,shopify,True,,3,True,github_gist
tokyotonite.myshopify.com,active_ecommerce,shopify,True,,3,True,github_gist
tokyotoys.myshopify.com,active_ecommerce,shopify,True,,3,True,github_gist
tomarmitage.myshopify.com,active_ecommerce,shopify,True,,3,True,github_gist
tomato.myshopify.com,active_ecommerce,shopify,True,,3,True,github_gist
tomatotoys.myshopify.com,active_ecommerce,shopify,True,,3,True,github_gist
tomcat.myshopify.com,active_ecommerce,shopify,True,,3,True,github_gist
tommmyshop.myshopify.com,active_ecommerce,shopify,True,,3,True,github_gist
tommy.myshopify.com,active_ecommerce,shopify,True,,3,True,github_gist
tommybreen.myshopify.com,active_ecommerce,shopify,True,,3,True,github_gist
tomoaki.myshopify.com,active_ecommerce,shopify,True,,3,True,github_gist
tomoko.myshopify.com,active_ecommerce,shopify,True,,3,True,github_gist
tomshop.myshopify.com,active_ecommerce,shopify,True,,3,True,github_gist
tomtom.myshopify.com,active_ecommerce,shopify,True,,3,True,github_gist
tonda.myshopify.com,active_ecommerce,shopify,True,,3,True,github_gist
tones.myshopify.com,active_ecommerce,shopify,True,,3,True,github_gist
tongluobing.myshopify.com,active_ecommerce,shopify,True,,3,True,github_gist
toni.myshopify.com,active_ecommerce,shopify,True,,3,True,github_gist
tony.myshopify.com,active_ecommerce,shopify,True,,3,True,github_gist
tonycool.myshopify.com,active_ecommerce,shopify,True,,3,True,github_gist
tonys.myshopify.com,active_ecommerce,shopify,True,,3,True,github_gist
tonystoenails.myshopify.com,active_ecommerce,shopify,True,,3,True,github_gist
toocanmusic.myshopify.com,active_ecommerce,shopify,True,,3,True,github_gist
tookanmusic.myshopify.com,active_ecommerce,shopify,True,,3,True,github_gist
toomuch.myshopify.com,active_ecommerce,shopify,True,,3,True,github_gist
toomuchgravy.myshopify.com,active_ecommerce,shopify,True,,3,True,github_gist
toosmart.myshopify.com,active_ecommerce,shopify,True,,3,True,github_gist
toosmat.myshopify.com,active_ecommerce,shopify,True,,3,True,github_gist
toothpicks.myshopify.com,active_ecommerce,shopify,True,,3,True,github_gist
topchina.myshopify.com,active_ecommerce,shopify,True,,3,True,github_gist
topfun.myshopify.com,active_ecommerce,shopify,True,,3,True,github_gist
tops.myshopify.com,active_ecommerce,shopify,True,,3,True,github_gist
topstocks.myshopify.com,active_ecommerce,shopify,True,,3,True,github_gist
torebki.myshopify.com,active_ecommerce,shopify,True,,3,True,github_gist
toro2002.myshopify.com,active_ecommerce,shopify,True,,3,True,github_gist
torstenliebig.myshopify.com,active_ecommerce,shopify,True,,3,True,github_gist
tortasdelcasar.myshopify.com,active_ecommerce,shopify,True,,3,True,github_gist
torturehaus.myshopify.com,active_ecommerce,shopify,True,,3,True,github_gist
torvalt.myshopify.com,active_ecommerce,shopify,True,,3,True,github_gist
totalfatness.myshopify.com,active_ecommerce,shopify,True,,3,True,github_gist
totallyhip.myshopify.com,active_ecommerce,shopify,True,,3,True,github_gist
totalnavy.myshopify.com,active_ecommerce,shopify,True,,3,True,github_gist
totalspare.myshopify.com,active_ecommerce,shopify,True,,3,True,github_gist
totalsystemfailure.myshopify.com,active_ecommerce,shopify,True,,3,True,github_gist
totaltennis.myshopify.com,active_ecommerce,shopify,True,,3,True,github_gist
totedesigns.myshopify.com,active_ecommerce,shopify,True,,3,True,github_gist
toto-test.myshopify.com,active_ecommerce,shopify,True,,3,True,github_gist
toto-toto.myshopify.com,active_ecommerce,shopify,True,,3,True,github_gist
toto.myshopify.com,active_ecommerce,shopify,True,,3,True,github_gist
tototata.myshopify.com,active_ecommerce,shopify,True,,3,True,github_gist
tototiti.myshopify.com,active_ecommerce,shopify,True,,3,True,github_gist
totrust.myshopify.com,active_ecommerce,shopify,True,,3,True,github_gist
tots.myshopify.com,active_ecommerce,shopify,True,,3,True,github_gist
tour.myshopify.com,active_ecommerce,shopify,True,,3,True,github_gist
tourope.myshopify.com,active_ecommerce,shopify,True,,3,True,github_gist
tours.myshopify.com,active_ecommerce,shopify,True,,3,True,github_gist
towerkraut.myshopify.com,active_ecommerce,shopify,True,,3,True,github_gist
townfall.myshopify.com,active_ecommerce,shopify,True,,3,True,github_gist
townx.myshopify.com,active_ecommerce,shopify,True,,3,True,github_gist
toxicmoldlab.myshopify.com,active_ecommerce,shopify,True,,3,True,github_gist
toydrum.myshopify.com,active_ecommerce,shopify,True,,3,True,github_gist
toyflish.myshopify.com,active_ecommerce,shopify,True,,3,True,github_gist
toyo.myshopify.com,active_ecommerce,shopify,True,,3,True,github_gist
toypin.myshopify.com,active_ecommerce,shopify,True,,3,True,github_gist
tozer.myshopify.com,active_ecommerce,shopify,True,,3,True,github_gist
tphs.myshopify.com,active_ecommerce,shopify,True,,3,True,github_gist
trabeshop.myshopify.com,active_ecommerce,shopify,True,,3,True,github_gist
tracbac.myshopify.com,active_ecommerce,shopify,True,,3,True,github_gist
traceyambrosehotography.myshopify.com,active_ecommerce,shopify,True,,3,True,github_gist
trackback.myshopify.com,active_ecommerce,shopify,True,,3,True,github_gist
tracker.myshopify.com,active_ecommerce,shopify,True,,3,True,github_gist
trademark.myshopify.com,active_ecommerce,shopify,True,,3,True,github_gist
traderjoe.myshopify.com,active_ecommerce,shopify,True,,3,True,github_gist
traderjos.myshopify.com,active_ecommerce,shopify,True,,3,True,github_gist
trading.myshopify.com,active_ecommerce,shopify,True,,3,True,github_gist
traditional.myshopify.com,active_ecommerce,shopify,True,,3,True,github_gist
tradizionidelsud.myshopify.com,active_ecommerce,shopify,True,,3,True,github_gist
tradomo.myshopify.com,active_ecommerce,shopify,True,,3,True,github_gist
trafficeducator.myshopify.com,active_ecommerce,shopify,True,,3,True,github_gist
trailbook.myshopify.com,active_ecommerce,shopify,True,,3,True,github_gist
trainerkites.myshopify.com,active_ecommerce,shopify,True,,3,True,github_gist
training.myshopify.com,active_ecommerce,shopify,True,,3,True,github_gist
trainingrails.myshopify.com,active_ecommerce,shopify,True,,3,True,github_gist
tranby.myshopify.com,active_ecommerce,shopify,True,,3,True,github_gist
trance.myshopify.com,active_ecommerce,shopify,True,,3,True,github_gist
tranquildesign.myshopify.com,active_ecommerce,shopify,True,,3,True,github_gist
tranquildesigns.myshopify.com,active_ecommerce,shopify,True,,3,True,github_gist
trans.myshopify.com,active_ecommerce,shopify,True,,3,True,github_gist
trans4u.myshopify.com,active_ecommerce,shopify,True,,3,True,github_gist
transcendent.myshopify.com,active_ecommerce,shopify,True,,3,True,github_gist
transindia.myshopify.com,active_ecommerce,shopify,True,,3,True,github_gist
traveh.myshopify.com,active_ecommerce,shopify,True,,3,True,github_gist
travel.myshopify.com,active_ecommerce,shopify,True,,3,True,github_gist
tray.myshopify.com,active_ecommerce,shopify,True,,3,True,github_gist
trcinfo.myshopify.com,active_ecommerce,shopify,True,,3,True,github_gist
treasurechest.myshopify.com,active_ecommerce,shopify,True,,3,True,github_gist
treasurecloset.myshopify.com,active_ecommerce,shopify,True,,3,True,github_gist
treasuresofthevine.myshopify.com,active_ecommerce,shopify,True,,3,True,github_gist
treborinc.myshopify.com,active_ecommerce,shopify,True,,3,True,github_gist
trecos.myshopify.com,active_ecommerce,shopify,True,,3,True,github_gist
treefort.myshopify.com,active_ecommerce,shopify,True,,3,True,github_gist
treelife.myshopify.com,active_ecommerce,shopify,True,,3,True,github_gist
tremendo.myshopify.com,active_ecommerce,shopify,True,,3,True,github_gist
trenche.myshopify.com,active_ecommerce,shopify,True,,3,True,github_gist
trend.myshopify.com,active_ecommerce,shopify,True,,3,True,github_gist
trendcurve.myshopify.com,active_ecommerce,shopify,True,,3,True,github_gist
trendies.myshopify.com,active_ecommerce,shopify,True,,3,True,github_gist
trendnewseurope.myshopify.com,active_ecommerce,shopify,True,,3,True,github_gist
trendwatching.myshopify.com,active_ecommerce,shopify,True,,3,True,github_gist
trendywater.myshopify.com,active_ecommerce,shopify,True,,3,True,github_gist
treo-shop.myshopify.com,active_ecommerce,shopify,True,,3,True,github_gist
trevize.myshopify.com,active_ecommerce,shopify,True,,3,True,github_gist
trevoca.myshopify.com,active_ecommerce,shopify,True,,3,True,github_gist
trevor.myshopify.com,active_ecommerce,shopify,True,,3,True,github_gist
treypennington.myshopify.com,active_ecommerce,shopify,True,,3,True,github_gist
trgovinca.myshopify.com,active_ecommerce,shopify,True,,3,True,github_gist
trgtest.myshopify.com,active_ecommerce,shopify,True,,3,True,github_gist
triabeauty.myshopify.com,active_ecommerce,shopify,True,,3,True,github_gist
trial.myshopify.com,active_ecommerce,shopify,True,,3,True,github_gist
triciajones.myshopify.com,active_ecommerce,shopify,True,,3,True,github_gist
trickcoin.myshopify.com,active_ecommerce,shopify,True,,3,True,github_gist
trickotree.myshopify.com,active_ecommerce,shopify,True,,3,True,github_gist
trim-cap.myshopify.com,active_ecommerce,shopify,True,,3,True,github_gist
trinature.myshopify.com,active_ecommerce,shopify,True,,3,True,github_gist
trinkets.myshopify.com,active_ecommerce,shopify,True,,3,True,github_gist
triodeco.myshopify.com,active_ecommerce,shopify,True,,3,True,github_gist
triphaze.myshopify.com,active_ecommerce,shopify,True,,3,True,github_gist
triple.myshopify.com,active_ecommerce,shopify,True,,3,True,github_gist
triplefastaction.myshopify.com,active_ecommerce,shopify,True,,3,True,github_gist
triplocerchio.myshopify.com,active_ecommerce,shopify,True,,3,True,github_gist
triposo.myshopify.com,active_ecommerce,shopify,True,,3,True,github_gist
tripososhop.myshopify.com,active_ecommerce,shopify,True,,3,True,github_gist
trippincat.myshopify.com,active_ecommerce,shopify,True,,3,True,github_gist
tristan.myshopify.com,active_ecommerce,shopify,True,,3,True,github_gist
tristarmotors.myshopify.com,active_ecommerce,shopify,True,,3,True,github_gist
triton.myshopify.com,active_ecommerce,shopify,True,,3,True,github_gist
troidus.myshopify.com,active_ecommerce,shopify,True,,3,True,github_gist
trokal.myshopify.com,active_ecommerce,shopify,True,,3,True,github_gist
troopergreen.myshopify.com,active_ecommerce,shopify,True,,3,True,github_gist
trottistop.myshopify.com,active_ecommerce,shopify,True,,3,True,github_gist
troymcilvena.myshopify.com,active_ecommerce,shopify,True,,3,True,github_gist
trubind.myshopify.com,active_ecommerce,shopify,True,,3,True,github_gist
truegraphik.myshopify.com,active_ecommerce,shopify,True,,3,True,github_gist
truehmong.myshopify.com,active_ecommerce,shopify,True,,3,True,github_gist
truepower.myshopify.com,active_ecommerce,shopify,True,,3,True,github_gist
trutaaranha.myshopify.com,active_ecommerce,shopify,True,,3,True,github_gist
try23.myshopify.com,active_ecommerce,shopify,True,,3,True,github_gist
trycatch.myshopify.com,active_ecommerce,shopify,True,,3,True,github_gist
trymangodrin.myshopify.com,active_ecommerce,shopify,True,,3,True,github_gist
trypp.myshopify.com,active_ecommerce,shopify,True,,3,True,github_gist
tset.myshopify.com,active_ecommerce,shopify,True,,3,True,github_gist
tshirt.myshopify.com,active_ecommerce,shopify,True,,3,True,github_gist
tshirtfarm.myshopify.com,active_ecommerce,shopify,True,,3,True,github_gist
tshirtplus.myshopify.com,active_ecommerce,shopify,True,,3,True,github_gist
tshirtshop.myshopify.com,active_ecommerce,shopify,True,,3,True,github_gist
tshop.myshopify.com,active_ecommerce,shopify,True,,3,True,github_gist
tskwebstore.myshopify.com,active_ecommerce,shopify,True,,3,True,github_gist
tsos.myshopify.com,active_ecommerce,shopify,True,,3,True,github_gist
tsunammis.myshopify.com,active_ecommerce,shopify,True,,3,True,github_gist
ttfstuff.myshopify.com,active_ecommerce,shopify,True,,3,True,github_gist
tubespots.myshopify.com,active_ecommerce,shopify,True,,3,True,github_gist
tubetops.myshopify.com,active_ecommerce,shopify,True,,3,True,github_gist
tubosity.myshopify.com,active_ecommerce,shopify,True,,3,True,github_gist
tuckbotanicals.myshopify.com,active_ecommerce,shopify,True,,3,True,github_gist
tuckerstreasures.myshopify.com,active_ecommerce,shopify,True,,3,True,github_gist
tudorstudio.myshopify.com,active_ecommerce,shopify,True,,3,True,github_gist
tuesalb.myshopify.com,active_ecommerce,shopify,True,,3,True,github_gist
tufu.myshopify.com,active_ecommerce,shopify,True,,3,True,github_gist
tuk-tuk.myshopify.com,active_ecommerce,shopify,True,,3,True,github_gist
tulsa.myshopify.com,active_ecommerce,shopify,True,,3,True,github_gist
tumblelog.myshopify.com,active_ecommerce,shopify,True,,3,True,github_gist
tumunu.myshopify.com,active_ecommerce,shopify,True,,3,True,github_gist
tune3.myshopify.com,active_ecommerce,shopify,True,,3,True,github_gist
tunes.myshopify.com,active_ecommerce,shopify,True,,3,True,github_gist
tupperware.myshopify.com,active_ecommerce,shopify,True,,3,True,github_gist
turcomania.myshopify.com,active_ecommerce,shopify,True,,3,True,github_gist
turfsiteph.myshopify.com,active_ecommerce,shopify,True,,3,True,github_gist
turkeyvulturedistro.myshopify.com,active_ecommerce,shopify,True,,3,True,github_gist
turmal.myshopify.com,active_ecommerce,shopify,True,,3,True,github_gist
turningpoint.myshopify.com,active_ecommerce,shopify,True,,3,True,github_gist
turningpointe.myshopify.com,active_ecommerce,shopify,True,,3,True,github_gist
turnip.myshopify.com,active_ecommerce,shopify,True,,3,True,github_gist
turnkey.myshopify.com,active_ecommerce,shopify,True,,3,True,github_gist
turtlegabys-tropical-oasis.myshopify.com,active_ecommerce,shopify,True,,3,True,github_gist
turtlesmonkeys.myshopify.com,active_ecommerce,shopify,True,,3,True,github_gist
tuscanolive.myshopify.com,active_ecommerce,shopify,True,,3,True,github_gist
tusgadgets.myshopify.com,active_ecommerce,shopify,True,,3,True,github_gist
tusitio.myshopify.com,active_ecommerce,shopify,True,,3,True,github_gist
tutuandme.myshopify.com,active_ecommerce,shopify,True,,3,True,github_gist
tvpoejo.myshopify.com,active_ecommerce,shopify,True,,3,True,github_gist
twentysixtwice.myshopify.com,active_ecommerce,shopify,True,,3,True,github_gist
twigag.myshopify.com,active_ecommerce,shopify,True,,3,True,github_gist
twinkelbel.myshopify.com,active_ecommerce,shopify,True,,3,True,github_gist
twinkletrees.myshopify.com,active_ecommerce,shopify,True,,3,True,github_gist
twinmoons.myshopify.com,active_ecommerce,shopify,True,,3,True,github_gist
twit.myshopify.com,active_ecommerce,shopify,True,,3,True,github_gist
twoambers.myshopify.com,active_ecommerce,shopify,True,,3,True,github_gist
twobitoperation.myshopify.com,active_ecommerce,shopify,True,,3,True,github_gist
twofeathers.myshopify.com,active_ecommerce,shopify,True,,3,True,github_gist
twooldsaps.myshopify.com,active_ecommerce,shopify,True,,3,True,github_gist
twopointohyeah.myshopify.com,active_ecommerce,shopify,True,,3,True,github_gist
twosidedcube.myshopify.com,active_ecommerce,shopify,True,,3,True,github_gist
twosigned.myshopify.com,active_ecommerce,shopify,True,,3,True,github_gist
twostates.myshopify.com,active_ecommerce,shopify,True,,3,True,github_gist
twosuperb.myshopify.com,active_ecommerce,shopify,True,,3,True,github_gist
txtppl.myshopify.com,active_ecommerce,shopify,True,,3,True,github_gist
tyamada.myshopify.com,active_ecommerce,shopify,True,,3,True,github_gist
tybross.myshopify.com,active_ecommerce,shopify,True,,3,True,github_gist
tyter.myshopify.com,active_ecommerce,shopify,True,,3,True,github_gist
tyurnikov.myshopify.com,active_ecommerce,shopify,True,,3,True,github_gist
tzamnet.myshopify.com,active_ecommerce,shopify,True,,3,True,github_gist
tzas.myshopify.com,active_ecommerce,shopify,True,,3,True,github_gist
tzhu.myshopify.com,active_ecommerce,shopify,True,,3,True,github_gist
u1193046.myshopify.com,active_ecommerce,shopify,True,,3,True,github_gist
ubcbotanicalgarden.myshopify.com,active_ecommerce,shopify,True,,3,True,github_gist
ubergirl.myshopify.com,active_ecommerce,shopify,True,,3,True,github_gist
ubermarket.myshopify.com,active_ecommerce,shopify,True,,3,True,github_gist
uberzubehor.myshopify.com,active_ecommerce,shopify,True,,3,True,github_gist
uceda.myshopify.com,active_ecommerce,shopify,True,,3,True,github_gist
ucgs.myshopify.com,active_ecommerce,shopify,True,,3,True,github_gist
ucka.myshopify.com,active_ecommerce,shopify,True,,3,True,github_gist
ucollective.myshopify.com,active_ecommerce,shopify,True,,3,True,github_gist
udc-dance.myshopify.com,active_ecommerce,shopify,True,,3,True,github_gist
uhlala.myshopify.com,active_ecommerce,shopify,True,,3,True,github_gist
uken.myshopify.com,active_ecommerce,shopify,True,,3,True,github_gist
ukimo.myshopify.com,active_ecommerce,shopify,True,,3,True,github_gist
ukiyo.myshopify.com,active_ecommerce,shopify,True,,3,True,github_gist
ukooo.myshopify.com,active_ecommerce,shopify,True,,3,True,github_gist
ultimaterivalry.myshopify.com,active_ecommerce,shopify,True,,3,True,github_gist
ultitude.myshopify.com,active_ecommerce,shopify,True,,3,True,github_gist
umac.myshopify.com,active_ecommerce,shopify,True,,3,True,github_gist
umade.myshopify.com,active_ecommerce,shopify,True,,3,True,github_gist
umbrella.myshopify.com,active_ecommerce,shopify,True,,3,True,github_gist
umut.myshopify.com,active_ecommerce,shopify,True,,3,True,github_gist
umutceyiz.myshopify.com,active_ecommerce,shopify,True,,3,True,github_gist
underdog.myshopify.com,active_ecommerce,shopify,True,,3,True,github_gist
underdogs.myshopify.com,active_ecommerce,shopify,True,,3,True,github_gist
underwear2u.myshopify.com,active_ecommerce,shopify,True,,3,True,github_gist
underworld.myshopify.com,active_ecommerce,shopify,True,,3,True,github_gist
undeuxtrois.myshopify.com,active_ecommerce,shopify,True,,3,True,github_gist
uneversell.myshopify.com,active_ecommerce,shopify,True,,3,True,github_gist
uniformdirect.myshopify.com,active_ecommerce,shopify,True,,3,True,github_gist
uniformeagora.myshopify.com,active_ecommerce,shopify,True,,3,True,github_gist
unify.myshopify.com,active_ecommerce,shopify,True,,3,True,github_gist
uninspired.myshopify.com,active_ecommerce,shopify,True,,3,True,github_gist
unique.myshopify.com,active_ecommerce,shopify,True,,3,True,github_gist
unique4less.myshopify.com,active_ecommerce,shopify,True,,3,True,github_gist
uniqueart.myshopify.com,active_ecommerce,shopify,True,,3,True,github_gist
uniquecards.myshopify.com,active_ecommerce,shopify,True,,3,True,github_gist
uniquekitchenlights.myshopify.com,active_ecommerce,shopify,True,,3,True,github_gist
uniquemade.myshopify.com,active_ecommerce,shopify,True,,3,True,github_gist
uniquestudio.myshopify.com,active_ecommerce,shopify,True,,3,True,github_gist
unisas.myshopify.com,active_ecommerce,shopify,True,,3,True,github_gist
unisun.myshopify.com,active_ecommerce,shopify,True,,3,True,github_gist
unit.myshopify.com,active_ecommerce,shopify,True,,3,True,github_gist
unitedkinkdom.myshopify.com,active_ecommerce,shopify,True,,3,True,github_gist
unitedstatesofapes.myshopify.com,active_ecommerce,shopify,True,,3,True,github_gist
unityglassworks.myshopify.com,active_ecommerce,shopify,True,,3,True,github_gist
university.myshopify.com,active_ecommerce,shopify,True,,3,True,github_gist
universoweb.myshopify.com,active_ecommerce,shopify,True,,3,True,github_gist
universum.myshopify.com,active_ecommerce,shopify,True,,3,True,github_gist
unpetitboutdechemin.myshopify.com,active_ecommerce,shopify,True,,3,True,github_gist
unpezvivo.myshopify.com,active_ecommerce,shopify,True,,3,True,github_gist
unsal.myshopify.com,active_ecommerce,shopify,True,,3,True,github_gist
unschtekleintefur.myshopify.com,active_ecommerce,shopify,True,,3,True,github_gist
untiana.myshopify.com,active_ecommerce,shopify,True,,3,True,github_gist
unutranyholas.myshopify.com,active_ecommerce,shopify,True,,3,True,github_gist
unwanted.myshopify.com,active_ecommerce,shopify,True,,3,True,github_gist
unwork.myshopify.com,active_ecommerce,shopify,True,,3,True,github_gist
uomo-vivero.myshopify.com,active_ecommerce,shopify,True,,3,True,github_gist
up-rez.myshopify.com,active_ecommerce,shopify,True,,3,True,github_gist
up-tempo.myshopify.com,active_ecommerce,shopify,True,,3,True,github_gist
up2day.myshopify.com,active_ecommerce,shopify,True,,3,True,github_gist
upack.myshopify.com,active_ecommerce,shopify,True,,3,True,github_gist
upaint.myshopify.com,active_ecommerce,shopify,True,,3,True,github_gist
upbeat.myshopify.com,active_ecommerce,shopify,True,,3,True,github_gist
updatedminds.myshopify.com,active_ecommerce,shopify,True,,3,True,github_gist
updaters.myshopify.com,active_ecommerce,shopify,True,,3,True,github_gist
upinc.myshopify.com,active_ecommerce,shopify,True,,3,True,github_gist
upish.myshopify.com,active_ecommerce,shopify,True,,3,True,github_gist
upject.myshopify.com,active_ecommerce,shopify,True,,3,True,github_gist
upstrat.myshopify.com,active_ecommerce,shopify,True,,3,True,github_gist
upstream.myshopify.com,active_ecommerce,shopify,True,,3,True,github_gist
uptimes.myshopify.com,active_ecommerce,shopify,True,,3,True,github_gist
uqppress.myshopify.com,active_ecommerce,shopify,True,,3,True,github_gist
urbaanjazz.myshopify.com,active_ecommerce,shopify,True,,3,True,github_gist
urbancast.myshopify.com,active_ecommerce,shopify,True,,3,True,github_gist
urbanelephants.myshopify.com,active_ecommerce,shopify,True,,3,True,github_gist
urbanesque.myshopify.com,active_ecommerce,shopify,True,,3,True,github_gist
urbanestyles.myshopify.com,active_ecommerce,shopify,True,,3,True,github_gist
urbaninc.myshopify.com,active_ecommerce,shopify,True,,3,True,github_gist
urbankuest.myshopify.com,active_ecommerce,shopify,True,,3,True,github_gist
urbanroots.myshopify.com,active_ecommerce,shopify,True,,3,True,github_gist
urfavshop.myshopify.com,active_ecommerce,shopify,True,,3,True,github_gist
urpgear.myshopify.com,active_ecommerce,shopify,True,,3,True,github_gist
usbusinesstoday.myshopify.com,active_ecommerce,shopify,True,,3,True,github_gist
usedgoods.myshopify.com,active_ecommerce,shopify,True,,3,True,github_gist
usedpc.myshopify.com,active_ecommerce,shopify,True,,3,True,github_gist
ushop.myshopify.com,active_ecommerce,shopify,True,,3,True,github_gist
usinaweb.myshopify.com,active_ecommerce,shopify,True,,3,True,github_gist
usmts.myshopify.com,active_ecommerce,shopify,True,,3,True,github_gist
ussailing.myshopify.com,active_ecommerce,shopify,True,,3,True,github_gist
uswebpro.myshopify.com,active_ecommerce,shopify,True,,3,True,github_gist
utahstandard.myshopify.com,active_ecommerce,shopify,True,,3,True,github_gist
utestshop.myshopify.com,active_ecommerce,shopify,True,,3,True,github_gist
utfranorden.myshopify.com,active_ecommerce,shopify,True,,3,True,github_gist
utpalinamdar.myshopify.com,active_ecommerce,shopify,True,,3,True,github_gist
utter.myshopify.com,active_ecommerce,shopify,True,,3,True,github_gist
utyiuyiuyi.myshopify.com,active_ecommerce,shopify,True,,3,True,github_gist
uuhunter.myshopify.com,active_ecommerce,shopify,True,,3,True,github_gist
uwasart.myshopify.com,active_ecommerce,shopify,True,,3,True,github_gist
uzagi.myshopify.com,active_ecommerce,shopify,True,,3,True,github_gist
vagtshop.myshopify.com,active_ecommerce,shopify,True,,3,True,github_gist
vagueo.myshopify.com,active_ecommerce,shopify,True,,3,True,github_gist
valentine-perera.myshopify.com,active_ecommerce,shopify,True,,3,True,github_gist
valhalla.myshopify.com,active_ecommerce,shopify,True,,3,True,github_gist
valtronics.myshopify.com,active_ecommerce,shopify,True,,3,True,github_gist
value4money.myshopify.com,active_ecommerce,shopify,True,,3,True,github_gist
valuecentre.myshopify.com,active_ecommerce,shopify,True,,3,True,github_gist
valuesworld.myshopify.com,active_ecommerce,shopify,True,,3,True,github_gist
valulife.myshopify.com,active_ecommerce,shopify,True,,3,True,github_gist
vampirebeachbabes.myshopify.com,active_ecommerce,shopify,True,,3,True,github_gist
vanillawarfare.myshopify.com,active_ecommerce,shopify,True,,3,True,github_gist
vardens.myshopify.com,active_ecommerce,shopify,True,,3,True,github_gist
variantart.myshopify.com,active_ecommerce,shopify,True,,3,True,github_gist
varien.myshopify.com,active_ecommerce,shopify,True,,3,True,github_gist
varietytravel.myshopify.com,active_ecommerce,shopify,True,,3,True,github_gist
varoom.myshopify.com,active_ecommerce,shopify,True,,3,True,github_gist
varshop.myshopify.com,active_ecommerce,shopify,True,,3,True,github_gist
vasanth.myshopify.com,active_ecommerce,shopify,True,,3,True,github_gist
vaso.myshopify.com,active_ecommerce,shopify,True,,3,True,github_gist
vasu.myshopify.com,active_ecommerce,shopify,True,,3,True,github_gist
vasudevram.myshopify.com,active_ecommerce,shopify,True,,3,True,github_gist
vaughan-deals.myshopify.com,active_ecommerce,shopify,True,,3,True,github_gist
vaughn.myshopify.com,active_ecommerce,shopify,True,,3,True,github_gist
vaughnsphotoart.myshopify.com,active_ecommerce,shopify,True,,3,True,github_gist
vault.myshopify.com,active_ecommerce,shopify,True,,3,True,github_gist
vaultin.myshopify.com,active_ecommerce,shopify,True,,3,True,github_gist
vbcart.myshopify.com,active_ecommerce,shopify,True,,3,True,github_gist
vccnyc.myshopify.com,active_ecommerce,shopify,True,,3,True,github_gist
vcdvd4u.myshopify.com,active_ecommerce,shopify,True,,3,True,github_gist
vds-communication.myshopify.com,active_ecommerce,shopify,True,,3,True,github_gist
vebso.myshopify.com,active_ecommerce,shopify,True,,3,True,github_gist
veccie.myshopify.com,active_ecommerce,shopify,True,,3,True,github_gist
vectis.myshopify.com,active_ecommerce,shopify,True,,3,True,github_gist
vector.myshopify.com,active_ecommerce,shopify,True,,3,True,github_gist
vectorcomp.myshopify.com,active_ecommerce,shopify,True,,3,True,github_gist
vectormonkey.myshopify.com,active_ecommerce,shopify,True,,3,True,github_gist
vectorpond.myshopify.com,active_ecommerce,shopify,True,,3,True,github_gist
vectorvixen.myshopify.com,active_ecommerce,shopify,True,,3,True,github_gist
veer.myshopify.com,active_ecommerce,shopify,True,,3,True,github_gist
veganfood.myshopify.com,active_ecommerce,shopify,True,,3,True,github_gist
veganmerch.myshopify.com,active_ecommerce,shopify,True,,3,True,github_gist
vegerooms.myshopify.com,active_ecommerce,shopify,True,,3,True,github_gist
vegetables.myshopify.com,active_ecommerce,shopify,True,,3,True,github_gist
vegetarian.myshopify.com,active_ecommerce,shopify,True,,3,True,github_gist
vehicleyard.myshopify.com,active_ecommerce,shopify,True,,3,True,github_gist
vekdeer.myshopify.com,active_ecommerce,shopify,True,,3,True,github_gist
vektor.myshopify.com,active_ecommerce,shopify,True,,3,True,github_gist
velotest.myshopify.com,active_ecommerce,shopify,True,,3,True,github_gist
velux.myshopify.com,active_ecommerce,shopify,True,,3,True,github_gist
velvet.myshopify.com,active_ecommerce,shopify,True,,3,True,github_gist
velvetbath.myshopify.com,active_ecommerce,shopify,True,,3,True,github_gist
velvetdesperados.myshopify.com,active_ecommerce,shopify,True,,3,True,github_gist
vendiendoporti.myshopify.com,active_ecommerce,shopify,True,,3,True,github_gist
veneziastampa.myshopify.com,active_ecommerce,shopify,True,,3,True,github_gist
venicecoffee.myshopify.com,active_ecommerce,shopify,True,,3,True,github_gist
venkatesh.myshopify.com,active_ecommerce,shopify,True,,3,True,github_gist
vente.myshopify.com,active_ecommerce,shopify,True,,3,True,github_gist
venteren.myshopify.com,active_ecommerce,shopify,True,,3,True,github_gist
ventura.myshopify.com,active_ecommerce,shopify,True,,3,True,github_gist
ventureweb.myshopify.com,active_ecommerce,shopify,True,,3,True,github_gist
venusinfur.myshopify.com,active_ecommerce,shopify,True,,3,True,github_gist
verdedigital.myshopify.com,active_ecommerce,shopify,True,,3,True,github_gist
vermont.myshopify.com,active_ecommerce,shopify,True,,3,True,github_gist
verona.myshopify.com,active_ecommerce,shopify,True,,3,True,github_gist
versalys.myshopify.com,active_ecommerce,shopify,True,,3,True,github_gist
versus.myshopify.com,active_ecommerce,shopify,True,,3,True,github_gist
verticality.myshopify.com,active_ecommerce,shopify,True,,3,True,github_gist
verticalvisionvintage.myshopify.com,active_ecommerce,shopify,True,,3,True,github_gist
vervose.myshopify.com,active_ecommerce,shopify,True,,3,True,github_gist
veryjewelry.myshopify.com,active_ecommerce,shopify,True,,3,True,github_gist
verylights.myshopify.com,active_ecommerce,shopify,True,,3,True,github_gist
veryripe.myshopify.com,active_ecommerce,shopify,True,,3,True,github_gist
veteranlogistics.myshopify.com,active_ecommerce,shopify,True,,3,True,github_gist
vevie.myshopify.com,active_ecommerce,shopify,True,,3,True,github_gist
vexilon.myshopify.com,active_ecommerce,shopify,True,,3,True,github_gist
vhgdesign.myshopify.com,active_ecommerce,shopify,True,,3,True,github_gist
viagra.myshopify.com,active_ecommerce,shopify,True,,3,True,github_gist
viagras.myshopify.com,active_ecommerce,shopify,True,,3,True,github_gist
vibrantplanet.myshopify.com,active_ecommerce,shopify,True,,3,True,github_gist
vicioustore.myshopify.com,active_ecommerce,shopify,True,,3,True,github_gist
viciuascuns.myshopify.com,active_ecommerce,shopify,True,,3,True,github_gist
vickery.myshopify.com,active_ecommerce,shopify,True,,3,True,github_gist
victor.myshopify.com,active_ecommerce,shopify,True,,3,True,github_gist
victors.myshopify.com,active_ecommerce,shopify,True,,3,True,github_gist
victorshop.myshopify.com,active_ecommerce,shopify,True,,3,True,github_gist
victory.myshopify.com,active_ecommerce,shopify,True,,3,True,github_gist
videmo.myshopify.com,active_ecommerce,shopify,True,,3,True,github_gist
video-transfer.myshopify.com,active_ecommerce,shopify,True,,3,True,github_gist
video.myshopify.com,active_ecommerce,shopify,True,,3,True,github_gist
videogames.myshopify.com,active_ecommerce,shopify,True,,3,True,github_gist
videos.myshopify.com,active_ecommerce,shopify,True,,3,True,github_gist
videovalet.myshopify.com,active_ecommerce,shopify,True,,3,True,github_gist
vidua.myshopify.com,active_ecommerce,shopify,True,,3,True,github_gist
vielevitamine.myshopify.com,active_ecommerce,shopify,True,,3,True,github_gist
vierterstock.myshopify.com,active_ecommerce,shopify,True,,3,True,github_gist
vietnamhandmade-art.myshopify.com,active_ecommerce,shopify,True,,3,True,github_gist
viewcentral.myshopify.com,active_ecommerce,shopify,True,,3,True,github_gist
viewtaek.myshopify.com,active_ecommerce,shopify,True,,3,True,github_gist
vikata.myshopify.com,active_ecommerce,shopify,True,,3,True,github_gist
vikingsystems.myshopify.com,active_ecommerce,shopify,True,,3,True,github_gist
vilago.myshopify.com,active_ecommerce,shopify,True,,3,True,github_gist
village.myshopify.com,active_ecommerce,shopify,True,,3,True,github_gist
villageshoppes.myshopify.com,active_ecommerce,shopify,True,,3,True,github_gist
villainclothing.myshopify.com,active_ecommerce,shopify,True,,3,True,github_gist
villiae.myshopify.com,active_ecommerce,shopify,True,,3,True,github_gist
villum.myshopify.com,active_ecommerce,shopify,True,,3,True,github_gist
vimo.myshopify.com,active_ecommerce,shopify,True,,3,True,github_gist
vina.myshopify.com,active_ecommerce,shopify,True,,3,True,github_gist
vincejunestudio.myshopify.com,active_ecommerce,shopify,True,,3,True,github_gist
vinceland.myshopify.com,active_ecommerce,shopify,True,,3,True,github_gist
vincent.myshopify.com,active_ecommerce,shopify,True,,3,True,github_gist
vincentc.myshopify.com,active_ecommerce,shopify,True,,3,True,github_gist
vincentcordel.myshopify.com,active_ecommerce,shopify,True,,3,True,github_gist
vincentx.myshopify.com,active_ecommerce,shopify,True,,3,True,github_gist
vinho.myshopify.com,active_ecommerce,shopify,True,,3,True,github_gist
vinkash.myshopify.com,active_ecommerce,shopify,True,,3,True,github_gist
vinnature.myshopify.com,active_ecommerce,shopify,True,,3,True,github_gist
vinny.myshopify.com,active_ecommerce,shopify,True,,3,True,github_gist
vinopoly.myshopify.com,active_ecommerce,shopify,True,,3,True,github_gist
vinstokken.myshopify.com,active_ecommerce,shopify,True,,3,True,github_gist
vintagepimps.myshopify.com,active_ecommerce,shopify,True,,3,True,github_gist
vintagerunway.myshopify.com,active_ecommerce,shopify,True,,3,True,github_gist
vinyls.myshopify.com,active_ecommerce,shopify,True,,3,True,github_gist
vinylworker.myshopify.com,active_ecommerce,shopify,True,,3,True,github_gist
violetvalley.myshopify.com,active_ecommerce,shopify,True,,3,True,github_gist
vipblast.myshopify.com,active_ecommerce,shopify,True,,3,True,github_gist
vipul.myshopify.com,active_ecommerce,shopify,True,,3,True,github_gist
virgee.myshopify.com,active_ecommerce,shopify,True,,3,True,github_gist
virginiayankee.myshopify.com,active_ecommerce,shopify,True,,3,True,github_gist
virtualcommunications.myshopify.com,active_ecommerce,shopify,True,,3,True,github_gist
virtualkid.myshopify.com,active_ecommerce,shopify,True,,3,True,github_gist
virus.myshopify.com,active_ecommerce,shopify,True,,3,True,github_gist
vish.myshopify.com,active_ecommerce,shopify,True,,3,True,github_gist
vishywashi.myshopify.com,active_ecommerce,shopify,True,,3,True,github_gist
visicswire.myshopify.com,active_ecommerce,shopify,True,,3,True,github_gist
visionica.myshopify.com,active_ecommerce,shopify,True,,3,True,github_gist
visios.myshopify.com,active_ecommerce,shopify,True,,3,True,github_gist
visit.myshopify.com,active_ecommerce,shopify,True,,3,True,github_gist
visona.myshopify.com,active_ecommerce,shopify,True,,3,True,github_gist
visori.myshopify.com,active_ecommerce,shopify,True,,3,True,github_gist
visualchefs.myshopify.com,active_ecommerce,shopify,True,,3,True,github_gist
visualdensity.myshopify.com,active_ecommerce,shopify,True,,3,True,github_gist
visualize.myshopify.com,active_ecommerce,shopify,True,,3,True,github_gist
visuallizard.myshopify.com,active_ecommerce,shopify,True,,3,True,github_gist
visualvandal.myshopify.com,active_ecommerce,shopify,True,,3,True,github_gist
vitalfinds.myshopify.com,active_ecommerce,shopify,True,,3,True,github_gist
vitamin.myshopify.com,active_ecommerce,shopify,True,,3,True,github_gist
vitaminl.myshopify.com,active_ecommerce,shopify,True,,3,True,github_gist
vitamins.myshopify.com,active_ecommerce,shopify,True,,3,True,github_gist
vitaminwarehouse.myshopify.com,active_ecommerce,shopify,True,,3,True,github_gist
vivacells.myshopify.com,active_ecommerce,shopify,True,,3,True,github_gist
vivalarockabilly.myshopify.com,active_ecommerce,shopify,True,,3,True,github_gist
vivalavogue.myshopify.com,active_ecommerce,shopify,True,,3,True,github_gist
vivian.myshopify.com,active_ecommerce,shopify,True,,3,True,github_gist
vjmall.myshopify.com,active_ecommerce,shopify,True,,3,True,github_gist
vkorimilli.myshopify.com,active_ecommerce,shopify,True,,3,True,github_gist
vlad.myshopify.com,active_ecommerce,shopify,True,,3,True,github_gist
vldi.myshopify.com,active_ecommerce,shopify,True,,3,True,github_gist
vlourenco.myshopify.com,active_ecommerce,shopify,True,,3,True,github_gist
vnservice.myshopify.com,active_ecommerce,shopify,True,,3,True,github_gist
vnshop.myshopify.com,active_ecommerce,shopify,True,,3,True,github_gist
vohm.myshopify.com,active_ecommerce,shopify,True,,3,True,github_gist
voidfiles.myshopify.com,active_ecommerce,shopify,True,,3,True,github_gist
voip.myshopify.com,active_ecommerce,shopify,True,,3,True,github_gist
voipstore.myshopify.com,active_ecommerce,shopify,True,,3,True,github_gist
volleum.myshopify.com,active_ecommerce,shopify,True,,3,True,github_gist
voluntarysimplicity.myshopify.com,active_ecommerce,shopify,True,,3,True,github_gist
voodoochic.myshopify.com,active_ecommerce,shopify,True,,3,True,github_gist
voodoorai.myshopify.com,active_ecommerce,shopify,True,,3,True,github_gist
vooyek.myshopify.com,active_ecommerce,shopify,True,,3,True,github_gist
voppa.myshopify.com,active_ecommerce,shopify,True,,3,True,github_gist
vorojak.myshopify.com,active_ecommerce,shopify,True,,3,True,github_gist
vortexportal.myshopify.com,active_ecommerce,shopify,True,,3,True,github_gist
vospel.myshopify.com,active_ecommerce,shopify,True,,3,True,github_gist
vostok.myshopify.com,active_ecommerce,shopify,True,,3,True,github_gist
vovito.myshopify.com,active_ecommerce,shopify,True,,3,True,github_gist
vpia.myshopify.com,active_ecommerce,shopify,True,,3,True,github_gist
vpiainteriors.myshopify.com,active_ecommerce,shopify,True,,3,True,github_gist
vrbooks.myshopify.com,active_ecommerce,shopify,True,,3,True,github_gist
vsddesign.myshopify.com,active_ecommerce,shopify,True,,3,True,github_gist
vtcoins.myshopify.com,active_ecommerce,shopify,True,,3,True,github_gist
vtfashion.myshopify.com,active_ecommerce,shopify,True,,3,True,github_gist
vtlove.myshopify.com,active_ecommerce,shopify,True,,3,True,github_gist
vulio.myshopify.com,active_ecommerce,shopify,True,,3,True,github_gist
vyam.myshopify.com,active_ecommerce,shopify,True,,3,True,github_gist
vygifts.myshopify.com,active_ecommerce,shopify,True,,3,True,github_gist
vyomtech.myshopify.com,active_ecommerce,shopify,True,,3,True,github_gist
waacoo.myshopify.com,active_ecommerce,shopify,True,,3,True,github_gist
wabo.myshopify.com,active_ecommerce,shopify,True,,3,True,github_gist
wacreate.myshopify.com,active_ecommerce,shopify,True,,3,True,github_gist
wadahiro.myshopify.com,active_ecommerce,shopify,True,,3,True,github_gist
wadesneakers.myshopify.com,active_ecommerce,shopify,True,,3,True,github_gist
wagokoro.myshopify.com,active_ecommerce,shopify,True,,3,True,github_gist
wahmamasells.myshopify.com,active_ecommerce,shopify,True,,3,True,github_gist
wahoo.myshopify.com,active_ecommerce,shopify,True,,3,True,github_gist
wakeboard.myshopify.com,active_ecommerce,shopify,True,,3,True,github_gist
walkingtoyou.myshopify.com,active_ecommerce,shopify,True,,3,True,github_gist
walletflash.myshopify.com,active_ecommerce,shopify,True,,3,True,github_gist
walljm.myshopify.com,active_ecommerce,shopify,True,,3,True,github_gist
wallsom.myshopify.com,active_ecommerce,shopify,True,,3,True,github_gist
waltzwatches.myshopify.com,active_ecommerce,shopify,True,,3,True,github_gist
wambivision.myshopify.com,active_ecommerce,shopify,True,,3,True,github_gist
want.myshopify.com,active_ecommerce,shopify,True,,3,True,github_gist
warcraft.myshopify.com,active_ecommerce,shopify,True,,3,True,github_gist
wardlarson.myshopify.com,active_ecommerce,shopify,True,,3,True,github_gist
warenhandel.myshopify.com,active_ecommerce,shopify,True,,3,True,github_gist
warenquelle.myshopify.com,active_ecommerce,shopify,True,,3,True,github_gist
warewear.myshopify.com,active_ecommerce,shopify,True,,3,True,github_gist
warkensoft.myshopify.com,active_ecommerce,shopify,True,,3,True,github_gist
warmpilots.myshopify.com,active_ecommerce,shopify,True,,3,True,github_gist
warning.myshopify.com,active_ecommerce,shopify,True,,3,True,github_gist
warweus.myshopify.com,active_ecommerce,shopify,True,,3,True,github_gist
wasabanero.myshopify.com,active_ecommerce,shopify,True,,3,True,github_gist
wasabi.myshopify.com,active_ecommerce,shopify,True,,3,True,github_gist
wasambu.myshopify.com,active_ecommerce,shopify,True,,3,True,github_gist
wasatchcottage.myshopify.com,active_ecommerce,shopify,True,,3,True,github_gist
waslassist.myshopify.com,active_ecommerce,shopify,True,,3,True,github_gist
watch.myshopify.com,active_ecommerce,shopify,True,,3,True,github_gist
watches.myshopify.com,active_ecommerce,shopify,True,,3,True,github_gist
water.myshopify.com,active_ecommerce,shopify,True,,3,True,github_gist
watercolor.myshopify.com,active_ecommerce,shopify,True,,3,True,github_gist
watermatters.myshopify.com,active_ecommerce,shopify,True,,3,True,github_gist
waterside.myshopify.com,active_ecommerce,shopify,True,,3,True,github_gist
waterutopia.myshopify.com,active_ecommerce,shopify,True,,3,True,github_gist
watsonxu.myshopify.com,active_ecommerce,shopify,True,,3,True,github_gist
wave.myshopify.com,active_ecommerce,shopify,True,,3,True,github_gist
waxy.myshopify.com,active_ecommerce,shopify,True,,3,True,github_gist
wazum.myshopify.com,active_ecommerce,shopify,True,,3,True,github_gist
wbroasting.myshopify.com,active_ecommerce,shopify,True,,3,True,github_gist
wbrunner.myshopify.com,active_ecommerce,shopify,True,,3,True,github_gist
wdgty.myshopify.com,active_ecommerce,shopify,True,,3,True,github_gist
weapons.myshopify.com,active_ecommerce,shopify,True,,3,True,github_gist
wearbaby.myshopify.com,active_ecommerce,shopify,True,,3,True,github_gist
weareios.myshopify.com,active_ecommerce,shopify,True,,3,True,github_gist
wearevintage.myshopify.com,active_ecommerce,shopify,True,,3,True,github_gist
wearjuice.myshopify.com,active_ecommerce,shopify,True,,3,True,github_gist
wearpower.myshopify.com,active_ecommerce,shopify,True,,3,True,github_gist
wearwolf.myshopify.com,active_ecommerce,shopify,True,,3,True,github_gist
weasel.myshopify.com,active_ecommerce,shopify,True,,3,True,github_gist
web-templates.myshopify.com,active_ecommerce,shopify,True,,3,True,github_gist
webability.myshopify.com,active_ecommerce,shopify,True,,3,True,github_gist
webaffinity.myshopify.com,active_ecommerce,shopify,True,,3,True,github_gist
webautomationexpert.myshopify.com,active_ecommerce,shopify,True,,3,True,github_gist
webbnet.myshopify.com,active_ecommerce,shopify,True,,3,True,github_gist
webbooks.myshopify.com,active_ecommerce,shopify,True,,3,True,github_gist
webbsite.myshopify.com,active_ecommerce,shopify,True,,3,True,github_gist
webcams.myshopify.com,active_ecommerce,shopify,True,,3,True,github_gist
webcontinuum.myshopify.com,active_ecommerce,shopify,True,,3,True,github_gist
webdesign.myshopify.com,active_ecommerce,shopify,True,,3,True,github_gist
webdesoporte.myshopify.com,active_ecommerce,shopify,True,,3,True,github_gist
webdev.myshopify.com,active_ecommerce,shopify,True,,3,True,github_gist
webdevelopment.myshopify.com,active_ecommerce,shopify,True,,3,True,github_gist
webdirect.myshopify.com,active_ecommerce,shopify,True,,3,True,github_gist
webdizajn.myshopify.com,active_ecommerce,shopify,True,,3,True,github_gist
webdummy.myshopify.com,active_ecommerce,shopify,True,,3,True,github_gist
weberan.myshopify.com,active_ecommerce,shopify,True,,3,True,github_gist
webexpress.myshopify.com,active_ecommerce,shopify,True,,3,True,github_gist
webflow.myshopify.com,active_ecommerce,shopify,True,,3,True,github_gist
webfoundation.myshopify.com,active_ecommerce,shopify,True,,3,True,github_gist
webfruitbaskets.myshopify.com,active_ecommerce,shopify,True,,3,True,github_gist
webgineers.myshopify.com,active_ecommerce,shopify,True,,3,True,github_gist
webgio.myshopify.com,active_ecommerce,shopify,True,,3,True,github_gist
webhost.myshopify.com,active_ecommerce,shopify,True,,3,True,github_gist
webinabox.myshopify.com,active_ecommerce,shopify,True,,3,True,github_gist
webmach23.myshopify.com,active_ecommerce,shopify,True,,3,True,github_gist
webmanila.myshopify.com,active_ecommerce,shopify,True,,3,True,github_gist
webmysite.myshopify.com,active_ecommerce,shopify,True,,3,True,github_gist
webpa.myshopify.com,active_ecommerce,shopify,True,,3,True,github_gist
webplace.myshopify.com,active_ecommerce,shopify,True,,3,True,github_gist
webpower.myshopify.com,active_ecommerce,shopify,True,,3,True,github_gist
webprodigy.myshopify.com,active_ecommerce,shopify,True,,3,True,github_gist
webproducts.myshopify.com,active_ecommerce,shopify,True,,3,True,github_gist
webprograma.myshopify.com,active_ecommerce,shopify,True,,3,True,github_gist
webservice2005.myshopify.com,active_ecommerce,shopify,True,,3,True,github_gist
webshop.myshopify.com,active_ecommerce,shopify,True,,3,True,github_gist
webshopblog.myshopify.com,active_ecommerce,shopify,True,,3,True,github_gist
websights.myshopify.com,active_ecommerce,shopify,True,,3,True,github_gist
website.myshopify.com,active_ecommerce,shopify,True,,3,True,github_gist
websiteme.myshopify.com,active_ecommerce,shopify,True,,3,True,github_gist
websites.myshopify.com,active_ecommerce,shopify,True,,3,True,github_gist
websitesfre.myshopify.com,active_ecommerce,shopify,True,,3,True,github_gist
webslice.myshopify.com,active_ecommerce,shopify,True,,3,True,github_gist
webstars.myshopify.com,active_ecommerce,shopify,True,,3,True,github_gist
webstore.myshopify.com,active_ecommerce,shopify,True,,3,True,github_gist
webstruments.myshopify.com,active_ecommerce,shopify,True,,3,True,github_gist
webstyle.myshopify.com,active_ecommerce,shopify,True,,3,True,github_gist
webtemplates.myshopify.com,active_ecommerce,shopify,True,,3,True,github_gist
webtemplates2.myshopify.com,active_ecommerce,shopify,True,,3,True,github_gist
webtemps.myshopify.com,active_ecommerce,shopify,True,,3,True,github_gist
webtom.myshopify.com,active_ecommerce,shopify,True,,3,True,github_gist
webword.myshopify.com,active_ecommerce,shopify,True,,3,True,github_gist
webxperts.myshopify.com,active_ecommerce,shopify,True,,3,True,github_gist
wecentral.myshopify.com,active_ecommerce,shopify,True,,3,True,github_gist
wedding.myshopify.com,active_ecommerce,shopify,True,,3,True,github_gist
weddingdresses.myshopify.com,active_ecommerce,shopify,True,,3,True,github_gist
weddingplanner.myshopify.com,active_ecommerce,shopify,True,,3,True,github_gist
wedej.myshopify.com,active_ecommerce,shopify,True,,3,True,github_gist
wednet.myshopify.com,active_ecommerce,shopify,True,,3,True,github_gist
weebitshop.myshopify.com,active_ecommerce,shopify,True,,3,True,github_gist
weeboutique.myshopify.com,active_ecommerce,shopify,True,,3,True,github_gist
weed.myshopify.com,active_ecommerce,shopify,True,,3,True,github_gist
weedseed.myshopify.com,active_ecommerce,shopify,True,,3,True,github_gist
weenapants.myshopify.com,active_ecommerce,shopify,True,,3,True,github_gist
weightless.myshopify.com,active_ecommerce,shopify,True,,3,True,github_gist
weightloss.myshopify.com,active_ecommerce,shopify,True,,3,True,github_gist
weijie.myshopify.com,active_ecommerce,shopify,True,,3,True,github_gist
weiran.myshopify.com,active_ecommerce,shopify,True,,3,True,github_gist
weird.myshopify.com,active_ecommerce,shopify,True,,3,True,github_gist
wekarma.myshopify.com,active_ecommerce,shopify,True,,3,True,github_gist
welburnbutchers.myshopify.com,active_ecommerce,shopify,True,,3,True,github_gist
welchstudio.myshopify.com,active_ecommerce,shopify,True,,3,True,github_gist
welcometo.myshopify.com,active_ecommerce,shopify,True,,3,True,github_gist
well.myshopify.com,active_ecommerce,shopify,True,,3,True,github_gist
wellbundledbaby.myshopify.com,active_ecommerce,shopify,True,,3,True,github_gist
wellfood.myshopify.com,active_ecommerce,shopify,True,,3,True,github_gist
wellness.myshopify.com,active_ecommerce,shopify,True,,3,True,github_gist
wellnesser.myshopify.com,active_ecommerce,shopify,True,,3,True,github_gist
wellnesshealthworks.myshopify.com,active_ecommerce,shopify,True,,3,True,github_gist
welshmusicstore.myshopify.com,active_ecommerce,shopify,True,,3,True,github_gist
wenchworks.myshopify.com,active_ecommerce,shopify,True,,3,True,github_gist
wescotech.myshopify.com,active_ecommerce,shopify,True,,3,True,github_gist
weselleverything.myshopify.com,active_ecommerce,shopify,True,,3,True,github_gist
wesselsnagelstyling.myshopify.com,active_ecommerce,shopify,True,,3,True,github_gist
westbayroasting.myshopify.com,active_ecommerce,shopify,True,,3,True,github_gist
westcoastwagons.myshopify.com,active_ecommerce,shopify,True,,3,True,github_gist
westondeboer.myshopify.com,active_ecommerce,shopify,True,,3,True,github_gist
wexsolutions.myshopify.com,active_ecommerce,shopify,True,,3,True,github_gist
whaoo.myshopify.com,active_ecommerce,shopify,True,,3,True,github_gist
what.myshopify.com,active_ecommerce,shopify,True,,3,True,github_gist
whatever.myshopify.com,active_ecommerce,shopify,True,,3,True,github_gist
whattowear.myshopify.com,active_ecommerce,shopify,True,,3,True,github_gist
wheatfree.myshopify.com,active_ecommerce,shopify,True,,3,True,github_gist
wheels.myshopify.com,active_ecommerce,shopify,True,,3,True,github_gist
where2buy.myshopify.com,active_ecommerce,shopify,True,,3,True,github_gist
whichscript.myshopify.com,active_ecommerce,shopify,True,,3,True,github_gist
whim.myshopify.com,active_ecommerce,shopify,True,,3,True,github_gist
whiskerwear.myshopify.com,active_ecommerce,shopify,True,,3,True,github_gist
white.myshopify.com,active_ecommerce,shopify,True,,3,True,github_gist
whitebutterfly.myshopify.com,active_ecommerce,shopify,True,,3,True,github_gist
whitebutterly.myshopify.com,active_ecommerce,shopify,True,,3,True,github_gist
whitefalls.myshopify.com,active_ecommerce,shopify,True,,3,True,github_gist
whitesox.myshopify.com,active_ecommerce,shopify,True,,3,True,github_gist
whitfieldband.myshopify.com,active_ecommerce,shopify,True,,3,True,github_gist
whjtufo.myshopify.com,active_ecommerce,shopify,True,,3,True,github_gist
whoa.myshopify.com,active_ecommerce,shopify,True,,3,True,github_gist
wholesale.myshopify.com,active_ecommerce,shopify,True,,3,True,github_gist
wholesaleapparel.myshopify.com,active_ecommerce,shopify,True,,3,True,github_gist
wholesalecatalog.myshopify.com,active_ecommerce,shopify,True,,3,True,github_gist
wholesalefurniture.myshopify.com,active_ecommerce,shopify,True,,3,True,github_gist
wholesalers.myshopify.com,active_ecommerce,shopify,True,,3,True,github_gist
wi04.myshopify.com,active_ecommerce,shopify,True,,3,True,github_gist
wibbler.myshopify.com,active_ecommerce,shopify,True,,3,True,github_gist
wibshop.myshopify.com,active_ecommerce,shopify,True,,3,True,github_gist
wicca.myshopify.com,active_ecommerce,shopify,True,,3,True,github_gist
wiccanways.myshopify.com,active_ecommerce,shopify,True,,3,True,github_gist
wickedgreedy.myshopify.com,active_ecommerce,shopify,True,,3,True,github_gist
wickedquiver.myshopify.com,active_ecommerce,shopify,True,,3,True,github_gist
wicket.myshopify.com,active_ecommerce,shopify,True,,3,True,github_gist
wicks.myshopify.com,active_ecommerce,shopify,True,,3,True,github_gist
wideopenspace.myshopify.com,active_ecommerce,shopify,True,,3,True,github_gist
widget.myshopify.com,active_ecommerce,shopify,True,,3,True,github_gist
widgetdk.myshopify.com,active_ecommerce,shopify,True,,3,True,github_gist
widgetsandgadets.myshopify.com,active_ecommerce,shopify,True,,3,True,github_gist
widgetsrus.myshopify.com,active_ecommerce,shopify,True,,3,True,github_gist
widgits.myshopify.com,active_ecommerce,shopify,True,,3,True,github_gist
wienertec.myshopify.com,active_ecommerce,shopify,True,,3,True,github_gist
wiesels.myshopify.com,active_ecommerce,shopify,True,,3,True,github_gist
wifa.myshopify.com,active_ecommerce,shopify,True,,3,True,github_gist
wiffbi.myshopify.com,active_ecommerce,shopify,True,,3,True,github_gist
wifi.myshopify.com,active_ecommerce,shopify,True,,3,True,github_gist
wijersmultmedia.myshopify.com,active_ecommerce,shopify,True,,3,True,github_gist
wiki.myshopify.com,active_ecommerce,shopify,True,,3,True,github_gist
wikis.myshopify.com,active_ecommerce,shopify,True,,3,True,github_gist
wildcow.myshopify.com,active_ecommerce,shopify,True,,3,True,github_gist
wildmoon.myshopify.com,active_ecommerce,shopify,True,,3,True,github_gist
wildsproket.myshopify.com,active_ecommerce,shopify,True,,3,True,github_gist
wildwest.myshopify.com,active_ecommerce,shopify,True,,3,True,github_gist
wilkosfrisbees.myshopify.com,active_ecommerce,shopify,True,,3,True,github_gist
williac.myshopify.com,active_ecommerce,shopify,True,,3,True,github_gist
william.myshopify.com,active_ecommerce,shopify,True,,3,True,github_gist
wind.myshopify.com,active_ecommerce,shopify,True,,3,True,github_gist
windowshop.myshopify.com,active_ecommerce,shopify,True,,3,True,github_gist
windstarfire.myshopify.com,active_ecommerce,shopify,True,,3,True,github_gist
windsurfer.myshopify.com,active_ecommerce,shopify,True,,3,True,github_gist
windsurfing.myshopify.com,active_ecommerce,shopify,True,,3,True,github_gist
windsweptskulls.myshopify.com,active_ecommerce,shopify,True,,3,True,github_gist
wine-of-life.myshopify.com,active_ecommerce,shopify,True,,3,True,github_gist
wine.myshopify.com,active_ecommerce,shopify,True,,3,True,github_gist
wineandoliveoil.myshopify.com,active_ecommerce,shopify,True,,3,True,github_gist
winecamp.myshopify.com,active_ecommerce,shopify,True,,3,True,github_gist
winecellar.myshopify.com,active_ecommerce,shopify,True,,3,True,github_gist
wines.myshopify.com,active_ecommerce,shopify,True,,3,True,github_gist
winicks.myshopify.com,active_ecommerce,shopify,True,,3,True,github_gist
winkeltje.myshopify.com,active_ecommerce,shopify,True,,3,True,github_gist
winsonic.myshopify.com,active_ecommerce,shopify,True,,3,True,github_gist
winston.myshopify.com,active_ecommerce,shopify,True,,3,True,github_gist
wintermute.myshopify.com,active_ecommerce,shopify,True,,3,True,github_gist
winterth.myshopify.com,active_ecommerce,shopify,True,,3,True,github_gist
wira.myshopify.com,active_ecommerce,shopify,True,,3,True,github_gist
wired-host.myshopify.com,active_ecommerce,shopify,True,,3,True,github_gist
wiredwaterloo.myshopify.com,active_ecommerce,shopify,True,,3,True,github_gist
wireless.myshopify.com,active_ecommerce,shopify,True,,3,True,github_gist
wiremind.myshopify.com,active_ecommerce,shopify,True,,3,True,github_gist
wisdom.myshopify.com,active_ecommerce,shopify,True,,3,True,github_gist
wisdomforlife.myshopify.com,active_ecommerce,shopify,True,,3,True,github_gist
wisdomgroup.myshopify.com,active_ecommerce,shopify,True,,3,True,github_gist
wiseleyb.myshopify.com,active_ecommerce,shopify,True,,3,True,github_gist
wish.myshopify.com,active_ecommerce,shopify,True,,3,True,github_gist
wisp.myshopify.com,active_ecommerce,shopify,True,,3,True,github_gist
wispy.myshopify.com,active_ecommerce,shopify,True,,3,True,github_gist
witandwisdom.myshopify.com,active_ecommerce,shopify,True,,3,True,github_gist
witeshadow.myshopify.com,active_ecommerce,shopify,True,,3,True,github_gist
withinreach.myshopify.com,active_ecommerce,shopify,True,,3,True,github_gist
withsnow.myshopify.com,active_ecommerce,shopify,True,,3,True,github_gist
witsmend.myshopify.com,active_ecommerce,shopify,True,,3,True,github_gist
wity.myshopify.com,active_ecommerce,shopify,True,,3,True,github_gist
wizpix.myshopify.com,active_ecommerce,shopify,True,,3,True,github_gist
wmrx.myshopify.com,active_ecommerce,shopify,True,,3,True,github_gist
wmsecrets.myshopify.com,active_ecommerce,shopify,True,,3,True,github_gist
wmtools.myshopify.com,active_ecommerce,shopify,True,,3,True,github_gist
wmwtest.myshopify.com,active_ecommerce,shopify,True,,3,True,github_gist
wobangwo.myshopify.com,active_ecommerce,shopify,True,,3,True,github_gist
wofc.myshopify.com,active_ecommerce,shopify,True,,3,True,github_gist
wolf.myshopify.com,active_ecommerce,shopify,True,,3,True,github_gist
women.myshopify.com,active_ecommerce,shopify,True,,3,True,github_gist
womenandtheirwork.myshopify.com,active_ecommerce,shopify,True,,3,True,github_gist
womencrafts.myshopify.com,active_ecommerce,shopify,True,,3,True,github_gist
wonderfulworld.myshopify.com,active_ecommerce,shopify,True,,3,True,github_gist
wonderwarp.myshopify.com,active_ecommerce,shopify,True,,3,True,github_gist
wongc.myshopify.com,active_ecommerce,shopify,True,,3,True,github_gist
wongle.myshopify.com,active_ecommerce,shopify,True,,3,True,github_gist
woobie.myshopify.com,active_ecommerce,shopify,True,,3,True,github_gist
woobiebath.myshopify.com,active_ecommerce,shopify,True,,3,True,github_gist
wood-switchplates.myshopify.com,active_ecommerce,shopify,True,,3,True,github_gist
wood.myshopify.com,active_ecommerce,shopify,True,,3,True,github_gist
woodcraft.myshopify.com,active_ecommerce,shopify,True,,3,True,github_gist
woodenfoundations.myshopify.com,active_ecommerce,shopify,True,,3,True,github_gist
woodenmodelships.myshopify.com,active_ecommerce,shopify,True,,3,True,github_gist
woodland.myshopify.com,active_ecommerce,shopify,True,,3,True,github_gist
woods.myshopify.com,active_ecommerce,shopify,True,,3,True,github_gist
woodworks.myshopify.com,active_ecommerce,shopify,True,,3,True,github_gist
woof.myshopify.com,active_ecommerce,shopify,True,,3,True,github_gist
woofer.myshopify.com,active_ecommerce,shopify,True,,3,True,github_gist
woofic.myshopify.com,active_ecommerce,shopify,True,,3,True,github_gist
woofyshop.myshopify.com,active_ecommerce,shopify,True,,3,True,github_gist
wooky.myshopify.com,active_ecommerce,shopify,True,,3,True,github_gist
woolensweater.myshopify.com,active_ecommerce,shopify,True,,3,True,github_gist
woolmartusa.myshopify.com,active_ecommerce,shopify,True,,3,True,github_gist
woooo.myshopify.com,active_ecommerce,shopify,True,,3,True,github_gist
woot.myshopify.com,active_ecommerce,shopify,True,,3,True,github_gist
wopshop.myshopify.com,active_ecommerce,shopify,True,,3,True,github_gist
words.myshopify.com,active_ecommerce,shopify,True,,3,True,github_gist
wordsocks.myshopify.com,active_ecommerce,shopify,True,,3,True,github_gist
work2gs.myshopify.com,active_ecommerce,shopify,True,,3,True,github_gist
workdrone.myshopify.com,active_ecommerce,shopify,True,,3,True,github_gist
workinmancreative.myshopify.com,active_ecommerce,shopify,True,,3,True,github_gist
workspace.myshopify.com,active_ecommerce,shopify,True,,3,True,github_gist
world.myshopify.com,active_ecommerce,shopify,True,,3,True,github_gist
worldbamboo.myshopify.com,active_ecommerce,shopify,True,,3,True,github_gist
worldhello.myshopify.com,active_ecommerce,shopify,True,,3,True,github_gist
worldwiderecords.myshopify.com,active_ecommerce,shopify,True,,3,True,github_gist
worship.myshopify.com,active_ecommerce,shopify,True,,3,True,github_gist
worth1000.myshopify.com,active_ecommerce,shopify,True,,3,True,github_gist
wowzor.myshopify.com,active_ecommerce,shopify,True,,3,True,github_gist
wrecom.myshopify.com,active_ecommerce,shopify,True,,3,True,github_gist
wrick.myshopify.com,active_ecommerce,shopify,True,,3,True,github_gist
wtcsrl.myshopify.com,active_ecommerce,shopify,True,,3,True,github_gist
wuqian.myshopify.com,active_ecommerce,shopify,True,,3,True,github_gist
www2.myshopify.com,active_ecommerce,shopify,True,,3,True,github_gist
www35357cn.myshopify.com,active_ecommerce,shopify,True,,3,True,github_gist
wwwhatsnew.myshopify.com,active_ecommerce,shopify,True,,3,True,github_gist
wwwpages.myshopify.com,active_ecommerce,shopify,True,,3,True,github_gist
wwww.myshopify.com,active_ecommerce,shopify,True,,3,True,github_gist
wwwww.myshopify.com,active_ecommerce,shopify,True,,3,True,github_gist
wwwy.myshopify.com,active_ecommerce,shopify,True,,3,True,github_gist
wylesight.myshopify.com,active_ecommerce,shopify,True,,3,True,github_gist
wzph.myshopify.com,active_ecommerce,shopify,True,,3,True,github_gist
xalmedia.myshopify.com,active_ecommerce,shopify,True,,3,True,github_gist
xanatos.myshopify.com,active_ecommerce,shopify,True,,3,True,github_gist
xanderbrown.myshopify.com,active_ecommerce,shopify,True,,3,True,github_gist
xanthis.myshopify.com,active_ecommerce,shopify,True,,3,True,github_gist
xarm.myshopify.com,active_ecommerce,shopify,True,,3,True,github_gist
xarux.myshopify.com,active_ecommerce,shopify,True,,3,True,github_gist
xavarri.myshopify.com,active_ecommerce,shopify,True,,3,True,github_gist
xavier.myshopify.com,active_ecommerce,shopify,True,,3,True,github_gist
xavierlouveau.myshopify.com,active_ecommerce,shopify,True,,3,True,github_gist
xavierlouvo.myshopify.com,active_ecommerce,shopify,True,,3,True,github_gist
xbox.myshopify.com,active_ecommerce,shopify,True,,3,True,github_gist
xbox360.myshopify.com,active_ecommerce,shopify,True,,3,True,github_gist
xboxgames.myshopify.com,active_ecommerce,shopify,True,,3,True,github_gist
xclusivehairdesigns.myshopify.com,active_ecommerce,shopify,True,,3,True,github_gist
xcong.myshopify.com,active_ecommerce,shopify,True,,3,True,github_gist
xemion.myshopify.com,active_ecommerce,shopify,True,,3,True,github_gist
xenia.myshopify.com,active_ecommerce,shopify,True,,3,True,github_gist
xenojuju.myshopify.com,active_ecommerce,shopify,True,,3,True,github_gist
xeon.myshopify.com,active_ecommerce,shopify,True,,3,True,github_gist
xeoxile.myshopify.com,active_ecommerce,shopify,True,,3,True,github_gist
xeriom.myshopify.com,active_ecommerce,shopify,True,,3,True,github_gist
xerxesshop.myshopify.com,active_ecommerce,shopify,True,,3,True,github_gist
xiang.myshopify.com,active_ecommerce,shopify,True,,3,True,github_gist
xiaojun.myshopify.com,active_ecommerce,shopify,True,,3,True,github_gist
xibercom.myshopify.com,active_ecommerce,shopify,True,,3,True,github_gist
ximena.myshopify.com,active_ecommerce,shopify,True,,3,True,github_gist
xinman.myshopify.com,active_ecommerce,shopify,True,,3,True,github_gist
xinyang.myshopify.com,active_ecommerce,shopify,True,,3,True,github_gist
xiria.myshopify.com,active_ecommerce,shopify,True,,3,True,github_gist
xlcrs.myshopify.com,active_ecommerce,shopify,True,,3,True,github_gist
xmanfu.myshopify.com,active_ecommerce,shopify,True,,3,True,github_gist
xmshop.myshopify.com,active_ecommerce,shopify,True,,3,True,github_gist
xn--e-alveri-wkb47be.myshopify.com,active_ecommerce,shopify,True,,3,True,github_gist
xnet.myshopify.com,active_ecommerce,shopify,True,,3,True,github_gist
xonatek.myshopify.com,active_ecommerce,shopify,True,,3,True,github_gist
xpansion.myshopify.com,active_ecommerce,shopify,True,,3,True,github_gist
xpertsports.myshopify.com,active_ecommerce,shopify,True,,3,True,github_gist
xquisite.myshopify.com,active_ecommerce,shopify,True,,3,True,github_gist
xtend.myshopify.com,active_ecommerce,shopify,True,,3,True,github_gist
xthing.myshopify.com,active_ecommerce,shopify,True,,3,True,github_gist
xtramonio.myshopify.com,active_ecommerce,shopify,True,,3,True,github_gist
xtremedesign.myshopify.com,active_ecommerce,shopify,True,,3,True,github_gist
xtremedesigns.myshopify.com,active_ecommerce,shopify,True,,3,True,github_gist
xtremedesignsandsports.myshopify.com,active_ecommerce,shopify,True,,3,True,github_gist
xtremegear.myshopify.com,active_ecommerce,shopify,True,,3,True,github_gist
xtremegrace.myshopify.com,active_ecommerce,shopify,True,,3,True,github_gist
xtremevids.myshopify.com,active_ecommerce,shopify,True,,3,True,github_gist
xtropy.myshopify.com,active_ecommerce,shopify,True,,3,True,github_gist
xuarshop.myshopify.com,active_ecommerce,shopify,True,,3,True,github_gist
xurde.myshopify.com,active_ecommerce,shopify,True,,3,True,github_gist
xweb.myshopify.com,active_ecommerce,shopify,True,,3,True,github_gist
xxnone.myshopify.com,active_ecommerce,shopify,True,,3,True,github_gist
xxxdvds.myshopify.com,active_ecommerce,shopify,True,,3,True,github_gist
xxxx.myshopify.com,active_ecommerce,shopify,True,,3,True,github_gist
xxxxx.myshopify.com,active_ecommerce,shopify,True,,3,True,github_gist
xxxxxxxxxxxxxxxxxxxxxx.myshopify.com,active_ecommerce,shopify,True,,3,True,github_gist
xy-1.myshopify.com,active_ecommerce,shopify,True,,3,True,github_gist
xy666.myshopify.com,active_ecommerce,shopify,True,,3,True,github_gist
xycht666.myshopify.com,active_ecommerce,shopify,True,,3,True,github_gist
xynce.myshopify.com,active_ecommerce,shopify,True,,3,True,github_gist
xzonisy.myshopify.com,active_ecommerce,shopify,True,,3,True,github_gist
y-front.myshopify.com,active_ecommerce,shopify,True,,3,True,github_gist
yabbadabba.myshopify.com,active_ecommerce,shopify,True,,3,True,github_gist
yaboi.myshopify.com,active_ecommerce,shopify,True,,3,True,github_gist
yahapparell.myshopify.com,active_ecommerce,shopify,True,,3,True,github_gist
yakshatjewels.myshopify.com,active_ecommerce,shopify,True,,3,True,github_gist
yam4ha.myshopify.com,active_ecommerce,shopify,True,,3,True,github_gist
yamelon.myshopify.com,active_ecommerce,shopify,True,,3,True,github_gist
yamiyama.myshopify.com,active_ecommerce,shopify,True,,3,True,github_gist
yangwawa.myshopify.com,active_ecommerce,shopify,True,,3,True,github_gist
yanin.myshopify.com,active_ecommerce,shopify,True,,3,True,github_gist
yankee.myshopify.com,active_ecommerce,shopify,True,,3,True,github_gist
yannoooo.myshopify.com,active_ecommerce,shopify,True,,3,True,github_gist
yarck.myshopify.com,active_ecommerce,shopify,True,,3,True,github_gist
yard.myshopify.com,active_ecommerce,shopify,True,,3,True,github_gist
yardsale.myshopify.com,active_ecommerce,shopify,True,,3,True,github_gist
yardsigns.myshopify.com,active_ecommerce,shopify,True,,3,True,github_gist
yarn.myshopify.com,active_ecommerce,shopify,True,,3,True,github_gist
yata.myshopify.com,active_ecommerce,shopify,True,,3,True,github_gist
yawpsoft.myshopify.com,active_ecommerce,shopify,True,,3,True,github_gist
yaya.myshopify.com,active_ecommerce,shopify,True,,3,True,github_gist
yazori.myshopify.com,active_ecommerce,shopify,True,,3,True,github_gist
yeager.myshopify.com,active_ecommerce,shopify,True,,3,True,github_gist
yeah.myshopify.com,active_ecommerce,shopify,True,,3,True,github_gist
yeahdave.myshopify.com,active_ecommerce,shopify,True,,3,True,github_gist
yeahzi.myshopify.com,active_ecommerce,shopify,True,,3,True,github_gist
yeejin.myshopify.com,active_ecommerce,shopify,True,,3,True,github_gist
yeeyee.myshopify.com,active_ecommerce,shopify,True,,3,True,github_gist
yeldar.myshopify.com,active_ecommerce,shopify,True,,3,True,github_gist
yellatruck.myshopify.com,active_ecommerce,shopify,True,,3,True,github_gist
yellowmedia.myshopify.com,active_ecommerce,shopify,True,,3,True,github_gist
yellowpad.myshopify.com,active_ecommerce,shopify,True,,3,True,github_gist
yellowshoe.myshopify.com,active_ecommerce,shopify,True,,3,True,github_gist
yellowster.myshopify.com,active_ecommerce,shopify,True,,3,True,github_gist
yellowtulip.myshopify.com,active_ecommerce,shopify,True,,3,True,github_gist
yellowyoyo.myshopify.com,active_ecommerce,shopify,True,,3,True,github_gist
yellyin.myshopify.com,active_ecommerce,shopify,True,,3,True,github_gist
yengcheong.myshopify.com,active_ecommerce,shopify,True,,3,True,github_gist
yeoldpube.myshopify.com,active_ecommerce,shopify,True,,3,True,github_gist
yesh.myshopify.com,active_ecommerce,shopify,True,,3,True,github_gist
yeshop.myshopify.com,active_ecommerce,shopify,True,,3,True,github_gist
yesteryearsgoodies.myshopify.com,active_ecommerce,shopify,True,,3,True,github_gist
yesup.myshopify.com,active_ecommerce,shopify,True,,3,True,github_gist
yeti.myshopify.com,active_ecommerce,shopify,True,,3,True,github_gist
yield.myshopify.com,active_ecommerce,shopify,True,,3,True,github_gist
yikes.myshopify.com,active_ecommerce,shopify,True,,3,True,github_gist
ying.myshopify.com,active_ecommerce,shopify,True,,3,True,github_gist
yochbros.myshopify.com,active_ecommerce,shopify,True,,3,True,github_gist
yocososo.myshopify.com,active_ecommerce,shopify,True,,3,True,github_gist
yoeru.myshopify.com,active_ecommerce,shopify,True,,3,True,github_gist
yoga.myshopify.com,active_ecommerce,shopify,True,,3,True,github_gist
yogamayai.myshopify.com,active_ecommerce,shopify,True,,3,True,github_gist
yoh-dah.myshopify.com,active_ecommerce,shopify,True,,3,True,github_gist
yomy.myshopify.com,active_ecommerce,shopify,True,,3,True,github_gist
yonasmedia.myshopify.com,active_ecommerce,shopify,True,,3,True,github_gist
yooch.myshopify.com,active_ecommerce,shopify,True,,3,True,github_gist
yopyop.myshopify.com,active_ecommerce,shopify,True,,3,True,github_gist
yort.myshopify.com,active_ecommerce,shopify,True,,3,True,github_gist
youcard.myshopify.com,active_ecommerce,shopify,True,,3,True,github_gist
youngineurope.myshopify.com,active_ecommerce,shopify,True,,3,True,github_gist
youngshop.myshopify.com,active_ecommerce,shopify,True,,3,True,github_gist
youpolitical.myshopify.com,active_ecommerce,shopify,True,,3,True,github_gist
your-shop.myshopify.com,active_ecommerce,shopify,True,,3,True,github_gist
yourmom.myshopify.com,active_ecommerce,shopify,True,,3,True,github_gist
yourstuff.myshopify.com,active_ecommerce,shopify,True,,3,True,github_gist
yourvets.myshopify.com,active_ecommerce,shopify,True,,3,True,github_gist
youtheone.myshopify.com,active_ecommerce,shopify,True,,3,True,github_gist
youwii.myshopify.com,active_ecommerce,shopify,True,,3,True,github_gist
youys.myshopify.com,active_ecommerce,shopify,True,,3,True,github_gist
yphosting.myshopify.com,active_ecommerce,shopify,True,,3,True,github_gist
yshoes.myshopify.com,active_ecommerce,shopify,True,,3,True,github_gist
yucca.myshopify.com,active_ecommerce,shopify,True,,3,True,github_gist
yufak.myshopify.com,active_ecommerce,shopify,True,,3,True,github_gist
yuindustries.myshopify.com,active_ecommerce,shopify,True,,3,True,github_gist
yukongifts.myshopify.com,active_ecommerce,shopify,True,,3,True,github_gist
yumiam.myshopify.com,active_ecommerce,shopify,True,,3,True,github_gist
yustore.myshopify.com,active_ecommerce,shopify,True,,3,True,github_gist
z720.myshopify.com,active_ecommerce,shopify,True,,3,True,github_gist
zabada.myshopify.com,active_ecommerce,shopify,True,,3,True,github_gist
zachary.myshopify.com,active_ecommerce,shopify,True,,3,True,github_gist
zackcoburn.myshopify.com,active_ecommerce,shopify,True,,3,True,github_gist
zackwilson.myshopify.com,active_ecommerce,shopify,True,,3,True,github_gist
zacwasielewski.myshopify.com,active_ecommerce,shopify,True,,3,True,github_gist
zagreb.myshopify.com,active_ecommerce,shopify,True,,3,True,github_gist
zamvoo.myshopify.com,active_ecommerce,shopify,True,,3,True,github_gist
zanaguara.myshopify.com,active_ecommerce,shopify,True,,3,True,github_gist
zanami.myshopify.com,active_ecommerce,shopify,True,,3,True,github_gist
zane.myshopify.com,active_ecommerce,shopify,True,,3,True,github_gist
zaojiaoji.myshopify.com,active_ecommerce,shopify,True,,3,True,github_gist
zapato-shoes.myshopify.com,active_ecommerce,shopify,True,,3,True,github_gist
zaqt.myshopify.com,active_ecommerce,shopify,True,,3,True,github_gist
zarushop.myshopify.com,active_ecommerce,shopify,True,,3,True,github_gist
zaui.myshopify.com,active_ecommerce,shopify,True,,3,True,github_gist
zbroj.myshopify.com,active_ecommerce,shopify,True,,3,True,github_gist
zcartimages.myshopify.com,active_ecommerce,shopify,True,,3,True,github_gist
zcspc.myshopify.com,active_ecommerce,shopify,True,,3,True,github_gist
zdikmen.myshopify.com,active_ecommerce,shopify,True,,3,True,github_gist
zebry.myshopify.com,active_ecommerce,shopify,True,,3,True,github_gist
zeebeedee.myshopify.com,active_ecommerce,shopify,True,,3,True,github_gist
zegarki.myshopify.com,active_ecommerce,shopify,True,,3,True,github_gist
zegenvs.myshopify.com,active_ecommerce,shopify,True,,3,True,github_gist
zekesgallery.myshopify.com,active_ecommerce,shopify,True,,3,True,github_gist
zen99.myshopify.com,active_ecommerce,shopify,True,,3,True,github_gist
zenathletica.myshopify.com,active_ecommerce,shopify,True,,3,True,github_gist
zencoding.myshopify.com,active_ecommerce,shopify,True,,3,True,github_gist
zencowboy.myshopify.com,active_ecommerce,shopify,True,,3,True,github_gist
zenhospice.myshopify.com,active_ecommerce,shopify,True,,3,True,github_gist
zenithwarecords.myshopify.com,active_ecommerce,shopify,True,,3,True,github_gist
zenkliukai.myshopify.com,active_ecommerce,shopify,True,,3,True,github_gist
zenliv.myshopify.com,active_ecommerce,shopify,True,,3,True,github_gist
zenpcs.myshopify.com,active_ecommerce,shopify,True,,3,True,github_gist
zensationsbathbodyandgifts.myshopify.com,active_ecommerce,shopify,True,,3,True,github_gist
zensoft.myshopify.com,active_ecommerce,shopify,True,,3,True,github_gist
zensure.myshopify.com,active_ecommerce,shopify,True,,3,True,github_gist
zepho.myshopify.com,active_ecommerce,shopify,True,,3,True,github_gist
zeprojet.myshopify.com,active_ecommerce,shopify,True,,3,True,github_gist
zero.myshopify.com,active_ecommerce,shopify,True,,3,True,github_gist
zeronone.myshopify.com,active_ecommerce,shopify,True,,3,True,github_gist
zestless.myshopify.com,active_ecommerce,shopify,True,,3,True,github_gist
zestythings.myshopify.com,active_ecommerce,shopify,True,,3,True,github_gist
zeswish.myshopify.com,active_ecommerce,shopify,True,,3,True,github_gist
zetacom.myshopify.com,active_ecommerce,shopify,True,,3,True,github_gist
zeurois.myshopify.com,active_ecommerce,shopify,True,,3,True,github_gist
zgroup.myshopify.com,active_ecommerce,shopify,True,,3,True,github_gist
zhangjiuchun.myshopify.com,active_ecommerce,shopify,True,,3,True,github_gist
zhangxujian.myshopify.com,active_ecommerce,shopify,True,,3,True,github_gist
zhanjs.myshopify.com,active_ecommerce,shopify,True,,3,True,github_gist
zhesto.myshopify.com,active_ecommerce,shopify,True,,3,True,github_gist
zhopa.myshopify.com,active_ecommerce,shopify,True,,3,True,github_gist
zhoudynasty.myshopify.com,active_ecommerce,shopify,True,,3,True,github_gist
zicco.myshopify.com,active_ecommerce,shopify,True,,3,True,github_gist
ziedesign.myshopify.com,active_ecommerce,shopify,True,,3,True,github_gist
zietguest.myshopify.com,active_ecommerce,shopify,True,,3,True,github_gist
ziggy.myshopify.com,active_ecommerce,shopify,True,,3,True,github_gist
zigzagclothing.myshopify.com,active_ecommerce,shopify,True,,3,True,github_gist
zigzagexotics.myshopify.com,active_ecommerce,shopify,True,,3,True,github_gist
zimmertwin.myshopify.com,active_ecommerce,shopify,True,,3,True,github_gist
zimzam.myshopify.com,active_ecommerce,shopify,True,,3,True,github_gist
zinedistro.myshopify.com,active_ecommerce,shopify,True,,3,True,github_gist
zing.myshopify.com,active_ecommerce,shopify,True,,3,True,github_gist
zingo.myshopify.com,active_ecommerce,shopify,True,,3,True,github_gist
zippo.myshopify.com,active_ecommerce,shopify,True,,3,True,github_gist
zipposhop.myshopify.com,active_ecommerce,shopify,True,,3,True,github_gist
zira.myshopify.com,active_ecommerce,shopify,True,,3,True,github_gist
ziworks.myshopify.com,active_ecommerce,shopify,True,,3,True,github_gist
zizidesigns.myshopify.com,active_ecommerce,shopify,True,,3,True,github_gist
zmgshop.myshopify.com,active_ecommerce,shopify,True,,3,True,github_gist
zname.myshopify.com,active_ecommerce,shopify,True,,3,True,github_gist
znsmedicalsupply.myshopify.com,active_ecommerce,shopify,True,,3,True,github_gist
zodrecords.myshopify.com,active_ecommerce,shopify,True,,3,True,github_gist
zoematic.myshopify.com,active_ecommerce,shopify,True,,3,True,github_gist
zoltest.myshopify.com,active_ecommerce,shopify,True,,3,True,github_gist
zomp.myshopify.com,active_ecommerce,shopify,True,,3,True,github_gist
zona.myshopify.com,active_ecommerce,shopify,True,,3,True,github_gist
zoneout.myshopify.com,active_ecommerce,shopify,True,,3,True,github_gist
zonesudoku.myshopify.com,active_ecommerce,shopify,True,,3,True,github_gist
zooco.myshopify.com,active_ecommerce,shopify,True,,3,True,github_gist
zoodotcom.myshopify.com,active_ecommerce,shopify,True,,3,True,github_gist
zookeenee.myshopify.com,active_ecommerce,shopify,True,,3,True,github_gist
zoom.myshopify.com,active_ecommerce,shopify,True,,3,True,github_gist
zoomerang.myshopify.com,active_ecommerce,shopify,True,,3,True,github_gist
zopen.myshopify.com,active_ecommerce,shopify,True,,3,True,github_gist
zorn.myshopify.com,active_ecommerce,shopify,True,,3,True,github_gist
zorro.myshopify.com,active_ecommerce,shopify,True,,3,True,github_gist
zosystems.myshopify.com,active_ecommerce,shopify,True,,3,True,github_gist
zovision.myshopify.com,active_ecommerce,shopify,True,,3,True,github_gist
zshop.myshopify.com,active_ecommerce,shopify,True,,3,True,github_gist
zticket.myshopify.com,active_ecommerce,shopify,True,,3,True,github_gist
zuma.myshopify.com,active_ecommerce,shopify,True,,3,True,github_gist
zumatribe.myshopify.com,active_ecommerce,shopify,True,,3,True,github_gist
zupper.myshopify.com,active_ecommerce,shopify,True,,3,True,github_gist
zuunish.myshopify.com,active_ecommerce,shopify,True,,3,True,github_gist
zveroff.myshopify.com,active_ecommerce,shopify,True,,3,True,github_gist
zykloid.myshopify.com,active_ecommerce,shopify,True,,3,True,github_gist
zytoria.myshopify.com,active_ecommerce,shopify,True,,3,True,github_gist
