domain,status,platform,has_products,product_count,ecom_signals,has_payment,source
10thshop.com,active_ecommerce,shopify,True,,3,True,huggingface
121pharmacy.co.uk,active_ecommerce,shopify,True,,3,True,huggingface
123displays.com,active_ecommerce,shopify,True,,3,True,huggingface
123dough.com,active_ecommerce,shopify,True,,3,True,huggingface
12baskets.com,active_ecommerce,shopify,True,,3,True,huggingface
12thtribe.com,active_ecommerce,shopify,True,,3,True,huggingface
13thblock.com,active_ecommerce,shopify,True,,3,True,huggingface
18thscalearmory.com,active_ecommerce,shopify,True,,3,True,huggingface
1adisplay.com,active_ecommerce,shopify,True,,3,True,huggingface
1homeshop.sg,active_ecommerce,shopify,True,,3,True,huggingface
1more.com,active_ecommerce,shopify,True,,3,True,huggingface
209mare.com,active_ecommerce,shopify,True,,3,True,huggingface
219collectibles.net,active_ecommerce,shopify,True,,3,True,huggingface
21collagen.com,active_ecommerce,shopify,True,,3,True,huggingface
247.golf,active_ecommerce,shopify,True,,3,True,huggingface
24k9.com.au,active_ecommerce,shopify,True,,3,True,huggingface
27milesmalibu.com,active_ecommerce,shopify,True,,3,True,huggingface
2abnormalsides.com,active_ecommerce,shopify,True,,3,True,huggingface
2dprotein.com,active_ecommerce,shopify,True,,3,True,huggingface
2ndstreetusa.com,active_ecommerce,shopify,True,,3,True,huggingface
2phitocontrol.com,active_ecommerce,shopify,True,,3,True,huggingface
2scalefab.com,active_ecommerce,shopify,True,,3,True,huggingface
2simpleagency.com,active_ecommerce,shopify,True,,3,True,huggingface
2udirect.co.uk,active_ecommerce,shopify,True,,3,True,huggingface
2xu.com,active_ecommerce,shopify,True,,3,True,huggingface
308industries.com,active_ecommerce,shopify,True,,3,True,huggingface
311-collectibles.nl,active_ecommerce,shopify,True,,3,True,huggingface
314display.com,active_ecommerce,shopify,True,,3,True,huggingface
33000ft.com,active_ecommerce,shopify,True,,3,True,huggingface
360fitnesssuperstore.com,active_ecommerce,shopify,True,,3,True,huggingface
360spb.com,active_ecommerce,shopify,True,,3,True,huggingface
361europe.com,active_ecommerce,shopify,True,,3,True,huggingface
39mine.com,active_ecommerce,shopify,True,,3,True,huggingface
3eyesclothing.com,active_ecommerce,shopify,True,,3,True,huggingface
3of7projectstore.com,active_ecommerce,shopify,True,,3,True,huggingface
3pawspetproducts.com,active_ecommerce,shopify,True,,3,True,huggingface
3rdbirdcollective.com,active_ecommerce,shopify,True,,3,True,huggingface
3scarscare.com,active_ecommerce,shopify,True,,3,True,huggingface
3treesottawa.com,active_ecommerce,shopify,True,,3,True,huggingface
400co.com.au,active_ecommerce,shopify,True,,3,True,huggingface
401games.ca,active_ecommerce,shopify,True,,3,True,huggingface
416tactical.com,active_ecommerce,shopify,True,,3,True,huggingface
42birds.com,active_ecommerce,shopify,True,,3,True,huggingface
4boats.co.uk,active_ecommerce,shopify,True,,3,True,huggingface
4dbarn.com,active_ecommerce,shopify,True,,3,True,huggingface
4furparents.com,active_ecommerce,shopify,True,,3,True,huggingface
4pawsaust.com.au,active_ecommerce,shopify,True,,3,True,huggingface
4runnerlifestyle.com,active_ecommerce,shopify,True,,3,True,huggingface
4thaveelectronics.com,active_ecommerce,shopify,True,,3,True,huggingface
4uadsmartairsoft.com,active_ecommerce,shopify,True,,3,True,huggingface
550bc.com,active_ecommerce,shopify,True,,3,True,huggingface
5sfloortape.com,active_ecommerce,shopify,True,,3,True,huggingface
60tools.store,active_ecommerce,shopify,True,,3,True,huggingface
66fit.co.uk,active_ecommerce,shopify,True,,3,True,huggingface
70degrees.life,active_ecommerce,shopify,True,,3,True,huggingface
72hours.ca,active_ecommerce,shopify,True,,3,True,huggingface
77paws.com.au,active_ecommerce,shopify,True,,3,True,huggingface
797offroad.com,active_ecommerce,shopify,True,,3,True,huggingface
797performance.com,active_ecommerce,shopify,True,,3,True,huggingface
805pets.com,active_ecommerce,shopify,True,,3,True,huggingface
840farm.com,active_ecommerce,shopify,True,,3,True,huggingface
86vintage.com,active_ecommerce,shopify,True,,3,True,huggingface
88gear.com,active_ecommerce,shopify,True,,3,True,huggingface
8apart.com,active_ecommerce,shopify,True,,3,True,huggingface
8paws.co.nz,active_ecommerce,shopify,True,,3,True,huggingface
90degreebyreflex.com,active_ecommerce,shopify,True,,3,True,huggingface
92foods.com,active_ecommerce,shopify,True,,3,True,huggingface
945industries.com,active_ecommerce,shopify,True,,3,True,huggingface
971souq.ae,active_ecommerce,shopify,True,,3,True,huggingface
99ranch.com,active_ecommerce,shopify,True,,3,True,huggingface
a1compressorwarehouse.com,active_ecommerce,shopify,True,,3,True,huggingface
a1decoy.co.uk,active_ecommerce,shopify,True,,3,True,huggingface
a1swag.com,active_ecommerce,shopify,True,,3,True,huggingface
a2z4kids.co.uk,active_ecommerce,shopify,True,,3,True,huggingface
aab-co.com,active_ecommerce,shopify,True,,3,True,huggingface
aabn.io,active_ecommerce,shopify,True,,3,True,huggingface
aaminisplits.com,active_ecommerce,shopify,True,,3,True,huggingface
aandcbilliardsandbarstools.com,active_ecommerce,shopify,True,,3,True,huggingface
aavia.io,active_ecommerce,shopify,True,,3,True,huggingface
abanahomes.com,active_ecommerce,shopify,True,,3,True,huggingface
abarkabovetreats.com,active_ecommerce,shopify,True,,3,True,huggingface
abbeydaledirect.co.uk,active_ecommerce,shopify,True,,3,True,huggingface
abcexhibits.com,active_ecommerce,shopify,True,,3,True,huggingface
abcfirstaidsupplies.com,active_ecommerce,shopify,True,,3,True,huggingface
abdequipment.com,active_ecommerce,shopify,True,,3,True,huggingface
abeautydeal.com,active_ecommerce,shopify,True,,3,True,huggingface
abeerfragrance.com,active_ecommerce,shopify,True,,3,True,huggingface
ablestuff.com,active_ecommerce,shopify,True,,3,True,huggingface
absolutcashmere.com,active_ecommerce,shopify,True,,3,True,huggingface
absolute-dogs.com,active_ecommerce,shopify,True,,3,True,huggingface
absoluteanimaldesigns.co.uk,active_ecommerce,shopify,True,,3,True,huggingface
absolutehifi.com.au,active_ecommerce,shopify,True,,3,True,huggingface
absolutelyeverything.com.au,active_ecommerce,shopify,True,,3,True,huggingface
absolutepromusic.com,active_ecommerce,shopify,True,,3,True,huggingface
absurddesign.co.uk,active_ecommerce,shopify,True,,3,True,huggingface
abwight.co.uk,active_ecommerce,shopify,True,,3,True,huggingface
acaciasf.com,active_ecommerce,shopify,True,,3,True,huggingface
acadancewear.com,active_ecommerce,shopify,True,,3,True,huggingface
academyrefrigeration.co.uk,active_ecommerce,shopify,True,,3,True,huggingface
acasom.com,active_ecommerce,shopify,True,,3,True,huggingface
acces.in,active_ecommerce,shopify,True,,3,True,huggingface
accessory.pet,active_ecommerce,shopify,True,,3,True,huggingface
accsbest.com,active_ecommerce,shopify,True,,3,True,huggingface
accura.ie,active_ecommerce,shopify,True,,3,True,huggingface
accurafil.com,active_ecommerce,shopify,True,,3,True,huggingface
accurateagdrones.com,active_ecommerce,shopify,True,,3,True,huggingface
acefixings.com,active_ecommerce,shopify,True,,3,True,huggingface
acekool.vip,active_ecommerce,shopify,True,,3,True,huggingface
ackeetreeclothing.com,active_ecommerce,shopify,True,,3,True,huggingface
acleanhomecompany.com,active_ecommerce,shopify,True,,3,True,huggingface
acon24.com,active_ecommerce,shopify,True,,3,True,huggingface
acoombs.co.uk,active_ecommerce,shopify,True,,3,True,huggingface
acousticremedycases.com,active_ecommerce,shopify,True,,3,True,huggingface
acplusfl.com,active_ecommerce,shopify,True,,3,True,huggingface
acrydis.com,active_ecommerce,shopify,True,,3,True,huggingface
actionfigureportal.com,active_ecommerce,shopify,True,,3,True,huggingface
actionfiguresandcomics.com,active_ecommerce,shopify,True,,3,True,huggingface
actiongames.lv,active_ecommerce,shopify,True,,3,True,huggingface
actionshop.no,active_ecommerce,shopify,True,,3,True,huggingface
activegear.co,active_ecommerce,shopify,True,,3,True,huggingface
activerecoveryessentials.com,active_ecommerce,shopify,True,,3,True,huggingface
acunitsforless.com,active_ecommerce,shopify,True,,3,True,huggingface
adadastore.com,active_ecommerce,shopify,True,,3,True,huggingface
adae.store,active_ecommerce,shopify,True,,3,True,huggingface
adam-tools.com,active_ecommerce,shopify,True,,3,True,huggingface
adamheath.com.au,active_ecommerce,shopify,True,,3,True,huggingface
adamspolishes.ae,active_ecommerce,shopify,True,,3,True,huggingface
adapttape.com,active_ecommerce,shopify,True,,3,True,huggingface
addautomotive.com,active_ecommerce,shopify,True,,3,True,huggingface
addax.co.uk,active_ecommerce,shopify,True,,3,True,huggingface
addictedcollectibles.com,active_ecommerce,shopify,True,,3,True,huggingface
addictionnouvellelingerie.com,active_ecommerce,shopify,True,,3,True,huggingface
addictionpet.com,active_ecommerce,shopify,True,,3,True,huggingface
addictionpet.com.au,active_ecommerce,shopify,True,,3,True,huggingface
additionbeauty.com,active_ecommerce,shopify,True,,3,True,huggingface
adelfi.co,active_ecommerce,shopify,True,,3,True,huggingface
adelinasocialgoods.com,active_ecommerce,shopify,True,,3,True,huggingface
aderadesigns.com,active_ecommerce,shopify,True,,3,True,huggingface
adhesiveguru.com,active_ecommerce,shopify,True,,3,True,huggingface
adhestech.com,active_ecommerce,shopify,True,,3,True,huggingface
adhgraphics.us,active_ecommerce,shopify,True,,3,True,huggingface
adirondackfragrance.com,active_ecommerce,shopify,True,,3,True,huggingface
adoredbeast.ca,active_ecommerce,shopify,True,,3,True,huggingface
adorekart.org,active_ecommerce,shopify,True,,3,True,huggingface
adrenalinepaintballairsoft.com,active_ecommerce,shopify,True,,3,True,huggingface
adspet.com.au,active_ecommerce,shopify,True,,3,True,huggingface
advicefromacaterpillar.ca,active_ecommerce,shopify,True,,3,True,huggingface
advikaclothing.com,active_ecommerce,shopify,True,,3,True,huggingface
advproduct.com,active_ecommerce,shopify,True,,3,True,huggingface
advwin.com.au,active_ecommerce,shopify,True,,3,True,huggingface
advwin.us,active_ecommerce,shopify,True,,3,True,huggingface
adwatmisr.com,active_ecommerce,shopify,True,,3,True,huggingface
aeratron.io,active_ecommerce,shopify,True,,3,True,huggingface
aeroair.com.au,active_ecommerce,shopify,True,,3,True,huggingface
aeromats.com,active_ecommerce,shopify,True,,3,True,huggingface
aeron.com,active_ecommerce,shopify,True,,3,True,huggingface
aerosoftstudio.com,active_ecommerce,shopify,True,,3,True,huggingface
aerosoles.com,active_ecommerce,shopify,True,,3,True,huggingface
aerospheremonitoring.com,active_ecommerce,shopify,True,,3,True,huggingface
aeschmidtbilliards.com,active_ecommerce,shopify,True,,3,True,huggingface
aetwa.com.au,active_ecommerce,shopify,True,,3,True,huggingface
afarmchickscloset.com,active_ecommerce,shopify,True,,3,True,huggingface
afcollector.com,active_ecommerce,shopify,True,,3,True,huggingface
affirmats.com,active_ecommerce,shopify,True,,3,True,huggingface
affordableled.com,active_ecommerce,shopify,True,,3,True,huggingface
affordablepetcenterinc.com,active_ecommerce,shopify,True,,3,True,huggingface
afreedomjourney.com,active_ecommerce,shopify,True,,3,True,huggingface
aftershockpc.com,active_ecommerce,shopify,True,,3,True,huggingface
agapenutrition.com,active_ecommerce,shopify,True,,3,True,huggingface
agear.co.za,active_ecommerce,shopify,True,,3,True,huggingface
agesthreeandup.ca,active_ecommerce,shopify,True,,3,True,huggingface
agradi.fr,active_ecommerce,shopify,True,,3,True,huggingface
agradi.nl,active_ecommerce,shopify,True,,3,True,huggingface
agri-route.com,active_ecommerce,shopify,True,,3,True,huggingface
agricameras.com,active_ecommerce,shopify,True,,3,True,huggingface
agricarecorp.com,active_ecommerce,shopify,True,,3,True,huggingface
agricultureunboxedshop.com,active_ecommerce,shopify,True,,3,True,huggingface
agriessentials.co.uk,active_ecommerce,shopify,True,,3,True,huggingface
agrifeeder.com,active_ecommerce,shopify,True,,3,True,huggingface
agriframes.co.uk,active_ecommerce,shopify,True,,3,True,huggingface
agriplexindia.com,active_ecommerce,shopify,True,,3,True,huggingface
agsupplies.com,active_ecommerce,shopify,True,,3,True,huggingface
agtouchscreens.com,active_ecommerce,shopify,True,,3,True,huggingface
aguante.in,active_ecommerce,shopify,True,,3,True,huggingface
agustina.store,active_ecommerce,shopify,True,,3,True,huggingface
ahmediashop.com,active_ecommerce,shopify,True,,3,True,huggingface
ahuriripharmacy.co.nz,active_ecommerce,shopify,True,,3,True,huggingface
aiitle.com,active_ecommerce,shopify,True,,3,True,huggingface
aikchinhin.sg,active_ecommerce,shopify,True,,3,True,huggingface
aikencountyfarmsupply.com,active_ecommerce,shopify,True,,3,True,huggingface
ailassie.com,active_ecommerce,shopify,True,,3,True,huggingface
ailinnatoy.com,active_ecommerce,shopify,True,,3,True,huggingface
aimallestore.com.au,active_ecommerce,shopify,True,,3,True,huggingface
aimhvac.com,active_ecommerce,shopify,True,,3,True,huggingface
aimicatcare.com,active_ecommerce,shopify,True,,3,True,huggingface
aimn.eu,active_ecommerce,shopify,True,,3,True,huggingface
ainasana.com,active_ecommerce,shopify,True,,3,True,huggingface
airandheatdirect.com,active_ecommerce,shopify,True,,3,True,huggingface
airavatindia.com,active_ecommerce,shopify,True,,3,True,huggingface
airbear.com,active_ecommerce,shopify,True,,3,True,huggingface
airbrushwarehouse.co.za,active_ecommerce,shopify,True,,3,True,huggingface
airbrushwarehouse.com.au,active_ecommerce,shopify,True,,3,True,huggingface
aircareappliances.co.uk,active_ecommerce,shopify,True,,3,True,huggingface
aircompressorsupply.com,active_ecommerce,shopify,True,,3,True,huggingface
airconditioningwholesale.com.au,active_ecommerce,shopify,True,,3,True,huggingface
airconflange.co.nz,active_ecommerce,shopify,True,,3,True,huggingface
airdancers.ca,active_ecommerce,shopify,True,,3,True,huggingface
airfilterhub.com,active_ecommerce,shopify,True,,3,True,huggingface
airfiltersflorida.com,active_ecommerce,shopify,True,,3,True,huggingface
airfiltration.ca,active_ecommerce,shopify,True,,3,True,huggingface
airflow-systems.com,active_ecommerce,shopify,True,,3,True,huggingface
airfreshenermarketing.com,active_ecommerce,shopify,True,,3,True,huggingface
airfresheners.shop,active_ecommerce,shopify,True,,3,True,huggingface
airfreshenersaustralia.com.au,active_ecommerce,shopify,True,,3,True,huggingface
airfreshwholesale.com,active_ecommerce,shopify,True,,3,True,huggingface
airhornsoftexas.com,active_ecommerce,shopify,True,,3,True,huggingface
airhot.com,active_ecommerce,shopify,True,,3,True,huggingface
airide.com.au,active_ecommerce,shopify,True,,3,True,huggingface
airinum.com,active_ecommerce,shopify,True,,3,True,huggingface
airjunction.com.au,active_ecommerce,shopify,True,,3,True,huggingface
airjungles.com,active_ecommerce,shopify,True,,3,True,huggingface
airleaseairsoft.com,active_ecommerce,shopify,True,,3,True,huggingface
airliftperformance.co.uk,active_ecommerce,shopify,True,,3,True,huggingface
airocomfort.com,active_ecommerce,shopify,True,,3,True,huggingface
airofit.com,active_ecommerce,shopify,True,,3,True,huggingface
airplus-purifier.com,active_ecommerce,shopify,True,,3,True,huggingface
airpower.co.uk,active_ecommerce,shopify,True,,3,True,huggingface
airpuria.com,active_ecommerce,shopify,True,,3,True,huggingface
airpurifierblog.com,active_ecommerce,shopify,True,,3,True,huggingface
airromi.com,active_ecommerce,shopify,True,,3,True,huggingface
airsenalshop.com,active_ecommerce,shopify,True,,3,True,huggingface
airsoft-america.com,active_ecommerce,shopify,True,,3,True,huggingface
airsoft-dortmund.de,active_ecommerce,shopify,True,,3,True,huggingface
airsoft-nation.com,active_ecommerce,shopify,True,,3,True,huggingface
airsoftarmory.com,active_ecommerce,shopify,True,,3,True,huggingface
airsoftartisan.com,active_ecommerce,shopify,True,,3,True,huggingface
airsoftatlanta.com,active_ecommerce,shopify,True,,3,True,huggingface
airsoftgogo.jp,active_ecommerce,shopify,True,,3,True,huggingface
airsoftnmore.com,active_ecommerce,shopify,True,,3,True,huggingface
airsoftpromo.com,active_ecommerce,shopify,True,,3,True,huggingface
airsoftshopdrenthe.nl,active_ecommerce,shopify,True,,3,True,huggingface
airsofttulsa.com,active_ecommerce,shopify,True,,3,True,huggingface
airsportinggoods.com,active_ecommerce,shopify,True,,3,True,huggingface
airspothealth.com,active_ecommerce,shopify,True,,3,True,huggingface
airsuspension.com,active_ecommerce,shopify,True,,3,True,huggingface
airtac.me,active_ecommerce,shopify,True,,3,True,huggingface
airtechstudios.com,active_ecommerce,shopify,True,,3,True,huggingface
airteksystems.com,active_ecommerce,shopify,True,,3,True,huggingface
airvanaair.com,active_ecommerce,shopify,True,,3,True,huggingface
airyvinyls.com,active_ecommerce,shopify,True,,3,True,huggingface
airzone-na.com,active_ecommerce,shopify,True,,3,True,huggingface
aivviaathletics.com,active_ecommerce,shopify,True,,3,True,huggingface
aiyima.com,active_ecommerce,shopify,True,,3,True,huggingface
aiyos.com,active_ecommerce,shopify,True,,3,True,huggingface
ajabanaturals.com,active_ecommerce,shopify,True,,3,True,huggingface
ajeworld.co.nz,active_ecommerce,shopify,True,,3,True,huggingface
akersfarm.com,active_ecommerce,shopify,True,,3,True,huggingface
akfit.com,active_ecommerce,shopify,True,,3,True,huggingface
akiiko.com,active_ecommerce,shopify,True,,3,True,huggingface
akilashes.com,active_ecommerce,shopify,True,,3,True,huggingface
aktraditions.com,active_ecommerce,shopify,True,,3,True,huggingface
alabamart.com,active_ecommerce,shopify,True,,3,True,huggingface
alandafa.com,active_ecommerce,shopify,True,,3,True,huggingface
alandusa.com,active_ecommerce,shopify,True,,3,True,huggingface
albertaferretti.com,active_ecommerce,shopify,True,,3,True,huggingface
albiesboutique.com,active_ecommerce,shopify,True,,3,True,huggingface
albrightsrawdogfood.com,active_ecommerce,shopify,True,,3,True,huggingface
alchemistcarcare.com,active_ecommerce,shopify,True,,3,True,huggingface
alclean.pk,active_ecommerce,shopify,True,,3,True,huggingface
alcottadventures.com,active_ecommerce,shopify,True,,3,True,huggingface
alebrijes.co,active_ecommerce,shopify,True,,3,True,huggingface
aleezaparis.com,active_ecommerce,shopify,True,,3,True,huggingface
alenasia.com.my,active_ecommerce,shopify,True,,3,True,huggingface
alertelectrical.com,active_ecommerce,shopify,True,,3,True,huggingface
alessandramackenzie.com,active_ecommerce,shopify,True,,3,True,huggingface
alexapetshop.com,active_ecommerce,shopify,True,,3,True,huggingface
alexsbirdkingdom.com,active_ecommerce,shopify,True,,3,True,huggingface
alfaautomotives.com,active_ecommerce,shopify,True,,3,True,huggingface
alfatah.pk,active_ecommerce,shopify,True,,3,True,huggingface
alicattoysandbooks.com,active_ecommerce,shopify,True,,3,True,huggingface
alicedrawstheline.co.uk,active_ecommerce,shopify,True,,3,True,huggingface
aliceswonderland.com,active_ecommerce,shopify,True,,3,True,huggingface
aliciabell.com,active_ecommerce,shopify,True,,3,True,huggingface
aliciamccalla.com,active_ecommerce,shopify,True,,3,True,huggingface
alienpetsg.com,active_ecommerce,shopify,True,,3,True,huggingface
alienspacesaver.com,active_ecommerce,shopify,True,,3,True,huggingface
alikelyyarn.com,active_ecommerce,shopify,True,,3,True,huggingface
alinamae.com,active_ecommerce,shopify,True,,3,True,huggingface
alist100.com,active_ecommerce,shopify,True,,3,True,huggingface
aliswagon.com,active_ecommerce,shopify,True,,3,True,huggingface
alivepharmacy.com.au,active_ecommerce,shopify,True,,3,True,huggingface
alizainabelectronics.com,active_ecommerce,shopify,True,,3,True,huggingface
alizeecastel.com,active_ecommerce,shopify,True,,3,True,huggingface
alkalihockey.com,active_ecommerce,shopify,True,,3,True,huggingface
alkaramstudio.com,active_ecommerce,shopify,True,,3,True,huggingface
all4displays.com,active_ecommerce,shopify,True,,3,True,huggingface
all4one.co,active_ecommerce,shopify,True,,3,True,huggingface
all4petsonline.com,active_ecommerce,shopify,True,,3,True,huggingface
allaboutbirds.com.au,active_ecommerce,shopify,True,,3,True,huggingface
allaquix.com,active_ecommerce,shopify,True,,3,True,huggingface
allautomotiveequipmentsupply.com,active_ecommerce,shopify,True,,3,True,huggingface
allbirds.co.uk,active_ecommerce,shopify,True,,3,True,huggingface
allcompressorparts.com.au,active_ecommerce,shopify,True,,3,True,huggingface
allerair.com,active_ecommerce,shopify,True,,3,True,huggingface
allgds.com,active_ecommerce,shopify,True,,3,True,huggingface
allgoodslb.com,active_ecommerce,shopify,True,,3,True,huggingface
allgoodthings.store,active_ecommerce,shopify,True,,3,True,huggingface
alliancepetsupply.com,active_ecommerce,shopify,True,,3,True,huggingface
allisandro.com,active_ecommerce,shopify,True,,3,True,huggingface
allisonammunition.com,active_ecommerce,shopify,True,,3,True,huggingface
allnaturaldogbeds.com,active_ecommerce,shopify,True,,3,True,huggingface
alloymantools.com,active_ecommerce,shopify,True,,3,True,huggingface
allpetsolutions.co.uk,active_ecommerce,shopify,True,,3,True,huggingface
allpneumatic.net,active_ecommerce,shopify,True,,3,True,huggingface
alltech.com,active_ecommerce,shopify,True,,3,True,huggingface
alltheanime.com,active_ecommerce,shopify,True,,3,True,huggingface
allthesinglekitties.org,active_ecommerce,shopify,True,,3,True,huggingface
allthingsbirds.com,active_ecommerce,shopify,True,,3,True,huggingface
allthingsclean.com,active_ecommerce,shopify,True,,3,True,huggingface
allthingssticky.com,active_ecommerce,shopify,True,,3,True,huggingface
allude-cashmere.com,active_ecommerce,shopify,True,,3,True,huggingface
allurebridals.com,active_ecommerce,shopify,True,,3,True,huggingface
alluvialsoillab.com,active_ecommerce,shopify,True,,3,True,huggingface
allwarehousesupplies.com,active_ecommerce,shopify,True,,3,True,huggingface
allyfashion.com,active_ecommerce,shopify,True,,3,True,huggingface
almenhaz.com,active_ecommerce,shopify,True,,3,True,huggingface
almoststockgarage.com,active_ecommerce,shopify,True,,3,True,huggingface
alnasser.net,active_ecommerce,shopify,True,,3,True,huggingface
aloaudio.com,active_ecommerce,shopify,True,,3,True,huggingface
alohablu.com,active_ecommerce,shopify,True,,3,True,huggingface
alonsa.com,active_ecommerce,shopify,True,,3,True,huggingface
alowaapparel.com,active_ecommerce,shopify,True,,3,True,huggingface
aloyoga.co.id,active_ecommerce,shopify,True,,3,True,huggingface
aloyoga.com.mx,active_ecommerce,shopify,True,,3,True,huggingface
alphagofitness.com.au,active_ecommerce,shopify,True,,3,True,huggingface
alphaomegaair.com.au,active_ecommerce,shopify,True,,3,True,huggingface
alphasonik.com,active_ecommerce,shopify,True,,3,True,huggingface
alpinehardware.com,active_ecommerce,shopify,True,,3,True,huggingface
alsaadfarm33.com,active_ecommerce,shopify,True,,3,True,huggingface
alsarayji.ae,active_ecommerce,shopify,True,,3,True,huggingface
alsipnursery.com,active_ecommerce,shopify,True,,3,True,huggingface
altomodas.com,active_ecommerce,shopify,True,,3,True,huggingface
altomusic.com,active_ecommerce,shopify,True,,3,True,huggingface
aluspec.co.uk,active_ecommerce,shopify,True,,3,True,huggingface
alvarpet.com,active_ecommerce,shopify,True,,3,True,huggingface
alvena.it,active_ecommerce,shopify,True,,3,True,huggingface
always.shop,active_ecommerce,shopify,True,,3,True,huggingface
alwaysreadytacgear.com,active_ecommerce,shopify,True,,3,True,huggingface
alwaystogether.community,active_ecommerce,shopify,True,,3,True,huggingface
alwayswithintention.com,active_ecommerce,shopify,True,,3,True,huggingface
am-zii.com,active_ecommerce,shopify,True,,3,True,huggingface
amadafirstaid.com.au,active_ecommerce,shopify,True,,3,True,huggingface
amandasexoticanimals.com,active_ecommerce,shopify,True,,3,True,huggingface
amanorealfruit.com,active_ecommerce,shopify,True,,3,True,huggingface
amantelingerie.in,active_ecommerce,shopify,True,,3,True,huggingface
amaranthdesigns.ca,active_ecommerce,shopify,True,,3,True,huggingface
amariwear.ch,active_ecommerce,shopify,True,,3,True,huggingface
amaticollection.com,active_ecommerce,shopify,True,,3,True,huggingface
amayajadeandco.com,active_ecommerce,shopify,True,,3,True,huggingface
amazakeco.com,active_ecommerce,shopify,True,,3,True,huggingface
amazingamazon.com.au,active_ecommerce,shopify,True,,3,True,huggingface
amazingcedar.com,active_ecommerce,shopify,True,,3,True,huggingface
amazinggrainshomebrew.com,active_ecommerce,shopify,True,,3,True,huggingface
amazingmodel.top,active_ecommerce,shopify,True,,3,True,huggingface
amazingnutrition.com,active_ecommerce,shopify,True,,3,True,huggingface
amazingtape.com,active_ecommerce,shopify,True,,3,True,huggingface
ambsn.com,active_ecommerce,shopify,True,,3,True,huggingface
amdetails.co.uk,active_ecommerce,shopify,True,,3,True,huggingface
ameliakieras.com,active_ecommerce,shopify,True,,3,True,huggingface
ameliasonmain.com,active_ecommerce,shopify,True,,3,True,huggingface
americanaglobal.com,active_ecommerce,shopify,True,,3,True,huggingface
americanbassusa.com,active_ecommerce,shopify,True,,3,True,huggingface
americanbirdbands.com,active_ecommerce,shopify,True,,3,True,huggingface
americanheritagebilliards.com,active_ecommerce,shopify,True,,3,True,huggingface
americanleatherworks.com,active_ecommerce,shopify,True,,3,True,huggingface
americanoffshorefishing.com,active_ecommerce,shopify,True,,3,True,huggingface
americanpetplace.com,active_ecommerce,shopify,True,,3,True,huggingface
americanrodco.shop,active_ecommerce,shopify,True,,3,True,huggingface
americansale.com,active_ecommerce,shopify,True,,3,True,huggingface
americantailspetsupplies.com,active_ecommerce,shopify,True,,3,True,huggingface
americasbestkoifood.com,active_ecommerce,shopify,True,,3,True,huggingface
americasfloorsource.com,active_ecommerce,shopify,True,,3,True,huggingface
amino.bio,active_ecommerce,shopify,True,,3,True,huggingface
aminpetshop.com,active_ecommerce,shopify,True,,3,True,huggingface
amirisu-kurumi.com,active_ecommerce,shopify,True,,3,True,huggingface
amirisu.com,active_ecommerce,shopify,True,,3,True,huggingface
amishfarmpa.com,active_ecommerce,shopify,True,,3,True,huggingface
amishtoybox.com,active_ecommerce,shopify,True,,3,True,huggingface
ammoplease.com,active_ecommerce,shopify,True,,3,True,huggingface
ammunetix.com,active_ecommerce,shopify,True,,3,True,huggingface
ammunition1.com,active_ecommerce,shopify,True,,3,True,huggingface
amoretu.com,active_ecommerce,shopify,True,,3,True,huggingface
amosandsimpson.ca,active_ecommerce,shopify,True,,3,True,huggingface
amosijoy.com,active_ecommerce,shopify,True,,3,True,huggingface
ampedupmarine.com,active_ecommerce,shopify,True,,3,True,huggingface
ampet.ca,active_ecommerce,shopify,True,,3,True,huggingface
amphore.com.au,active_ecommerce,shopify,True,,3,True,huggingface
amplifier.org,active_ecommerce,shopify,True,,3,True,huggingface
amppartsdirect.com,active_ecommerce,shopify,True,,3,True,huggingface
amrikaleather.com,active_ecommerce,shopify,True,,3,True,huggingface
amuzzi.com,active_ecommerce,shopify,True,,3,True,huggingface
amyheitman.com,active_ecommerce,shopify,True,,3,True,huggingface
amypagedeblasio.com,active_ecommerce,shopify,True,,3,True,huggingface
amyspetsupplies.co.uk,active_ecommerce,shopify,True,,3,True,huggingface
anactofdog.org,active_ecommerce,shopify,True,,3,True,huggingface
anahatadesigns.ca,active_ecommerce,shopify,True,,3,True,huggingface
anandakw.shop,active_ecommerce,shopify,True,,3,True,huggingface
anayna.com,active_ecommerce,shopify,True,,3,True,huggingface
ancestralnourishment.co.za,active_ecommerce,shopify,True,,3,True,huggingface
anchoraudioparts.com,active_ecommerce,shopify,True,,3,True,huggingface
anchoressentials.com,active_ecommerce,shopify,True,,3,True,huggingface
anchormagnets.com,active_ecommerce,shopify,True,,3,True,huggingface
anchorsup.co.uk,active_ecommerce,shopify,True,,3,True,huggingface
anchorwholesalehardware.com,active_ecommerce,shopify,True,,3,True,huggingface
ancientwarrior.co.uk,active_ecommerce,shopify,True,,3,True,huggingface
ancyfermarket.com,active_ecommerce,shopify,True,,3,True,huggingface
and-cat.com,active_ecommerce,shopify,True,,3,True,huggingface
and-daughter.com,active_ecommerce,shopify,True,,3,True,huggingface
andamanhomehealth.com,active_ecommerce,shopify,True,,3,True,huggingface
andar-sg.com,active_ecommerce,shopify,True,,3,True,huggingface
andersen-andersen.com,active_ecommerce,shopify,True,,3,True,huggingface
andinaoutdoors.com,active_ecommerce,shopify,True,,3,True,huggingface
anemedicalsupply.com,active_ecommerce,shopify,True,,3,True,huggingface
anex.pk,active_ecommerce,shopify,True,,3,True,huggingface
angelainstruments.com,active_ecommerce,shopify,True,,3,True,huggingface
angellittle.com,active_ecommerce,shopify,True,,3,True,huggingface
angleport.com,active_ecommerce,shopify,True,,3,True,huggingface
anifam.com,active_ecommerce,shopify,True,,3,True,huggingface
aniforte.co.uk,active_ecommerce,shopify,True,,3,True,huggingface
animac-wear.com,active_ecommerce,shopify,True,,3,True,huggingface
animailadventures.com,active_ecommerce,shopify,True,,3,True,huggingface
animal-defenders-international-shop.com,active_ecommerce,shopify,True,,3,True,huggingface
animalconnectionva.com,active_ecommerce,shopify,True,,3,True,huggingface
animalcrackersdelivers.com,active_ecommerce,shopify,True,,3,True,huggingface
animalcrackerskc.com,active_ecommerce,shopify,True,,3,True,huggingface
animalexplorersclub.com,active_ecommerce,shopify,True,,3,True,huggingface
animalfactoryamps.com,active_ecommerce,shopify,True,,3,True,huggingface
animalhealingarts.net,active_ecommerce,shopify,True,,3,True,huggingface
animalhealthexpress.com,active_ecommerce,shopify,True,,3,True,huggingface
animalhealthtn.com,active_ecommerce,shopify,True,,3,True,huggingface
animalhouseboutique.com,active_ecommerce,shopify,True,,3,True,huggingface
animalhousevenice.com,active_ecommerce,shopify,True,,3,True,huggingface
animalhuman.com,active_ecommerce,shopify,True,,3,True,huggingface
animalinstinctsapparel.com,active_ecommerce,shopify,True,,3,True,huggingface
animallovecentral.com,active_ecommerce,shopify,True,,3,True,huggingface
animalpak.com,active_ecommerce,shopify,True,,3,True,huggingface
animalsincharge.com.au,active_ecommerce,shopify,True,,3,True,huggingface
animalux.ma,active_ecommerce,shopify,True,,3,True,huggingface
animalwiz.com,active_ecommerce,shopify,True,,3,True,huggingface
animartpet.com,active_ecommerce,shopify,True,,3,True,huggingface
animeal.in,active_ecommerce,shopify,True,,3,True,huggingface
animetoys.it,active_ecommerce,shopify,True,,3,True,huggingface
animota.net,active_ecommerce,shopify,True,,3,True,huggingface
anivaccorp.com,active_ecommerce,shopify,True,,3,True,huggingface
anmls.us,active_ecommerce,shopify,True,,3,True,huggingface
anmpharm.com,active_ecommerce,shopify,True,,3,True,huggingface
annakaytes.com,active_ecommerce,shopify,True,,3,True,huggingface
annapookie.com,active_ecommerce,shopify,True,,3,True,huggingface
annasui.co.jp,active_ecommerce,shopify,True,,3,True,huggingface
annawhitham.com,active_ecommerce,shopify,True,,3,True,huggingface
annelisedesigns.com,active_ecommerce,shopify,True,,3,True,huggingface
anniedigs.com,active_ecommerce,shopify,True,,3,True,huggingface
anniepaw.com,active_ecommerce,shopify,True,,3,True,huggingface
another-dimension.com,active_ecommerce,shopify,True,,3,True,huggingface
anotherdaythelabel.com,active_ecommerce,shopify,True,,3,True,huggingface
anthonysfla.com,active_ecommerce,shopify,True,,3,True,huggingface
anticatura.com,active_ecommerce,shopify,True,,3,True,huggingface
antisocialsocialclub.com,active_ecommerce,shopify,True,,3,True,huggingface
antlersandrose.com,active_ecommerce,shopify,True,,3,True,huggingface
anveshan.farm,active_ecommerce,shopify,True,,3,True,huggingface
anyaactive.com,active_ecommerce,shopify,True,,3,True,huggingface
anykindoffilter.com,active_ecommerce,shopify,True,,3,True,huggingface
anytimeammo.com,active_ecommerce,shopify,True,,3,True,huggingface
aocpet.com,active_ecommerce,shopify,True,,3,True,huggingface
aonesupermarkets.com,active_ecommerce,shopify,True,,3,True,huggingface
apayriyasam.com,active_ecommerce,shopify,True,,3,True,huggingface
apc.fr,active_ecommerce,shopify,True,,3,True,huggingface
apeironyoga.com,active_ecommerce,shopify,True,,3,True,huggingface
aperionaudio.com,active_ecommerce,shopify,True,,3,True,huggingface
apetsplanet.com,active_ecommerce,shopify,True,,3,True,huggingface
apexbookcompany.com,active_ecommerce,shopify,True,,3,True,huggingface
aphroditejeans.com,active_ecommerce,shopify,True,,3,True,huggingface
aplusapets.com,active_ecommerce,shopify,True,,3,True,huggingface
apnyapparel.com,active_ecommerce,shopify,True,,3,True,huggingface
apocalypsediesel.com,active_ecommerce,shopify,True,,3,True,huggingface
apollogallery.com,active_ecommerce,shopify,True,,3,True,huggingface
appalachianbaby.com,active_ecommerce,shopify,True,,3,True,huggingface
apparis.eu,active_ecommerce,shopify,True,,3,True,huggingface
appathedancingelephant.com,active_ecommerce,shopify,True,,3,True,huggingface
applestooranges.net,active_ecommerce,shopify,True,,3,True,huggingface
applianceguys.com,active_ecommerce,shopify,True,,3,True,huggingface
approvedbyfritz.com,active_ecommerce,shopify,True,,3,True,huggingface
aprilaire.com,active_ecommerce,shopify,True,,3,True,huggingface
aprvtiotech.com,active_ecommerce,shopify,True,,3,True,huggingface
apss.com,active_ecommerce,shopify,True,,3,True,huggingface
aquanautia.com,active_ecommerce,shopify,True,,3,True,huggingface
aquariumcoop.com,active_ecommerce,shopify,True,,3,True,huggingface
aquaticvision.ae,active_ecommerce,shopify,True,,3,True,huggingface
ar-supply.com,active_ecommerce,shopify,True,,3,True,huggingface
arcanefibreworks.ca,active_ecommerce,shopify,True,,3,True,huggingface
archadiadecors.in,active_ecommerce,shopify,True,,3,True,huggingface
archiesonline.com,active_ecommerce,shopify,True,,3,True,huggingface
archsupplies.com,active_ecommerce,shopify,True,,3,True,huggingface
arcsolinc.com,active_ecommerce,shopify,True,,3,True,huggingface
arcturustactical.com,active_ecommerce,shopify,True,,3,True,huggingface
arcweld.store,active_ecommerce,shopify,True,,3,True,huggingface
ardeesports.com,active_ecommerce,shopify,True,,3,True,huggingface
ardenstoys.com,active_ecommerce,shopify,True,,3,True,huggingface
areaware.com,active_ecommerce,shopify,True,,3,True,huggingface
arena149.co.nz,active_ecommerce,shopify,True,,3,True,huggingface
arenacommerce.com,active_ecommerce,shopify,True,,3,True,huggingface
arestool.com,active_ecommerce,shopify,True,,3,True,huggingface
arianagrande.com,active_ecommerce,shopify,True,,3,True,huggingface
arianne-elmy.com,active_ecommerce,shopify,True,,3,True,huggingface
ariasleepwear.com,active_ecommerce,shopify,True,,3,True,huggingface
arktis.co.uk,active_ecommerce,shopify,True,,3,True,huggingface
arkusdaily.com,active_ecommerce,shopify,True,,3,True,huggingface
arlo.com,active_ecommerce,shopify,True,,3,True,huggingface
arlosadventure.com,active_ecommerce,shopify,True,,3,True,huggingface
armchemstore.com,active_ecommerce,shopify,True,,3,True,huggingface
armorthepooch.ca,active_ecommerce,shopify,True,,3,True,huggingface
armsaholic.com,active_ecommerce,shopify,True,,3,True,huggingface
armscorshop.com,active_ecommerce,shopify,True,,3,True,huggingface
armtheanimals.com,active_ecommerce,shopify,True,,3,True,huggingface
armurerie3frontieres.fr,active_ecommerce,shopify,True,,3,True,huggingface
armyairsoftguns.com,active_ecommerce,shopify,True,,3,True,huggingface
armyforcegear.com,active_ecommerce,shopify,True,,3,True,huggingface
arogyamshop.com,active_ecommerce,shopify,True,,3,True,huggingface
aromacruiser.com,active_ecommerce,shopify,True,,3,True,huggingface
aromakaz.com,active_ecommerce,shopify,True,,3,True,huggingface
aromar.com,active_ecommerce,shopify,True,,3,True,huggingface
aromaticinfusions.com,active_ecommerce,shopify,True,,3,True,huggingface
aromatique.com,active_ecommerce,shopify,True,,3,True,huggingface
aromely.com,active_ecommerce,shopify,True,,3,True,huggingface
aroomy.com,active_ecommerce,shopify,True,,3,True,huggingface
arotags.com,active_ecommerce,shopify,True,,3,True,huggingface
arrislife.com,active_ecommerce,shopify,True,,3,True,huggingface
arrobustsign.com,active_ecommerce,shopify,True,,3,True,huggingface
arrowsafetydevice.com,active_ecommerce,shopify,True,,3,True,huggingface
arrudatoys.com,active_ecommerce,shopify,True,,3,True,huggingface
artaudio.us,active_ecommerce,shopify,True,,3,True,huggingface
artcotools.com,active_ecommerce,shopify,True,,3,True,huggingface
artdisplaysystems.com,active_ecommerce,shopify,True,,3,True,huggingface
artemiscompany.com,active_ecommerce,shopify,True,,3,True,huggingface
artemisoverland.com,active_ecommerce,shopify,True,,3,True,huggingface
arthurapparel.com,active_ecommerce,shopify,True,,3,True,huggingface
artifiturf.com,active_ecommerce,shopify,True,,3,True,huggingface
artizanation.com,active_ecommerce,shopify,True,,3,True,huggingface
artizandiamond.co.nz,active_ecommerce,shopify,True,,3,True,huggingface
artletica.com,active_ecommerce,shopify,True,,3,True,huggingface
artoyz.com,active_ecommerce,shopify,True,,3,True,huggingface
artshedbrisbane.com.au,active_ecommerce,shopify,True,,3,True,huggingface
arttoart.net,active_ecommerce,shopify,True,,3,True,huggingface
asaswood.com,active_ecommerce,shopify,True,,3,True,huggingface
asatechmed.com,active_ecommerce,shopify,True,,3,True,huggingface
ascotsaddlery.com.au,active_ecommerce,shopify,True,,3,True,huggingface
asetos.co.za,active_ecommerce,shopify,True,,3,True,huggingface
ash-koreations.com,active_ecommerce,shopify,True,,3,True,huggingface
ashbournefarms.com,active_ecommerce,shopify,True,,3,True,huggingface
ashmanonline.com,active_ecommerce,shopify,True,,3,True,huggingface
ashoga.com,active_ecommerce,shopify,True,,3,True,huggingface
asiaairsoft.com,active_ecommerce,shopify,True,,3,True,huggingface
asmaandsidra.com,active_ecommerce,shopify,True,,3,True,huggingface
asmlstore.com,active_ecommerce,shopify,True,,3,True,huggingface
asmodee.com,active_ecommerce,shopify,True,,3,True,huggingface
aspectlaser.com,active_ecommerce,shopify,True,,3,True,huggingface
aspennovatools.com,active_ecommerce,shopify,True,,3,True,huggingface
aspenskiandboard.com,active_ecommerce,shopify,True,,3,True,huggingface
aspireautoaccessories.com,active_ecommerce,shopify,True,,3,True,huggingface
astarsupplies.ca,active_ecommerce,shopify,True,,3,True,huggingface
astersonline.com,active_ecommerce,shopify,True,,3,True,huggingface
astrings.co.uk,active_ecommerce,shopify,True,,3,True,huggingface
astroshine.eu,active_ecommerce,shopify,True,,3,True,huggingface
asunderbazaar.com,active_ecommerce,shopify,True,,3,True,huggingface
asylumxtreme.com,active_ecommerce,shopify,True,,3,True,huggingface
atelierchoux.com,active_ecommerce,shopify,True,,3,True,huggingface
ateliertuffery.com,active_ecommerce,shopify,True,,3,True,huggingface
atflbox.com,active_ecommerce,shopify,True,,3,True,huggingface
athenaprotein.com,active_ecommerce,shopify,True,,3,True,huggingface
athianaacres.com,active_ecommerce,shopify,True,,3,True,huggingface
atlanticelectrics.co.uk,active_ecommerce,shopify,True,,3,True,huggingface
atlantispets.com.au,active_ecommerce,shopify,True,,3,True,huggingface
atlaslava.com,active_ecommerce,shopify,True,,3,True,huggingface
atlweldingsupply.com,active_ecommerce,shopify,True,,3,True,huggingface
atmotube.com,active_ecommerce,shopify,True,,3,True,huggingface
atomic-shop.com,active_ecommerce,shopify,True,,3,True,huggingface
atovio.in,active_ecommerce,shopify,True,,3,True,huggingface
attitudeliving.com,active_ecommerce,shopify,True,,3,True,huggingface
aucklandzoo.co.nz,active_ecommerce,shopify,True,,3,True,huggingface
audeze.com,active_ecommerce,shopify,True,,3,True,huggingface
audioartcable.com,active_ecommerce,shopify,True,,3,True,huggingface
audioconnection.com.au,active_ecommerce,shopify,True,,3,True,huggingface
audioexcellence.ca,active_ecommerce,shopify,True,,3,True,huggingface
audioinfluence.com.au,active_ecommerce,shopify,True,,3,True,huggingface
audiomaxx.in,active_ecommerce,shopify,True,,3,True,huggingface
audiophileshop.com.au,active_ecommerce,shopify,True,,3,True,huggingface
audioproct.com,active_ecommerce,shopify,True,,3,True,huggingface
audiose.co.uk,active_ecommerce,shopify,True,,3,True,huggingface
audiosoundmusic.com,active_ecommerce,shopify,True,,3,True,huggingface
audiotech.net.au,active_ecommerce,shopify,True,,3,True,huggingface
audiowarehouse.ca,active_ecommerce,shopify,True,,3,True,huggingface
augustbird.com.au,active_ecommerce,shopify,True,,3,True,huggingface
aulaskaairsoft.eu,active_ecommerce,shopify,True,,3,True,huggingface
auleatherx.com,active_ecommerce,shopify,True,,3,True,huggingface
aura-displays.com,active_ecommerce,shopify,True,,3,True,huggingface
auraflowyogastore.com,active_ecommerce,shopify,True,,3,True,huggingface
auralhifi.com,active_ecommerce,shopify,True,,3,True,huggingface
auratech.ae,active_ecommerce,shopify,True,,3,True,huggingface
aurolaus.com,active_ecommerce,shopify,True,,3,True,huggingface
auroranailsupply.com,active_ecommerce,shopify,True,,3,True,huggingface
aurorapet.com,active_ecommerce,shopify,True,,3,True,huggingface
ausagro.com.au,active_ecommerce,shopify,True,,3,True,huggingface
ausairconditioners.com.au,active_ecommerce,shopify,True,,3,True,huggingface
auscashmere.com,active_ecommerce,shopify,True,,3,True,huggingface
auseoshop.com,active_ecommerce,shopify,True,,3,True,huggingface
aussieblends.com,active_ecommerce,shopify,True,,3,True,huggingface
aussiepooch.com.au,active_ecommerce,shopify,True,,3,True,huggingface
austin.net.au,active_ecommerce,shopify,True,,3,True,huggingface
australiangeographic.com.au,active_ecommerce,shopify,True,,3,True,huggingface
australianmodeller.com.au,active_ecommerce,shopify,True,,3,True,huggingface
autelrobotics.com,active_ecommerce,shopify,True,,3,True,huggingface
authorizedtooloutlet.com,active_ecommerce,shopify,True,,3,True,huggingface
authorshop.co,active_ecommerce,shopify,True,,3,True,huggingface
autobodynow.com,active_ecommerce,shopify,True,,3,True,huggingface
autoclave.nz,active_ecommerce,shopify,True,,3,True,huggingface
autofashion-usa.com,active_ecommerce,shopify,True,,3,True,huggingface
autojoy.shop,active_ecommerce,shopify,True,,3,True,huggingface
automanualhub.com,active_ecommerce,shopify,True,,3,True,huggingface
automatedfilter.com,active_ecommerce,shopify,True,,3,True,huggingface
automotivefittings.co.nz,active_ecommerce,shopify,True,,3,True,huggingface
autopremiumsupply.com,active_ecommerce,shopify,True,,3,True,huggingface
autoshopping24.com,active_ecommerce,shopify,True,,3,True,huggingface
autotoolonline.com,active_ecommerce,shopify,True,,3,True,huggingface
autotoolspro.com,active_ecommerce,shopify,True,,3,True,huggingface
autotradetools.com.au,active_ecommerce,shopify,True,,3,True,huggingface
avalanche-motors.com,active_ecommerce,shopify,True,,3,True,huggingface
avalancheoutdoorsupply.com,active_ecommerce,shopify,True,,3,True,huggingface
avantris.com,active_ecommerce,shopify,True,,3,True,huggingface
avcorhealth.com,active_ecommerce,shopify,True,,3,True,huggingface
aventureairsoftlanaudiere.com,active_ecommerce,shopify,True,,3,True,huggingface
avenu.co.za,active_ecommerce,shopify,True,,3,True,huggingface
avenue85.co.uk,active_ecommerce,shopify,True,,3,True,huggingface
avenueyarns.com,active_ecommerce,shopify,True,,3,True,huggingface
averbforkeepingwarm.com,active_ecommerce,shopify,True,,3,True,huggingface
avleaderz.com,active_ecommerce,shopify,True,,3,True,huggingface
avocatt.com,active_ecommerce,shopify,True,,3,True,huggingface
avogel.ca,active_ecommerce,shopify,True,,3,True,huggingface
avshack.in,active_ecommerce,shopify,True,,3,True,huggingface
awakenwellbeing.com.au,active_ecommerce,shopify,True,,3,True,huggingface
awardbanners.co.uk,active_ecommerce,shopify,True,,3,True,huggingface
awardsbywalsh.com,active_ecommerce,shopify,True,,3,True,huggingface
awaytravel.com,active_ecommerce,shopify,True,,3,True,huggingface
awbs7.com,active_ecommerce,shopify,True,,3,True,huggingface
awintersdaydesigns.com,active_ecommerce,shopify,True,,3,True,huggingface
awlashes.com,active_ecommerce,shopify,True,,3,True,huggingface
awoco.com,active_ecommerce,shopify,True,,3,True,huggingface
awoopets.com,active_ecommerce,shopify,True,,3,True,huggingface
axiisfit.com.au,active_ecommerce,shopify,True,,3,True,huggingface
axopros.com,active_ecommerce,shopify,True,,3,True,huggingface
axorhelmets.com,active_ecommerce,shopify,True,,3,True,huggingface
ayafragrances.com,active_ecommerce,shopify,True,,3,True,huggingface
ayannadenise.com,active_ecommerce,shopify,True,,3,True,huggingface
ayarnmarket.com,active_ecommerce,shopify,True,,3,True,huggingface
aybl.com,active_ecommerce,shopify,True,,3,True,huggingface
ayreborn.com,active_ecommerce,shopify,True,,3,True,huggingface
azlinnhope.com,active_ecommerce,shopify,True,,3,True,huggingface
azpetfoods.com,active_ecommerce,shopify,True,,3,True,huggingface
b2bdiscounters.ca,active_ecommerce,shopify,True,,3,True,huggingface
baa-baa.com.au,active_ecommerce,shopify,True,,3,True,huggingface
baabaazuzu.com,active_ecommerce,shopify,True,,3,True,huggingface
baberanimalfeeds.com,active_ecommerce,shopify,True,,3,True,huggingface
babipur.co.uk,active_ecommerce,shopify,True,,3,True,huggingface
babycaterpillar.com,active_ecommerce,shopify,True,,3,True,huggingface
babyo.com,active_ecommerce,shopify,True,,3,True,huggingface
backdropsource.ca,active_ecommerce,shopify,True,,3,True,huggingface
backstreetmerch.com,active_ecommerce,shopify,True,,3,True,huggingface
backtoboating.com,active_ecommerce,shopify,True,,3,True,huggingface
backyardbird.ca,active_ecommerce,shopify,True,,3,True,huggingface
backyardbirdingplace.com,active_ecommerce,shopify,True,,3,True,huggingface
badarihardwares.com,active_ecommerce,shopify,True,,3,True,huggingface
badgemagic.com,active_ecommerce,shopify,True,,3,True,huggingface
bagaton.com,active_ecommerce,shopify,True,,3,True,huggingface
bagsofroom.co.uk,active_ecommerce,shopify,True,,3,True,huggingface
bagsymine.com,active_ecommerce,shopify,True,,3,True,huggingface
baharibahamas.com,active_ecommerce,shopify,True,,3,True,huggingface
baheflow.co.uk,active_ecommerce,shopify,True,,3,True,huggingface
bahrain-pets.com,active_ecommerce,shopify,True,,3,True,huggingface
baiedescaps.com,active_ecommerce,shopify,True,,3,True,huggingface
baileyandbo.shop,active_ecommerce,shopify,True,,3,True,huggingface
baileyandcoco.com,active_ecommerce,shopify,True,,3,True,huggingface
bairfreshener.com,active_ecommerce,shopify,True,,3,True,huggingface
bakerandbray.com,active_ecommerce,shopify,True,,3,True,huggingface
bakersauthority.com,active_ecommerce,shopify,True,,3,True,huggingface
bakerstreat.com.au,active_ecommerce,shopify,True,,3,True,huggingface
bakkah.us,active_ecommerce,shopify,True,,3,True,huggingface
balance30a.com,active_ecommerce,shopify,True,,3,True,huggingface
balanceblades.com,active_ecommerce,shopify,True,,3,True,huggingface
balasana.co.nz,active_ecommerce,shopify,True,,3,True,huggingface
baleshay.com,active_ecommerce,shopify,True,,3,True,huggingface
baliawear.com,active_ecommerce,shopify,True,,3,True,huggingface
balladofthebirddog.com,active_ecommerce,shopify,True,,3,True,huggingface
ballardandprescott.com,active_ecommerce,shopify,True,,3,True,huggingface
ballmiepet.com,active_ecommerce,shopify,True,,3,True,huggingface
baltimorebilliards.com,active_ecommerce,shopify,True,,3,True,huggingface
bambiandbirdie.com,active_ecommerce,shopify,True,,3,True,huggingface
bamboostory.org,active_ecommerce,shopify,True,,3,True,huggingface
bancroftbrew.ca,active_ecommerce,shopify,True,,3,True,huggingface
bandagebrigade.com,active_ecommerce,shopify,True,,3,True,huggingface
bandofboys.co.nz,active_ecommerce,shopify,True,,3,True,huggingface
bandsfordiabetics.com,active_ecommerce,shopify,True,,3,True,huggingface
bankshotbilliards.com,active_ecommerce,shopify,True,,3,True,huggingface
bape.com,active_ecommerce,shopify,True,,3,True,huggingface
barberhood.com.au,active_ecommerce,shopify,True,,3,True,huggingface
barberrycoast.com,active_ecommerce,shopify,True,,3,True,huggingface
barbersoutlet.com,active_ecommerce,shopify,True,,3,True,huggingface
barbersupplies.com,active_ecommerce,shopify,True,,3,True,huggingface
barblades.com,active_ecommerce,shopify,True,,3,True,huggingface
barclondon.com,active_ecommerce,shopify,True,,3,True,huggingface
barebonesamps.com,active_ecommerce,shopify,True,,3,True,huggingface
barekmorpetfoods.com,active_ecommerce,shopify,True,,3,True,huggingface
barenakedpet.com,active_ecommerce,shopify,True,,3,True,huggingface
barenakedwools.com,active_ecommerce,shopify,True,,3,True,huggingface
barfindia.com,active_ecommerce,shopify,True,,3,True,huggingface
bargainhomeappliances.com.au,active_ecommerce,shopify,True,,3,True,huggingface
baristawarehouse.com.au,active_ecommerce,shopify,True,,3,True,huggingface
barkandbeyondsupply.com,active_ecommerce,shopify,True,,3,True,huggingface
barkavenuebakery.com,active_ecommerce,shopify,True,,3,True,huggingface
barkermeow.com,active_ecommerce,shopify,True,,3,True,huggingface
barkfits.com,active_ecommerce,shopify,True,,3,True,huggingface
barkinbuddhajava.com,active_ecommerce,shopify,True,,3,True,huggingface
barkingbabies.com,active_ecommerce,shopify,True,,3,True,huggingface
barkingdogbakeryandfeed.com,active_ecommerce,shopify,True,,3,True,huggingface
barkingmeows.com,active_ecommerce,shopify,True,,3,True,huggingface
barkpawsmeow.com,active_ecommerce,shopify,True,,3,True,huggingface
barksandbrownies.com,active_ecommerce,shopify,True,,3,True,huggingface
barksandwags.in,active_ecommerce,shopify,True,,3,True,huggingface
barkstix.com,active_ecommerce,shopify,True,,3,True,huggingface
barkyn.com,active_ecommerce,shopify,True,,3,True,huggingface
barnabytoolequipment.com,active_ecommerce,shopify,True,,3,True,huggingface
barndoorboutiquetn.com,active_ecommerce,shopify,True,,3,True,huggingface
barnesenterprises.co.uk,active_ecommerce,shopify,True,,3,True,huggingface
barnett.store,active_ecommerce,shopify,True,,3,True,huggingface
barneybed.com.au,active_ecommerce,shopify,True,,3,True,huggingface
barods.com,active_ecommerce,shopify,True,,3,True,huggingface
barohardware.com,active_ecommerce,shopify,True,,3,True,huggingface
barrelheart.com,active_ecommerce,shopify,True,,3,True,huggingface
barsandgames.com,active_ecommerce,shopify,True,,3,True,huggingface
bashfashion.co.uk,active_ecommerce,shopify,True,,3,True,huggingface
bashfularmadillofibers.com,active_ecommerce,shopify,True,,3,True,huggingface
bashtargetsupply.com,active_ecommerce,shopify,True,,3,True,huggingface
basiclook.com,active_ecommerce,shopify,True,,3,True,huggingface
basicwelding.co.uk,active_ecommerce,shopify,True,,3,True,huggingface
basinupfitting.com,active_ecommerce,shopify,True,,3,True,huggingface
basispet.com,active_ecommerce,shopify,True,,3,True,huggingface
basnaudio.com,active_ecommerce,shopify,True,,3,True,huggingface
bassrockers.com,active_ecommerce,shopify,True,,3,True,huggingface
bassworkshop.com.au,active_ecommerce,shopify,True,,3,True,huggingface
bataviastore.com,active_ecommerce,shopify,True,,3,True,huggingface
battlegeartoys.com,active_ecommerce,shopify,True,,3,True,huggingface
bauer.com,active_ecommerce,shopify,True,,3,True,huggingface
bavsoundclearance.com,active_ecommerce,shopify,True,,3,True,huggingface
bawbags.com,active_ecommerce,shopify,True,,3,True,huggingface
baxterbaileycompany.com,active_ecommerce,shopify,True,,3,True,huggingface
bayleenasco.com,active_ecommerce,shopify,True,,3,True,huggingface
baytrade.co.nz,active_ecommerce,shopify,True,,3,True,huggingface
bbdpl.com.au,active_ecommerce,shopify,True,,3,True,huggingface
bbta.com.au,active_ecommerce,shopify,True,,3,True,huggingface
bbtac.com,active_ecommerce,shopify,True,,3,True,huggingface
bbyarn.com,active_ecommerce,shopify,True,,3,True,huggingface
bcecuesports.com,active_ecommerce,shopify,True,,3,True,huggingface
bciretail.com,active_ecommerce,shopify,True,,3,True,huggingface
bdkfeed.com,active_ecommerce,shopify,True,,3,True,huggingface
bdu-airsoft.fr,active_ecommerce,shopify,True,,3,True,huggingface
beachcatsandwine.com,active_ecommerce,shopify,True,,3,True,huggingface
beachyogamats.com,active_ecommerce,shopify,True,,3,True,huggingface
beakviewcam.com,active_ecommerce,shopify,True,,3,True,huggingface
beampaints.com,active_ecommerce,shopify,True,,3,True,huggingface
beandbeauty.co.uk,active_ecommerce,shopify,True,,3,True,huggingface
beantowntshirts.com,active_ecommerce,shopify,True,,3,True,huggingface
beardsanddaisies.co.uk,active_ecommerce,shopify,True,,3,True,huggingface
bearizona.com,active_ecommerce,shopify,True,,3,True,huggingface
bearsintrees.com,active_ecommerce,shopify,True,,3,True,huggingface
bearwoodessentials.com,active_ecommerce,shopify,True,,3,True,huggingface
beast-kingdomsea.com,active_ecommerce,shopify,True,,3,True,huggingface
beastcavefitness.com,active_ecommerce,shopify,True,,3,True,huggingface
beastieboys.com,active_ecommerce,shopify,True,,3,True,huggingface
beataclasp.com,active_ecommerce,shopify,True,,3,True,huggingface
beatsonicusa.com,active_ecommerce,shopify,True,,3,True,huggingface
beaumontandbear.co.uk,active_ecommerce,shopify,True,,3,True,huggingface
beautema.com,active_ecommerce,shopify,True,,3,True,huggingface
beautifulaesthetics.com,active_ecommerce,shopify,True,,3,True,huggingface
beautifulscents.com.au,active_ecommerce,shopify,True,,3,True,huggingface
beaux-artsclassicproducts.com,active_ecommerce,shopify,True,,3,True,huggingface
bebe.com,active_ecommerce,shopify,True,,3,True,huggingface
bec-berlin.de,active_ecommerce,shopify,True,,3,True,huggingface
becauseracecarbox.com,active_ecommerce,shopify,True,,3,True,huggingface
bedfordcooperative.com,active_ecommerce,shopify,True,,3,True,huggingface
bedhugpet.com,active_ecommerce,shopify,True,,3,True,huggingface
bedinabox.com,active_ecommerce,shopify,True,,3,True,huggingface
bedroomathletics.com,active_ecommerce,shopify,True,,3,True,huggingface
bee-link.com,active_ecommerce,shopify,True,,3,True,huggingface
beekeepingsuppliesaustralia.com.au,active_ecommerce,shopify,True,,3,True,huggingface
beemak-idl.com,active_ecommerce,shopify,True,,3,True,huggingface
beemat.co.uk,active_ecommerce,shopify,True,,3,True,huggingface
beerco.com.au,active_ecommerce,shopify,True,,3,True,huggingface
beerlab.co.za,active_ecommerce,shopify,True,,3,True,huggingface
beermeister.com,active_ecommerce,shopify,True,,3,True,huggingface
beerofsmod.co.uk,active_ecommerce,shopify,True,,3,True,huggingface
beerpaws.com,active_ecommerce,shopify,True,,3,True,huggingface
beesbrand.com.sg,active_ecommerce,shopify,True,,3,True,huggingface
beesweethoneytx.com,active_ecommerce,shopify,True,,3,True,huggingface
beewellbakery.net,active_ecommerce,shopify,True,,3,True,huggingface
beewisellc.com,active_ecommerce,shopify,True,,3,True,huggingface
behope.ca,active_ecommerce,shopify,True,,3,True,huggingface
belan-j.com,active_ecommerce,shopify,True,,3,True,huggingface
belinana.com,active_ecommerce,shopify,True,,3,True,huggingface
belladonnashop.net,active_ecommerce,shopify,True,,3,True,huggingface
bellajulesboutique.com,active_ecommerce,shopify,True,,3,True,huggingface
bellalunagifts.com,active_ecommerce,shopify,True,,3,True,huggingface
bellaskininstitute.com,active_ecommerce,shopify,True,,3,True,huggingface
bellatormedical.shop,active_ecommerce,shopify,True,,3,True,huggingface
bellawanaka.co.nz,active_ecommerce,shopify,True,,3,True,huggingface
bellayarn.com,active_ecommerce,shopify,True,,3,True,huggingface
belldini.com,active_ecommerce,shopify,True,,3,True,huggingface
belleofhope.com,active_ecommerce,shopify,True,,3,True,huggingface
bellfeedcompany.com,active_ecommerce,shopify,True,,3,True,huggingface
bellissimawest.com,active_ecommerce,shopify,True,,3,True,huggingface
bellsandbirds.com,active_ecommerce,shopify,True,,3,True,huggingface
bellwetherclothing.com,active_ecommerce,shopify,True,,3,True,huggingface
bellyrubbinsforbubbins.com,active_ecommerce,shopify,True,,3,True,huggingface
belovegivelove.com,active_ecommerce,shopify,True,,3,True,huggingface
below60.com,active_ecommerce,shopify,True,,3,True,huggingface
belstrafarmandgarden.com,active_ecommerce,shopify,True,,3,True,huggingface
belvaproducts.com,active_ecommerce,shopify,True,,3,True,huggingface
bena.co.za,active_ecommerce,shopify,True,,3,True,huggingface
bench.co.uk,active_ecommerce,shopify,True,,3,True,huggingface
benchdogs.co.uk,active_ecommerce,shopify,True,,3,True,huggingface
benjaminberner.com,active_ecommerce,shopify,True,,3,True,huggingface
benndyoga.com,active_ecommerce,shopify,True,,3,True,huggingface
bennyandray.com,active_ecommerce,shopify,True,,3,True,huggingface
bensonarchery.com.au,active_ecommerce,shopify,True,,3,True,huggingface
bensonboone.com,active_ecommerce,shopify,True,,3,True,huggingface
bepure.store,active_ecommerce,shopify,True,,3,True,huggingface
berblytoys.com,active_ecommerce,shopify,True,,3,True,huggingface
berkcashmere.co.uk,active_ecommerce,shopify,True,,3,True,huggingface
berkeleyyeast.com,active_ecommerce,shopify,True,,3,True,huggingface
berkleygreen.com,active_ecommerce,shopify,True,,3,True,huggingface
berkleyillustration.com,active_ecommerce,shopify,True,,3,True,huggingface
berklingtools.com,active_ecommerce,shopify,True,,3,True,huggingface
berlintools.co.uk,active_ecommerce,shopify,True,,3,True,huggingface
beroy.com,active_ecommerce,shopify,True,,3,True,huggingface
berriesandbird.com,active_ecommerce,shopify,True,,3,True,huggingface
berrymanfarms.ca,active_ecommerce,shopify,True,,3,True,huggingface
berylune.co.uk,active_ecommerce,shopify,True,,3,True,huggingface
beserk.com.au,active_ecommerce,shopify,True,,3,True,huggingface
bespokepaws.com,active_ecommerce,shopify,True,,3,True,huggingface
bessieandbarnie.com,active_ecommerce,shopify,True,,3,True,huggingface
best-airpurifier.com,active_ecommerce,shopify,True,,3,True,huggingface
best4safety.co.uk,active_ecommerce,shopify,True,,3,True,huggingface
bestfriend.com,active_ecommerce,shopify,True,,3,True,huggingface
bestfriends.org,active_ecommerce,shopify,True,,3,True,huggingface
bestiacollars.com,active_ecommerce,shopify,True,,3,True,huggingface
bestiadoggear.com,active_ecommerce,shopify,True,,3,True,huggingface
bestledsigns.com,active_ecommerce,shopify,True,,3,True,huggingface
bestlife4pets.com,active_ecommerce,shopify,True,,3,True,huggingface
bestoutdor.com,active_ecommerce,shopify,True,,3,True,huggingface
bestsoundcaraudio.com,active_ecommerce,shopify,True,,3,True,huggingface
besttilingtools.com,active_ecommerce,shopify,True,,3,True,huggingface
bestyouus.com,active_ecommerce,shopify,True,,3,True,huggingface
bettafoods.com,active_ecommerce,shopify,True,,3,True,huggingface
bettaknit.com,active_ecommerce,shopify,True,,3,True,huggingface
betterchem.net,active_ecommerce,shopify,True,,3,True,huggingface
betterme.world,active_ecommerce,shopify,True,,3,True,huggingface
betterworldpets.com,active_ecommerce,shopify,True,,3,True,huggingface
bettydesigns.com,active_ecommerce,shopify,True,,3,True,huggingface
beurer.co.za,active_ecommerce,shopify,True,,3,True,huggingface
bevava.com,active_ecommerce,shopify,True,,3,True,huggingface
beverlysilk.com,active_ecommerce,shopify,True,,3,True,huggingface
bevyflog.com,active_ecommerce,shopify,True,,3,True,huggingface
beyondbestbefore.com.au,active_ecommerce,shopify,True,,3,True,huggingface
beyondeast.com,active_ecommerce,shopify,True,,3,True,huggingface
beyondfeed.org,active_ecommerce,shopify,True,,3,True,huggingface
beyondformals.com,active_ecommerce,shopify,True,,3,True,huggingface
beyondscentsmore.com,active_ecommerce,shopify,True,,3,True,huggingface
beyondtheblackboard.com,active_ecommerce,shopify,True,,3,True,huggingface
bezenfuego.com,active_ecommerce,shopify,True,,3,True,huggingface
bhbreptiles.com,active_ecommerce,shopify,True,,3,True,huggingface
bhdistributing.com,active_ecommerce,shopify,True,,3,True,huggingface
bhfo.com,active_ecommerce,shopify,True,,3,True,huggingface
bhma.co.uk,active_ecommerce,shopify,True,,3,True,huggingface
biancawilliamsdesign.com,active_ecommerce,shopify,True,,3,True,huggingface
bibimpaws.com,active_ecommerce,shopify,True,,3,True,huggingface
bidadoo0fficial.com,active_ecommerce,shopify,True,,3,True,huggingface
biemmeamerica.ca,active_ecommerce,shopify,True,,3,True,huggingface
bienvenidobooks.com,active_ecommerce,shopify,True,,3,True,huggingface
bigappleherp.com,active_ecommerce,shopify,True,,3,True,huggingface
bigardini.com,active_ecommerce,shopify,True,,3,True,huggingface
bigbasketuk.com,active_ecommerce,shopify,True,,3,True,huggingface
bigbrandbox.in,active_ecommerce,shopify,True,,3,True,huggingface
bigbuybarn.global,active_ecommerce,shopify,True,,3,True,huggingface
bigcatch.co.za,active_ecommerce,shopify,True,,3,True,huggingface
bigdotofhappiness.com,active_ecommerce,shopify,True,,3,True,huggingface
bighornathletics.com,active_ecommerce,shopify,True,,3,True,huggingface
bigjohnson.com,active_ecommerce,shopify,True,,3,True,huggingface
bigkizzyhair.com,active_ecommerce,shopify,True,,3,True,huggingface
bigmamadeals.com.au,active_ecommerce,shopify,True,,3,True,huggingface
bigravenyoga.com,active_ecommerce,shopify,True,,3,True,huggingface
bigrockmountain.com,active_ecommerce,shopify,True,,3,True,huggingface
bigsofti.com,active_ecommerce,shopify,True,,3,True,huggingface
bigwphotos.com.au,active_ecommerce,shopify,True,,3,True,huggingface
bijouterie-sonderegger.ch,active_ecommerce,shopify,True,,3,True,huggingface
bikemakeup.co.za,active_ecommerce,shopify,True,,3,True,huggingface
bikerpartsdirect.co.uk,active_ecommerce,shopify,True,,3,True,huggingface
bikerstoolbox.co.uk,active_ecommerce,shopify,True,,3,True,huggingface
bikesonline.com,active_ecommerce,shopify,True,,3,True,huggingface
billaresexcalibur.com,active_ecommerce,shopify,True,,3,True,huggingface
billetbobammo.com,active_ecommerce,shopify,True,,3,True,huggingface
billiards.com,active_ecommerce,shopify,True,,3,True,huggingface
billiardshop.com.au,active_ecommerce,shopify,True,,3,True,huggingface
bimbimpet.com,active_ecommerce,shopify,True,,3,True,huggingface
bingleyfencing.co.uk,active_ecommerce,shopify,True,,3,True,huggingface
bingopaw.com,active_ecommerce,shopify,True,,3,True,huggingface
binkybarker.com,active_ecommerce,shopify,True,,3,True,huggingface
biodefensor.com,active_ecommerce,shopify,True,,3,True,huggingface
biologix.co.nz,active_ecommerce,shopify,True,,3,True,huggingface
bion.sg,active_ecommerce,shopify,True,,3,True,huggingface
bioscal.com,active_ecommerce,shopify,True,,3,True,huggingface
bioshotbb.com,active_ecommerce,shopify,True,,3,True,huggingface
biostarus.com,active_ecommerce,shopify,True,,3,True,huggingface
birchwoodandbark.com,active_ecommerce,shopify,True,,3,True,huggingface
birdandbeanshop.com,active_ecommerce,shopify,True,,3,True,huggingface
birdantibiotic.com,active_ecommerce,shopify,True,,3,True,huggingface
birdbathbodytreats.com,active_ecommerce,shopify,True,,3,True,huggingface
birdboxgifts.com,active_ecommerce,shopify,True,,3,True,huggingface
birdcattoy.com,active_ecommerce,shopify,True,,3,True,huggingface
birdclubclothing.com,active_ecommerce,shopify,True,,3,True,huggingface
birdfeederco.com,active_ecommerce,shopify,True,,3,True,huggingface
birdfluff.com,active_ecommerce,shopify,True,,3,True,huggingface
birdfy.com,active_ecommerce,shopify,True,,3,True,huggingface
birdhism.com,active_ecommerce,shopify,True,,3,True,huggingface
birdieretriever.com,active_ecommerce,shopify,True,,3,True,huggingface
birdinhand.com,active_ecommerce,shopify,True,,3,True,huggingface
birdnsquirrel.com,active_ecommerce,shopify,True,,3,True,huggingface
birdonawireburleigh.com,active_ecommerce,shopify,True,,3,True,huggingface
birdream.com,active_ecommerce,shopify,True,,3,True,huggingface
birdrockeats.com,active_ecommerce,shopify,True,,3,True,huggingface
birds-feeder.com,active_ecommerce,shopify,True,,3,True,huggingface
birdsandbeanscoffee.com,active_ecommerce,shopify,True,,3,True,huggingface
birdsandmore.com.au,active_ecommerce,shopify,True,,3,True,huggingface
birdscareguns.com.au,active_ecommerce,shopify,True,,3,True,huggingface
birdshopchristina.com,active_ecommerce,shopify,True,,3,True,huggingface
birdsinmotion.ca,active_ecommerce,shopify,True,,3,True,huggingface
birdsn-bees.com,active_ecommerce,shopify,True,,3,True,huggingface
birdsnestgiftsandantiques.com,active_ecommerce,shopify,True,,3,True,huggingface
birdsnpaws.com,active_ecommerce,shopify,True,,3,True,huggingface
birdsongpet.com,active_ecommerce,shopify,True,,3,True,huggingface
birdstreetbistro.com,active_ecommerce,shopify,True,,3,True,huggingface
birdwell.com,active_ecommerce,shopify,True,,3,True,huggingface
biscuitboutique.com,active_ecommerce,shopify,True,,3,True,huggingface
bisouspets.com,active_ecommerce,shopify,True,,3,True,huggingface
bitsofaustralia.com.au,active_ecommerce,shopify,True,,3,True,huggingface
bitz-buttons.com,active_ecommerce,shopify,True,,3,True,huggingface
bizpromo.co.nz,active_ecommerce,shopify,True,,3,True,huggingface
bjbuybrazil.com,active_ecommerce,shopify,True,,3,True,huggingface
bjsrawpetfood.com,active_ecommerce,shopify,True,,3,True,huggingface
bkcollectables.com,active_ecommerce,shopify,True,,3,True,huggingface
blackarcmunitions.com,active_ecommerce,shopify,True,,3,True,huggingface
blackblitzairsoft.com,active_ecommerce,shopify,True,,3,True,huggingface
blackboxcages.com,active_ecommerce,shopify,True,,3,True,huggingface
blackcatbazaar.com,active_ecommerce,shopify,True,,3,True,huggingface
blackertheberryllc.com,active_ecommerce,shopify,True,,3,True,huggingface
blackfridaypaintball.com,active_ecommerce,shopify,True,,3,True,huggingface
blackgunpowdertactical.com,active_ecommerce,shopify,True,,3,True,huggingface
blacklabbrands.com,active_ecommerce,shopify,True,,3,True,huggingface
blackmountainyarnshop.com,active_ecommerce,shopify,True,,3,True,huggingface
blackopstoys.com,active_ecommerce,shopify,True,,3,True,huggingface
blackopsusa.com,active_ecommerce,shopify,True,,3,True,huggingface
blackopswebstore.com,active_ecommerce,shopify,True,,3,True,huggingface
blackplaguepdr.com,active_ecommerce,shopify,True,,3,True,huggingface
blackroosterfood.com,active_ecommerce,shopify,True,,3,True,huggingface
blacksheepyarns.ca,active_ecommerce,shopify,True,,3,True,huggingface
blackshipgroomingco.com,active_ecommerce,shopify,True,,3,True,huggingface
blacksocks.com,active_ecommerce,shopify,True,,3,True,huggingface
blacksquirrelberkeley.com,active_ecommerce,shopify,True,,3,True,huggingface
blackstaramps.us,active_ecommerce,shopify,True,,3,True,huggingface
blacktoerunning.com,active_ecommerce,shopify,True,,3,True,huggingface
blackvoltamplification.com,active_ecommerce,shopify,True,,3,True,huggingface
blackwattleyarn.com.au,active_ecommerce,shopify,True,,3,True,huggingface
bladedepotstore.com,active_ecommerce,shopify,True,,3,True,huggingface
blademaster.com,active_ecommerce,shopify,True,,3,True,huggingface
blanksheetdesign.com,active_ecommerce,shopify,True,,3,True,huggingface
blastkingusa.com,active_ecommerce,shopify,True,,3,True,huggingface
blendigo.com.au,active_ecommerce,shopify,True,,3,True,huggingface
blepworld.com,active_ecommerce,shopify,True,,3,True,huggingface
blingblingyarn.com,active_ecommerce,shopify,True,,3,True,huggingface
blingchemicals.com,active_ecommerce,shopify,True,,3,True,huggingface
blinkpet.com,active_ecommerce,shopify,True,,3,True,huggingface
blissandbalance.com.au,active_ecommerce,shopify,True,,3,True,huggingface
blissberryshop.com,active_ecommerce,shopify,True,,3,True,huggingface
blissfulhurricane.com,active_ecommerce,shopify,True,,3,True,huggingface
blissimprints.com,active_ecommerce,shopify,True,,3,True,huggingface
blitzfirearmcare.com,active_ecommerce,shopify,True,,3,True,huggingface
blitzprinting.com,active_ecommerce,shopify,True,,3,True,huggingface
blitzway.com,active_ecommerce,shopify,True,,3,True,huggingface
bllashes.com,active_ecommerce,shopify,True,,3,True,huggingface
bloodandthundermag.com,active_ecommerce,shopify,True,,3,True,huggingface
bloodyknifepettoys.com,active_ecommerce,shopify,True,,3,True,huggingface
bloomingjunction.com,active_ecommerce,shopify,True,,3,True,huggingface
bloomingtailsoflondon.ca,active_ecommerce,shopify,True,,3,True,huggingface
bloomingtonfarmandfeed.com,active_ecommerce,shopify,True,,3,True,huggingface
bloommd.com,active_ecommerce,shopify,True,,3,True,huggingface
bloomsicalpaperco.com,active_ecommerce,shopify,True,,3,True,huggingface
bloomycollective.com,active_ecommerce,shopify,True,,3,True,huggingface
blowbackmasters.com,active_ecommerce,shopify,True,,3,True,huggingface
blowesclothing.com.au,active_ecommerce,shopify,True,,3,True,huggingface
bluebarnfiber.com,active_ecommerce,shopify,True,,3,True,huggingface
blueberry-cat.com,active_ecommerce,shopify,True,,3,True,huggingface
blueberryhillmeals.co.uk,active_ecommerce,shopify,True,,3,True,huggingface
bluebirdfilters.com,active_ecommerce,shopify,True,,3,True,huggingface
bluebonnetfeeds.com,active_ecommerce,shopify,True,,3,True,huggingface
bluecollarreloading.com,active_ecommerce,shopify,True,,3,True,huggingface
bluefacedyarn.eu,active_ecommerce,shopify,True,,3,True,huggingface
bluefernyarns.co.uk,active_ecommerce,shopify,True,,3,True,huggingface
bluehorizonsmarketing.co.uk,active_ecommerce,shopify,True,,3,True,huggingface
blueillusion.com,active_ecommerce,shopify,True,,3,True,huggingface
bluejonesco.com,active_ecommerce,shopify,True,,3,True,huggingface
bluelineairsystems.com,active_ecommerce,shopify,True,,3,True,huggingface
bluemagnoliaclothingco.com,active_ecommerce,shopify,True,,3,True,huggingface
bluemountainscamping.com.au,active_ecommerce,shopify,True,,3,True,huggingface
blueowl.us,active_ecommerce,shopify,True,,3,True,huggingface
bluescitymusic.com,active_ecommerce,shopify,True,,3,True,huggingface
blueskysupplies.com,active_ecommerce,shopify,True,,3,True,huggingface
bluesummitsupplies.com,active_ecommerce,shopify,True,,3,True,huggingface
blueutoys.com,active_ecommerce,shopify,True,,3,True,huggingface
bluewatercd.org,active_ecommerce,shopify,True,,3,True,huggingface
blululi.com,active_ecommerce,shopify,True,,3,True,huggingface
bluntoutairfreshener.com,active_ecommerce,shopify,True,,3,True,huggingface
blunts.net.au,active_ecommerce,shopify,True,,3,True,huggingface
bluorng.com,active_ecommerce,shopify,True,,3,True,huggingface
blus.com,active_ecommerce,shopify,True,,3,True,huggingface
bluuyoga.com,active_ecommerce,shopify,True,,3,True,huggingface
blyntoys.com,active_ecommerce,shopify,True,,3,True,huggingface
bmanimalscompletenutrition.net,active_ecommerce,shopify,True,,3,True,huggingface
bmartservices.com,active_ecommerce,shopify,True,,3,True,huggingface
bmola.uk,active_ecommerce,shopify,True,,3,True,huggingface
bmorepromo.com,active_ecommerce,shopify,True,,3,True,huggingface
bmtoutdoors.com,active_ecommerce,shopify,True,,3,True,huggingface
bn-link.com,active_ecommerce,shopify,True,,3,True,huggingface
bnbfirearms.com,active_ecommerce,shopify,True,,3,True,huggingface
boarddogapparel.com,active_ecommerce,shopify,True,,3,True,huggingface
boatandrvaccessories.com,active_ecommerce,shopify,True,,3,True,huggingface
boathouse.com,active_ecommerce,shopify,True,,3,True,huggingface
boausa.com,active_ecommerce,shopify,True,,3,True,huggingface
bobbybed.com,active_ecommerce,shopify,True,,3,True,huggingface
bobgnarlysurf.shop,active_ecommerce,shopify,True,,3,True,huggingface
bobotails.com,active_ecommerce,shopify,True,,3,True,huggingface
boccesbakery.com,active_ecommerce,shopify,True,,3,True,huggingface
bodhibirchtree.co.uk,active_ecommerce,shopify,True,,3,True,huggingface
bodhimamabotanicals.com,active_ecommerce,shopify,True,,3,True,huggingface
bodyglove.com,active_ecommerce,shopify,True,,3,True,huggingface
bodyguardz.com,active_ecommerce,shopify,True,,3,True,huggingface
bodyhealthtec.com,active_ecommerce,shopify,True,,3,True,huggingface
bodyjewelry4sale.com,active_ecommerce,shopify,True,,3,True,huggingface
bodymindconnect.net,active_ecommerce,shopify,True,,3,True,huggingface
bohoblingg.com,active_ecommerce,shopify,True,,3,True,huggingface
bohstoys.com,active_ecommerce,shopify,True,,3,True,huggingface
boifun.net,active_ecommerce,shopify,True,,3,True,huggingface
boikeys.com,active_ecommerce,shopify,True,,3,True,huggingface
boisthelabel.com,active_ecommerce,shopify,True,,3,True,huggingface
bojotools.com,active_ecommerce,shopify,True,,3,True,huggingface
bold-beautiful.com,active_ecommerce,shopify,True,,3,True,huggingface
boldfit.com,active_ecommerce,shopify,True,,3,True,huggingface
boltfabricboutique.com,active_ecommerce,shopify,True,,3,True,huggingface
bonaire.com.au,active_ecommerce,shopify,True,,3,True,huggingface
bonbonpaper.com,active_ecommerce,shopify,True,,3,True,huggingface
boncatfurniture.com,active_ecommerce,shopify,True,,3,True,huggingface
bondipilatesco.com,active_ecommerce,shopify,True,,3,True,huggingface
bondvet.com,active_ecommerce,shopify,True,,3,True,huggingface
boneapatreat.com,active_ecommerce,shopify,True,,3,True,huggingface
bonnemaman.us,active_ecommerce,shopify,True,,3,True,huggingface
bonsaikitten.com.au,active_ecommerce,shopify,True,,3,True,huggingface
bonsaipaperco.com,active_ecommerce,shopify,True,,3,True,huggingface
boobooballusa.com,active_ecommerce,shopify,True,,3,True,huggingface
boodywear.co.za,active_ecommerce,shopify,True,,3,True,huggingface
booghe.co.uk,active_ecommerce,shopify,True,,3,True,huggingface
boogieandbirdie.ca,active_ecommerce,shopify,True,,3,True,huggingface
booguan.com,active_ecommerce,shopify,True,,3,True,huggingface
boomerangtattoocompany.com,active_ecommerce,shopify,True,,3,True,huggingface
boosterjuice.com,active_ecommerce,shopify,True,,3,True,huggingface
boox.com,active_ecommerce,shopify,True,,3,True,huggingface
booyahclean.com,active_ecommerce,shopify,True,,3,True,huggingface
boppy.com,active_ecommerce,shopify,True,,3,True,huggingface
bordergunsandtackle.co.uk,active_ecommerce,shopify,True,,3,True,huggingface
borderlandmuff.ie,active_ecommerce,shopify,True,,3,True,huggingface
borgegroup.com,active_ecommerce,shopify,True,,3,True,huggingface
bornewarrior.com,active_ecommerce,shopify,True,,3,True,huggingface
borngood.in,active_ecommerce,shopify,True,,3,True,huggingface
bornovamedical.com,active_ecommerce,shopify,True,,3,True,huggingface
bosidengfashion.com,active_ecommerce,shopify,True,,3,True,huggingface
bosonshop.com,active_ecommerce,shopify,True,,3,True,huggingface
bosscomponents.com.au,active_ecommerce,shopify,True,,3,True,huggingface
bossfightstudio.com,active_ecommerce,shopify,True,,3,True,huggingface
bosskittyshop.com,active_ecommerce,shopify,True,,3,True,huggingface
bosswebstore.com,active_ecommerce,shopify,True,,3,True,huggingface
boston-instruments.com,active_ecommerce,shopify,True,,3,True,huggingface
bostonfibercompany.com,active_ecommerce,shopify,True,,3,True,huggingface
bostonscally.com,active_ecommerce,shopify,True,,3,True,huggingface
bosunslocker.com.au,active_ecommerce,shopify,True,,3,True,huggingface
botori.life,active_ecommerce,shopify,True,,3,True,huggingface
bottlebranch.com,active_ecommerce,shopify,True,,3,True,huggingface
bougiecattlecompany.com,active_ecommerce,shopify,True,,3,True,huggingface
bountyhuntertoys.com,active_ecommerce,shopify,True,,3,True,huggingface
boutiqueofleathers.com,active_ecommerce,shopify,True,,3,True,huggingface
boutiqueplanet.co.uk,active_ecommerce,shopify,True,,3,True,huggingface
boutiquesportcarrefournature.com,active_ecommerce,shopify,True,,3,True,huggingface
boutiquewaltham.co.uk,active_ecommerce,shopify,True,,3,True,huggingface
bowerbirdcreations.com.au,active_ecommerce,shopify,True,,3,True,huggingface
bowern.com.au,active_ecommerce,shopify,True,,3,True,huggingface
bowwowbakery.com,active_ecommerce,shopify,True,,3,True,huggingface
box2.co.uk,active_ecommerce,shopify,True,,3,True,huggingface
boycefeed.com,active_ecommerce,shopify,True,,3,True,huggingface
boydenbeef.com,active_ecommerce,shopify,True,,3,True,huggingface
boydequipment.com,active_ecommerce,shopify,True,,3,True,huggingface
boykinspanieloutfitters.com,active_ecommerce,shopify,True,,3,True,huggingface
bprefcool.com,active_ecommerce,shopify,True,,3,True,huggingface
bradstoys.com,active_ecommerce,shopify,True,,3,True,huggingface
brahmaki.com,active_ecommerce,shopify,True,,3,True,huggingface
brainchildnutritionals.com,active_ecommerce,shopify,True,,3,True,huggingface
brainsport.ca,active_ecommerce,shopify,True,,3,True,huggingface
branddisplay.co.nz,active_ecommerce,shopify,True,,3,True,huggingface
brandnewtools.com,active_ecommerce,shopify,True,,3,True,huggingface
brandonfouche.com,active_ecommerce,shopify,True,,3,True,huggingface
brandstand.co.uk,active_ecommerce,shopify,True,,3,True,huggingface
brandwagon406.com,active_ecommerce,shopify,True,,3,True,huggingface
branecessities.net,active_ecommerce,shopify,True,,3,True,huggingface
brantfordsurplus.com,active_ecommerce,shopify,True,,3,True,huggingface
branvine.com,active_ecommerce,shopify,True,,3,True,huggingface
bratz.com,active_ecommerce,shopify,True,,3,True,huggingface
bravoconcealment.com,active_ecommerce,shopify,True,,3,True,huggingface
brawnco.com,active_ecommerce,shopify,True,,3,True,huggingface
brawpaperco.com.au,active_ecommerce,shopify,True,,3,True,huggingface
brazilianbootyco.com.au,active_ecommerce,shopify,True,,3,True,huggingface
brazosfeedsupply.com,active_ecommerce,shopify,True,,3,True,huggingface
breakingthechainsinternational.org,active_ecommerce,shopify,True,,3,True,huggingface
breakingyarn.com,active_ecommerce,shopify,True,,3,True,huggingface
brearthquake.com,active_ecommerce,shopify,True,,3,True,huggingface
breathedivinity.com,active_ecommerce,shopify,True,,3,True,huggingface
breathenaturally.com,active_ecommerce,shopify,True,,3,True,huggingface
brediculousyarns.com,active_ecommerce,shopify,True,,3,True,huggingface
brelese.co.uk,active_ecommerce,shopify,True,,3,True,huggingface
brewco.uk,active_ecommerce,shopify,True,,3,True,huggingface
brewhq.com.au,active_ecommerce,shopify,True,,3,True,huggingface
brewing-store.com,active_ecommerce,shopify,True,,3,True,huggingface
brewyourownbeerhavertown.com,active_ecommerce,shopify,True,,3,True,huggingface
breyerhorses.com,active_ecommerce,shopify,True,,3,True,huggingface
bridgeandburn.com,active_ecommerce,shopify,True,,3,True,huggingface
bridgefasteners.com,active_ecommerce,shopify,True,,3,True,huggingface
briggsandstratton.com,active_ecommerce,shopify,True,,3,True,huggingface
brightearthapparel.com,active_ecommerce,shopify,True,,3,True,huggingface
brighteyesbushytails.com,active_ecommerce,shopify,True,,3,True,huggingface
brightstemshop.com,active_ecommerce,shopify,True,,3,True,huggingface
briiv.co.uk,active_ecommerce,shopify,True,,3,True,huggingface
brilliantpad.com,active_ecommerce,shopify,True,,3,True,huggingface
bringsomethingtothepartyla.com,active_ecommerce,shopify,True,,3,True,huggingface
brit-pet.com,active_ecommerce,shopify,True,,3,True,huggingface
britebooth.com,active_ecommerce,shopify,True,,3,True,huggingface
britesources.com,active_ecommerce,shopify,True,,3,True,huggingface
britishaudio.com,active_ecommerce,shopify,True,,3,True,huggingface
britoncourt.com,active_ecommerce,shopify,True,,3,True,huggingface
brittanypaige.com,active_ecommerce,shopify,True,,3,True,huggingface
broadarrowfarm.com,active_ecommerce,shopify,True,,3,True,huggingface
broadfreshair.com,active_ecommerce,shopify,True,,3,True,huggingface
broadrivermercantile.com,active_ecommerce,shopify,True,,3,True,huggingface
brochureholders4u.com,active_ecommerce,shopify,True,,3,True,huggingface
brodandtaylor.fr,active_ecommerce,shopify,True,,3,True,huggingface
brokerobot.com,active_ecommerce,shopify,True,,3,True,huggingface
broncpartspro.com,active_ecommerce,shopify,True,,3,True,huggingface
brooksidebarkery.com,active_ecommerce,shopify,True,,3,True,huggingface
brooksrunning.com,active_ecommerce,shopify,True,,3,True,huggingface
brothersewvac.com,active_ecommerce,shopify,True,,3,True,huggingface
brothersoutlet.com,active_ecommerce,shopify,True,,3,True,huggingface
brothersproducts.com,active_ecommerce,shopify,True,,3,True,huggingface
broughtoneap.co.uk,active_ecommerce,shopify,True,,3,True,huggingface
brownbox.rocks,active_ecommerce,shopify,True,,3,True,huggingface
browncowcreamery.shop,active_ecommerce,shopify,True,,3,True,huggingface
brownishbooks.com,active_ecommerce,shopify,True,,3,True,huggingface
brownliving.in,active_ecommerce,shopify,True,,3,True,huggingface
brownsnaturalpetstore.co.uk,active_ecommerce,shopify,True,,3,True,huggingface
brrrrt.com,active_ecommerce,shopify,True,,3,True,huggingface
brucesmarine.com,active_ecommerce,shopify,True,,3,True,huggingface
brunosplacebklyn.com,active_ecommerce,shopify,True,,3,True,huggingface
brushandbird.com,active_ecommerce,shopify,True,,3,True,huggingface
brycogoods.com,active_ecommerce,shopify,True,,3,True,huggingface
bsatrade.com,active_ecommerce,shopify,True,,3,True,huggingface
bscsafetysigns.com.au,active_ecommerce,shopify,True,,3,True,huggingface
bswoutlet.com,active_ecommerce,shopify,True,,3,True,huggingface
btspaceship.com,active_ecommerce,shopify,True,,3,True,huggingface
bubblepets.com.sg,active_ecommerce,shopify,True,,3,True,huggingface
bubblesplastics.co.za,active_ecommerce,shopify,True,,3,True,huggingface
bubupetshop.com,active_ecommerce,shopify,True,,3,True,huggingface
bucciot.com,active_ecommerce,shopify,True,,3,True,huggingface
buchanandiesel.com,active_ecommerce,shopify,True,,3,True,huggingface
buckhamsgeneralproduce.com.au,active_ecommerce,shopify,True,,3,True,huggingface
bucklehideleather.com,active_ecommerce,shopify,True,,3,True,huggingface
bucksci.com,active_ecommerce,shopify,True,,3,True,huggingface
bucktrouttailoring.com,active_ecommerce,shopify,True,,3,True,huggingface
buddiespetshop.com,active_ecommerce,shopify,True,,3,True,huggingface
buddymercury.com,active_ecommerce,shopify,True,,3,True,huggingface
buddysamc.com,active_ecommerce,shopify,True,,3,True,huggingface
buddyshatchery.com,active_ecommerce,shopify,True,,3,True,huggingface
budgieuniverse.com,active_ecommerce,shopify,True,,3,True,huggingface
buffalo-billiards.com,active_ecommerce,shopify,True,,3,True,huggingface
buffalojeans.ca,active_ecommerce,shopify,True,,3,True,huggingface
bugandbeanfreshies.com,active_ecommerce,shopify,True,,3,True,huggingface
bugsys.com.au,active_ecommerce,shopify,True,,3,True,huggingface
buildabear.co.za,active_ecommerce,shopify,True,,3,True,huggingface
buildabear.com.au,active_ecommerce,shopify,True,,3,True,huggingface
buildempets.com,active_ecommerce,shopify,True,,3,True,huggingface
builderstuff.co.uk,active_ecommerce,shopify,True,,3,True,huggingface
builtbysean.com,active_ecommerce,shopify,True,,3,True,huggingface
bulkbuyoutlet.com,active_ecommerce,shopify,True,,3,True,huggingface
bulkdepotusa.com,active_ecommerce,shopify,True,,3,True,huggingface
bulkwrappingpaper.com,active_ecommerce,shopify,True,,3,True,huggingface
bulletbloom.com,active_ecommerce,shopify,True,,3,True,huggingface
bulletscards.com,active_ecommerce,shopify,True,,3,True,huggingface
bulltug.com,active_ecommerce,shopify,True,,3,True,huggingface
bullybillows.eu,active_ecommerce,shopify,True,,3,True,huggingface
bullycrewcbd.com,active_ecommerce,shopify,True,,3,True,huggingface
bullysoffroad.com.au,active_ecommerce,shopify,True,,3,True,huggingface
bumsonthesaddle.com,active_ecommerce,shopify,True,,3,True,huggingface
bunbougu.com.au,active_ecommerce,shopify,True,,3,True,huggingface
bundubeard.co.za,active_ecommerce,shopify,True,,3,True,huggingface
bunkergear.net,active_ecommerce,shopify,True,,3,True,huggingface
bunkerkings.com,active_ecommerce,shopify,True,,3,True,huggingface
bunners.ca,active_ecommerce,shopify,True,,3,True,huggingface
bunnydepot.com,active_ecommerce,shopify,True,,3,True,huggingface
burhanioudhstore.com,active_ecommerce,shopify,True,,3,True,huggingface
burnlab.co,active_ecommerce,shopify,True,,3,True,huggingface
burnt.co,active_ecommerce,shopify,True,,3,True,huggingface
burnt.co.za,active_ecommerce,shopify,True,,3,True,huggingface
burrogoods.com,active_ecommerce,shopify,True,,3,True,huggingface
burtsbeesbaby.com,active_ecommerce,shopify,True,,3,True,huggingface
bushgyalprostore.com,active_ecommerce,shopify,True,,3,True,huggingface
bustamovecleaner.com,active_ecommerce,shopify,True,,3,True,huggingface
butcherbetter.com,active_ecommerce,shopify,True,,3,True,huggingface
butlerwood.com,active_ecommerce,shopify,True,,3,True,huggingface
buttchique.com,active_ecommerce,shopify,True,,3,True,huggingface
buttergoods.com,active_ecommerce,shopify,True,,3,True,huggingface
buycade.com,active_ecommerce,shopify,True,,3,True,huggingface
buyempirecatgear.com,active_ecommerce,shopify,True,,3,True,huggingface
buyfeedercrickets.com,active_ecommerce,shopify,True,,3,True,huggingface
buyingdirect.ca,active_ecommerce,shopify,True,,3,True,huggingface
buyregisterrolls.com,active_ecommerce,shopify,True,,3,True,huggingface
buytec.it,active_ecommerce,shopify,True,,3,True,huggingface
bvillesupplyinc.com,active_ecommerce,shopify,True,,3,True,huggingface
byamica.com,active_ecommerce,shopify,True,,3,True,huggingface
bycatalfo.com,active_ecommerce,shopify,True,,3,True,huggingface
byegreis.com,active_ecommerce,shopify,True,,3,True,huggingface
byiris.co,active_ecommerce,shopify,True,,3,True,huggingface
bylanarene.com,active_ecommerce,shopify,True,,3,True,huggingface
bylerindustrialtool.com,active_ecommerce,shopify,True,,3,True,huggingface
bymit.co.uk,active_ecommerce,shopify,True,,3,True,huggingface
byndartisan.com,active_ecommerce,shopify,True,,3,True,huggingface
byndgrn.com,active_ecommerce,shopify,True,,3,True,huggingface
byogi.store,active_ecommerce,shopify,True,,3,True,huggingface
byrdnyc.com,active_ecommerce,shopify,True,,3,True,huggingface
byshree.com,active_ecommerce,shopify,True,,3,True,huggingface
c9airwear.com,active_ecommerce,shopify,True,,3,True,huggingface
cablesandsensors.com,active_ecommerce,shopify,True,,3,True,huggingface
cabletoolsusa.com,active_ecommerce,shopify,True,,3,True,huggingface
cabritaalegre.cl,active_ecommerce,shopify,True,,3,True,huggingface
cabtechqatar.com,active_ecommerce,shopify,True,,3,True,huggingface
cacticonserve.com.au,active_ecommerce,shopify,True,,3,True,huggingface
cadetailing.co.uk,active_ecommerce,shopify,True,,3,True,huggingface
cadetshop.com.au,active_ecommerce,shopify,True,,3,True,huggingface
cadoggies.com,active_ecommerce,shopify,True,,3,True,huggingface
cadospet.com.au,active_ecommerce,shopify,True,,3,True,huggingface
cadtsy.com,active_ecommerce,shopify,True,,3,True,huggingface
caelumgreene.com,active_ecommerce,shopify,True,,3,True,huggingface
cafidepets.com,active_ecommerce,shopify,True,,3,True,huggingface
cairnspring.com,active_ecommerce,shopify,True,,3,True,huggingface
cakerswarehouse.com.au,active_ecommerce,shopify,True,,3,True,huggingface
caledonfarms.ca,active_ecommerce,shopify,True,,3,True,huggingface
calhounstore.com,active_ecommerce,shopify,True,,3,True,huggingface
calmedi.com,active_ecommerce,shopify,True,,3,True,huggingface
calmingdogbeds.co.uk,active_ecommerce,shopify,True,,3,True,huggingface
calody-air.com,active_ecommerce,shopify,True,,3,True,huggingface
cambivo.com,active_ecommerce,shopify,True,,3,True,huggingface
cambridgecrafts.co.nz,active_ecommerce,shopify,True,,3,True,huggingface
camij.org,active_ecommerce,shopify,True,,3,True,huggingface
camiliasupply.com,active_ecommerce,shopify,True,,3,True,huggingface
cammynguyenllc.com,active_ecommerce,shopify,True,,3,True,huggingface
campervan-hq.com,active_ecommerce,shopify,True,,3,True,huggingface
campfireaudio.com,active_ecommerce,shopify,True,,3,True,huggingface
campnsea.com,active_ecommerce,shopify,True,,3,True,huggingface
campwander.com,active_ecommerce,shopify,True,,3,True,huggingface
canadafit.fitness,active_ecommerce,shopify,True,,3,True,huggingface
canadagoose.com,active_ecommerce,shopify,True,,3,True,huggingface
canadagoose.com.au,active_ecommerce,shopify,True,,3,True,huggingface
canadapooch.com,active_ecommerce,shopify,True,,3,True,huggingface
canadianshieldppe.ca,active_ecommerce,shopify,True,,3,True,huggingface
cananimalcare.com.au,active_ecommerce,shopify,True,,3,True,huggingface
candleandbright.com,active_ecommerce,shopify,True,,3,True,huggingface
candy-yarn.com,active_ecommerce,shopify,True,,3,True,huggingface
cane-kitchen.com,active_ecommerce,shopify,True,,3,True,huggingface
canineholistics.com,active_ecommerce,shopify,True,,3,True,huggingface
cannatapesport.com,active_ecommerce,shopify,True,,3,True,huggingface
cantabilshop.com,active_ecommerce,shopify,True,,3,True,huggingface
capefishstore.com,active_ecommerce,shopify,True,,3,True,huggingface
capocycling.com,active_ecommerce,shopify,True,,3,True,huggingface
capriessentials.com,active_ecommerce,shopify,True,,3,True,huggingface
captainfawcett.com,active_ecommerce,shopify,True,,3,True,huggingface
captharry.com,active_ecommerce,shopify,True,,3,True,huggingface
captivated.com,active_ecommerce,shopify,True,,3,True,huggingface
cara-cats.com,active_ecommerce,shopify,True,,3,True,huggingface
carabay.ie,active_ecommerce,shopify,True,,3,True,huggingface
carabellagifts.com,active_ecommerce,shopify,True,,3,True,huggingface
caramiadogwear.com,active_ecommerce,shopify,True,,3,True,huggingface
carbellaauto.com,active_ecommerce,shopify,True,,3,True,huggingface
carbourtools.com,active_ecommerce,shopify,True,,3,True,huggingface
carburetedinnovations.com,active_ecommerce,shopify,True,,3,True,huggingface
carcareprivatelabel.com,active_ecommerce,shopify,True,,3,True,huggingface
carcologne.co.uk,active_ecommerce,shopify,True,,3,True,huggingface
careaboutmypet.com,active_ecommerce,shopify,True,,3,True,huggingface
careappliances.ca,active_ecommerce,shopify,True,,3,True,huggingface
carhartt-wip.com,active_ecommerce,shopify,True,,3,True,huggingface
carltonaudiovisual.com.au,active_ecommerce,shopify,True,,3,True,huggingface
carltonsthefeedmerchants.co.uk,active_ecommerce,shopify,True,,3,True,huggingface
carminefeed.com,active_ecommerce,shopify,True,,3,True,huggingface
carnagetools.com,active_ecommerce,shopify,True,,3,True,huggingface
carnivoreinstincts.com,active_ecommerce,shopify,True,,3,True,huggingface
carolinaaquatics.com,active_ecommerce,shopify,True,,3,True,huggingface
carolinapetcompany.com,active_ecommerce,shopify,True,,3,True,huggingface
carolinatigerrescue.org,active_ecommerce,shopify,True,,3,True,huggingface
carpartsdirectstore.com,active_ecommerce,shopify,True,,3,True,huggingface
carrier.com,active_ecommerce,shopify,True,,3,True,huggingface
carrillosstore.com,active_ecommerce,shopify,True,,3,True,huggingface
carscaremall.com,active_ecommerce,shopify,True,,3,True,huggingface
carscoinc.com,active_ecommerce,shopify,True,,3,True,huggingface
carshirts.com,active_ecommerce,shopify,True,,3,True,huggingface
carsonscooling.com,active_ecommerce,shopify,True,,3,True,huggingface
carstereofxdesigns.com,active_ecommerce,shopify,True,,3,True,huggingface
carsupplieswarehouse.com,active_ecommerce,shopify,True,,3,True,huggingface
cartefini.com,active_ecommerce,shopify,True,,3,True,huggingface
cartergoods.com,active_ecommerce,shopify,True,,3,True,huggingface
carwrapsupplier.com,active_ecommerce,shopify,True,,3,True,huggingface
casadelbaristapr.com,active_ecommerce,shopify,True,,3,True,huggingface
casadfamilyfarms.com,active_ecommerce,shopify,True,,3,True,huggingface
casayogapr.com,active_ecommerce,shopify,True,,3,True,huggingface
cascade-assets.com,active_ecommerce,shopify,True,,3,True,huggingface
cascarafoods.com,active_ecommerce,shopify,True,,3,True,huggingface
cashconverters.sg,active_ecommerce,shopify,True,,3,True,huggingface
cashmeregoatyarn.com,active_ecommerce,shopify,True,,3,True,huggingface
cashsnametapes.co.uk,active_ecommerce,shopify,True,,3,True,huggingface
casoman.com,active_ecommerce,shopify,True,,3,True,huggingface
cassellmarine.com.au,active_ecommerce,shopify,True,,3,True,huggingface
castcovers.co.nz,active_ecommerce,shopify,True,,3,True,huggingface
castleofscents.co.uk,active_ecommerce,shopify,True,,3,True,huggingface
castleremedies.com,active_ecommerce,shopify,True,,3,True,huggingface
cat-mat.store,active_ecommerce,shopify,True,,3,True,huggingface
catandmonkey.co.uk,active_ecommerce,shopify,True,,3,True,huggingface
catboutique.net,active_ecommerce,shopify,True,,3,True,huggingface
catbutler.com,active_ecommerce,shopify,True,,3,True,huggingface
catclawclothing.com,active_ecommerce,shopify,True,,3,True,huggingface
catcoshop.com,active_ecommerce,shopify,True,,3,True,huggingface
catcoven.com,active_ecommerce,shopify,True,,3,True,huggingface
catcrack.com,active_ecommerce,shopify,True,,3,True,huggingface
catcrazystore.com,active_ecommerce,shopify,True,,3,True,huggingface
catculture.com,active_ecommerce,shopify,True,,3,True,huggingface
catcurio.com,active_ecommerce,shopify,True,,3,True,huggingface
catevolution.com.au,active_ecommerce,shopify,True,,3,True,huggingface
catfactory.com.au,active_ecommerce,shopify,True,,3,True,huggingface
catharnessaustralia.com.au,active_ecommerce,shopify,True,,3,True,huggingface
cathaven.com.au,active_ecommerce,shopify,True,,3,True,huggingface
cathouseclothing.com,active_ecommerce,shopify,True,,3,True,huggingface
cathykangasfoundation.org,active_ecommerce,shopify,True,,3,True,huggingface
catinthebagshop.com,active_ecommerce,shopify,True,,3,True,huggingface
catit.ca,active_ecommerce,shopify,True,,3,True,huggingface
catjaniga.com,active_ecommerce,shopify,True,,3,True,huggingface
catjoy.uk,active_ecommerce,shopify,True,,3,True,huggingface
catkea.com.au,active_ecommerce,shopify,True,,3,True,huggingface
catlink.co.nz,active_ecommerce,shopify,True,,3,True,huggingface
catluminatimerch.com,active_ecommerce,shopify,True,,3,True,huggingface
catmatter.com,active_ecommerce,shopify,True,,3,True,huggingface
catnets.com.au,active_ecommerce,shopify,True,,3,True,huggingface
catnipcrazed.com,active_ecommerce,shopify,True,,3,True,huggingface
catonthecorner.com,active_ecommerce,shopify,True,,3,True,huggingface
catoriclothing.com,active_ecommerce,shopify,True,,3,True,huggingface
catpak.sg,active_ecommerce,shopify,True,,3,True,huggingface
catrygroup.com,active_ecommerce,shopify,True,,3,True,huggingface
cats-mode.com,active_ecommerce,shopify,True,,3,True,huggingface
catscarf.com,active_ecommerce,shopify,True,,3,True,huggingface
catsdogsrock.com,active_ecommerce,shopify,True,,3,True,huggingface
catsessentials.com,active_ecommerce,shopify,True,,3,True,huggingface
catshoponline.com.au,active_ecommerce,shopify,True,,3,True,huggingface
catskollection.com,active_ecommerce,shopify,True,,3,True,huggingface
catsndogs.store,active_ecommerce,shopify,True,,3,True,huggingface
catsofcoventry.com,active_ecommerce,shopify,True,,3,True,huggingface
catsonas.com,active_ecommerce,shopify,True,,3,True,huggingface
catsondrugs.com,active_ecommerce,shopify,True,,3,True,huggingface
catspotlitter.com,active_ecommerce,shopify,True,,3,True,huggingface
catsprice.com,active_ecommerce,shopify,True,,3,True,huggingface
catstevens.com,active_ecommerce,shopify,True,,3,True,huggingface
catstreetstore.com.au,active_ecommerce,shopify,True,,3,True,huggingface
catsuppliesandmore.com,active_ecommerce,shopify,True,,3,True,huggingface
catswhereitsat.com,active_ecommerce,shopify,True,,3,True,huggingface
cattamboo.com,active_ecommerce,shopify,True,,3,True,huggingface
cattitudequeenapparel.com,active_ecommerce,shopify,True,,3,True,huggingface
cattlescales.co,active_ecommerce,shopify,True,,3,True,huggingface
cattreeparts.com,active_ecommerce,shopify,True,,3,True,huggingface
catunedoffroad.com,active_ecommerce,shopify,True,,3,True,huggingface
catworld.co.nz,active_ecommerce,shopify,True,,3,True,huggingface
catzcomfort.com,active_ecommerce,shopify,True,,3,True,huggingface
cavadesoi.com,active_ecommerce,shopify,True,,3,True,huggingface
cavdstore.co.uk,active_ecommerce,shopify,True,,3,True,huggingface
cavecanempet.com,active_ecommerce,shopify,True,,3,True,huggingface
cavesnd.com,active_ecommerce,shopify,True,,3,True,huggingface
cbcheminc.com,active_ecommerce,shopify,True,,3,True,huggingface
cbdstore.in,active_ecommerce,shopify,True,,3,True,huggingface
cbmtools.com,active_ecommerce,shopify,True,,3,True,huggingface
ccmilitary.com,active_ecommerce,shopify,True,,3,True,huggingface
ccpaintballonline.com,active_ecommerce,shopify,True,,3,True,huggingface
cdk9raw.com.au,active_ecommerce,shopify,True,,3,True,huggingface
cecepaw.com,active_ecommerce,shopify,True,,3,True,huggingface
cedarandvine.net,active_ecommerce,shopify,True,,3,True,huggingface
ceeniuhome.com,active_ecommerce,shopify,True,,3,True,huggingface
celebritystylefashion.com.au,active_ecommerce,shopify,True,,3,True,huggingface
celessa.com.my,active_ecommerce,shopify,True,,3,True,huggingface
cellovet.com,active_ecommerce,shopify,True,,3,True,huggingface
centaurpackaging.com.au,active_ecommerce,shopify,True,,3,True,huggingface
centaurwebstore.com,active_ecommerce,shopify,True,,3,True,huggingface
centereachhardware.com,active_ecommerce,shopify,True,,3,True,huggingface
centralcitychamber.org,active_ecommerce,shopify,True,,3,True,huggingface
centralpetsmart.com,active_ecommerce,shopify,True,,3,True,huggingface
centralpurl.com,active_ecommerce,shopify,True,,3,True,huggingface
centralvet.ca,active_ecommerce,shopify,True,,3,True,huggingface
centricbilliard.com,active_ecommerce,shopify,True,,3,True,huggingface
centrumleisure.com,active_ecommerce,shopify,True,,3,True,huggingface
cerberus-training.com,active_ecommerce,shopify,True,,3,True,huggingface
cercker.com,active_ecommerce,shopify,True,,3,True,huggingface
ceremonypress.co.uk,active_ecommerce,shopify,True,,3,True,huggingface
cerusclothing.com,active_ecommerce,shopify,True,,3,True,huggingface
chagrinpet.com,active_ecommerce,shopify,True,,3,True,huggingface
chairliving.com,active_ecommerce,shopify,True,,3,True,huggingface
challenger.sg,active_ecommerce,shopify,True,,3,True,huggingface
challengeraviation.com,active_ecommerce,shopify,True,,3,True,huggingface
challengeweightedworkoutwear.com,active_ecommerce,shopify,True,,3,True,huggingface
chambersfarmgarden.com,active_ecommerce,shopify,True,,3,True,huggingface
channellock.com,active_ecommerce,shopify,True,,3,True,huggingface
channelmaster.com,active_ecommerce,shopify,True,,3,True,huggingface
chantingblue.com,active_ecommerce,shopify,True,,3,True,huggingface
chaosaudio.com,active_ecommerce,shopify,True,,3,True,huggingface
chaosfiberco.com,active_ecommerce,shopify,True,,3,True,huggingface
chapter2drip.com,active_ecommerce,shopify,True,,3,True,huggingface
charliebcollection.ca,active_ecommerce,shopify,True,,3,True,huggingface
charliebcollection.com,active_ecommerce,shopify,True,,3,True,huggingface
charliepaigefashion.com,active_ecommerce,shopify,True,,3,True,huggingface
charlieswholesale.com,active_ecommerce,shopify,True,,3,True,huggingface
charlottespet.com,active_ecommerce,shopify,True,,3,True,huggingface
charmandsoul.com,active_ecommerce,shopify,True,,3,True,huggingface
charmchoices.com,active_ecommerce,shopify,True,,3,True,huggingface
charmingewe.com,active_ecommerce,shopify,True,,3,True,huggingface
charmyboxshop.com,active_ecommerce,shopify,True,,3,True,huggingface
charylistores.com,active_ecommerce,shopify,True,,3,True,huggingface
chasingpets.store,active_ecommerce,shopify,True,,3,True,huggingface
chassislinersupply.com,active_ecommerce,shopify,True,,3,True,huggingface
chateaupeyfaures.com,active_ecommerce,shopify,True,,3,True,huggingface
chatham.com,active_ecommerce,shopify,True,,3,True,huggingface
chathampottery.com,active_ecommerce,shopify,True,,3,True,huggingface
chatterboxlabels.com,active_ecommerce,shopify,True,,3,True,huggingface
chattervox.net,active_ecommerce,shopify,True,,3,True,huggingface
cheapaschips.com.au,active_ecommerce,shopify,True,,3,True,huggingface
cheapshotusa.com,active_ecommerce,shopify,True,,3,True,huggingface
checkmybodyhealth.com,active_ecommerce,shopify,True,,3,True,huggingface
cheekyrascals.co.uk,active_ecommerce,shopify,True,,3,True,huggingface
cheerhunting.com,active_ecommerce,shopify,True,,3,True,huggingface
chegron.com,active_ecommerce,shopify,True,,3,True,huggingface
chelseacats.co.uk,active_ecommerce,shopify,True,,3,True,huggingface
chelseadogs.com,active_ecommerce,shopify,True,,3,True,huggingface
chelsystoys.com,active_ecommerce,shopify,True,,3,True,huggingface
chemicalguys.co.uk,active_ecommerce,shopify,True,,3,True,huggingface
chemistplus.co.nz,active_ecommerce,shopify,True,,3,True,huggingface
chemtratechemicals.com,active_ecommerce,shopify,True,,3,True,huggingface
cherielou.com,active_ecommerce,shopify,True,,3,True,huggingface
cherishlewis.co.uk,active_ecommerce,shopify,True,,3,True,huggingface
cherry-lane.co.uk,active_ecommerce,shopify,True,,3,True,huggingface
cherrycollectables.com.au,active_ecommerce,shopify,True,,3,True,huggingface
cherrykitten.com,active_ecommerce,shopify,True,,3,True,huggingface
cherrylandsbest.com,active_ecommerce,shopify,True,,3,True,huggingface
cherrytreeorganics.com.au,active_ecommerce,shopify,True,,3,True,huggingface
chesterandpearl.com,active_ecommerce,shopify,True,,3,True,huggingface
chestnutcelebrations.com,active_ecommerce,shopify,True,,3,True,huggingface
chestnutmill.co.uk,active_ecommerce,shopify,True,,3,True,huggingface
chewersjoy.com,active_ecommerce,shopify,True,,3,True,huggingface
chezpluie.com,active_ecommerce,shopify,True,,3,True,huggingface
chiaraboni.com,active_ecommerce,shopify,True,,3,True,huggingface
chic-puppy.com,active_ecommerce,shopify,True,,3,True,huggingface
chichispurrfectsupplies.store,active_ecommerce,shopify,True,,3,True,huggingface
chickittyshop.com,active_ecommerce,shopify,True,,3,True,huggingface
chicknlegs.com,active_ecommerce,shopify,True,,3,True,huggingface
chicksagway.com,active_ecommerce,shopify,True,,3,True,huggingface
chieftreats.com,active_ecommerce,shopify,True,,3,True,huggingface
childtherapytoys.com,active_ecommerce,shopify,True,,3,True,huggingface
chillangel.com,active_ecommerce,shopify,True,,3,True,huggingface
chilloutmotorsports.com,active_ecommerce,shopify,True,,3,True,huggingface
chimeragamingonline.com,active_ecommerce,shopify,True,,3,True,huggingface
chinchiolofarming.com,active_ecommerce,shopify,True,,3,True,huggingface
chintiandparker.com,active_ecommerce,shopify,True,,3,True,huggingface
chippinpet.com,active_ecommerce,shopify,True,,3,True,huggingface
chirpybirdy.com,active_ecommerce,shopify,True,,3,True,huggingface
chivillabay.com,active_ecommerce,shopify,True,,3,True,huggingface
chloe-max.com,active_ecommerce,shopify,True,,3,True,huggingface
chloecole.com,active_ecommerce,shopify,True,,3,True,huggingface
chocolateman.com,active_ecommerce,shopify,True,,3,True,huggingface
chocostationery.com,active_ecommerce,shopify,True,,3,True,huggingface
choetech.com,active_ecommerce,shopify,True,,3,True,huggingface
choiceaudio.com,active_ecommerce,shopify,True,,3,True,huggingface
chongker.com,active_ecommerce,shopify,True,,3,True,huggingface
choolapet.com,active_ecommerce,shopify,True,,3,True,huggingface
choolip.com,active_ecommerce,shopify,True,,3,True,huggingface
christiansuppliesaustralia.com.au,active_ecommerce,shopify,True,,3,True,huggingface
christyng.com,active_ecommerce,shopify,True,,3,True,huggingface
chromalabel.com,active_ecommerce,shopify,True,,3,True,huggingface
chromecp.com,active_ecommerce,shopify,True,,3,True,huggingface
chromecp.ie,active_ecommerce,shopify,True,,3,True,huggingface
chunkos.co.uk,active_ecommerce,shopify,True,,3,True,huggingface
chunkyyarnbarn.com.au,active_ecommerce,shopify,True,,3,True,huggingface
ciaogattocatmarket.com,active_ecommerce,shopify,True,,3,True,huggingface
cielie.com,active_ecommerce,shopify,True,,3,True,huggingface
cielskincare.com,active_ecommerce,shopify,True,,3,True,huggingface
cimadex.com,active_ecommerce,shopify,True,,3,True,huggingface
cinegearpro.co.uk,active_ecommerce,shopify,True,,3,True,huggingface
cinemalightboxes.com,active_ecommerce,shopify,True,,3,True,huggingface
ciovita.com,active_ecommerce,shopify,True,,3,True,huggingface
circlepfeedstore.com,active_ecommerce,shopify,True,,3,True,huggingface
circlestrips.com,active_ecommerce,shopify,True,,3,True,huggingface
circletape.com,active_ecommerce,shopify,True,,3,True,huggingface
circuithero.com,active_ecommerce,shopify,True,,3,True,huggingface
citybear.co,active_ecommerce,shopify,True,,3,True,huggingface
citybirddetroit.com,active_ecommerce,shopify,True,,3,True,huggingface
citydogstore.com,active_ecommerce,shopify,True,,3,True,huggingface
cityluxe.sg,active_ecommerce,shopify,True,,3,True,huggingface
citywidedirect.com,active_ecommerce,shopify,True,,3,True,huggingface
civetaf.com,active_ecommerce,shopify,True,,3,True,huggingface
civilianaire.com,active_ecommerce,shopify,True,,3,True,huggingface
cjcoffroad.com,active_ecommerce,shopify,True,,3,True,huggingface
cjsdistributing.com,active_ecommerce,shopify,True,,3,True,huggingface
cksupply.com,active_ecommerce,shopify,True,,3,True,huggingface
clairamerica.com,active_ecommerce,shopify,True,,3,True,huggingface
clairusedgear.com,active_ecommerce,shopify,True,,3,True,huggingface
claraclean.co.uk,active_ecommerce,shopify,True,,3,True,huggingface
clarityrhythm.com,active_ecommerce,shopify,True,,3,True,huggingface
classiqueint.com,active_ecommerce,shopify,True,,3,True,huggingface
clawcreature.com,active_ecommerce,shopify,True,,3,True,huggingface
clawsable.com,active_ecommerce,shopify,True,,3,True,huggingface
clawsnpaws.co.in,active_ecommerce,shopify,True,,3,True,huggingface
claytonstoystore.com,active_ecommerce,shopify,True,,3,True,huggingface
cleanairwholesale.com,active_ecommerce,shopify,True,,3,True,huggingface
cleanforceair.com,active_ecommerce,shopify,True,,3,True,huggingface
cleaningdepotsupply.com,active_ecommerce,shopify,True,,3,True,huggingface
cleaningsuperstore.com,active_ecommerce,shopify,True,,3,True,huggingface
cleaningsupplyusa.com,active_ecommerce,shopify,True,,3,True,huggingface
cleanlitterclub.com,active_ecommerce,shopify,True,,3,True,huggingface
cleanmama.com,active_ecommerce,shopify,True,,3,True,huggingface
cleanpost.co.nz,active_ecommerce,shopify,True,,3,True,huggingface
cleanprosupplies.ca,active_ecommerce,shopify,True,,3,True,huggingface
clearanceac.com,active_ecommerce,shopify,True,,3,True,huggingface
clearedhot.team,active_ecommerce,shopify,True,,3,True,huggingface
clearfur.co,active_ecommerce,shopify,True,,3,True,huggingface
clearirons.com,active_ecommerce,shopify,True,,3,True,huggingface
clearlinekiosk.com,active_ecommerce,shopify,True,,3,True,huggingface
clearlyyoursgifts.com,active_ecommerce,shopify,True,,3,True,huggingface
clearwaypets.co.uk,active_ecommerce,shopify,True,,3,True,huggingface
cleocosmetics.com,active_ecommerce,shopify,True,,3,True,huggingface
cleosyarnshop.com,active_ecommerce,shopify,True,,3,True,huggingface
clerasconnect.com,active_ecommerce,shopify,True,,3,True,huggingface
clevast.com,active_ecommerce,shopify,True,,3,True,huggingface
clevelandbrewshop.com,active_ecommerce,shopify,True,,3,True,huggingface
clevelandfeedandfarm.com,active_ecommerce,shopify,True,,3,True,huggingface
clevelandpunch.com,active_ecommerce,shopify,True,,3,True,huggingface
clevershieldcoatings.co.uk,active_ecommerce,shopify,True,,3,True,huggingface
climatecontrol.es,active_ecommerce,shopify,True,,3,True,huggingface
climateright.com,active_ecommerce,shopify,True,,3,True,huggingface
clintonhillcashmere.com,active_ecommerce,shopify,True,,3,True,huggingface
clix2buy.com,active_ecommerce,shopify,True,,3,True,huggingface
cloningaquapets.com,active_ecommerce,shopify,True,,3,True,huggingface
clothesforher.net,active_ecommerce,shopify,True,,3,True,huggingface
clothingwarehouse.com,active_ecommerce,shopify,True,,3,True,huggingface
cloudberryliving.co.uk,active_ecommerce,shopify,True,,3,True,huggingface
cloudveil.com,active_ecommerce,shopify,True,,3,True,huggingface
cloudwaterbrew.co,active_ecommerce,shopify,True,,3,True,huggingface
clovercat.com,active_ecommerce,shopify,True,,3,True,huggingface
clovercattoys.com,active_ecommerce,shopify,True,,3,True,huggingface
club-ocean.com,active_ecommerce,shopify,True,,3,True,huggingface
clutchglue.com,active_ecommerce,shopify,True,,3,True,huggingface
cmmarena.com,active_ecommerce,shopify,True,,3,True,huggingface
cmpersonalgifts.com,active_ecommerce,shopify,True,,3,True,huggingface
cmsyukon.ca,active_ecommerce,shopify,True,,3,True,huggingface
cnctoolingdirect.com,active_ecommerce,shopify,True,,3,True,huggingface
co2radical.com.au,active_ecommerce,shopify,True,,3,True,huggingface
coachcoxandcrew.com,active_ecommerce,shopify,True,,3,True,huggingface
coastalcandleco.net,active_ecommerce,shopify,True,,3,True,huggingface
coastaltool.com,active_ecommerce,shopify,True,,3,True,huggingface
coatsproducts.com,active_ecommerce,shopify,True,,3,True,huggingface
cobbydog.com,active_ecommerce,shopify,True,,3,True,huggingface
coburgaquarium.com.au,active_ecommerce,shopify,True,,3,True,huggingface
cockblocktoys.com,active_ecommerce,shopify,True,,3,True,huggingface
coco-nut.com.au,active_ecommerce,shopify,True,,3,True,huggingface
cocoacashmere.com,active_ecommerce,shopify,True,,3,True,huggingface
cocoandnero.com.au,active_ecommerce,shopify,True,,3,True,huggingface
cocoaonyx.com,active_ecommerce,shopify,True,,3,True,huggingface
cocodor.com,active_ecommerce,shopify,True,,3,True,huggingface
coffeeam.com,active_ecommerce,shopify,True,,3,True,huggingface
coffeebeanshop.co.uk,active_ecommerce,shopify,True,,3,True,huggingface
coffeelovers.co.nz,active_ecommerce,shopify,True,,3,True,huggingface
coladaco.com,active_ecommerce,shopify,True,,3,True,huggingface
coldaircentral.com,active_ecommerce,shopify,True,,3,True,huggingface
coldairindustries.com,active_ecommerce,shopify,True,,3,True,huggingface
coldasstrucker.com,active_ecommerce,shopify,True,,3,True,huggingface
colday.com.mx,active_ecommerce,shopify,True,,3,True,huggingface
coldayusa.com,active_ecommerce,shopify,True,,3,True,huggingface
coldhair.com,active_ecommerce,shopify,True,,3,True,huggingface
coldnet.com,active_ecommerce,shopify,True,,3,True,huggingface
colebuxton.com,active_ecommerce,shopify,True,,3,True,huggingface
colesprinting.com,active_ecommerce,shopify,True,,3,True,huggingface
collectioni.com,active_ecommerce,shopify,True,,3,True,huggingface
collectorsrow.net,active_ecommerce,shopify,True,,3,True,huggingface
collectorzown.com,active_ecommerce,shopify,True,,3,True,huggingface
collegeviewcrafts.shop,active_ecommerce,shopify,True,,3,True,huggingface
collegiateknitweardesigns.com,active_ecommerce,shopify,True,,3,True,huggingface
colloidsforlife.com,active_ecommerce,shopify,True,,3,True,huggingface
coloradofoodshowroom.com,active_ecommerce,shopify,True,,3,True,huggingface
coloradothreads.com,active_ecommerce,shopify,True,,3,True,huggingface
colorfil.com,active_ecommerce,shopify,True,,3,True,huggingface
colorsofrainbow.com,active_ecommerce,shopify,True,,3,True,huggingface
comalpecanfarm.com,active_ecommerce,shopify,True,,3,True,huggingface
combatkitaustralia.com.au,active_ecommerce,shopify,True,,3,True,huggingface
comda.com,active_ecommerce,shopify,True,,3,True,huggingface
comfortzoneproducts.com,active_ecommerce,shopify,True,,3,True,huggingface
comfypet.co.nz,active_ecommerce,shopify,True,,3,True,huggingface
comickazi.com,active_ecommerce,shopify,True,,3,True,huggingface
comicwarehouse.co.uk,active_ecommerce,shopify,True,,3,True,huggingface
comixoasis.com,active_ecommerce,shopify,True,,3,True,huggingface
commandosairsoft.com,active_ecommerce,shopify,True,,3,True,huggingface
commercial-industrial-supply.com,active_ecommerce,shopify,True,,3,True,huggingface
commercialairfiltration.co.uk,active_ecommerce,shopify,True,,3,True,huggingface
commgearsupply.com,active_ecommerce,shopify,True,,3,True,huggingface
commodityfragrances.eu,active_ecommerce,shopify,True,,3,True,huggingface
commoners.co.nz,active_ecommerce,shopify,True,,3,True,huggingface
communionpdx.com,active_ecommerce,shopify,True,,3,True,huggingface
companioncornerpetsupply.com,active_ecommerce,shopify,True,,3,True,huggingface
competitiveindoorairsoft.com,active_ecommerce,shopify,True,,3,True,huggingface
completeequipment.ca,active_ecommerce,shopify,True,,3,True,huggingface
completefilter.com,active_ecommerce,shopify,True,,3,True,huggingface
completeraw.co.uk,active_ecommerce,shopify,True,,3,True,huggingface
completeunityyoga.com,active_ecommerce,shopify,True,,3,True,huggingface
componentauthority.com,active_ecommerce,shopify,True,,3,True,huggingface
compostable.ca,active_ecommerce,shopify,True,,3,True,huggingface
compressedairadvisors.com,active_ecommerce,shopify,True,,3,True,huggingface
computermania.co.za,active_ecommerce,shopify,True,,3,True,huggingface
concessionaire.com,active_ecommerce,shopify,True,,3,True,huggingface
confettigiftandparty.com,active_ecommerce,shopify,True,,3,True,huggingface
connecoutdoors.com,active_ecommerce,shopify,True,,3,True,huggingface
conormcgregor.com,active_ecommerce,shopify,True,,3,True,huggingface
consciouslivingshop.com,active_ecommerce,shopify,True,,3,True,huggingface
consciousyogacollective.com,active_ecommerce,shopify,True,,3,True,huggingface
consignedbydesign.com,active_ecommerce,shopify,True,,3,True,huggingface
consignmentcat.com,active_ecommerce,shopify,True,,3,True,huggingface
constantmountain.com,active_ecommerce,shopify,True,,3,True,huggingface
constellationtreats.com,active_ecommerce,shopify,True,,3,True,huggingface
contractorsupplies.com,active_ecommerce,shopify,True,,3,True,huggingface
contractortool.com,active_ecommerce,shopify,True,,3,True,huggingface
coolbeds4pets.com,active_ecommerce,shopify,True,,3,True,huggingface
coolcats.com,active_ecommerce,shopify,True,,3,True,huggingface
coolcatsclothing.co.uk,active_ecommerce,shopify,True,,3,True,huggingface
coolcomponents.co.uk,active_ecommerce,shopify,True,,3,True,huggingface
coolcop.com,active_ecommerce,shopify,True,,3,True,huggingface
coolerkitchen.com,active_ecommerce,shopify,True,,3,True,huggingface
cooliscats.com,active_ecommerce,shopify,True,,3,True,huggingface
coolpooltables.com,active_ecommerce,shopify,True,,3,True,huggingface
coolqiya.com,active_ecommerce,shopify,True,,3,True,huggingface
cooltools.net.au,active_ecommerce,shopify,True,,3,True,huggingface
coolvio.com,active_ecommerce,shopify,True,,3,True,huggingface
coolwithmaxair.com,active_ecommerce,shopify,True,,3,True,huggingface
coopcare.com,active_ecommerce,shopify,True,,3,True,huggingface
coopercases.com,active_ecommerce,shopify,True,,3,True,huggingface
copgain.com,active_ecommerce,shopify,True,,3,True,huggingface
copicutfarms.com,active_ecommerce,shopify,True,,3,True,huggingface
corebuy.com,active_ecommerce,shopify,True,,3,True,huggingface
corepoweryoga.com,active_ecommerce,shopify,True,,3,True,huggingface
coreshorts.com,active_ecommerce,shopify,True,,3,True,huggingface
corkbrick.com,active_ecommerce,shopify,True,,3,True,huggingface
cornerwolf.com,active_ecommerce,shopify,True,,3,True,huggingface
coroflex.com,active_ecommerce,shopify,True,,3,True,huggingface
corpaw.co,active_ecommerce,shopify,True,,3,True,huggingface
corporateapparelonline.com.au,active_ecommerce,shopify,True,,3,True,huggingface
cosabella.com,active_ecommerce,shopify,True,,3,True,huggingface
cosmiccollage.com,active_ecommerce,shopify,True,,3,True,huggingface
cosmicdestroyers.com,active_ecommerce,shopify,True,,3,True,huggingface
cosmix.in,active_ecommerce,shopify,True,,3,True,huggingface
cosmoslayers.in,active_ecommerce,shopify,True,,3,True,huggingface
costoffs.com,active_ecommerce,shopify,True,,3,True,huggingface
cosyscastles.com,active_ecommerce,shopify,True,,3,True,huggingface
coteriecreatives.com,active_ecommerce,shopify,True,,3,True,huggingface
cotoys.dk,active_ecommerce,shopify,True,,3,True,huggingface
cotswoldhipster.com,active_ecommerce,shopify,True,,3,True,huggingface
cottoncat.in,active_ecommerce,shopify,True,,3,True,huggingface
cottonique.com,active_ecommerce,shopify,True,,3,True,huggingface
coucouintimates.com,active_ecommerce,shopify,True,,3,True,huggingface
countryandtwee.co.uk,active_ecommerce,shopify,True,,3,True,huggingface
countrycraftcreations.com,active_ecommerce,shopify,True,,3,True,huggingface
countrydogbeds.com,active_ecommerce,shopify,True,,3,True,huggingface
countrymile.com.au,active_ecommerce,shopify,True,,3,True,huggingface
countyboutique.ie,active_ecommerce,shopify,True,,3,True,huggingface
courtyardfarms.com,active_ecommerce,shopify,True,,3,True,huggingface
couthie.co.uk,active_ecommerce,shopify,True,,3,True,huggingface
couturecozy.com,active_ecommerce,shopify,True,,3,True,huggingface
cover.earth,active_ecommerce,shopify,True,,3,True,huggingface
coveysandco.com,active_ecommerce,shopify,True,,3,True,huggingface
coway.com,active_ecommerce,shopify,True,,3,True,huggingface
cowingrobardssports.com,active_ecommerce,shopify,True,,3,True,huggingface
cows.ca,active_ecommerce,shopify,True,,3,True,huggingface
cowskinjackets.com,active_ecommerce,shopify,True,,3,True,huggingface
cozey.ca,active_ecommerce,shopify,True,,3,True,huggingface
cozikat.in,active_ecommerce,shopify,True,,3,True,huggingface
cozyarray.com,active_ecommerce,shopify,True,,3,True,huggingface
cozypetsdxb.com,active_ecommerce,shopify,True,,3,True,huggingface
cozypetsshop.nl,active_ecommerce,shopify,True,,3,True,huggingface
cpicallshop.com,active_ecommerce,shopify,True,,3,True,huggingface
cpschaps.com,active_ecommerce,shopify,True,,3,True,huggingface
cradlecoastpetandaquarium.com.au,active_ecommerce,shopify,True,,3,True,huggingface
craft.co.th,active_ecommerce,shopify,True,,3,True,huggingface
craftculturesg.com,active_ecommerce,shopify,True,,3,True,huggingface
craftedsupplies.com,active_ecommerce,shopify,True,,3,True,huggingface
craftncolor.com,active_ecommerce,shopify,True,,3,True,huggingface
craftoutlet.com,active_ecommerce,shopify,True,,3,True,huggingface
craneesfresh.us,active_ecommerce,shopify,True,,3,True,huggingface
cranimals.com,active_ecommerce,shopify,True,,3,True,huggingface
crankycats.com,active_ecommerce,shopify,True,,3,True,huggingface
crateexpectations.com.au,active_ecommerce,shopify,True,,3,True,huggingface
crazycutecatstuff.com,active_ecommerce,shopify,True,,3,True,huggingface
crazyforewe.com,active_ecommerce,shopify,True,,3,True,huggingface
creativehome.ca,active_ecommerce,shopify,True,,3,True,huggingface
creativepackaging.ca,active_ecommerce,shopify,True,,3,True,huggingface
creepcattoyco.com,active_ecommerce,shopify,True,,3,True,huggingface
crescentmedical.com,active_ecommerce,shopify,True,,3,True,huggingface
crescentpharmacy.ca,active_ecommerce,shopify,True,,3,True,huggingface
crescentstarcreations.com,active_ecommerce,shopify,True,,3,True,huggingface
cretiacakes.com,active_ecommerce,shopify,True,,3,True,huggingface
crewlala.com,active_ecommerce,shopify,True,,3,True,huggingface
criminaldamage.co.uk,active_ecommerce,shopify,True,,3,True,huggingface
crinklee.com,active_ecommerce,shopify,True,,3,True,huggingface
criterion-uk.com,active_ecommerce,shopify,True,,3,True,huggingface
crittercountry.ca,active_ecommerce,shopify,True,,3,True,huggingface
critterlove.com,active_ecommerce,shopify,True,,3,True,huggingface
crittersandcrawlers.com,active_ecommerce,shopify,True,,3,True,huggingface
crliquidators.com,active_ecommerce,shopify,True,,3,True,huggingface
croakeronline.com,active_ecommerce,shopify,True,,3,True,huggingface
crochetkitty.com,active_ecommerce,shopify,True,,3,True,huggingface
crochetree.com,active_ecommerce,shopify,True,,3,True,huggingface
croft-home.com,active_ecommerce,shopify,True,,3,True,huggingface
cromtool.com,active_ecommerce,shopify,True,,3,True,huggingface
croninsbooksandbits.co.uk,active_ecommerce,shopify,True,,3,True,huggingface
crossequip.ch,active_ecommerce,shopify,True,,3,True,huggingface
crossfirewelders.com,active_ecommerce,shopify,True,,3,True,huggingface
crosstheages.com,active_ecommerce,shopify,True,,3,True,huggingface
crownairsoft.com,active_ecommerce,shopify,True,,3,True,huggingface
crownofblades.com,active_ecommerce,shopify,True,,3,True,huggingface
crowntoolscorp.com,active_ecommerce,shopify,True,,3,True,huggingface
croylek.com,active_ecommerce,shopify,True,,3,True,huggingface
crunchlabs.com,active_ecommerce,shopify,True,,3,True,huggingface
crushcollection.com,active_ecommerce,shopify,True,,3,True,huggingface
cruzandcrewpetsupplies.com,active_ecommerce,shopify,True,,3,True,huggingface
crystaliausa.com,active_ecommerce,shopify,True,,3,True,huggingface
csctools.com,active_ecommerce,shopify,True,,3,True,huggingface
csr-precision.com,active_ecommerce,shopify,True,,3,True,huggingface
cssporting.co.uk,active_ecommerce,shopify,True,,3,True,huggingface
cssportinggoods.com,active_ecommerce,shopify,True,,3,True,huggingface
ctadigital.com,active_ecommerce,shopify,True,,3,True,huggingface
ctboxmanila.com,active_ecommerce,shopify,True,,3,True,huggingface
ctdistributorspr.com,active_ecommerce,shopify,True,,3,True,huggingface
ctronics.com,active_ecommerce,shopify,True,,3,True,huggingface
ctsounds.com,active_ecommerce,shopify,True,,3,True,huggingface
cubahama.com,active_ecommerce,shopify,True,,3,True,huggingface
cubysoftspeedgear.com,active_ecommerce,shopify,True,,3,True,huggingface
cuckooamerica.ca,active_ecommerce,shopify,True,,3,True,huggingface
cuddle-barn.com,active_ecommerce,shopify,True,,3,True,huggingface
cuddlenestenterprise.com,active_ecommerce,shopify,True,,3,True,huggingface
cuddliopets.com,active_ecommerce,shopify,True,,3,True,huggingface
cuddly.com,active_ecommerce,shopify,True,,3,True,huggingface
culinarycave.com,active_ecommerce,shopify,True,,3,True,huggingface
culinarykraft.co.za,active_ecommerce,shopify,True,,3,True,huggingface
cult91.com,active_ecommerce,shopify,True,,3,True,huggingface
cultpens.com,active_ecommerce,shopify,True,,3,True,huggingface
cumberlandguitars.com,active_ecommerce,shopify,True,,3,True,huggingface
cupandcarry.com.au,active_ecommerce,shopify,True,,3,True,huggingface
cupidanza.com,active_ecommerce,shopify,True,,3,True,huggingface
cupsnmore.com,active_ecommerce,shopify,True,,3,True,huggingface
curaseb.com,active_ecommerce,shopify,True,,3,True,huggingface
curatedhomedecor.com,active_ecommerce,shopify,True,,3,True,huggingface
curatedliving.co.uk,active_ecommerce,shopify,True,,3,True,huggingface
cureandcareshop.com,active_ecommerce,shopify,True,,3,True,huggingface
curemedrx.com,active_ecommerce,shopify,True,,3,True,huggingface
curiouscatbakery.com,active_ecommerce,shopify,True,,3,True,huggingface
curiouscatcompany.com,active_ecommerce,shopify,True,,3,True,huggingface
curiouserandcuriouser.com,active_ecommerce,shopify,True,,3,True,huggingface
curlycontessa.com,active_ecommerce,shopify,True,,3,True,huggingface
curvlife.com,active_ecommerce,shopify,True,,3,True,huggingface
customdealersolutions.com,active_ecommerce,shopify,True,,3,True,huggingface
customfiltersdirect.com,active_ecommerce,shopify,True,,3,True,huggingface
customfitdog.com,active_ecommerce,shopify,True,,3,True,huggingface
customfreshair.com,active_ecommerce,shopify,True,,3,True,huggingface
custommyprints.com,active_ecommerce,shopify,True,,3,True,huggingface
custompapercup.com,active_ecommerce,shopify,True,,3,True,huggingface
customseafoods.com,active_ecommerce,shopify,True,,3,True,huggingface
customspins.com,active_ecommerce,shopify,True,,3,True,huggingface
custysmusic.com,active_ecommerce,shopify,True,,3,True,huggingface
cutebee.net,active_ecommerce,shopify,True,,3,True,huggingface
cutecatnation.com,active_ecommerce,shopify,True,,3,True,huggingface
cutecatsstore.com,active_ecommerce,shopify,True,,3,True,huggingface
cutie-pet-tudies.com,active_ecommerce,shopify,True,,3,True,huggingface
cvlife.com,active_ecommerce,shopify,True,,3,True,huggingface
cwiginseng.com,active_ecommerce,shopify,True,,3,True,huggingface
cxstools.co.uk,active_ecommerce,shopify,True,,3,True,huggingface
cybertake.com.au,active_ecommerce,shopify,True,,3,True,huggingface
cybotoys.in,active_ecommerce,shopify,True,,3,True,huggingface
cycleairfilters.com,active_ecommerce,shopify,True,,3,True,huggingface
cynosuresports.com,active_ecommerce,shopify,True,,3,True,huggingface
cyrilrsalter.co.uk,active_ecommerce,shopify,True,,3,True,huggingface
cyzcollection.com,active_ecommerce,shopify,True,,3,True,huggingface
cziplee.com,active_ecommerce,shopify,True,,3,True,huggingface
d-jetsetter-lifestyle.com,active_ecommerce,shopify,True,,3,True,huggingface
d2pautoparts.com,active_ecommerce,shopify,True,,3,True,huggingface
dachellpets.com,active_ecommerce,shopify,True,,3,True,huggingface
dactec.com,active_ecommerce,shopify,True,,3,True,huggingface
daddyspetsupply.com,active_ecommerce,shopify,True,,3,True,huggingface
dadsofgirlsapparelco.com,active_ecommerce,shopify,True,,3,True,huggingface
dafski.com,active_ecommerce,shopify,True,,3,True,huggingface
dahliajournals.com,active_ecommerce,shopify,True,,3,True,huggingface
dailybrat.com,active_ecommerce,shopify,True,,3,True,huggingface
dailypetco.com,active_ecommerce,shopify,True,,3,True,huggingface
dailyproductspro.com,active_ecommerce,shopify,True,,3,True,huggingface
dailyvita.com,active_ecommerce,shopify,True,,3,True,huggingface
daisosingapore.com.sg,active_ecommerce,shopify,True,,3,True,huggingface
dakegunsmithingllc.com,active_ecommerce,shopify,True,,3,True,huggingface
dakotariggers.com,active_ecommerce,shopify,True,,3,True,huggingface
daleandwaters.com.au,active_ecommerce,shopify,True,,3,True,huggingface
damnfilters.com,active_ecommerce,shopify,True,,3,True,huggingface
damoreengineering.com,active_ecommerce,shopify,True,,3,True,huggingface
dandelionanddogwood.co.uk,active_ecommerce,shopify,True,,3,True,huggingface
dandelionfiberco.com,active_ecommerce,shopify,True,,3,True,huggingface
dandelionindia.co,active_ecommerce,shopify,True,,3,True,huggingface
dandyspawsome.com,active_ecommerce,shopify,True,,3,True,huggingface
dangerfield.com.au,active_ecommerce,shopify,True,,3,True,huggingface
dangessentials.com,active_ecommerce,shopify,True,,3,True,huggingface
dangsnacks.com,active_ecommerce,shopify,True,,3,True,huggingface
danielink.com.au,active_ecommerce,shopify,True,,3,True,huggingface
daniellaerinnyc.com,active_ecommerce,shopify,True,,3,True,huggingface
dannysknitwear.com,active_ecommerce,shopify,True,,3,True,huggingface
daouk.com,active_ecommerce,shopify,True,,3,True,huggingface
dapperbearcandleco.com,active_ecommerce,shopify,True,,3,True,huggingface
darche.com.au,active_ecommerce,shopify,True,,3,True,huggingface
darg.shop,active_ecommerce,shopify,True,,3,True,huggingface
darkglass.com,active_ecommerce,shopify,True,,3,True,huggingface
darkhom.com,active_ecommerce,shopify,True,,3,True,huggingface
darlingloungewear.com,active_ecommerce,shopify,True,,3,True,huggingface
darlingtonfeed.com,active_ecommerce,shopify,True,,3,True,huggingface
darthiafarm.com,active_ecommerce,shopify,True,,3,True,huggingface
darts.com,active_ecommerce,shopify,True,,3,True,huggingface
darwincooling.com.au,active_ecommerce,shopify,True,,3,True,huggingface
darwinspet.com,active_ecommerce,shopify,True,,3,True,huggingface
dasai.com.au,active_ecommerce,shopify,True,,3,True,huggingface
datanamics.co.uk,active_ecommerce,shopify,True,,3,True,huggingface
datavisual.ca,active_ecommerce,shopify,True,,3,True,huggingface
davesguitar.com,active_ecommerce,shopify,True,,3,True,huggingface
davidrosenbakerysupply.com,active_ecommerce,shopify,True,,3,True,huggingface
davidsonsautogear.com,active_ecommerce,shopify,True,,3,True,huggingface
davisporchandpatio.com,active_ecommerce,shopify,True,,3,True,huggingface
dawsongreencleaningsupplies.com,active_ecommerce,shopify,True,,3,True,huggingface
daydweller.co.uk,active_ecommerce,shopify,True,,3,True,huggingface
dazonity.com,active_ecommerce,shopify,True,,3,True,huggingface
dazydog.com,active_ecommerce,shopify,True,,3,True,huggingface
dazz.co.nz,active_ecommerce,shopify,True,,3,True,huggingface
dbdpet.com,active_ecommerce,shopify,True,,3,True,huggingface
dbdrive.net,active_ecommerce,shopify,True,,3,True,huggingface
dc-aroma.com,active_ecommerce,shopify,True,,3,True,huggingface
ddhomekh.com,active_ecommerce,shopify,True,,3,True,huggingface
ddhouse.com.sg,active_ecommerce,shopify,True,,3,True,huggingface
ddrv.com,active_ecommerce,shopify,True,,3,True,huggingface
ddtpstore.com,active_ecommerce,shopify,True,,3,True,huggingface
deadscent.com,active_ecommerce,shopify,True,,3,True,huggingface
deadstock.ca,active_ecommerce,shopify,True,,3,True,huggingface
dealsdejavu.com,active_ecommerce,shopify,True,,3,True,huggingface
dealsplant.com,active_ecommerce,shopify,True,,3,True,huggingface
dear-nesuto.com,active_ecommerce,shopify,True,,3,True,huggingface
decathlon.com,active_ecommerce,shopify,True,,3,True,huggingface
decathlon.com.cy,active_ecommerce,shopify,True,,3,True,huggingface
decibelaudio.com,active_ecommerce,shopify,True,,3,True,huggingface
decker-ampco.com,active_ecommerce,shopify,True,,3,True,huggingface
deckerspets.com,active_ecommerce,shopify,True,,3,True,huggingface
deckodiy.com,active_ecommerce,shopify,True,,3,True,huggingface
decksupermarket.co.uk,active_ecommerce,shopify,True,,3,True,huggingface
decopompoms.com,active_ecommerce,shopify,True,,3,True,huggingface
decorativegiftsstore.com,active_ecommerce,shopify,True,,3,True,huggingface
dedicatedaudio.com,active_ecommerce,shopify,True,,3,True,huggingface
deeks.com.au,active_ecommerce,shopify,True,,3,True,huggingface
deepdyedyarns.com,active_ecommerce,shopify,True,,3,True,huggingface
deepeeonlinestore.com,active_ecommerce,shopify,True,,3,True,huggingface
deepreflectioninc.com,active_ecommerce,shopify,True,,3,True,huggingface
defenderdefenseinc.com,active_ecommerce,shopify,True,,3,True,huggingface
deflectordc.co.uk,active_ecommerce,shopify,True,,3,True,huggingface
deivee.com,active_ecommerce,shopify,True,,3,True,huggingface
dejavuski.com.au,active_ecommerce,shopify,True,,3,True,huggingface
delalba.com.co,active_ecommerce,shopify,True,,3,True,huggingface
delhielectronicsplaza.com,active_ecommerce,shopify,True,,3,True,huggingface
delhipetcenter.com,active_ecommerce,shopify,True,,3,True,huggingface
delitoolsleb.com,active_ecommerce,shopify,True,,3,True,huggingface
delivurr.ca,active_ecommerce,shopify,True,,3,True,huggingface
dellwooddesigns.com,active_ecommerce,shopify,True,,3,True,huggingface
delmicure.com,active_ecommerce,shopify,True,,3,True,huggingface
delonghispareparts.com,active_ecommerce,shopify,True,,3,True,huggingface
delos.com,active_ecommerce,shopify,True,,3,True,huggingface
deltadiamond.com,active_ecommerce,shopify,True,,3,True,huggingface
deltamedia.com,active_ecommerce,shopify,True,,3,True,huggingface
deltapag.com,active_ecommerce,shopify,True,,3,True,huggingface
deluxecanopy.com,active_ecommerce,shopify,True,,3,True,huggingface
deluxegamesroom.co.uk,active_ecommerce,shopify,True,,3,True,huggingface
denbig.shop,active_ecommerce,shopify,True,,3,True,huggingface
dennissevershouse.co.uk,active_ecommerce,shopify,True,,3,True,huggingface
dentalpartsusa.com,active_ecommerce,shopify,True,,3,True,huggingface
derbyoriginals.com,active_ecommerce,shopify,True,,3,True,huggingface
derma.pk,active_ecommerce,shopify,True,,3,True,huggingface
dermagic.com.au,active_ecommerce,shopify,True,,3,True,huggingface
dermglu.com,active_ecommerce,shopify,True,,3,True,huggingface
dermglu.mx,active_ecommerce,shopify,True,,3,True,huggingface
desertleaders.com,active_ecommerce,shopify,True,,3,True,huggingface
desertpandafiberarts.com,active_ecommerce,shopify,True,,3,True,huggingface
desertthread.com,active_ecommerce,shopify,True,,3,True,huggingface
designsfordayz.com,active_ecommerce,shopify,True,,3,True,huggingface
destiny-audio.com,active_ecommerce,shopify,True,,3,True,huggingface
detailculture.com,active_ecommerce,shopify,True,,3,True,huggingface
detaildepot.co.nz,active_ecommerce,shopify,True,,3,True,huggingface
detailingworldwv.com,active_ecommerce,shopify,True,,3,True,huggingface
detcityfcstore.com,active_ecommerce,shopify,True,,3,True,huggingface
detezi.com,active_ecommerce,shopify,True,,3,True,huggingface
detroitk9.com,active_ecommerce,shopify,True,,3,True,huggingface
deuria.com,active_ecommerce,shopify,True,,3,True,huggingface
deutscheequipment.com,active_ecommerce,shopify,True,,3,True,huggingface
dexterandsam.com,active_ecommerce,shopify,True,,3,True,huggingface
dexterslpf.com,active_ecommerce,shopify,True,,3,True,huggingface
dfcdirect.co.uk,active_ecommerce,shopify,True,,3,True,huggingface
dgcreativ.com,active_ecommerce,shopify,True,,3,True,huggingface
dgpetsemporium.com,active_ecommerce,shopify,True,,3,True,huggingface
dgunwerks.com,active_ecommerce,shopify,True,,3,True,huggingface
dharco.com,active_ecommerce,shopify,True,,3,True,huggingface
dharmabums.com.au,active_ecommerce,shopify,True,,3,True,huggingface
dhbsport.com,active_ecommerce,shopify,True,,3,True,huggingface
dialedcarcare.com,active_ecommerce,shopify,True,,3,True,huggingface
diamondabrasivebelts.com,active_ecommerce,shopify,True,,3,True,huggingface
diamondbladesupply.com,active_ecommerce,shopify,True,,3,True,huggingface
diamondcityfarmsupply.com,active_ecommerce,shopify,True,,3,True,huggingface
diamonddotz.com,active_ecommerce,shopify,True,,3,True,huggingface
diamondds.co.uk,active_ecommerce,shopify,True,,3,True,huggingface
diamondrequipment.com,active_ecommerce,shopify,True,,3,True,huggingface
diamondsci.com,active_ecommerce,shopify,True,,3,True,huggingface
diamondshinecleaner.com,active_ecommerce,shopify,True,,3,True,huggingface
dianekroe.com,active_ecommerce,shopify,True,,3,True,huggingface
diasporaco.com,active_ecommerce,shopify,True,,3,True,huggingface
dickinsonfeed.com,active_ecommerce,shopify,True,,3,True,huggingface
diesel.ie,active_ecommerce,shopify,True,,3,True,huggingface
dieselequipmentinc.com,active_ecommerce,shopify,True,,3,True,huggingface
dieseltruckdiagnostictools.com,active_ecommerce,shopify,True,,3,True,huggingface
diestelturkey.com,active_ecommerce,shopify,True,,3,True,huggingface
diffusion-audio.com,active_ecommerce,shopify,True,,3,True,huggingface
digitek.net.in,active_ecommerce,shopify,True,,3,True,huggingface
dilligrey.com,active_ecommerce,shopify,True,,3,True,huggingface
dimoramedical.com,active_ecommerce,shopify,True,,3,True,huggingface
dimples.co.nz,active_ecommerce,shopify,True,,3,True,huggingface
directcomputers.co.uk,active_ecommerce,shopify,True,,3,True,huggingface
directforpets.com,active_ecommerce,shopify,True,,3,True,huggingface
directhomeconnection.com,active_ecommerce,shopify,True,,3,True,huggingface
directmedicalinc.com,active_ecommerce,shopify,True,,3,True,huggingface
dirtydanpb.com,active_ecommerce,shopify,True,,3,True,huggingface
dirtyfilters.com,active_ecommerce,shopify,True,,3,True,huggingface
dirtyprotools.co.uk,active_ecommerce,shopify,True,,3,True,huggingface
dirtysdetaillab.com,active_ecommerce,shopify,True,,3,True,huggingface
dirtytoyz.com,active_ecommerce,shopify,True,,3,True,huggingface
discountoffice.co.nz,active_ecommerce,shopify,True,,3,True,huggingface
discountpackagingwarehouse.com.au,active_ecommerce,shopify,True,,3,True,huggingface
discountshoponline.com.au,active_ecommerce,shopify,True,,3,True,huggingface
discoveredbydarcy.com,active_ecommerce,shopify,True,,3,True,huggingface
discovery-expedition.com,active_ecommerce,shopify,True,,3,True,huggingface
disderoranch.com,active_ecommerce,shopify,True,,3,True,huggingface
displayarmour.co.uk,active_ecommerce,shopify,True,,3,True,huggingface
displaydirect.co.uk,active_ecommerce,shopify,True,,3,True,huggingface
displaymodule.com,active_ecommerce,shopify,True,,3,True,huggingface
displaypro.co.uk,active_ecommerce,shopify,True,,3,True,huggingface
distinctivepets.co.uk,active_ecommerce,shopify,True,,3,True,huggingface
dittybird.com,active_ecommerce,shopify,True,,3,True,huggingface
divinegiftaccessories.com,active_ecommerce,shopify,True,,3,True,huggingface
divinesavages.com,active_ecommerce,shopify,True,,3,True,huggingface
divineyogashop.co.uk,active_ecommerce,shopify,True,,3,True,huggingface
diyagogo.com,active_ecommerce,shopify,True,,3,True,huggingface
diyshop.co.za,active_ecommerce,shopify,True,,3,True,huggingface
dizzysheep.com,active_ecommerce,shopify,True,,3,True,huggingface
dkschulmandesign.com,active_ecommerce,shopify,True,,3,True,huggingface
dlairgun.com,active_ecommerce,shopify,True,,3,True,huggingface
dmzcanada.com,active_ecommerce,shopify,True,,3,True,huggingface
dndgel.com,active_ecommerce,shopify,True,,3,True,huggingface
docksquareclothiers.com,active_ecommerce,shopify,True,,3,True,huggingface
docopet.shop,active_ecommerce,shopify,True,,3,True,huggingface
doctoraromas.com,active_ecommerce,shopify,True,,3,True,huggingface
doctorradows.com,active_ecommerce,shopify,True,,3,True,huggingface
dodgesagway.com,active_ecommerce,shopify,True,,3,True,huggingface
dodolulu.com,active_ecommerce,shopify,True,,3,True,huggingface
dodom.be,active_ecommerce,shopify,True,,3,True,huggingface
dofos.co.uk,active_ecommerce,shopify,True,,3,True,huggingface
dog-travel-beds.com,active_ecommerce,shopify,True,,3,True,huggingface
dogaltakil.com,active_ecommerce,shopify,True,,3,True,huggingface
dogandfrog.com,active_ecommerce,shopify,True,,3,True,huggingface
dogandtaylor.com,active_ecommerce,shopify,True,,3,True,huggingface
dogbar.com,active_ecommerce,shopify,True,,3,True,huggingface
dogbarnyorkshire.com,active_ecommerce,shopify,True,,3,True,huggingface
dogcatpetsupplies.com,active_ecommerce,shopify,True,,3,True,huggingface
dogdogcat.com,active_ecommerce,shopify,True,,3,True,huggingface
dogecore.com,active_ecommerce,shopify,True,,3,True,huggingface
dogfordog.com,active_ecommerce,shopify,True,,3,True,huggingface
doggiedabbas.com,active_ecommerce,shopify,True,,3,True,huggingface
doggiedrawings.net,active_ecommerce,shopify,True,,3,True,huggingface
doggieduvie.com,active_ecommerce,shopify,True,,3,True,huggingface
doggiehillfigher.com,active_ecommerce,shopify,True,,3,True,huggingface
doggonestudios.com,active_ecommerce,shopify,True,,3,True,huggingface
doggoproducts.com,active_ecommerce,shopify,True,,3,True,huggingface
doggoramps.com,active_ecommerce,shopify,True,,3,True,huggingface
dogguo.com,active_ecommerce,shopify,True,,3,True,huggingface
doggydollyshop.com.au,active_ecommerce,shopify,True,,3,True,huggingface
doggyhautecouture.com,active_ecommerce,shopify,True,,3,True,huggingface
doggystyle-petsupplies.com,active_ecommerce,shopify,True,,3,True,huggingface
doggystyleclothing.com,active_ecommerce,shopify,True,,3,True,huggingface
doghealth.co.uk,active_ecommerce,shopify,True,,3,True,huggingface
doghouse.co.uk,active_ecommerce,shopify,True,,3,True,huggingface
doghugscat.com,active_ecommerce,shopify,True,,3,True,huggingface
doginarts.com,active_ecommerce,shopify,True,,3,True,huggingface
doginfluencers.com,active_ecommerce,shopify,True,,3,True,huggingface
dogmomlifestyles.com,active_ecommerce,shopify,True,,3,True,huggingface
dogopet.com,active_ecommerce,shopify,True,,3,True,huggingface
dogsdogsdogs.co.uk,active_ecommerce,shopify,True,,3,True,huggingface
dogsfirstshop.ie,active_ecommerce,shopify,True,,3,True,huggingface
dogshome.com,active_ecommerce,shopify,True,,3,True,huggingface
dogshopmcr.com,active_ecommerce,shopify,True,,3,True,huggingface
dogsmeow.com,active_ecommerce,shopify,True,,3,True,huggingface
dogsportgear.ca,active_ecommerce,shopify,True,,3,True,huggingface
dogsrtreed.com,active_ecommerce,shopify,True,,3,True,huggingface
dogsrulestore.com,active_ecommerce,shopify,True,,3,True,huggingface
dogstrustgifts.com,active_ecommerce,shopify,True,,3,True,huggingface
dogstrustshop.ie,active_ecommerce,shopify,True,,3,True,huggingface
dogtownindia.com,active_ecommerce,shopify,True,,3,True,huggingface
dogwalkersprerolls.com,active_ecommerce,shopify,True,,3,True,huggingface
dogwood-hill.com,active_ecommerce,shopify,True,,3,True,huggingface
dogzzle.com,active_ecommerce,shopify,True,,3,True,huggingface
dollarbargain.com.au,active_ecommerce,shopify,True,,3,True,huggingface
dollarsense.au,active_ecommerce,shopify,True,,3,True,huggingface
dollhouseaccessories.com.au,active_ecommerce,shopify,True,,3,True,huggingface
dollstoysngifts.co.uk,active_ecommerce,shopify,True,,3,True,huggingface
domainebreton.net,active_ecommerce,shopify,True,,3,True,huggingface
domaselo.com,active_ecommerce,shopify,True,,3,True,huggingface
domiandfrisk.com,active_ecommerce,shopify,True,,3,True,huggingface
donperusa.com,active_ecommerce,shopify,True,,3,True,huggingface
doobert.com,active_ecommerce,shopify,True,,3,True,huggingface
doodlecornerga.com,active_ecommerce,shopify,True,,3,True,huggingface
doorcountynatureworks.com,active_ecommerce,shopify,True,,3,True,huggingface
doptop.com,active_ecommerce,shopify,True,,3,True,huggingface
dotique.co.uk,active_ecommerce,shopify,True,,3,True,huggingface
doublebayhardware.com.au,active_ecommerce,shopify,True,,3,True,huggingface
doubledowndeerfeed.com,active_ecommerce,shopify,True,,3,True,huggingface
doubtlessbaypetresort.co.nz,active_ecommerce,shopify,True,,3,True,huggingface
douceursoft.com,active_ecommerce,shopify,True,,3,True,huggingface
dousyhome.com,active_ecommerce,shopify,True,,3,True,huggingface
downtherabbitholewines.com.au,active_ecommerce,shopify,True,,3,True,huggingface
dr-scent.ca,active_ecommerce,shopify,True,,3,True,huggingface
dr-scent.com.qa,active_ecommerce,shopify,True,,3,True,huggingface
dragonhoardyarnco.com,active_ecommerce,shopify,True,,3,True,huggingface
drakes.com,active_ecommerce,shopify,True,,3,True,huggingface
drbrettspets.com,active_ecommerce,shopify,True,,3,True,huggingface
drcharcoal.in,active_ecommerce,shopify,True,,3,True,huggingface
drdogmusic.com,active_ecommerce,shopify,True,,3,True,huggingface
dreamgirlofficial.com,active_ecommerce,shopify,True,,3,True,huggingface
dreamworksbymarlo.com,active_ecommerce,shopify,True,,3,True,huggingface
dreamyarn.net,active_ecommerce,shopify,True,,3,True,huggingface
dressalab.com,active_ecommerce,shopify,True,,3,True,huggingface
drewcare.id,active_ecommerce,shopify,True,,3,True,huggingface
driftwoodcornerco.com,active_ecommerce,shopify,True,,3,True,huggingface
drilaxtools.com,active_ecommerce,shopify,True,,3,True,huggingface
drilldoctor.com,active_ecommerce,shopify,True,,3,True,huggingface
drinklavie.shop,active_ecommerce,shopify,True,,3,True,huggingface
drinkloco.store,active_ecommerce,shopify,True,,3,True,huggingface
drinkmorningmiracle.com,active_ecommerce,shopify,True,,3,True,huggingface
drinkwillibald.com,active_ecommerce,shopify,True,,3,True,huggingface
drishti.cl,active_ecommerce,shopify,True,,3,True,huggingface
drivenpowersports.ca,active_ecommerce,shopify,True,,3,True,huggingface
driveraroma.com,active_ecommerce,shopify,True,,3,True,huggingface
drizzlehoney.com,active_ecommerce,shopify,True,,3,True,huggingface
dronedeerrecovery.com,active_ecommerce,shopify,True,,3,True,huggingface
drool-art.com,active_ecommerce,shopify,True,,3,True,huggingface
droolchef.com.au,active_ecommerce,shopify,True,,3,True,huggingface
drophelia.com,active_ecommerce,shopify,True,,3,True,huggingface
drsquatch.com,active_ecommerce,shopify,True,,3,True,huggingface
drtrust.in,active_ecommerce,shopify,True,,3,True,huggingface
drysee.com,active_ecommerce,shopify,True,,3,True,huggingface
drysnake.com,active_ecommerce,shopify,True,,3,True,huggingface
dscentshop.com,active_ecommerce,shopify,True,,3,True,huggingface
dsgouterwear.com,active_ecommerce,shopify,True,,3,True,huggingface
dspetstore.com,active_ecommerce,shopify,True,,3,True,huggingface
dsspureair.com,active_ecommerce,shopify,True,,3,True,huggingface
dswsave.com,active_ecommerce,shopify,True,,3,True,huggingface
dtaillab.com,active_ecommerce,shopify,True,,3,True,huggingface
dtdiatool.com,active_ecommerce,shopify,True,,3,True,huggingface
dubarry.com,active_ecommerce,shopify,True,,3,True,huggingface
dubird.com.au,active_ecommerce,shopify,True,,3,True,huggingface
duckyproducts.com,active_ecommerce,shopify,True,,3,True,huggingface
duelenterprises.com,active_ecommerce,shopify,True,,3,True,huggingface
duepuntootto.com,active_ecommerce,shopify,True,,3,True,huggingface
dulait.mx,active_ecommerce,shopify,True,,3,True,huggingface
dungarees-online.com,active_ecommerce,shopify,True,,3,True,huggingface
duniquetools.com,active_ecommerce,shopify,True,,3,True,huggingface
duoyitool.com,active_ecommerce,shopify,True,,3,True,huggingface
durabasics.com,active_ecommerce,shopify,True,,3,True,huggingface
durofix.co.uk,active_ecommerce,shopify,True,,3,True,huggingface
durofix.com,active_ecommerce,shopify,True,,3,True,huggingface
dustmiteallergysolutions.com.au,active_ecommerce,shopify,True,,3,True,huggingface
duyoga.ae,active_ecommerce,shopify,True,,3,True,huggingface
dvdo.com,active_ecommerce,shopify,True,,3,True,huggingface
dwcmagazine.com,active_ecommerce,shopify,True,,3,True,huggingface
dwd2.com,active_ecommerce,shopify,True,,3,True,huggingface
dyefor.com,active_ecommerce,shopify,True,,3,True,huggingface
dyehardyarns.com,active_ecommerce,shopify,True,,3,True,huggingface
dyemadyarns.com,active_ecommerce,shopify,True,,3,True,huggingface
dyesublimationsupplies.co.uk,active_ecommerce,shopify,True,,3,True,huggingface
dylux.com,active_ecommerce,shopify,True,,3,True,huggingface
e-piphany.co.za,active_ecommerce,shopify,True,,3,True,huggingface
eagle.direct,active_ecommerce,shopify,True,,3,True,huggingface
eaglemade.net,active_ecommerce,shopify,True,,3,True,huggingface
earlybird.ch,active_ecommerce,shopify,True,,3,True,huggingface
earlybirdcookery.com,active_ecommerce,shopify,True,,3,True,huggingface
earmen-shop.com,active_ecommerce,shopify,True,,3,True,huggingface
earthandthyme.shop,active_ecommerce,shopify,True,,3,True,huggingface
earthbuddypet.com,active_ecommerce,shopify,True,,3,True,huggingface
earthing.com,active_ecommerce,shopify,True,,3,True,huggingface
earthlythreads.com,active_ecommerce,shopify,True,,3,True,huggingface
easentials.com,active_ecommerce,shopify,True,,3,True,huggingface
eastcoasthoppers.ca,active_ecommerce,shopify,True,,3,True,huggingface
eastendpress.com,active_ecommerce,shopify,True,,3,True,huggingface
easymart.co.nz,active_ecommerce,shopify,True,,3,True,huggingface
easymedshealth.com,active_ecommerce,shopify,True,,3,True,huggingface
eatforlifebymarsha.com,active_ecommerce,shopify,True,,3,True,huggingface
eatlikealion.com,active_ecommerce,shopify,True,,3,True,huggingface
eb4l.com,active_ecommerce,shopify,True,,3,True,huggingface
ebog-designs.co.uk,active_ecommerce,shopify,True,,3,True,huggingface
ebsadventure.com,active_ecommerce,shopify,True,,3,True,huggingface
eccololtd.com,active_ecommerce,shopify,True,,3,True,huggingface
echo1usa.com,active_ecommerce,shopify,True,,3,True,huggingface
echohifi.com,active_ecommerce,shopify,True,,3,True,huggingface
echoparkinstruments.com,active_ecommerce,shopify,True,,3,True,huggingface
eclecticherb.com,active_ecommerce,shopify,True,,3,True,huggingface
eclectichouse.com.au,active_ecommerce,shopify,True,,3,True,huggingface
eclectusark.com,active_ecommerce,shopify,True,,3,True,huggingface
eco-ishworld.com,active_ecommerce,shopify,True,,3,True,huggingface
eco247.com.au,active_ecommerce,shopify,True,,3,True,huggingface
ecoaya.com,active_ecommerce,shopify,True,,3,True,huggingface
ecobrandsnow.ca,active_ecommerce,shopify,True,,3,True,huggingface
ecobravo.co.uk,active_ecommerce,shopify,True,,3,True,huggingface
ecodogsaust.com.au,active_ecommerce,shopify,True,,3,True,huggingface
ecoera.se,active_ecommerce,shopify,True,,3,True,huggingface
ecofriendlyfoodpackaging.co.uk,active_ecommerce,shopify,True,,3,True,huggingface
ecofynd.com,active_ecommerce,shopify,True,,3,True,huggingface
ecogreenpackaging.co.uk,active_ecommerce,shopify,True,,3,True,huggingface
ecohomes.shop,active_ecommerce,shopify,True,,3,True,huggingface
ecolyteplus.com,active_ecommerce,shopify,True,,3,True,huggingface
ecommercealley.com,active_ecommerce,shopify,True,,3,True,huggingface
econica.ca,active_ecommerce,shopify,True,,3,True,huggingface
ecoprobioticsystems.com,active_ecommerce,shopify,True,,3,True,huggingface
ecoroll.co.nz,active_ecommerce,shopify,True,,3,True,huggingface
ecosana-store.com,active_ecommerce,shopify,True,,3,True,huggingface
ecosolutions.co.za,active_ecommerce,shopify,True,,3,True,huggingface
ecotradelb.com,active_ecommerce,shopify,True,,3,True,huggingface
ecotrex.ca,active_ecommerce,shopify,True,,3,True,huggingface
ecover.com.sg,active_ecommerce,shopify,True,,3,True,huggingface
ecowaytoshop.com,active_ecommerce,shopify,True,,3,True,huggingface
ecoworksmarine.com,active_ecommerce,shopify,True,,3,True,huggingface
ecprostore.com,active_ecommerce,shopify,True,,3,True,huggingface
ecrulabel.co.uk,active_ecommerce,shopify,True,,3,True,huggingface
ecvv.us,active_ecommerce,shopify,True,,3,True,huggingface
edendirect-brand.com,active_ecommerce,shopify,True,,3,True,huggingface
edenpure.com,active_ecommerce,shopify,True,,3,True,huggingface
edgars.co.za,active_ecommerce,shopify,True,,3,True,huggingface
edgeselectrical.co.uk,active_ecommerce,shopify,True,,3,True,huggingface
edhardy.co.uk,active_ecommerce,shopify,True,,3,True,huggingface
ediamondtools.com,active_ecommerce,shopify,True,,3,True,huggingface
editorskeys.com,active_ecommerce,shopify,True,,3,True,huggingface
edofigures.com,active_ecommerce,shopify,True,,3,True,huggingface
effiekats.com,active_ecommerce,shopify,True,,3,True,huggingface
efsterling.com,active_ecommerce,shopify,True,,3,True,huggingface
egametablesports.com,active_ecommerce,shopify,True,,3,True,huggingface
egardenkart.com,active_ecommerce,shopify,True,,3,True,huggingface
ehlersheatcool.com,active_ecommerce,shopify,True,,3,True,huggingface
ehomewei.com,active_ecommerce,shopify,True,,3,True,huggingface
eileenwest.com,active_ecommerce,shopify,True,,3,True,huggingface
einrum.com,active_ecommerce,shopify,True,,3,True,huggingface
eisenm.com,active_ecommerce,shopify,True,,3,True,huggingface
ekomat.com.br,active_ecommerce,shopify,True,,3,True,huggingface
ekotreeknitwear.store,active_ecommerce,shopify,True,,3,True,huggingface
ekouaercommunity.com,active_ecommerce,shopify,True,,3,True,huggingface
ekoworks.net,active_ecommerce,shopify,True,,3,True,huggingface
elbymobility.com,active_ecommerce,shopify,True,,3,True,huggingface
eleandme.com,active_ecommerce,shopify,True,,3,True,huggingface
elecboy.com.hk,active_ecommerce,shopify,True,,3,True,huggingface
electrocompaniet.com,active_ecommerce,shopify,True,,3,True,huggingface
electrocompaniet.no,active_ecommerce,shopify,True,,3,True,huggingface
electronics.bm,active_ecommerce,shopify,True,,3,True,huggingface
electronicsexpo.com,active_ecommerce,shopify,True,,3,True,huggingface
electrosw.co.uk,active_ecommerce,shopify,True,,3,True,huggingface
elegantlivingsolutions.com.au,active_ecommerce,shopify,True,,3,True,huggingface
elegoo.com,active_ecommerce,shopify,True,,3,True,huggingface
elemensefragrance.com,active_ecommerce,shopify,True,,3,True,huggingface
elenishops.com,active_ecommerce,shopify,True,,3,True,huggingface
eletriclife.com,active_ecommerce,shopify,True,,3,True,huggingface
elevateessentials.com,active_ecommerce,shopify,True,,3,True,huggingface
elevatemyvibe.com,active_ecommerce,shopify,True,,3,True,huggingface
elfsnook.com,active_ecommerce,shopify,True,,3,True,huggingface
elglobo.com.mx,active_ecommerce,shopify,True,,3,True,huggingface
elgraneropet.com,active_ecommerce,shopify,True,,3,True,huggingface
elhen.co.uk,active_ecommerce,shopify,True,,3,True,huggingface
elibuyukotomotiv.com,active_ecommerce,shopify,True,,3,True,huggingface
elietahari.com,active_ecommerce,shopify,True,,3,True,huggingface
elimento.com,active_ecommerce,shopify,True,,3,True,huggingface
elisefayre.com,active_ecommerce,shopify,True,,3,True,huggingface
eliteacoustics.com,active_ecommerce,shopify,True,,3,True,huggingface
eliteairsoft.uk,active_ecommerce,shopify,True,,3,True,huggingface
elitech.shop,active_ecommerce,shopify,True,,3,True,huggingface
elitecheu.com,active_ecommerce,shopify,True,,3,True,huggingface
eliteeventbranding.com,active_ecommerce,shopify,True,,3,True,huggingface
elitemedic.ca,active_ecommerce,shopify,True,,3,True,huggingface
elivateshop.com,active_ecommerce,shopify,True,,3,True,huggingface
elizabethcotton.com,active_ecommerce,shopify,True,,3,True,huggingface
elizabethscarlett.com,active_ecommerce,shopify,True,,3,True,huggingface
ellaandiris.com,active_ecommerce,shopify,True,,3,True,huggingface
elleandriley.com,active_ecommerce,shopify,True,,3,True,huggingface
ellebelleattire.com,active_ecommerce,shopify,True,,3,True,huggingface
elligance.co.uk,active_ecommerce,shopify,True,,3,True,huggingface
ellwidesign.com,active_ecommerce,shopify,True,,3,True,huggingface
ellymilley.com,active_ecommerce,shopify,True,,3,True,huggingface
elmpetfoods.com,active_ecommerce,shopify,True,,3,True,huggingface
elonggame.com,active_ecommerce,shopify,True,,3,True,huggingface
elspet.com,active_ecommerce,shopify,True,,3,True,huggingface
elwd.com.au,active_ecommerce,shopify,True,,3,True,huggingface
elyspharmacy.com,active_ecommerce,shopify,True,,3,True,huggingface
emaandcarla.com,active_ecommerce,shopify,True,,3,True,huggingface
emartbuy.co.uk,active_ecommerce,shopify,True,,3,True,huggingface
embellishit.co.nz,active_ecommerce,shopify,True,,3,True,huggingface
emerbutoys.com,active_ecommerce,shopify,True,,3,True,huggingface
emerdepot.com,active_ecommerce,shopify,True,,3,True,huggingface
emergencygeargrabber.com,active_ecommerce,shopify,True,,3,True,huggingface
emerypets.com,active_ecommerce,shopify,True,,3,True,huggingface
emi-trade.store,active_ecommerce,shopify,True,,3,True,huggingface
emiliaroseactive.com.au,active_ecommerce,shopify,True,,3,True,huggingface
emilyfleur.com,active_ecommerce,shopify,True,,3,True,huggingface
emilypaigeco.com,active_ecommerce,shopify,True,,3,True,huggingface
eminem.com,active_ecommerce,shopify,True,,3,True,huggingface
eminentpb.com,active_ecommerce,shopify,True,,3,True,huggingface
emis.asia,active_ecommerce,shopify,True,,3,True,huggingface
emmalouiseaccessories.co.uk,active_ecommerce,shopify,True,,3,True,huggingface
emmastationeryhaul.com,active_ecommerce,shopify,True,,3,True,huggingface
emmasyarn.com,active_ecommerce,shopify,True,,3,True,huggingface
emmawillis.com,active_ecommerce,shopify,True,,3,True,huggingface
empireears.com,active_ecommerce,shopify,True,,3,True,huggingface
empiretea.com,active_ecommerce,shopify,True,,3,True,huggingface
empoweredlivingco.com.au,active_ecommerce,shopify,True,,3,True,huggingface
enchantedchild.com.au,active_ecommerce,shopify,True,,3,True,huggingface
enchantedhome.com,active_ecommerce,shopify,True,,3,True,huggingface
encircled.ca,active_ecommerce,shopify,True,,3,True,huggingface
endertoys.com,active_ecommerce,shopify,True,,3,True,huggingface
endicotts.co.uk,active_ecommerce,shopify,True,,3,True,huggingface
enduroshield.com.au,active_ecommerce,shopify,True,,3,True,huggingface
energian.co.uk,active_ecommerce,shopify,True,,3,True,huggingface
enforcergroup.com.au,active_ecommerce,shopify,True,,3,True,huggingface
engineeringutilities.com,active_ecommerce,shopify,True,,3,True,huggingface
enidblythe.com,active_ecommerce,shopify,True,,3,True,huggingface
enjean.com,active_ecommerce,shopify,True,,3,True,huggingface
enjoytheperk.com,active_ecommerce,shopify,True,,3,True,huggingface
ennisfabrics.com,active_ecommerce,shopify,True,,3,True,huggingface
enokishop.com,active_ecommerce,shopify,True,,3,True,huggingface
enolagaye.ca,active_ecommerce,shopify,True,,3,True,huggingface
enrichedanimals.co.nz,active_ecommerce,shopify,True,,3,True,huggingface
ensuenotequila.com,active_ecommerce,shopify,True,,3,True,huggingface
entangledcatcafe.com,active_ecommerce,shopify,True,,3,True,huggingface
entisi.com,active_ecommerce,shopify,True,,3,True,huggingface
envior.co.uk,active_ecommerce,shopify,True,,3,True,huggingface
envirosafetyproducts.com,active_ecommerce,shopify,True,,3,True,huggingface
envyandgrace.ca,active_ecommerce,shopify,True,,3,True,huggingface
enzoandthebed.co.uk,active_ecommerce,shopify,True,,3,True,huggingface
eolasstore.com,active_ecommerce,shopify,True,,3,True,huggingface
eoleaf.com,active_ecommerce,shopify,True,,3,True,huggingface
epic-toys.co.uk,active_ecommerce,shopify,True,,3,True,huggingface
epicallybeautiful.com,active_ecommerce,shopify,True,,3,True,huggingface
epothex.com,active_ecommerce,shopify,True,,3,True,huggingface
eppichgrainfeed.com,active_ecommerce,shopify,True,,3,True,huggingface
epsilonpc.co.uk,active_ecommerce,shopify,True,,3,True,huggingface
eql-apparel.com,active_ecommerce,shopify,True,,3,True,huggingface
equidry.co.uk,active_ecommerce,shopify,True,,3,True,huggingface
equinaliagifts.com,active_ecommerce,shopify,True,,3,True,huggingface
equinecareprobiotic.com,active_ecommerce,shopify,True,,3,True,huggingface
equinespecialized.co.za,active_ecommerce,shopify,True,,3,True,huggingface
equipt1.com,active_ecommerce,shopify,True,,3,True,huggingface
equitecs.com,active_ecommerce,shopify,True,,3,True,huggingface
ereinc.com,active_ecommerce,shopify,True,,3,True,huggingface
ericawilson.com,active_ecommerce,shopify,True,,3,True,huggingface
ersstore.com,active_ecommerce,shopify,True,,3,True,huggingface
esh2u.com,active_ecommerce,shopify,True,,3,True,huggingface
eshine.ca,active_ecommerce,shopify,True,,3,True,huggingface
eshop-aresairsoft.com,active_ecommerce,shopify,True,,3,True,huggingface
esmarketstop.com,active_ecommerce,shopify,True,,3,True,huggingface
esntllvg.com,active_ecommerce,shopify,True,,3,True,huggingface
especiallyscent.co.uk,active_ecommerce,shopify,True,,3,True,huggingface
espressoparts.com,active_ecommerce,shopify,True,,3,True,huggingface
esscoaircraft.com,active_ecommerce,shopify,True,,3,True,huggingface
essencial-airsoft.fr,active_ecommerce,shopify,True,,3,True,huggingface
essentialanimal.com.au,active_ecommerce,shopify,True,,3,True,huggingface
essgoo.com,active_ecommerce,shopify,True,,3,True,huggingface
etabletennis.com,active_ecommerce,shopify,True,,3,True,huggingface
etanna.com,active_ecommerce,shopify,True,,3,True,huggingface
etcclothing.co.nz,active_ecommerce,shopify,True,,3,True,huggingface
etcetera.com,active_ecommerce,shopify,True,,3,True,huggingface
etcoutfitters.com,active_ecommerce,shopify,True,,3,True,huggingface
ethosgroomingessentials.com,active_ecommerce,shopify,True,,3,True,huggingface
etone.shop,active_ecommerce,shopify,True,,3,True,huggingface
eurekamin.com.au,active_ecommerce,shopify,True,,3,True,huggingface
eurotooltechnic.com.au,active_ecommerce,shopify,True,,3,True,huggingface
evairofficial.com,active_ecommerce,shopify,True,,3,True,huggingface
evapolar.com,active_ecommerce,shopify,True,,3,True,huggingface
evaraia.com,active_ecommerce,shopify,True,,3,True,huggingface
evariunderwear.com,active_ecommerce,shopify,True,,3,True,huggingface
evassunday.com.au,active_ecommerce,shopify,True,,3,True,huggingface
eveleya.com,active_ecommerce,shopify,True,,3,True,huggingface
everard.co.uk,active_ecommerce,shopify,True,,3,True,huggingface
everestappliances.online,active_ecommerce,shopify,True,,3,True,huggingface
evergreenoffroad.com,active_ecommerce,shopify,True,,3,True,huggingface
everlastinglifecbd.com,active_ecommerce,shopify,True,,3,True,huggingface
everscentsbrand.com,active_ecommerce,shopify,True,,3,True,huggingface
everwrap.com,active_ecommerce,shopify,True,,3,True,huggingface
everydaypets.co.nz,active_ecommerce,shopify,True,,3,True,huggingface
everydaze.com,active_ecommerce,shopify,True,,3,True,huggingface
everymanjack.com,active_ecommerce,shopify,True,,3,True,huggingface
everyminuteastory.com,active_ecommerce,shopify,True,,3,True,huggingface
everyonelovesfigures.com,active_ecommerce,shopify,True,,3,True,huggingface
everyorganics.com,active_ecommerce,shopify,True,,3,True,huggingface
everythingbirdsonline.com,active_ecommerce,shopify,True,,3,True,huggingface
everythingcaravans.com.au,active_ecommerce,shopify,True,,3,True,huggingface
evesbury.co.uk,active_ecommerce,shopify,True,,3,True,huggingface
evestoyshop.co.uk,active_ecommerce,shopify,True,,3,True,huggingface
evilkitty.net,active_ecommerce,shopify,True,,3,True,huggingface
evitamin.in,active_ecommerce,shopify,True,,3,True,huggingface
evolutionpowertools.com,active_ecommerce,shopify,True,,3,True,huggingface
evolverangesolutions.com,active_ecommerce,shopify,True,,3,True,huggingface
evolverieclothing.com,active_ecommerce,shopify,True,,3,True,huggingface
evoqueusa.com,active_ecommerce,shopify,True,,3,True,huggingface
ewegurt.com,active_ecommerce,shopify,True,,3,True,huggingface
exacttoolandsupply.com,active_ecommerce,shopify,True,,3,True,huggingface
exacttooling.com,active_ecommerce,shopify,True,,3,True,huggingface
exceedfilters.com,active_ecommerce,shopify,True,,3,True,huggingface
excellencebilliards.co.nz,active_ecommerce,shopify,True,,3,True,huggingface
excelsiorinternationals.com,active_ecommerce,shopify,True,,3,True,huggingface
excelux.co,active_ecommerce,shopify,True,,3,True,huggingface
executivestereo.ca,active_ecommerce,shopify,True,,3,True,huggingface
exileaudio.com,active_ecommerce,shopify,True,,3,True,huggingface
exlibrisfibers.com,active_ecommerce,shopify,True,,3,True,huggingface
exoairsystem.com,active_ecommerce,shopify,True,,3,True,huggingface
exotonaudio.com,active_ecommerce,shopify,True,,3,True,huggingface
explorerknitsandfibers.com,active_ecommerce,shopify,True,,3,True,huggingface
expresskuwait.com,active_ecommerce,shopify,True,,3,True,huggingface
exquise.com,active_ecommerce,shopify,True,,3,True,huggingface
exquisitecute.shop,active_ecommerce,shopify,True,,3,True,huggingface
extendbar.com,active_ecommerce,shopify,True,,3,True,huggingface
extracarry.com,active_ecommerce,shopify,True,,3,True,huggingface
extremecanopy.com,active_ecommerce,shopify,True,,3,True,huggingface
extremechokes.com,active_ecommerce,shopify,True,,3,True,huggingface
extremeelectronics.ca,active_ecommerce,shopify,True,,3,True,huggingface
extremeoutdoorsports.com.au,active_ecommerce,shopify,True,,3,True,huggingface
extremepets.net.au,active_ecommerce,shopify,True,,3,True,huggingface
eyelinersticker.com,active_ecommerce,shopify,True,,3,True,huggingface
eyely.com,active_ecommerce,shopify,True,,3,True,huggingface
eyemoody.com,active_ecommerce,shopify,True,,3,True,huggingface
ezarctools.com,active_ecommerce,shopify,True,,3,True,huggingface
ezeyor.co.uk,active_ecommerce,shopify,True,,3,True,huggingface
ezhorse.com,active_ecommerce,shopify,True,,3,True,huggingface
ezpawn.com,active_ecommerce,shopify,True,,3,True,huggingface
ezshooting.com,active_ecommerce,shopify,True,,3,True,huggingface
f--kingtasty.com,active_ecommerce,shopify,True,,3,True,huggingface
fab-wraps.co.uk,active_ecommerce,shopify,True,,3,True,huggingface
fabautoparts.co.za,active_ecommerce,shopify,True,,3,True,huggingface
fabcurate.com,active_ecommerce,shopify,True,,3,True,huggingface
fabelab.dk,active_ecommerce,shopify,True,,3,True,huggingface
fableandeve.com,active_ecommerce,shopify,True,,3,True,huggingface
fableyoga.com,active_ecommerce,shopify,True,,3,True,huggingface
fabrica.com,active_ecommerce,shopify,True,,3,True,huggingface
fabyarns.com,active_ecommerce,shopify,True,,3,True,huggingface
facepaintforumshop.com,active_ecommerce,shopify,True,,3,True,huggingface
fachlichmall.com,active_ecommerce,shopify,True,,3,True,huggingface
facilblanco.com,active_ecommerce,shopify,True,,3,True,huggingface
factoryhardwarestore.com,active_ecommerce,shopify,True,,3,True,huggingface
faeriesty.com,active_ecommerce,shopify,True,,3,True,huggingface
fageaesthetics.com,active_ecommerce,shopify,True,,3,True,huggingface
fairindigo.com,active_ecommerce,shopify,True,,3,True,huggingface
faizanaturals.com,active_ecommerce,shopify,True,,3,True,huggingface
fallsviewreptiles.com,active_ecommerce,shopify,True,,3,True,huggingface
famistar.life,active_ecommerce,shopify,True,,3,True,huggingface
famousinreal.life,active_ecommerce,shopify,True,,3,True,huggingface
fancybrassco.com,active_ecommerce,shopify,True,,3,True,huggingface
fancychanger.com,active_ecommerce,shopify,True,,3,True,huggingface
fancywork.com,active_ecommerce,shopify,True,,3,True,huggingface
fantaisiedupatin.com,active_ecommerce,shopify,True,,3,True,huggingface
fantakpackaging.com,active_ecommerce,shopify,True,,3,True,huggingface
fantasyworldgames.com,active_ecommerce,shopify,True,,3,True,huggingface
fararti.com,active_ecommerce,shopify,True,,3,True,huggingface
farawlaya.com,active_ecommerce,shopify,True,,3,True,huggingface
farbenwerk.com,active_ecommerce,shopify,True,,3,True,huggingface
fareleather.com,active_ecommerce,shopify,True,,3,True,huggingface
farinaz.com,active_ecommerce,shopify,True,,3,True,huggingface
farmacorp.com,active_ecommerce,shopify,True,,3,True,huggingface
farmandhomestore.ie,active_ecommerce,shopify,True,,3,True,huggingface
farmcollector.com,active_ecommerce,shopify,True,,3,True,huggingface
farmerceag.com,active_ecommerce,shopify,True,,3,True,huggingface
farmerjoesgardens.com,active_ecommerce,shopify,True,,3,True,huggingface
farmerscooperative.org,active_ecommerce,shopify,True,,3,True,huggingface
farmerscoopfarmville.com,active_ecommerce,shopify,True,,3,True,huggingface
farmersstop.com,active_ecommerce,shopify,True,,3,True,huggingface
farmfreshpet.com,active_ecommerce,shopify,True,,3,True,huggingface
farmnseapets.com,active_ecommerce,shopify,True,,3,True,huggingface
farmo.com.au,active_ecommerce,shopify,True,,3,True,huggingface
farmrio.eu,active_ecommerce,shopify,True,,3,True,huggingface
farmscan.com.au,active_ecommerce,shopify,True,,3,True,huggingface
farmtoursireland.com,active_ecommerce,shopify,True,,3,True,huggingface
farpointtoys.com,active_ecommerce,shopify,True,,3,True,huggingface
fashionbrandcompany.com,active_ecommerce,shopify,True,,3,True,huggingface
fashionbyesther.com,active_ecommerce,shopify,True,,3,True,huggingface
fashioncafee.com,active_ecommerce,shopify,True,,3,True,huggingface
fashor.com,active_ecommerce,shopify,True,,3,True,huggingface
fastandfuriousaf.com,active_ecommerce,shopify,True,,3,True,huggingface
fastdirectpackaging.com.au,active_ecommerce,shopify,True,,3,True,huggingface
fastlanesupply.com,active_ecommerce,shopify,True,,3,True,huggingface
fastrak.co.za,active_ecommerce,shopify,True,,3,True,huggingface
fastron.com.au,active_ecommerce,shopify,True,,3,True,huggingface
favoritestory.co,active_ecommerce,shopify,True,,3,True,huggingface
fawah.ae,active_ecommerce,shopify,True,,3,True,huggingface
fdxsports.co.uk,active_ecommerce,shopify,True,,3,True,huggingface
fealtypaws.com,active_ecommerce,shopify,True,,3,True,huggingface
featheredfollies.com,active_ecommerce,shopify,True,,3,True,huggingface
featherscloset.com,active_ecommerce,shopify,True,,3,True,huggingface
feedholi.com,active_ecommerce,shopify,True,,3,True,huggingface
feedlp20.com,active_ecommerce,shopify,True,,3,True,huggingface
feedmypaws.com,active_ecommerce,shopify,True,,3,True,huggingface
feedritepets.com,active_ecommerce,shopify,True,,3,True,huggingface
feedthebirdscroton.com,active_ecommerce,shopify,True,,3,True,huggingface
feetlu.com,active_ecommerce,shopify,True,,3,True,huggingface
feey.ch,active_ecommerce,shopify,True,,3,True,huggingface
feilidaautoparts.com,active_ecommerce,shopify,True,,3,True,huggingface
felcana.com,active_ecommerce,shopify,True,,3,True,huggingface
felicitails.com,active_ecommerce,shopify,True,,3,True,huggingface
felinegood.se,active_ecommerce,shopify,True,,3,True,huggingface
felinenatural.com,active_ecommerce,shopify,True,,3,True,huggingface
felinitee.com,active_ecommerce,shopify,True,,3,True,huggingface
felivecal.com,active_ecommerce,shopify,True,,3,True,huggingface
feltandwool.com,active_ecommerce,shopify,True,,3,True,huggingface
femihome.com,active_ecommerce,shopify,True,,3,True,huggingface
femmeconnection.com.au,active_ecommerce,shopify,True,,3,True,huggingface
fender.com,active_ecommerce,shopify,True,,3,True,huggingface
fendrihan.ca,active_ecommerce,shopify,True,,3,True,huggingface
fenwick.co.uk,active_ecommerce,shopify,True,,3,True,huggingface
fenwickpets.com,active_ecommerce,shopify,True,,3,True,huggingface
fenzausa.com,active_ecommerce,shopify,True,,3,True,huggingface
feraah.com,active_ecommerce,shopify,True,,3,True,huggingface
fermentedgreenpapayaenzyme.com,active_ecommerce,shopify,True,,3,True,huggingface
fernanddenis.com,active_ecommerce,shopify,True,,3,True,huggingface
fernieschoice.com,active_ecommerce,shopify,True,,3,True,huggingface
fero-handel.ch,active_ecommerce,shopify,True,,3,True,huggingface
ferozpetfashion.com,active_ecommerce,shopify,True,,3,True,huggingface
ferplast.co.uk,active_ecommerce,shopify,True,,3,True,huggingface
ferraraequipment.com,active_ecommerce,shopify,True,,3,True,huggingface
festifetes.ca,active_ecommerce,shopify,True,,3,True,huggingface
fetchforever.com,active_ecommerce,shopify,True,,3,True,huggingface
fetchingware.com.au,active_ecommerce,shopify,True,,3,True,huggingface
fetchyourpetneeds.ie,active_ecommerce,shopify,True,,3,True,huggingface
fezibo.eu,active_ecommerce,shopify,True,,3,True,huggingface
ffofsf.com,active_ecommerce,shopify,True,,3,True,huggingface
fhmedicalservices.com,active_ecommerce,shopify,True,,3,True,huggingface
fiadhandfinn.ie,active_ecommerce,shopify,True,,3,True,huggingface
fidapet.com,active_ecommerce,shopify,True,,3,True,huggingface
fidoops.com,active_ecommerce,shopify,True,,3,True,huggingface
fieldcontrols.com,active_ecommerce,shopify,True,,3,True,huggingface
fieldofarmortanks.com,active_ecommerce,shopify,True,,3,True,huggingface
fiftyoneapparel.com,active_ecommerce,shopify,True,,3,True,huggingface
figur.com.au,active_ecommerce,shopify,True,,3,True,huggingface
figuregiant.com,active_ecommerce,shopify,True,,3,True,huggingface
figuregrail.com,active_ecommerce,shopify,True,,3,True,huggingface
figureheroesvii.com,active_ecommerce,shopify,True,,3,True,huggingface
figurenwelt.de,active_ecommerce,shopify,True,,3,True,huggingface
figuresell.com,active_ecommerce,shopify,True,,3,True,huggingface
figurineforall.com,active_ecommerce,shopify,True,,3,True,huggingface
filterlift.com,active_ecommerce,shopify,True,,3,True,huggingface
filterlot.com,active_ecommerce,shopify,True,,3,True,huggingface
filters4you.net,active_ecommerce,shopify,True,,3,True,huggingface
filtersdirectusa.com,active_ecommerce,shopify,True,,3,True,huggingface
filtersonline.com,active_ecommerce,shopify,True,,3,True,huggingface
filtersshipped.com,active_ecommerce,shopify,True,,3,True,huggingface
filterstm.com,active_ecommerce,shopify,True,,3,True,huggingface
filterwears.com,active_ecommerce,shopify,True,,3,True,huggingface
filtrexfilter.co.uk,active_ecommerce,shopify,True,,3,True,huggingface
finallyallnatural.com,active_ecommerce,shopify,True,,3,True,huggingface
finchandfable.com,active_ecommerce,shopify,True,,3,True,huggingface
finebystudio.com,active_ecommerce,shopify,True,,3,True,huggingface
finefeather.us,active_ecommerce,shopify,True,,3,True,huggingface
finestforpets.com,active_ecommerce,shopify,True,,3,True,huggingface
finishsystems.com,active_ecommerce,shopify,True,,3,True,huggingface
finisterre.com,active_ecommerce,shopify,True,,3,True,huggingface
fionawalkerengland.com,active_ecommerce,shopify,True,,3,True,huggingface
fioraaquatic.com,active_ecommerce,shopify,True,,3,True,huggingface
firebirdyarns.com,active_ecommerce,shopify,True,,3,True,huggingface
fireflyfibers.com,active_ecommerce,shopify,True,,3,True,huggingface
fireflysupply.com,active_ecommerce,shopify,True,,3,True,huggingface
firehosesupply.com,active_ecommerce,shopify,True,,3,True,huggingface
fireplacecanada.com,active_ecommerce,shopify,True,,3,True,huggingface
fireprotectionparts.net,active_ecommerce,shopify,True,,3,True,huggingface
firesidehound.com,active_ecommerce,shopify,True,,3,True,huggingface
firm400.com,active_ecommerce,shopify,True,,3,True,huggingface
firmabs.com,active_ecommerce,shopify,True,,3,True,huggingface
firstaiddirect.ca,active_ecommerce,shopify,True,,3,True,huggingface
firstaiddistributions.com.au,active_ecommerce,shopify,True,,3,True,huggingface
firstaidplus.ca,active_ecommerce,shopify,True,,3,True,huggingface
firstaidshop.co.za,active_ecommerce,shopify,True,,3,True,huggingface
firstaidworks.com,active_ecommerce,shopify,True,,3,True,huggingface
firstchoicestores.co.uk,active_ecommerce,shopify,True,,3,True,huggingface
firstlite.com,active_ecommerce,shopify,True,,3,True,huggingface
firstpetkart.com,active_ecommerce,shopify,True,,3,True,huggingface
fishboneoffroad.com,active_ecommerce,shopify,True,,3,True,huggingface
fishingandoutdoorworld.com.au,active_ecommerce,shopify,True,,3,True,huggingface
fishpools.co.uk,active_ecommerce,shopify,True,,3,True,huggingface
fit4sale.com,active_ecommerce,shopify,True,,3,True,huggingface
fitlitter.com.au,active_ecommerce,shopify,True,,3,True,huggingface
fitmax.it,active_ecommerce,shopify,True,,3,True,huggingface
fitnessavenue.ca,active_ecommerce,shopify,True,,3,True,huggingface
fitnessequipmentdublin.ie,active_ecommerce,shopify,True,,3,True,huggingface
fitnessnutrition.ca,active_ecommerce,shopify,True,,3,True,huggingface
fitnesswarehouse.com.au,active_ecommerce,shopify,True,,3,True,huggingface
fitnfabhub.com,active_ecommerce,shopify,True,,3,True,huggingface
fitonapp.com,active_ecommerce,shopify,True,,3,True,huggingface
fitst4.com,active_ecommerce,shopify,True,,3,True,huggingface
fittrack.com.au,active_ecommerce,shopify,True,,3,True,huggingface
fiveholeclothing.com,active_ecommerce,shopify,True,,3,True,huggingface
fivestargeneralpants.com,active_ecommerce,shopify,True,,3,True,huggingface
fixaball.co.uk,active_ecommerce,shopify,True,,3,True,huggingface
fixmytear.com,active_ecommerce,shopify,True,,3,True,huggingface
fktools.com.au,active_ecommerce,shopify,True,,3,True,huggingface
flagmakers.co.nz,active_ecommerce,shopify,True,,3,True,huggingface
flanciactivewear.co.uk,active_ecommerce,shopify,True,,3,True,huggingface
flappybirdtoy.store,active_ecommerce,shopify,True,,3,True,huggingface
flaretite.com,active_ecommerce,shopify,True,,3,True,huggingface
flash-aid.com,active_ecommerce,shopify,True,,3,True,huggingface
flashwildfireservices.ca,active_ecommerce,shopify,True,,3,True,huggingface
flatroofuniverse.com,active_ecommerce,shopify,True,,3,True,huggingface
flaxpentopaper.com,active_ecommerce,shopify,True,,3,True,huggingface
fleeceandharmony.com,active_ecommerce,shopify,True,,3,True,huggingface
fleet-airfilters.com,active_ecommerce,shopify,True,,3,True,huggingface
fleo.com,active_ecommerce,shopify,True,,3,True,huggingface
flexmax.com,active_ecommerce,shopify,True,,3,True,huggingface
flexpet.com,active_ecommerce,shopify,True,,3,True,huggingface
flightscope.uk,active_ecommerce,shopify,True,,3,True,huggingface
flindersrural.com.au,active_ecommerce,shopify,True,,3,True,huggingface
flipcost.com,active_ecommerce,shopify,True,,3,True,huggingface
flocboutique.com,active_ecommerce,shopify,True,,3,True,huggingface
flockfree.com,active_ecommerce,shopify,True,,3,True,huggingface
flockofknitters.co.nz,active_ecommerce,shopify,True,,3,True,huggingface
flomoglobal.com,active_ecommerce,shopify,True,,3,True,huggingface
floofchonk.com,active_ecommerce,shopify,True,,3,True,huggingface
floppydawg.com,active_ecommerce,shopify,True,,3,True,huggingface
floppyfishdogtoy.com,active_ecommerce,shopify,True,,3,True,huggingface
floralivings.com.au,active_ecommerce,shopify,True,,3,True,huggingface
florensi.com,active_ecommerce,shopify,True,,3,True,huggingface
flossandrock.co.uk,active_ecommerce,shopify,True,,3,True,huggingface
flossandrock.com,active_ecommerce,shopify,True,,3,True,huggingface
flourandwaterbaking.com,active_ecommerce,shopify,True,,3,True,huggingface
fluchos.es,active_ecommerce,shopify,True,,3,True,huggingface
fluffnstuffpetstore.com,active_ecommerce,shopify,True,,3,True,huggingface
fluffurry.com.au,active_ecommerce,shopify,True,,3,True,huggingface
fluffypuppypetstore.com,active_ecommerce,shopify,True,,3,True,huggingface
fluffyspetshop.com,active_ecommerce,shopify,True,,3,True,huggingface
fluid-technology.com,active_ecommerce,shopify,True,,3,True,huggingface
flynn-refrigeration.ie,active_ecommerce,shopify,True,,3,True,huggingface
fma-tactical-gear.com,active_ecommerce,shopify,True,,3,True,huggingface
fmagear.net,active_ecommerce,shopify,True,,3,True,huggingface
fmihealth.com,active_ecommerce,shopify,True,,3,True,huggingface
fmsdogbeds.com,active_ecommerce,shopify,True,,3,True,huggingface
foards.com,active_ecommerce,shopify,True,,3,True,huggingface
foatdesign.com,active_ecommerce,shopify,True,,3,True,huggingface
focuswater.com.sg,active_ecommerce,shopify,True,,3,True,huggingface
fodeez.com,active_ecommerce,shopify,True,,3,True,huggingface
fohere.com,active_ecommerce,shopify,True,,3,True,huggingface
foilman.com,active_ecommerce,shopify,True,,3,True,huggingface
fokattia.com,active_ecommerce,shopify,True,,3,True,huggingface
foldedpets.com,active_ecommerce,shopify,True,,3,True,huggingface
foldup.com.au,active_ecommerce,shopify,True,,3,True,huggingface
folkus.co,active_ecommerce,shopify,True,,3,True,huggingface
fonadmi.com,active_ecommerce,shopify,True,,3,True,huggingface
fontanasports.com,active_ecommerce,shopify,True,,3,True,huggingface
foodiepuppies.com,active_ecommerce,shopify,True,,3,True,huggingface
foodsignpros.com,active_ecommerce,shopify,True,,3,True,huggingface
foragercycles.com,active_ecommerce,shopify,True,,3,True,huggingface
forairsoft.com,active_ecommerce,shopify,True,,3,True,huggingface
fordoglovers.uk,active_ecommerce,shopify,True,,3,True,huggingface
fordogsake.com,active_ecommerce,shopify,True,,3,True,huggingface
forensicsdetectors.com,active_ecommerce,shopify,True,,3,True,huggingface
forestfungi.com.au,active_ecommerce,shopify,True,,3,True,huggingface
foreverfriend.com.au,active_ecommerce,shopify,True,,3,True,huggingface
forgedair.co,active_ecommerce,shopify,True,,3,True,huggingface
forgeknight.com,active_ecommerce,shopify,True,,3,True,huggingface
forgetmenot247.co.uk,active_ecommerce,shopify,True,,3,True,huggingface
formandcontentshop.com,active_ecommerce,shopify,True,,3,True,huggingface
formfactorpro.com,active_ecommerce,shopify,True,,3,True,huggingface
formulascents.com,active_ecommerce,shopify,True,,3,True,huggingface
forpetssake.co.nz,active_ecommerce,shopify,True,,3,True,huggingface
fortador.shop,active_ecommerce,shopify,True,,3,True,huggingface
forthebirdsdvm.com,active_ecommerce,shopify,True,,3,True,huggingface
forthefarmer.co.za,active_ecommerce,shopify,True,,3,True,huggingface
forthewildbirds.com,active_ecommerce,shopify,True,,3,True,huggingface
fortishd.com,active_ecommerce,shopify,True,,3,True,huggingface
fortunatepaws.com.au,active_ecommerce,shopify,True,,3,True,huggingface
foryourbird.com,active_ecommerce,shopify,True,,3,True,huggingface
foufoubrands.com,active_ecommerce,shopify,True,,3,True,huggingface
foundmyanimal.com,active_ecommerce,shopify,True,,3,True,huggingface
foundryoutdoors.com,active_ecommerce,shopify,True,,3,True,huggingface
foundsound.com.au,active_ecommerce,shopify,True,,3,True,huggingface
fourleggedbabies.com,active_ecommerce,shopify,True,,3,True,huggingface
fourlegsorwings.com,active_ecommerce,shopify,True,,3,True,huggingface
fourteenninetytwo.com,active_ecommerce,shopify,True,,3,True,huggingface
foxandfeather.co.uk,active_ecommerce,shopify,True,,3,True,huggingface
foxclean.com,active_ecommerce,shopify,True,,3,True,huggingface
foxriverfibers.com,active_ecommerce,shopify,True,,3,True,huggingface
foxyarn.com,active_ecommerce,shopify,True,,3,True,huggingface
foyoto.cn,active_ecommerce,shopify,True,,3,True,huggingface
fpstactical.com,active_ecommerce,shopify,True,,3,True,huggingface
frakturedmoto.com,active_ecommerce,shopify,True,,3,True,huggingface
framewarellc.com,active_ecommerce,shopify,True,,3,True,huggingface
frankhams.co.uk,active_ecommerce,shopify,True,,3,True,huggingface
freakins.com,active_ecommerce,shopify,True,,3,True,huggingface
freddys.com.au,active_ecommerce,shopify,True,,3,True,huggingface
freecultr.com,active_ecommerce,shopify,True,,3,True,huggingface
freedomatthemat.com,active_ecommerce,shopify,True,,3,True,huggingface
freedomshopequipment.com,active_ecommerce,shopify,True,,3,True,huggingface
freedomwashsupply.com,active_ecommerce,shopify,True,,3,True,huggingface
freelivingco.co,active_ecommerce,shopify,True,,3,True,huggingface
freemanliquidators.com,active_ecommerce,shopify,True,,3,True,huggingface
freerangefarmschool.org,active_ecommerce,shopify,True,,3,True,huggingface
freespiritoutlet.com,active_ecommerce,shopify,True,,3,True,huggingface
frenchconnection.com,active_ecommerce,shopify,True,,3,True,huggingface
frenchcrown.in,active_ecommerce,shopify,True,,3,True,huggingface
frenchfarmhouselifestyle.com,active_ecommerce,shopify,True,,3,True,huggingface
frenchpaper.com,active_ecommerce,shopify,True,,3,True,huggingface
frenchpresscandleco.com,active_ecommerce,shopify,True,,3,True,huggingface
frenlybricks.store,active_ecommerce,shopify,True,,3,True,huggingface
frenzybird.com,active_ecommerce,shopify,True,,3,True,huggingface
freshaires.com,active_ecommerce,shopify,True,,3,True,huggingface
freshandfunny.shop,active_ecommerce,shopify,True,,3,True,huggingface
fresharama.com,active_ecommerce,shopify,True,,3,True,huggingface
freshbasket.com.pk,active_ecommerce,shopify,True,,3,True,huggingface
freshemblem.com,active_ecommerce,shopify,True,,3,True,huggingface
freshfragrancy.com,active_ecommerce,shopify,True,,3,True,huggingface
freshfresheners.com,active_ecommerce,shopify,True,,3,True,huggingface
freshheadquarters.com,active_ecommerce,shopify,True,,3,True,huggingface
freshiesau.com.au,active_ecommerce,shopify,True,,3,True,huggingface
freshiesbystephy.com,active_ecommerce,shopify,True,,3,True,huggingface
freshiris.store,active_ecommerce,shopify,True,,3,True,huggingface
freshlife.church,active_ecommerce,shopify,True,,3,True,huggingface
freshpatch.com.au,active_ecommerce,shopify,True,,3,True,huggingface
freshprobiotics.com,active_ecommerce,shopify,True,,3,True,huggingface
freshsshoe.com,active_ecommerce,shopify,True,,3,True,huggingface
fridaysdog.com,active_ecommerce,shopify,True,,3,True,huggingface
friddles.com,active_ecommerce,shopify,True,,3,True,huggingface
friendlyfilterdiy.com,active_ecommerce,shopify,True,,3,True,huggingface
friendsofnormie.com,active_ecommerce,shopify,True,,3,True,huggingface
friscocraft.com,active_ecommerce,shopify,True,,3,True,huggingface
froghollow.com,active_ecommerce,shopify,True,,3,True,huggingface
frogsnthings.com,active_ecommerce,shopify,True,,3,True,huggingface
frogtownexoticsllc.com,active_ecommerce,shopify,True,,3,True,huggingface
fromelelectronics.com,active_ecommerce,shopify,True,,3,True,huggingface
fromfarmtoforks.co.uk,active_ecommerce,shopify,True,,3,True,huggingface
frontierpaperco.com,active_ecommerce,shopify,True,,3,True,huggingface
frontlinekituk.com,active_ecommerce,shopify,True,,3,True,huggingface
froststrike.store,active_ecommerce,shopify,True,,3,True,huggingface
frozenyogi.co,active_ecommerce,shopify,True,,3,True,huggingface
frshslabs.com,active_ecommerce,shopify,True,,3,True,huggingface
fruitkittens.com,active_ecommerce,shopify,True,,3,True,huggingface
frunolashop.com,active_ecommerce,shopify,True,,3,True,huggingface
fsamarket.com,active_ecommerce,shopify,True,,3,True,huggingface
fsdoutdoor.com,active_ecommerce,shopify,True,,3,True,huggingface
fubarbundy.co.uk,active_ecommerce,shopify,True,,3,True,huggingface
fuegopets.com,active_ecommerce,shopify,True,,3,True,huggingface
fufugaga.com,active_ecommerce,shopify,True,,3,True,huggingface
fujimats.co.uk,active_ecommerce,shopify,True,,3,True,huggingface
fujimats.com.au,active_ecommerce,shopify,True,,3,True,huggingface
fullcirclegiftsandgoods.com,active_ecommerce,shopify,True,,3,True,huggingface
fullmoonhorror.com,active_ecommerce,shopify,True,,3,True,huggingface
fullmoonpet.com,active_ecommerce,shopify,True,,3,True,huggingface
funcorp.in,active_ecommerce,shopify,True,,3,True,huggingface
funfoods.ca,active_ecommerce,shopify,True,,3,True,huggingface
funkydecors.com,active_ecommerce,shopify,True,,3,True,huggingface
funkyflies.com,active_ecommerce,shopify,True,,3,True,huggingface
funkypants.co.za,active_ecommerce,shopify,True,,3,True,huggingface
funkyskunkstore.com,active_ecommerce,shopify,True,,3,True,huggingface
funnelcoffee.sg,active_ecommerce,shopify,True,,3,True,huggingface
funtimetoysandgifts.com,active_ecommerce,shopify,True,,3,True,huggingface
funworld.gr,active_ecommerce,shopify,True,,3,True,huggingface
fur-ever.com,active_ecommerce,shopify,True,,3,True,huggingface
furb.com,active_ecommerce,shopify,True,,3,True,huggingface
furbabiesplus.com,active_ecommerce,shopify,True,,3,True,huggingface
furbabycouture.com,active_ecommerce,shopify,True,,3,True,huggingface
furbubba.com,active_ecommerce,shopify,True,,3,True,huggingface
furbulouspet.com,active_ecommerce,shopify,True,,3,True,huggingface
furdear.com,active_ecommerce,shopify,True,,3,True,huggingface
furfactory.co.uk,active_ecommerce,shopify,True,,3,True,huggingface
furli.com.au,active_ecommerce,shopify,True,,3,True,huggingface
furlore.com,active_ecommerce,shopify,True,,3,True,huggingface
furlys.com,active_ecommerce,shopify,True,,3,True,huggingface
furnacefiltersgta.ca,active_ecommerce,shopify,True,,3,True,huggingface
furndiy.com,active_ecommerce,shopify,True,,3,True,huggingface
furpeepslabs.com,active_ecommerce,shopify,True,,3,True,huggingface
furpezoo.com,active_ecommerce,shopify,True,,3,True,huggingface
furrandco.com,active_ecommerce,shopify,True,,3,True,huggingface
furrescuefashions.com,active_ecommerce,shopify,True,,3,True,huggingface
furriends.com.au,active_ecommerce,shopify,True,,3,True,huggingface
furrther.com,active_ecommerce,shopify,True,,3,True,huggingface
furrycastle.com,active_ecommerce,shopify,True,,3,True,huggingface
furrygreen.hk,active_ecommerce,shopify,True,,3,True,huggingface
furrywell.sg,active_ecommerce,shopify,True,,3,True,huggingface
furtherfaster.co.nz,active_ecommerce,shopify,True,,3,True,huggingface
fusionfixings.co.uk,active_ecommerce,shopify,True,,3,True,huggingface
future.com.kw,active_ecommerce,shopify,True,,3,True,huggingface
futurology.tech,active_ecommerce,shopify,True,,3,True,huggingface
fuzzyard.co.uk,active_ecommerce,shopify,True,,3,True,huggingface
fuzzycove.com,active_ecommerce,shopify,True,,3,True,huggingface
fuzzycreekpetsupplies.com,active_ecommerce,shopify,True,,3,True,huggingface
fylvy.com,active_ecommerce,shopify,True,,3,True,huggingface
fyncandleco.com,active_ecommerce,shopify,True,,3,True,huggingface
fynedesigns.store,active_ecommerce,shopify,True,,3,True,huggingface
fzpetstore.com,active_ecommerce,shopify,True,,3,True,huggingface
g1goods.com,active_ecommerce,shopify,True,,3,True,huggingface
gabigamel.com,active_ecommerce,shopify,True,,3,True,huggingface
gafferpower.com,active_ecommerce,shopify,True,,3,True,huggingface
gainexpress-dealer.com,active_ecommerce,shopify,True,,3,True,huggingface
gainexpress.com,active_ecommerce,shopify,True,,3,True,huggingface
galioindia.com,active_ecommerce,shopify,True,,3,True,huggingface
galison.com,active_ecommerce,shopify,True,,3,True,huggingface
gallegoszoologicalsupply.com,active_ecommerce,shopify,True,,3,True,huggingface
galtsand.com,active_ecommerce,shopify,True,,3,True,huggingface
galvanic.co,active_ecommerce,shopify,True,,3,True,huggingface
gameandsportworld.com,active_ecommerce,shopify,True,,3,True,huggingface
gamegear.co.nz,active_ecommerce,shopify,True,,3,True,huggingface
gameroomshop.com,active_ecommerce,shopify,True,,3,True,huggingface
gameroomspot.com,active_ecommerce,shopify,True,,3,True,huggingface
games2hire.co.uk,active_ecommerce,shopify,True,,3,True,huggingface
gamesir.com,active_ecommerce,shopify,True,,3,True,huggingface
gamesworldsa.com.au,active_ecommerce,shopify,True,,3,True,huggingface
gametablechamp.com,active_ecommerce,shopify,True,,3,True,huggingface
gameworldplanet.com,active_ecommerce,shopify,True,,3,True,huggingface
gamingblaze.com,active_ecommerce,shopify,True,,3,True,huggingface
gamingtables.ca,active_ecommerce,shopify,True,,3,True,huggingface
gandhi-bazar.com,active_ecommerce,shopify,True,,3,True,huggingface
ganekosgarden.com,active_ecommerce,shopify,True,,3,True,huggingface
ganxxet.com,active_ecommerce,shopify,True,,3,True,huggingface
gaomon.com,active_ecommerce,shopify,True,,3,True,huggingface
gardenbirdfeeders.co.uk,active_ecommerce,shopify,True,,3,True,huggingface
gardencenterexpress.com,active_ecommerce,shopify,True,,3,True,huggingface
gardenersorchardandbakery.com,active_ecommerce,shopify,True,,3,True,huggingface
gardenia.mt,active_ecommerce,shopify,True,,3,True,huggingface
gardeningbuy.com,active_ecommerce,shopify,True,,3,True,huggingface
gardenmachinery.ie,active_ecommerce,shopify,True,,3,True,huggingface
garmade.com,active_ecommerce,shopify,True,,3,True,huggingface
garmentgraphics.net,active_ecommerce,shopify,True,,3,True,huggingface
garnetandgold.com,active_ecommerce,shopify,True,,3,True,huggingface
gatorlathechucks.com,active_ecommerce,shopify,True,,3,True,huggingface
gaugaupet.com,active_ecommerce,shopify,True,,3,True,huggingface
gaugedyeworks.com,active_ecommerce,shopify,True,,3,True,huggingface
gaugeyarn.com,active_ecommerce,shopify,True,,3,True,huggingface
gayoshop.com,active_ecommerce,shopify,True,,3,True,huggingface
gazalli.com,active_ecommerce,shopify,True,,3,True,huggingface
gazeshop.us,active_ecommerce,shopify,True,,3,True,huggingface
gblsusa.com,active_ecommerce,shopify,True,,3,True,huggingface
geekbodega.com,active_ecommerce,shopify,True,,3,True,huggingface
geekclub.com,active_ecommerce,shopify,True,,3,True,huggingface
geekists.com,active_ecommerce,shopify,True,,3,True,huggingface
geekout.co.uk,active_ecommerce,shopify,True,,3,True,huggingface
geekvacuums.com,active_ecommerce,shopify,True,,3,True,huggingface
geislerranch.com,active_ecommerce,shopify,True,,3,True,huggingface
geki-tetsu.com,active_ecommerce,shopify,True,,3,True,huggingface
gelballundercover.com.au,active_ecommerce,shopify,True,,3,True,huggingface
geltandglow.com,active_ecommerce,shopify,True,,3,True,huggingface
gencare.health,active_ecommerce,shopify,True,,3,True,huggingface
generalrubberplastics.com,active_ecommerce,shopify,True,,3,True,huggingface
geniusaudiousa.com,active_ecommerce,shopify,True,,3,True,huggingface
geniuspetfood.co.nz,active_ecommerce,shopify,True,,3,True,huggingface
genrage.com,active_ecommerce,shopify,True,,3,True,huggingface
gentlemanandson.com,active_ecommerce,shopify,True,,3,True,huggingface
gentlemenx.com,active_ecommerce,shopify,True,,3,True,huggingface
gentlepawsupplies.com,active_ecommerce,shopify,True,,3,True,huggingface
genuineairfilters.com,active_ecommerce,shopify,True,,3,True,huggingface
genuinereplacementparts.com,active_ecommerce,shopify,True,,3,True,huggingface
geometrixmedia.com,active_ecommerce,shopify,True,,3,True,huggingface
georgesdogboutique.com,active_ecommerce,shopify,True,,3,True,huggingface
gepharmacy.com,active_ecommerce,shopify,True,,3,True,huggingface
gepickering.com,active_ecommerce,shopify,True,,3,True,huggingface
gerbing.com,active_ecommerce,shopify,True,,3,True,huggingface
germanmarketplace.sg,active_ecommerce,shopify,True,,3,True,huggingface
germantownyarn.com,active_ecommerce,shopify,True,,3,True,huggingface
germblast.shop,active_ecommerce,shopify,True,,3,True,huggingface
gestalten.com,active_ecommerce,shopify,True,,3,True,huggingface
getautopaws.com,active_ecommerce,shopify,True,,3,True,huggingface
getawhiffco.com,active_ecommerce,shopify,True,,3,True,huggingface
getboomba.com,active_ecommerce,shopify,True,,3,True,huggingface
getcasely.com,active_ecommerce,shopify,True,,3,True,huggingface
getchewmate.com,active_ecommerce,shopify,True,,3,True,huggingface
getcubo.com,active_ecommerce,shopify,True,,3,True,huggingface
getituptools.com,active_ecommerce,shopify,True,,3,True,huggingface
getlooloo.com,active_ecommerce,shopify,True,,3,True,huggingface
getnoticeddisplays.com,active_ecommerce,shopify,True,,3,True,huggingface
getpopjoy.com,active_ecommerce,shopify,True,,3,True,huggingface
getproblaster.com,active_ecommerce,shopify,True,,3,True,huggingface
getsqueakywithus.com,active_ecommerce,shopify,True,,3,True,huggingface
getvilicci.com,active_ecommerce,shopify,True,,3,True,huggingface
getyourfil.today,active_ecommerce,shopify,True,,3,True,huggingface
gfmario.com,active_ecommerce,shopify,True,,3,True,huggingface
gglehi.com,active_ecommerce,shopify,True,,3,True,huggingface
ggrsupplies.com,active_ecommerce,shopify,True,,3,True,huggingface
ghilliesuitclothing.com,active_ecommerce,shopify,True,,3,True,huggingface
ghilliesuitwarehouse.com,active_ecommerce,shopify,True,,3,True,huggingface
ghost-official.com,active_ecommerce,shopify,True,,3,True,huggingface
giantleaprocketry.com,active_ecommerce,shopify,True,,3,True,huggingface
gianttiger.com,active_ecommerce,shopify,True,,3,True,huggingface
gid-store.com,active_ecommerce,shopify,True,,3,True,huggingface
gidgerural.com.au,active_ecommerce,shopify,True,,3,True,huggingface
giesswein.com,active_ecommerce,shopify,True,,3,True,huggingface
giftbrit.com,active_ecommerce,shopify,True,,3,True,huggingface
gifthorsenashville.com,active_ecommerce,shopify,True,,3,True,huggingface
giftmeagain.com,active_ecommerce,shopify,True,,3,True,huggingface
giftwrapit.co.uk,active_ecommerce,shopify,True,,3,True,huggingface
giftwrapxpress.com,active_ecommerce,shopify,True,,3,True,huggingface
giftykitty.com,active_ecommerce,shopify,True,,3,True,huggingface
giftywrap.com,active_ecommerce,shopify,True,,3,True,huggingface
gigglemuggco.com,active_ecommerce,shopify,True,,3,True,huggingface
gigivet.com,active_ecommerce,shopify,True,,3,True,huggingface
gilligalloubird.com,active_ecommerce,shopify,True,,3,True,huggingface
gimarspet.com,active_ecommerce,shopify,True,,3,True,huggingface
gingerlilly.com.au,active_ecommerce,shopify,True,,3,True,huggingface
ginghamandheels.com,active_ecommerce,shopify,True,,3,True,huggingface
giniaofficial.com,active_ecommerce,shopify,True,,3,True,huggingface
giniverse108.com,active_ecommerce,shopify,True,,3,True,huggingface
giprohealth.com,active_ecommerce,shopify,True,,3,True,huggingface
giraffeinnandsafari.com,active_ecommerce,shopify,True,,3,True,huggingface
giri.in,active_ecommerce,shopify,True,,3,True,huggingface
girlofmuse.com,active_ecommerce,shopify,True,,3,True,huggingface
girlsnmoms.com,active_ecommerce,shopify,True,,3,True,huggingface
gisportz.com,active_ecommerce,shopify,True,,3,True,huggingface
gistyarn.com,active_ecommerce,shopify,True,,3,True,huggingface
giveadoggyabone.com,active_ecommerce,shopify,True,,3,True,huggingface
givemasu.com,active_ecommerce,shopify,True,,3,True,huggingface
gjmsoundpr.com,active_ecommerce,shopify,True,,3,True,huggingface
gkelite.com,active_ecommerce,shopify,True,,3,True,huggingface
gkennedyagrisales.com,active_ecommerce,shopify,True,,3,True,huggingface
glamorous.com,active_ecommerce,shopify,True,,3,True,huggingface
glamourzy.com,active_ecommerce,shopify,True,,3,True,huggingface
glassanimals.com,active_ecommerce,shopify,True,,3,True,huggingface
glazehardware.com,active_ecommerce,shopify,True,,3,True,huggingface
glazikfeeds.com,active_ecommerce,shopify,True,,3,True,huggingface
glazingsupplyhouse.com,active_ecommerce,shopify,True,,3,True,huggingface
glengarrycheesemaking.us,active_ecommerce,shopify,True,,3,True,huggingface
gliddenpoint.com,active_ecommerce,shopify,True,,3,True,huggingface
glinetex.com,active_ecommerce,shopify,True,,3,True,huggingface
glitterandgrimalkins.com,active_ecommerce,shopify,True,,3,True,huggingface
gloagburn.co.uk,active_ecommerce,shopify,True,,3,True,huggingface
globalbackyardindustries.com,active_ecommerce,shopify,True,,3,True,huggingface
globalfiltersource.com,active_ecommerce,shopify,True,,3,True,huggingface
globaliraq.net,active_ecommerce,shopify,True,,3,True,huggingface
globalistina.com,active_ecommerce,shopify,True,,3,True,huggingface
globemedicalsupply.com,active_ecommerce,shopify,True,,3,True,huggingface
glomats.co,active_ecommerce,shopify,True,,3,True,huggingface
glorybucha.com,active_ecommerce,shopify,True,,3,True,huggingface
glucanelite.com,active_ecommerce,shopify,True,,3,True,huggingface
glustitch.com,active_ecommerce,shopify,True,,3,True,huggingface
glutenfreeheaven.com,active_ecommerce,shopify,True,,3,True,huggingface
gmpackaging.co.uk,active_ecommerce,shopify,True,,3,True,huggingface
gnbsporting.com,active_ecommerce,shopify,True,,3,True,huggingface
gnltd.co.uk,active_ecommerce,shopify,True,,3,True,huggingface
go-hiho.com,active_ecommerce,shopify,True,,3,True,huggingface
go4sports.rs,active_ecommerce,shopify,True,,3,True,huggingface
goaliemaskcollector.com,active_ecommerce,shopify,True,,3,True,huggingface
goarmy.co.uk,active_ecommerce,shopify,True,,3,True,huggingface
goatcare.com,active_ecommerce,shopify,True,,3,True,huggingface
goattape.com,active_ecommerce,shopify,True,,3,True,huggingface
goblespetandgrain.com.au,active_ecommerce,shopify,True,,3,True,huggingface
goblingaming.co.uk,active_ecommerce,shopify,True,,3,True,huggingface
godadmode.com,active_ecommerce,shopify,True,,3,True,huggingface
godfreygroup.com,active_ecommerce,shopify,True,,3,True,huggingface
godoggiestyle.com,active_ecommerce,shopify,True,,3,True,huggingface
goedkopedisposable.nl,active_ecommerce,shopify,True,,3,True,huggingface
goelia1995.com,active_ecommerce,shopify,True,,3,True,huggingface
gofetchdelivery.com,active_ecommerce,shopify,True,,3,True,huggingface
goffatoys.com,active_ecommerce,shopify,True,,3,True,huggingface
gogazab.com,active_ecommerce,shopify,True,,3,True,huggingface
gogirgit.com,active_ecommerce,shopify,True,,3,True,huggingface
gogun.nl,active_ecommerce,shopify,True,,3,True,huggingface
gogunzee.com,active_ecommerce,shopify,True,,3,True,huggingface
gohealthypet.com,active_ecommerce,shopify,True,,3,True,huggingface
goind.com.au,active_ecommerce,shopify,True,,3,True,huggingface
gokals.com.fj,active_ecommerce,shopify,True,,3,True,huggingface
gold-piercing.com,active_ecommerce,shopify,True,,3,True,huggingface
goldcanyon.com,active_ecommerce,shopify,True,,3,True,huggingface
goldencoulee.com,active_ecommerce,shopify,True,,3,True,huggingface
goldennibbles.com,active_ecommerce,shopify,True,,3,True,huggingface
goldenstatecompressor.com,active_ecommerce,shopify,True,,3,True,huggingface
goldietees.com,active_ecommerce,shopify,True,,3,True,huggingface
goldpawseries.com,active_ecommerce,shopify,True,,3,True,huggingface
goldshielddistribution.com,active_ecommerce,shopify,True,,3,True,huggingface
goldstarbilliards.com,active_ecommerce,shopify,True,,3,True,huggingface
goldstarproducts.net,active_ecommerce,shopify,True,,3,True,huggingface
goldwin-global.com,active_ecommerce,shopify,True,,3,True,huggingface
goldynglow.com,active_ecommerce,shopify,True,,3,True,huggingface
golftees.com,active_ecommerce,shopify,True,,3,True,huggingface
golftiniwear.com,active_ecommerce,shopify,True,,3,True,huggingface
golime.com,active_ecommerce,shopify,True,,3,True,huggingface
golovepets.com,active_ecommerce,shopify,True,,3,True,huggingface
gomichaelpro.com,active_ecommerce,shopify,True,,3,True,huggingface
goneoutdoor.com,active_ecommerce,shopify,True,,3,True,huggingface
gonetothedogs.co,active_ecommerce,shopify,True,,3,True,huggingface
gonexsport.com,active_ecommerce,shopify,True,,3,True,huggingface
goodairx.com,active_ecommerce,shopify,True,,3,True,huggingface
gooddogactivewear.com,active_ecommerce,shopify,True,,3,True,huggingface
goodgetapparel.com,active_ecommerce,shopify,True,,3,True,huggingface
goodgriefyarn.com,active_ecommerce,shopify,True,,3,True,huggingface
goodheartanimalsanctuaries.com,active_ecommerce,shopify,True,,3,True,huggingface
goodintentions.online,active_ecommerce,shopify,True,,3,True,huggingface
goodlandtools.com,active_ecommerce,shopify,True,,3,True,huggingface
goodloopsyarn.com,active_ecommerce,shopify,True,,3,True,huggingface
goodluckgojira.co,active_ecommerce,shopify,True,,3,True,huggingface
goodnesspetfood.com,active_ecommerce,shopify,True,,3,True,huggingface
goodplanet.com,active_ecommerce,shopify,True,,3,True,huggingface
goodsdoctors.com,active_ecommerce,shopify,True,,3,True,huggingface
goodtoplay.com.au,active_ecommerce,shopify,True,,3,True,huggingface
goodvibesclean.com,active_ecommerce,shopify,True,,3,True,huggingface
goodvibesyarntour.com,active_ecommerce,shopify,True,,3,True,huggingface
goodwave.co,active_ecommerce,shopify,True,,3,True,huggingface
goodwood-hockey.com,active_ecommerce,shopify,True,,3,True,huggingface
goofytails.com,active_ecommerce,shopify,True,,3,True,huggingface
googipet.com,active_ecommerce,shopify,True,,3,True,huggingface
gorawpetfood.com,active_ecommerce,shopify,True,,3,True,huggingface
gorillajack.com,active_ecommerce,shopify,True,,3,True,huggingface
gorillapets.com,active_ecommerce,shopify,True,,3,True,huggingface
gorillasports.co.uk,active_ecommerce,shopify,True,,3,True,huggingface
gorillaz.com,active_ecommerce,shopify,True,,3,True,huggingface
gorskimontreal.com,active_ecommerce,shopify,True,,3,True,huggingface
goseechristybeauty.com,active_ecommerce,shopify,True,,3,True,huggingface
goshmart.com,active_ecommerce,shopify,True,,3,True,huggingface
goshop2gain.com,active_ecommerce,shopify,True,,3,True,huggingface
gosycamores.com,active_ecommerce,shopify,True,,3,True,huggingface
gothamcentralcomics.com,active_ecommerce,shopify,True,,3,True,huggingface
gottaloveyoga.com,active_ecommerce,shopify,True,,3,True,huggingface
gottobecool.com,active_ecommerce,shopify,True,,3,True,huggingface
goughanddavy.co.uk,active_ecommerce,shopify,True,,3,True,huggingface
govitalvibes.com,active_ecommerce,shopify,True,,3,True,huggingface
gowersfeed.com,active_ecommerce,shopify,True,,3,True,huggingface
goyogut.com,active_ecommerce,shopify,True,,3,True,huggingface
gpcaraudio.com,active_ecommerce,shopify,True,,3,True,huggingface
gpio.com,active_ecommerce,shopify,True,,3,True,huggingface
grabawrench.com,active_ecommerce,shopify,True,,3,True,huggingface
grace-son.co.uk,active_ecommerce,shopify,True,,3,True,huggingface
gracefulhostshop.com,active_ecommerce,shopify,True,,3,True,huggingface
gracefulmailers.com,active_ecommerce,shopify,True,,3,True,huggingface
graceindustry.com,active_ecommerce,shopify,True,,3,True,huggingface
gracielifestyle.com,active_ecommerce,shopify,True,,3,True,huggingface
grafteks.com,active_ecommerce,shopify,True,,3,True,huggingface
grain2glass.co.nz,active_ecommerce,shopify,True,,3,True,huggingface
grainsandtaps.com,active_ecommerce,shopify,True,,3,True,huggingface
grams28.com,active_ecommerce,shopify,True,,3,True,huggingface
grandinote.it,active_ecommerce,shopify,True,,3,True,huggingface
grandmix.store,active_ecommerce,shopify,True,,3,True,huggingface
grandpasfeeders.com,active_ecommerce,shopify,True,,3,True,huggingface
grandpasshop.com,active_ecommerce,shopify,True,,3,True,huggingface
granitestateyarns.com,active_ecommerce,shopify,True,,3,True,huggingface
grapheneheat.com,active_ecommerce,shopify,True,,3,True,huggingface
graphicsdirect.co.uk,active_ecommerce,shopify,True,,3,True,huggingface
graspop.be,active_ecommerce,shopify,True,,3,True,huggingface
grasshopperkids.co.nz,active_ecommerce,shopify,True,,3,True,huggingface
gratefulgnome.com,active_ecommerce,shopify,True,,3,True,huggingface
gratefullittlepeople.com,active_ecommerce,shopify,True,,3,True,huggingface
gravotechmarkit.com,active_ecommerce,shopify,True,,3,True,huggingface
grayandhound.com,active_ecommerce,shopify,True,,3,True,huggingface
graymist.com,active_ecommerce,shopify,True,,3,True,huggingface
grdnbklyn.com,active_ecommerce,shopify,True,,3,True,huggingface
grease-ape.com,active_ecommerce,shopify,True,,3,True,huggingface
greasemonkeydirect.com,active_ecommerce,shopify,True,,3,True,huggingface
greatballsofflour.com,active_ecommerce,shopify,True,,3,True,huggingface
greatoak.nl,active_ecommerce,shopify,True,,3,True,huggingface
greatoutdoordepot.com,active_ecommerce,shopify,True,,3,True,huggingface
greatoutdoorprovision.com,active_ecommerce,shopify,True,,3,True,huggingface
greatsouthernyarn.com,active_ecommerce,shopify,True,,3,True,huggingface
greatwesternsaw.com,active_ecommerce,shopify,True,,3,True,huggingface
greddy.com,active_ecommerce,shopify,True,,3,True,huggingface
greekflavours.com,active_ecommerce,shopify,True,,3,True,huggingface
green-angels.it,active_ecommerce,shopify,True,,3,True,huggingface
green-feathers.co.uk,active_ecommerce,shopify,True,,3,True,huggingface
greenandwilds.co.uk,active_ecommerce,shopify,True,,3,True,huggingface
greenappleactive.com,active_ecommerce,shopify,True,,3,True,huggingface
greenbeanboutique.com,active_ecommerce,shopify,True,,3,True,huggingface
greendindia.com,active_ecommerce,shopify,True,,3,True,huggingface
greengrillshop.com,active_ecommerce,shopify,True,,3,True,huggingface
greenleafclean.co,active_ecommerce,shopify,True,,3,True,huggingface
greenleif.sg,active_ecommerce,shopify,True,,3,True,huggingface
greenlinefilters.com,active_ecommerce,shopify,True,,3,True,huggingface
greenmooncollective.com,active_ecommerce,shopify,True,,3,True,huggingface
greenpets.co,active_ecommerce,shopify,True,,3,True,huggingface
greenribbonfertilizer.com,active_ecommerce,shopify,True,,3,True,huggingface
greensoul.online,active_ecommerce,shopify,True,,3,True,huggingface
greentailsmarket.com,active_ecommerce,shopify,True,,3,True,huggingface
greentomatomarket.com,active_ecommerce,shopify,True,,3,True,huggingface
greentopgifts.com,active_ecommerce,shopify,True,,3,True,huggingface
greenwoodfiberworks.com,active_ecommerce,shopify,True,,3,True,huggingface
greenwoodplazaja.com,active_ecommerce,shopify,True,,3,True,huggingface
greenworkstools.com,active_ecommerce,shopify,True,,3,True,huggingface
grennansonline.ie,active_ecommerce,shopify,True,,3,True,huggingface
grid-connect.com.au,active_ecommerce,shopify,True,,3,True,huggingface
grifgrips.com,active_ecommerce,shopify,True,,3,True,huggingface
grimblades.com,active_ecommerce,shopify,True,,3,True,huggingface
griponhardware.com,active_ecommerce,shopify,True,,3,True,huggingface
gripperbybauer.com,active_ecommerce,shopify,True,,3,True,huggingface
grishastewart.com,active_ecommerce,shopify,True,,3,True,huggingface
gritstock.lt,active_ecommerce,shopify,True,,3,True,huggingface
groferbazar.com,active_ecommerce,shopify,True,,3,True,huggingface
grokepet.com.au,active_ecommerce,shopify,True,,3,True,huggingface
groomatorium.com,active_ecommerce,shopify,True,,3,True,huggingface
groomie.club,active_ecommerce,shopify,True,,3,True,huggingface
groovethiswoodshop.com,active_ecommerce,shopify,True,,3,True,huggingface
grosssupply.com,active_ecommerce,shopify,True,,3,True,huggingface
groundeffect.co.nz,active_ecommerce,shopify,True,,3,True,huggingface
growers.co,active_ecommerce,shopify,True,,3,True,huggingface
growfromnature.com,active_ecommerce,shopify,True,,3,True,huggingface
growingandgoing.com,active_ecommerce,shopify,True,,3,True,huggingface
growingtreetoys.com,active_ecommerce,shopify,True,,3,True,huggingface
grscott.co.uk,active_ecommerce,shopify,True,,3,True,huggingface
grumpynook.com,active_ecommerce,shopify,True,,3,True,huggingface
gsawholesale.com,active_ecommerce,shopify,True,,3,True,huggingface
gsbreeze.com,active_ecommerce,shopify,True,,3,True,huggingface
gsmpro.com,active_ecommerce,shopify,True,,3,True,huggingface
gspcoffeecompany.com,active_ecommerce,shopify,True,,3,True,huggingface
gtafilters.ca,active_ecommerce,shopify,True,,3,True,huggingface
gtecanada.ca,active_ecommerce,shopify,True,,3,True,huggingface
gtg.com.pl,active_ecommerce,shopify,True,,3,True,huggingface
guardiantechnologies.com,active_ecommerce,shopify,True,,3,True,huggingface
guardmyfarm.co.uk,active_ecommerce,shopify,True,,3,True,huggingface
guardtechplus.com,active_ecommerce,shopify,True,,3,True,huggingface
guardtheline.com,active_ecommerce,shopify,True,,3,True,huggingface
guerillaseeds.net,active_ecommerce,shopify,True,,3,True,huggingface
guess.com.ph,active_ecommerce,shopify,True,,3,True,huggingface
guestsonearth.com,active_ecommerce,shopify,True,,3,True,huggingface
guinnesswebstore.co.uk,active_ecommerce,shopify,True,,3,True,huggingface
guitarcolonel.com,active_ecommerce,shopify,True,,3,True,huggingface
guitarpusher.com,active_ecommerce,shopify,True,,3,True,huggingface
gulfcoastpetsupplies.com,active_ecommerce,shopify,True,,3,True,huggingface
gumus.eg,active_ecommerce,shopify,True,,3,True,huggingface
gun-nutz.com,active_ecommerce,shopify,True,,3,True,huggingface
gunkgetter.com,active_ecommerce,shopify,True,,3,True,huggingface
gunmansa.co.za,active_ecommerce,shopify,True,,3,True,huggingface
gunmount.com,active_ecommerce,shopify,True,,3,True,huggingface
gunrollerpb.com,active_ecommerce,shopify,True,,3,True,huggingface
guntersvillefeed.com,active_ecommerce,shopify,True,,3,True,huggingface
gunuptactical.com,active_ecommerce,shopify,True,,3,True,huggingface
gusta.ca,active_ecommerce,shopify,True,,3,True,huggingface
guuglywuugly.com,active_ecommerce,shopify,True,,3,True,huggingface
gvpharmacy.com,active_ecommerce,shopify,True,,3,True,huggingface
gwenfosternd.com,active_ecommerce,shopify,True,,3,True,huggingface
gwnpottery.ca,active_ecommerce,shopify,True,,3,True,huggingface
gxcaraudio.com,active_ecommerce,shopify,True,,3,True,huggingface
gxgsports.com,active_ecommerce,shopify,True,,3,True,huggingface
gxpumpofficial.com,active_ecommerce,shopify,True,,3,True,huggingface
gylesandgeorge.com,active_ecommerce,shopify,True,,3,True,huggingface
gymandfitness.co.nz,active_ecommerce,shopify,True,,3,True,huggingface
gyminabox.la,active_ecommerce,shopify,True,,3,True,huggingface
gymkuma.com,active_ecommerce,shopify,True,,3,True,huggingface
gymoclockfitness.com,active_ecommerce,shopify,True,,3,True,huggingface
gypsyandthebowerbird.com.au,active_ecommerce,shopify,True,,3,True,huggingface
gypsyquarter.com,active_ecommerce,shopify,True,,3,True,huggingface
h2oprotech.com,active_ecommerce,shopify,True,,3,True,huggingface
haarstadveterinarydermatology.com,active_ecommerce,shopify,True,,3,True,huggingface
habitatpets.com.au,active_ecommerce,shopify,True,,3,True,huggingface
habitual.com,active_ecommerce,shopify,True,,3,True,huggingface
hadeedtools.com,active_ecommerce,shopify,True,,3,True,huggingface
hadesignsltd.com,active_ecommerce,shopify,True,,3,True,huggingface
hagensorganics.com.au,active_ecommerce,shopify,True,,3,True,huggingface
haikitti.com,active_ecommerce,shopify,True,,3,True,huggingface
haikupop.com,active_ecommerce,shopify,True,,3,True,huggingface
hairdreamstapes.com,active_ecommerce,shopify,True,,3,True,huggingface
haivista.com,active_ecommerce,shopify,True,,3,True,huggingface
hakunapets.com,active_ecommerce,shopify,True,,3,True,huggingface
halcyoncoast.co,active_ecommerce,shopify,True,,3,True,huggingface
halfnuts.net,active_ecommerce,shopify,True,,3,True,huggingface
halfpricepetfood.com,active_ecommerce,shopify,True,,3,True,huggingface
hallons.co.uk,active_ecommerce,shopify,True,,3,True,huggingface
hallsfeedandseed.com,active_ecommerce,shopify,True,,3,True,huggingface
halodogaccessories.com,active_ecommerce,shopify,True,,3,True,huggingface
hamamall.com,active_ecommerce,shopify,True,,3,True,huggingface
hamimosmallthings.com,active_ecommerce,shopify,True,,3,True,huggingface
hamishmcbeth.com,active_ecommerce,shopify,True,,3,True,huggingface
hammerhouse.com.sg,active_ecommerce,shopify,True,,3,True,huggingface
hammy3dprints.com,active_ecommerce,shopify,True,,3,True,huggingface
hanasan.com,active_ecommerce,shopify,True,,3,True,huggingface
handmayk.com,active_ecommerce,shopify,True,,3,True,huggingface
handtooloutlet.com,active_ecommerce,shopify,True,,3,True,huggingface
handworks.com.au,active_ecommerce,shopify,True,,3,True,huggingface
handydadtools.com,active_ecommerce,shopify,True,,3,True,huggingface
hangouthaven.com,active_ecommerce,shopify,True,,3,True,huggingface
hangyourgear.com,active_ecommerce,shopify,True,,3,True,huggingface
hankandhera.com.au,active_ecommerce,shopify,True,,3,True,huggingface
hanksyarnparlour.com,active_ecommerce,shopify,True,,3,True,huggingface
hannahartwear.com,active_ecommerce,shopify,True,,3,True,huggingface
hannahcolleen.com,active_ecommerce,shopify,True,,3,True,huggingface
hannanikole.com,active_ecommerce,shopify,True,,3,True,huggingface
hannasherbshop.com,active_ecommerce,shopify,True,,3,True,huggingface
hans.com.sg,active_ecommerce,shopify,True,,3,True,huggingface
hansonindustrialpeoria.com,active_ecommerce,shopify,True,,3,True,huggingface
happet.net,active_ecommerce,shopify,True,,3,True,huggingface
happi-planet.com,active_ecommerce,shopify,True,,3,True,huggingface
happycatvancouver.com,active_ecommerce,shopify,True,,3,True,huggingface
happydogapparel.com,active_ecommerce,shopify,True,,3,True,huggingface
happydoguk.com,active_ecommerce,shopify,True,,3,True,huggingface
happyelephant.com,active_ecommerce,shopify,True,,3,True,huggingface
happyhandyman.com,active_ecommerce,shopify,True,,3,True,huggingface
happyhounds.biz,active_ecommerce,shopify,True,,3,True,huggingface
happylittlekitty.com,active_ecommerce,shopify,True,,3,True,huggingface
happyllamatech.com,active_ecommerce,shopify,True,,3,True,huggingface
happymailstudios.com,active_ecommerce,shopify,True,,3,True,huggingface
happymammoth.com,active_ecommerce,shopify,True,,3,True,huggingface
happypants.com.au,active_ecommerce,shopify,True,,3,True,huggingface
happypawsonline.com,active_ecommerce,shopify,True,,3,True,huggingface
happypawsus.com,active_ecommerce,shopify,True,,3,True,huggingface
happypet.co.nz,active_ecommerce,shopify,True,,3,True,huggingface
happyrockpets.com,active_ecommerce,shopify,True,,3,True,huggingface
happystaffyco.com,active_ecommerce,shopify,True,,3,True,huggingface
happystride.co.uk,active_ecommerce,shopify,True,,3,True,huggingface
happytailpetsupply.com,active_ecommerce,shopify,True,,3,True,huggingface
happytailsus.com,active_ecommerce,shopify,True,,3,True,huggingface
happyyellowpaper.com,active_ecommerce,shopify,True,,3,True,huggingface
hara.com.au,active_ecommerce,shopify,True,,3,True,huggingface
harbourchandler.ca,active_ecommerce,shopify,True,,3,True,huggingface
hardkorr.com,active_ecommerce,shopify,True,,3,True,huggingface
hardlandapparel.com,active_ecommerce,shopify,True,,3,True,huggingface
hardwaresource.com,active_ecommerce,shopify,True,,3,True,huggingface
hardwarezonepk.com,active_ecommerce,shopify,True,,3,True,huggingface
hardypackaging.co.nz,active_ecommerce,shopify,True,,3,True,huggingface
harmonichealth.co.za,active_ecommerce,shopify,True,,3,True,huggingface
harpershealthcare.co.uk,active_ecommerce,shopify,True,,3,True,huggingface
harpsandthistles.com,active_ecommerce,shopify,True,,3,True,huggingface
harrisco.store,active_ecommerce,shopify,True,,3,True,huggingface
harvardpetparadise.com,active_ecommerce,shopify,True,,3,True,huggingface
harvestermuzzleloading.com,active_ecommerce,shopify,True,,3,True,huggingface
harvestrolley.com,active_ecommerce,shopify,True,,3,True,huggingface
harveystore.com,active_ecommerce,shopify,True,,3,True,huggingface
hassettgreen.com,active_ecommerce,shopify,True,,3,True,huggingface
hastteltoy.com,active_ecommerce,shopify,True,,3,True,huggingface
haswarehome.com,active_ecommerce,shopify,True,,3,True,huggingface
hausoftreli.com,active_ecommerce,shopify,True,,3,True,huggingface
hausofyarn.com,active_ecommerce,shopify,True,,3,True,huggingface
hauspanther.com,active_ecommerce,shopify,True,,3,True,huggingface
hautediggitydog.com,active_ecommerce,shopify,True,,3,True,huggingface
hautmectools.com,active_ecommerce,shopify,True,,3,True,huggingface
haveablasttoys.com,active_ecommerce,shopify,True,,3,True,huggingface
havecleanair.com,active_ecommerce,shopify,True,,3,True,huggingface
haveyoumetcharlie.com,active_ecommerce,shopify,True,,3,True,huggingface
havingayarn.com.au,active_ecommerce,shopify,True,,3,True,huggingface
hawaiidoggiebakery.org,active_ecommerce,shopify,True,,3,True,huggingface
hawkeandco.com,active_ecommerce,shopify,True,,3,True,huggingface
haydenla.com,active_ecommerce,shopify,True,,3,True,huggingface
hayesandsons.shop,active_ecommerce,shopify,True,,3,True,huggingface
haystacks.net,active_ecommerce,shopify,True,,3,True,huggingface
headgum.com,active_ecommerce,shopify,True,,3,True,huggingface
headshotpb.com,active_ecommerce,shopify,True,,3,True,huggingface
headspace.com.kw,active_ecommerce,shopify,True,,3,True,huggingface
healincolour.ca,active_ecommerce,shopify,True,,3,True,huggingface
health-shop.com.au,active_ecommerce,shopify,True,,3,True,huggingface
healthandleisure.com.au,active_ecommerce,shopify,True,,3,True,huggingface
healthgearmedical.com,active_ecommerce,shopify,True,,3,True,huggingface
healthmasters.com.au,active_ecommerce,shopify,True,,3,True,huggingface
healthpharm.co.uk,active_ecommerce,shopify,True,,3,True,huggingface
healthsourcesupplements.com,active_ecommerce,shopify,True,,3,True,huggingface
healthyhabitats.com.au,active_ecommerce,shopify,True,,3,True,huggingface
healthylifesources.com,active_ecommerce,shopify,True,,3,True,huggingface
healthypawsherbals.com,active_ecommerce,shopify,True,,3,True,huggingface
healysoutletstore.co.uk,active_ecommerce,shopify,True,,3,True,huggingface
heapsgoodpackaging.com.au,active_ecommerce,shopify,True,,3,True,huggingface
hear-hi.com,active_ecommerce,shopify,True,,3,True,huggingface
heartswoon.com,active_ecommerce,shopify,True,,3,True,huggingface
heartwellmed.com,active_ecommerce,shopify,True,,3,True,huggingface
heartwrenchcollective.com,active_ecommerce,shopify,True,,3,True,huggingface
heartypet.com,active_ecommerce,shopify,True,,3,True,huggingface
heatholders.com,active_ecommerce,shopify,True,,3,True,huggingface
heathside.biz,active_ecommerce,shopify,True,,3,True,huggingface
heatingcoolingwarehouse.com.au,active_ecommerce,shopify,True,,3,True,huggingface
heatray.com.au,active_ecommerce,shopify,True,,3,True,huggingface
heatsbox.com,active_ecommerce,shopify,True,,3,True,huggingface
heavenglutenfree.com,active_ecommerce,shopify,True,,3,True,huggingface
heavydutytape.com,active_ecommerce,shopify,True,,3,True,huggingface
heavymetalgunsafes.com,active_ecommerce,shopify,True,,3,True,huggingface
heckinpawfect.com,active_ecommerce,shopify,True,,3,True,huggingface
hedgehogjournals.com,active_ecommerce,shopify,True,,3,True,huggingface
hedgren.com,active_ecommerce,shopify,True,,3,True,huggingface
heelium.in,active_ecommerce,shopify,True,,3,True,huggingface
heiferstation.com,active_ecommerce,shopify,True,,3,True,huggingface
heimat-textil.com,active_ecommerce,shopify,True,,3,True,huggingface
heimglobal.com,active_ecommerce,shopify,True,,3,True,huggingface
helladopetoys.com,active_ecommerce,shopify,True,,3,True,huggingface
hellocatsanddogs.com,active_ecommerce,shopify,True,,3,True,huggingface
hellodoggie143.com,active_ecommerce,shopify,True,,3,True,huggingface
hellodynamic.com,active_ecommerce,shopify,True,,3,True,huggingface
hellofend.com,active_ecommerce,shopify,True,,3,True,huggingface
hellomerch.com,active_ecommerce,shopify,True,,3,True,huggingface
hellopetsbd.com,active_ecommerce,shopify,True,,3,True,huggingface
hellosanctuary.com,active_ecommerce,shopify,True,,3,True,huggingface
hellotomato.co,active_ecommerce,shopify,True,,3,True,huggingface
hellowhale.ch,active_ecommerce,shopify,True,,3,True,huggingface
helpingparrots.com,active_ecommerce,shopify,True,,3,True,huggingface
helpingpetslivelonger.com,active_ecommerce,shopify,True,,3,True,huggingface
hemantandnandita.com,active_ecommerce,shopify,True,,3,True,huggingface
hemenwaydetailing.com,active_ecommerce,shopify,True,,3,True,huggingface
hemptownnaturals.com,active_ecommerce,shopify,True,,3,True,huggingface
henart.com,active_ecommerce,shopify,True,,3,True,huggingface
henlyndogbeds.co.za,active_ecommerce,shopify,True,,3,True,huggingface
henrilloyd.com,active_ecommerce,shopify,True,,3,True,huggingface
henrilloyd.com.au,active_ecommerce,shopify,True,,3,True,huggingface
hensis.com,active_ecommerce,shopify,True,,3,True,huggingface
henskensrankin.com,active_ecommerce,shopify,True,,3,True,huggingface
herbal-animals.com,active_ecommerce,shopify,True,,3,True,huggingface
herbalogic.com,active_ecommerce,shopify,True,,3,True,huggingface
herbosequipment.co.nz,active_ecommerce,shopify,True,,3,True,huggingface
hercs.com,active_ecommerce,shopify,True,,3,True,huggingface
herdiotech.com,active_ecommerce,shopify,True,,3,True,huggingface
heritagencfarmsupply.com,active_ecommerce,shopify,True,,3,True,huggingface
hermesmusic.com,active_ecommerce,shopify,True,,3,True,huggingface
hernestproject.com,active_ecommerce,shopify,True,,3,True,huggingface
hero.be,active_ecommerce,shopify,True,,3,True,huggingface
herospets.com,active_ecommerce,shopify,True,,3,True,huggingface
herpshipper.com,active_ecommerce,shopify,True,,3,True,huggingface
herspet.shop,active_ecommerce,shopify,True,,3,True,huggingface
heskavetshop.com,active_ecommerce,shopify,True,,3,True,huggingface
hesperfox.com,active_ecommerce,shopify,True,,3,True,huggingface
heuvipens.com,active_ecommerce,shopify,True,,3,True,huggingface
heymache.com,active_ecommerce,shopify,True,,3,True,huggingface
heymeowo.com,active_ecommerce,shopify,True,,3,True,huggingface
heynowhifi.com.au,active_ecommerce,shopify,True,,3,True,huggingface
hgpluxurypetaccessories.com,active_ecommerce,shopify,True,,3,True,huggingface
hhfeeders.com,active_ecommerce,shopify,True,,3,True,huggingface
hi5paws.sg,active_ecommerce,shopify,True,,3,True,huggingface
hibacart.com,active_ecommerce,shopify,True,,3,True,huggingface
hiccupzz.com,active_ecommerce,shopify,True,,3,True,huggingface
hiddenwaters.farm,active_ecommerce,shopify,True,,3,True,huggingface
hideastore.it,active_ecommerce,shopify,True,,3,True,huggingface
hificollege.net,active_ecommerce,shopify,True,,3,True,huggingface
hifipro.ca,active_ecommerce,shopify,True,,3,True,huggingface
hifuzzypet.com,active_ecommerce,shopify,True,,3,True,huggingface
highdesertfeeds.com,active_ecommerce,shopify,True,,3,True,huggingface
highlandfarms.in,active_ecommerce,shopify,True,,3,True,huggingface
highliftoffroad.com,active_ecommerce,shopify,True,,3,True,huggingface
highmartonline.com,active_ecommerce,shopify,True,,3,True,huggingface
highpressureairsoft.co.uk,active_ecommerce,shopify,True,,3,True,huggingface
highvelocityoutlets.com,active_ecommerce,shopify,True,,3,True,huggingface
highwaydelite.com,active_ecommerce,shopify,True,,3,True,huggingface
higooga.com,active_ecommerce,shopify,True,,3,True,huggingface
higoperator.co.uk,active_ecommerce,shopify,True,,3,True,huggingface
hik9.com,active_ecommerce,shopify,True,,3,True,huggingface
hilaryshounds.com,active_ecommerce,shopify,True,,3,True,huggingface
hillbro.com,active_ecommerce,shopify,True,,3,True,huggingface
hillga.com,active_ecommerce,shopify,True,,3,True,huggingface
hillsideusa.com,active_ecommerce,shopify,True,,3,True,huggingface
himali.com,active_ecommerce,shopify,True,,3,True,huggingface
hinomi.co,active_ecommerce,shopify,True,,3,True,huggingface
hipermascotas.com,active_ecommerce,shopify,True,,3,True,huggingface
hipers.net,active_ecommerce,shopify,True,,3,True,huggingface
hiplaytoys.com,active_ecommerce,shopify,True,,3,True,huggingface
hippiechick-granola.com,active_ecommerce,shopify,True,,3,True,huggingface
hippityhoppetshop.com,active_ecommerce,shopify,True,,3,True,huggingface
hippohealth.co.nz,active_ecommerce,shopify,True,,3,True,huggingface
hippypop.com,active_ecommerce,shopify,True,,3,True,huggingface
hiproace.com,active_ecommerce,shopify,True,,3,True,huggingface
hipstrings.com,active_ecommerce,shopify,True,,3,True,huggingface
hirokoskitchen.com,active_ecommerce,shopify,True,,3,True,huggingface
historicalarmory.com,active_ecommerce,shopify,True,,3,True,huggingface
hitchcockpaper.com,active_ecommerce,shopify,True,,3,True,huggingface
hitnmove.com,active_ecommerce,shopify,True,,3,True,huggingface
hkarmy.com,active_ecommerce,shopify,True,,3,True,huggingface
hkcoffeeholic.com,active_ecommerce,shopify,True,,3,True,huggingface
hkginger.com,active_ecommerce,shopify,True,,3,True,huggingface
hkiairsuspension.com,active_ecommerce,shopify,True,,3,True,huggingface
hmabrasives.com,active_ecommerce,shopify,True,,3,True,huggingface
hmete.com,active_ecommerce,shopify,True,,3,True,huggingface
hmpfeed.com,active_ecommerce,shopify,True,,3,True,huggingface
hobby-bee.com,active_ecommerce,shopify,True,,3,True,huggingface
hobbycardshop.com,active_ecommerce,shopify,True,,3,True,huggingface
hobbyland.co.nz,active_ecommerce,shopify,True,,3,True,huggingface
hobbyzone.co.nz,active_ecommerce,shopify,True,,3,True,huggingface
hobiumyarns.com,active_ecommerce,shopify,True,,3,True,huggingface
hockeyjoe.com,active_ecommerce,shopify,True,,3,True,huggingface
hockeystation.com,active_ecommerce,shopify,True,,3,True,huggingface
hocl.care,active_ecommerce,shopify,True,,3,True,huggingface
holburnonline.co.uk,active_ecommerce,shopify,True,,3,True,huggingface
hold-on-studio.com,active_ecommerce,shopify,True,,3,True,huggingface
holebrookusa.com,active_ecommerce,shopify,True,,3,True,huggingface
hollissupply.com,active_ecommerce,shopify,True,,3,True,huggingface
hollyknollfarms.com,active_ecommerce,shopify,True,,3,True,huggingface
hollymolly.ca,active_ecommerce,shopify,True,,3,True,huggingface
holofex.com,active_ecommerce,shopify,True,,3,True,huggingface
homdum.com,active_ecommerce,shopify,True,,3,True,huggingface
home-crafts.co.uk,active_ecommerce,shopify,True,,3,True,huggingface
home-of-yoga.co.uk,active_ecommerce,shopify,True,,3,True,huggingface
homeandcountryusa.com,active_ecommerce,shopify,True,,3,True,huggingface
homebodii.com,active_ecommerce,shopify,True,,3,True,huggingface
homeboundapparel.com,active_ecommerce,shopify,True,,3,True,huggingface
homebrewit.com,active_ecommerce,shopify,True,,3,True,huggingface
homedecortapestries.com,active_ecommerce,shopify,True,,3,True,huggingface
homedfo.com.au,active_ecommerce,shopify,True,,3,True,huggingface
homeedge.co.nz,active_ecommerce,shopify,True,,3,True,huggingface
homefermenter.com,active_ecommerce,shopify,True,,3,True,huggingface
homefieldapparel.com,active_ecommerce,shopify,True,,3,True,huggingface
homefreshdv.com,active_ecommerce,shopify,True,,3,True,huggingface
homegamesroom.co.uk,active_ecommerce,shopify,True,,3,True,huggingface
homeintohaven.com,active_ecommerce,shopify,True,,3,True,huggingface
homemadecopk.com,active_ecommerce,shopify,True,,3,True,huggingface
homeofnailart.com,active_ecommerce,shopify,True,,3,True,huggingface
homeownerair.com,active_ecommerce,shopify,True,,3,True,huggingface
homepulse.xyz,active_ecommerce,shopify,True,,3,True,huggingface
homerunpet.com,active_ecommerce,shopify,True,,3,True,huggingface
homeswee.com,active_ecommerce,shopify,True,,3,True,huggingface
homeyastore.com,active_ecommerce,shopify,True,,3,True,huggingface
homgar.com,active_ecommerce,shopify,True,,3,True,huggingface
homhum.com,active_ecommerce,shopify,True,,3,True,huggingface
hommeskin.com,active_ecommerce,shopify,True,,3,True,huggingface
homvana.shop,active_ecommerce,shopify,True,,3,True,huggingface
honest2nature.co.uk,active_ecommerce,shopify,True,,3,True,huggingface
honestpaper.com.au,active_ecommerce,shopify,True,,3,True,huggingface
honestpetproducts.com,active_ecommerce,shopify,True,,3,True,huggingface
honeyloveyou.com,active_ecommerce,shopify,True,,3,True,huggingface
honiture.com,active_ecommerce,shopify,True,,3,True,huggingface
hoopaz.com,active_ecommerce,shopify,True,,3,True,huggingface
hopcraftsupply.com,active_ecommerce,shopify,True,,3,True,huggingface
hopelesslingerie.com,active_ecommerce,shopify,True,,3,True,huggingface
hopemedsupply.com,active_ecommerce,shopify,True,,3,True,huggingface
hoplitearmor.com,active_ecommerce,shopify,True,,3,True,huggingface
hoppingdogcards.com,active_ecommerce,shopify,True,,3,True,huggingface
hoprousa.com,active_ecommerce,shopify,True,,3,True,huggingface
hopunionbrewery.co.uk,active_ecommerce,shopify,True,,3,True,huggingface
horizonanimalcare.com,active_ecommerce,shopify,True,,3,True,huggingface
horizonleisure.com.au,active_ecommerce,shopify,True,,3,True,huggingface
horlicks.in,active_ecommerce,shopify,True,,3,True,huggingface
hornstone.co.uk,active_ecommerce,shopify,True,,3,True,huggingface
horstmeyer.com,active_ecommerce,shopify,True,,3,True,huggingface
hotrags.com,active_ecommerce,shopify,True,,3,True,huggingface
hotwaterbottleshop.co.uk,active_ecommerce,shopify,True,,3,True,huggingface
houndhamper.com,active_ecommerce,shopify,True,,3,True,huggingface
houndslyusa.com,active_ecommerce,shopify,True,,3,True,huggingface
houndsy.com,active_ecommerce,shopify,True,,3,True,huggingface
hourloop.com,active_ecommerce,shopify,True,,3,True,huggingface
houseofcomfort.in,active_ecommerce,shopify,True,,3,True,huggingface
houseofdog.shop,active_ecommerce,shopify,True,,3,True,huggingface
houseoffett.com,active_ecommerce,shopify,True,,3,True,huggingface
houseofgoutte.com,active_ecommerce,shopify,True,,3,True,huggingface
houseofhackney.com,active_ecommerce,shopify,True,,3,True,huggingface
houseofmangalam.com,active_ecommerce,shopify,True,,3,True,huggingface
houseofmats.com,active_ecommerce,shopify,True,,3,True,huggingface
houseofpaws.co.uk,active_ecommerce,shopify,True,,3,True,huggingface
houseofpetsdelight.com,active_ecommerce,shopify,True,,3,True,huggingface
houseofrirasa.com,active_ecommerce,shopify,True,,3,True,huggingface
houseofroro.com,active_ecommerce,shopify,True,,3,True,huggingface
houseofscuba.com,active_ecommerce,shopify,True,,3,True,huggingface
houseofsika.com,active_ecommerce,shopify,True,,3,True,huggingface
houseofskuff.com,active_ecommerce,shopify,True,,3,True,huggingface
houseoftrains.com,active_ecommerce,shopify,True,,3,True,huggingface
houseofwindsor.shop,active_ecommerce,shopify,True,,3,True,huggingface
housofpaws.com,active_ecommerce,shopify,True,,3,True,huggingface
houstonrawpetfood.com,active_ecommerce,shopify,True,,3,True,huggingface
howellsmercantile.com,active_ecommerce,shopify,True,,3,True,huggingface
howtodistill.com,active_ecommerce,shopify,True,,3,True,huggingface
hqsing.com,active_ecommerce,shopify,True,,3,True,huggingface
hrb-power.com,active_ecommerce,shopify,True,,3,True,huggingface
hrfisken.co.nz,active_ecommerce,shopify,True,,3,True,huggingface
hriku.com,active_ecommerce,shopify,True,,3,True,huggingface
hrtacticalin.com,active_ecommerce,shopify,True,,3,True,huggingface
hscph.com,active_ecommerce,shopify,True,,3,True,huggingface
huafunchina.com,active_ecommerce,shopify,True,,3,True,huggingface
huayiflowerwraps.com,active_ecommerce,shopify,True,,3,True,huggingface
huberequipment.com,active_ecommerce,shopify,True,,3,True,huggingface
hudsonvalleyfeedservice.com,active_ecommerce,shopify,True,,3,True,huggingface
hugerockglobal.com,active_ecommerce,shopify,True,,3,True,huggingface
hugsmartpet.com,active_ecommerce,shopify,True,,3,True,huggingface
huit.com,active_ecommerce,shopify,True,,3,True,huggingface
humankindpet.com,active_ecommerce,shopify,True,,3,True,huggingface
humblesuds.com,active_ecommerce,shopify,True,,3,True,huggingface
humbuckermusic.com,active_ecommerce,shopify,True,,3,True,huggingface
hungrybirdeats.com,active_ecommerce,shopify,True,,3,True,huggingface
hunterpetstore.com,active_ecommerce,shopify,True,,3,True,huggingface
huntersheadquarters.ca,active_ecommerce,shopify,True,,3,True,huggingface
huntpal.shop,active_ecommerce,shopify,True,,3,True,huggingface
huntseatpaperco.com,active_ecommerce,shopify,True,,3,True,huggingface
huntthenight.com.au,active_ecommerce,shopify,True,,3,True,huggingface
huronpetsupply.com,active_ecommerce,shopify,True,,3,True,huggingface
hushpuppies.com.pk,active_ecommerce,shopify,True,,3,True,huggingface
hustleop.com,active_ecommerce,shopify,True,,3,True,huggingface
hutclothing.com,active_ecommerce,shopify,True,,3,True,huggingface
hvac-marketplace.com,active_ecommerce,shopify,True,,3,True,huggingface
hvachomesupply.com,active_ecommerce,shopify,True,,3,True,huggingface
hvaconline.com,active_ecommerce,shopify,True,,3,True,huggingface
hvacshop.com.au,active_ecommerce,shopify,True,,3,True,huggingface
hvacstore.com,active_ecommerce,shopify,True,,3,True,huggingface
hvactotal.com,active_ecommerce,shopify,True,,3,True,huggingface
hvgameroom.com,active_ecommerce,shopify,True,,3,True,huggingface
hvsupply.com,active_ecommerce,shopify,True,,3,True,huggingface
hyanka.com,active_ecommerce,shopify,True,,3,True,huggingface
hybernate.com.au,active_ecommerce,shopify,True,,3,True,huggingface
hydrogroveco.com,active_ecommerce,shopify,True,,3,True,huggingface
hydur.co.uk,active_ecommerce,shopify,True,,3,True,huggingface
hydur.com,active_ecommerce,shopify,True,,3,True,huggingface
hyfiguresociety.com,active_ecommerce,shopify,True,,3,True,huggingface
hyfve.com,active_ecommerce,shopify,True,,3,True,huggingface
hygain.com.au,active_ecommerce,shopify,True,,3,True,huggingface
hygge.com.ar,active_ecommerce,shopify,True,,3,True,huggingface
hygienechemicals.co.uk,active_ecommerce,shopify,True,,3,True,huggingface
hyla.my,active_ecommerce,shopify,True,,3,True,huggingface
hylanorthamericashop.com,active_ecommerce,shopify,True,,3,True,huggingface
hypercleanstore.com,active_ecommerce,shopify,True,,3,True,huggingface
hypnoticyarn.com,active_ecommerce,shopify,True,,3,True,huggingface
hypoair.com,active_ecommerce,shopify,True,,3,True,huggingface
hytoolsnz.co.nz,active_ecommerce,shopify,True,,3,True,huggingface
hytorc.com,active_ecommerce,shopify,True,,3,True,huggingface
iabrass.com,active_ecommerce,shopify,True,,3,True,huggingface
iamandco.com,active_ecommerce,shopify,True,,3,True,huggingface
iamfactoryedge.com,active_ecommerce,shopify,True,,3,True,huggingface
iamnat.co.uk,active_ecommerce,shopify,True,,3,True,huggingface
iamretro.com,active_ecommerce,shopify,True,,3,True,huggingface
iaobosi.com,active_ecommerce,shopify,True,,3,True,huggingface
iaqliving.com,active_ecommerce,shopify,True,,3,True,huggingface
ibera.info,active_ecommerce,shopify,True,,3,True,huggingface
ibrew.com.au,active_ecommerce,shopify,True,,3,True,huggingface
ibuyxi.com,active_ecommerce,shopify,True,,3,True,huggingface
ibuyyoga.com,active_ecommerce,shopify,True,,3,True,huggingface
icebergarmynavy.com,active_ecommerce,shopify,True,,3,True,huggingface
icecreamuniversity.org,active_ecommerce,shopify,True,,3,True,huggingface
icegroup.com.au,active_ecommerce,shopify,True,,3,True,huggingface
icelandicstore.is,active_ecommerce,shopify,True,,3,True,huggingface
iconbodyjewelry.com,active_ecommerce,shopify,True,,3,True,huggingface
iconheroes.com,active_ecommerce,shopify,True,,3,True,huggingface
iconicpet.com,active_ecommerce,shopify,True,,3,True,huggingface
iconlifesaver.com,active_ecommerce,shopify,True,,3,True,huggingface
ictrainsandhobbies.com,active_ecommerce,shopify,True,,3,True,huggingface
icuanuty.com,active_ecommerce,shopify,True,,3,True,huggingface
idashouse.co.uk,active_ecommerce,shopify,True,,3,True,huggingface
idcult.com,active_ecommerce,shopify,True,,3,True,huggingface
identi-tape2.com,active_ecommerce,shopify,True,,3,True,huggingface
idgurus.com,active_ecommerce,shopify,True,,3,True,huggingface
ieftinshop.shop,active_ecommerce,shopify,True,,3,True,huggingface
iesproducts.com,active_ecommerce,shopify,True,,3,True,huggingface
igamingcomputer.com.au,active_ecommerce,shopify,True,,3,True,huggingface
iggysuits.com,active_ecommerce,shopify,True,,3,True,huggingface
ihappydog.com,active_ecommerce,shopify,True,,3,True,huggingface
iheartbugs.com,active_ecommerce,shopify,True,,3,True,huggingface
ihlcanada.com,active_ecommerce,shopify,True,,3,True,huggingface
ihoodwarm.com,active_ecommerce,shopify,True,,3,True,huggingface
ihunt.eu,active_ecommerce,shopify,True,,3,True,huggingface
ikoiko.co.nz,active_ecommerce,shopify,True,,3,True,huggingface
ikonicworld.com,active_ecommerce,shopify,True,,3,True,huggingface
ikuddle.com,active_ecommerce,shopify,True,,3,True,huggingface
ilabb.com,active_ecommerce,shopify,True,,3,True,huggingface
illawarracatrescues.com.au,active_ecommerce,shopify,True,,3,True,huggingface
illuminidol.com,active_ecommerce,shopify,True,,3,True,huggingface
illumiwavelab.net,active_ecommerce,shopify,True,,3,True,huggingface
ilovemy.pet,active_ecommerce,shopify,True,,3,True,huggingface
ilovepetcakes.com,active_ecommerce,shopify,True,,3,True,huggingface
ilovethisshop.com.au,active_ecommerce,shopify,True,,3,True,huggingface
ilovevp.com,active_ecommerce,shopify,True,,3,True,huggingface
ilovewhiskers.com,active_ecommerce,shopify,True,,3,True,huggingface
ilovewrapper.com,active_ecommerce,shopify,True,,3,True,huggingface
imagematters.group,active_ecommerce,shopify,True,,3,True,huggingface
imaginaryanimal.com,active_ecommerce,shopify,True,,3,True,huggingface
immcute.com,active_ecommerce,shopify,True,,3,True,huggingface
impellobio.com,active_ecommerce,shopify,True,,3,True,huggingface
impericon.com,active_ecommerce,shopify,True,,3,True,huggingface
impulsivellc.com,active_ecommerce,shopify,True,,3,True,huggingface
imresgranola.no,active_ecommerce,shopify,True,,3,True,huggingface
imsewjamaican.co.uk,active_ecommerce,shopify,True,,3,True,huggingface
in2detailing.co.uk,active_ecommerce,shopify,True,,3,True,huggingface
inbloom.online,active_ecommerce,shopify,True,,3,True,huggingface
incarnage.com,active_ecommerce,shopify,True,,3,True,huggingface
incyrooms.com,active_ecommerce,shopify,True,,3,True,huggingface
independent-animal-clinic.com,active_ecommerce,shopify,True,,3,True,huggingface
indestructibledog.com,active_ecommerce,shopify,True,,3,True,huggingface
indi-dog.co.uk,active_ecommerce,shopify,True,,3,True,huggingface
indigoag.com,active_ecommerce,shopify,True,,3,True,huggingface
indigodragonfly.ca,active_ecommerce,shopify,True,,3,True,huggingface
indshoes.com,active_ecommerce,shopify,True,,3,True,huggingface
industrialelectricalwarehouse.com,active_ecommerce,shopify,True,,3,True,huggingface
industrialtape.com,active_ecommerce,shopify,True,,3,True,huggingface
industrialtoolsupply.com,active_ecommerce,shopify,True,,3,True,huggingface
indymini.com,active_ecommerce,shopify,True,,3,True,huggingface
infaco-usa.com,active_ecommerce,shopify,True,,3,True,huggingface
infectedair.com,active_ecommerce,shopify,True,,3,True,huggingface
infinish.com,active_ecommerce,shopify,True,,3,True,huggingface
infinitedefinite.com,active_ecommerce,shopify,True,,3,True,huggingface
infinitetoysandcomics.com,active_ecommerce,shopify,True,,3,True,huggingface
infinityer.com,active_ecommerce,shopify,True,,3,True,huggingface
infogenenz.co.nz,active_ecommerce,shopify,True,,3,True,huggingface
informactivewear.com,active_ecommerce,shopify,True,,3,True,huggingface
inhalasoulwear.pe,active_ecommerce,shopify,True,,3,True,huggingface
inishowencoop.com,active_ecommerce,shopify,True,,3,True,huggingface
inismeain.ie,active_ecommerce,shopify,True,,3,True,huggingface
injmould.com.au,active_ecommerce,shopify,True,,3,True,huggingface
inkbeetle.net,active_ecommerce,shopify,True,,3,True,huggingface
inkmeo.com,active_ecommerce,shopify,True,,3,True,huggingface
inkposter.com,active_ecommerce,shopify,True,,3,True,huggingface
inlandempiresafety.com,active_ecommerce,shopify,True,,3,True,huggingface
inlandhardware.com,active_ecommerce,shopify,True,,3,True,huggingface
inluminoheartink.com,active_ecommerce,shopify,True,,3,True,huggingface
innesto.group,active_ecommerce,shopify,True,,3,True,huggingface
innovationspartservice.com,active_ecommerce,shopify,True,,3,True,huggingface
inovaairpurifiers.com.au,active_ecommerce,shopify,True,,3,True,huggingface
inshobby.com,active_ecommerce,shopify,True,,3,True,huggingface
inspirationincluded.com,active_ecommerce,shopify,True,,3,True,huggingface
instacuppastore.com,active_ecommerce,shopify,True,,3,True,huggingface
installationsolution.com,active_ecommerce,shopify,True,,3,True,huggingface
installmart.com,active_ecommerce,shopify,True,,3,True,huggingface
instantfun.com.au,active_ecommerce,shopify,True,,3,True,huggingface
instockdenver.com,active_ecommerce,shopify,True,,3,True,huggingface
intelligenthing.com,active_ecommerce,shopify,True,,3,True,huggingface
intellipure.com,active_ecommerce,shopify,True,,3,True,huggingface
intentionfashion.com,active_ecommerce,shopify,True,,3,True,huggingface
interparts.ie,active_ecommerce,shopify,True,,3,True,huggingface
interra-usa.com,active_ecommerce,shopify,True,,3,True,huggingface
intimidatorutvcentral.com,active_ecommerce,shopify,True,,3,True,huggingface
invictakuruclo.com,active_ecommerce,shopify,True,,3,True,huggingface
invoguepets.co.uk,active_ecommerce,shopify,True,,3,True,huggingface
involveyoursenses.com,active_ecommerce,shopify,True,,3,True,huggingface
iokheira.com,active_ecommerce,shopify,True,,3,True,huggingface
iot.au,active_ecommerce,shopify,True,,3,True,huggingface
iotechnic.com.au,active_ecommerce,shopify,True,,3,True,huggingface
iothrifty.com,active_ecommerce,shopify,True,,3,True,huggingface
ipet-au.com,active_ecommerce,shopify,True,,3,True,huggingface
ipetspro.com,active_ecommerce,shopify,True,,3,True,huggingface
ipetstore.co.nz,active_ecommerce,shopify,True,,3,True,huggingface
ipettie.com,active_ecommerce,shopify,True,,3,True,huggingface
iqjersey.com,active_ecommerce,shopify,True,,3,True,huggingface
iremiadogbed.com,active_ecommerce,shopify,True,,3,True,huggingface
irhandtools.com,active_ecommerce,shopify,True,,3,True,huggingface
irishaircompressors.com,active_ecommerce,shopify,True,,3,True,huggingface
irishironwrecker.com,active_ecommerce,shopify,True,,3,True,huggingface
irishomefragrances.com,active_ecommerce,shopify,True,,3,True,huggingface
irishwoodengifts.com,active_ecommerce,shopify,True,,3,True,huggingface
irisimport.com,active_ecommerce,shopify,True,,3,True,huggingface
iron-med.com,active_ecommerce,shopify,True,,3,True,huggingface
ironwillrawdogfood.com,active_ecommerce,shopify,True,,3,True,huggingface
ironworkergear.com,active_ecommerce,shopify,True,,3,True,huggingface
ironworkertools.com,active_ecommerce,shopify,True,,3,True,huggingface
irresistibleforce.com.au,active_ecommerce,shopify,True,,3,True,huggingface
isakfragrances.com,active_ecommerce,shopify,True,,3,True,huggingface
ishinfashions.com,active_ecommerce,shopify,True,,3,True,huggingface
ishshop.com,active_ecommerce,shopify,True,,3,True,huggingface
island-yarn.com,active_ecommerce,shopify,True,,3,True,huggingface
islandlife.bike,active_ecommerce,shopify,True,,3,True,huggingface
islandlifehammocks.com,active_ecommerce,shopify,True,,3,True,huggingface
isleyfarmsupply.com,active_ecommerce,shopify,True,,3,True,huggingface
isprayag.com.au,active_ecommerce,shopify,True,,3,True,huggingface
ist4fun.com,active_ecommerce,shopify,True,,3,True,huggingface
istikbaluk.com,active_ecommerce,shopify,True,,3,True,huggingface
isupplyfiji.com,active_ecommerce,shopify,True,,3,True,huggingface
itacayarns.com,active_ecommerce,shopify,True,,3,True,huggingface
italianbarber.com,active_ecommerce,shopify,True,,3,True,huggingface
italianbuildingcentre.com,active_ecommerce,shopify,True,,3,True,huggingface
itmaebylove.com,active_ecommerce,shopify,True,,3,True,huggingface
itmusic.ie,active_ecommerce,shopify,True,,3,True,huggingface
its-adogslife.co.uk,active_ecommerce,shopify,True,,3,True,huggingface
its9pm.co.uk,active_ecommerce,shopify,True,,3,True,huggingface
itsmixmatch.com,active_ecommerce,shopify,True,,3,True,huggingface
itsplendid.com,active_ecommerce,shopify,True,,3,True,huggingface
itstartedwithakitten.com,active_ecommerce,shopify,True,,3,True,huggingface
itstimeforcats.com,active_ecommerce,shopify,True,,3,True,huggingface
ivan.tw,active_ecommerce,shopify,True,,3,True,huggingface
ivationproducts.com,active_ecommerce,shopify,True,,3,True,huggingface
ivfstore.com,active_ecommerce,shopify,True,,3,True,huggingface
iwholesale.co.za,active_ecommerce,shopify,True,,3,True,huggingface
iwistao.com,active_ecommerce,shopify,True,,3,True,huggingface
ixcor.es,active_ecommerce,shopify,True,,3,True,huggingface
izi.com,active_ecommerce,shopify,True,,3,True,huggingface
j76cw.com,active_ecommerce,shopify,True,,3,True,huggingface
jaanuu.com,active_ecommerce,shopify,True,,3,True,huggingface
jabetc.com,active_ecommerce,shopify,True,,3,True,huggingface
jacarandatree.ca,active_ecommerce,shopify,True,,3,True,huggingface
jacketskingdom.com,active_ecommerce,shopify,True,,3,True,huggingface
jackgiftsonline.com,active_ecommerce,shopify,True,,3,True,huggingface
jackjohnsonmusic.com,active_ecommerce,shopify,True,,3,True,huggingface
jackjones.in,active_ecommerce,shopify,True,,3,True,huggingface
jacknjellify.com,active_ecommerce,shopify,True,,3,True,huggingface
jackspremium.com,active_ecommerce,shopify,True,,3,True,huggingface
jacktulp.nl,active_ecommerce,shopify,True,,3,True,huggingface
jacritfitness.com,active_ecommerce,shopify,True,,3,True,huggingface
jadeandmay.com.au,active_ecommerce,shopify,True,,3,True,huggingface
jadlamracingmodels.com,active_ecommerce,shopify,True,,3,True,huggingface
jafanda.com,active_ecommerce,shopify,True,,3,True,huggingface
jafandastore.com,active_ecommerce,shopify,True,,3,True,huggingface
jagprecision.com,active_ecommerce,shopify,True,,3,True,huggingface
jahnkeheatingandair.com,active_ecommerce,shopify,True,,3,True,huggingface
jakestoys.com,active_ecommerce,shopify,True,,3,True,huggingface
jalpuppy.com.au,active_ecommerce,shopify,True,,3,True,huggingface
jamaicahardware.com,active_ecommerce,shopify,True,,3,True,huggingface
jamaliunited.com,active_ecommerce,shopify,True,,3,True,huggingface
jamesbark.us,active_ecommerce,shopify,True,,3,True,huggingface
jamesgibsononline.co.uk,active_ecommerce,shopify,True,,3,True,huggingface
jameshoggdisplay.digital,active_ecommerce,shopify,True,,3,True,huggingface
jamilastarwater.com,active_ecommerce,shopify,True,,3,True,huggingface
jamsticks.com,active_ecommerce,shopify,True,,3,True,huggingface
janemeans.com,active_ecommerce,shopify,True,,3,True,huggingface
janielanie.com,active_ecommerce,shopify,True,,3,True,huggingface
janitorialsuperstore.com,active_ecommerce,shopify,True,,3,True,huggingface
japanfuntime.com,active_ecommerce,shopify,True,,3,True,huggingface
jaqjaqbird.com,active_ecommerce,shopify,True,,3,True,huggingface
jarmaid.ca,active_ecommerce,shopify,True,,3,True,huggingface
jashasi.co.uk,active_ecommerce,shopify,True,,3,True,huggingface
jasmisilk.com,active_ecommerce,shopify,True,,3,True,huggingface
jasmithsolutions.com.au,active_ecommerce,shopify,True,,3,True,huggingface
jasonnaturalcare.co.uk,active_ecommerce,shopify,True,,3,True,huggingface
jaspr.co,active_ecommerce,shopify,True,,3,True,huggingface
jayeshvariety.com,active_ecommerce,shopify,True,,3,True,huggingface
jazwares.com,active_ecommerce,shopify,True,,3,True,huggingface
jbcoolcats.com,active_ecommerce,shopify,True,,3,True,huggingface
jbdempire.com,active_ecommerce,shopify,True,,3,True,huggingface
jbirdandcompany.com,active_ecommerce,shopify,True,,3,True,huggingface
jcairsoftofficial.com,active_ecommerce,shopify,True,,3,True,huggingface
jdsports.ca,active_ecommerce,shopify,True,,3,True,huggingface
jeanswarehousehawaii.com,active_ecommerce,shopify,True,,3,True,huggingface
jebgrill.shop,active_ecommerce,shopify,True,,3,True,huggingface
jeenasikho.com,active_ecommerce,shopify,True,,3,True,huggingface
jeepair.com,active_ecommerce,shopify,True,,3,True,huggingface
jefesairsoftsolutions.com,active_ecommerce,shopify,True,,3,True,huggingface
jeffgordon.com,active_ecommerce,shopify,True,,3,True,huggingface
jekazled.com,active_ecommerce,shopify,True,,3,True,huggingface
jennieliu.net,active_ecommerce,shopify,True,,3,True,huggingface
jennifersgranola.com,active_ecommerce,shopify,True,,3,True,huggingface
jennikayne.com,active_ecommerce,shopify,True,,3,True,huggingface
jennymariescrackers.com,active_ecommerce,shopify,True,,3,True,huggingface
jerispetpampering.com,active_ecommerce,shopify,True,,3,True,huggingface
jerrols.com,active_ecommerce,shopify,True,,3,True,huggingface
jespet.com,active_ecommerce,shopify,True,,3,True,huggingface
jessandtilly.com,active_ecommerce,shopify,True,,3,True,huggingface
jgengineering.ie,active_ecommerce,shopify,True,,3,True,huggingface
jgsuperstore.com,active_ecommerce,shopify,True,,3,True,huggingface
jhaskincare.com,active_ecommerce,shopify,True,,3,True,huggingface
jhdmerch.com,active_ecommerce,shopify,True,,3,True,huggingface
jigsawmats4martialarts.co.uk,active_ecommerce,shopify,True,,3,True,huggingface
jillyoga.com,active_ecommerce,shopify,True,,3,True,huggingface
jimmyfallonholidayseasoning.com,active_ecommerce,shopify,True,,3,True,huggingface
jimmypetproducts.com,active_ecommerce,shopify,True,,3,True,huggingface
jins.com,active_ecommerce,shopify,True,,3,True,huggingface
jirahshoppets.com,active_ecommerce,shopify,True,,3,True,huggingface
jixxcarcare.com,active_ecommerce,shopify,True,,3,True,huggingface
jjcareusa.com,active_ecommerce,shopify,True,,3,True,huggingface
jjpaperieco.com,active_ecommerce,shopify,True,,3,True,huggingface
jjpetclub.com,active_ecommerce,shopify,True,,3,True,huggingface
jjwoodworking76.com,active_ecommerce,shopify,True,,3,True,huggingface
jkattire.co.uk,active_ecommerce,shopify,True,,3,True,huggingface
jm3oilfilterwrench.com,active_ecommerce,shopify,True,,3,True,huggingface
jmlmed.com,active_ecommerce,shopify,True,,3,True,huggingface
jmtoolco.com,active_ecommerce,shopify,True,,3,True,huggingface
jnstoys.com,active_ecommerce,shopify,True,,3,True,huggingface
jnutra.com,active_ecommerce,shopify,True,,3,True,huggingface
jo-cell.com,active_ecommerce,shopify,True,,3,True,huggingface
jobsitepowertools.com,active_ecommerce,shopify,True,,3,True,huggingface
jodaro.com,active_ecommerce,shopify,True,,3,True,huggingface
johngarrettoutdoors.com,active_ecommerce,shopify,True,,3,True,huggingface
johnpartridge.com,active_ecommerce,shopify,True,,3,True,huggingface
johnsonwoolenmills.com,active_ecommerce,shopify,True,,3,True,huggingface
johnstonbulman.co.uk,active_ecommerce,shopify,True,,3,True,huggingface
joiipetcare.com,active_ecommerce,shopify,True,,3,True,huggingface
jojopetfood.com,active_ecommerce,shopify,True,,3,True,huggingface
joliemoi.co.uk,active_ecommerce,shopify,True,,3,True,huggingface
jollygoodscents.com,active_ecommerce,shopify,True,,3,True,huggingface
jollyholidayyarns.com,active_ecommerce,shopify,True,,3,True,huggingface
jonatan-ks.com,active_ecommerce,shopify,True,,3,True,huggingface
jones-seed.com,active_ecommerce,shopify,True,,3,True,huggingface
jonneswaytools.store,active_ecommerce,shopify,True,,3,True,huggingface
jonpardi.com,active_ecommerce,shopify,True,,3,True,huggingface
jovie.com.au,active_ecommerce,shopify,True,,3,True,huggingface
joycat.com,active_ecommerce,shopify,True,,3,True,huggingface
joyinme.co,active_ecommerce,shopify,True,,3,True,huggingface
joypaperco.com,active_ecommerce,shopify,True,,3,True,huggingface
joypurr.com,active_ecommerce,shopify,True,,3,True,huggingface
joysgiftsandaccessories.com,active_ecommerce,shopify,True,,3,True,huggingface
joytale.net,active_ecommerce,shopify,True,,3,True,huggingface
joyvilleinc.com,active_ecommerce,shopify,True,,3,True,huggingface
jtbdistributors.com,active_ecommerce,shopify,True,,3,True,huggingface
jtskate.com,active_ecommerce,shopify,True,,3,True,huggingface
judeaenterprises.com,active_ecommerce,shopify,True,,3,True,huggingface
juicepress.com,active_ecommerce,shopify,True,,3,True,huggingface
jujujams.com,active_ecommerce,shopify,True,,3,True,huggingface
julialussi.com,active_ecommerce,shopify,True,,3,True,huggingface
julianayasmine.com,active_ecommerce,shopify,True,,3,True,huggingface
juliettehogan.com,active_ecommerce,shopify,True,,3,True,huggingface
jumper1234.com,active_ecommerce,shopify,True,,3,True,huggingface
junecashmere.com,active_ecommerce,shopify,True,,3,True,huggingface
jungle-calling.com,active_ecommerce,shopify,True,,3,True,huggingface
junglecatclub.com.au,active_ecommerce,shopify,True,,3,True,huggingface
junsanatomy.com,active_ecommerce,shopify,True,,3,True,huggingface
juntosfarm.com,active_ecommerce,shopify,True,,3,True,huggingface
jupiter.pet,active_ecommerce,shopify,True,,3,True,huggingface
jupitergear.com,active_ecommerce,shopify,True,,3,True,huggingface
juriedengineering.com,active_ecommerce,shopify,True,,3,True,huggingface
just4birds.com,active_ecommerce,shopify,True,,3,True,huggingface
just4pets.uk,active_ecommerce,shopify,True,,3,True,huggingface
justbekind.co.uk,active_ecommerce,shopify,True,,3,True,huggingface
justcatsstore.com,active_ecommerce,shopify,True,,3,True,huggingface
justforpets.co.za,active_ecommerce,shopify,True,,3,True,huggingface
justfurus.com,active_ecommerce,shopify,True,,3,True,huggingface
justgirlsboutique.com,active_ecommerce,shopify,True,,3,True,huggingface
justice-rescue.com,active_ecommerce,shopify,True,,3,True,huggingface
justlive.com,active_ecommerce,shopify,True,,3,True,huggingface
justonsale.com.au,active_ecommerce,shopify,True,,3,True,huggingface
justvertical.com,active_ecommerce,shopify,True,,3,True,huggingface
jwalkingdesigns.com,active_ecommerce,shopify,True,,3,True,huggingface
k-kraftpaper.com,active_ecommerce,shopify,True,,3,True,huggingface
k2-industries.com,active_ecommerce,shopify,True,,3,True,huggingface
k9natural.com,active_ecommerce,shopify,True,,3,True,huggingface
kaabfab.com,active_ecommerce,shopify,True,,3,True,huggingface
kabanashop.com.au,active_ecommerce,shopify,True,,3,True,huggingface
kachel.com.au,active_ecommerce,shopify,True,,3,True,huggingface
kadtctoy.com,active_ecommerce,shopify,True,,3,True,huggingface
kaicollective.com,active_ecommerce,shopify,True,,3,True,huggingface
kaihamastore.com,active_ecommerce,shopify,True,,3,True,huggingface
kaimaioutdoors.com,active_ecommerce,shopify,True,,3,True,huggingface
kakaindustrial.ca,active_ecommerce,shopify,True,,3,True,huggingface
kakaindustrial.com,active_ecommerce,shopify,True,,3,True,huggingface
kakoucollective.com,active_ecommerce,shopify,True,,3,True,huggingface
kalkifashion.com,active_ecommerce,shopify,True,,3,True,huggingface
kalmbachfeeds.com,active_ecommerce,shopify,True,,3,True,huggingface
kalu.co,active_ecommerce,shopify,True,,3,True,huggingface
kamanaclothing.com,active_ecommerce,shopify,True,,3,True,huggingface
kamiko.se,active_ecommerce,shopify,True,,3,True,huggingface
kamipaper.com.au,active_ecommerce,shopify,True,,3,True,huggingface
kangaroositesupplies.com.au,active_ecommerce,shopify,True,,3,True,huggingface
kanyoga.com,active_ecommerce,shopify,True,,3,True,huggingface
kappahobby.com,active_ecommerce,shopify,True,,3,True,huggingface
karibwash.com,active_ecommerce,shopify,True,,3,True,huggingface
karinagrimaldi.com,active_ecommerce,shopify,True,,3,True,huggingface
karinakrafts.com,active_ecommerce,shopify,True,,3,True,huggingface
karinearappliances.com,active_ecommerce,shopify,True,,3,True,huggingface
karma.ph,active_ecommerce,shopify,True,,3,True,huggingface
karrimorsf.com,active_ecommerce,shopify,True,,3,True,huggingface
kartotidesigns.com,active_ecommerce,shopify,True,,3,True,huggingface
kashmina.com,active_ecommerce,shopify,True,,3,True,huggingface
kataandasana.com,active_ecommerce,shopify,True,,3,True,huggingface
katandko.com.au,active_ecommerce,shopify,True,,3,True,huggingface
kateandlaurel.com,active_ecommerce,shopify,True,,3,True,huggingface
katfishclothing.com,active_ecommerce,shopify,True,,3,True,huggingface
kathmandu.co.nz,active_ecommerce,shopify,True,,3,True,huggingface
kathmandu.co.uk,active_ecommerce,shopify,True,,3,True,huggingface
katieperry.com.au,active_ecommerce,shopify,True,,3,True,huggingface
katiescutsies.ca,active_ecommerce,shopify,True,,3,True,huggingface
katiesnj.com,active_ecommerce,shopify,True,,3,True,huggingface
katriscat.com,active_ecommerce,shopify,True,,3,True,huggingface
katseye.world,active_ecommerce,shopify,True,,3,True,huggingface
katsillustration.com,active_ecommerce,shopify,True,,3,True,huggingface
katte.co.jp,active_ecommerce,shopify,True,,3,True,huggingface
katydidwholesale.com,active_ecommerce,shopify,True,,3,True,huggingface
katzloo.com.au,active_ecommerce,shopify,True,,3,True,huggingface
kauda.co,active_ecommerce,shopify,True,,3,True,huggingface
kavee.com,active_ecommerce,shopify,True,,3,True,huggingface
kavipoetryart.in,active_ecommerce,shopify,True,,3,True,huggingface
kaydeeelectronics.in,active_ecommerce,shopify,True,,3,True,huggingface
kaykayessentials.com,active_ecommerce,shopify,True,,3,True,huggingface
kazeliving.com,active_ecommerce,shopify,True,,3,True,huggingface
kazoo.com.au,active_ecommerce,shopify,True,,3,True,huggingface
kbaudio.co.uk,active_ecommerce,shopify,True,,3,True,huggingface
kbfarmlivestock.com,active_ecommerce,shopify,True,,3,True,huggingface
kbigstore.com,active_ecommerce,shopify,True,,3,True,huggingface
kbmoutdoors.ca,active_ecommerce,shopify,True,,3,True,huggingface
kbongshop.com,active_ecommerce,shopify,True,,3,True,huggingface
kccnaturals.com,active_ecommerce,shopify,True,,3,True,huggingface
kckitty.com,active_ecommerce,shopify,True,,3,True,huggingface
keblam.com,active_ecommerce,shopify,True,,3,True,huggingface
kecks.co.uk,active_ecommerce,shopify,True,,3,True,huggingface
kecogee.com,active_ecommerce,shopify,True,,3,True,huggingface
keenfootwear.com,active_ecommerce,shopify,True,,3,True,huggingface
keepapace.com,active_ecommerce,shopify,True,,3,True,huggingface
keeptahoeblue.org,active_ecommerce,shopify,True,,3,True,huggingface
keepthatpump.com,active_ecommerce,shopify,True,,3,True,huggingface
kefirkultures.com,active_ecommerce,shopify,True,,3,True,huggingface
kefl.co.uk,active_ecommerce,shopify,True,,3,True,huggingface
kegland.com.au,active_ecommerce,shopify,True,,3,True,huggingface
kelevgenetix.com,active_ecommerce,shopify,True,,3,True,huggingface
kelingairconditioner.com,active_ecommerce,shopify,True,,3,True,huggingface
kellbellcustom.com,active_ecommerce,shopify,True,,3,True,huggingface
kellyscroutons.com,active_ecommerce,shopify,True,,3,True,huggingface
kelticclothing.ca,active_ecommerce,shopify,True,,3,True,huggingface
kemimoto.com,active_ecommerce,shopify,True,,3,True,huggingface
kenji.co.uk,active_ecommerce,shopify,True,,3,True,huggingface
kenmedsurgical.com,active_ecommerce,shopify,True,,3,True,huggingface
kennasey.com.au,active_ecommerce,shopify,True,,3,True,huggingface
kennel-quip.com,active_ecommerce,shopify,True,,3,True,huggingface
kennelcompany.co.uk,active_ecommerce,shopify,True,,3,True,huggingface
kennywoollenmills.com,active_ecommerce,shopify,True,,3,True,huggingface
kenron.ca,active_ecommerce,shopify,True,,3,True,huggingface
kensingtonproduce.com.au,active_ecommerce,shopify,True,,3,True,huggingface
kensingtonsourdough.ca,active_ecommerce,shopify,True,,3,True,huggingface
kensoilservice.net,active_ecommerce,shopify,True,,3,True,huggingface
kenstar.in,active_ecommerce,shopify,True,,3,True,huggingface
kent.co.in,active_ecommerce,shopify,True,,3,True,huggingface
kentonindustries.com,active_ecommerce,shopify,True,,3,True,huggingface
kenzicustom.com,active_ecommerce,shopify,True,,3,True,huggingface
keplerians.com,active_ecommerce,shopify,True,,3,True,huggingface
kerbobble-toys.com,active_ecommerce,shopify,True,,3,True,huggingface
kerokoo.com,active_ecommerce,shopify,True,,3,True,huggingface
keshet.com.au,active_ecommerce,shopify,True,,3,True,huggingface
kestan.co,active_ecommerce,shopify,True,,3,True,huggingface
kestrelmeters.com.au,active_ecommerce,shopify,True,,3,True,huggingface
ketogenicpetfoods.com,active_ecommerce,shopify,True,,3,True,huggingface
ketopet.org,active_ecommerce,shopify,True,,3,True,huggingface
kettleandcord.com,active_ecommerce,shopify,True,,3,True,huggingface
kettlerusa.com,active_ecommerce,shopify,True,,3,True,huggingface
keylinesafety.com,active_ecommerce,shopify,True,,3,True,huggingface
keypowersports.sg,active_ecommerce,shopify,True,,3,True,huggingface
khaloworld.com,active_ecommerce,shopify,True,,3,True,huggingface
kheper.co.za,active_ecommerce,shopify,True,,3,True,huggingface
khimaira-st.com,active_ecommerce,shopify,True,,3,True,huggingface
khmountain.com,active_ecommerce,shopify,True,,3,True,huggingface
khr-online.com,active_ecommerce,shopify,True,,3,True,huggingface
khronickilla.store,active_ecommerce,shopify,True,,3,True,huggingface
khunprema.com,active_ecommerce,shopify,True,,3,True,huggingface
kibblesco.com,active_ecommerce,shopify,True,,3,True,huggingface
kicaactive.com,active_ecommerce,shopify,True,,3,True,huggingface
kicksgenerationtoys.com,active_ecommerce,shopify,True,,3,True,huggingface
kiddingaroundyoga.com,active_ecommerce,shopify,True,,3,True,huggingface
kideweknot.com,active_ecommerce,shopify,True,,3,True,huggingface
kidneychek.com,active_ecommerce,shopify,True,,3,True,huggingface
kidpowered.com,active_ecommerce,shopify,True,,3,True,huggingface
kids-geeks.com,active_ecommerce,shopify,True,,3,True,huggingface
kidsonwheelz.ca,active_ecommerce,shopify,True,,3,True,huggingface
kidultverse.com,active_ecommerce,shopify,True,,3,True,huggingface
kidzshack.com.au,active_ecommerce,shopify,True,,3,True,huggingface
kikibdesigns.com,active_ecommerce,shopify,True,,3,True,huggingface
kikillopieces.com,active_ecommerce,shopify,True,,3,True,huggingface
kildalemarine.co.uk,active_ecommerce,shopify,True,,3,True,huggingface
kilimanjarogear.com,active_ecommerce,shopify,True,,3,True,huggingface
killercollect.com,active_ecommerce,shopify,True,,3,True,huggingface
killerkittyclothing.com,active_ecommerce,shopify,True,,3,True,huggingface
killstar.com,active_ecommerce,shopify,True,,3,True,huggingface
killzoneairsoft.co.uk,active_ecommerce,shopify,True,,3,True,huggingface
kilobrava.com,active_ecommerce,shopify,True,,3,True,huggingface
kiltecollection.com,active_ecommerce,shopify,True,,3,True,huggingface
kimberliskuties.com,active_ecommerce,shopify,True,,3,True,huggingface
kinbytotem.com,active_ecommerce,shopify,True,,3,True,huggingface
kindlehouse.co.uk,active_ecommerce,shopify,True,,3,True,huggingface
kindredred.com,active_ecommerce,shopify,True,,3,True,huggingface
kinesiologysportstape.com,active_ecommerce,shopify,True,,3,True,huggingface
kinetikautotools.com,active_ecommerce,shopify,True,,3,True,huggingface
kingdomarket.com,active_ecommerce,shopify,True,,3,True,huggingface
kingdomgiftsinc.com,active_ecommerce,shopify,True,,3,True,huggingface
kingdukes.com,active_ecommerce,shopify,True,,3,True,huggingface
kingofcoolers.com,active_ecommerce,shopify,True,,3,True,huggingface
kingsleyheath.co.za,active_ecommerce,shopify,True,,3,True,huggingface
kingspetllc.com,active_ecommerce,shopify,True,,3,True,huggingface
kingtextiles.ca,active_ecommerce,shopify,True,,3,True,huggingface
kingtoolsandequipment.com,active_ecommerce,shopify,True,,3,True,huggingface
kingz.com,active_ecommerce,shopify,True,,3,True,huggingface
kingzeurope.com,active_ecommerce,shopify,True,,3,True,huggingface
kinserairfilters.com,active_ecommerce,shopify,True,,3,True,huggingface
kisah.in,active_ecommerce,shopify,True,,3,True,huggingface
kismetmontecito.com,active_ecommerce,shopify,True,,3,True,huggingface
kispaper.com,active_ecommerce,shopify,True,,3,True,huggingface
kissairshop.com,active_ecommerce,shopify,True,,3,True,huggingface
kistakollection.shop,active_ecommerce,shopify,True,,3,True,huggingface
kit-cat.com,active_ecommerce,shopify,True,,3,True,huggingface
kitbag.com.au,active_ecommerce,shopify,True,,3,True,huggingface
kito.pet,active_ecommerce,shopify,True,,3,True,huggingface
kiton.com,active_ecommerce,shopify,True,,3,True,huggingface
kittenswear.com,active_ecommerce,shopify,True,,3,True,huggingface
kittiekittierescue.com,active_ecommerce,shopify,True,,3,True,huggingface
kittio.com,active_ecommerce,shopify,True,,3,True,huggingface
kittybeaknitting.com,active_ecommerce,shopify,True,,3,True,huggingface
kittycatgo.com,active_ecommerce,shopify,True,,3,True,huggingface
kittycityusa.com,active_ecommerce,shopify,True,,3,True,huggingface
kittydeluxe.com.au,active_ecommerce,shopify,True,,3,True,huggingface
kittyfresh.com.au,active_ecommerce,shopify,True,,3,True,huggingface
kittyhawk.com,active_ecommerce,shopify,True,,3,True,huggingface
kittykardboard.com,active_ecommerce,shopify,True,,3,True,huggingface
kittykickstix.com,active_ecommerce,shopify,True,,3,True,huggingface
kittynook.com,active_ecommerce,shopify,True,,3,True,huggingface
kittysnpooches.com,active_ecommerce,shopify,True,,3,True,huggingface
kittyvancoesant.com,active_ecommerce,shopify,True,,3,True,huggingface
kittywhispurrer.com,active_ecommerce,shopify,True,,3,True,huggingface
kiwipetz.co.nz,active_ecommerce,shopify,True,,3,True,huggingface
kjurbanwinery.com,active_ecommerce,shopify,True,,3,True,huggingface
kkookie.co.uk,active_ecommerce,shopify,True,,3,True,huggingface
kkshop.com.au,active_ecommerce,shopify,True,,3,True,huggingface
klarusfrance.com,active_ecommerce,shopify,True,,3,True,huggingface
klassypet.com,active_ecommerce,shopify,True,,3,True,huggingface
kleed.com,active_ecommerce,shopify,True,,3,True,huggingface
klimatime.com,active_ecommerce,shopify,True,,3,True,huggingface
klinspace.in,active_ecommerce,shopify,True,,3,True,huggingface
klippopet.com,active_ecommerce,shopify,True,,3,True,huggingface
klosh.online,active_ecommerce,shopify,True,,3,True,huggingface
kloudic.com,active_ecommerce,shopify,True,,3,True,huggingface
kmall09.com.au,active_ecommerce,shopify,True,,3,True,huggingface
knaid.net,active_ecommerce,shopify,True,,3,True,huggingface
knamao.com,active_ecommerce,shopify,True,,3,True,huggingface
knatchbull.com,active_ecommerce,shopify,True,,3,True,huggingface
knightsoftheslice.com,active_ecommerce,shopify,True,,3,True,huggingface
knineoutdoors.com,active_ecommerce,shopify,True,,3,True,huggingface
knitcircus.com,active_ecommerce,shopify,True,,3,True,huggingface
knitnewhaven.com,active_ecommerce,shopify,True,,3,True,huggingface
knitthisonline.com,active_ecommerce,shopify,True,,3,True,huggingface
knittingco.com.au,active_ecommerce,shopify,True,,3,True,huggingface
knittingtime.com,active_ecommerce,shopify,True,,3,True,huggingface
knittygrittysyr.com,active_ecommerce,shopify,True,,3,True,huggingface
knittygrittyyarnandmore.com,active_ecommerce,shopify,True,,3,True,huggingface
knitwithattitude.com,active_ecommerce,shopify,True,,3,True,huggingface
knitworthyyarns.com,active_ecommerce,shopify,True,,3,True,huggingface
knkmiami.com,active_ecommerce,shopify,True,,3,True,huggingface
knotandspool.com,active_ecommerce,shopify,True,,3,True,huggingface
knotanotherhat.com,active_ecommerce,shopify,True,,3,True,huggingface
knotmodels.com,active_ecommerce,shopify,True,,3,True,huggingface
knottec.com,active_ecommerce,shopify,True,,3,True,huggingface
knottypretzelswholesale.com,active_ecommerce,shopify,True,,3,True,huggingface
knottywitchesinc.com,active_ecommerce,shopify,True,,3,True,huggingface
knotyours.shop,active_ecommerce,shopify,True,,3,True,huggingface
knowbetterpetfood.com,active_ecommerce,shopify,True,,3,True,huggingface
knoxandaya.com,active_ecommerce,shopify,True,,3,True,huggingface
knucklebuddy.com,active_ecommerce,shopify,True,,3,True,huggingface
knutoys.com,active_ecommerce,shopify,True,,3,True,huggingface
koala.com,active_ecommerce,shopify,True,,3,True,huggingface
koalaaudio.com.au,active_ecommerce,shopify,True,,3,True,huggingface
kobeejapan.net,active_ecommerce,shopify,True,,3,True,huggingface
kobra-shredder.com,active_ecommerce,shopify,True,,3,True,huggingface
kochpetsupply.com,active_ecommerce,shopify,True,,3,True,huggingface
kokonutus.com,active_ecommerce,shopify,True,,3,True,huggingface
komfortology.com,active_ecommerce,shopify,True,,3,True,huggingface
komposite.co.za,active_ecommerce,shopify,True,,3,True,huggingface
konjacfoods.com,active_ecommerce,shopify,True,,3,True,huggingface
koodak.com.au,active_ecommerce,shopify,True,,3,True,huggingface
koodeker.com,active_ecommerce,shopify,True,,3,True,huggingface
kookaburramusictree.com,active_ecommerce,shopify,True,,3,True,huggingface
kookai.com.au,active_ecommerce,shopify,True,,3,True,huggingface
kookykibble.co.nz,active_ecommerce,shopify,True,,3,True,huggingface
kooniez.com,active_ecommerce,shopify,True,,3,True,huggingface
korganotech.com,active_ecommerce,shopify,True,,3,True,huggingface
korres.com,active_ecommerce,shopify,True,,3,True,huggingface
koshayoga.co,active_ecommerce,shopify,True,,3,True,huggingface
kovibazaar.com,active_ecommerce,shopify,True,,3,True,huggingface
kowsteaks.com,active_ecommerce,shopify,True,,3,True,huggingface
kraffs.com,active_ecommerce,shopify,True,,3,True,huggingface
kraftathlet.de,active_ecommerce,shopify,True,,3,True,huggingface
kraftlys.com,active_ecommerce,shopify,True,,3,True,huggingface
krausjeans.com,active_ecommerce,shopify,True,,3,True,huggingface
kreationjuice.com,active_ecommerce,shopify,True,,3,True,huggingface
kristinacollinsclothing.com,active_ecommerce,shopify,True,,3,True,huggingface
krmexpress.com,active_ecommerce,shopify,True,,3,True,huggingface
kronosair.com,active_ecommerce,shopify,True,,3,True,huggingface
kronosav.com,active_ecommerce,shopify,True,,3,True,huggingface
krsaddleshop.com,active_ecommerce,shopify,True,,3,True,huggingface
kruelty.com,active_ecommerce,shopify,True,,3,True,huggingface
krydex.com,active_ecommerce,shopify,True,,3,True,huggingface
ksiia.com,active_ecommerce,shopify,True,,3,True,huggingface
kttape.shop,active_ecommerce,shopify,True,,3,True,huggingface
kudosgiftwrap.co.uk,active_ecommerce,shopify,True,,3,True,huggingface
kuduequipment.com,active_ecommerce,shopify,True,,3,True,huggingface
kuhncorp.com.au,active_ecommerce,shopify,True,,3,True,huggingface
kumagro.co,active_ecommerce,shopify,True,,3,True,huggingface
kunastores.com,active_ecommerce,shopify,True,,3,True,huggingface
kushae.com,active_ecommerce,shopify,True,,3,True,huggingface
kushalelectricals.co,active_ecommerce,shopify,True,,3,True,huggingface
kutkutstyle.com,active_ecommerce,shopify,True,,3,True,huggingface
kvasfbco.com,active_ecommerce,shopify,True,,3,True,huggingface
kwtfilters.com,active_ecommerce,shopify,True,,3,True,huggingface
kyteliving.com,active_ecommerce,shopify,True,,3,True,huggingface
l2d2yarn.com,active_ecommerce,shopify,True,,3,True,huggingface
laairsoft.com,active_ecommerce,shopify,True,,3,True,huggingface
labcharge.com,active_ecommerce,shopify,True,,3,True,huggingface
label-my.com,active_ecommerce,shopify,True,,3,True,huggingface
labelleviehome.com,active_ecommerce,shopify,True,,3,True,huggingface
labelshabel.com,active_ecommerce,shopify,True,,3,True,huggingface
labienaimee.com,active_ecommerce,shopify,True,,3,True,huggingface
laboiteny.com,active_ecommerce,shopify,True,,3,True,huggingface
lacceti.com,active_ecommerce,shopify,True,,3,True,huggingface
lacrafts.com,active_ecommerce,shopify,True,,3,True,huggingface
lacuevadelyogui.com.mx,active_ecommerce,shopify,True,,3,True,huggingface
ladiesandlavender.com,active_ecommerce,shopify,True,,3,True,huggingface
ladoggievita.com,active_ecommerce,shopify,True,,3,True,huggingface
ladybalanceintim.com,active_ecommerce,shopify,True,,3,True,huggingface
ladybaselove.com,active_ecommerce,shopify,True,,3,True,huggingface
lafurmilia.co.za,active_ecommerce,shopify,True,,3,True,huggingface
lagomdesign.co.uk,active_ecommerce,shopify,True,,3,True,huggingface
laifug.com,active_ecommerce,shopify,True,,3,True,huggingface
lakebarringtonfeed.com,active_ecommerce,shopify,True,,3,True,huggingface
lakedogco.com,active_ecommerce,shopify,True,,3,True,huggingface
lakeeriepet.com,active_ecommerce,shopify,True,,3,True,huggingface
lakesidedisplays.com,active_ecommerce,shopify,True,,3,True,huggingface
lakesidefeed.com,active_ecommerce,shopify,True,,3,True,huggingface
lakomart.sg,active_ecommerce,shopify,True,,3,True,huggingface
lalalandtshirts.com,active_ecommerce,shopify,True,,3,True,huggingface
lalyscandles.com,active_ecommerce,shopify,True,,3,True,huggingface
lamarpkg.com,active_ecommerce,shopify,True,,3,True,huggingface
lambwolf.co,active_ecommerce,shopify,True,,3,True,huggingface
lamcofeeders.com,active_ecommerce,shopify,True,,3,True,huggingface
lameda.cc,active_ecommerce,shopify,True,,3,True,huggingface
lamenagerie.co,active_ecommerce,shopify,True,,3,True,huggingface
lanaioli.it,active_ecommerce,shopify,True,,3,True,huggingface
lanasshop.com,active_ecommerce,shopify,True,,3,True,huggingface
lancashiredogtreats.co.uk,active_ecommerce,shopify,True,,3,True,huggingface
lancastersonline.com,active_ecommerce,shopify,True,,3,True,huggingface
lancasterspirits.co.uk,active_ecommerce,shopify,True,,3,True,huggingface
landandseapets.com,active_ecommerce,shopify,True,,3,True,huggingface
lanesendcreamery.com,active_ecommerce,shopify,True,,3,True,huggingface
langleychase.co.uk,active_ecommerce,shopify,True,,3,True,huggingface
lanimal.co,active_ecommerce,shopify,True,,3,True,huggingface
lapcare.com,active_ecommerce,shopify,True,,3,True,huggingface
laplanqueairsoft.com,active_ecommerce,shopify,True,,3,True,huggingface
larasloaf.com,active_ecommerce,shopify,True,,3,True,huggingface
laribbonsandcrafts.com,active_ecommerce,shopify,True,,3,True,huggingface
laribbonswholesale.com,active_ecommerce,shopify,True,,3,True,huggingface
larvalicious.com.au,active_ecommerce,shopify,True,,3,True,huggingface
lasermed.ch,active_ecommerce,shopify,True,,3,True,huggingface
lashblvd.com,active_ecommerce,shopify,True,,3,True,huggingface
lashesonfleekinc.com,active_ecommerce,shopify,True,,3,True,huggingface
lashgenieee.com,active_ecommerce,shopify,True,,3,True,huggingface
lashjungle.com,active_ecommerce,shopify,True,,3,True,huggingface
lashshark.com,active_ecommerce,shopify,True,,3,True,huggingface
lashsisterhood.com,active_ecommerce,shopify,True,,3,True,huggingface
lastanzanelbosco.com,active_ecommerce,shopify,True,,3,True,huggingface
lasvegaspettreatcompany.com,active_ecommerce,shopify,True,,3,True,huggingface
latchlockusa.com,active_ecommerce,shopify,True,,3,True,huggingface
latherandwoodshavingco.com,active_ecommerce,shopify,True,,3,True,huggingface
lathr.com,active_ecommerce,shopify,True,,3,True,huggingface
latinbeautyproduct.com,active_ecommerce,shopify,True,,3,True,huggingface
latoplast.com,active_ecommerce,shopify,True,,3,True,huggingface
latuza.com,active_ecommerce,shopify,True,,3,True,huggingface
laufeymusic.com,active_ecommerce,shopify,True,,3,True,huggingface
laundrybasketquilts.com,active_ecommerce,shopify,True,,3,True,huggingface
laurensallpurpose.com,active_ecommerce,shopify,True,,3,True,huggingface
laurie-shop.eu,active_ecommerce,shopify,True,,3,True,huggingface
lauryanyoga.com,active_ecommerce,shopify,True,,3,True,huggingface
lauxsportinggoods.com,active_ecommerce,shopify,True,,3,True,huggingface
lavenderbackyard.co.nz,active_ecommerce,shopify,True,,3,True,huggingface
lavenderlemon.co.uk,active_ecommerce,shopify,True,,3,True,huggingface
lavenderridgefarms.com,active_ecommerce,shopify,True,,3,True,huggingface
lavendertribedesign.com,active_ecommerce,shopify,True,,3,True,huggingface
lavitsfigure.com,active_ecommerce,shopify,True,,3,True,huggingface
lawsonproducts.com,active_ecommerce,shopify,True,,3,True,huggingface
layawaydepot.co.nz,active_ecommerce,shopify,True,,3,True,huggingface
layeruk.com,active_ecommerce,shopify,True,,3,True,huggingface
layfamilyyarn.co.uk,active_ecommerce,shopify,True,,3,True,huggingface
laylopets.com,active_ecommerce,shopify,True,,3,True,huggingface
layr.dog,active_ecommerce,shopify,True,,3,True,huggingface
lazycatapparel.com,active_ecommerce,shopify,True,,3,True,huggingface
lazzoni.com.tr,active_ecommerce,shopify,True,,3,True,huggingface
lbcsup.com,active_ecommerce,shopify,True,,3,True,huggingface
lbmotorsportsbrand.com,active_ecommerce,shopify,True,,3,True,huggingface
lbndorset.com,active_ecommerce,shopify,True,,3,True,huggingface
lcdbvs.com,active_ecommerce,shopify,True,,3,True,huggingface
leaalboher.com,active_ecommerce,shopify,True,,3,True,huggingface
leafcreativeshoponline.com,active_ecommerce,shopify,True,,3,True,huggingface
leaksavers.com,active_ecommerce,shopify,True,,3,True,huggingface
leallo.com,active_ecommerce,shopify,True,,3,True,huggingface
leangle.com,active_ecommerce,shopify,True,,3,True,huggingface
leapfrogoutdoor.com,active_ecommerce,shopify,True,,3,True,huggingface
leatherick.com,active_ecommerce,shopify,True,,3,True,huggingface
leatherick.com.au,active_ecommerce,shopify,True,,3,True,huggingface
leatherjacketmaster.com,active_ecommerce,shopify,True,,3,True,huggingface
lebraquet.cc,active_ecommerce,shopify,True,,3,True,huggingface
lechienbleuny.com,active_ecommerce,shopify,True,,3,True,huggingface
lecinfo.com,active_ecommerce,shopify,True,,3,True,huggingface
lecopet.com,active_ecommerce,shopify,True,,3,True,huggingface
ledauthority.com,active_ecommerce,shopify,True,,3,True,huggingface
ledleuchtrahmen.com,active_ecommerce,shopify,True,,3,True,huggingface
leelayogarugs.com,active_ecommerce,shopify,True,,3,True,huggingface
leenaandlu.co,active_ecommerce,shopify,True,,3,True,huggingface
legacybilliards.com,active_ecommerce,shopify,True,,3,True,huggingface
legacylawnandpet.com,active_ecommerce,shopify,True,,3,True,huggingface
legalattirecanada.com,active_ecommerce,shopify,True,,3,True,huggingface
legaseaaquarium.com,active_ecommerce,shopify,True,,3,True,huggingface
legendarycarcare.com,active_ecommerce,shopify,True,,3,True,huggingface
legenddistributors.com,active_ecommerce,shopify,True,,3,True,huggingface
legendshobbies.com,active_ecommerce,shopify,True,,3,True,huggingface
legendztoys.com,active_ecommerce,shopify,True,,3,True,huggingface
leggiadro.com,active_ecommerce,shopify,True,,3,True,huggingface
legitpet.com,active_ecommerce,shopify,True,,3,True,huggingface
leimere.com,active_ecommerce,shopify,True,,3,True,huggingface
lelion.com,active_ecommerce,shopify,True,,3,True,huggingface
lemed.com.sg,active_ecommerce,shopify,True,,3,True,huggingface
leminimacaron.dk,active_ecommerce,shopify,True,,3,True,huggingface
lemonwood.ca,active_ecommerce,shopify,True,,3,True,huggingface
lenco.uk,active_ecommerce,shopify,True,,3,True,huggingface
lenichoir.org,active_ecommerce,shopify,True,,3,True,huggingface
lenidatelier.com,active_ecommerce,shopify,True,,3,True,huggingface
lennyskitchen.com,active_ecommerce,shopify,True,,3,True,huggingface
lensfeedshed.com.au,active_ecommerce,shopify,True,,3,True,huggingface
lention.com,active_ecommerce,shopify,True,,3,True,huggingface
lepawtique.co.za,active_ecommerce,shopify,True,,3,True,huggingface
lepetittambour.com,active_ecommerce,shopify,True,,3,True,huggingface
lepeto.com,active_ecommerce,shopify,True,,3,True,huggingface
lepup.co.uk,active_ecommerce,shopify,True,,3,True,huggingface
lepupsupplies.com,active_ecommerce,shopify,True,,3,True,huggingface
lereussi.com,active_ecommerce,shopify,True,,3,True,huggingface
leroocotton.com,active_ecommerce,shopify,True,,3,True,huggingface
lerose.com.au,active_ecommerce,shopify,True,,3,True,huggingface
lesangesmtl.com,active_ecommerce,shopify,True,,3,True,huggingface
lesown.com,active_ecommerce,shopify,True,,3,True,huggingface
lesslitterbox.com,active_ecommerce,shopify,True,,3,True,huggingface
letemall.com,active_ecommerce,shopify,True,,3,True,huggingface
lethal.gg,active_ecommerce,shopify,True,,3,True,huggingface
letterpressplay.com,active_ecommerce,shopify,True,,3,True,huggingface
lettoonstore.com,active_ecommerce,shopify,True,,3,True,huggingface
levenger.com,active_ecommerce,shopify,True,,3,True,huggingface
levenien.com,active_ecommerce,shopify,True,,3,True,huggingface
levitatefoundry.com,active_ecommerce,shopify,True,,3,True,huggingface
levivo.shop,active_ecommerce,shopify,True,,3,True,huggingface
levlovs.com,active_ecommerce,shopify,True,,3,True,huggingface
lexbeds.com,active_ecommerce,shopify,True,,3,True,huggingface
lexivon.com,active_ecommerce,shopify,True,,3,True,huggingface
lf-audio.com,active_ecommerce,shopify,True,,3,True,huggingface
lf.coffee,active_ecommerce,shopify,True,,3,True,huggingface
lfcpets.com,active_ecommerce,shopify,True,,3,True,huggingface
lhknitwear.ca,active_ecommerce,shopify,True,,3,True,huggingface
lhknitwear.com,active_ecommerce,shopify,True,,3,True,huggingface
libertyaircompressorparts.com,active_ecommerce,shopify,True,,3,True,huggingface
libertybellerx.com,active_ecommerce,shopify,True,,3,True,huggingface
libertyindustriallubricants.com,active_ecommerce,shopify,True,,3,True,huggingface
libertysearth.com,active_ecommerce,shopify,True,,3,True,huggingface
lichenair.com,active_ecommerce,shopify,True,,3,True,huggingface
lickimat.co.nz,active_ecommerce,shopify,True,,3,True,huggingface
lieblingsgarn.de,active_ecommerce,shopify,True,,3,True,huggingface
lifegizmohub.com,active_ecommerce,shopify,True,,3,True,huggingface
lifeinstylemall.com,active_ecommerce,shopify,True,,3,True,huggingface
lifeisgood.com,active_ecommerce,shopify,True,,3,True,huggingface
lifesciencepharmacy.com,active_ecommerce,shopify,True,,3,True,huggingface
lifeshealthiest.com,active_ecommerce,shopify,True,,3,True,huggingface
lifesparking.com,active_ecommerce,shopify,True,,3,True,huggingface
lifestylewarehouse.co.uk,active_ecommerce,shopify,True,,3,True,huggingface
liforme.com,active_ecommerce,shopify,True,,3,True,huggingface
lightbox-factory.com,active_ecommerce,shopify,True,,3,True,huggingface
lightboxes4sale.com,active_ecommerce,shopify,True,,3,True,huggingface
lijastyle.com,active_ecommerce,shopify,True,,3,True,huggingface
likapaws.com,active_ecommerce,shopify,True,,3,True,huggingface
lilaandhayes.com,active_ecommerce,shopify,True,,3,True,huggingface
lilgoodness.com,active_ecommerce,shopify,True,,3,True,huggingface
lilihund.com,active_ecommerce,shopify,True,,3,True,huggingface
lillydash.com.au,active_ecommerce,shopify,True,,3,True,huggingface
lilmonstersbirdtoys.com,active_ecommerce,shopify,True,,3,True,huggingface
lilpackaging.com,active_ecommerce,shopify,True,,3,True,huggingface
lilwildpets.com,active_ecommerce,shopify,True,,3,True,huggingface
lilyandloaf.com,active_ecommerce,shopify,True,,3,True,huggingface
lilybeewrap.com,active_ecommerce,shopify,True,,3,True,huggingface
lilyom.com,active_ecommerce,shopify,True,,3,True,huggingface
limericki.com,active_ecommerce,shopify,True,,3,True,huggingface
lincolnwoolpack.co.uk,active_ecommerce,shopify,True,,3,True,huggingface
lincraft.co.nz,active_ecommerce,shopify,True,,3,True,huggingface
lincraft.com.au,active_ecommerce,shopify,True,,3,True,huggingface
lindseyandcoco.com,active_ecommerce,shopify,True,,3,True,huggingface
linenandbags.com,active_ecommerce,shopify,True,,3,True,huggingface
linentales.us,active_ecommerce,shopify,True,,3,True,huggingface
lineupaudiostore.com,active_ecommerce,shopify,True,,3,True,huggingface
linouspots.com,active_ecommerce,shopify,True,,3,True,huggingface
lionfile.com,active_ecommerce,shopify,True,,3,True,huggingface
lionheartswim.com,active_ecommerce,shopify,True,,3,True,huggingface
lionwrapack.com,active_ecommerce,shopify,True,,3,True,huggingface
liptons.ca,active_ecommerce,shopify,True,,3,True,huggingface
liquid-iv.com,active_ecommerce,shopify,True,,3,True,huggingface
liquidationelectromenagers.com,active_ecommerce,shopify,True,,3,True,huggingface
liquidperformance.com,active_ecommerce,shopify,True,,3,True,huggingface
lisabrownstreasures.com,active_ecommerce,shopify,True,,3,True,huggingface
lisaeldridge.com,active_ecommerce,shopify,True,,3,True,huggingface
lisatoddnow.com,active_ecommerce,shopify,True,,3,True,huggingface
lisatrujilloactivewear.com,active_ecommerce,shopify,True,,3,True,huggingface
lisetteartshop.com,active_ecommerce,shopify,True,,3,True,huggingface
lisettel.ca,active_ecommerce,shopify,True,,3,True,huggingface
liskafashion.com,active_ecommerce,shopify,True,,3,True,huggingface
lisnor.com,active_ecommerce,shopify,True,,3,True,huggingface
lispoo.cc,active_ecommerce,shopify,True,,3,True,huggingface
litterboy.com,active_ecommerce,shopify,True,,3,True,huggingface
littergenie.com,active_ecommerce,shopify,True,,3,True,huggingface
litterone.com,active_ecommerce,shopify,True,,3,True,huggingface
little-munchies.co.uk,active_ecommerce,shopify,True,,3,True,huggingface
littlebirddenver.com,active_ecommerce,shopify,True,,3,True,huggingface
littlebirdkitchen.co.nz,active_ecommerce,shopify,True,,3,True,huggingface
littlebishesstitches.com,active_ecommerce,shopify,True,,3,True,huggingface
littlebitwestern.ca,active_ecommerce,shopify,True,,3,True,huggingface
littlecreekmontana.com,active_ecommerce,shopify,True,,3,True,huggingface
littledebbie.com,active_ecommerce,shopify,True,,3,True,huggingface
littlekooma.com,active_ecommerce,shopify,True,,3,True,huggingface
littlemeow.pk,active_ecommerce,shopify,True,,3,True,huggingface
littleone.care,active_ecommerce,shopify,True,,3,True,huggingface
littlepawsbigmemories.co.uk,active_ecommerce,shopify,True,,3,True,huggingface
littleredbirdgifts.com,active_ecommerce,shopify,True,,3,True,huggingface
littleskein.com,active_ecommerce,shopify,True,,3,True,huggingface
littlesprout.com.au,active_ecommerce,shopify,True,,3,True,huggingface
littlestream.ca,active_ecommerce,shopify,True,,3,True,huggingface
littlethingscustomco.com,active_ecommerce,shopify,True,,3,True,huggingface
littletikes.com,active_ecommerce,shopify,True,,3,True,huggingface
littlewomenatelier.com,active_ecommerce,shopify,True,,3,True,huggingface
littlewoolshop.com,active_ecommerce,shopify,True,,3,True,huggingface
littlewordsproject.com,active_ecommerce,shopify,True,,3,True,huggingface
littleyarn.com.au,active_ecommerce,shopify,True,,3,True,huggingface
littleyellowbird.com,active_ecommerce,shopify,True,,3,True,huggingface
livefishonline.com.au,active_ecommerce,shopify,True,,3,True,huggingface
liveforlines.com,active_ecommerce,shopify,True,,3,True,huggingface
liveheel.com,active_ecommerce,shopify,True,,3,True,huggingface
liveinpeacealways.com,active_ecommerce,shopify,True,,3,True,huggingface
liveinsukoon.ae,active_ecommerce,shopify,True,,3,True,huggingface
livepawsitively.com,active_ecommerce,shopify,True,,3,True,huggingface
livevacationstours.com,active_ecommerce,shopify,True,,3,True,huggingface
livewelldog.com,active_ecommerce,shopify,True,,3,True,huggingface
livingmontessorinowshop.com,active_ecommerce,shopify,True,,3,True,huggingface
livingmusicstores.com,active_ecommerce,shopify,True,,3,True,huggingface
livingpantry.com,active_ecommerce,shopify,True,,3,True,huggingface
livingsilk.com,active_ecommerce,shopify,True,,3,True,huggingface
livingskygrains.com,active_ecommerce,shopify,True,,3,True,huggingface
livingsound.com.au,active_ecommerce,shopify,True,,3,True,huggingface
livingthedreamalpacafarm.com,active_ecommerce,shopify,True,,3,True,huggingface
livingvitalitea.com,active_ecommerce,shopify,True,,3,True,huggingface
livingwateraeration.com,active_ecommerce,shopify,True,,3,True,huggingface
livlikebusby.com,active_ecommerce,shopify,True,,3,True,huggingface
livlola.com,active_ecommerce,shopify,True,,3,True,huggingface
livnature.com,active_ecommerce,shopify,True,,3,True,huggingface
livoutdoor.com,active_ecommerce,shopify,True,,3,True,huggingface
livq.de,active_ecommerce,shopify,True,,3,True,huggingface
lizspetshop.com,active_ecommerce,shopify,True,,3,True,huggingface
ljmairconditioning.com.au,active_ecommerce,shopify,True,,3,True,huggingface
llamaste.com,active_ecommerce,shopify,True,,3,True,huggingface
lmaogear.com,active_ecommerce,shopify,True,,3,True,huggingface
localdog.com,active_ecommerce,shopify,True,,3,True,huggingface
locale90.com,active_ecommerce,shopify,True,,3,True,huggingface
localpetmarket.com,active_ecommerce,shopify,True,,3,True,huggingface
locknloadairsoft.com,active_ecommerce,shopify,True,,3,True,huggingface
locksmithkeyless.com,active_ecommerce,shopify,True,,3,True,huggingface
loft68vintage.com,active_ecommerce,shopify,True,,3,True,huggingface
loftyloopsyarns.com,active_ecommerce,shopify,True,,3,True,huggingface
loganstoychest.com,active_ecommerce,shopify,True,,3,True,huggingface
logicairsoft.us,active_ecommerce,shopify,True,,3,True,huggingface
logiqair.com,active_ecommerce,shopify,True,,3,True,huggingface
lokithorshop.com,active_ecommerce,shopify,True,,3,True,huggingface
lokopetapparel.com,active_ecommerce,shopify,True,,3,True,huggingface
lolelife.com,active_ecommerce,shopify,True,,3,True,huggingface
lolodidit.com,active_ecommerce,shopify,True,,3,True,huggingface
lonestarrareexoticfish.com,active_ecommerce,shopify,True,,3,True,huggingface
lonestarrv.com,active_ecommerce,shopify,True,,3,True,huggingface
lonestartreatsaz.com,active_ecommerce,shopify,True,,3,True,huggingface
lonewolfpaintball.com,active_ecommerce,shopify,True,,3,True,huggingface
longboi.co,active_ecommerce,shopify,True,,3,True,huggingface
longdogapparel.com,active_ecommerce,shopify,True,,3,True,huggingface
longdogyarn.com,active_ecommerce,shopify,True,,3,True,huggingface
longleyfarm.com,active_ecommerce,shopify,True,,3,True,huggingface
longlivingpetsnutrition.com,active_ecommerce,shopify,True,,3,True,huggingface
longriflesinc.com,active_ecommerce,shopify,True,,3,True,huggingface
looneylabs.com,active_ecommerce,shopify,True,,3,True,huggingface
loophoopkids.com,active_ecommerce,shopify,True,,3,True,huggingface
lordsandlabradors.co.uk,active_ecommerce,shopify,True,,3,True,huggingface
lordsandlabradors.com,active_ecommerce,shopify,True,,3,True,huggingface
lost4toys.com,active_ecommerce,shopify,True,,3,True,huggingface
lostdogcycling.cc,active_ecommerce,shopify,True,,3,True,huggingface
lostdogpubs.com,active_ecommerce,shopify,True,,3,True,huggingface
lostdogstreetband.com,active_ecommerce,shopify,True,,3,True,huggingface
lostinparadisestore.com,active_ecommerce,shopify,True,,3,True,huggingface
losttradingpost.com,active_ecommerce,shopify,True,,3,True,huggingface
lotsofpets.com,active_ecommerce,shopify,True,,3,True,huggingface
louiedecoton.com,active_ecommerce,shopify,True,,3,True,huggingface
loulaslittlenursery.co.uk,active_ecommerce,shopify,True,,3,True,huggingface
lounge.com,active_ecommerce,shopify,True,,3,True,huggingface
loungersclothing.com,active_ecommerce,shopify,True,,3,True,huggingface
loveandlustre.com.au,active_ecommerce,shopify,True,,3,True,huggingface
lovebirdvibe.com,active_ecommerce,shopify,True,,3,True,huggingface
lovekates.co.uk,active_ecommerce,shopify,True,,3,True,huggingface
loveknotwar.nz,active_ecommerce,shopify,True,,3,True,huggingface
lovelifeyarn.com,active_ecommerce,shopify,True,,3,True,huggingface
lovelycaves.com,active_ecommerce,shopify,True,,3,True,huggingface
lovelypaperieandgifts.com,active_ecommerce,shopify,True,,3,True,huggingface
lovemyhuman.co.uk,active_ecommerce,shopify,True,,3,True,huggingface
lovemypetworks.com,active_ecommerce,shopify,True,,3,True,huggingface
lovenala.com,active_ecommerce,shopify,True,,3,True,huggingface
lovenood.in,active_ecommerce,shopify,True,,3,True,huggingface
loveofdogsandcats.ca,active_ecommerce,shopify,True,,3,True,huggingface
lovethepinkelephant.com,active_ecommerce,shopify,True,,3,True,huggingface
lovingyarn.com,active_ecommerce,shopify,True,,3,True,huggingface
lowcountrylittles.com,active_ecommerce,shopify,True,,3,True,huggingface
lowens.ca,active_ecommerce,shopify,True,,3,True,huggingface
lowinglight.com,active_ecommerce,shopify,True,,3,True,huggingface
lowpriceforall.com,active_ecommerce,shopify,True,,3,True,huggingface
loxahatcheecandles.com,active_ecommerce,shopify,True,,3,True,huggingface
loxwoodpaper.com,active_ecommerce,shopify,True,,3,True,huggingface
loyalandlush.com,active_ecommerce,shopify,True,,3,True,huggingface
lrlmotors.com,active_ecommerce,shopify,True,,3,True,huggingface
ltbjeans.com.au,active_ecommerce,shopify,True,,3,True,huggingface
lucaslighters.com,active_ecommerce,shopify,True,,3,True,huggingface
luccacouture.com,active_ecommerce,shopify,True,,3,True,huggingface
lucky-labo.com,active_ecommerce,shopify,True,,3,True,huggingface
lucky-shorts.com,active_ecommerce,shopify,True,,3,True,huggingface
luckydoggyrescue.org,active_ecommerce,shopify,True,,3,True,huggingface
luckydoghotsauce.com,active_ecommerce,shopify,True,,3,True,huggingface
luckydogmfg.com,active_ecommerce,shopify,True,,3,True,huggingface
luckydogvolleyball.com,active_ecommerce,shopify,True,,3,True,huggingface
luckypetslb.com,active_ecommerce,shopify,True,,3,True,huggingface
luckysdoughnuts-downtown.com,active_ecommerce,shopify,True,,3,True,huggingface
lucyand.co,active_ecommerce,shopify,True,,3,True,huggingface
lucyandlolashop.com,active_ecommerce,shopify,True,,3,True,huggingface
lucybingogames.com,active_ecommerce,shopify,True,,3,True,huggingface
lucylovespaper.com,active_ecommerce,shopify,True,,3,True,huggingface
lucysgr.com,active_ecommerce,shopify,True,,3,True,huggingface
lukecombs.com,active_ecommerce,shopify,True,,3,True,huggingface
lularocks.com,active_ecommerce,shopify,True,,3,True,huggingface
lulicat.com,active_ecommerce,shopify,True,,3,True,huggingface
lullify.com,active_ecommerce,shopify,True,,3,True,huggingface
lumberandlaserbeams.com,active_ecommerce,shopify,True,,3,True,huggingface
lumberjacktools.com,active_ecommerce,shopify,True,,3,True,huggingface
lumicandlesph.com,active_ecommerce,shopify,True,,3,True,huggingface
lummia.com.co,active_ecommerce,shopify,True,,3,True,huggingface
lunaandme.com,active_ecommerce,shopify,True,,3,True,huggingface
lunaandsoul.com.au,active_ecommerce,shopify,True,,3,True,huggingface
lunabeauty-store.com,active_ecommerce,shopify,True,,3,True,huggingface
lunacatz.com,active_ecommerce,shopify,True,,3,True,huggingface
lunahlife.com,active_ecommerce,shopify,True,,3,True,huggingface
lunarey.com.au,active_ecommerce,shopify,True,,3,True,huggingface
lushlemon.com,active_ecommerce,shopify,True,,3,True,huggingface
lushpetsco.com,active_ecommerce,shopify,True,,3,True,huggingface
lussoleather.ca,active_ecommerce,shopify,True,,3,True,huggingface
lutherbennett.com,active_ecommerce,shopify,True,,3,True,huggingface
lutii.com,active_ecommerce,shopify,True,,3,True,huggingface
lutinvert.org,active_ecommerce,shopify,True,,3,True,huggingface
luvamia.com,active_ecommerce,shopify,True,,3,True,huggingface
luvele.eu,active_ecommerce,shopify,True,,3,True,huggingface
luvingpets.com,active_ecommerce,shopify,True,,3,True,huggingface
luviyo.com,active_ecommerce,shopify,True,,3,True,huggingface
luxaraco.com,active_ecommerce,shopify,True,,3,True,huggingface
luxcouture.com,active_ecommerce,shopify,True,,3,True,huggingface
luxecolombo.com,active_ecommerce,shopify,True,,3,True,huggingface
luxediffusers.com.au,active_ecommerce,shopify,True,,3,True,huggingface
luxegametables.com,active_ecommerce,shopify,True,,3,True,huggingface
luxeypets.com,active_ecommerce,shopify,True,,3,True,huggingface
luxuriousdogbeds.co.uk,active_ecommerce,shopify,True,,3,True,huggingface
luxycats.com,active_ecommerce,shopify,True,,3,True,huggingface
lvstoresupply.com,active_ecommerce,shopify,True,,3,True,huggingface
lyferbrand.com,active_ecommerce,shopify,True,,3,True,huggingface
lyftrx.com,active_ecommerce,shopify,True,,3,True,huggingface
lyfy.co,active_ecommerce,shopify,True,,3,True,huggingface
lynnsdiscounts.com,active_ecommerce,shopify,True,,3,True,huggingface
lynxaircompressors.com,active_ecommerce,shopify,True,,3,True,huggingface
lyprem.com,active_ecommerce,shopify,True,,3,True,huggingface
lyxdomus.com,active_ecommerce,shopify,True,,3,True,huggingface
m-pets.com,active_ecommerce,shopify,True,,3,True,huggingface
m19minus.com,active_ecommerce,shopify,True,,3,True,huggingface
ma-wovens.com,active_ecommerce,shopify,True,,3,True,huggingface
ma5x.com,active_ecommerce,shopify,True,,3,True,huggingface
maaheatingcooling.ca,active_ecommerce,shopify,True,,3,True,huggingface
maatactive.com,active_ecommerce,shopify,True,,3,True,huggingface
maboutiqueairsoft.com,active_ecommerce,shopify,True,,3,True,huggingface
macattackgear.com,active_ecommerce,shopify,True,,3,True,huggingface
maccess.co.uk,active_ecommerce,shopify,True,,3,True,huggingface
machinedirect.co.uk,active_ecommerce,shopify,True,,3,True,huggingface
mackage.co.uk,active_ecommerce,shopify,True,,3,True,huggingface
mackage.com,active_ecommerce,shopify,True,,3,True,huggingface
mackage.eu,active_ecommerce,shopify,True,,3,True,huggingface
mackjonney.com,active_ecommerce,shopify,True,,3,True,huggingface
mackly.com,active_ecommerce,shopify,True,,3,True,huggingface
macraskillnet.ie,active_ecommerce,shopify,True,,3,True,huggingface
madcat.clothing,active_ecommerce,shopify,True,,3,True,huggingface
maddogconcepts.com,active_ecommerce,shopify,True,,3,True,huggingface
maddogs.co.za,active_ecommerce,shopify,True,,3,True,huggingface
made4fighters.com,active_ecommerce,shopify,True,,3,True,huggingface
made4pets.com,active_ecommerce,shopify,True,,3,True,huggingface
madebyaprillynn.com,active_ecommerce,shopify,True,,3,True,huggingface
madebymary.com,active_ecommerce,shopify,True,,3,True,huggingface
madebymle.com,active_ecommerce,shopify,True,,3,True,huggingface
madeleine-thompson.com,active_ecommerce,shopify,True,,3,True,huggingface
madisonpaul.com,active_ecommerce,shopify,True,,3,True,huggingface
madjessie.com,active_ecommerce,shopify,True,,3,True,huggingface
maebe.co.uk,active_ecommerce,shopify,True,,3,True,huggingface
maeotti.com,active_ecommerce,shopify,True,,3,True,huggingface
magicalsunsetvacations.com,active_ecommerce,shopify,True,,3,True,huggingface
magiccitywellnessexpo.net,active_ecommerce,shopify,True,,3,True,huggingface
magicscooper.com,active_ecommerce,shopify,True,,3,True,huggingface
magicwatersupply.com,active_ecommerce,shopify,True,,3,True,huggingface
maglevaudio.com,active_ecommerce,shopify,True,,3,True,huggingface
magnet.com.au,active_ecommerce,shopify,True,,3,True,huggingface
magnetronsupply.com,active_ecommerce,shopify,True,,3,True,huggingface
magni-tech.co.uk,active_ecommerce,shopify,True,,3,True,huggingface
magnificentquilt.com,active_ecommerce,shopify,True,,3,True,huggingface
magniindustry.com,active_ecommerce,shopify,True,,3,True,huggingface
mahmelanin.com,active_ecommerce,shopify,True,,3,True,huggingface
mahmutogluav.com,active_ecommerce,shopify,True,,3,True,huggingface
maier-internacional.com,active_ecommerce,shopify,True,,3,True,huggingface
mainbrew.com,active_ecommerce,shopify,True,,3,True,huggingface
maineyarnandfibersupply.com,active_ecommerce,shopify,True,,3,True,huggingface
mainstreet.co.in,active_ecommerce,shopify,True,,3,True,huggingface
maiseydaisey.com,active_ecommerce,shopify,True,,3,True,huggingface
maison-close.us,active_ecommerce,shopify,True,,3,True,huggingface
maithaandtreats.com,active_ecommerce,shopify,True,,3,True,huggingface
maje.sa,active_ecommerce,shopify,True,,3,True,huggingface
majestys.com,active_ecommerce,shopify,True,,3,True,huggingface
makacapilarhealthdr.com,active_ecommerce,shopify,True,,3,True,huggingface
makerandstitch.com,active_ecommerce,shopify,True,,3,True,huggingface
makerbazar.in,active_ecommerce,shopify,True,,3,True,huggingface
makereadynutrition.com,active_ecommerce,shopify,True,,3,True,huggingface
makeriebyhand.com,active_ecommerce,shopify,True,,3,True,huggingface
makermaterialsupply.com,active_ecommerce,shopify,True,,3,True,huggingface
makersclean.com,active_ecommerce,shopify,True,,3,True,huggingface
makingmeadows.co.uk,active_ecommerce,shopify,True,,3,True,huggingface
makpaws.com,active_ecommerce,shopify,True,,3,True,huggingface
makpersona.com,active_ecommerce,shopify,True,,3,True,huggingface
maksweater.com,active_ecommerce,shopify,True,,3,True,huggingface
malaaha.in,active_ecommerce,shopify,True,,3,True,huggingface
malagoschocolate.com,active_ecommerce,shopify,True,,3,True,huggingface
malalatools.com,active_ecommerce,shopify,True,,3,True,huggingface
malibudjango.com,active_ecommerce,shopify,True,,3,True,huggingface
malibufoxshop.com,active_ecommerce,shopify,True,,3,True,huggingface
malort.com,active_ecommerce,shopify,True,,3,True,huggingface
mamasuds.com,active_ecommerce,shopify,True,,3,True,huggingface
mammothpet.com,active_ecommerce,shopify,True,,3,True,huggingface
mancaveempire.com,active_ecommerce,shopify,True,,3,True,huggingface
mancavegamez.com,active_ecommerce,shopify,True,,3,True,huggingface
mancrafters.in,active_ecommerce,shopify,True,,3,True,huggingface
mandp.co.uk,active_ecommerce,shopify,True,,3,True,huggingface
manduka.com,active_ecommerce,shopify,True,,3,True,huggingface
manduka.com.au,active_ecommerce,shopify,True,,3,True,huggingface
manduka.com.my,active_ecommerce,shopify,True,,3,True,huggingface
mandysheaven.com,active_ecommerce,shopify,True,,3,True,huggingface
mandystoysandcollectibles.com,active_ecommerce,shopify,True,,3,True,huggingface
maneline.co.nz,active_ecommerce,shopify,True,,3,True,huggingface
manestreethorseandpet.com,active_ecommerce,shopify,True,,3,True,huggingface
mangeerac.com,active_ecommerce,shopify,True,,3,True,huggingface
mangoshappytails.com,active_ecommerce,shopify,True,,3,True,huggingface
manicpunkfibers.com,active_ecommerce,shopify,True,,3,True,huggingface
manorgameroom.com,active_ecommerce,shopify,True,,3,True,huggingface
mansfieldhuntingandfishing.com.au,active_ecommerce,shopify,True,,3,True,huggingface
manstorehq.com,active_ecommerce,shopify,True,,3,True,huggingface
mantastore.co.uk,active_ecommerce,shopify,True,,3,True,huggingface
mantisyoga.com,active_ecommerce,shopify,True,,3,True,huggingface
manucurist.com,active_ecommerce,shopify,True,,3,True,huggingface
manzerhair.com,active_ecommerce,shopify,True,,3,True,huggingface
mapdiamondtools.com,active_ecommerce,shopify,True,,3,True,huggingface
mapleairbrushsupplies.com,active_ecommerce,shopify,True,,3,True,huggingface
mapleandbass.com,active_ecommerce,shopify,True,,3,True,huggingface
mapleandmangoes.ca,active_ecommerce,shopify,True,,3,True,huggingface
mapleleafpet.com,active_ecommerce,shopify,True,,3,True,huggingface
maraleatherstore.com,active_ecommerce,shopify,True,,3,True,huggingface
maranathafarms.com,active_ecommerce,shopify,True,,3,True,huggingface
marasgreen.com,active_ecommerce,shopify,True,,3,True,huggingface
mardimercredi.com,active_ecommerce,shopify,True,,3,True,huggingface
marethcolleen.com,active_ecommerce,shopify,True,,3,True,huggingface
margaretoleary.com,active_ecommerce,shopify,True,,3,True,huggingface
marianatedyarns.com,active_ecommerce,shopify,True,,3,True,huggingface
mariedumas.com,active_ecommerce,shopify,True,,3,True,huggingface
marinecityhardware.com,active_ecommerce,shopify,True,,3,True,huggingface
marinedcac.com,active_ecommerce,shopify,True,,3,True,huggingface
marineparkhardware.com,active_ecommerce,shopify,True,,3,True,huggingface
maritimefamilyfiber.com,active_ecommerce,shopify,True,,3,True,huggingface
marketingedventure.com,active_ecommerce,shopify,True,,3,True,huggingface
markospets.com,active_ecommerce,shopify,True,,3,True,huggingface
marleyncopetsupplies.co.uk,active_ecommerce,shopify,True,,3,True,huggingface
marlofurniture.com,active_ecommerce,shopify,True,,3,True,huggingface
marrkt.com,active_ecommerce,shopify,True,,3,True,huggingface
marshalfitness.com,active_ecommerce,shopify,True,,3,True,huggingface
marshfarmcountry.co.uk,active_ecommerce,shopify,True,,3,True,huggingface
martinabelhousebakery.com,active_ecommerce,shopify,True,,3,True,huggingface
martingarrix.com,active_ecommerce,shopify,True,,3,True,huggingface
martinprecision.com,active_ecommerce,shopify,True,,3,True,huggingface
martinsagfeed.com,active_ecommerce,shopify,True,,3,True,huggingface
martinslab.com,active_ecommerce,shopify,True,,3,True,huggingface
martinwater.com,active_ecommerce,shopify,True,,3,True,huggingface
maryamspet.com,active_ecommerce,shopify,True,,3,True,huggingface
maryumnmaria.com,active_ecommerce,shopify,True,,3,True,huggingface
masaicopenhagen.com,active_ecommerce,shopify,True,,3,True,huggingface
masons.it,active_ecommerce,shopify,True,,3,True,huggingface
massiveaudio.com,active_ecommerce,shopify,True,,3,True,huggingface
master-co.com,active_ecommerce,shopify,True,,3,True,huggingface
mastercreationsinc.com,active_ecommerce,shopify,True,,3,True,huggingface
masteringthelock.net,active_ecommerce,shopify,True,,3,True,huggingface
masterlineusa.com,active_ecommerce,shopify,True,,3,True,huggingface
masterpackagingco.com,active_ecommerce,shopify,True,,3,True,huggingface
masterpiecesinc.com,active_ecommerce,shopify,True,,3,True,huggingface
mastersndogs.ca,active_ecommerce,shopify,True,,3,True,huggingface
mastromanga.com,active_ecommerce,shopify,True,,3,True,huggingface
matbock.com,active_ecommerce,shopify,True,,3,True,huggingface
matdala.com,active_ecommerce,shopify,True,,3,True,huggingface
mateadesigns.com.au,active_ecommerce,shopify,True,,3,True,huggingface
maternitycafe.com,active_ecommerce,shopify,True,,3,True,huggingface
mathsgear.co.uk,active_ecommerce,shopify,True,,3,True,huggingface
matsuru.ca,active_ecommerce,shopify,True,,3,True,huggingface
mauiplantdelivery.com,active_ecommerce,shopify,True,,3,True,huggingface
maupets.com,active_ecommerce,shopify,True,,3,True,huggingface
mavalus.com,active_ecommerce,shopify,True,,3,True,huggingface
mavi.com,active_ecommerce,shopify,True,,3,True,huggingface
maxandblu.com,active_ecommerce,shopify,True,,3,True,huggingface
maxandcocoa.com,active_ecommerce,shopify,True,,3,True,huggingface
maxandneo.com,active_ecommerce,shopify,True,,3,True,huggingface
maximilianequestrian.com,active_ecommerce,shopify,True,,3,True,huggingface
maximumarmory.com,active_ecommerce,shopify,True,,3,True,huggingface
maxinc.co.za,active_ecommerce,shopify,True,,3,True,huggingface
maxionnutrition.com,active_ecommerce,shopify,True,,3,True,huggingface
maxpowertools.store,active_ecommerce,shopify,True,,3,True,huggingface
maxrite.com.au,active_ecommerce,shopify,True,,3,True,huggingface
maxtool.com,active_ecommerce,shopify,True,,3,True,huggingface
mayala-home.com,active_ecommerce,shopify,True,,3,True,huggingface
maybang.com,active_ecommerce,shopify,True,,3,True,huggingface
maymaymadeit.com,active_ecommerce,shopify,True,,3,True,huggingface
maysama.com,active_ecommerce,shopify,True,,3,True,huggingface
maysixty.com,active_ecommerce,shopify,True,,3,True,huggingface
mazdafitment.com,active_ecommerce,shopify,True,,3,True,huggingface
mazenonline.com,active_ecommerce,shopify,True,,3,True,huggingface
maziply.com,active_ecommerce,shopify,True,,3,True,huggingface
mbyoga.online,active_ecommerce,shopify,True,,3,True,huggingface
mbz.in,active_ecommerce,shopify,True,,3,True,huggingface
mcallengreenberet.com,active_ecommerce,shopify,True,,3,True,huggingface
mcalson.com,active_ecommerce,shopify,True,,3,True,huggingface
mccabespharmacy.com,active_ecommerce,shopify,True,,3,True,huggingface
mccorrycomfort.com,active_ecommerce,shopify,True,,3,True,huggingface
mcfallfuel.co.nz,active_ecommerce,shopify,True,,3,True,huggingface
mcgeeandco.com,active_ecommerce,shopify,True,,3,True,huggingface
mcgrathsbakehouse.com,active_ecommerce,shopify,True,,3,True,huggingface
mckenzies.com,active_ecommerce,shopify,True,,3,True,huggingface
mcqueenindependent.com,active_ecommerce,shopify,True,,3,True,huggingface
mcsales.com,active_ecommerce,shopify,True,,3,True,huggingface
mcshavegear.com,active_ecommerce,shopify,True,,3,True,huggingface
mcsport.ie,active_ecommerce,shopify,True,,3,True,huggingface
mctogsfordogs.co.uk,active_ecommerce,shopify,True,,3,True,huggingface
mcwalker.us,active_ecommerce,shopify,True,,3,True,huggingface
mdweaving.com,active_ecommerce,shopify,True,,3,True,huggingface
mdwtradingco.com,active_ecommerce,shopify,True,,3,True,huggingface
me369fashion.com,active_ecommerce,shopify,True,,3,True,huggingface
meadowlark-pets.com,active_ecommerce,shopify,True,,3,True,huggingface
meadowlarkshop.net,active_ecommerce,shopify,True,,3,True,huggingface
meadys.com,active_ecommerce,shopify,True,,3,True,huggingface
mealeymarine.com,active_ecommerce,shopify,True,,3,True,huggingface
meandb.shop,active_ecommerce,shopify,True,,3,True,huggingface
measureit.no,active_ecommerce,shopify,True,,3,True,huggingface
meccaperfumes.com,active_ecommerce,shopify,True,,3,True,huggingface
med7online.com,active_ecommerce,shopify,True,,3,True,huggingface
medacart.com,active_ecommerce,shopify,True,,3,True,huggingface
medalistfeed.com,active_ecommerce,shopify,True,,3,True,huggingface
medchoicemedicalsupply.com,active_ecommerce,shopify,True,,3,True,huggingface
mediaalliance.co.za,active_ecommerce,shopify,True,,3,True,huggingface
mediamarketing.com.br,active_ecommerce,shopify,True,,3,True,huggingface
mediamea.store,active_ecommerce,shopify,True,,3,True,huggingface
mediatechplus.com,active_ecommerce,shopify,True,,3,True,huggingface
medicalrite.com,active_ecommerce,shopify,True,,3,True,huggingface
medicalstore.net,active_ecommerce,shopify,True,,3,True,huggingface
medicalsupplysurplus.com,active_ecommerce,shopify,True,,3,True,huggingface
medicalwarehouse.ca,active_ecommerce,shopify,True,,3,True,huggingface
medvanceshop.com,active_ecommerce,shopify,True,,3,True,huggingface
megasales.toys,active_ecommerce,shopify,True,,3,True,huggingface
megbydesign.com,active_ecommerce,shopify,True,,3,True,huggingface
megtri.in,active_ecommerce,shopify,True,,3,True,huggingface
meiriondavies.co.uk,active_ecommerce,shopify,True,,3,True,huggingface
meiteusa.com,active_ecommerce,shopify,True,,3,True,huggingface
mekidulu.com,active_ecommerce,shopify,True,,3,True,huggingface
melanatedchristmas.com,active_ecommerce,shopify,True,,3,True,huggingface
melasta.net,active_ecommerce,shopify,True,,3,True,huggingface
melbournehifi.com.au,active_ecommerce,shopify,True,,3,True,huggingface
meliniindia.com,active_ecommerce,shopify,True,,3,True,huggingface
melko.com.au,active_ecommerce,shopify,True,,3,True,huggingface
mellesweden.com,active_ecommerce,shopify,True,,3,True,huggingface
mellowconceptstore.co,active_ecommerce,shopify,True,,3,True,huggingface
mellownido.com,active_ecommerce,shopify,True,,3,True,huggingface
melsholiday.com,active_ecommerce,shopify,True,,3,True,huggingface
meltdownco.com,active_ecommerce,shopify,True,,3,True,huggingface
melvin-pharmacy.co.uk,active_ecommerce,shopify,True,,3,True,huggingface
memory-music.net,active_ecommerce,shopify,True,,3,True,huggingface
meowavenue.com,active_ecommerce,shopify,True,,3,True,huggingface
meowden.com,active_ecommerce,shopify,True,,3,True,huggingface
meowfia.us,active_ecommerce,shopify,True,,3,True,huggingface
meowgicians.com,active_ecommerce,shopify,True,,3,True,huggingface
meowtownshop.com,active_ecommerce,shopify,True,,3,True,huggingface
meowtreatyourcat.com,active_ecommerce,shopify,True,,3,True,huggingface
merakiigarage.co,active_ecommerce,shopify,True,,3,True,huggingface
mercedesamgf1.com,active_ecommerce,shopify,True,,3,True,huggingface
merchandisemecca.com,active_ecommerce,shopify,True,,3,True,huggingface
merchdojacat.com,active_ecommerce,shopify,True,,3,True,huggingface
mercicollective.com,active_ecommerce,shopify,True,,3,True,huggingface
mercuryrise.com,active_ecommerce,shopify,True,,3,True,huggingface
merinomink.com,active_ecommerce,shopify,True,,3,True,huggingface
meriville.com,active_ecommerce,shopify,True,,3,True,huggingface
merlamoto.com,active_ecommerce,shopify,True,,3,True,huggingface
merrybiy.com,active_ecommerce,shopify,True,,3,True,huggingface
merzur.com,active_ecommerce,shopify,True,,3,True,huggingface
meshki.co.uk,active_ecommerce,shopify,True,,3,True,huggingface
messymutts.ca,active_ecommerce,shopify,True,,3,True,huggingface
metalandresin.co.nz,active_ecommerce,shopify,True,,3,True,huggingface
metallogics.com,active_ecommerce,shopify,True,,3,True,huggingface
metalpolishingsupplies.co.uk,active_ecommerce,shopify,True,,3,True,huggingface
metapod.com,active_ecommerce,shopify,True,,3,True,huggingface
metconstructionfixings.com,active_ecommerce,shopify,True,,3,True,huggingface
meterport.com,active_ecommerce,shopify,True,,3,True,huggingface
methodhome.com.sg,active_ecommerce,shopify,True,,3,True,huggingface
metro-baby.com.au,active_ecommerce,shopify,True,,3,True,huggingface
metropoulos.net,active_ecommerce,shopify,True,,3,True,huggingface
mexicanchimichurri.com,active_ecommerce,shopify,True,,3,True,huggingface
mhcauto.com,active_ecommerce,shopify,True,,3,True,huggingface
mhpvitamins.com,active_ecommerce,shopify,True,,3,True,huggingface
mhpwellness.com,active_ecommerce,shopify,True,,3,True,huggingface
mhralpacas.com,active_ecommerce,shopify,True,,3,True,huggingface
mhvacuum.com,active_ecommerce,shopify,True,,3,True,huggingface
miaboo.co.uk,active_ecommerce,shopify,True,,3,True,huggingface
miamimagic.net,active_ecommerce,shopify,True,,3,True,huggingface
miaouandco.com,active_ecommerce,shopify,True,,3,True,huggingface
miaroba.com,active_ecommerce,shopify,True,,3,True,huggingface
michaelangelosbakery.com,active_ecommerce,shopify,True,,3,True,huggingface
michaelschemist.com.au,active_ecommerce,shopify,True,,3,True,huggingface
michelinepitt.com,active_ecommerce,shopify,True,,3,True,huggingface
michellevictoriaskincare.com,active_ecommerce,shopify,True,,3,True,huggingface
michiganawesome.com,active_ecommerce,shopify,True,,3,True,huggingface
microfibertech.com,active_ecommerce,shopify,True,,3,True,huggingface
middletownoutdoors.com,active_ecommerce,shopify,True,,3,True,huggingface
midknightdetailingproducts.com,active_ecommerce,shopify,True,,3,True,huggingface
midnightmadness.store,active_ecommerce,shopify,True,,3,True,huggingface
midpacprintedpackaging.co.uk,active_ecommerce,shopify,True,,3,True,huggingface
midwestagsystems.net,active_ecommerce,shopify,True,,3,True,huggingface
midwestdisplays.co.uk,active_ecommerce,shopify,True,,3,True,huggingface
midwesternfc.org,active_ecommerce,shopify,True,,3,True,huggingface
miekaboutique.com,active_ecommerce,shopify,True,,3,True,huggingface
miffyshop.co.uk,active_ecommerce,shopify,True,,3,True,huggingface
mighty-supply.com,active_ecommerce,shopify,True,,3,True,huggingface
mighty.market,active_ecommerce,shopify,True,,3,True,huggingface
mightybark.co.uk,active_ecommerce,shopify,True,,3,True,huggingface
mightypetz.com,active_ecommerce,shopify,True,,3,True,huggingface
mightyraw.com.au,active_ecommerce,shopify,True,,3,True,huggingface
miik.ca,active_ecommerce,shopify,True,,3,True,huggingface
mikestoysandstuff.com,active_ecommerce,shopify,True,,3,True,huggingface
mikeyandmia.co.uk,active_ecommerce,shopify,True,,3,True,huggingface
mikeythepowerfulowlet.com,active_ecommerce,shopify,True,,3,True,huggingface
mikkoa.com,active_ecommerce,shopify,True,,3,True,huggingface
mikuwagyu.com,active_ecommerce,shopify,True,,3,True,huggingface
milanastudios.com,active_ecommerce,shopify,True,,3,True,huggingface
milbby.com,active_ecommerce,shopify,True,,3,True,huggingface
mile-x.com,active_ecommerce,shopify,True,,3,True,huggingface
milehighlife.us,active_ecommerce,shopify,True,,3,True,huggingface
milesperhourapparel.com,active_ecommerce,shopify,True,,3,True,huggingface
milkbliss.com,active_ecommerce,shopify,True,,3,True,huggingface
millionparcel.sg,active_ecommerce,shopify,True,,3,True,huggingface
millracegardencentre.co.uk,active_ecommerce,shopify,True,,3,True,huggingface
milltownbrand.com,active_ecommerce,shopify,True,,3,True,huggingface
millystoyshop.com,active_ecommerce,shopify,True,,3,True,huggingface
mimitoys.ie,active_ecommerce,shopify,True,,3,True,huggingface
mimosa-boutique.com,active_ecommerce,shopify,True,,3,True,huggingface
min-na.com,active_ecommerce,shopify,True,,3,True,huggingface
mindfulandcokids.com,active_ecommerce,shopify,True,,3,True,huggingface
mindfulmatyoga.com,active_ecommerce,shopify,True,,3,True,huggingface
mindfulpostage.com,active_ecommerce,shopify,True,,3,True,huggingface
minecraftshop.com,active_ecommerce,shopify,True,,3,True,huggingface
minifigs.me,active_ecommerce,shopify,True,,3,True,huggingface
minifigurebricks.com,active_ecommerce,shopify,True,,3,True,huggingface
minilegendy.pl,active_ecommerce,shopify,True,,3,True,huggingface
miningmayhem.com.au,active_ecommerce,shopify,True,,3,True,huggingface
minisforum.uk,active_ecommerce,shopify,True,,3,True,huggingface
miniso.pk,active_ecommerce,shopify,True,,3,True,huggingface
minisplitsystemsdirect.com,active_ecommerce,shopify,True,,3,True,huggingface
minivanilla.com,active_ecommerce,shopify,True,,3,True,huggingface
minizoousa.com,active_ecommerce,shopify,True,,3,True,huggingface
minoexpress.com,active_ecommerce,shopify,True,,3,True,huggingface
mintritea.com,active_ecommerce,shopify,True,,3,True,huggingface
minutemanammo.com,active_ecommerce,shopify,True,,3,True,huggingface
miracare.com,active_ecommerce,shopify,True,,3,True,huggingface
miraclesweaters.com,active_ecommerce,shopify,True,,3,True,huggingface
miraclevet.com,active_ecommerce,shopify,True,,3,True,huggingface
miramat.co.uk,active_ecommerce,shopify,True,,3,True,huggingface
mirasales.com,active_ecommerce,shopify,True,,3,True,huggingface
mirraviz.com,active_ecommerce,shopify,True,,3,True,huggingface
mirrycle.com,active_ecommerce,shopify,True,,3,True,huggingface
mishesthetics.com,active_ecommerce,shopify,True,,3,True,huggingface
missbabs.com,active_ecommerce,shopify,True,,3,True,huggingface
misscaffe.com,active_ecommerce,shopify,True,,3,True,huggingface
missfinchnyc.com,active_ecommerce,shopify,True,,3,True,huggingface
missiondrivengoods.com,active_ecommerce,shopify,True,,3,True,huggingface
missionready.live,active_ecommerce,shopify,True,,3,True,huggingface
missionthread.com,active_ecommerce,shopify,True,,3,True,huggingface
mississaugahardware.com,active_ecommerce,shopify,True,,3,True,huggingface
missouriquiltco.com,active_ecommerce,shopify,True,,3,True,huggingface
mistfilters.com,active_ecommerce,shopify,True,,3,True,huggingface
mistycashmere.co.uk,active_ecommerce,shopify,True,,3,True,huggingface
mittstore.com,active_ecommerce,shopify,True,,3,True,huggingface
mixxidea.com,active_ecommerce,shopify,True,,3,True,huggingface
mizulabdrinks.com,active_ecommerce,shopify,True,,3,True,huggingface
mjathestore.com,active_ecommerce,shopify,True,,3,True,huggingface
mkairsoft.com,active_ecommerce,shopify,True,,3,True,huggingface
mkfarrarbooks.com,active_ecommerce,shopify,True,,3,True,huggingface
mlb-korea.com,active_ecommerce,shopify,True,,3,True,huggingface
mlvac.ca,active_ecommerce,shopify,True,,3,True,huggingface
mmarineonline.com,active_ecommerce,shopify,True,,3,True,huggingface
mmbirdtoys.com,active_ecommerce,shopify,True,,3,True,huggingface
mmtacoustixonline.com,active_ecommerce,shopify,True,,3,True,huggingface
mnbcashandcarry.com,active_ecommerce,shopify,True,,3,True,huggingface
moaindustries.com,active_ecommerce,shopify,True,,3,True,huggingface
mobileleb.com,active_ecommerce,shopify,True,,3,True,huggingface
moby.com,active_ecommerce,shopify,True,,3,True,huggingface
moc-masters.com,active_ecommerce,shopify,True,,3,True,huggingface
mochichihouse.com,active_ecommerce,shopify,True,,3,True,huggingface
mochiglow.com,active_ecommerce,shopify,True,,3,True,huggingface
mocka.co.nz,active_ecommerce,shopify,True,,3,True,huggingface
mockingbirdbabyandkids.com,active_ecommerce,shopify,True,,3,True,huggingface
modagoods.com,active_ecommerce,shopify,True,,3,True,huggingface
modanatty.com,active_ecommerce,shopify,True,,3,True,huggingface
modealise.com,active_ecommerce,shopify,True,,3,True,huggingface
modeandaffaire.com,active_ecommerce,shopify,True,,3,True,huggingface
modelle.com.au,active_ecommerce,shopify,True,,3,True,huggingface
modelmotorcars.com,active_ecommerce,shopify,True,,3,True,huggingface
moderncomfortliving.co.uk,active_ecommerce,shopify,True,,3,True,huggingface
modernique.co.uk,active_ecommerce,shopify,True,,3,True,huggingface
modernironworks.com,active_ecommerce,shopify,True,,3,True,huggingface
modernprairie.com,active_ecommerce,shopify,True,,3,True,huggingface
modifiedsupply.com,active_ecommerce,shopify,True,,3,True,huggingface
modiphius.us,active_ecommerce,shopify,True,,3,True,huggingface
modkat.ca,active_ecommerce,shopify,True,,3,True,huggingface
modlw.com,active_ecommerce,shopify,True,,3,True,huggingface
modos.io,active_ecommerce,shopify,True,,3,True,huggingface
moebypetshop.com,active_ecommerce,shopify,True,,3,True,huggingface
moelectriclb.com,active_ecommerce,shopify,True,,3,True,huggingface
mofizlife.com,active_ecommerce,shopify,True,,3,True,huggingface
mogandbone.com.au,active_ecommerce,shopify,True,,3,True,huggingface
moke.co.nz,active_ecommerce,shopify,True,,3,True,huggingface
mokodirect.com,active_ecommerce,shopify,True,,3,True,huggingface
mokshaaworld.com,active_ecommerce,shopify,True,,3,True,huggingface
molasus.com,active_ecommerce,shopify,True,,3,True,huggingface
moleculeclothing.online,active_ecommerce,shopify,True,,3,True,huggingface
mollybarker.com.au,active_ecommerce,shopify,True,,3,True,huggingface
mollysmice.co.uk,active_ecommerce,shopify,True,,3,True,huggingface
molonysdp.com.au,active_ecommerce,shopify,True,,3,True,huggingface
momant.com,active_ecommerce,shopify,True,,3,True,huggingface
momentmats.com,active_ecommerce,shopify,True,,3,True,huggingface
momentumcn.com,active_ecommerce,shopify,True,,3,True,huggingface
mommacatsnailwraps.com,active_ecommerce,shopify,True,,3,True,huggingface
mommashomestore.com,active_ecommerce,shopify,True,,3,True,huggingface
mommyknowsbest.com,active_ecommerce,shopify,True,,3,True,huggingface
momofit.com,active_ecommerce,shopify,True,,3,True,huggingface
monaghanhire.com,active_ecommerce,shopify,True,,3,True,huggingface
monarchbilliards.com,active_ecommerce,shopify,True,,3,True,huggingface
monicabryandphotography.com,active_ecommerce,shopify,True,,3,True,huggingface
monkey-print.com,active_ecommerce,shopify,True,,3,True,huggingface
monkeyjacktradingcompany.com,active_ecommerce,shopify,True,,3,True,huggingface
monlipets.com,active_ecommerce,shopify,True,,3,True,huggingface
monstercat.com,active_ecommerce,shopify,True,,3,True,huggingface
monsterdetail.co.uk,active_ecommerce,shopify,True,,3,True,huggingface
monsterfastener.com,active_ecommerce,shopify,True,,3,True,huggingface
monsterposse.com,active_ecommerce,shopify,True,,3,True,huggingface
monstersmokeshops.com,active_ecommerce,shopify,True,,3,True,huggingface
montanabetterbeef.com,active_ecommerce,shopify,True,,3,True,huggingface
montbelloutdoor.com.au,active_ecommerce,shopify,True,,3,True,huggingface
montezumastorage.com,active_ecommerce,shopify,True,,3,True,huggingface
monticellicashmere.com,active_ecommerce,shopify,True,,3,True,huggingface
monton.cc,active_ecommerce,shopify,True,,3,True,huggingface
mooboom.shop,active_ecommerce,shopify,True,,3,True,huggingface
moodjanesville.com,active_ecommerce,shopify,True,,3,True,huggingface
mooei.com,active_ecommerce,shopify,True,,3,True,huggingface
moomin.com,active_ecommerce,shopify,True,,3,True,huggingface
moonandback.co.za,active_ecommerce,shopify,True,,3,True,huggingface
mooncarstereo.com,active_ecommerce,shopify,True,,3,True,huggingface
moonkissedcollective.com,active_ecommerce,shopify,True,,3,True,huggingface
moonlightaquatics.com,active_ecommerce,shopify,True,,3,True,huggingface
moonlitekids.ca,active_ecommerce,shopify,True,,3,True,huggingface
moonscoops.com,active_ecommerce,shopify,True,,3,True,huggingface
moontimeapothecary.com,active_ecommerce,shopify,True,,3,True,huggingface
moonwakecoffeeroasters.com,active_ecommerce,shopify,True,,3,True,huggingface
moosehillstore.com,active_ecommerce,shopify,True,,3,True,huggingface
more-pro.com,active_ecommerce,shopify,True,,3,True,huggingface
morentolife.com,active_ecommerce,shopify,True,,3,True,huggingface
moresunday.com,active_ecommerce,shopify,True,,3,True,huggingface
moretanlab.com,active_ecommerce,shopify,True,,3,True,huggingface
morewine.com,active_ecommerce,shopify,True,,3,True,huggingface
morganmarinechandlery.com,active_ecommerce,shopify,True,,3,True,huggingface
morgansltd.com,active_ecommerce,shopify,True,,3,True,huggingface
mornatipaglia.com,active_ecommerce,shopify,True,,3,True,huggingface
moroccanoil.com,active_ecommerce,shopify,True,,3,True,huggingface
morphyrichards.co.uk,active_ecommerce,shopify,True,,3,True,huggingface
morsuspetfood.com,active_ecommerce,shopify,True,,3,True,huggingface
mosaicmoon.com,active_ecommerce,shopify,True,,3,True,huggingface
moseta.in,active_ecommerce,shopify,True,,3,True,huggingface
moshiqa.com,active_ecommerce,shopify,True,,3,True,huggingface
mosslab.com,active_ecommerce,shopify,True,,3,True,huggingface
motelrocks.com,active_ecommerce,shopify,True,,3,True,huggingface
mothernaturesbestmarket.com,active_ecommerce,shopify,True,,3,True,huggingface
motherofbengals.com,active_ecommerce,shopify,True,,3,True,huggingface
motherofpurlyarn.com,active_ecommerce,shopify,True,,3,True,huggingface
mothersfinesturbanfarms.com,active_ecommerce,shopify,True,,3,True,huggingface
motioncompress.com,active_ecommerce,shopify,True,,3,True,huggingface
motoheaven.com.au,active_ecommerce,shopify,True,,3,True,huggingface
motoquipe.com.au,active_ecommerce,shopify,True,,3,True,huggingface
motorology.com,active_ecommerce,shopify,True,,3,True,huggingface
mountadams.com,active_ecommerce,shopify,True,,3,True,huggingface
mountainpaws.eu,active_ecommerce,shopify,True,,3,True,huggingface
mountainsports.com,active_ecommerce,shopify,True,,3,True,huggingface
mountaintopyarn.com,active_ecommerce,shopify,True,,3,True,huggingface
mountcompressor.com,active_ecommerce,shopify,True,,3,True,huggingface
mountkiwi.co.nz,active_ecommerce,shopify,True,,3,True,huggingface
mous.co,active_ecommerce,shopify,True,,3,True,huggingface
mouselovespig.com,active_ecommerce,shopify,True,,3,True,huggingface
move2play.com,active_ecommerce,shopify,True,,3,True,huggingface
moveintostillnessyoga.com,active_ecommerce,shopify,True,,3,True,huggingface
movement-made.com,active_ecommerce,shopify,True,,3,True,huggingface
movieherotoys.com,active_ecommerce,shopify,True,,3,True,huggingface
mowinyoga.com,active_ecommerce,shopify,True,,3,True,huggingface
moxiaire.co.uk,active_ecommerce,shopify,True,,3,True,huggingface
mozartbladesna.com,active_ecommerce,shopify,True,,3,True,huggingface
mozeguitars.com,active_ecommerce,shopify,True,,3,True,huggingface
mprtools.com,active_ecommerce,shopify,True,,3,True,huggingface
mr-electric.co.za,active_ecommerce,shopify,True,,3,True,huggingface
mr-mckenic.com,active_ecommerce,shopify,True,,3,True,huggingface
mrdiy.com.my,active_ecommerce,shopify,True,,3,True,huggingface
mrdogschristmas.com,active_ecommerce,shopify,True,,3,True,huggingface
mrmedical.com,active_ecommerce,shopify,True,,3,True,huggingface
mrone2.com,active_ecommerce,shopify,True,,3,True,huggingface
mronextday.com,active_ecommerce,shopify,True,,3,True,huggingface
mrpetsupplies.com,active_ecommerce,shopify,True,,3,True,huggingface
mrsgreenway.ca,active_ecommerce,shopify,True,,3,True,huggingface
mrsweepervacuums.com,active_ecommerce,shopify,True,,3,True,huggingface
mrtails.com,active_ecommerce,shopify,True,,3,True,huggingface
mrulab.com,active_ecommerce,shopify,True,,3,True,huggingface
ms-stinky.com,active_ecommerce,shopify,True,,3,True,huggingface
mshortyscreations.com,active_ecommerce,shopify,True,,3,True,huggingface
msmarnie.com,active_ecommerce,shopify,True,,3,True,huggingface
mspurelife.com,active_ecommerce,shopify,True,,3,True,huggingface
msquared.club,active_ecommerce,shopify,True,,3,True,huggingface
msrachel.com,active_ecommerce,shopify,True,,3,True,huggingface
mt-rsr.com,active_ecommerce,shopify,True,,3,True,huggingface
mtmt.ca,active_ecommerce,shopify,True,,3,True,huggingface
mubarakpaper.com,active_ecommerce,shopify,True,,3,True,huggingface
mubimart.com,active_ecommerce,shopify,True,,3,True,huggingface
muddydogapparel.com,active_ecommerce,shopify,True,,3,True,huggingface
mudlove.com,active_ecommerce,shopify,True,,3,True,huggingface
mugler.com,active_ecommerce,shopify,True,,3,True,huggingface
multi-soins.ca,active_ecommerce,shopify,True,,3,True,huggingface
mulwark.com,active_ecommerce,shopify,True,,3,True,huggingface
munchbird.com,active_ecommerce,shopify,True,,3,True,huggingface
munchiecat.com,active_ecommerce,shopify,True,,3,True,huggingface
muntonsbeerkits.com,active_ecommerce,shopify,True,,3,True,huggingface
murchison-hume.com,active_ecommerce,shopify,True,,3,True,huggingface
murphyandmcneil.com,active_ecommerce,shopify,True,,3,True,huggingface
musocity.com.au,active_ecommerce,shopify,True,,3,True,huggingface
muststashshop.com,active_ecommerce,shopify,True,,3,True,huggingface
muswayusa.com,active_ecommerce,shopify,True,,3,True,huggingface
musysic.com,active_ecommerce,shopify,True,,3,True,huggingface
muttofcourse.com,active_ecommerce,shopify,True,,3,True,huggingface
muttsandhounds.co.uk,active_ecommerce,shopify,True,,3,True,huggingface
mutualhardware.com,active_ecommerce,shopify,True,,3,True,huggingface
mvpsuperstore.com,active_ecommerce,shopify,True,,3,True,huggingface
myairdaddy.com,active_ecommerce,shopify,True,,3,True,huggingface
myameifu.com,active_ecommerce,shopify,True,,3,True,huggingface
myanorak.com,active_ecommerce,shopify,True,,3,True,huggingface
myaromajunction.in,active_ecommerce,shopify,True,,3,True,huggingface
mybabybabbles.com,active_ecommerce,shopify,True,,3,True,huggingface
mybakhoor.com,active_ecommerce,shopify,True,,3,True,huggingface
mybeautifulbuddha.com,active_ecommerce,shopify,True,,3,True,huggingface
mybirdkiss.com,active_ecommerce,shopify,True,,3,True,huggingface
mybirdstore.com,active_ecommerce,shopify,True,,3,True,huggingface
mycologysimplified.com,active_ecommerce,shopify,True,,3,True,huggingface
mydeye.com,active_ecommerce,shopify,True,,3,True,huggingface
mydiysigns.com,active_ecommerce,shopify,True,,3,True,huggingface
myessentia.ca,active_ecommerce,shopify,True,,3,True,huggingface
myfdv.com,active_ecommerce,shopify,True,,3,True,huggingface
myfineyarn.com,active_ecommerce,shopify,True,,3,True,huggingface
myfuzzymilky.com,active_ecommerce,shopify,True,,3,True,huggingface
mygametables.com,active_ecommerce,shopify,True,,3,True,huggingface
mygroceryfinder.com,active_ecommerce,shopify,True,,3,True,huggingface
mykivo.com,active_ecommerce,shopify,True,,3,True,huggingface
mykopeks.com,active_ecommerce,shopify,True,,3,True,huggingface
mylashstore.com.au,active_ecommerce,shopify,True,,3,True,huggingface
myleather.com,active_ecommerce,shopify,True,,3,True,huggingface
mylimelite.com,active_ecommerce,shopify,True,,3,True,huggingface
mylittlesongbird.com,active_ecommerce,shopify,True,,3,True,huggingface
mymedicaloutlet.com,active_ecommerce,shopify,True,,3,True,huggingface
mymetalrescue.com,active_ecommerce,shopify,True,,3,True,huggingface
mynandu.com,active_ecommerce,shopify,True,,3,True,huggingface
mynaturalbreeze.com,active_ecommerce,shopify,True,,3,True,huggingface
myndflo.com,active_ecommerce,shopify,True,,3,True,huggingface
mynsport.com,active_ecommerce,shopify,True,,3,True,huggingface
myolaoils.com,active_ecommerce,shopify,True,,3,True,huggingface
myoscorp.com,active_ecommerce,shopify,True,,3,True,huggingface
myotape.com,active_ecommerce,shopify,True,,3,True,huggingface
myozek.com,active_ecommerce,shopify,True,,3,True,huggingface
mypawchella.co.uk,active_ecommerce,shopify,True,,3,True,huggingface
mypetcages.com,active_ecommerce,shopify,True,,3,True,huggingface
mypetfoodcenter.com,active_ecommerce,shopify,True,,3,True,huggingface
mypetgrocer.com,active_ecommerce,shopify,True,,3,True,huggingface
mypetpantrystore.com,active_ecommerce,shopify,True,,3,True,huggingface
mypetsensitivity.com,active_ecommerce,shopify,True,,3,True,huggingface
mypetsplus.com,active_ecommerce,shopify,True,,3,True,huggingface
mypills.online,active_ecommerce,shopify,True,,3,True,huggingface
myprettybabi.com,active_ecommerce,shopify,True,,3,True,huggingface
mypupper.com.au,active_ecommerce,shopify,True,,3,True,huggingface
myrainbowpets.com.au,active_ecommerce,shopify,True,,3,True,huggingface
myshichic.com,active_ecommerce,shopify,True,,3,True,huggingface
myshoesupplies.com,active_ecommerce,shopify,True,,3,True,huggingface
myshopify.com,active_ecommerce,shopify,True,,3,True,huggingface
mysmellgoods.com,active_ecommerce,shopify,True,,3,True,huggingface
mysoulflower.love,active_ecommerce,shopify,True,,3,True,huggingface
mysoulhouse.com,active_ecommerce,shopify,True,,3,True,huggingface
myspashop.com,active_ecommerce,shopify,True,,3,True,huggingface
mysterydeals.net,active_ecommerce,shopify,True,,3,True,huggingface
mystiqueintimates.com,active_ecommerce,shopify,True,,3,True,huggingface
mytarp.com,active_ecommerce,shopify,True,,3,True,huggingface
mythaipants.com,active_ecommerce,shopify,True,,3,True,huggingface
mythandmilagro.com,active_ecommerce,shopify,True,,3,True,huggingface
mytools.co.nz,active_ecommerce,shopify,True,,3,True,huggingface
mywaterfilter.com.au,active_ecommerce,shopify,True,,3,True,huggingface
mywonderpaws.com,active_ecommerce,shopify,True,,3,True,huggingface
myyo.de,active_ecommerce,shopify,True,,3,True,huggingface
myyogaessentials.com,active_ecommerce,shopify,True,,3,True,huggingface
myyogurtsupplies.com,active_ecommerce,shopify,True,,3,True,huggingface
myzenflo.com,active_ecommerce,shopify,True,,3,True,huggingface
n-graphix.com,active_ecommerce,shopify,True,,3,True,huggingface
naeterra.com,active_ecommerce,shopify,True,,3,True,huggingface
nagbags.ca,active_ecommerce,shopify,True,,3,True,huggingface
nakamatoys.com,active_ecommerce,shopify,True,,3,True,huggingface
nakamichicaraudio.com,active_ecommerce,shopify,True,,3,True,huggingface
nakedarmor.com,active_ecommerce,shopify,True,,3,True,huggingface
nakedvice.com.au,active_ecommerce,shopify,True,,3,True,huggingface
nalalas.com,active_ecommerce,shopify,True,,3,True,huggingface
nalaspetboutique.com,active_ecommerce,shopify,True,,3,True,huggingface
namasrawfeeders.co.uk,active_ecommerce,shopify,True,,3,True,huggingface
namastayclips.com,active_ecommerce,shopify,True,,3,True,huggingface
namoetal.com,active_ecommerce,shopify,True,,3,True,huggingface
nandog.com,active_ecommerce,shopify,True,,3,True,huggingface
nanocamplus.com.au,active_ecommerce,shopify,True,,3,True,huggingface
napali-yogamats.com,active_ecommerce,shopify,True,,3,True,huggingface
napierusa.com,active_ecommerce,shopify,True,,3,True,huggingface
napkinsbymartin.com,active_ecommerce,shopify,True,,3,True,huggingface
nappadori.com,active_ecommerce,shopify,True,,3,True,huggingface
nash.tn,active_ecommerce,shopify,True,,3,True,huggingface
nassausupply.com,active_ecommerce,shopify,True,,3,True,huggingface
nation.la,active_ecommerce,shopify,True,,3,True,huggingface
nationalhardware.ca,active_ecommerce,shopify,True,,3,True,huggingface
nationsphotolab.com,active_ecommerce,shopify,True,,3,True,huggingface
nationwidescents.com,active_ecommerce,shopify,True,,3,True,huggingface
natsubeauty.com,active_ecommerce,shopify,True,,3,True,huggingface
nattynootz.com,active_ecommerce,shopify,True,,3,True,huggingface
natural.toys,active_ecommerce,shopify,True,,3,True,huggingface
naturalathleteclinic.com,active_ecommerce,shopify,True,,3,True,huggingface
naturalcalm.co.uk,active_ecommerce,shopify,True,,3,True,huggingface
naturalinstinct.com,active_ecommerce,shopify,True,,3,True,huggingface
naturallyunleashed.com,active_ecommerce,shopify,True,,3,True,huggingface
naturallyyou.ca,active_ecommerce,shopify,True,,3,True,huggingface
naturalpaw.pet,active_ecommerce,shopify,True,,3,True,huggingface
naturalpet.shop,active_ecommerce,shopify,True,,3,True,huggingface
naturalradiantlife.com,active_ecommerce,shopify,True,,3,True,huggingface
naturals-of-eden.com,active_ecommerce,shopify,True,,3,True,huggingface
naturalsolutions.co.nz,active_ecommerce,shopify,True,,3,True,huggingface
naturalzebra.com,active_ecommerce,shopify,True,,3,True,huggingface
naturaselection.com,active_ecommerce,shopify,True,,3,True,huggingface
nature-anywhere.com,active_ecommerce,shopify,True,,3,True,huggingface
nature-cide.com,active_ecommerce,shopify,True,,3,True,huggingface
natureandthought.com,active_ecommerce,shopify,True,,3,True,huggingface
natureaquariums.com.au,active_ecommerce,shopify,True,,3,True,huggingface
naturebeewraps.ca,active_ecommerce,shopify,True,,3,True,huggingface
naturechest.com,active_ecommerce,shopify,True,,3,True,huggingface
naturereliance.org,active_ecommerce,shopify,True,,3,True,huggingface
naturesgrub.co.uk,active_ecommerce,shopify,True,,3,True,huggingface
natureshugpetfood.com,active_ecommerce,shopify,True,,3,True,huggingface
naturesjeannie.com,active_ecommerce,shopify,True,,3,True,huggingface
naturesnibbles.com,active_ecommerce,shopify,True,,3,True,huggingface
naturespy.org,active_ecommerce,shopify,True,,3,True,huggingface
naturestouchnurseryandharvest.store,active_ecommerce,shopify,True,,3,True,huggingface
natureswaybirds.com,active_ecommerce,shopify,True,,3,True,huggingface
naturopetfoods.com,active_ecommerce,shopify,True,,3,True,huggingface
naughtyflorals.com,active_ecommerce,shopify,True,,3,True,huggingface
nauticaldecorandgifts.com,active_ecommerce,shopify,True,,3,True,huggingface
nautidoghandmade.com,active_ecommerce,shopify,True,,3,True,huggingface
nautos-usa.com,active_ecommerce,shopify,True,,3,True,huggingface
naviika.in,active_ecommerce,shopify,True,,3,True,huggingface
navitoworld.com,active_ecommerce,shopify,True,,3,True,huggingface
nazarianfreres.com,active_ecommerce,shopify,True,,3,True,huggingface
nbbt.org.au,active_ecommerce,shopify,True,,3,True,huggingface
ncfeederssupply.com,active_ecommerce,shopify,True,,3,True,huggingface
ncweight.com,active_ecommerce,shopify,True,,3,True,huggingface
ndkarchery.com,active_ecommerce,shopify,True,,3,True,huggingface
nearlyou.com,active_ecommerce,shopify,True,,3,True,huggingface
neastcomponents.com,active_ecommerce,shopify,True,,3,True,huggingface
necesera.com,active_ecommerce,shopify,True,,3,True,huggingface
necessarysecrets.com,active_ecommerce,shopify,True,,3,True,huggingface
nectarcreations.com,active_ecommerce,shopify,True,,3,True,huggingface
needlesnpinsyarnshoppe.com,active_ecommerce,shopify,True,,3,True,huggingface
needlesupply.com,active_ecommerce,shopify,True,,3,True,huggingface
needlewalktattoo.com,active_ecommerce,shopify,True,,3,True,huggingface
nefficar.com,active_ecommerce,shopify,True,,3,True,huggingface
neidhal.com,active_ecommerce,shopify,True,,3,True,huggingface
neiljouproductions.com,active_ecommerce,shopify,True,,3,True,huggingface
nembriniaudio.com,active_ecommerce,shopify,True,,3,True,huggingface
nemesis-very-bad-people.com,active_ecommerce,shopify,True,,3,True,huggingface
nenya.online,active_ecommerce,shopify,True,,3,True,huggingface
neoeco-airbrush.com,active_ecommerce,shopify,True,,3,True,huggingface
neofaa.com,active_ecommerce,shopify,True,,3,True,huggingface
neonsales.co.za,active_ecommerce,shopify,True,,3,True,huggingface
neosonic.com,active_ecommerce,shopify,True,,3,True,huggingface
neoteck.cn,active_ecommerce,shopify,True,,3,True,huggingface
neoyogamats.com,active_ecommerce,shopify,True,,3,True,huggingface
nepeanmusic.com.au,active_ecommerce,shopify,True,,3,True,huggingface
neptunefeeds.com,active_ecommerce,shopify,True,,3,True,huggingface
nerdurbanity.com,active_ecommerce,shopify,True,,3,True,huggingface
nescopeckagway.com,active_ecommerce,shopify,True,,3,True,huggingface
nestasia.in,active_ecommerce,shopify,True,,3,True,huggingface
nestbloom.us,active_ecommerce,shopify,True,,3,True,huggingface
nestera.co.uk,active_ecommerce,shopify,True,,3,True,huggingface
nestingshomedecor.com,active_ecommerce,shopify,True,,3,True,huggingface
neststyleanddesign.com,active_ecommerce,shopify,True,,3,True,huggingface
nestyboxes.com.au,active_ecommerce,shopify,True,,3,True,huggingface
neswwaxco.com,active_ecommerce,shopify,True,,3,True,huggingface
netverslundspg.is,active_ecommerce,shopify,True,,3,True,huggingface
neueve.com,active_ecommerce,shopify,True,,3,True,huggingface
neumeestore.com,active_ecommerce,shopify,True,,3,True,huggingface
nevelandgear.com,active_ecommerce,shopify,True,,3,True,huggingface
neverbuyanotherfilter.com,active_ecommerce,shopify,True,,3,True,huggingface
neverthelessscreenprintingsupplies.com,active_ecommerce,shopify,True,,3,True,huggingface
newbreedpb.com,active_ecommerce,shopify,True,,3,True,huggingface
newcastleknights.com.au,active_ecommerce,shopify,True,,3,True,huggingface
newcreationapparel.com,active_ecommerce,shopify,True,,3,True,huggingface
newhousespecialty.com,active_ecommerce,shopify,True,,3,True,huggingface
newimagelabs.com,active_ecommerce,shopify,True,,3,True,huggingface
newmanfarm.com,active_ecommerce,shopify,True,,3,True,huggingface
newportknits.com,active_ecommerce,shopify,True,,3,True,huggingface
newstarenvironmental.com,active_ecommerce,shopify,True,,3,True,huggingface
nexarina.com,active_ecommerce,shopify,True,,3,True,huggingface
nexigo.com,active_ecommerce,shopify,True,,3,True,huggingface
nextdoughneighbor.com,active_ecommerce,shopify,True,,3,True,huggingface
nextlevelsupplies.com,active_ecommerce,shopify,True,,3,True,huggingface
nextoolstore.com,active_ecommerce,shopify,True,,3,True,huggingface
nexusjacketsco.com,active_ecommerce,shopify,True,,3,True,huggingface
nhicenter.com,active_ecommerce,shopify,True,,3,True,huggingface
nibbsclub.com,active_ecommerce,shopify,True,,3,True,huggingface
nicatrends.com,active_ecommerce,shopify,True,,3,True,huggingface
nicedigs.com.au,active_ecommerce,shopify,True,,3,True,huggingface
nichtnurrasierer.de,active_ecommerce,shopify,True,,3,True,huggingface
nickhobbies.com,active_ecommerce,shopify,True,,3,True,huggingface
nickscs.com,active_ecommerce,shopify,True,,3,True,huggingface
nickspro.nyc,active_ecommerce,shopify,True,,3,True,huggingface
nicolettemayer.com,active_ecommerce,shopify,True,,3,True,huggingface
niconeco.com,active_ecommerce,shopify,True,,3,True,huggingface
nideku.in,active_ecommerce,shopify,True,,3,True,huggingface
nidraa.in,active_ecommerce,shopify,True,,3,True,huggingface
nielsenspecialtyammo.com,active_ecommerce,shopify,True,,3,True,huggingface
niftypackage.co,active_ecommerce,shopify,True,,3,True,huggingface
nightkitsuneofficial.com,active_ecommerce,shopify,True,,3,True,huggingface
nightmaretoys.com,active_ecommerce,shopify,True,,3,True,huggingface
nightneed.com,active_ecommerce,shopify,True,,3,True,huggingface
nikcatcher.com,active_ecommerce,shopify,True,,3,True,huggingface
nikkis.co.za,active_ecommerce,shopify,True,,3,True,huggingface
nikura.com,active_ecommerce,shopify,True,,3,True,huggingface
nilight.com,active_ecommerce,shopify,True,,3,True,huggingface
ninasflyingneedle.com,active_ecommerce,shopify,True,,3,True,huggingface
ninawoof.com,active_ecommerce,shopify,True,,3,True,huggingface
ninelineapparel.com,active_ecommerce,shopify,True,,3,True,huggingface
ninjacatstoyfactory.com,active_ecommerce,shopify,True,,3,True,huggingface
ninjaprintondemand.com,active_ecommerce,shopify,True,,3,True,huggingface
niopetshop.com,active_ecommerce,shopify,True,,3,True,huggingface
nishatlinenuae.com,active_ecommerce,shopify,True,,3,True,huggingface
nishhair.com,active_ecommerce,shopify,True,,3,True,huggingface
nispira.com,active_ecommerce,shopify,True,,3,True,huggingface
niteangelpet.ca,active_ecommerce,shopify,True,,3,True,huggingface
nitrocomics.shop,active_ecommerce,shopify,True,,3,True,huggingface
nitti.co.nz,active_ecommerce,shopify,True,,3,True,huggingface
nittonsports.com,active_ecommerce,shopify,True,,3,True,huggingface
nivisgear.com,active_ecommerce,shopify,True,,3,True,huggingface
nixhomecenter.com,active_ecommerce,shopify,True,,3,True,huggingface
nixon-dce.com,active_ecommerce,shopify,True,,3,True,huggingface
njeffersonltd.com,active_ecommerce,shopify,True,,3,True,huggingface
nlpbrochure.com,active_ecommerce,shopify,True,,3,True,huggingface
nnyeo.com,active_ecommerce,shopify,True,,3,True,huggingface
noahandpaw.com,active_ecommerce,shopify,True,,3,True,huggingface
noahsarkpetshopmacon.com,active_ecommerce,shopify,True,,3,True,huggingface
noahsupply.com,active_ecommerce,shopify,True,,3,True,huggingface
nobaanimal.com,active_ecommerce,shopify,True,,3,True,huggingface
nobhvr.com,active_ecommerce,shopify,True,,3,True,huggingface
nobleappliances.com,active_ecommerce,shopify,True,,3,True,huggingface
noblemount.com,active_ecommerce,shopify,True,,3,True,huggingface
noblepets.co.uk,active_ecommerce,shopify,True,,3,True,huggingface
noblfoods.com,active_ecommerce,shopify,True,,3,True,huggingface
nobodysprincess.com.au,active_ecommerce,shopify,True,,3,True,huggingface
nocciolatoys.com,active_ecommerce,shopify,True,,3,True,huggingface
nocoastbeer.co,active_ecommerce,shopify,True,,3,True,huggingface
nocsdesign.com,active_ecommerce,shopify,True,,3,True,huggingface
noelledass.com,active_ecommerce,shopify,True,,3,True,huggingface
nohocandleco.com,active_ecommerce,shopify,True,,3,True,huggingface
noir-store.co.uk,active_ecommerce,shopify,True,,3,True,huggingface
nokaorganics.com,active_ecommerce,shopify,True,,3,True,huggingface
nolacreatesco.com,active_ecommerce,shopify,True,,3,True,huggingface
nomadthelabel.com,active_ecommerce,shopify,True,,3,True,huggingface
nomadthelabel.com.au,active_ecommerce,shopify,True,,3,True,huggingface
nomorebeard.com,active_ecommerce,shopify,True,,3,True,huggingface
nomosmartcare.com,active_ecommerce,shopify,True,,3,True,huggingface
nonameltd.com,active_ecommerce,shopify,True,,3,True,huggingface
nontre.co,active_ecommerce,shopify,True,,3,True,huggingface
noo.ma,active_ecommerce,shopify,True,,3,True,huggingface
nooeepet.com,active_ecommerce,shopify,True,,3,True,huggingface
nordecks.com,active_ecommerce,shopify,True,,3,True,huggingface
nordichidecollection.co.uk,active_ecommerce,shopify,True,,3,True,huggingface
nordicpeace.com,active_ecommerce,shopify,True,,3,True,huggingface
norrisnuts.shop,active_ecommerce,shopify,True,,3,True,huggingface
norsat.com,active_ecommerce,shopify,True,,3,True,huggingface
northamericasupply.com,active_ecommerce,shopify,True,,3,True,huggingface
northbayequipment.com,active_ecommerce,shopify,True,,3,True,huggingface
northboundgear.co,active_ecommerce,shopify,True,,3,True,huggingface
northcarolinabirdsupply.com,active_ecommerce,shopify,True,,3,True,huggingface
northeastpetshop.co.uk,active_ecommerce,shopify,True,,3,True,huggingface
northernbolt.co.za,active_ecommerce,shopify,True,,3,True,huggingface
northernbrewer.com,active_ecommerce,shopify,True,,3,True,huggingface
northernlivestocksupplies.com.au,active_ecommerce,shopify,True,,3,True,huggingface
northernyarn.co.uk,active_ecommerce,shopify,True,,3,True,huggingface
northgeorgiahomestead.com,active_ecommerce,shopify,True,,3,True,huggingface
northlandwholesale.com,active_ecommerce,shopify,True,,3,True,huggingface
northsidematerialbrokers.com,active_ecommerce,shopify,True,,3,True,huggingface
northstatesigns.com,active_ecommerce,shopify,True,,3,True,huggingface
notjustbras.com.au,active_ecommerce,shopify,True,,3,True,huggingface
notsokitty.com,active_ecommerce,shopify,True,,3,True,huggingface
nottinghambazaar.co.uk,active_ecommerce,shopify,True,,3,True,huggingface
nourdentalsupply.com,active_ecommerce,shopify,True,,3,True,huggingface
nourishpetcare.com,active_ecommerce,shopify,True,,3,True,huggingface
nourishtheory.com,active_ecommerce,shopify,True,,3,True,huggingface
noursefarms.com,active_ecommerce,shopify,True,,3,True,huggingface
novawoolf.com,active_ecommerce,shopify,True,,3,True,huggingface
noveltycomputech.com,active_ecommerce,shopify,True,,3,True,huggingface
novita.com.sg,active_ecommerce,shopify,True,,3,True,huggingface
nowandthengunsnstuff.com,active_ecommerce,shopify,True,,3,True,huggingface
npeal.com,active_ecommerce,shopify,True,,3,True,huggingface
npower.com.vn,active_ecommerce,shopify,True,,3,True,huggingface
nrgplus.co.nz,active_ecommerce,shopify,True,,3,True,huggingface
nsogear.com,active_ecommerce,shopify,True,,3,True,huggingface
nu-denmark.com,active_ecommerce,shopify,True,,3,True,huggingface
nudiepatooties.com,active_ecommerce,shopify,True,,3,True,huggingface
nuggles.us,active_ecommerce,shopify,True,,3,True,huggingface
numic.in,active_ecommerce,shopify,True,,3,True,huggingface
nuopets.com,active_ecommerce,shopify,True,,3,True,huggingface
nupetfooddelivery.com,active_ecommerce,shopify,True,,3,True,huggingface
nureh.pk,active_ecommerce,shopify,True,,3,True,huggingface
nurserystickers.co,active_ecommerce,shopify,True,,3,True,huggingface
nurshop.ca,active_ecommerce,shopify,True,,3,True,huggingface
nurturepet.com,active_ecommerce,shopify,True,,3,True,huggingface
nurx.com,active_ecommerce,shopify,True,,3,True,huggingface
nutrientfarm.com,active_ecommerce,shopify,True,,3,True,huggingface
nutriment.co.uk,active_ecommerce,shopify,True,,3,True,huggingface
nutripetpak.com,active_ecommerce,shopify,True,,3,True,huggingface
nutriteam.com,active_ecommerce,shopify,True,,3,True,huggingface
nuttydelights.ie,active_ecommerce,shopify,True,,3,True,huggingface
nutwinee.com,active_ecommerce,shopify,True,,3,True,huggingface
nuveraproducts.com,active_ecommerce,shopify,True,,3,True,huggingface
nuwavenow.com,active_ecommerce,shopify,True,,3,True,huggingface
nuwayag.com,active_ecommerce,shopify,True,,3,True,huggingface
nwalpine.com,active_ecommerce,shopify,True,,3,True,huggingface
nyteez.store,active_ecommerce,shopify,True,,3,True,huggingface
nzcelines.co.nz,active_ecommerce,shopify,True,,3,True,huggingface
o3adhesives.co.uk,active_ecommerce,shopify,True,,3,True,huggingface
o3pure.com,active_ecommerce,shopify,True,,3,True,huggingface
oak-reed.com,active_ecommerce,shopify,True,,3,True,huggingface
oakandfort.ca,active_ecommerce,shopify,True,,3,True,huggingface
oakcityfibers.com,active_ecommerce,shopify,True,,3,True,huggingface
oakcreektrading.com,active_ecommerce,shopify,True,,3,True,huggingface
oakmagazine.com.au,active_ecommerce,shopify,True,,3,True,huggingface
oakodenmark.dk,active_ecommerce,shopify,True,,3,True,huggingface
oaleathersupply.com,active_ecommerce,shopify,True,,3,True,huggingface
oatoftheordinary.com,active_ecommerce,shopify,True,,3,True,huggingface
obaby.in,active_ecommerce,shopify,True,,3,True,huggingface
obiesbsfl.com,active_ecommerce,shopify,True,,3,True,huggingface
obsessedgarage.com,active_ecommerce,shopify,True,,3,True,huggingface
obvstudio.co.uk,active_ecommerce,shopify,True,,3,True,huggingface
ocatnip.com,active_ecommerce,shopify,True,,3,True,huggingface
oceaclean.com,active_ecommerce,shopify,True,,3,True,huggingface
oceandevotionla.com,active_ecommerce,shopify,True,,3,True,huggingface
oceansidesupply.com,active_ecommerce,shopify,True,,3,True,huggingface
oceansmalls.com,active_ecommerce,shopify,True,,3,True,huggingface
ochara.com,active_ecommerce,shopify,True,,3,True,huggingface
ocs.ca,active_ecommerce,shopify,True,,3,True,huggingface
octave.co.in,active_ecommerce,shopify,True,,3,True,huggingface
oddbirdgifts.com,active_ecommerce,shopify,True,,3,True,huggingface
oddowls.net,active_ecommerce,shopify,True,,3,True,huggingface
odtko.com,active_ecommerce,shopify,True,,3,True,huggingface
oeshop.co.uk,active_ecommerce,shopify,True,,3,True,huggingface
offduty.in,active_ecommerce,shopify,True,,3,True,huggingface
office360.co.nz,active_ecommerce,shopify,True,,3,True,huggingface
officecentre.co.nz,active_ecommerce,shopify,True,,3,True,huggingface
officechase.com,active_ecommerce,shopify,True,,3,True,huggingface
offyachops.com.au,active_ecommerce,shopify,True,,3,True,huggingface
ofintention.com,active_ecommerce,shopify,True,,3,True,huggingface
ofuure.com,active_ecommerce,shopify,True,,3,True,huggingface
ohcanine.com,active_ecommerce,shopify,True,,3,True,huggingface
ohdeardolly.com,active_ecommerce,shopify,True,,3,True,huggingface
ohdis.com,active_ecommerce,shopify,True,,3,True,huggingface
ohgatcha.com,active_ecommerce,shopify,True,,3,True,huggingface
ohmazingfood.com,active_ecommerce,shopify,True,,3,True,huggingface
ohmkat.com,active_ecommerce,shopify,True,,3,True,huggingface
ohmopet.com,active_ecommerce,shopify,True,,3,True,huggingface
ohmygoodness.co,active_ecommerce,shopify,True,,3,True,huggingface
ohsochicdesigns.com,active_ecommerce,shopify,True,,3,True,huggingface
ohzuza.com,active_ecommerce,shopify,True,,3,True,huggingface
oilbaron.com.au,active_ecommerce,shopify,True,,3,True,huggingface
oilsunkut.com,active_ecommerce,shopify,True,,3,True,huggingface
oimmal.com,active_ecommerce,shopify,True,,3,True,huggingface
oionair.com,active_ecommerce,shopify,True,,3,True,huggingface
okashasmart.com,active_ecommerce,shopify,True,,3,True,huggingface
okplife.com,active_ecommerce,shopify,True,,3,True,huggingface
olaben.com,active_ecommerce,shopify,True,,3,True,huggingface
olaproducts.co.nz,active_ecommerce,shopify,True,,3,True,huggingface
oldachonline.com,active_ecommerce,shopify,True,,3,True,huggingface
oldalewholesale.org,active_ecommerce,shopify,True,,3,True,huggingface
oldetymecommissary.com,active_ecommerce,shopify,True,,3,True,huggingface
oldstatefarms.com,active_ecommerce,shopify,True,,3,True,huggingface
oldtowncountrystore.com,active_ecommerce,shopify,True,,3,True,huggingface
olefia.com,active_ecommerce,shopify,True,,3,True,huggingface
oleiaoil.com,active_ecommerce,shopify,True,,3,True,huggingface
olenstechnology.com,active_ecommerce,shopify,True,,3,True,huggingface
oliveplanet.in,active_ecommerce,shopify,True,,3,True,huggingface
olivewoodbrewing.com,active_ecommerce,shopify,True,,3,True,huggingface
oliviapaisley.com,active_ecommerce,shopify,True,,3,True,huggingface
oliviarocco.com,active_ecommerce,shopify,True,,3,True,huggingface
ollari.com,active_ecommerce,shopify,True,,3,True,huggingface
olliebowls.com,active_ecommerce,shopify,True,,3,True,huggingface
ollilypaperware.com,active_ecommerce,shopify,True,,3,True,huggingface
olmiya.com,active_ecommerce,shopify,True,,3,True,huggingface
olovesm.com,active_ecommerce,shopify,True,,3,True,huggingface
olsatools.com,active_ecommerce,shopify,True,,3,True,huggingface
oly4x4.com,active_ecommerce,shopify,True,,3,True,huggingface
om-ya.de,active_ecommerce,shopify,True,,3,True,huggingface
omandahlondon.com,active_ecommerce,shopify,True,,3,True,huggingface
ombreyoga.com,active_ecommerce,shopify,True,,3,True,huggingface
omgoing.com,active_ecommerce,shopify,True,,3,True,huggingface
omnicleanair.com,active_ecommerce,shopify,True,,3,True,huggingface
omnigroup.com.au,active_ecommerce,shopify,True,,3,True,huggingface
omnimestore.com,active_ecommerce,shopify,True,,3,True,huggingface
omorograwpetfood.com,active_ecommerce,shopify,True,,3,True,huggingface
on.ae,active_ecommerce,shopify,True,,3,True,huggingface
onallpawz.com,active_ecommerce,shopify,True,,3,True,huggingface
oncodermlabs.com,active_ecommerce,shopify,True,,3,True,huggingface
ondeckshoponline.com,active_ecommerce,shopify,True,,3,True,huggingface
onebeastgarage.net,active_ecommerce,shopify,True,,3,True,huggingface
onecheq.co.nz,active_ecommerce,shopify,True,,3,True,huggingface
onedles.com,active_ecommerce,shopify,True,,3,True,huggingface
onedowndog.com,active_ecommerce,shopify,True,,3,True,huggingface
onefortythree.com,active_ecommerce,shopify,True,,3,True,huggingface
onegreyday.com,active_ecommerce,shopify,True,,3,True,huggingface
oneill.com,active_ecommerce,shopify,True,,3,True,huggingface
onemarketplace.scot,active_ecommerce,shopify,True,,3,True,huggingface
onemedcares.com,active_ecommerce,shopify,True,,3,True,huggingface
onemilethelabel.com,active_ecommerce,shopify,True,,3,True,huggingface
onemilkagent.com,active_ecommerce,shopify,True,,3,True,huggingface
oneodio.com,active_ecommerce,shopify,True,,3,True,huggingface
oneofakindskin.com.au,active_ecommerce,shopify,True,,3,True,huggingface
oneractive.com,active_ecommerce,shopify,True,,3,True,huggingface
onestopcleaningsupplies.com,active_ecommerce,shopify,True,,3,True,huggingface
onestopsupplyco.com,active_ecommerce,shopify,True,,3,True,huggingface
onestrangebird.com,active_ecommerce,shopify,True,,3,True,huggingface
onetactics.ca,active_ecommerce,shopify,True,,3,True,huggingface
oneteamsports.com,active_ecommerce,shopify,True,,3,True,huggingface
onetigris.com,active_ecommerce,shopify,True,,3,True,huggingface
onetoystore.com,active_ecommerce,shopify,True,,3,True,huggingface
onevantool.com,active_ecommerce,shopify,True,,3,True,huggingface
onika-knitwear.com,active_ecommerce,shopify,True,,3,True,huggingface
onipax-shop.com,active_ecommerce,shopify,True,,3,True,huggingface
online-pharmacy4u.co.uk,active_ecommerce,shopify,True,,3,True,huggingface
onlinepharmacy.ie,active_ecommerce,shopify,True,,3,True,huggingface
onlinervsupply.com,active_ecommerce,shopify,True,,3,True,huggingface
onlinevetstore.co.nz,active_ecommerce,shopify,True,,3,True,huggingface
onlymat.com,active_ecommerce,shopify,True,,3,True,huggingface
onlyscrews.in,active_ecommerce,shopify,True,,3,True,huggingface
onlyyogavibes.shop,active_ecommerce,shopify,True,,3,True,huggingface
onpaper.com,active_ecommerce,shopify,True,,3,True,huggingface
onpoint.plus,active_ecommerce,shopify,True,,3,True,huggingface
onthegobb.com,active_ecommerce,shopify,True,,3,True,huggingface
ontheround.com,active_ecommerce,shopify,True,,3,True,huggingface
oonalfie.com,active_ecommerce,shopify,True,,3,True,huggingface
oops-pet.com,active_ecommerce,shopify,True,,3,True,huggingface
oosafe.com,active_ecommerce,shopify,True,,3,True,huggingface
opencutoffgrid.com.au,active_ecommerce,shopify,True,,3,True,huggingface
openmind2animals.com,active_ecommerce,shopify,True,,3,True,huggingface
operabound.com,active_ecommerce,shopify,True,,3,True,huggingface
opforairsoft.com,active_ecommerce,shopify,True,,3,True,huggingface
opiesdoggietreats.com,active_ecommerce,shopify,True,,3,True,huggingface
ople.com.au,active_ecommerce,shopify,True,,3,True,huggingface
optilab.com,active_ecommerce,shopify,True,,3,True,huggingface
optimal-selection.com,active_ecommerce,shopify,True,,3,True,huggingface
opulencehtx.com,active_ecommerce,shopify,True,,3,True,huggingface
opulenceofsouthernpines.com,active_ecommerce,shopify,True,,3,True,huggingface
opusartsupplies.com,active_ecommerce,shopify,True,,3,True,huggingface
opuslivewell.com,active_ecommerce,shopify,True,,3,True,huggingface
opux.co.uk,active_ecommerce,shopify,True,,3,True,huggingface
oqq.com,active_ecommerce,shopify,True,,3,True,huggingface
orage.com,active_ecommerce,shopify,True,,3,True,huggingface
oraimo.com,active_ecommerce,shopify,True,,3,True,huggingface
orangahealth.com,active_ecommerce,shopify,True,,3,True,huggingface
orangehouseglobal.com,active_ecommerce,shopify,True,,3,True,huggingface
orangeottertoystore.com,active_ecommerce,shopify,True,,3,True,huggingface
orangetargetammo.net,active_ecommerce,shopify,True,,3,True,huggingface
orbaudio.com,active_ecommerce,shopify,True,,3,True,huggingface
orbitdvd.com,active_ecommerce,shopify,True,,3,True,huggingface
orcatacticalgear.com,active_ecommerce,shopify,True,,3,True,huggingface
orchardcountrystore.com,active_ecommerce,shopify,True,,3,True,huggingface
orchardmoon.com,active_ecommerce,shopify,True,,3,True,huggingface
orchardstreetapparel.com,active_ecommerce,shopify,True,,3,True,huggingface
ordersmarts.com,active_ecommerce,shopify,True,,3,True,huggingface
oregonizedbrewing.com,active_ecommerce,shopify,True,,3,True,huggingface
organiccrew.com.au,active_ecommerce,shopify,True,,3,True,huggingface
organicpetboutique.com,active_ecommerce,shopify,True,,3,True,huggingface
organisedstore.ie,active_ecommerce,shopify,True,,3,True,huggingface
organizedobie.com,active_ecommerce,shopify,True,,3,True,huggingface
orgatexuk.co.uk,active_ecommerce,shopify,True,,3,True,huggingface
oribags.com,active_ecommerce,shopify,True,,3,True,huggingface
oricom.com.au,active_ecommerce,shopify,True,,3,True,huggingface
orient.com.pk,active_ecommerce,shopify,True,,3,True,huggingface
orientelectric.com,active_ecommerce,shopify,True,,3,True,huggingface
originallife.net,active_ecommerce,shopify,True,,3,True,huggingface
originalrepairparts.com,active_ecommerce,shopify,True,,3,True,huggingface
originone.in,active_ecommerce,shopify,True,,3,True,huggingface
orlandocoffeeroasters.com,active_ecommerce,shopify,True,,3,True,huggingface
ornotbike.com,active_ecommerce,shopify,True,,3,True,huggingface
ororo.com,active_ecommerce,shopify,True,,3,True,huggingface
orosapparel.com,active_ecommerce,shopify,True,,3,True,huggingface
orsda.com,active_ecommerce,shopify,True,,3,True,huggingface
ortfarms.com,active_ecommerce,shopify,True,,3,True,huggingface
oscaretplume.com,active_ecommerce,shopify,True,,3,True,huggingface
oscarnewman.com,active_ecommerce,shopify,True,,3,True,huggingface
oscillot.eu,active_ecommerce,shopify,True,,3,True,huggingface
osewaya.jp,active_ecommerce,shopify,True,,3,True,huggingface
oshgoshkalash.com,active_ecommerce,shopify,True,,3,True,huggingface
osktools.com,active_ecommerce,shopify,True,,3,True,huggingface
ostomycaresupply.com,active_ecommerce,shopify,True,,3,True,huggingface
osullivanspharmacy.ie,active_ecommerce,shopify,True,,3,True,huggingface
otakuhobbitoysph.com,active_ecommerce,shopify,True,,3,True,huggingface
otakuhouse.com,active_ecommerce,shopify,True,,3,True,huggingface
otarapack.com,active_ecommerce,shopify,True,,3,True,huggingface
otcrx4u.com,active_ecommerce,shopify,True,,3,True,huggingface
otsportszone.com,active_ecommerce,shopify,True,,3,True,huggingface
ottofinn.com,active_ecommerce,shopify,True,,3,True,huggingface
ourfarmstore.ca,active_ecommerce,shopify,True,,3,True,huggingface
ourkidsasd.com,active_ecommerce,shopify,True,,3,True,huggingface
ourkingsandqueensnitrilegloves.com,active_ecommerce,shopify,True,,3,True,huggingface
ourtuscanfarm.com,active_ecommerce,shopify,True,,3,True,huggingface
outdoorconnection.com.au,active_ecommerce,shopify,True,,3,True,huggingface
outdoorresearch.com,active_ecommerce,shopify,True,,3,True,huggingface
outdoorshopventure.com,active_ecommerce,shopify,True,,3,True,huggingface
outerrimcollectibles.com,active_ecommerce,shopify,True,,3,True,huggingface
outfitters.ca,active_ecommerce,shopify,True,,3,True,huggingface
outlawcaraudio.com,active_ecommerce,shopify,True,,3,True,huggingface
ovalair.com,active_ecommerce,shopify,True,,3,True,huggingface
overlandchef.com,active_ecommerce,shopify,True,,3,True,huggingface
overtake.au,active_ecommerce,shopify,True,,3,True,huggingface
overthinkerapparel.com,active_ecommerce,shopify,True,,3,True,huggingface
owlcitymusic.com,active_ecommerce,shopify,True,,3,True,huggingface
oxburywarehouse.com,active_ecommerce,shopify,True,,3,True,huggingface
oxiceutics.com,active_ecommerce,shopify,True,,3,True,huggingface
oxknit.com,active_ecommerce,shopify,True,,3,True,huggingface
oxygenplusmedical.com,active_ecommerce,shopify,True,,3,True,huggingface
oxygenyogaandfitness.com,active_ecommerce,shopify,True,,3,True,huggingface
ozdingo.com.au,active_ecommerce,shopify,True,,3,True,huggingface
ozgoodsdepot.com.au,active_ecommerce,shopify,True,,3,True,huggingface
ozhack.com,active_ecommerce,shopify,True,,3,True,huggingface
ozjimny.com,active_ecommerce,shopify,True,,3,True,huggingface
ozmedical.com,active_ecommerce,shopify,True,,3,True,huggingface
ozo-dry.com,active_ecommerce,shopify,True,,3,True,huggingface
ozziecollectables.com,active_ecommerce,shopify,True,,3,True,huggingface
pabck.com,active_ecommerce,shopify,True,,3,True,huggingface
pabloandco.net,active_ecommerce,shopify,True,,3,True,huggingface
pabloandluna.com,active_ecommerce,shopify,True,,3,True,huggingface
paceathletic.com,active_ecommerce,shopify,True,,3,True,huggingface
pacificcoastavionics.com,active_ecommerce,shopify,True,,3,True,huggingface
pacificpowertools.com,active_ecommerce,shopify,True,,3,True,huggingface
pacifictouchnyc.com,active_ecommerce,shopify,True,,3,True,huggingface
packagingexpress.com,active_ecommerce,shopify,True,,3,True,huggingface
packanewly.com,active_ecommerce,shopify,True,,3,True,huggingface
packedparty.com,active_ecommerce,shopify,True,,3,True,huggingface
packeverything.com.sg,active_ecommerce,shopify,True,,3,True,huggingface
packgenie.co.uk,active_ecommerce,shopify,True,,3,True,huggingface
packingtonfreerange.co.uk,active_ecommerce,shopify,True,,3,True,huggingface
packink.co,active_ecommerce,shopify,True,,3,True,huggingface
packit.pk,active_ecommerce,shopify,True,,3,True,huggingface
packman.sg,active_ecommerce,shopify,True,,3,True,huggingface
packsmith.in,active_ecommerce,shopify,True,,3,True,huggingface
packthismeal.com,active_ecommerce,shopify,True,,3,True,huggingface
packturtle.com,active_ecommerce,shopify,True,,3,True,huggingface
pagerie.com,active_ecommerce,shopify,True,,3,True,huggingface
pagoyoga.com,active_ecommerce,shopify,True,,3,True,huggingface
pahitice.com,active_ecommerce,shopify,True,,3,True,huggingface
paigescrochet.com.au,active_ecommerce,shopify,True,,3,True,huggingface
paintballshop.co.nz,active_ecommerce,shopify,True,,3,True,huggingface
paintballwizard.com,active_ecommerce,shopify,True,,3,True,huggingface
paintedpawstudio.com,active_ecommerce,shopify,True,,3,True,huggingface
paintedreptile.com,active_ecommerce,shopify,True,,3,True,huggingface
pairaydental.com,active_ecommerce,shopify,True,,3,True,huggingface
paizlie.com,active_ecommerce,shopify,True,,3,True,huggingface
pajamascanada.ca,active_ecommerce,shopify,True,,3,True,huggingface
pajar.com,active_ecommerce,shopify,True,,3,True,huggingface
pakarin.com,active_ecommerce,shopify,True,,3,True,huggingface
pakenhammusic.com.au,active_ecommerce,shopify,True,,3,True,huggingface
pakurangapharmacy.co.nz,active_ecommerce,shopify,True,,3,True,huggingface
palaceimportsinc.com,active_ecommerce,shopify,True,,3,True,huggingface
paladinairsoft.com,active_ecommerce,shopify,True,,3,True,huggingface
paleonola.com,active_ecommerce,shopify,True,,3,True,huggingface
palmac.net,active_ecommerce,shopify,True,,3,True,huggingface
palmeryarnco.com,active_ecommerce,shopify,True,,3,True,huggingface
palmwavehi.com,active_ecommerce,shopify,True,,3,True,huggingface
palomauk.com,active_ecommerce,shopify,True,,3,True,huggingface
palomawool.com,active_ecommerce,shopify,True,,3,True,huggingface
pambranchdesigns.com,active_ecommerce,shopify,True,,3,True,huggingface
panachecyclewear.com,active_ecommerce,shopify,True,,3,True,huggingface
panacheeza.com,active_ecommerce,shopify,True,,3,True,huggingface
panamaammunitioncoffee.com,active_ecommerce,shopify,True,,3,True,huggingface
pand.co,active_ecommerce,shopify,True,,3,True,huggingface
pandahearing.com,active_ecommerce,shopify,True,,3,True,huggingface
pandahobby.ca,active_ecommerce,shopify,True,,3,True,huggingface
pandayarns.ca,active_ecommerce,shopify,True,,3,True,huggingface
pandiondirect.com,active_ecommerce,shopify,True,,3,True,huggingface
pangeareptile.com,active_ecommerce,shopify,True,,3,True,huggingface
panhandleslim.com,active_ecommerce,shopify,True,,3,True,huggingface
papaginofoods.com,active_ecommerce,shopify,True,,3,True,huggingface
papemelroti.com,active_ecommerce,shopify,True,,3,True,huggingface
paper-anchor.com,active_ecommerce,shopify,True,,3,True,huggingface
paperandgrace.com,active_ecommerce,shopify,True,,3,True,huggingface
paperandpearl.com,active_ecommerce,shopify,True,,3,True,huggingface
paperandplastic.net,active_ecommerce,shopify,True,,3,True,huggingface
paperbloom.com,active_ecommerce,shopify,True,,3,True,huggingface
paperbunnypress.com,active_ecommerce,shopify,True,,3,True,huggingface
paperfairstudio.com,active_ecommerce,shopify,True,,3,True,huggingface
papergame.co,active_ecommerce,shopify,True,,3,True,huggingface
papergeekco.com,active_ecommerce,shopify,True,,3,True,huggingface
papergem.shop,active_ecommerce,shopify,True,,3,True,huggingface
paperkumaco.com,active_ecommerce,shopify,True,,3,True,huggingface
paperplant.co,active_ecommerce,shopify,True,,3,True,huggingface
paperpluspackaging.com,active_ecommerce,shopify,True,,3,True,huggingface
paperskyscraper.com,active_ecommerce,shopify,True,,3,True,huggingface
papertreatshop.com,active_ecommerce,shopify,True,,3,True,huggingface
paperwrld.com,active_ecommerce,shopify,True,,3,True,huggingface
papery.ca,active_ecommerce,shopify,True,,3,True,huggingface
papillon-press.com,active_ecommerce,shopify,True,,3,True,huggingface
papinelle.co.nz,active_ecommerce,shopify,True,,3,True,huggingface
pappcoindia.com,active_ecommerce,shopify,True,,3,True,huggingface
paradisehillranchandwesternwear.com,active_ecommerce,shopify,True,,3,True,huggingface
paradisepet.org,active_ecommerce,shopify,True,,3,True,huggingface
parafrogairsoft.com,active_ecommerce,shopify,True,,3,True,huggingface
parasolpaper.com,active_ecommerce,shopify,True,,3,True,huggingface
parcelonaclips.com,active_ecommerce,shopify,True,,3,True,huggingface
parchmentpaperla.com,active_ecommerce,shopify,True,,3,True,huggingface
pardonaturals.com,active_ecommerce,shopify,True,,3,True,huggingface
parentstudio.co.uk,active_ecommerce,shopify,True,,3,True,huggingface
parfumello.com,active_ecommerce,shopify,True,,3,True,huggingface
parfumix.com,active_ecommerce,shopify,True,,3,True,huggingface
parkerandco.ca,active_ecommerce,shopify,True,,3,True,huggingface
parkerproductionsinc.com,active_ecommerce,shopify,True,,3,True,huggingface
parklife.dog,active_ecommerce,shopify,True,,3,True,huggingface
parkscarcare.net,active_ecommerce,shopify,True,,3,True,huggingface
parksideproduce.net.au,active_ecommerce,shopify,True,,3,True,huggingface
parmagroup.co.uk,active_ecommerce,shopify,True,,3,True,huggingface
parrotstation.com,active_ecommerce,shopify,True,,3,True,huggingface
parrotsupplies.com.au,active_ecommerce,shopify,True,,3,True,huggingface
parrottreats.co.nz,active_ecommerce,shopify,True,,3,True,huggingface
parrottrends.ca,active_ecommerce,shopify,True,,3,True,huggingface
parrotup.com,active_ecommerce,shopify,True,,3,True,huggingface
partel.com,active_ecommerce,shopify,True,,3,True,huggingface
partimeworks.com,active_ecommerce,shopify,True,,3,True,huggingface
partnaranimalhealth.ca,active_ecommerce,shopify,True,,3,True,huggingface
partnaranimalhealth.com,active_ecommerce,shopify,True,,3,True,huggingface
parts-distribution.com,active_ecommerce,shopify,True,,3,True,huggingface
partsource.ca,active_ecommerce,shopify,True,,3,True,huggingface
partspro.ph,active_ecommerce,shopify,True,,3,True,huggingface
partsvia.com,active_ecommerce,shopify,True,,3,True,huggingface
partyaccessories.pk,active_ecommerce,shopify,True,,3,True,huggingface
partybarnrentalto.com,active_ecommerce,shopify,True,,3,True,huggingface
partyspin.com,active_ecommerce,shopify,True,,3,True,huggingface
pasquesi.com,active_ecommerce,shopify,True,,3,True,huggingface
passionatelyrivalicious.com,active_ecommerce,shopify,True,,3,True,huggingface
passionvet.com,active_ecommerce,shopify,True,,3,True,huggingface
patagonia.com.au,active_ecommerce,shopify,True,,3,True,huggingface
patagoniaburlington.com,active_ecommerce,shopify,True,,3,True,huggingface
patarahome.com,active_ecommerce,shopify,True,,3,True,huggingface
patch-control.com,active_ecommerce,shopify,True,,3,True,huggingface
patchfiend.com,active_ecommerce,shopify,True,,3,True,huggingface
patriotforceusa.com,active_ecommerce,shopify,True,,3,True,huggingface
patriotpatch.co,active_ecommerce,shopify,True,,3,True,huggingface
patrolgrooming.com,active_ecommerce,shopify,True,,3,True,huggingface
paufit.co,active_ecommerce,shopify,True,,3,True,huggingface
paulahian.com,active_ecommerce,shopify,True,,3,True,huggingface
pauleyplastic.com,active_ecommerce,shopify,True,,3,True,huggingface
paulfredrick.com,active_ecommerce,shopify,True,,3,True,huggingface
paw-swing.com,active_ecommerce,shopify,True,,3,True,huggingface
paw-up.com,active_ecommerce,shopify,True,,3,True,huggingface
paw.com,active_ecommerce,shopify,True,,3,True,huggingface
pawclap.com,active_ecommerce,shopify,True,,3,True,huggingface
pawcomfyofficial.com,active_ecommerce,shopify,True,,3,True,huggingface
pawcounter.com,active_ecommerce,shopify,True,,3,True,huggingface
pawdawoflondon.com,active_ecommerce,shopify,True,,3,True,huggingface
pawfix.co.uk,active_ecommerce,shopify,True,,3,True,huggingface
pawflexpet.com,active_ecommerce,shopify,True,,3,True,huggingface
pawganic.com.au,active_ecommerce,shopify,True,,3,True,huggingface
pawhutstore.com,active_ecommerce,shopify,True,,3,True,huggingface
pawjcalifornia.com,active_ecommerce,shopify,True,,3,True,huggingface
pawlabay.com,active_ecommerce,shopify,True,,3,True,huggingface
pawlifepets.com,active_ecommerce,shopify,True,,3,True,huggingface
pawlistictreats.com,active_ecommerce,shopify,True,,3,True,huggingface
pawlogo.com,active_ecommerce,shopify,True,,3,True,huggingface
pawlovetreats.com,active_ecommerce,shopify,True,,3,True,huggingface
pawlucky.com,active_ecommerce,shopify,True,,3,True,huggingface
pawmart.ca,active_ecommerce,shopify,True,,3,True,huggingface
pawnaturals.com,active_ecommerce,shopify,True,,3,True,huggingface
pawpawup.com.au,active_ecommerce,shopify,True,,3,True,huggingface
pawpico.com,active_ecommerce,shopify,True,,3,True,huggingface
pawpykisses.com,active_ecommerce,shopify,True,,3,True,huggingface
pawsandprint.store,active_ecommerce,shopify,True,,3,True,huggingface
pawsandrelax.ae,active_ecommerce,shopify,True,,3,True,huggingface
pawscircle.com,active_ecommerce,shopify,True,,3,True,huggingface
pawsheets.com,active_ecommerce,shopify,True,,3,True,huggingface
pawsibility.us,active_ecommerce,shopify,True,,3,True,huggingface
pawsindia.com,active_ecommerce,shopify,True,,3,True,huggingface
pawsinearnest.co.uk,active_ecommerce,shopify,True,,3,True,huggingface
pawsitiveimpulses.com,active_ecommerce,shopify,True,,3,True,huggingface
pawskc.org,active_ecommerce,shopify,True,,3,True,huggingface
pawslovestore.com,active_ecommerce,shopify,True,,3,True,huggingface
pawsncollars.com,active_ecommerce,shopify,True,,3,True,huggingface
pawsnicketypets.com,active_ecommerce,shopify,True,,3,True,huggingface
pawsometees.shop,active_ecommerce,shopify,True,,3,True,huggingface
pawspets.co.uk,active_ecommerce,shopify,True,,3,True,huggingface
pawspurrs.com,active_ecommerce,shopify,True,,3,True,huggingface
pawsstop.com,active_ecommerce,shopify,True,,3,True,huggingface
pawstastic.com,active_ecommerce,shopify,True,,3,True,huggingface
pawstohooves.co.uk,active_ecommerce,shopify,True,,3,True,huggingface
pawstore.ca,active_ecommerce,shopify,True,,3,True,huggingface
pawtaa.com,active_ecommerce,shopify,True,,3,True,huggingface
pawtastictreats.com.au,active_ecommerce,shopify,True,,3,True,huggingface
pawtitas.com,active_ecommerce,shopify,True,,3,True,huggingface
pawtomo.jp,active_ecommerce,shopify,True,,3,True,huggingface
pawwearstore.com,active_ecommerce,shopify,True,,3,True,huggingface
pawzroad.com,active_ecommerce,shopify,True,,3,True,huggingface
paydaydeals.com.au,active_ecommerce,shopify,True,,3,True,huggingface
pbsa.co.za,active_ecommerce,shopify,True,,3,True,huggingface
pcatoys.com,active_ecommerce,shopify,True,,3,True,huggingface
pcbuilderqatar.com,active_ecommerce,shopify,True,,3,True,huggingface
pdsparrotshop.com,active_ecommerce,shopify,True,,3,True,huggingface
peacehavenco.com,active_ecommerce,shopify,True,,3,True,huggingface
pearlaudio.com,active_ecommerce,shopify,True,,3,True,huggingface
pearlizumi.ca,active_ecommerce,shopify,True,,3,True,huggingface
pearlizumi.com,active_ecommerce,shopify,True,,3,True,huggingface
pebirds.com,active_ecommerce,shopify,True,,3,True,huggingface
pebotpet.com,active_ecommerce,shopify,True,,3,True,huggingface
pecute.net,active_ecommerce,shopify,True,,3,True,huggingface
pedalpython.com,active_ecommerce,shopify,True,,3,True,huggingface
pedroseurope.eu,active_ecommerce,shopify,True,,3,True,huggingface
peelorange.com,active_ecommerce,shopify,True,,3,True,huggingface
peerless-av.com,active_ecommerce,shopify,True,,3,True,huggingface
pegasuspets.store,active_ecommerce,shopify,True,,3,True,huggingface
penandnashco.com,active_ecommerce,shopify,True,,3,True,huggingface
penfield.com,active_ecommerce,shopify,True,,3,True,huggingface
peninsulayarn.com,active_ecommerce,shopify,True,,3,True,huggingface
penthousepaws.com,active_ecommerce,shopify,True,,3,True,huggingface
pepperjanes.com,active_ecommerce,shopify,True,,3,True,huggingface
peppyspets.com,active_ecommerce,shopify,True,,3,True,huggingface
percalnaturals.com,active_ecommerce,shopify,True,,3,True,huggingface
perchvail.com,active_ecommerce,shopify,True,,3,True,huggingface
perdon.shop,active_ecommerce,shopify,True,,3,True,huggingface
perfectstranger.com.au,active_ecommerce,shopify,True,,3,True,huggingface
performance-pcs.com,active_ecommerce,shopify,True,,3,True,huggingface
performanceauto.com.au,active_ecommerce,shopify,True,,3,True,huggingface
perfume-people.co.uk,active_ecommerce,shopify,True,,3,True,huggingface
perfumeheaven.co.uk,active_ecommerce,shopify,True,,3,True,huggingface
pergamopapergoods.com,active_ecommerce,shopify,True,,3,True,huggingface
periacryl.com,active_ecommerce,shopify,True,,3,True,huggingface
perifit.co,active_ecommerce,shopify,True,,3,True,huggingface
perigeedirect.com,active_ecommerce,shopify,True,,3,True,huggingface
permastik.com,active_ecommerce,shopify,True,,3,True,huggingface
personalhour.com,active_ecommerce,shopify,True,,3,True,huggingface
personalisedbyemma.co.uk,active_ecommerce,shopify,True,,3,True,huggingface
personalizedpassion.com,active_ecommerce,shopify,True,,3,True,huggingface
perspectivewoman.com,active_ecommerce,shopify,True,,3,True,huggingface
peruvianlink.com,active_ecommerce,shopify,True,,3,True,huggingface
peserico.com,active_ecommerce,shopify,True,,3,True,huggingface
pet-centar.rs,active_ecommerce,shopify,True,,3,True,huggingface
pet-go-round.com,active_ecommerce,shopify,True,,3,True,huggingface
pet-ter.com,active_ecommerce,shopify,True,,3,True,huggingface
pet1s.com,active_ecommerce,shopify,True,,3,True,huggingface
peta2z.com,active_ecommerce,shopify,True,,3,True,huggingface
petaccessories.com.au,active_ecommerce,shopify,True,,3,True,huggingface
petandpawco.com,active_ecommerce,shopify,True,,3,True,huggingface
petaquariumwarehouse.com.au,active_ecommerce,shopify,True,,3,True,huggingface
petarya.com.tr,active_ecommerce,shopify,True,,3,True,huggingface
petbayaus.com.au,active_ecommerce,shopify,True,,3,True,huggingface
petbesty.com.au,active_ecommerce,shopify,True,,3,True,huggingface
petblessings.com,active_ecommerce,shopify,True,,3,True,huggingface
petbowlz.com,active_ecommerce,shopify,True,,3,True,huggingface
petbrandsexpress.com,active_ecommerce,shopify,True,,3,True,huggingface
petcartsupplies.com,active_ecommerce,shopify,True,,3,True,huggingface
petcity.co.nz,active_ecommerce,shopify,True,,3,True,huggingface
petconnect.nz,active_ecommerce,shopify,True,,3,True,huggingface
petconnection.ie,active_ecommerce,shopify,True,,3,True,huggingface
petcornerr.com,active_ecommerce,shopify,True,,3,True,huggingface
petcubes.com,active_ecommerce,shopify,True,,3,True,huggingface
petdemand.in,active_ecommerce,shopify,True,,3,True,huggingface
petdesignz.com,active_ecommerce,shopify,True,,3,True,huggingface
petdigz.com,active_ecommerce,shopify,True,,3,True,huggingface
petdiscountmart.com,active_ecommerce,shopify,True,,3,True,huggingface
petdropshipper.com,active_ecommerce,shopify,True,,3,True,huggingface
petempiresupplies.com,active_ecommerce,shopify,True,,3,True,huggingface
petersign.com,active_ecommerce,shopify,True,,3,True,huggingface
petesextraordinarygranola.com,active_ecommerce,shopify,True,,3,True,huggingface
petessentialstore.com,active_ecommerce,shopify,True,,3,True,huggingface
petestunersandamplifiers.com,active_ecommerce,shopify,True,,3,True,huggingface
petfacepajamas.com,active_ecommerce,shopify,True,,3,True,huggingface
petfamily365.com,active_ecommerce,shopify,True,,3,True,huggingface
petfamily455.com,active_ecommerce,shopify,True,,3,True,huggingface
petfinn.com,active_ecommerce,shopify,True,,3,True,huggingface
petfitforlife.com,active_ecommerce,shopify,True,,3,True,huggingface
petfoodiela.com,active_ecommerce,shopify,True,,3,True,huggingface
petfoodsnh.com,active_ecommerce,shopify,True,,3,True,huggingface
petfoodstation.com,active_ecommerce,shopify,True,,3,True,huggingface
petfriendlysite.com,active_ecommerce,shopify,True,,3,True,huggingface
petfriendlysupplies.com,active_ecommerce,shopify,True,,3,True,huggingface
petfu.com,active_ecommerce,shopify,True,,3,True,huggingface
petgeneralstore.com,active_ecommerce,shopify,True,,3,True,huggingface
petgeneticslab.co.uk,active_ecommerce,shopify,True,,3,True,huggingface
petgoods.com,active_ecommerce,shopify,True,,3,True,huggingface
petgoof.com,active_ecommerce,shopify,True,,3,True,huggingface
petgraphicapparel.com,active_ecommerce,shopify,True,,3,True,huggingface
petguin.com,active_ecommerce,shopify,True,,3,True,huggingface
pethaus.com.au,active_ecommerce,shopify,True,,3,True,huggingface
pethealth.direct,active_ecommerce,shopify,True,,3,True,huggingface
pethouseksa.com,active_ecommerce,shopify,True,,3,True,huggingface
pethuhou.com,active_ecommerce,shopify,True,,3,True,huggingface
peticular.com.au,active_ecommerce,shopify,True,,3,True,huggingface
petique.com,active_ecommerce,shopify,True,,3,True,huggingface
petiteknit.com,active_ecommerce,shopify,True,,3,True,huggingface
petitespaws.com,active_ecommerce,shopify,True,,3,True,huggingface
petitstresors.com.au,active_ecommerce,shopify,True,,3,True,huggingface
petivity.com,active_ecommerce,shopify,True,,3,True,huggingface
petjoint.com.au,active_ecommerce,shopify,True,,3,True,huggingface
petjunkie.com,active_ecommerce,shopify,True,,3,True,huggingface
petkingdom.com.ph,active_ecommerce,shopify,True,,3,True,huggingface
petkiosklive.com,active_ecommerce,shopify,True,,3,True,huggingface
petkore.com,active_ecommerce,shopify,True,,3,True,huggingface
petlewa.com,active_ecommerce,shopify,True,,3,True,huggingface
petlou.com,active_ecommerce,shopify,True,,3,True,huggingface
petloveproduct.com,active_ecommerce,shopify,True,,3,True,huggingface
petlovertribe.com,active_ecommerce,shopify,True,,3,True,huggingface
petmagic.com.au,active_ecommerce,shopify,True,,3,True,huggingface
petmakerbrand.com,active_ecommerce,shopify,True,,3,True,huggingface
petmarvel.com,active_ecommerce,shopify,True,,3,True,huggingface
petmate.com,active_ecommerce,shopify,True,,3,True,huggingface
petnest.com.au,active_ecommerce,shopify,True,,3,True,huggingface
petnpet.us,active_ecommerce,shopify,True,,3,True,huggingface
petobject.com,active_ecommerce,shopify,True,,3,True,huggingface
petoly.in,active_ecommerce,shopify,True,,3,True,huggingface
petomg.com,active_ecommerce,shopify,True,,3,True,huggingface
petpalettedistribution.com,active_ecommerce,shopify,True,,3,True,huggingface
petpantryandco.com,active_ecommerce,shopify,True,,3,True,huggingface
petparadisesuppleco.com,active_ecommerce,shopify,True,,3,True,huggingface
petpartnersbristol.com,active_ecommerce,shopify,True,,3,True,huggingface
petpetgifts.com,active_ecommerce,shopify,True,,3,True,huggingface
petphenom.com,active_ecommerce,shopify,True,,3,True,huggingface
petpoweraf.com,active_ecommerce,shopify,True,,3,True,huggingface
petpowerstudio.com,active_ecommerce,shopify,True,,3,True,huggingface
petprestigeuk.com,active_ecommerce,shopify,True,,3,True,huggingface
petproject.hk,active_ecommerce,shopify,True,,3,True,huggingface
petraboase.com,active_ecommerce,shopify,True,,3,True,huggingface
petregen.com,active_ecommerce,shopify,True,,3,True,huggingface
petriotics.com,active_ecommerce,shopify,True,,3,True,huggingface
petsandpaw.com,active_ecommerce,shopify,True,,3,True,huggingface
petscura.com,active_ecommerce,shopify,True,,3,True,huggingface
petsdzign.com,active_ecommerce,shopify,True,,3,True,huggingface
petservo.com.au,active_ecommerce,shopify,True,,3,True,huggingface
petsgohere.com,active_ecommerce,shopify,True,,3,True,huggingface
petshionboutique.com,active_ecommerce,shopify,True,,3,True,huggingface
petsisland.shop,active_ecommerce,shopify,True,,3,True,huggingface
petskampong.com.sg,active_ecommerce,shopify,True,,3,True,huggingface
petsland.cy,active_ecommerce,shopify,True,,3,True,huggingface
petsloaf.com,active_ecommerce,shopify,True,,3,True,huggingface
petsmedic.au,active_ecommerce,shopify,True,,3,True,huggingface
petsnacks.com,active_ecommerce,shopify,True,,3,True,huggingface
petsoffice.com,active_ecommerce,shopify,True,,3,True,huggingface
petsownus.co.uk,active_ecommerce,shopify,True,,3,True,huggingface
petspalace.com.au,active_ecommerce,shopify,True,,3,True,huggingface
petspeople.com,active_ecommerce,shopify,True,,3,True,huggingface
petsplaza.com.co,active_ecommerce,shopify,True,,3,True,huggingface
petspurest.com,active_ecommerce,shopify,True,,3,True,huggingface
petssogood.com,active_ecommerce,shopify,True,,3,True,huggingface
petstoral.com,active_ecommerce,shopify,True,,3,True,huggingface
petstorenmore.com,active_ecommerce,shopify,True,,3,True,huggingface
petstreetmall.com,active_ecommerce,shopify,True,,3,True,huggingface
petstuffgalore.co.uk,active_ecommerce,shopify,True,,3,True,huggingface
petsuppliesinc.com,active_ecommerce,shopify,True,,3,True,huggingface
petsy.online,active_ecommerce,shopify,True,,3,True,huggingface
petsypoles.com.au,active_ecommerce,shopify,True,,3,True,huggingface
petszapp.com,active_ecommerce,shopify,True,,3,True,huggingface
pettigrew-online.com,active_ecommerce,shopify,True,,3,True,huggingface
pettime.us,active_ecommerce,shopify,True,,3,True,huggingface
pettoybarn.com,active_ecommerce,shopify,True,,3,True,huggingface
petvibez.com.au,active_ecommerce,shopify,True,,3,True,huggingface
petviva.shop,active_ecommerce,shopify,True,,3,True,huggingface
petvivo.com,active_ecommerce,shopify,True,,3,True,huggingface
petwell.co.uk,active_ecommerce,shopify,True,,3,True,huggingface
petwooland.com,active_ecommerce,shopify,True,,3,True,huggingface
petworld.co.za,active_ecommerce,shopify,True,,3,True,huggingface
petyogis.com,active_ecommerce,shopify,True,,3,True,huggingface
petzie.com,active_ecommerce,shopify,True,,3,True,huggingface
petzlifeworld.in,active_ecommerce,shopify,True,,3,True,huggingface
petzone.co.ke,active_ecommerce,shopify,True,,3,True,huggingface
petzpark.com.au,active_ecommerce,shopify,True,,3,True,huggingface
petzplace.com,active_ecommerce,shopify,True,,3,True,huggingface
petzzo.store,active_ecommerce,shopify,True,,3,True,huggingface
pfcloadout.com,active_ecommerce,shopify,True,,3,True,huggingface
phantomoutdoors.com,active_ecommerce,shopify,True,,3,True,huggingface
pharmacybay.gr,active_ecommerce,shopify,True,,3,True,huggingface
philips.co.in,active_ecommerce,shopify,True,,3,True,huggingface
philosophyaustralia.com.au,active_ecommerce,shopify,True,,3,True,huggingface
philtron.co.za,active_ecommerce,shopify,True,,3,True,huggingface
phoenixandbeau.uk,active_ecommerce,shopify,True,,3,True,huggingface
phoenixrisingartists.com,active_ecommerce,shopify,True,,3,True,huggingface
phoenixtactical.ca,active_ecommerce,shopify,True,,3,True,huggingface
phongleusa.com,active_ecommerce,shopify,True,,3,True,huggingface
photopajamas.com,active_ecommerce,shopify,True,,3,True,huggingface
phulkaripk.com,active_ecommerce,shopify,True,,3,True,huggingface
physiotherapysupply.com,active_ecommerce,shopify,True,,3,True,huggingface
pickwickandelm.com,active_ecommerce,shopify,True,,3,True,huggingface
pickyneb.com,active_ecommerce,shopify,True,,3,True,huggingface
picnichillcreate.com,active_ecommerce,shopify,True,,3,True,huggingface
pieceofwhite.com.tr,active_ecommerce,shopify,True,,3,True,huggingface
piedmontfarmsystems.com,active_ecommerce,shopify,True,,3,True,huggingface
piedmontreptilerescue.org,active_ecommerce,shopify,True,,3,True,huggingface
piercingking.com,active_ecommerce,shopify,True,,3,True,huggingface
pifferia.com,active_ecommerce,shopify,True,,3,True,huggingface
pigletinbed.com,active_ecommerce,shopify,True,,3,True,huggingface
pikko.com.au,active_ecommerce,shopify,True,,3,True,huggingface
pilgrimclothing.com.au,active_ecommerce,shopify,True,,3,True,huggingface
pillowcatbooks.com,active_ecommerce,shopify,True,,3,True,huggingface
pimpmydiabetes.com,active_ecommerce,shopify,True,,3,True,huggingface
pine-environmental.ca,active_ecommerce,shopify,True,,3,True,huggingface
pineridgearchery.com,active_ecommerce,shopify,True,,3,True,huggingface
pinkchickfreshies.com,active_ecommerce,shopify,True,,3,True,huggingface
pinkdoorfabrics.com,active_ecommerce,shopify,True,,3,True,huggingface
pinkformula.com,active_ecommerce,shopify,True,,3,True,huggingface
pinkmoonmercantile.com,active_ecommerce,shopify,True,,3,True,huggingface
pinkpalette.in,active_ecommerce,shopify,True,,3,True,huggingface
pinkpups.com,active_ecommerce,shopify,True,,3,True,huggingface
pinkygoat.com,active_ecommerce,shopify,True,,3,True,huggingface
pintu-design.com,active_ecommerce,shopify,True,,3,True,huggingface
pioneeraudio.com.au,active_ecommerce,shopify,True,,3,True,huggingface
pioneerminisplit.com,active_ecommerce,shopify,True,,3,True,huggingface
pioreactor.com,active_ecommerce,shopify,True,,3,True,huggingface
piperandmint.com,active_ecommerce,shopify,True,,3,True,huggingface
piranhaprint.com,active_ecommerce,shopify,True,,3,True,huggingface
pistoladenim.com,active_ecommerce,shopify,True,,3,True,huggingface
pistontwistin.org,active_ecommerce,shopify,True,,3,True,huggingface
pitaya.yoga,active_ecommerce,shopify,True,,3,True,huggingface
pitboss-grills.com,active_ecommerce,shopify,True,,3,True,huggingface
pitbull.eu,active_ecommerce,shopify,True,,3,True,huggingface
pittwaterpets.com.au,active_ecommerce,shopify,True,,3,True,huggingface
piwine.com,active_ecommerce,shopify,True,,3,True,huggingface
piyama.com.au,active_ecommerce,shopify,True,,3,True,huggingface
pjsalvage.com,active_ecommerce,shopify,True,,3,True,huggingface
place.yoga,active_ecommerce,shopify,True,,3,True,huggingface
planet-gates.com,active_ecommerce,shopify,True,,3,True,huggingface
planetayurveda.com,active_ecommerce,shopify,True,,3,True,huggingface
planetbox.com,active_ecommerce,shopify,True,,3,True,huggingface
planetcarcare.com,active_ecommerce,shopify,True,,3,True,huggingface
planetkidz.shop,active_ecommerce,shopify,True,,3,True,huggingface
planetpetsociety.co.uk,active_ecommerce,shopify,True,,3,True,huggingface
planetshoplife.com,active_ecommerce,shopify,True,,3,True,huggingface
planksclothing.com,active_ecommerce,shopify,True,,3,True,huggingface
plantkoru.com,active_ecommerce,shopify,True,,3,True,huggingface
plantmedia.com,active_ecommerce,shopify,True,,3,True,huggingface
plaskateboarding.com,active_ecommerce,shopify,True,,3,True,huggingface
plasticfreepursuit.com,active_ecommerce,shopify,True,,3,True,huggingface
platinumaircare.ca,active_ecommerce,shopify,True,,3,True,huggingface
platinumkaraoke.com,active_ecommerce,shopify,True,,3,True,huggingface
platoonsystemsafs.com,active_ecommerce,shopify,True,,3,True,huggingface
playbackdistribution.com,active_ecommerce,shopify,True,,3,True,huggingface
playboicarti.com,active_ecommerce,shopify,True,,3,True,huggingface
playfulpaws.online,active_ecommerce,shopify,True,,3,True,huggingface
playfultail.com,active_ecommerce,shopify,True,,3,True,huggingface
playgosports.com,active_ecommerce,shopify,True,,3,True,huggingface
playinsane.com,active_ecommerce,shopify,True,,3,True,huggingface
playzoneinteractive.co.za,active_ecommerce,shopify,True,,3,True,huggingface
plenishdrinks.com,active_ecommerce,shopify,True,,3,True,huggingface
plgcountrystore.co.uk,active_ecommerce,shopify,True,,3,True,huggingface
ploughgate.com,active_ecommerce,shopify,True,,3,True,huggingface
plug.tech,active_ecommerce,shopify,True,,3,True,huggingface
plugkeyper.com,active_ecommerce,shopify,True,,3,True,huggingface
plumbestore.com,active_ecommerce,shopify,True,,3,True,huggingface
plumbhub.co.uk,active_ecommerce,shopify,True,,3,True,huggingface
plumbingtoolstore.com,active_ecommerce,shopify,True,,3,True,huggingface
pluscreations.org,active_ecommerce,shopify,True,,3,True,huggingface
pluspatches.com,active_ecommerce,shopify,True,,3,True,huggingface
pluspets.uk,active_ecommerce,shopify,True,,3,True,huggingface
plymair.shop,active_ecommerce,shopify,True,,3,True,huggingface
plyopic.com,active_ecommerce,shopify,True,,3,True,huggingface
pneutech.com.au,active_ecommerce,shopify,True,,3,True,huggingface
pnjakt.se,active_ecommerce,shopify,True,,3,True,huggingface
pnl-technologies.com,active_ecommerce,shopify,True,,3,True,huggingface
pnutsfreedomfarm.com,active_ecommerce,shopify,True,,3,True,huggingface
pnwbettas.com,active_ecommerce,shopify,True,,3,True,huggingface
pocobero.com,active_ecommerce,shopify,True,,3,True,huggingface
podavach.store,active_ecommerce,shopify,True,,3,True,huggingface
podshop.biz,active_ecommerce,shopify,True,,3,True,huggingface
pointzero.nz,active_ecommerce,shopify,True,,3,True,huggingface
poisepup.com,active_ecommerce,shopify,True,,3,True,huggingface
polar-gas.com,active_ecommerce,shopify,True,,3,True,huggingface
polartool.us,active_ecommerce,shopify,True,,3,True,huggingface
polisticyoga.com,active_ecommerce,shopify,True,,3,True,huggingface
polkadot-england.com,active_ecommerce,shopify,True,,3,True,huggingface
polskaapteczka.com,active_ecommerce,shopify,True,,3,True,huggingface
polyandbark.com,active_ecommerce,shopify,True,,3,True,huggingface
polylush.com,active_ecommerce,shopify,True,,3,True,huggingface
polypet.com.sg,active_ecommerce,shopify,True,,3,True,huggingface
pomandchi.com,active_ecommerce,shopify,True,,3,True,huggingface
ponchooutdoors.com,active_ecommerce,shopify,True,,3,True,huggingface
pookytoys.com,active_ecommerce,shopify,True,,3,True,huggingface
pooltableportfolio.com,active_ecommerce,shopify,True,,3,True,huggingface
pooshi.ca,active_ecommerce,shopify,True,,3,True,huggingface
popcultures.co.uk,active_ecommerce,shopify,True,,3,True,huggingface
popdog.pet,active_ecommerce,shopify,True,,3,True,huggingface
pope-furniture.com,active_ecommerce,shopify,True,,3,True,huggingface
popfictionparlor.com,active_ecommerce,shopify,True,,3,True,huggingface
popfigures.com,active_ecommerce,shopify,True,,3,True,huggingface
popkiller.us,active_ecommerce,shopify,True,,3,True,huggingface
poppasmusic.com,active_ecommerce,shopify,True,,3,True,huggingface
poppiesforgrace.com,active_ecommerce,shopify,True,,3,True,huggingface
poppingboba.com,active_ecommerce,shopify,True,,3,True,huggingface
poppinspatches.com,active_ecommerce,shopify,True,,3,True,huggingface
popsandcoco.com,active_ecommerce,shopify,True,,3,True,huggingface
poptoptoys.com,active_ecommerce,shopify,True,,3,True,huggingface
porcelainadvertising.com,active_ecommerce,shopify,True,,3,True,huggingface
porchpotty.com.au,active_ecommerce,shopify,True,,3,True,huggingface
portablecreations.com.au,active_ecommerce,shopify,True,,3,True,huggingface
porteso.com,active_ecommerce,shopify,True,,3,True,huggingface
portlandleathergoods.com,active_ecommerce,shopify,True,,3,True,huggingface
portopets.co.uk,active_ecommerce,shopify,True,,3,True,huggingface
portronics.com,active_ecommerce,shopify,True,,3,True,huggingface
poseidonanimalhealth.com.au,active_ecommerce,shopify,True,,3,True,huggingface
poser-yoga.com,active_ecommerce,shopify,True,,3,True,huggingface
poseyandjetts.com,active_ecommerce,shopify,True,,3,True,huggingface
poseymom.com,active_ecommerce,shopify,True,,3,True,huggingface
poshonline.com,active_ecommerce,shopify,True,,3,True,huggingface
poshpaperwraps.com,active_ecommerce,shopify,True,,3,True,huggingface
poshpuppyboutique.com,active_ecommerce,shopify,True,,3,True,huggingface
posterized.in,active_ecommerce,shopify,True,,3,True,huggingface
postmalone.com,active_ecommerce,shopify,True,,3,True,huggingface
postmanpooch.co.uk,active_ecommerce,shopify,True,,3,True,huggingface
potaroma.com,active_ecommerce,shopify,True,,3,True,huggingface
pottersprintingstore.com,active_ecommerce,shopify,True,,3,True,huggingface
pottfarms.com,active_ecommerce,shopify,True,,3,True,huggingface
power-fitness.co.uk,active_ecommerce,shopify,True,,3,True,huggingface
powerboltandtool.com,active_ecommerce,shopify,True,,3,True,huggingface
powerchem.uk,active_ecommerce,shopify,True,,3,True,huggingface
powercleany.com,active_ecommerce,shopify,True,,3,True,huggingface
powerizerclean.com,active_ecommerce,shopify,True,,3,True,huggingface
powermaccenter.com,active_ecommerce,shopify,True,,3,True,huggingface
powersutra.co,active_ecommerce,shopify,True,,3,True,huggingface
powertooltraders.co.za,active_ecommerce,shopify,True,,3,True,huggingface
ppf.ca,active_ecommerce,shopify,True,,3,True,huggingface
ppimarine.com,active_ecommerce,shopify,True,,3,True,huggingface
ppups.com,active_ecommerce,shopify,True,,3,True,huggingface
praewellness.com,active_ecommerce,shopify,True,,3,True,huggingface
prahranhardware.com.au,active_ecommerce,shopify,True,,3,True,huggingface
pranapets.com,active_ecommerce,shopify,True,,3,True,huggingface
pranos.ai,active_ecommerce,shopify,True,,3,True,huggingface
precisionbandage.com,active_ecommerce,shopify,True,,3,True,huggingface
predatorfreenz.org,active_ecommerce,shopify,True,,3,True,huggingface
premierairguns.com,active_ecommerce,shopify,True,,3,True,huggingface
premio.com.my,active_ecommerce,shopify,True,,3,True,huggingface
premiumairconditioning.co.za,active_ecommerce,shopify,True,,3,True,huggingface
premiumdripbrand.com,active_ecommerce,shopify,True,,3,True,huggingface
premiumhifi.lv,active_ecommerce,shopify,True,,3,True,huggingface
preschoolcollection.com,active_ecommerce,shopify,True,,3,True,huggingface
presentpaper.com,active_ecommerce,shopify,True,,3,True,huggingface
presentstory.com.au,active_ecommerce,shopify,True,,3,True,huggingface
presleypaige.com,active_ecommerce,shopify,True,,3,True,huggingface
pressurepointtherapy.com,active_ecommerce,shopify,True,,3,True,huggingface
prestigecarcareshop.com,active_ecommerce,shopify,True,,3,True,huggingface
prettyyeppuda.com,active_ecommerce,shopify,True,,3,True,huggingface
priamo.us,active_ecommerce,shopify,True,,3,True,huggingface
prime-plates.co.uk,active_ecommerce,shopify,True,,3,True,huggingface
prime100.com.au,active_ecommerce,shopify,True,,3,True,huggingface
primedukan.com,active_ecommerce,shopify,True,,3,True,huggingface
primefinish.com.au,active_ecommerce,shopify,True,,3,True,huggingface
primismedical.com,active_ecommerce,shopify,True,,3,True,huggingface
primocollectibles.com,active_ecommerce,shopify,True,,3,True,huggingface
primuscable.com,active_ecommerce,shopify,True,,3,True,huggingface
princepaws.com,active_ecommerce,shopify,True,,3,True,huggingface
princeprincesspetwear.co.uk,active_ecommerce,shopify,True,,3,True,huggingface
princesspolly.com.au,active_ecommerce,shopify,True,,3,True,huggingface
printbanners.nyc,active_ecommerce,shopify,True,,3,True,huggingface
printstudioscotland.com,active_ecommerce,shopify,True,,3,True,huggingface
printsy.store,active_ecommerce,shopify,True,,3,True,huggingface
prinzzesa.com,active_ecommerce,shopify,True,,3,True,huggingface
prioritizehealth.com,active_ecommerce,shopify,True,,3,True,huggingface
priorityonevitamins.com,active_ecommerce,shopify,True,,3,True,huggingface
pripri.co.uk,active_ecommerce,shopify,True,,3,True,huggingface
priticollection.com,active_ecommerce,shopify,True,,3,True,huggingface
privatecollection.coffee,active_ecommerce,shopify,True,,3,True,huggingface
privatelives.in,active_ecommerce,shopify,True,,3,True,huggingface
privatestorey.com,active_ecommerce,shopify,True,,3,True,huggingface
prizmacare.com,active_ecommerce,shopify,True,,3,True,huggingface
prmfiltration.com,active_ecommerce,shopify,True,,3,True,huggingface
pro-detailing.de,active_ecommerce,shopify,True,,3,True,huggingface
proairtools.com,active_ecommerce,shopify,True,,3,True,huggingface
probioticmaker.com,active_ecommerce,shopify,True,,3,True,huggingface
probodypilates.com,active_ecommerce,shopify,True,,3,True,huggingface
probreeze.com,active_ecommerce,shopify,True,,3,True,huggingface
prochimps.com,active_ecommerce,shopify,True,,3,True,huggingface
procontractorsupplyinc.com,active_ecommerce,shopify,True,,3,True,huggingface
prodigytoy.com,active_ecommerce,shopify,True,,3,True,huggingface
productionapparel.com,active_ecommerce,shopify,True,,3,True,huggingface
progressivenutracare.com,active_ecommerce,shopify,True,,3,True,huggingface
progressjj.co.uk,active_ecommerce,shopify,True,,3,True,huggingface
prohifi.in,active_ecommerce,shopify,True,,3,True,huggingface
prohunt.com.au,active_ecommerce,shopify,True,,3,True,huggingface
project-primal.com,active_ecommerce,shopify,True,,3,True,huggingface
projectclothing.com.au,active_ecommerce,shopify,True,,3,True,huggingface
projectke.com,active_ecommerce,shopify,True,,3,True,huggingface
projectscent.co.uk,active_ecommerce,shopify,True,,3,True,huggingface
prolampsales.com,active_ecommerce,shopify,True,,3,True,huggingface
promagnet.com,active_ecommerce,shopify,True,,3,True,huggingface
promidesign.com,active_ecommerce,shopify,True,,3,True,huggingface
promisebaby.com,active_ecommerce,shopify,True,,3,True,huggingface
proof33.com,active_ecommerce,shopify,True,,3,True,huggingface
proplaster.com.au,active_ecommerce,shopify,True,,3,True,huggingface
propsandreplicas.co.uk,active_ecommerce,shopify,True,,3,True,huggingface
proriderleather.com,active_ecommerce,shopify,True,,3,True,huggingface
prosharpeningsupply.com,active_ecommerce,shopify,True,,3,True,huggingface
prosourcefit.com,active_ecommerce,shopify,True,,3,True,huggingface
prospeakerparts.com,active_ecommerce,shopify,True,,3,True,huggingface
protechallergies.com,active_ecommerce,shopify,True,,3,True,huggingface
protonemusicuk.com,active_ecommerce,shopify,True,,3,True,huggingface
proutvparts.com,active_ecommerce,shopify,True,,3,True,huggingface
provizsports.com,active_ecommerce,shopify,True,,3,True,huggingface
proximat.net,active_ecommerce,shopify,True,,3,True,huggingface
pruffpets.com,active_ecommerce,shopify,True,,3,True,huggingface
prvnmedia.com,active_ecommerce,shopify,True,,3,True,huggingface
prydepets.com,active_ecommerce,shopify,True,,3,True,huggingface
prymconsumerusa.com,active_ecommerce,shopify,True,,3,True,huggingface
pseudio.ca,active_ecommerce,shopify,True,,3,True,huggingface
psilotericvisions.com,active_ecommerce,shopify,True,,3,True,huggingface
pstradingksa.com,active_ecommerce,shopify,True,,3,True,huggingface
ptahdusgear.com,active_ecommerce,shopify,True,,3,True,huggingface
puccissime.com,active_ecommerce,shopify,True,,3,True,huggingface
pueronline.in,active_ecommerce,shopify,True,,3,True,huggingface
pulingo.com,active_ecommerce,shopify,True,,3,True,huggingface
pulpcreativepaper.com.au,active_ecommerce,shopify,True,,3,True,huggingface
pumpkin-doodle.com,active_ecommerce,shopify,True,,3,True,huggingface
pup-a-lot.com,active_ecommerce,shopify,True,,3,True,huggingface
pupactive.com,active_ecommerce,shopify,True,,3,True,huggingface
pupaholic.com,active_ecommerce,shopify,True,,3,True,huggingface
pupandcoboutique.com,active_ecommerce,shopify,True,,3,True,huggingface
pupandkit.com,active_ecommerce,shopify,True,,3,True,huggingface
pupchic.boutique,active_ecommerce,shopify,True,,3,True,huggingface
pupclubcouture.co.uk,active_ecommerce,shopify,True,,3,True,huggingface
pupcuppup.com,active_ecommerce,shopify,True,,3,True,huggingface
puplife.com,active_ecommerce,shopify,True,,3,True,huggingface
puplist.co,active_ecommerce,shopify,True,,3,True,huggingface
puppeeland.com,active_ecommerce,shopify,True,,3,True,huggingface
puppiesmakemehappy.com,active_ecommerce,shopify,True,,3,True,huggingface
puppyfeverpro.com,active_ecommerce,shopify,True,,3,True,huggingface
puppyloverawfreezedriedfeasts.ca,active_ecommerce,shopify,True,,3,True,huggingface
puppypaws.shop,active_ecommerce,shopify,True,,3,True,huggingface
pupsak.co.za,active_ecommerce,shopify,True,,3,True,huggingface
pupsdream.com,active_ecommerce,shopify,True,,3,True,huggingface
pupsnbeds.com.au,active_ecommerce,shopify,True,,3,True,huggingface
pupstylestore.com.au,active_ecommerce,shopify,True,,3,True,huggingface
puptheband.com,active_ecommerce,shopify,True,,3,True,huggingface
pupwonders.com,active_ecommerce,shopify,True,,3,True,huggingface
purafide.com,active_ecommerce,shopify,True,,3,True,huggingface
purafied.com,active_ecommerce,shopify,True,,3,True,huggingface
purcellmountainfarms.com,active_ecommerce,shopify,True,,3,True,huggingface
pureandpeaceful.com,active_ecommerce,shopify,True,,3,True,huggingface
purebarkboutique.com,active_ecommerce,shopify,True,,3,True,huggingface
purebiotics.co.nz,active_ecommerce,shopify,True,,3,True,huggingface
purecult.in,active_ecommerce,shopify,True,,3,True,huggingface
purefolio.com.au,active_ecommerce,shopify,True,,3,True,huggingface
purehempbotanicals.com,active_ecommerce,shopify,True,,3,True,huggingface
purejoytoys.net,active_ecommerce,shopify,True,,3,True,huggingface
purelaineetc.com,active_ecommerce,shopify,True,,3,True,huggingface
purelyb.us,active_ecommerce,shopify,True,,3,True,huggingface
purepetco.com.au,active_ecommerce,shopify,True,,3,True,huggingface
pureticleanandfresh.com,active_ecommerce,shopify,True,,3,True,huggingface
purggo.com,active_ecommerce,shopify,True,,3,True,huggingface
purinamills.com,active_ecommerce,shopify,True,,3,True,huggingface
purisystems.com,active_ecommerce,shopify,True,,3,True,huggingface
purlsyarn.com,active_ecommerce,shopify,True,,3,True,huggingface
purplelambfiberarts.com,active_ecommerce,shopify,True,,3,True,huggingface
purpleowlboutique.com,active_ecommerce,shopify,True,,3,True,huggingface
purplepoweran.com,active_ecommerce,shopify,True,,3,True,huggingface
purrfectfence.co.uk,active_ecommerce,shopify,True,,3,True,huggingface
purrfectiion.com,active_ecommerce,shopify,True,,3,True,huggingface
purrfectlyyappy.com,active_ecommerce,shopify,True,,3,True,huggingface
purrfectportal.com,active_ecommerce,shopify,True,,3,True,huggingface
purrlpets.com,active_ecommerce,shopify,True,,3,True,huggingface
purrple.co,active_ecommerce,shopify,True,,3,True,huggingface
purrpurrbyannabella.com,active_ecommerce,shopify,True,,3,True,huggingface
purrsnbarkstx.com,active_ecommerce,shopify,True,,3,True,huggingface
purrtasticpresents.com,active_ecommerce,shopify,True,,3,True,huggingface
purrwish.com,active_ecommerce,shopify,True,,3,True,huggingface
purtru.com,active_ecommerce,shopify,True,,3,True,huggingface
pusheen.com,active_ecommerce,shopify,True,,3,True,huggingface
pushpaintball.com,active_ecommerce,shopify,True,,3,True,huggingface
puttergirl.com,active_ecommerce,shopify,True,,3,True,huggingface
putti.ca,active_ecommerce,shopify,True,,3,True,huggingface
puurfecthaven.com,active_ecommerce,shopify,True,,3,True,huggingface
puzzlebug.co.uk,active_ecommerce,shopify,True,,3,True,huggingface
puzzleseeds.com,active_ecommerce,shopify,True,,3,True,huggingface
pvauto.net,active_ecommerce,shopify,True,,3,True,huggingface
pyariwalls.pk,active_ecommerce,shopify,True,,3,True,huggingface
pygmyhipposhoppe.com,active_ecommerce,shopify,True,,3,True,huggingface
pynkmannequin.com,active_ecommerce,shopify,True,,3,True,huggingface
pypets.com,active_ecommerce,shopify,True,,3,True,huggingface
pyramidvalley.org,active_ecommerce,shopify,True,,3,True,huggingface
pyrenex.com,active_ecommerce,shopify,True,,3,True,huggingface
pyrofarms.com,active_ecommerce,shopify,True,,3,True,huggingface
pyvotlife.com,active_ecommerce,shopify,True,,3,True,huggingface
qidaoyugift.com,active_ecommerce,shopify,True,,3,True,huggingface
qingfibre.com,active_ecommerce,shopify,True,,3,True,huggingface
qmpracing.com,active_ecommerce,shopify,True,,3,True,huggingface
qooah.ae,active_ecommerce,shopify,True,,3,True,huggingface
quadrostyle.com,active_ecommerce,shopify,True,,3,True,huggingface
quadstartuning.com,active_ecommerce,shopify,True,,3,True,huggingface
quadstateair.com,active_ecommerce,shopify,True,,3,True,huggingface
quair.co,active_ecommerce,shopify,True,,3,True,huggingface
qualitybirdandpetsupplies.co.nz,active_ecommerce,shopify,True,,3,True,huggingface
qualityheating.co.uk,active_ecommerce,shopify,True,,3,True,huggingface
qualyair.us,active_ecommerce,shopify,True,,3,True,huggingface
quantasylum.com,active_ecommerce,shopify,True,,3,True,huggingface
quartzcomponents.com,active_ecommerce,shopify,True,,3,True,huggingface
quatschkind.de,active_ecommerce,shopify,True,,3,True,huggingface
queenanna.co,active_ecommerce,shopify,True,,3,True,huggingface
queeniespets.com,active_ecommerce,shopify,True,,3,True,huggingface
queenpets.co.za,active_ecommerce,shopify,True,,3,True,huggingface
queenslandbearings.com.au,active_ecommerce,shopify,True,,3,True,huggingface
questtoys.com,active_ecommerce,shopify,True,,3,True,huggingface
questyleshop.com,active_ecommerce,shopify,True,,3,True,huggingface
quickek.com,active_ecommerce,shopify,True,,3,True,huggingface
quickshowdisplay.com,active_ecommerce,shopify,True,,3,True,huggingface
quickvit.co.uk,active_ecommerce,shopify,True,,3,True,huggingface
quillproductions.co.uk,active_ecommerce,shopify,True,,3,True,huggingface
quinnschemist.ie,active_ecommerce,shopify,True,,3,True,huggingface
qumypet.com,active_ecommerce,shopify,True,,3,True,huggingface
r4t.us,active_ecommerce,shopify,True,,3,True,huggingface
rabbitgoo.com,active_ecommerce,shopify,True,,3,True,huggingface
rabbitnipples.com,active_ecommerce,shopify,True,,3,True,huggingface
rabbittailhobby.com,active_ecommerce,shopify,True,,3,True,huggingface
raceandrally.com,active_ecommerce,shopify,True,,3,True,huggingface
racerandrascal.com,active_ecommerce,shopify,True,,3,True,huggingface
racingfresh.com,active_ecommerce,shopify,True,,3,True,huggingface
racktrendz.com,active_ecommerce,shopify,True,,3,True,huggingface
radiantnrgy.com,active_ecommerce,shopify,True,,3,True,huggingface
radishloves.com,active_ecommerce,shopify,True,,3,True,huggingface
raffya.com,active_ecommerce,shopify,True,,3,True,huggingface
rafsupply.com,active_ecommerce,shopify,True,,3,True,huggingface
ragstock.com,active_ecommerce,shopify,True,,3,True,huggingface
railyardsupply.com,active_ecommerce,shopify,True,,3,True,huggingface
rainbow8.com,active_ecommerce,shopify,True,,3,True,huggingface
rainbowfabrics.co.uk,active_ecommerce,shopify,True,,3,True,huggingface
rainbowsandsprinkles.com.au,active_ecommerce,shopify,True,,3,True,huggingface
rains.com,active_ecommerce,shopify,True,,3,True,huggingface
rainsisters.com,active_ecommerce,shopify,True,,3,True,huggingface
rajeshwaritools.com,active_ecommerce,shopify,True,,3,True,huggingface
rajimports.net,active_ecommerce,shopify,True,,3,True,huggingface
rakanjayahardware.com,active_ecommerce,shopify,True,,3,True,huggingface
rallisoliveoil.ca,active_ecommerce,shopify,True,,3,True,huggingface
ramaboutique.eu,active_ecommerce,shopify,True,,3,True,huggingface
ramcotextiles.co.uk,active_ecommerce,shopify,True,,3,True,huggingface
ramonaandruth.com,active_ecommerce,shopify,True,,3,True,huggingface
ramotrading.com,active_ecommerce,shopify,True,,3,True,huggingface
ramsbralin.com,active_ecommerce,shopify,True,,3,True,huggingface
ramybrook.com,active_ecommerce,shopify,True,,3,True,huggingface
ranchmansfarmandfeed.com,active_ecommerce,shopify,True,,3,True,huggingface
ranchorelaxofarm.com,active_ecommerce,shopify,True,,3,True,huggingface
randalllineback.com,active_ecommerce,shopify,True,,3,True,huggingface
randasplace.com,active_ecommerce,shopify,True,,3,True,huggingface
randvijianlifesciences.shop,active_ecommerce,shopify,True,,3,True,huggingface
rangeelaa.com,active_ecommerce,shopify,True,,3,True,huggingface
ranvee.com,active_ecommerce,shopify,True,,3,True,huggingface
ranvoo.com,active_ecommerce,shopify,True,,3,True,huggingface
rapidtoolsdirect.co.uk,active_ecommerce,shopify,True,,3,True,huggingface
rarebeauty.com,active_ecommerce,shopify,True,,3,True,huggingface
rarebirdkids.co,active_ecommerce,shopify,True,,3,True,huggingface
ratchetsden.com,active_ecommerce,shopify,True,,3,True,huggingface
rathminessports.ie,active_ecommerce,shopify,True,,3,True,huggingface
raveairsoft.com,active_ecommerce,shopify,True,,3,True,huggingface
ravensedgeairsoft.cl,active_ecommerce,shopify,True,,3,True,huggingface
raw-cut.com,active_ecommerce,shopify,True,,3,True,huggingface
rawdogbarkery.com,active_ecommerce,shopify,True,,3,True,huggingface
rawdogfoodandco.com,active_ecommerce,shopify,True,,3,True,huggingface
rawforbirds.com.au,active_ecommerce,shopify,True,,3,True,huggingface
rawpetfooddeliverymarket.com,active_ecommerce,shopify,True,,3,True,huggingface
rawrycat.com,active_ecommerce,shopify,True,,3,True,huggingface
rawtogo.co.uk,active_ecommerce,shopify,True,,3,True,huggingface
razels.net,active_ecommerce,shopify,True,,3,True,huggingface
razorbillgoods.co.za,active_ecommerce,shopify,True,,3,True,huggingface
razoremporium.net,active_ecommerce,shopify,True,,3,True,huggingface
rdbautocare.com,active_ecommerce,shopify,True,,3,True,huggingface
re3ayapharmacy.com,active_ecommerce,shopify,True,,3,True,huggingface
reachpackaging.ie,active_ecommerce,shopify,True,,3,True,huggingface
realbrewersyeast.com,active_ecommerce,shopify,True,,3,True,huggingface
realessentials.com,active_ecommerce,shopify,True,,3,True,huggingface
realjapantrading.com,active_ecommerce,shopify,True,,3,True,huggingface
reallygoodpetsshop.com,active_ecommerce,shopify,True,,3,True,huggingface
rearviewjewels.com,active_ecommerce,shopify,True,,3,True,huggingface
rebeccajanewoolbright.com,active_ecommerce,shopify,True,,3,True,huggingface
rebelgunworks.com.au,active_ecommerce,shopify,True,,3,True,huggingface
rebelpurl.com,active_ecommerce,shopify,True,,3,True,huggingface
rebelreaper.com,active_ecommerce,shopify,True,,3,True,huggingface
rebelutionmusic.com,active_ecommerce,shopify,True,,3,True,huggingface
reberranch.com,active_ecommerce,shopify,True,,3,True,huggingface
recycledisplays.com,active_ecommerce,shopify,True,,3,True,huggingface
redandoliveco.com,active_ecommerce,shopify,True,,3,True,huggingface
redbarn1.com,active_ecommerce,shopify,True,,3,True,huggingface
redbarnsupply.co,active_ecommerce,shopify,True,,3,True,huggingface
redbearjacket.com,active_ecommerce,shopify,True,,3,True,huggingface
redbearoutdoors.ca,active_ecommerce,shopify,True,,3,True,huggingface
redfivetoysandcollectibles.com,active_ecommerce,shopify,True,,3,True,huggingface
redherringsurf.com.au,active_ecommerce,shopify,True,,3,True,huggingface
redpawndynamics.com,active_ecommerce,shopify,True,,3,True,huggingface
redridgepetmarket.com,active_ecommerce,shopify,True,,3,True,huggingface
redsgonegreen.com,active_ecommerce,shopify,True,,3,True,huggingface
redstonesupply.com,active_ecommerce,shopify,True,,3,True,huggingface
redtagfashion.com,active_ecommerce,shopify,True,,3,True,huggingface
redvacuums.com,active_ecommerce,shopify,True,,3,True,huggingface
reebok.ca,active_ecommerce,shopify,True,,3,True,huggingface
reebok.com,active_ecommerce,shopify,True,,3,True,huggingface
reefnutritionwholesale.com,active_ecommerce,shopify,True,,3,True,huggingface
reestyle.co.nz,active_ecommerce,shopify,True,,3,True,huggingface
referenceanalog.com,active_ecommerce,shopify,True,,3,True,huggingface
refinerystore.co.za,active_ecommerce,shopify,True,,3,True,huggingface
reflectivepro.com,active_ecommerce,shopify,True,,3,True,huggingface
reflectivesupplies.co.uk,active_ecommerce,shopify,True,,3,True,huggingface
reformerlab.co.uk,active_ecommerce,shopify,True,,3,True,huggingface
reformerloops.com,active_ecommerce,shopify,True,,3,True,huggingface
refrigiwear.lat,active_ecommerce,shopify,True,,3,True,huggingface
regfit.store,active_ecommerce,shopify,True,,3,True,huggingface
reggieandfriends.com.au,active_ecommerce,shopify,True,,3,True,huggingface
regowholesale.com,active_ecommerce,shopify,True,,3,True,huggingface
rehati.com.au,active_ecommerce,shopify,True,,3,True,huggingface
reifsnydersag.com,active_ecommerce,shopify,True,,3,True,huggingface
rekucci.com,active_ecommerce,shopify,True,,3,True,huggingface
rel.net,active_ecommerce,shopify,True,,3,True,huggingface
relax.nl,active_ecommerce,shopify,True,,3,True,huggingface
relaxhampton.com,active_ecommerce,shopify,True,,3,True,huggingface
relaxusonline.com,active_ecommerce,shopify,True,,3,True,huggingface
releveclothing.com,active_ecommerce,shopify,True,,3,True,huggingface
reliup.com,active_ecommerce,shopify,True,,3,True,huggingface
remcorsprayers.com,active_ecommerce,shopify,True,,3,True,huggingface
remedyanimalhealth.ca,active_ecommerce,shopify,True,,3,True,huggingface
rememberapet.org,active_ecommerce,shopify,True,,3,True,huggingface
remodius.com,active_ecommerce,shopify,True,,3,True,huggingface
remotesremade.com,active_ecommerce,shopify,True,,3,True,huggingface
renasrecipe.com,active_ecommerce,shopify,True,,3,True,huggingface
renasthreadandcrafts.com,active_ecommerce,shopify,True,,3,True,huggingface
renerofe.com,active_ecommerce,shopify,True,,3,True,huggingface
renner.cl,active_ecommerce,shopify,True,,3,True,huggingface
renpho.uk,active_ecommerce,shopify,True,,3,True,huggingface
rentanac.com,active_ecommerce,shopify,True,,3,True,huggingface
repackbox.com,active_ecommerce,shopify,True,,3,True,huggingface
repelwell.com,active_ecommerce,shopify,True,,3,True,huggingface
replaytoys.com,active_ecommerce,shopify,True,,3,True,huggingface
repquip.com,active_ecommerce,shopify,True,,3,True,huggingface
reptilecentre.com,active_ecommerce,shopify,True,,3,True,huggingface
reptilefood.com,active_ecommerce,shopify,True,,3,True,huggingface
res-res.com,active_ecommerce,shopify,True,,3,True,huggingface
rescuestrong.com,active_ecommerce,shopify,True,,3,True,huggingface
resilientsounds.shop,active_ecommerce,shopify,True,,3,True,huggingface
resipsausa.com,active_ecommerce,shopify,True,,3,True,huggingface
resoluna.com,active_ecommerce,shopify,True,,3,True,huggingface
respicare.ph,active_ecommerce,shopify,True,,3,True,huggingface
restaurantsupplydrop.com,active_ecommerce,shopify,True,,3,True,huggingface
restaurantware.com,active_ecommerce,shopify,True,,3,True,huggingface
restockyourkit.com,active_ecommerce,shopify,True,,3,True,huggingface
restorenaturals.com,active_ecommerce,shopify,True,,3,True,huggingface
retailsignage.co.za,active_ecommerce,shopify,True,,3,True,huggingface
retaur.com,active_ecommerce,shopify,True,,3,True,huggingface
return-coffee.com,active_ecommerce,shopify,True,,3,True,huggingface
reuse.mx,active_ecommerce,shopify,True,,3,True,huggingface
rev.co.th,active_ecommerce,shopify,True,,3,True,huggingface
revautocarcare.com,active_ecommerce,shopify,True,,3,True,huggingface
revealhorizons.com,active_ecommerce,shopify,True,,3,True,huggingface
revelrider.com,active_ecommerce,shopify,True,,3,True,huggingface
reversomatic.com,active_ecommerce,shopify,True,,3,True,huggingface
revolutionsoilandseed.com,active_ecommerce,shopify,True,,3,True,huggingface
revolutionyogaspace.com,active_ecommerce,shopify,True,,3,True,huggingface
rewash.com,active_ecommerce,shopify,True,,3,True,huggingface
rezekstudio.com,active_ecommerce,shopify,True,,3,True,huggingface
rhrpets.co.uk,active_ecommerce,shopify,True,,3,True,huggingface
rhrpets.fi,active_ecommerce,shopify,True,,3,True,huggingface
rhubarbstreet.co.uk,active_ecommerce,shopify,True,,3,True,huggingface
ri-son.com,active_ecommerce,shopify,True,,3,True,huggingface
richardgrand.com,active_ecommerce,shopify,True,,3,True,huggingface
richardsinverts-store.com,active_ecommerce,shopify,True,,3,True,huggingface
richardspackaging.co.uk,active_ecommerce,shopify,True,,3,True,huggingface
richviewglasses.com,active_ecommerce,shopify,True,,3,True,huggingface
ridecx.com,active_ecommerce,shopify,True,,3,True,huggingface
ridewithflow.com,active_ecommerce,shopify,True,,3,True,huggingface
ridgeback.yoga,active_ecommerce,shopify,True,,3,True,huggingface
ridgedash.com,active_ecommerce,shopify,True,,3,True,huggingface
ridgeworkscreations.com,active_ecommerce,shopify,True,,3,True,huggingface
riennadesigns.com.au,active_ecommerce,shopify,True,,3,True,huggingface
rigbypets.com,active_ecommerce,shopify,True,,3,True,huggingface
riggingshoppe.com,active_ecommerce,shopify,True,,3,True,huggingface
riikyu.com,active_ecommerce,shopify,True,,3,True,huggingface
rileybce.com,active_ecommerce,shopify,True,,3,True,huggingface
ripperonline.com.au,active_ecommerce,shopify,True,,3,True,huggingface
rippleyogawear.com,active_ecommerce,shopify,True,,3,True,huggingface
ritterwools.com,active_ecommerce,shopify,True,,3,True,huggingface
ritualsanitiser.com.au,active_ecommerce,shopify,True,,3,True,huggingface
rituil.com,active_ecommerce,shopify,True,,3,True,huggingface
riverbendranch.com,active_ecommerce,shopify,True,,3,True,huggingface
riverbreeze.info,active_ecommerce,shopify,True,,3,True,huggingface
rivercityhouseandhome.com.au,active_ecommerce,shopify,True,,3,True,huggingface
riversidepumpmfg.com,active_ecommerce,shopify,True,,3,True,huggingface
riversideyarns.ca,active_ecommerce,shopify,True,,3,True,huggingface
rmbpsupplies.com,active_ecommerce,shopify,True,,3,True,huggingface
rmd3d.com,active_ecommerce,shopify,True,,3,True,huggingface
roachandco.co.uk,active_ecommerce,shopify,True,,3,True,huggingface
roadtop.com,active_ecommerce,shopify,True,,3,True,huggingface
roadtoruinapparel.com,active_ecommerce,shopify,True,,3,True,huggingface
roadtriptape.com,active_ecommerce,shopify,True,,3,True,huggingface
roadwaytoys.com,active_ecommerce,shopify,True,,3,True,huggingface
roamwildproducts.co.uk,active_ecommerce,shopify,True,,3,True,huggingface
roarescue.org,active_ecommerce,shopify,True,,3,True,huggingface
roaringforkspice.com,active_ecommerce,shopify,True,,3,True,huggingface
robbiesbilliards.com,active_ecommerce,shopify,True,,3,True,huggingface
robbospetbarn.com.au,active_ecommerce,shopify,True,,3,True,huggingface
robertshawsfarmshop.co.uk,active_ecommerce,shopify,True,,3,True,huggingface
robertwstolz.com,active_ecommerce,shopify,True,,3,True,huggingface
robinspromiseyarn.com,active_ecommerce,shopify,True,,3,True,huggingface
robotdancebattle.com,active_ecommerce,shopify,True,,3,True,huggingface
rocatuk.com,active_ecommerce,shopify,True,,3,True,huggingface
rockadex.com.au,active_ecommerce,shopify,True,,3,True,huggingface
rockandrollcollectibles.com,active_ecommerce,shopify,True,,3,True,huggingface
rockatoll.com,active_ecommerce,shopify,True,,3,True,huggingface
rockawaytoys.co.uk,active_ecommerce,shopify,True,,3,True,huggingface
rocketcomicz.com,active_ecommerce,shopify,True,,3,True,huggingface
rockfarmhouse.com,active_ecommerce,shopify,True,,3,True,huggingface
rockindontheridge.com,active_ecommerce,shopify,True,,3,True,huggingface
rocknpaperco.com,active_ecommerce,shopify,True,,3,True,huggingface
rockpaperscissorsdux.com,active_ecommerce,shopify,True,,3,True,huggingface
rocksoup.net,active_ecommerce,shopify,True,,3,True,huggingface
rockymountainbarber.ca,active_ecommerce,shopify,True,,3,True,huggingface
rockymountainbioag.com,active_ecommerce,shopify,True,,3,True,huggingface
rockymountainpetshop.ca,active_ecommerce,shopify,True,,3,True,huggingface
rodhockeyshop.ca,active_ecommerce,shopify,True,,3,True,huggingface
rodneyclark.com,active_ecommerce,shopify,True,,3,True,huggingface
rogersgardens.com,active_ecommerce,shopify,True,,3,True,huggingface
rogue8.net,active_ecommerce,shopify,True,,3,True,huggingface
roguecapa.com,active_ecommerce,shopify,True,,3,True,huggingface
rogueraw.com.au,active_ecommerce,shopify,True,,3,True,huggingface
rogueworx.com,active_ecommerce,shopify,True,,3,True,huggingface
rojoouterwear.com,active_ecommerce,shopify,True,,3,True,huggingface
rokid.com,active_ecommerce,shopify,True,,3,True,huggingface
rollingmavericks.com,active_ecommerce,shopify,True,,3,True,huggingface
rollingwrenchdenver.com,active_ecommerce,shopify,True,,3,True,huggingface
rollyourownpapers.com,active_ecommerce,shopify,True,,3,True,huggingface
romelya.com,active_ecommerce,shopify,True,,3,True,huggingface
romniwools.ca,active_ecommerce,shopify,True,,3,True,huggingface
rongpeng.store,active_ecommerce,shopify,True,,3,True,huggingface
ronin.pk,active_ecommerce,shopify,True,,3,True,huggingface
rooftoprepublic.com,active_ecommerce,shopify,True,,3,True,huggingface
roomstock.cz,active_ecommerce,shopify,True,,3,True,huggingface
rooneyshardware.ie,active_ecommerce,shopify,True,,3,True,huggingface
roostcollection.com,active_ecommerce,shopify,True,,3,True,huggingface
rootedliving.shop,active_ecommerce,shopify,True,,3,True,huggingface
rootyogainc.com,active_ecommerce,shopify,True,,3,True,huggingface
rorytotherescue.org,active_ecommerce,shopify,True,,3,True,huggingface
roseandleeco.com,active_ecommerce,shopify,True,,3,True,huggingface
rosedalemills.com,active_ecommerce,shopify,True,,3,True,huggingface
rosehillyarns.com,active_ecommerce,shopify,True,,3,True,huggingface
rosenvy.com,active_ecommerce,shopify,True,,3,True,huggingface
roseuniquestyle.com,active_ecommerce,shopify,True,,3,True,huggingface
roseyarn.com,active_ecommerce,shopify,True,,3,True,huggingface
rosierfoods.com,active_ecommerce,shopify,True,,3,True,huggingface
roswear.com,active_ecommerce,shopify,True,,3,True,huggingface
round-house.com,active_ecommerce,shopify,True,,3,True,huggingface
rouri-official.com,active_ecommerce,shopify,True,,3,True,huggingface
route32ridinggear.com,active_ecommerce,shopify,True,,3,True,huggingface
routeone.co.uk,active_ecommerce,shopify,True,,3,True,huggingface
roverrituals.com,active_ecommerce,shopify,True,,3,True,huggingface
roverswellness.com,active_ecommerce,shopify,True,,3,True,huggingface
rowanair.com.au,active_ecommerce,shopify,True,,3,True,huggingface
rowdyroman.com,active_ecommerce,shopify,True,,3,True,huggingface
rowefarmstn.com,active_ecommerce,shopify,True,,3,True,huggingface
roxburypet.com,active_ecommerce,shopify,True,,3,True,huggingface
roxyandcompany.com,active_ecommerce,shopify,True,,3,True,huggingface
royalcanin.ca,active_ecommerce,shopify,True,,3,True,huggingface
royalcatboutique.com,active_ecommerce,shopify,True,,3,True,huggingface
royaldistributing.com,active_ecommerce,shopify,True,,3,True,huggingface
royalfamilyfarming.com,active_ecommerce,shopify,True,,3,True,huggingface
royalfans.com,active_ecommerce,shopify,True,,3,True,huggingface
royalhighnies.com,active_ecommerce,shopify,True,,3,True,huggingface
rpfedder.com,active_ecommerce,shopify,True,,3,True,huggingface
rpxpress.com,active_ecommerce,shopify,True,,3,True,huggingface
rrtoolstore.com,active_ecommerce,shopify,True,,3,True,huggingface
rs-wellness.com,active_ecommerce,shopify,True,,3,True,huggingface
rspcavic.org,active_ecommerce,shopify,True,,3,True,huggingface
rti-militarysurplus.com,active_ecommerce,shopify,True,,3,True,huggingface
rtlpackaging.com,active_ecommerce,shopify,True,,3,True,huggingface
rtparmor.com,active_ecommerce,shopify,True,,3,True,huggingface
rtrservices.co.uk,active_ecommerce,shopify,True,,3,True,huggingface
rubadubmedia.com,active_ecommerce,shopify,True,,3,True,huggingface
rubberjohnniesmasks.com,active_ecommerce,shopify,True,,3,True,huggingface
rubbernroad.com,active_ecommerce,shopify,True,,3,True,huggingface
rudgear.com,active_ecommerce,shopify,True,,3,True,huggingface
ruffandco.co.uk,active_ecommerce,shopify,True,,3,True,huggingface
rufftownrescue.com,active_ecommerce,shopify,True,,3,True,huggingface
rufskin.com,active_ecommerce,shopify,True,,3,True,huggingface
rufusandcoco.com,active_ecommerce,shopify,True,,3,True,huggingface
rufusandcoco.com.au,active_ecommerce,shopify,True,,3,True,huggingface
rugby.ca,active_ecommerce,shopify,True,,3,True,huggingface
ruggedyogi.com,active_ecommerce,shopify,True,,3,True,huggingface
rugrootacres.com,active_ecommerce,shopify,True,,3,True,huggingface
rugsusa.com,active_ecommerce,shopify,True,,3,True,huggingface
ruhros.com,active_ecommerce,shopify,True,,3,True,huggingface
ruiaan.com,active_ecommerce,shopify,True,,3,True,huggingface
ruminate.co.nz,active_ecommerce,shopify,True,,3,True,huggingface
rumorboardshop.com,active_ecommerce,shopify,True,,3,True,huggingface
runcompany.co.uk,active_ecommerce,shopify,True,,3,True,huggingface
rundogfood.com,active_ecommerce,shopify,True,,3,True,huggingface
rungne.com,active_ecommerce,shopify,True,,3,True,huggingface
runningdog.net.au,active_ecommerce,shopify,True,,3,True,huggingface
ruralview.uk,active_ecommerce,shopify,True,,3,True,huggingface
ruse.in,active_ecommerce,shopify,True,,3,True,huggingface
russellfeed.com,active_ecommerce,shopify,True,,3,True,huggingface
rustydesign.ca,active_ecommerce,shopify,True,,3,True,huggingface
rustywalls.com,active_ecommerce,shopify,True,,3,True,huggingface
rutabagashop.com,active_ecommerce,shopify,True,,3,True,huggingface
rvca.com.au,active_ecommerce,shopify,True,,3,True,huggingface
rvonline.com.au,active_ecommerce,shopify,True,,3,True,huggingface
rw-signs.co.uk,active_ecommerce,shopify,True,,3,True,huggingface
rwmedical.ca,active_ecommerce,shopify,True,,3,True,huggingface
rydesafe.com,active_ecommerce,shopify,True,,3,True,huggingface
ryesandshinesourdough.com,active_ecommerce,shopify,True,,3,True,huggingface
rypetmia.com,active_ecommerce,shopify,True,,3,True,huggingface
s2n.com.tw,active_ecommerce,shopify,True,,3,True,huggingface
saaki.co,active_ecommerce,shopify,True,,3,True,huggingface
saamisports.com,active_ecommerce,shopify,True,,3,True,huggingface
sabertacticalinc.com,active_ecommerce,shopify,True,,3,True,huggingface
sablyn.com,active_ecommerce,shopify,True,,3,True,huggingface
saboskirt.com,active_ecommerce,shopify,True,,3,True,huggingface
sacredpathsapothecary.org,active_ecommerce,shopify,True,,3,True,huggingface
sadaf.com,active_ecommerce,shopify,True,,3,True,huggingface
saddlerybarn.co.nz,active_ecommerce,shopify,True,,3,True,huggingface
safaripetcenter.com,active_ecommerce,shopify,True,,3,True,huggingface
safaristanspetcenter.com,active_ecommerce,shopify,True,,3,True,huggingface
safeandsoundhq.com,active_ecommerce,shopify,True,,3,True,huggingface
safetti.us,active_ecommerce,shopify,True,,3,True,huggingface
safetypackonline.com,active_ecommerce,shopify,True,,3,True,huggingface
safetysupplysolutions.com.au,active_ecommerce,shopify,True,,3,True,huggingface
safetyvestsandmore.com,active_ecommerce,shopify,True,,3,True,huggingface
safewaytractionstore.com,active_ecommerce,shopify,True,,3,True,huggingface
saficcoshop.com,active_ecommerce,shopify,True,,3,True,huggingface
sageandarrow.com,active_ecommerce,shopify,True,,3,True,huggingface
saigonmade.com,active_ecommerce,shopify,True,,3,True,huggingface
saint-charles.eu,active_ecommerce,shopify,True,,3,True,huggingface
saint-james.com,active_ecommerce,shopify,True,,3,True,huggingface
saku.co.in,active_ecommerce,shopify,True,,3,True,huggingface
saladpride.co.uk,active_ecommerce,shopify,True,,3,True,huggingface
salomontruckparts.com,active_ecommerce,shopify,True,,3,True,huggingface
saloosonline.com,active_ecommerce,shopify,True,,3,True,huggingface
salrog.com,active_ecommerce,shopify,True,,3,True,huggingface
saltandsodadesign.com.au,active_ecommerce,shopify,True,,3,True,huggingface
saltwaterswaddles.com,active_ecommerce,shopify,True,,3,True,huggingface
saltypawsdesign.com,active_ecommerce,shopify,True,,3,True,huggingface
saltyshreds.com.au,active_ecommerce,shopify,True,,3,True,huggingface
salualingerie.com,active_ecommerce,shopify,True,,3,True,huggingface
salvadorkitti.com,active_ecommerce,shopify,True,,3,True,huggingface
salvagemaria.com,active_ecommerce,shopify,True,,3,True,huggingface
samanchikan.com,active_ecommerce,shopify,True,,3,True,huggingface
samayogahouse.com,active_ecommerce,shopify,True,,3,True,huggingface
samdolman.com,active_ecommerce,shopify,True,,3,True,huggingface
samedaymusic.com,active_ecommerce,shopify,True,,3,True,huggingface
samesjournal.com,active_ecommerce,shopify,True,,3,True,huggingface
samima.net,active_ecommerce,shopify,True,,3,True,huggingface
samsara-cycle.com,active_ecommerce,shopify,True,,3,True,huggingface
samsdetailing.co.uk,active_ecommerce,shopify,True,,3,True,huggingface
samspets.com,active_ecommerce,shopify,True,,3,True,huggingface
sandeeboxing.com,active_ecommerce,shopify,True,,3,True,huggingface
sanfrenchie.com,active_ecommerce,shopify,True,,3,True,huggingface
sanglobal.org,active_ecommerce,shopify,True,,3,True,huggingface
sanskrutihomes.in,active_ecommerce,shopify,True,,3,True,huggingface
santaclaritaautosound.com,active_ecommerce,shopify,True,,3,True,huggingface
santicshop.com,active_ecommerce,shopify,True,,3,True,huggingface
sarabostfisherart.com,active_ecommerce,shopify,True,,3,True,huggingface
sarafrancesdesigns.com,active_ecommerce,shopify,True,,3,True,huggingface
sarahbethyoga.com,active_ecommerce,shopify,True,,3,True,huggingface
sarahfurever.com,active_ecommerce,shopify,True,,3,True,huggingface
sarahscuddlycanariesandparrots.com,active_ecommerce,shopify,True,,3,True,huggingface
sarahtaylorart.com,active_ecommerce,shopify,True,,3,True,huggingface
sarahthomsonmelrose.co.uk,active_ecommerce,shopify,True,,3,True,huggingface
sarifoods.co,active_ecommerce,shopify,True,,3,True,huggingface
sarrieri.com,active_ecommerce,shopify,True,,3,True,huggingface
sashascatshop.com,active_ecommerce,shopify,True,,3,True,huggingface
satchelkits.com,active_ecommerce,shopify,True,,3,True,huggingface
satopradhan.com,active_ecommerce,shopify,True,,3,True,huggingface
sattvaboutique.com,active_ecommerce,shopify,True,,3,True,huggingface
savannahpetfood.com,active_ecommerce,shopify,True,,3,True,huggingface
savemedical.com,active_ecommerce,shopify,True,,3,True,huggingface
savetheduck.com,active_ecommerce,shopify,True,,3,True,huggingface
saylittlehenshop.com,active_ecommerce,shopify,True,,3,True,huggingface
sbnf.net,active_ecommerce,shopify,True,,3,True,huggingface
sbpaperie.com,active_ecommerce,shopify,True,,3,True,huggingface
scalawagspetboutique.com,active_ecommerce,shopify,True,,3,True,huggingface
scaletrains.com,active_ecommerce,shopify,True,,3,True,huggingface
scandinavianedition.com,active_ecommerce,shopify,True,,3,True,huggingface
scarlettandjo.com,active_ecommerce,shopify,True,,3,True,huggingface
scarlettpoppies.com,active_ecommerce,shopify,True,,3,True,huggingface
scdprobiotics.com,active_ecommerce,shopify,True,,3,True,huggingface
scent2go.store,active_ecommerce,shopify,True,,3,True,huggingface
scentasticcreations.com,active_ecommerce,shopify,True,,3,True,huggingface
scentsationalsairfreshener.com,active_ecommerce,shopify,True,,3,True,huggingface
scentsbymeg.com,active_ecommerce,shopify,True,,3,True,huggingface
scentsofsoy.com,active_ecommerce,shopify,True,,3,True,huggingface
scentsouth.com,active_ecommerce,shopify,True,,3,True,huggingface
scentz4u.com,active_ecommerce,shopify,True,,3,True,huggingface
schleytools.com,active_ecommerce,shopify,True,,3,True,huggingface
schmancy.in,active_ecommerce,shopify,True,,3,True,huggingface
schmidtsfudgehaus.com,active_ecommerce,shopify,True,,3,True,huggingface
schneiderclinic.com,active_ecommerce,shopify,True,,3,True,huggingface
scholtas.com,active_ecommerce,shopify,True,,3,True,huggingface
schoolhousewoodcrafts.com,active_ecommerce,shopify,True,,3,True,huggingface
schoolquip.ie,active_ecommerce,shopify,True,,3,True,huggingface
schroederhifi.com,active_ecommerce,shopify,True,,3,True,huggingface
sciencesupplements.com,active_ecommerce,shopify,True,,3,True,huggingface
scoe10x.com,active_ecommerce,shopify,True,,3,True,huggingface
sconch.com,active_ecommerce,shopify,True,,3,True,huggingface
scooboo.in,active_ecommerce,shopify,True,,3,True,huggingface
scoopercleaner.com,active_ecommerce,shopify,True,,3,True,huggingface
scoopstyle.in,active_ecommerce,shopify,True,,3,True,huggingface
scopesandbarrels.com,active_ecommerce,shopify,True,,3,True,huggingface
scoriaworld.com,active_ecommerce,shopify,True,,3,True,huggingface
scotchporter.com,active_ecommerce,shopify,True,,3,True,huggingface
scottdalefeedandsupply.com,active_ecommerce,shopify,True,,3,True,huggingface
scousebirdshop.com,active_ecommerce,shopify,True,,3,True,huggingface
scratchfoundation.org,active_ecommerce,shopify,True,,3,True,huggingface
screamingchicken.com,active_ecommerce,shopify,True,,3,True,huggingface
screenmoove.com,active_ecommerce,shopify,True,,3,True,huggingface
screwfix.eu,active_ecommerce,shopify,True,,3,True,huggingface
screwsandbolts.com,active_ecommerce,shopify,True,,3,True,huggingface
scribbleandscratch.co.za,active_ecommerce,shopify,True,,3,True,huggingface
scribblebox.uk,active_ecommerce,shopify,True,,3,True,huggingface
sds.com.au,active_ecommerce,shopify,True,,3,True,huggingface
sdsaudios.com,active_ecommerce,shopify,True,,3,True,huggingface
sdsign.com,active_ecommerce,shopify,True,,3,True,huggingface
seaandpaper.com.au,active_ecommerce,shopify,True,,3,True,huggingface
seadogshop.com,active_ecommerce,shopify,True,,3,True,huggingface
seadoopwc.com,active_ecommerce,shopify,True,,3,True,huggingface
seadwelling.com,active_ecommerce,shopify,True,,3,True,huggingface
seaqual.co.za,active_ecommerce,shopify,True,,3,True,huggingface
searchbyinseam.com,active_ecommerce,shopify,True,,3,True,huggingface
seatecoutfitters.com,active_ecommerce,shopify,True,,3,True,huggingface
seathaus.com,active_ecommerce,shopify,True,,3,True,huggingface
sebby.com,active_ecommerce,shopify,True,,3,True,huggingface
sebskincare.com,active_ecommerce,shopify,True,,3,True,huggingface
secondearth.com.au,active_ecommerce,shopify,True,,3,True,huggingface
secretgirlstuff.com.au,active_ecommerce,shopify,True,,3,True,huggingface
secretlabsusa.com,active_ecommerce,shopify,True,,3,True,huggingface
secretofvedas.in,active_ecommerce,shopify,True,,3,True,huggingface
sedaclub.lk,active_ecommerce,shopify,True,,3,True,huggingface
seedpeoplesmarket.com,active_ecommerce,shopify,True,,3,True,huggingface
seedsoflife.com.au,active_ecommerce,shopify,True,,3,True,huggingface
seeherwork.com,active_ecommerce,shopify,True,,3,True,huggingface
seesawyerrun.com,active_ecommerce,shopify,True,,3,True,huggingface
seirus.com,active_ecommerce,shopify,True,,3,True,huggingface
sekelskifte.com,active_ecommerce,shopify,True,,3,True,huggingface
selectionofdeals.com,active_ecommerce,shopify,True,,3,True,huggingface
selectsupplystore.com,active_ecommerce,shopify,True,,3,True,huggingface
selfanistore.com,active_ecommerce,shopify,True,,3,True,huggingface
selfieleslie.com,active_ecommerce,shopify,True,,3,True,huggingface
selfstriping.com,active_ecommerce,shopify,True,,3,True,huggingface
sellabi.com,active_ecommerce,shopify,True,,3,True,huggingface
sellerbetterinc.com,active_ecommerce,shopify,True,,3,True,huggingface
sellhiddin.com,active_ecommerce,shopify,True,,3,True,huggingface
semanticstore.com,active_ecommerce,shopify,True,,3,True,huggingface
sementanks.com,active_ecommerce,shopify,True,,3,True,huggingface
semoncashmere.com,active_ecommerce,shopify,True,,3,True,huggingface
semyapetboutique.com,active_ecommerce,shopify,True,,3,True,huggingface
sendatoy.com.au,active_ecommerce,shopify,True,,3,True,huggingface
sendiapparel.com,active_ecommerce,shopify,True,,3,True,huggingface
sendmewaffles.com,active_ecommerce,shopify,True,,3,True,huggingface
senelux.co.uk,active_ecommerce,shopify,True,,3,True,huggingface
seniqbrand.com,active_ecommerce,shopify,True,,3,True,huggingface
sennuopu.com,active_ecommerce,shopify,True,,3,True,huggingface
senqu.co.za,active_ecommerce,shopify,True,,3,True,huggingface
sensor-1.com,active_ecommerce,shopify,True,,3,True,huggingface
sensyyarns.com,active_ecommerce,shopify,True,,3,True,huggingface
sentaler.com,active_ecommerce,shopify,True,,3,True,huggingface
serax.com,active_ecommerce,shopify,True,,3,True,huggingface
sereneinnovations.com,active_ecommerce,shopify,True,,3,True,huggingface
sereneroutine.com,active_ecommerce,shopify,True,,3,True,huggingface
sereniby.com,active_ecommerce,shopify,True,,3,True,huggingface
sergeantben.com,active_ecommerce,shopify,True,,3,True,huggingface
seroflora.com,active_ecommerce,shopify,True,,3,True,huggingface
sethslittlezoo.co.uk,active_ecommerce,shopify,True,,3,True,huggingface
settlerssupplies.ca,active_ecommerce,shopify,True,,3,True,huggingface
setyrescommercial.com,active_ecommerce,shopify,True,,3,True,huggingface
sevenhillsbioreagents.com,active_ecommerce,shopify,True,,3,True,huggingface
sevenscreekwagyu.com.au,active_ecommerce,shopify,True,,3,True,huggingface
sevina.in,active_ecommerce,shopify,True,,3,True,huggingface
sewanti.com,active_ecommerce,shopify,True,,3,True,huggingface
sewingpartsonline.com,active_ecommerce,shopify,True,,3,True,huggingface
sf-airsoft.com,active_ecommerce,shopify,True,,3,True,huggingface
sfreshener.com,active_ecommerce,shopify,True,,3,True,huggingface
sfumbrella.com,active_ecommerce,shopify,True,,3,True,huggingface
sgcbdirect.com,active_ecommerce,shopify,True,,3,True,huggingface
sgereadershop.com,active_ecommerce,shopify,True,,3,True,huggingface
sgimerchandising.com,active_ecommerce,shopify,True,,3,True,huggingface
sgpackaging.com.au,active_ecommerce,shopify,True,,3,True,huggingface
shadowtactical.org,active_ecommerce,shopify,True,,3,True,huggingface
shagbarklumber.com,active_ecommerce,shopify,True,,3,True,huggingface
shahidaparides.com,active_ecommerce,shopify,True,,3,True,huggingface
shakeel.ae,active_ecommerce,shopify,True,,3,True,huggingface
shaktiaw.com,active_ecommerce,shopify,True,,3,True,huggingface
shaktimat.co.uk,active_ecommerce,shopify,True,,3,True,huggingface
shaktiwarrior.in,active_ecommerce,shopify,True,,3,True,huggingface
shaktiwarriorshop.com,active_ecommerce,shopify,True,,3,True,huggingface
shaktiyogawheel.com,active_ecommerce,shopify,True,,3,True,huggingface
shallweknit.com,active_ecommerce,shopify,True,,3,True,huggingface
shapemoda.com,active_ecommerce,shopify,True,,3,True,huggingface
shapewear.pk,active_ecommerce,shopify,True,,3,True,huggingface
shararat.in,active_ecommerce,shopify,True,,3,True,huggingface
sharethelovetoday.com,active_ecommerce,shopify,True,,3,True,huggingface
sharpspigandpet.com,active_ecommerce,shopify,True,,3,True,huggingface
sharptronics.in,active_ecommerce,shopify,True,,3,True,huggingface
sharpworks.co.uk,active_ecommerce,shopify,True,,3,True,huggingface
shastasafety.com,active_ecommerce,shopify,True,,3,True,huggingface
shatlasky.com,active_ecommerce,shopify,True,,3,True,huggingface
shearwatereco.com,active_ecommerce,shopify,True,,3,True,huggingface
shebella.co,active_ecommerce,shopify,True,,3,True,huggingface
sheepinc.com,active_ecommerce,shopify,True,,3,True,huggingface
sheepskin.com,active_ecommerce,shopify,True,,3,True,huggingface
sheepskinmama.com,active_ecommerce,shopify,True,,3,True,huggingface
shelfieshoppe.com,active_ecommerce,shopify,True,,3,True,huggingface
shellbacktands.com,active_ecommerce,shopify,True,,3,True,huggingface
shelterathome.org,active_ecommerce,shopify,True,,3,True,huggingface
shelteredanimals.com.au,active_ecommerce,shopify,True,,3,True,huggingface
sheratonluxuries.com,active_ecommerce,shopify,True,,3,True,huggingface
sherodmarquez.com,active_ecommerce,shopify,True,,3,True,huggingface
sherpa4x4.com.au,active_ecommerce,shopify,True,,3,True,huggingface
shetlandwoollen.co,active_ecommerce,shopify,True,,3,True,huggingface
sheyle.com,active_ecommerce,shopify,True,,3,True,huggingface
shiimmer.com,active_ecommerce,shopify,True,,3,True,huggingface
shimmyshineclothing.com,active_ecommerce,shopify,True,,3,True,huggingface
shinebrightshop.com,active_ecommerce,shopify,True,,3,True,huggingface
shinerollingpapers.com,active_ecommerce,shopify,True,,3,True,huggingface
shinnymoment.com,active_ecommerce,shopify,True,,3,True,huggingface
shipwreckedcollectibles.com,active_ecommerce,shopify,True,,3,True,huggingface
shirazkitchen.com,active_ecommerce,shopify,True,,3,True,huggingface
shirtystyle.com,active_ecommerce,shopify,True,,3,True,huggingface
shockino.it,active_ecommerce,shopify,True,,3,True,huggingface
shooby.eu,active_ecommerce,shopify,True,,3,True,huggingface
shooinoptics.com,active_ecommerce,shopify,True,,3,True,huggingface
shop-olivia.com,active_ecommerce,shopify,True,,3,True,huggingface
shop-tah.com,active_ecommerce,shopify,True,,3,True,huggingface
shop-woof.com,active_ecommerce,shopify,True,,3,True,huggingface
shop27west.com,active_ecommerce,shopify,True,,3,True,huggingface
shop4simplepleasures.com,active_ecommerce,shopify,True,,3,True,huggingface
shop7degrees.com,active_ecommerce,shopify,True,,3,True,huggingface
shopagapanthus.com,active_ecommerce,shopify,True,,3,True,huggingface
shopalanuit.com,active_ecommerce,shopify,True,,3,True,huggingface
shopalivia.com,active_ecommerce,shopify,True,,3,True,huggingface
shopamicreative.com,active_ecommerce,shopify,True,,3,True,huggingface
shopango.com,active_ecommerce,shopify,True,,3,True,huggingface
shopasphalt.com,active_ecommerce,shopify,True,,3,True,huggingface
shopatgrace.com,active_ecommerce,shopify,True,,3,True,huggingface
shopatkiosk.com,active_ecommerce,shopify,True,,3,True,huggingface
shopaudiodepot.com,active_ecommerce,shopify,True,,3,True,huggingface
shopaudioxtc.com,active_ecommerce,shopify,True,,3,True,huggingface
shopaziam.com,active_ecommerce,shopify,True,,3,True,huggingface
shopbabanana.com,active_ecommerce,shopify,True,,3,True,huggingface
shopblackcatclub.com,active_ecommerce,shopify,True,,3,True,huggingface
shopbloved.com,active_ecommerce,shopify,True,,3,True,huggingface
shopbluehorizonco.com,active_ecommerce,shopify,True,,3,True,huggingface
shopcatbox.com,active_ecommerce,shopify,True,,3,True,huggingface
shopcheekybeaks.com,active_ecommerce,shopify,True,,3,True,huggingface
shopcoordinates.com,active_ecommerce,shopify,True,,3,True,huggingface
shopcreativecotton.com,active_ecommerce,shopify,True,,3,True,huggingface
shopcuddl.com,active_ecommerce,shopify,True,,3,True,huggingface
shopdisama.com,active_ecommerce,shopify,True,,3,True,huggingface
shopdogandco.com,active_ecommerce,shopify,True,,3,True,huggingface
shopdraftkings.com,active_ecommerce,shopify,True,,3,True,huggingface
shope9.com,active_ecommerce,shopify,True,,3,True,huggingface
shopedenbeautyco.com,active_ecommerce,shopify,True,,3,True,huggingface
shopeightcats.com,active_ecommerce,shopify,True,,3,True,huggingface
shopelpis.com,active_ecommerce,shopify,True,,3,True,huggingface
shopenasupply.com,active_ecommerce,shopify,True,,3,True,huggingface
shopermajean.com,active_ecommerce,shopify,True,,3,True,huggingface
shopeshsgrocery.com,active_ecommerce,shopify,True,,3,True,huggingface
shopettaandeast.com,active_ecommerce,shopify,True,,3,True,huggingface
shopeverydayleisure.com,active_ecommerce,shopify,True,,3,True,huggingface
shopfasttrack.com,active_ecommerce,shopify,True,,3,True,huggingface
shopfavoritesister.com,active_ecommerce,shopify,True,,3,True,huggingface
shopflatwhite.com,active_ecommerce,shopify,True,,3,True,huggingface
shopfourpaws.com,active_ecommerce,shopify,True,,3,True,huggingface
shopfoxandhound.com,active_ecommerce,shopify,True,,3,True,huggingface
shopfrancis.com,active_ecommerce,shopify,True,,3,True,huggingface
shopfrenchtoast.com,active_ecommerce,shopify,True,,3,True,huggingface
shopgreentech.com,active_ecommerce,shopify,True,,3,True,huggingface
shophandrfabrics.com,active_ecommerce,shopify,True,,3,True,huggingface
shophaori.com,active_ecommerce,shopify,True,,3,True,huggingface
shophouseofhampton.com,active_ecommerce,shopify,True,,3,True,huggingface
shopkeymedco.com,active_ecommerce,shopify,True,,3,True,huggingface
shoplabelle.net,active_ecommerce,shopify,True,,3,True,huggingface
shoplacera.com,active_ecommerce,shopify,True,,3,True,huggingface
shoplachi.com,active_ecommerce,shopify,True,,3,True,huggingface
shoplazydog.com,active_ecommerce,shopify,True,,3,True,huggingface
shoplazypants.com,active_ecommerce,shopify,True,,3,True,huggingface
shoplerose.com,active_ecommerce,shopify,True,,3,True,huggingface
shoplittlebirdkids.com,active_ecommerce,shopify,True,,3,True,huggingface
shoplivepeefree.com,active_ecommerce,shopify,True,,3,True,huggingface
shoploveletters.com,active_ecommerce,shopify,True,,3,True,huggingface
shoplucylovely.com,active_ecommerce,shopify,True,,3,True,huggingface
shopmavela.com,active_ecommerce,shopify,True,,3,True,huggingface
shopmedicisupply.com,active_ecommerce,shopify,True,,3,True,huggingface
shopmeoow.com,active_ecommerce,shopify,True,,3,True,huggingface
shopmint.com,active_ecommerce,shopify,True,,3,True,huggingface
shopmjsupply.com,active_ecommerce,shopify,True,,3,True,huggingface
shopmnairsoft.com,active_ecommerce,shopify,True,,3,True,huggingface
shopmodoyoga.com,active_ecommerce,shopify,True,,3,True,huggingface
shopmonkeywrench.net,active_ecommerce,shopify,True,,3,True,huggingface
shopmovido.com,active_ecommerce,shopify,True,,3,True,huggingface
shopmvs.com,active_ecommerce,shopify,True,,3,True,huggingface
shopnewmantools.com,active_ecommerce,shopify,True,,3,True,huggingface
shopnilaskies.com,active_ecommerce,shopify,True,,3,True,huggingface
shopninenorth.com,active_ecommerce,shopify,True,,3,True,huggingface
shopnz.com,active_ecommerce,shopify,True,,3,True,huggingface
shoponair.ca,active_ecommerce,shopify,True,,3,True,huggingface
shopotto.ca,active_ecommerce,shopify,True,,3,True,huggingface
shoppatricks.com,active_ecommerce,shopify,True,,3,True,huggingface
shoppingkara.in,active_ecommerce,shopify,True,,3,True,huggingface
shoppingsimba.com,active_ecommerce,shopify,True,,3,True,huggingface
shoppodolinsky.com,active_ecommerce,shopify,True,,3,True,huggingface
shoppointgifts.com,active_ecommerce,shopify,True,,3,True,huggingface
shoppunchclothing.com,active_ecommerce,shopify,True,,3,True,huggingface
shoppurrgatory.com,active_ecommerce,shopify,True,,3,True,huggingface
shopreverieco.com,active_ecommerce,shopify,True,,3,True,huggingface
shopricci.com,active_ecommerce,shopify,True,,3,True,huggingface
shoprockford.com,active_ecommerce,shopify,True,,3,True,huggingface
shopromantiques.com,active_ecommerce,shopify,True,,3,True,huggingface
shopronayers.com,active_ecommerce,shopify,True,,3,True,huggingface
shopsabre.com,active_ecommerce,shopify,True,,3,True,huggingface
shopscanpap.com,active_ecommerce,shopify,True,,3,True,huggingface
shopshowroom.com,active_ecommerce,shopify,True,,3,True,huggingface
shopsmalltownsports.com,active_ecommerce,shopify,True,,3,True,huggingface
shopsmartcanada.com,active_ecommerce,shopify,True,,3,True,huggingface
shopsportsmansoutlet.com,active_ecommerce,shopify,True,,3,True,huggingface
shopsta.co.uk,active_ecommerce,shopify,True,,3,True,huggingface
shopstakt.com,active_ecommerce,shopify,True,,3,True,huggingface
shopsustainablegrace.com,active_ecommerce,shopify,True,,3,True,huggingface
shopsuvana.com,active_ecommerce,shopify,True,,3,True,huggingface
shopsymtek.com,active_ecommerce,shopify,True,,3,True,huggingface
shopthenestegg.com,active_ecommerce,shopify,True,,3,True,huggingface
shopthenovogratz.com,active_ecommerce,shopify,True,,3,True,huggingface
shopthepawster.com,active_ecommerce,shopify,True,,3,True,huggingface
shoptopdogproducts.com,active_ecommerce,shopify,True,,3,True,huggingface
shoptreatdreams.com,active_ecommerce,shopify,True,,3,True,huggingface
shopturboglam.com,active_ecommerce,shopify,True,,3,True,huggingface
shoptwoskirts.com,active_ecommerce,shopify,True,,3,True,huggingface
shopvelocitypaintball.com,active_ecommerce,shopify,True,,3,True,huggingface
shopvolashes.com,active_ecommerce,shopify,True,,3,True,huggingface
shopwagandtail.com,active_ecommerce,shopify,True,,3,True,huggingface
shopwaterlux.com,active_ecommerce,shopify,True,,3,True,huggingface
shopwayre.com,active_ecommerce,shopify,True,,3,True,huggingface
shopwebbys.com,active_ecommerce,shopify,True,,3,True,huggingface
shopyomp.com,active_ecommerce,shopify,True,,3,True,huggingface
shoreshops.com,active_ecommerce,shopify,True,,3,True,huggingface
shorethingpetsupply.com,active_ecommerce,shopify,True,,3,True,huggingface
shotleyvineyard.co.uk,active_ecommerce,shopify,True,,3,True,huggingface
showoffff.in,active_ecommerce,shopify,True,,3,True,huggingface
showoffyourthreads.com,active_ecommerce,shopify,True,,3,True,huggingface
showtymetables.com,active_ecommerce,shopify,True,,3,True,huggingface
shredastic.com,active_ecommerce,shopify,True,,3,True,huggingface
shrewsburycountrywear.com,active_ecommerce,shopify,True,,3,True,huggingface
shropshireanimalarks.co.uk,active_ecommerce,shopify,True,,3,True,huggingface
shropshiremanufacturing.co.uk,active_ecommerce,shopify,True,,3,True,huggingface
shytiger.com.au,active_ecommerce,shopify,True,,3,True,huggingface
sibrostore.com,active_ecommerce,shopify,True,,3,True,huggingface
sideout.com,active_ecommerce,shopify,True,,3,True,huggingface
sierramadregolf.com,active_ecommerce,shopify,True,,3,True,huggingface
sierrasolutions.com,active_ecommerce,shopify,True,,3,True,huggingface
sierratek.com.au,active_ecommerce,shopify,True,,3,True,huggingface
sifitoys.com,active_ecommerce,shopify,True,,3,True,huggingface
sightpro.com,active_ecommerce,shopify,True,,3,True,huggingface
sigikid-usa.com,active_ecommerce,shopify,True,,3,True,huggingface
signalbooster.com,active_ecommerce,shopify,True,,3,True,huggingface
significantservices.com,active_ecommerce,shopify,True,,3,True,huggingface
signtradesupplies.co.uk,active_ecommerce,shopify,True,,3,True,huggingface
sigr.cc,active_ecommerce,shopify,True,,3,True,huggingface
silaiwali.com,active_ecommerce,shopify,True,,3,True,huggingface
silenttheory.com.au,active_ecommerce,shopify,True,,3,True,huggingface
siliconedirect.co.uk,active_ecommerce,shopify,True,,3,True,huggingface
siliconehoseuk.co.uk,active_ecommerce,shopify,True,,3,True,huggingface
siliconesandmore.com,active_ecommerce,shopify,True,,3,True,huggingface
silkcityfibers.com,active_ecommerce,shopify,True,,3,True,huggingface
silkieherbs.com,active_ecommerce,shopify,True,,3,True,huggingface
sillydog.co,active_ecommerce,shopify,True,,3,True,huggingface
sillygoosepets.com,active_ecommerce,shopify,True,,3,True,huggingface
silvercirclepets.co.uk,active_ecommerce,shopify,True,,3,True,huggingface
silvercrossbaby.com,active_ecommerce,shopify,True,,3,True,huggingface
silverfoot.com,active_ecommerce,shopify,True,,3,True,huggingface
silversnail.com,active_ecommerce,shopify,True,,3,True,huggingface
silvertraq.com,active_ecommerce,shopify,True,,3,True,huggingface
silverts.ca,active_ecommerce,shopify,True,,3,True,huggingface
silverwavecorporation.com,active_ecommerce,shopify,True,,3,True,huggingface
simixusa.com,active_ecommerce,shopify,True,,3,True,huggingface
simpleairsoft.com,active_ecommerce,shopify,True,,3,True,huggingface
simpledeals.com.au,active_ecommerce,shopify,True,,3,True,huggingface
simplefix.co.uk,active_ecommerce,shopify,True,,3,True,huggingface
simpletimestraditions.com,active_ecommerce,shopify,True,,3,True,huggingface
simplewoodturningtools.com,active_ecommerce,shopify,True,,3,True,huggingface
simplimagic.com,active_ecommerce,shopify,True,,3,True,huggingface
simplybvermont.com,active_ecommerce,shopify,True,,3,True,huggingface
simplyfilters.com,active_ecommerce,shopify,True,,3,True,huggingface
simplymerchandise.com.au,active_ecommerce,shopify,True,,3,True,huggingface
simplyrural.co.nz,active_ecommerce,shopify,True,,3,True,huggingface
simplysupplied.co,active_ecommerce,shopify,True,,3,True,huggingface
simsfamilyflowerfarm.com,active_ecommerce,shopify,True,,3,True,huggingface
sinderella.in,active_ecommerce,shopify,True,,3,True,huggingface
singlesploot.com,active_ecommerce,shopify,True,,3,True,huggingface
singvet.sg,active_ecommerce,shopify,True,,3,True,huggingface
sinja.com.np,active_ecommerce,shopify,True,,3,True,huggingface
sinotech.it,active_ecommerce,shopify,True,,3,True,huggingface
sinupulse.com,active_ecommerce,shopify,True,,3,True,huggingface
sinusauna.com,active_ecommerce,shopify,True,,3,True,huggingface
sinusave.com,active_ecommerce,shopify,True,,3,True,huggingface
sirhare.com,active_ecommerce,shopify,True,,3,True,huggingface
siriusnaturalpetfoods.com,active_ecommerce,shopify,True,,3,True,huggingface
sirplussales.com,active_ecommerce,shopify,True,,3,True,huggingface
sirromet.com,active_ecommerce,shopify,True,,3,True,huggingface
sirthelabel.com,active_ecommerce,shopify,True,,3,True,huggingface
sisnsislashes.com,active_ecommerce,shopify,True,,3,True,huggingface
sistersbythesea.co,active_ecommerce,shopify,True,,3,True,huggingface
sitarastudio.pk,active_ecommerce,shopify,True,,3,True,huggingface
siterwellhome.com,active_ecommerce,shopify,True,,3,True,huggingface
sixspringsfarms.com,active_ecommerce,shopify,True,,3,True,huggingface
sjworganizers.com,active_ecommerce,shopify,True,,3,True,huggingface
skeinyarnshop.com,active_ecommerce,shopify,True,,3,True,huggingface
skeletonkeyboutique.com,active_ecommerce,shopify,True,,3,True,huggingface
sketos.co,active_ecommerce,shopify,True,,3,True,huggingface
skhoop.us,active_ecommerce,shopify,True,,3,True,huggingface
skidelaine.com,active_ecommerce,shopify,True,,3,True,huggingface
skidmore-wilhelm.com,active_ecommerce,shopify,True,,3,True,huggingface
skiffdogs.com,active_ecommerce,shopify,True,,3,True,huggingface
skilldiy.com,active_ecommerce,shopify,True,,3,True,huggingface
skinandthreads.com,active_ecommerce,shopify,True,,3,True,huggingface
skinglowpro.com,active_ecommerce,shopify,True,,3,True,huggingface
skinhelpzone.com,active_ecommerce,shopify,True,,3,True,huggingface
skinrocks.com,active_ecommerce,shopify,True,,3,True,huggingface
skirdle.com,active_ecommerce,shopify,True,,3,True,huggingface
skirtznco.com,active_ecommerce,shopify,True,,3,True,huggingface
skitheeast.net,active_ecommerce,shopify,True,,3,True,huggingface
skoolkrafts.com,active_ecommerce,shopify,True,,3,True,huggingface
skoutshonor.com,active_ecommerce,shopify,True,,3,True,huggingface
skullbliss.com,active_ecommerce,shopify,True,,3,True,huggingface
skylahomes.co,active_ecommerce,shopify,True,,3,True,huggingface
skylosfoods.com,active_ecommerce,shopify,True,,3,True,huggingface
slais.it,active_ecommerce,shopify,True,,3,True,huggingface
slamsanctuary.com,active_ecommerce,shopify,True,,3,True,huggingface
slapzaudio.com,active_ecommerce,shopify,True,,3,True,huggingface
slash2gash.com,active_ecommerce,shopify,True,,3,True,huggingface
sleepdogmattress.com,active_ecommerce,shopify,True,,3,True,huggingface
sleeplove.co,active_ecommerce,shopify,True,,3,True,huggingface
sleepmonkey.ca,active_ecommerce,shopify,True,,3,True,huggingface
sleepoverclub.co.uk,active_ecommerce,shopify,True,,3,True,huggingface
sleepqplus.com,active_ecommerce,shopify,True,,3,True,huggingface
sleepy-fox.com,active_ecommerce,shopify,True,,3,True,huggingface
sleepybungalow.com,active_ecommerce,shopify,True,,3,True,huggingface
sleepycat.in,active_ecommerce,shopify,True,,3,True,huggingface
sleepydoe.com,active_ecommerce,shopify,True,,3,True,huggingface
sleepymountain.com,active_ecommerce,shopify,True,,3,True,huggingface
sleepypod.ca,active_ecommerce,shopify,True,,3,True,huggingface
slessic.com,active_ecommerce,shopify,True,,3,True,huggingface
slickersdoghouse.co.uk,active_ecommerce,shopify,True,,3,True,huggingface
slimsdetailing.co.uk,active_ecommerce,shopify,True,,3,True,huggingface
slip77.com,active_ecommerce,shopify,True,,3,True,huggingface
slipsaway.co.uk,active_ecommerce,shopify,True,,3,True,huggingface
slobberchopsdogtreats.com.au,active_ecommerce,shopify,True,,3,True,huggingface
slofloworld.com,active_ecommerce,shopify,True,,3,True,huggingface
slouchpotato.com,active_ecommerce,shopify,True,,3,True,huggingface
slowpoursupply.co,active_ecommerce,shopify,True,,3,True,huggingface
slumberdown.co.uk,active_ecommerce,shopify,True,,3,True,huggingface
slyandco.com,active_ecommerce,shopify,True,,3,True,huggingface
smackbang.co.nz,active_ecommerce,shopify,True,,3,True,huggingface
smallkind.co.uk,active_ecommerce,shopify,True,,3,True,huggingface
smallpetselect.co.uk,active_ecommerce,shopify,True,,3,True,huggingface
smallpetselect.com,active_ecommerce,shopify,True,,3,True,huggingface
smappliance.com,active_ecommerce,shopify,True,,3,True,huggingface
smartanimaltraining.com,active_ecommerce,shopify,True,,3,True,huggingface
smartbabydecor.com,active_ecommerce,shopify,True,,3,True,huggingface
smartboards.com,active_ecommerce,shopify,True,,3,True,huggingface
smartcareind.in,active_ecommerce,shopify,True,,3,True,huggingface
smartcatsstayhome.com.au,active_ecommerce,shopify,True,,3,True,huggingface
smartcookietreats.com,active_ecommerce,shopify,True,,3,True,huggingface
smarterhepa.com,active_ecommerce,shopify,True,,3,True,huggingface
smarthvacdirect.com,active_ecommerce,shopify,True,,3,True,huggingface
smartmiglobal.com,active_ecommerce,shopify,True,,3,True,huggingface
smartpartsfilters.com,active_ecommerce,shopify,True,,3,True,huggingface
smartpetbeds.co.uk,active_ecommerce,shopify,True,,3,True,huggingface
smartteamhk.com,active_ecommerce,shopify,True,,3,True,huggingface
smartypantspaper.com,active_ecommerce,shopify,True,,3,True,huggingface
smashdandy.com,active_ecommerce,shopify,True,,3,True,huggingface
smatrulsmart.com,active_ecommerce,shopify,True,,3,True,huggingface
smellofdubai.com,active_ecommerce,shopify,True,,3,True,huggingface
smellsgoodwaxco.com,active_ecommerce,shopify,True,,3,True,huggingface
smgspeed.com,active_ecommerce,shopify,True,,3,True,huggingface
smilyeez.com,active_ecommerce,shopify,True,,3,True,huggingface
smlybts.com.au,active_ecommerce,shopify,True,,3,True,huggingface
smockingbirdsgifts.com,active_ecommerce,shopify,True,,3,True,huggingface
smoonypaws.com.au,active_ecommerce,shopify,True,,3,True,huggingface
smscaraudio.com,active_ecommerce,shopify,True,,3,True,huggingface
smsl.shop,active_ecommerce,shopify,True,,3,True,huggingface
smtilingtools.com,active_ecommerce,shopify,True,,3,True,huggingface
smulstore.com,active_ecommerce,shopify,True,,3,True,huggingface
snackshomemadetreats.com,active_ecommerce,shopify,True,,3,True,huggingface
snaks5thavenchew.com,active_ecommerce,shopify,True,,3,True,huggingface
snarlrescue.ca,active_ecommerce,shopify,True,,3,True,huggingface
snehalayaasilks.com,active_ecommerce,shopify,True,,3,True,huggingface
snikyfox.com,active_ecommerce,shopify,True,,3,True,huggingface
snkrroom.com,active_ecommerce,shopify,True,,3,True,huggingface
snkrsmayoreo.mx,active_ecommerce,shopify,True,,3,True,huggingface
snooplay.in,active_ecommerce,shopify,True,,3,True,huggingface
snootstyle.com,active_ecommerce,shopify,True,,3,True,huggingface
snoozeforpooch.com,active_ecommerce,shopify,True,,3,True,huggingface
snorgtees.com,active_ecommerce,shopify,True,,3,True,huggingface
snowandgraham.com,active_ecommerce,shopify,True,,3,True,huggingface
snowskierswarehouse.com.au,active_ecommerce,shopify,True,,3,True,huggingface
snowsport.com,active_ecommerce,shopify,True,,3,True,huggingface
sntbiotech.com,active_ecommerce,shopify,True,,3,True,huggingface
sntsbmedia.com,active_ecommerce,shopify,True,,3,True,huggingface
snuckfarm.com,active_ecommerce,shopify,True,,3,True,huggingface
snugbums.co.uk,active_ecommerce,shopify,True,,3,True,huggingface
snugglebugz.ca,active_ecommerce,shopify,True,,3,True,huggingface
snugglepetlounge.com.au,active_ecommerce,shopify,True,,3,True,huggingface
snuggsegypt.com,active_ecommerce,shopify,True,,3,True,huggingface
snugwhisker.com,active_ecommerce,shopify,True,,3,True,huggingface
snurre.fi,active_ecommerce,shopify,True,,3,True,huggingface
soapandpaperfactory.com,active_ecommerce,shopify,True,,3,True,huggingface
sobtactical.com,active_ecommerce,shopify,True,,3,True,huggingface
socaclothing.com,active_ecommerce,shopify,True,,3,True,huggingface
socarchemical.com,active_ecommerce,shopify,True,,3,True,huggingface
socialpapercompany.com,active_ecommerce,shopify,True,,3,True,huggingface
societyoffelineartists.org,active_ecommerce,shopify,True,,3,True,huggingface
socoldenterprises.com,active_ecommerce,shopify,True,,3,True,huggingface
sodacentre.com,active_ecommerce,shopify,True,,3,True,huggingface
soeis.ch,active_ecommerce,shopify,True,,3,True,huggingface
sofieschnoor.com,active_ecommerce,shopify,True,,3,True,huggingface
sofo-soler.mu,active_ecommerce,shopify,True,,3,True,huggingface
soft-sleep.com,active_ecommerce,shopify,True,,3,True,huggingface
softairandgame.com,active_ecommerce,shopify,True,,3,True,huggingface
softgun.fr,active_ecommerce,shopify,True,,3,True,huggingface
softminkyblankets.com,active_ecommerce,shopify,True,,3,True,huggingface
softsie.com,active_ecommerce,shopify,True,,3,True,huggingface
softspikes.co.uk,active_ecommerce,shopify,True,,3,True,huggingface
soggydoggydoormat.com,active_ecommerce,shopify,True,,3,True,huggingface
sogoodgeneralstore.com,active_ecommerce,shopify,True,,3,True,huggingface
sohaliving.com,active_ecommerce,shopify,True,,3,True,huggingface
sohnreyfamilyfoods.com,active_ecommerce,shopify,True,,3,True,huggingface
soilsamplers.com,active_ecommerce,shopify,True,,3,True,huggingface
solid.com.au,active_ecommerce,shopify,True,,3,True,huggingface
solovedress.com,active_ecommerce,shopify,True,,3,True,huggingface
solsticemed.com,active_ecommerce,shopify,True,,3,True,huggingface
solutionshocl.com,active_ecommerce,shopify,True,,3,True,huggingface
somerlap.co.uk,active_ecommerce,shopify,True,,3,True,huggingface
sonicake.com,active_ecommerce,shopify,True,,3,True,huggingface
sonnetjames.com,active_ecommerce,shopify,True,,3,True,huggingface
sonoff.tech,active_ecommerce,shopify,True,,3,True,huggingface
sonyahopkins.com,active_ecommerce,shopify,True,,3,True,huggingface
sophiaelectric.com,active_ecommerce,shopify,True,,3,True,huggingface
sophialustig.com,active_ecommerce,shopify,True,,3,True,huggingface
sopsyched.com,active_ecommerce,shopify,True,,3,True,huggingface
sorealhealth.com,active_ecommerce,shopify,True,,3,True,huggingface
sorokalondon.co.uk,active_ecommerce,shopify,True,,3,True,huggingface
sororityintimates.com,active_ecommerce,shopify,True,,3,True,huggingface
sortedlifestyle.com,active_ecommerce,shopify,True,,3,True,huggingface
sosofly.com,active_ecommerce,shopify,True,,3,True,huggingface
sostechnologies.ca,active_ecommerce,shopify,True,,3,True,huggingface
soulcomfortsheepskin.com,active_ecommerce,shopify,True,,3,True,huggingface
soulfriendyoga.com,active_ecommerce,shopify,True,,3,True,huggingface
soulliereoptical.ca,active_ecommerce,shopify,True,,3,True,huggingface
soulsistasmulticreationsllc.com,active_ecommerce,shopify,True,,3,True,huggingface
soundcityamp.com,active_ecommerce,shopify,True,,3,True,huggingface
soundconnectioninc.com,active_ecommerce,shopify,True,,3,True,huggingface
soundlumia.com,active_ecommerce,shopify,True,,3,True,huggingface
soundmatch.co.za,active_ecommerce,shopify,True,,3,True,huggingface
soundroom.ca,active_ecommerce,shopify,True,,3,True,huggingface
soundtown.com,active_ecommerce,shopify,True,,3,True,huggingface
soundtrackhifi.com,active_ecommerce,shopify,True,,3,True,huggingface
soundvision.co.za,active_ecommerce,shopify,True,,3,True,huggingface
source4air.com,active_ecommerce,shopify,True,,3,True,huggingface
sourceassets.net,active_ecommerce,shopify,True,,3,True,huggingface
soursound.com,active_ecommerce,shopify,True,,3,True,huggingface
souszy.com.au,active_ecommerce,shopify,True,,3,True,huggingface
southcoastshaving.com,active_ecommerce,shopify,True,,3,True,huggingface
southerndroneops.com,active_ecommerce,shopify,True,,3,True,huggingface
southernglambowtique.com,active_ecommerce,shopify,True,,3,True,huggingface
southernpointco.com,active_ecommerce,shopify,True,,3,True,huggingface
southernsignsupply.com,active_ecommerce,shopify,True,,3,True,huggingface
southhillshardware.com,active_ecommerce,shopify,True,,3,True,huggingface
southneck.com,active_ecommerce,shopify,True,,3,True,huggingface
southpaw.store,active_ecommerce,shopify,True,,3,True,huggingface
souzu.co.uk,active_ecommerce,shopify,True,,3,True,huggingface
sowhatbuy.com,active_ecommerce,shopify,True,,3,True,huggingface
soyandshea.com.au,active_ecommerce,shopify,True,,3,True,huggingface
soybu.com,active_ecommerce,shopify,True,,3,True,huggingface
spacemilk.com,active_ecommerce,shopify,True,,3,True,huggingface
spaenaur.com,active_ecommerce,shopify,True,,3,True,huggingface
spaghy.com,active_ecommerce,shopify,True,,3,True,huggingface
sparetek.com,active_ecommerce,shopify,True,,3,True,huggingface
sparklesthedog.com,active_ecommerce,shopify,True,,3,True,huggingface
sparmaxair.com,active_ecommerce,shopify,True,,3,True,huggingface
sparrowslockpicks.com,active_ecommerce,shopify,True,,3,True,huggingface
spatik.in,active_ecommerce,shopify,True,,3,True,huggingface
spca.bc.ca,active_ecommerce,shopify,True,,3,True,huggingface
speadstore.com,active_ecommerce,shopify,True,,3,True,huggingface
speargods.com,active_ecommerce,shopify,True,,3,True,huggingface
specialisedwelding.co.uk,active_ecommerce,shopify,True,,3,True,huggingface
speedomalaysia.com,active_ecommerce,shopify,True,,3,True,huggingface
speedqb.com,active_ecommerce,shopify,True,,3,True,huggingface
speedraydesignwear.com,active_ecommerce,shopify,True,,3,True,huggingface
spencerfeed.com,active_ecommerce,shopify,True,,3,True,huggingface
sperotoys.com,active_ecommerce,shopify,True,,3,True,huggingface
spikefitness.in,active_ecommerce,shopify,True,,3,True,huggingface
spindelwicks.com,active_ecommerce,shopify,True,,3,True,huggingface
spinmaster.com,active_ecommerce,shopify,True,,3,True,huggingface
spinovaone.com,active_ecommerce,shopify,True,,3,True,huggingface
spiralx.com.au,active_ecommerce,shopify,True,,3,True,huggingface
splay.co.uk,active_ecommerce,shopify,True,,3,True,huggingface
sploofybrand.com,active_ecommerce,shopify,True,,3,True,huggingface
sploot.space,active_ecommerce,shopify,True,,3,True,huggingface
spoilte.com,active_ecommerce,shopify,True,,3,True,huggingface
spoilthedog.ca,active_ecommerce,shopify,True,,3,True,huggingface
sportfishoutfitters.com,active_ecommerce,shopify,True,,3,True,huggingface
sportradical.com,active_ecommerce,shopify,True,,3,True,huggingface
sportsguns.mx,active_ecommerce,shopify,True,,3,True,huggingface
spowind.com,active_ecommerce,shopify,True,,3,True,huggingface
spranklesforpets.com,active_ecommerce,shopify,True,,3,True,huggingface
sprayerdepot.com,active_ecommerce,shopify,True,,3,True,huggingface
springair.com.mx,active_ecommerce,shopify,True,,3,True,huggingface
springgardenandhome.co.uk,active_ecommerce,shopify,True,,3,True,huggingface
sprinklerpros.com.au,active_ecommerce,shopify,True,,3,True,huggingface
spritzwellness.com,active_ecommerce,shopify,True,,3,True,huggingface
sprocketkings.com,active_ecommerce,shopify,True,,3,True,huggingface
sprusehome.com,active_ecommerce,shopify,True,,3,True,huggingface
spyderproducts.com,active_ecommerce,shopify,True,,3,True,huggingface
squawkboxes.com,active_ecommerce,shopify,True,,3,True,huggingface
squeakycats.com,active_ecommerce,shopify,True,,3,True,huggingface
squiffyprint.co.uk,active_ecommerce,shopify,True,,3,True,huggingface
squiggleandbean.co.uk,active_ecommerce,shopify,True,,3,True,huggingface
srqsupplygroup.com,active_ecommerce,shopify,True,,3,True,huggingface
ssairsoft.com,active_ecommerce,shopify,True,,3,True,huggingface
sscumberlandcoop.com,active_ecommerce,shopify,True,,3,True,huggingface
ssdaley.com,active_ecommerce,shopify,True,,3,True,huggingface
sselectricalsupply.com,active_ecommerce,shopify,True,,3,True,huggingface
stacoolvest.com,active_ecommerce,shopify,True,,3,True,huggingface
stadiumspot.com,active_ecommerce,shopify,True,,3,True,huggingface
stafco.co.uk,active_ecommerce,shopify,True,,3,True,huggingface
stafix.co.za,active_ecommerce,shopify,True,,3,True,huggingface
stampbourne.com,active_ecommerce,shopify,True,,3,True,huggingface
stanley1913.com,active_ecommerce,shopify,True,,3,True,huggingface
starboardtech.com,active_ecommerce,shopify,True,,3,True,huggingface
starktoolsusa.com,active_ecommerce,shopify,True,,3,True,huggingface
starlitesmile.com,active_ecommerce,shopify,True,,3,True,huggingface
starquik.com,active_ecommerce,shopify,True,,3,True,huggingface
starrybirdkids.shop,active_ecommerce,shopify,True,,3,True,huggingface
starshollowyarns.com,active_ecommerce,shopify,True,,3,True,huggingface
starsparky.com.au,active_ecommerce,shopify,True,,3,True,huggingface
starspickeraudio.net,active_ecommerce,shopify,True,,3,True,huggingface
starsupplyusa.com,active_ecommerce,shopify,True,,3,True,huggingface
startairbrush.com,active_ecommerce,shopify,True,,3,True,huggingface
statementjunkie.com,active_ecommerce,shopify,True,,3,True,huggingface
stationeryhq.com,active_ecommerce,shopify,True,,3,True,huggingface
stax.com.au,active_ecommerce,shopify,True,,3,True,huggingface
staxheadphones.com,active_ecommerce,shopify,True,,3,True,huggingface
stayfreshwithpeanut.com,active_ecommerce,shopify,True,,3,True,huggingface
staywellkept.com,active_ecommerce,shopify,True,,3,True,huggingface
stdmt.com,active_ecommerce,shopify,True,,3,True,huggingface
steamandgo.com,active_ecommerce,shopify,True,,3,True,huggingface
steelandpipes.com,active_ecommerce,shopify,True,,3,True,huggingface
steelbuildmasters.co.uk,active_ecommerce,shopify,True,,3,True,huggingface
steelcase.com,active_ecommerce,shopify,True,,3,True,huggingface
steitzhof.com,active_ecommerce,shopify,True,,3,True,huggingface
stellarosefashions.com.au,active_ecommerce,shopify,True,,3,True,huggingface
stencilville.com,active_ecommerce,shopify,True,,3,True,huggingface
stephenandpenelope.com,active_ecommerce,shopify,True,,3,True,huggingface
stereo-direct.co.za,active_ecommerce,shopify,True,,3,True,huggingface
stereo-untypical.com,active_ecommerce,shopify,True,,3,True,huggingface
steshaparty.com,active_ecommerce,shopify,True,,3,True,huggingface
stevenhao.org,active_ecommerce,shopify,True,,3,True,huggingface
steviesister.com,active_ecommerce,shopify,True,,3,True,huggingface
stichspool.com,active_ecommerce,shopify,True,,3,True,huggingface
stick-it2u.com,active_ecommerce,shopify,True,,3,True,huggingface
stick2products.co.uk,active_ecommerce,shopify,True,,3,True,huggingface
stickercity.com,active_ecommerce,shopify,True,,3,True,huggingface
stickerrificstore.com,active_ecommerce,shopify,True,,3,True,huggingface
stickley.com,active_ecommerce,shopify,True,,3,True,huggingface
sticklingsbakery.com,active_ecommerce,shopify,True,,3,True,huggingface
stickybra.mx,active_ecommerce,shopify,True,,3,True,huggingface
stiinger.me,active_ecommerce,shopify,True,,3,True,huggingface
stilefit.com,active_ecommerce,shopify,True,,3,True,huggingface
stillmagnoliaga.com,active_ecommerce,shopify,True,,3,True,huggingface
stillspirits.com,active_ecommerce,shopify,True,,3,True,huggingface
sting-less.com,active_ecommerce,shopify,True,,3,True,huggingface
stinkfree.com,active_ecommerce,shopify,True,,3,True,huggingface
stitchandstone.ca,active_ecommerce,shopify,True,,3,True,huggingface
stitchdrop.com,active_ecommerce,shopify,True,,3,True,huggingface
stitchednaturally.com,active_ecommerce,shopify,True,,3,True,huggingface
stitchpet.com,active_ecommerce,shopify,True,,3,True,huggingface
stitchyfish.com,active_ecommerce,shopify,True,,3,True,huggingface
stixyarn.com,active_ecommerce,shopify,True,,3,True,huggingface
stjamesoflondon.com,active_ecommerce,shopify,True,,3,True,huggingface
stkytargetsystems.com,active_ecommerce,shopify,True,,3,True,huggingface
stlandstore.com,active_ecommerce,shopify,True,,3,True,huggingface
stltones.com,active_ecommerce,shopify,True,,3,True,huggingface
stockberrystudio.com,active_ecommerce,shopify,True,,3,True,huggingface
stompinggroundstcg.com,active_ecommerce,shopify,True,,3,True,huggingface
stonypointpottery.com,active_ecommerce,shopify,True,,3,True,huggingface
stopngo.com,active_ecommerce,shopify,True,,3,True,huggingface
storage4crafts.com,active_ecommerce,shopify,True,,3,True,huggingface
storagetheory.com,active_ecommerce,shopify,True,,3,True,huggingface
store17.co.nz,active_ecommerce,shopify,True,,3,True,huggingface
store716.com,active_ecommerce,shopify,True,,3,True,huggingface
storeysandtails.co.uk,active_ecommerce,shopify,True,,3,True,huggingface
stovallcollection.com,active_ecommerce,shopify,True,,3,True,huggingface
strafeouterwear.com,active_ecommerce,shopify,True,,3,True,huggingface
strahanonlineshop.ie,active_ecommerce,shopify,True,,3,True,huggingface
straight2site.ie,active_ecommerce,shopify,True,,3,True,huggingface
straightdown.com,active_ecommerce,shopify,True,,3,True,huggingface
stranahans.com,active_ecommerce,shopify,True,,3,True,huggingface
strangecattoys.com,active_ecommerce,shopify,True,,3,True,huggingface
strantonpets.co.uk,active_ecommerce,shopify,True,,3,True,huggingface
straptor.com.au,active_ecommerce,shopify,True,,3,True,huggingface
straptperformance.com,active_ecommerce,shopify,True,,3,True,huggingface
strategicarmour.com,active_ecommerce,shopify,True,,3,True,huggingface
strathalbynhhardware.com.au,active_ecommerce,shopify,True,,3,True,huggingface
straydogbrewing.ca,active_ecommerce,shopify,True,,3,True,huggingface
streamlinedetailingsupplies.com,active_ecommerce,shopify,True,,3,True,huggingface
strengthshop.eu,active_ecommerce,shopify,True,,3,True,huggingface
strikealgo.com,active_ecommerce,shopify,True,,3,True,huggingface
strikeman.io,active_ecommerce,shopify,True,,3,True,huggingface
stringtheoryyarncompany.com,active_ecommerce,shopify,True,,3,True,huggingface
strivika.com,active_ecommerce,shopify,True,,3,True,huggingface
strongislandclothingco.com,active_ecommerce,shopify,True,,3,True,huggingface
strutsaustralia.com.au,active_ecommerce,shopify,True,,3,True,huggingface
studdmuffyn.com,active_ecommerce,shopify,True,,3,True,huggingface
studio-wallflower.com,active_ecommerce,shopify,True,,3,True,huggingface
studiocartashop.com,active_ecommerce,shopify,True,,3,True,huggingface
studiohuske.com,active_ecommerce,shopify,True,,3,True,huggingface
studiomainst.com,active_ecommerce,shopify,True,,3,True,huggingface
studiosevendesigns.com,active_ecommerce,shopify,True,,3,True,huggingface
studioverandah.com,active_ecommerce,shopify,True,,3,True,huggingface
studweldingstore.com,active_ecommerce,shopify,True,,3,True,huggingface
stumped.co.za,active_ecommerce,shopify,True,,3,True,huggingface
sturdycovers.com,active_ecommerce,shopify,True,,3,True,huggingface
stussy.com.au,active_ecommerce,shopify,True,,3,True,huggingface
stxpromo.com,active_ecommerce,shopify,True,,3,True,huggingface
stylefinishdesign.com.au,active_ecommerce,shopify,True,,3,True,huggingface
styleinger.com,active_ecommerce,shopify,True,,3,True,huggingface
substance.com,active_ecommerce,shopify,True,,3,True,huggingface
suburbanguns.co.za,active_ecommerce,shopify,True,,3,True,huggingface
suburbansalon.co.uk,active_ecommerce,shopify,True,,3,True,huggingface
sudzbox.com,active_ecommerce,shopify,True,,3,True,huggingface
sugarandspiceinvitations.com,active_ecommerce,shopify,True,,3,True,huggingface
sugarboysfibercreations.com,active_ecommerce,shopify,True,,3,True,huggingface
sugartownmercantile.com,active_ecommerce,shopify,True,,3,True,huggingface
summitdistribution.com,active_ecommerce,shopify,True,,3,True,huggingface
summithifiusa.com,active_ecommerce,shopify,True,,3,True,huggingface
summittactical.com,active_ecommerce,shopify,True,,3,True,huggingface
sunbean.co,active_ecommerce,shopify,True,,3,True,huggingface
sundaeicecream.com,active_ecommerce,shopify,True,,3,True,huggingface
sundaratextiles.com,active_ecommerce,shopify,True,,3,True,huggingface
sundayfibreco.com,active_ecommerce,shopify,True,,3,True,huggingface
sundogpets.us,active_ecommerce,shopify,True,,3,True,huggingface
sundrenchfood.com,active_ecommerce,shopify,True,,3,True,huggingface
sunfitworld.com,active_ecommerce,shopify,True,,3,True,huggingface
suniayoga.com,active_ecommerce,shopify,True,,3,True,huggingface
sunlightdisplays.com,active_ecommerce,shopify,True,,3,True,huggingface
sunnydayco.com,active_ecommerce,shopify,True,,3,True,huggingface
sunnyislandsnacks.com,active_ecommerce,shopify,True,,3,True,huggingface
sunsetandco.com,active_ecommerce,shopify,True,,3,True,huggingface
sunsethydro.com,active_ecommerce,shopify,True,,3,True,huggingface
sunshinepetstore.com,active_ecommerce,shopify,True,,3,True,huggingface
sunyee.com.au,active_ecommerce,shopify,True,,3,True,huggingface
sunzel.com,active_ecommerce,shopify,True,,3,True,huggingface
super-dry.shop,active_ecommerce,shopify,True,,3,True,huggingface
super-dry.store,active_ecommerce,shopify,True,,3,True,huggingface
supercell.co.nz,active_ecommerce,shopify,True,,3,True,huggingface
supercellau.com.au,active_ecommerce,shopify,True,,3,True,huggingface
superdry.com.au,active_ecommerce,shopify,True,,3,True,huggingface
superfastsantamonica.com,active_ecommerce,shopify,True,,3,True,huggingface
superfeedy.com,active_ecommerce,shopify,True,,3,True,huggingface
superfood-market.com,active_ecommerce,shopify,True,,3,True,huggingface
superhottoys.com,active_ecommerce,shopify,True,,3,True,huggingface
superior-hair.com,active_ecommerce,shopify,True,,3,True,huggingface
supermascotas.com.co,active_ecommerce,shopify,True,,3,True,huggingface
superpaws.sg,active_ecommerce,shopify,True,,3,True,huggingface
superpetstoreuk.co.uk,active_ecommerce,shopify,True,,3,True,huggingface
supersetsfitness.com,active_ecommerce,shopify,True,,3,True,huggingface
supertails.com,active_ecommerce,shopify,True,,3,True,huggingface
superzoutlet.com,active_ecommerce,shopify,True,,3,True,huggingface
suppaw.ca,active_ecommerce,shopify,True,,3,True,huggingface
suppliesunlimitedonline.com,active_ecommerce,shopify,True,,3,True,huggingface
supplynow.ca,active_ecommerce,shopify,True,,3,True,huggingface
supportedsoul.com,active_ecommerce,shopify,True,,3,True,huggingface
supremegrubs.com,active_ecommerce,shopify,True,,3,True,huggingface
supremestands.com,active_ecommerce,shopify,True,,3,True,huggingface
supremeswan.com,active_ecommerce,shopify,True,,3,True,huggingface
supriva-shop.com,active_ecommerce,shopify,True,,3,True,huggingface
suprpack.com,active_ecommerce,shopify,True,,3,True,huggingface
suprpack.com.au,active_ecommerce,shopify,True,,3,True,huggingface
sureshotherbals.com,active_ecommerce,shopify,True,,3,True,huggingface
sureshotjewelry.com,active_ecommerce,shopify,True,,3,True,huggingface
surf-knobs.com,active_ecommerce,shopify,True,,3,True,huggingface
surfdogaustralia.com,active_ecommerce,shopify,True,,3,True,huggingface
surfectionmosman.com,active_ecommerce,shopify,True,,3,True,huggingface
surfunionco.com,active_ecommerce,shopify,True,,3,True,huggingface
surmawala.pk,active_ecommerce,shopify,True,,3,True,huggingface
surplusmetalroofing.com,active_ecommerce,shopify,True,,3,True,huggingface
surplusprovisions.com,active_ecommerce,shopify,True,,3,True,huggingface
susiebenes.com,active_ecommerce,shopify,True,,3,True,huggingface
sustaimarket.com,active_ecommerce,shopify,True,,3,True,huggingface
sustainimals.com,active_ecommerce,shopify,True,,3,True,huggingface
sutekistickers.com,active_ecommerce,shopify,True,,3,True,huggingface
suzahdi.com,active_ecommerce,shopify,True,,3,True,huggingface
suzyshier.com,active_ecommerce,shopify,True,,3,True,huggingface
swaggles.com,active_ecommerce,shopify,True,,3,True,huggingface
swaggylaces.com,active_ecommerce,shopify,True,,3,True,huggingface
swampdog.com,active_ecommerce,shopify,True,,3,True,huggingface
swaniyalashes.com,active_ecommerce,shopify,True,,3,True,huggingface
swanndri.co.nz,active_ecommerce,shopify,True,,3,True,huggingface
sweetbarks.com,active_ecommerce,shopify,True,,3,True,huggingface
sweetcharlottestudio.com.au,active_ecommerce,shopify,True,,3,True,huggingface
sweetconfess.com,active_ecommerce,shopify,True,,3,True,huggingface
sweeteststitch.com,active_ecommerce,shopify,True,,3,True,huggingface
sweetkama.com,active_ecommerce,shopify,True,,3,True,huggingface
sweetpeafiber.com,active_ecommerce,shopify,True,,3,True,huggingface
sweetpeaparties.co.nz,active_ecommerce,shopify,True,,3,True,huggingface
sweetpeasco.com,active_ecommerce,shopify,True,,3,True,huggingface
sweetpeastudio.co.uk,active_ecommerce,shopify,True,,3,True,huggingface
sweetpicklesdesigns.com,active_ecommerce,shopify,True,,3,True,huggingface
sweetpotatovillage.us,active_ecommerce,shopify,True,,3,True,huggingface
sweetvirtues.com,active_ecommerce,shopify,True,,3,True,huggingface
swift-doctor.com,active_ecommerce,shopify,True,,3,True,huggingface
swiglife.com,active_ecommerce,shopify,True,,3,True,huggingface
swingoramic.com,active_ecommerce,shopify,True,,3,True,huggingface
swingsaga.com,active_ecommerce,shopify,True,,3,True,huggingface
switchstore.com,active_ecommerce,shopify,True,,3,True,huggingface
swoolly.com.au,active_ecommerce,shopify,True,,3,True,huggingface
swoozies.com,active_ecommerce,shopify,True,,3,True,huggingface
swordfishair.com,active_ecommerce,shopify,True,,3,True,huggingface
sworkit.com,active_ecommerce,shopify,True,,3,True,huggingface
swtactive.com,active_ecommerce,shopify,True,,3,True,huggingface
swyfthome.com,active_ecommerce,shopify,True,,3,True,huggingface
syessa.com,active_ecommerce,shopify,True,,3,True,huggingface
syinix.com,active_ecommerce,shopify,True,,3,True,huggingface
symingtonpharmacy.ca,active_ecommerce,shopify,True,,3,True,huggingface
systemofadown.com,active_ecommerce,shopify,True,,3,True,huggingface
t-forrest.co.uk,active_ecommerce,shopify,True,,3,True,huggingface
t238.net,active_ecommerce,shopify,True,,3,True,huggingface
tablehockeyplanet.com,active_ecommerce,shopify,True,,3,True,huggingface
tabletopmerchant.com,active_ecommerce,shopify,True,,3,True,huggingface
tabletopusa.com,active_ecommerce,shopify,True,,3,True,huggingface
tac-junction.com,active_ecommerce,shopify,True,,3,True,huggingface
tacgeardirect.com,active_ecommerce,shopify,True,,3,True,huggingface
tackntogs.co.za,active_ecommerce,shopify,True,,3,True,huggingface
taclab-usa.com,active_ecommerce,shopify,True,,3,True,huggingface
tactic.cc,active_ecommerce,shopify,True,,3,True,huggingface
tacticalrexairsoft.com,active_ecommerce,shopify,True,,3,True,huggingface
tactipup.com,active_ecommerce,shopify,True,,3,True,huggingface
tactree.co.uk,active_ecommerce,shopify,True,,3,True,huggingface
tadmur-trading.store,active_ecommerce,shopify,True,,3,True,huggingface
tagartcompany.com,active_ecommerce,shopify,True,,3,True,huggingface
taigentanks.com,active_ecommerce,shopify,True,,3,True,huggingface
taihapesports.co.nz,active_ecommerce,shopify,True,,3,True,huggingface
tail-wag.com,active_ecommerce,shopify,True,,3,True,huggingface
tailactivewear.com,active_ecommerce,shopify,True,,3,True,huggingface
tailblazers.shop,active_ecommerce,shopify,True,,3,True,huggingface
tailblazersreddeer.com,active_ecommerce,shopify,True,,3,True,huggingface
tailmatetreasures.com,active_ecommerce,shopify,True,,3,True,huggingface
tailsandscales.ca,active_ecommerce,shopify,True,,3,True,huggingface
tailsquad.in,active_ecommerce,shopify,True,,3,True,huggingface
tailstopia.ca,active_ecommerce,shopify,True,,3,True,huggingface
tailulu.com,active_ecommerce,shopify,True,,3,True,huggingface
takeitnleaveit.com,active_ecommerce,shopify,True,,3,True,huggingface
takeoneairsoft.com,active_ecommerce,shopify,True,,3,True,huggingface
takipets.com,active_ecommerce,shopify,True,,3,True,huggingface
taklatrading.com,active_ecommerce,shopify,True,,3,True,huggingface
taleezdeals.com,active_ecommerce,shopify,True,,3,True,huggingface
tallmantoys.com,active_ecommerce,shopify,True,,3,True,huggingface
tamba.com,active_ecommerce,shopify,True,,3,True,huggingface
tammieshobbies.com,active_ecommerce,shopify,True,,3,True,huggingface
tamrashopsocial.co,active_ecommerce,shopify,True,,3,True,huggingface
tangkula.com,active_ecommerce,shopify,True,,3,True,huggingface
tangled-yarn.co.uk,active_ecommerce,shopify,True,,3,True,huggingface
tangocharlieapparel.com,active_ecommerce,shopify,True,,3,True,huggingface
tangzu.net,active_ecommerce,shopify,True,,3,True,huggingface
taniallewellyn.com,active_ecommerce,shopify,True,,3,True,huggingface
taniaustralia.com.au,active_ecommerce,shopify,True,,3,True,huggingface
taniwina.com,active_ecommerce,shopify,True,,3,True,huggingface
tanktinker.com,active_ecommerce,shopify,True,,3,True,huggingface
tansukhherbals.com,active_ecommerce,shopify,True,,3,True,huggingface
tantawear.com,active_ecommerce,shopify,True,,3,True,huggingface
tapatashop.com,active_ecommerce,shopify,True,,3,True,huggingface
tapefinder.com,active_ecommerce,shopify,True,,3,True,huggingface
tapemonster.com,active_ecommerce,shopify,True,,3,True,huggingface
tapeproviders.com,active_ecommerce,shopify,True,,3,True,huggingface
tapesmaster.com,active_ecommerce,shopify,True,,3,True,huggingface
tapesolutionsinc.com,active_ecommerce,shopify,True,,3,True,huggingface
tapesonline.com.au,active_ecommerce,shopify,True,,3,True,huggingface
tapeunlimited.com,active_ecommerce,shopify,True,,3,True,huggingface
tapezoomie.com,active_ecommerce,shopify,True,,3,True,huggingface
tarairishclothing.com,active_ecommerce,shopify,True,,3,True,huggingface
taraluna.com,active_ecommerce,shopify,True,,3,True,huggingface
tarampsmia.com,active_ecommerce,shopify,True,,3,True,huggingface
targettack.com,active_ecommerce,shopify,True,,3,True,huggingface
targus.com,active_ecommerce,shopify,True,,3,True,huggingface
tarmadesigns.com,active_ecommerce,shopify,True,,3,True,huggingface
tartanandzebra.com,active_ecommerce,shopify,True,,3,True,huggingface
tasteandseechocolates.com,active_ecommerce,shopify,True,,3,True,huggingface
tastee.net,active_ecommerce,shopify,True,,3,True,huggingface
tasteofindiaafg.no,active_ecommerce,shopify,True,,3,True,huggingface
tasteoftherockies.net,active_ecommerce,shopify,True,,3,True,huggingface
tastine.com,active_ecommerce,shopify,True,,3,True,huggingface
tastynibbles.in,active_ecommerce,shopify,True,,3,True,huggingface
tattooarmourusa.com,active_ecommerce,shopify,True,,3,True,huggingface
tatyana.com,active_ecommerce,shopify,True,,3,True,huggingface
taylorandfloof.com,active_ecommerce,shopify,True,,3,True,huggingface
taylorandtails.com,active_ecommerce,shopify,True,,3,True,huggingface
taylorpneumatic.com,active_ecommerce,shopify,True,,3,True,huggingface
taylorsmirfield.co.uk,active_ecommerce,shopify,True,,3,True,huggingface
tb-fma.com,active_ecommerce,shopify,True,,3,True,huggingface
tbceyewear.com,active_ecommerce,shopify,True,,3,True,huggingface
tbwdirect.com,active_ecommerce,shopify,True,,3,True,huggingface
tccrafttequila.com,active_ecommerce,shopify,True,,3,True,huggingface
tclsingapore.com,active_ecommerce,shopify,True,,3,True,huggingface
tcm-denver.com,active_ecommerce,shopify,True,,3,True,huggingface
tcoflyfishing.com,active_ecommerce,shopify,True,,3,True,huggingface
tdancelashes.com,active_ecommerce,shopify,True,,3,True,huggingface
tdknitter.com,active_ecommerce,shopify,True,,3,True,huggingface
teacupspuppies.com,active_ecommerce,shopify,True,,3,True,huggingface
tealhut.com,active_ecommerce,shopify,True,,3,True,huggingface
team-awsum.com,active_ecommerce,shopify,True,,3,True,huggingface
teamhps.com,active_ecommerce,shopify,True,,3,True,huggingface
teamk9.com,active_ecommerce,shopify,True,,3,True,huggingface
teawithsophie.com,active_ecommerce,shopify,True,,3,True,huggingface
teazys.com,active_ecommerce,shopify,True,,3,True,huggingface
teccotoys.com,active_ecommerce,shopify,True,,3,True,huggingface
techcareairpurifiers.com,active_ecommerce,shopify,True,,3,True,huggingface
techinstrument.com,active_ecommerce,shopify,True,,3,True,huggingface
techmarkit.co.za,active_ecommerce,shopify,True,,3,True,huggingface
technicleanproducts.com,active_ecommerce,shopify,True,,3,True,huggingface
techniline.org,active_ecommerce,shopify,True,,3,True,huggingface
technotrade.in,active_ecommerce,shopify,True,,3,True,huggingface
techotreats.com,active_ecommerce,shopify,True,,3,True,huggingface
techspace.ma,active_ecommerce,shopify,True,,3,True,huggingface
techwall.com.hk,active_ecommerce,shopify,True,,3,True,huggingface
tecniplastusa.com,active_ecommerce,shopify,True,,3,True,huggingface
tecnista.it,active_ecommerce,shopify,True,,3,True,huggingface
tedbaker.com,active_ecommerce,shopify,True,,3,True,huggingface
tedbaker.sa,active_ecommerce,shopify,True,,3,True,huggingface
teddymaximus.com,active_ecommerce,shopify,True,,3,True,huggingface
tedjohnsons.ie,active_ecommerce,shopify,True,,3,True,huggingface
teegantapes.com,active_ecommerce,shopify,True,,3,True,huggingface
teestra.com,active_ecommerce,shopify,True,,3,True,huggingface
tego.fit,active_ecommerce,shopify,True,,3,True,huggingface
tehuianz.com,active_ecommerce,shopify,True,,3,True,huggingface
tekkietown.co.za,active_ecommerce,shopify,True,,3,True,huggingface
teknitape.com,active_ecommerce,shopify,True,,3,True,huggingface
temperleylondon.com,active_ecommerce,shopify,True,,3,True,huggingface
tempernaturalsoapandbath.com,active_ecommerce,shopify,True,,3,True,huggingface
templestowetimber.com.au,active_ecommerce,shopify,True,,3,True,huggingface
tempotec.net,active_ecommerce,shopify,True,,3,True,huggingface
temptupro.com,active_ecommerce,shopify,True,,3,True,huggingface
ten2sixtoys.com,active_ecommerce,shopify,True,,3,True,huggingface
tenderleaftoys.ca,active_ecommerce,shopify,True,,3,True,huggingface
tendesiair.ca,active_ecommerce,shopify,True,,3,True,huggingface
teng-tools.co.za,active_ecommerce,shopify,True,,3,True,huggingface
tenpointone.co.nz,active_ecommerce,shopify,True,,3,True,huggingface
tenshoppe.com,active_ecommerce,shopify,True,,3,True,huggingface
tentbox.com,active_ecommerce,shopify,True,,3,True,huggingface
teqoya.ch,active_ecommerce,shopify,True,,3,True,huggingface
teraganix.com,active_ecommerce,shopify,True,,3,True,huggingface
terranova.ph,active_ecommerce,shopify,True,,3,True,huggingface
terraproco.com,active_ecommerce,shopify,True,,3,True,huggingface
territorytradingco.com,active_ecommerce,shopify,True,,3,True,huggingface
tescotools.com,active_ecommerce,shopify,True,,3,True,huggingface
tessieclothing.com,active_ecommerce,shopify,True,,3,True,huggingface
teveo.com,active_ecommerce,shopify,True,,3,True,huggingface
texasbuildmartstore.com,active_ecommerce,shopify,True,,3,True,huggingface
texascountryfarmsupply.com,active_ecommerce,shopify,True,,3,True,huggingface
texashaynet.com,active_ecommerce,shopify,True,,3,True,huggingface
texasperformanceparts.com,active_ecommerce,shopify,True,,3,True,huggingface
tezlaaudio.com,active_ecommerce,shopify,True,,3,True,huggingface
tf2sshop.com,active_ecommerce,shopify,True,,3,True,huggingface
tforallwomen.com,active_ecommerce,shopify,True,,3,True,huggingface
tfsafari.com,active_ecommerce,shopify,True,,3,True,huggingface
tfwholesaleuk.com,active_ecommerce,shopify,True,,3,True,huggingface
thachagear.com,active_ecommerce,shopify,True,,3,True,huggingface
thaikk.com.vn,active_ecommerce,shopify,True,,3,True,huggingface
thankfullynourished.com.au,active_ecommerce,shopify,True,,3,True,huggingface
thatsmydawgbrand.com,active_ecommerce,shopify,True,,3,True,huggingface
thatssmoooth.com,active_ecommerce,shopify,True,,3,True,huggingface
the-home-brew-shop.co.uk,active_ecommerce,shopify,True,,3,True,huggingface
the-inspired-jewel.com,active_ecommerce,shopify,True,,3,True,huggingface
the-paw-kit.com,active_ecommerce,shopify,True,,3,True,huggingface
theacmebox.com,active_ecommerce,shopify,True,,3,True,huggingface
theacnerehab.com,active_ecommerce,shopify,True,,3,True,huggingface
theairpurifierstore.com,active_ecommerce,shopify,True,,3,True,huggingface
theallycatwalk.com,active_ecommerce,shopify,True,,3,True,huggingface
theanalogstationer.com,active_ecommerce,shopify,True,,3,True,huggingface
theanimalhouse.net,active_ecommerce,shopify,True,,3,True,huggingface
theanimals.studio,active_ecommerce,shopify,True,,3,True,huggingface
thearcherhotyogatowel.com,active_ecommerce,shopify,True,,3,True,huggingface
thearkpet.com,active_ecommerce,shopify,True,,3,True,huggingface
thearmypainter.com,active_ecommerce,shopify,True,,3,True,huggingface
thearomadepot.com,active_ecommerce,shopify,True,,3,True,huggingface
theartfile.com,active_ecommerce,shopify,True,,3,True,huggingface
theasherhouse.com,active_ecommerce,shopify,True,,3,True,huggingface
theaspen.com,active_ecommerce,shopify,True,,3,True,huggingface
theattic-dubai.com,active_ecommerce,shopify,True,,3,True,huggingface
theaudiolegacy.com,active_ecommerce,shopify,True,,3,True,huggingface
thebakingtools.com,active_ecommerce,shopify,True,,3,True,huggingface
thebarnfeedstore.com,active_ecommerce,shopify,True,,3,True,huggingface
thebarstock.com,active_ecommerce,shopify,True,,3,True,huggingface
thebathstore.in,active_ecommerce,shopify,True,,3,True,huggingface
thebatteryclip.com,active_ecommerce,shopify,True,,3,True,huggingface
theblackdogcandleshoppe.com,active_ecommerce,shopify,True,,3,True,huggingface
thebladebros.com,active_ecommerce,shopify,True,,3,True,huggingface
theblissfulworld.com,active_ecommerce,shopify,True,,3,True,huggingface
thebloomingcactusandco.com,active_ecommerce,shopify,True,,3,True,huggingface
theblueaurastore.com,active_ecommerce,shopify,True,,3,True,huggingface
theblueberrybarn.com,active_ecommerce,shopify,True,,3,True,huggingface
thebluebrick.ca,active_ecommerce,shopify,True,,3,True,huggingface
thebluecollection.com,active_ecommerce,shopify,True,,3,True,huggingface
thebohemianspa.com,active_ecommerce,shopify,True,,3,True,huggingface
thebondir.com,active_ecommerce,shopify,True,,3,True,huggingface
thebonelock.com,active_ecommerce,shopify,True,,3,True,huggingface
thebosshair.com,active_ecommerce,shopify,True,,3,True,huggingface
theboxscoop.com,active_ecommerce,shopify,True,,3,True,huggingface
thebreathingshop.com,active_ecommerce,shopify,True,,3,True,huggingface
thebrooklyn.sg,active_ecommerce,shopify,True,,3,True,huggingface
thebulletsa.com.au,active_ecommerce,shopify,True,,3,True,huggingface
thebutterflypig.com,active_ecommerce,shopify,True,,3,True,huggingface
thecanarysnestcandleco.com,active_ecommerce,shopify,True,,3,True,huggingface
thecandlebakkeri.com,active_ecommerce,shopify,True,,3,True,huggingface
thecatcollective.com.au,active_ecommerce,shopify,True,,3,True,huggingface
thecathouseinc.com,active_ecommerce,shopify,True,,3,True,huggingface
thecatladies.com,active_ecommerce,shopify,True,,3,True,huggingface
thecatmomshop.com,active_ecommerce,shopify,True,,3,True,huggingface
thecatvintage.com,active_ecommerce,shopify,True,,3,True,huggingface
thecatworld.shop,active_ecommerce,shopify,True,,3,True,huggingface
thechicagodogs.com,active_ecommerce,shopify,True,,3,True,huggingface
thechirpyco.com,active_ecommerce,shopify,True,,3,True,huggingface
thecleanersoul.com,active_ecommerce,shopify,True,,3,True,huggingface
thecleanroom.net,active_ecommerce,shopify,True,,3,True,huggingface
theclevercat.shop,active_ecommerce,shopify,True,,3,True,huggingface
thecollectingkid.com,active_ecommerce,shopify,True,,3,True,huggingface
thecombatcompany.com,active_ecommerce,shopify,True,,3,True,huggingface
thecompressorwarehouse.co.uk,active_ecommerce,shopify,True,,3,True,huggingface
thecookiedoughco.com.au,active_ecommerce,shopify,True,,3,True,huggingface
thecopperfruit.com,active_ecommerce,shopify,True,,3,True,huggingface
thecountrypetshop.co.uk,active_ecommerce,shopify,True,,3,True,huggingface
thecraftyanimal.co.uk,active_ecommerce,shopify,True,,3,True,huggingface
thecraftyjackalope.com,active_ecommerce,shopify,True,,3,True,huggingface
thecraftykiwi.co.nz,active_ecommerce,shopify,True,,3,True,huggingface
thecreativitypatch.com,active_ecommerce,shopify,True,,3,True,huggingface
thecrofthouse.com,active_ecommerce,shopify,True,,3,True,huggingface
thedailygroom.com.au,active_ecommerce,shopify,True,,3,True,huggingface
thedirtyseahorse.com,active_ecommerce,shopify,True,,3,True,huggingface
thedogbedshop.com,active_ecommerce,shopify,True,,3,True,huggingface
thedogbowl.ca,active_ecommerce,shopify,True,,3,True,huggingface
thedoggydeli.co.uk,active_ecommerce,shopify,True,,3,True,huggingface
thedoghouseasp.com.au,active_ecommerce,shopify,True,,3,True,huggingface
thedoghousewaynesville.com,active_ecommerce,shopify,True,,3,True,huggingface
thedogmomstore.com,active_ecommerce,shopify,True,,3,True,huggingface
thedogmum.com,active_ecommerce,shopify,True,,3,True,huggingface
thedogshoptreats.com,active_ecommerce,shopify,True,,3,True,huggingface
thedogslanding.com,active_ecommerce,shopify,True,,3,True,huggingface
thedogsquad.com,active_ecommerce,shopify,True,,3,True,huggingface
thedream-lounge.com,active_ecommerce,shopify,True,,3,True,huggingface
thedutchbakery.com,active_ecommerce,shopify,True,,3,True,huggingface
theelectricbrewery.com,active_ecommerce,shopify,True,,3,True,huggingface
theempurrium.com,active_ecommerce,shopify,True,,3,True,huggingface
theepicuriste.ch,active_ecommerce,shopify,True,,3,True,huggingface
theessentialss.pk,active_ecommerce,shopify,True,,3,True,huggingface
theezyfilter.com.au,active_ecommerce,shopify,True,,3,True,huggingface
thefamilygadget.com,active_ecommerce,shopify,True,,3,True,huggingface
thefarmersdog.uk,active_ecommerce,shopify,True,,3,True,huggingface
thefeedfeed.com,active_ecommerce,shopify,True,,3,True,huggingface
thefermentation-station.co.uk,active_ecommerce,shopify,True,,3,True,huggingface
thefiberists.com,active_ecommerce,shopify,True,,3,True,huggingface
thefiberseed.com,active_ecommerce,shopify,True,,3,True,huggingface
thefibrefox.co.uk,active_ecommerce,shopify,True,,3,True,huggingface
thefibrenook.com,active_ecommerce,shopify,True,,3,True,huggingface
thefiguresshop.com,active_ecommerce,shopify,True,,3,True,huggingface
thefitnessdepot.co.nz,active_ecommerce,shopify,True,,3,True,huggingface
thefiveandime.store,active_ecommerce,shopify,True,,3,True,huggingface
thefloralproject.co.uk,active_ecommerce,shopify,True,,3,True,huggingface
thefoldline.com,active_ecommerce,shopify,True,,3,True,huggingface
thefrontier.com.au,active_ecommerce,shopify,True,,3,True,huggingface
thefuelguys.co.uk,active_ecommerce,shopify,True,,3,True,huggingface
thefunkclub1.com,active_ecommerce,shopify,True,,3,True,huggingface
thegardenstore.com,active_ecommerce,shopify,True,,3,True,huggingface
thegeekhoard.com,active_ecommerce,shopify,True,,3,True,huggingface
thegeneralpetstore.com.au,active_ecommerce,shopify,True,,3,True,huggingface
thegiftgarage.in,active_ecommerce,shopify,True,,3,True,huggingface
thegiftofscent.com,active_ecommerce,shopify,True,,3,True,huggingface
thegoodcatcompany.com,active_ecommerce,shopify,True,,3,True,huggingface
thegooddogstore.com,active_ecommerce,shopify,True,,3,True,huggingface
thegoodkiind.com,active_ecommerce,shopify,True,,3,True,huggingface
thegooduniverse.com,active_ecommerce,shopify,True,,3,True,huggingface
thegrainerycompany.com,active_ecommerce,shopify,True,,3,True,huggingface
thegrandpetcompany.com,active_ecommerce,shopify,True,,3,True,huggingface
thegreenbox.net.au,active_ecommerce,shopify,True,,3,True,huggingface
thegreenpetshop.com,active_ecommerce,shopify,True,,3,True,huggingface
thegreetingfarm.com,active_ecommerce,shopify,True,,3,True,huggingface
thegrifter.com.au,active_ecommerce,shopify,True,,3,True,huggingface
thegroomingclinic.com,active_ecommerce,shopify,True,,3,True,huggingface
thehalalmealprep.com,active_ecommerce,shopify,True,,3,True,huggingface
thehandymandepot.com,active_ecommerce,shopify,True,,3,True,huggingface
thehappychef.co,active_ecommerce,shopify,True,,3,True,huggingface
thehappyhowl.com,active_ecommerce,shopify,True,,3,True,huggingface
thehappylark.com,active_ecommerce,shopify,True,,3,True,huggingface
thehappypetcentre.com,active_ecommerce,shopify,True,,3,True,huggingface
thehappytoystore.co.uk,active_ecommerce,shopify,True,,3,True,huggingface
thehardscapeexchange.com,active_ecommerce,shopify,True,,3,True,huggingface
theherbdepot.ca,active_ecommerce,shopify,True,,3,True,huggingface
thehershbed.com,active_ecommerce,shopify,True,,3,True,huggingface
thehificat.com,active_ecommerce,shopify,True,,3,True,huggingface
thehifishop.com.au,active_ecommerce,shopify,True,,3,True,huggingface
thehimalayanfarm.in,active_ecommerce,shopify,True,,3,True,huggingface
thehomebrewstores.com,active_ecommerce,shopify,True,,3,True,huggingface
thehorseshoecrab.com,active_ecommerce,shopify,True,,3,True,huggingface
thehouseofpaws.ca,active_ecommerce,shopify,True,,3,True,huggingface
thehutchcompany.co.uk,active_ecommerce,shopify,True,,3,True,huggingface
thehypepuppystore.com,active_ecommerce,shopify,True,,3,True,huggingface
theillustratedlife.co,active_ecommerce,shopify,True,,3,True,huggingface
theinkydeer.co.uk,active_ecommerce,shopify,True,,3,True,huggingface
theinnerwarriorlou.com,active_ecommerce,shopify,True,,3,True,huggingface
theirishdesignhouse.com,active_ecommerce,shopify,True,,3,True,huggingface
theironcactus.com,active_ecommerce,shopify,True,,3,True,huggingface
theiuga.com,active_ecommerce,shopify,True,,3,True,huggingface
thekeepingroombr.com,active_ecommerce,shopify,True,,3,True,huggingface
theknittens.com,active_ecommerce,shopify,True,,3,True,huggingface
theknittingloft.ca,active_ecommerce,shopify,True,,3,True,huggingface
theknottyones.com,active_ecommerce,shopify,True,,3,True,huggingface
thelabelpalace.com,active_ecommerce,shopify,True,,3,True,huggingface
thelabfibers.com,active_ecommerce,shopify,True,,3,True,huggingface
thelashdepott.com,active_ecommerce,shopify,True,,3,True,huggingface
thelasttoystore.com,active_ecommerce,shopify,True,,3,True,huggingface
thelittlechildrensstore.co.uk,active_ecommerce,shopify,True,,3,True,huggingface
thelittlemusicstop.co.uk,active_ecommerce,shopify,True,,3,True,huggingface
thelittlereasons.com,active_ecommerce,shopify,True,,3,True,huggingface
thelocalyarnstore.com,active_ecommerce,shopify,True,,3,True,huggingface
thelockshop.com.au,active_ecommerce,shopify,True,,3,True,huggingface
thelovinashop.com,active_ecommerce,shopify,True,,3,True,huggingface
themagictoyshop.co.uk,active_ecommerce,shopify,True,,3,True,huggingface
themahoganystore.com,active_ecommerce,shopify,True,,3,True,huggingface
themaltshop.biz,active_ecommerce,shopify,True,,3,True,huggingface
themarias.us,active_ecommerce,shopify,True,,3,True,huggingface
themarinecentre.com.au,active_ecommerce,shopify,True,,3,True,huggingface
themarkstradingcompany.com,active_ecommerce,shopify,True,,3,True,huggingface
themayhew.org,active_ecommerce,shopify,True,,3,True,huggingface
themeltshopcy.com,active_ecommerce,shopify,True,,3,True,huggingface
themeowpetshop.com,active_ecommerce,shopify,True,,3,True,huggingface
themerinopolo.com.au,active_ecommerce,shopify,True,,3,True,huggingface
themilkcollective.co.nz,active_ecommerce,shopify,True,,3,True,huggingface
themoderndaytradesman.com,active_ecommerce,shopify,True,,3,True,huggingface
themodernskein.com,active_ecommerce,shopify,True,,3,True,huggingface
themontanascene.com,active_ecommerce,shopify,True,,3,True,huggingface
themopbucket.com,active_ecommerce,shopify,True,,3,True,huggingface
themovementsoflife.com,active_ecommerce,shopify,True,,3,True,huggingface
themuzzlemovement.com,active_ecommerce,shopify,True,,3,True,huggingface
thenestcafeboutique.com,active_ecommerce,shopify,True,,3,True,huggingface
thenestlingco.com,active_ecommerce,shopify,True,,3,True,huggingface
thenutrade.com,active_ecommerce,shopify,True,,3,True,huggingface
theoodie.com,active_ecommerce,shopify,True,,3,True,huggingface
theorganicdogshop.com,active_ecommerce,shopify,True,,3,True,huggingface
theoriginalpartybagcompany.co.uk,active_ecommerce,shopify,True,,3,True,huggingface
theoutdoorshop.ie,active_ecommerce,shopify,True,,3,True,huggingface
thepackpet.com,active_ecommerce,shopify,True,,3,True,huggingface
thepaintedpearl.com,active_ecommerce,shopify,True,,3,True,huggingface
thepaperhouse-shop.com,active_ecommerce,shopify,True,,3,True,huggingface
thepapermouse.com,active_ecommerce,shopify,True,,3,True,huggingface
thepaperplacerye.co.uk,active_ecommerce,shopify,True,,3,True,huggingface
theparrotmom.com,active_ecommerce,shopify,True,,3,True,huggingface
thepartyboutiqueshop.ie,active_ecommerce,shopify,True,,3,True,huggingface
thepawket.com,active_ecommerce,shopify,True,,3,True,huggingface
thepawlb.com,active_ecommerce,shopify,True,,3,True,huggingface
thepawmisedland.com,active_ecommerce,shopify,True,,3,True,huggingface
thepawsomepet.com,active_ecommerce,shopify,True,,3,True,huggingface
thepedla.com,active_ecommerce,shopify,True,,3,True,huggingface
thepelletshop.com,active_ecommerce,shopify,True,,3,True,huggingface
thepeppystore.in,active_ecommerce,shopify,True,,3,True,huggingface
thepetconnection.com.au,active_ecommerce,shopify,True,,3,True,huggingface
thepetgourmet.com,active_ecommerce,shopify,True,,3,True,huggingface
thepetshopsonline.com,active_ecommerce,shopify,True,,3,True,huggingface
thepetvillagett.com,active_ecommerce,shopify,True,,3,True,huggingface
thephanshop.com,active_ecommerce,shopify,True,,3,True,huggingface
thephoenixcomic.shop,active_ecommerce,shopify,True,,3,True,huggingface
thepiercingurge.com.au,active_ecommerce,shopify,True,,3,True,huggingface
thepinkmoonbay.com,active_ecommerce,shopify,True,,3,True,huggingface
theploumanach.com,active_ecommerce,shopify,True,,3,True,huggingface
thepluckyknitter.com,active_ecommerce,shopify,True,,3,True,huggingface
theplussizepooch.com,active_ecommerce,shopify,True,,3,True,huggingface
thepoolsupplywarehouse.com,active_ecommerce,shopify,True,,3,True,huggingface
theprancingdog.co.uk,active_ecommerce,shopify,True,,3,True,huggingface
thepurrfectcatshop.com,active_ecommerce,shopify,True,,3,True,huggingface
thepurrpod.com,active_ecommerce,shopify,True,,3,True,huggingface
thepussypod.com,active_ecommerce,shopify,True,,3,True,huggingface
thepuzzlefeeder.com,active_ecommerce,shopify,True,,3,True,huggingface
thepwhl.com,active_ecommerce,shopify,True,,3,True,huggingface
therabbitdoctors.com.au,active_ecommerce,shopify,True,,3,True,huggingface
therazorcompany.com,active_ecommerce,shopify,True,,3,True,huggingface
therealurbanhalo.com,active_ecommerce,shopify,True,,3,True,huggingface
thereddogcompany.com,active_ecommerce,shopify,True,,3,True,huggingface
thereedlounge.com,active_ecommerce,shopify,True,,3,True,huggingface
thereptilebar.com,active_ecommerce,shopify,True,,3,True,huggingface
thereptilesofeden.com,active_ecommerce,shopify,True,,3,True,huggingface
theretrofitter.com,active_ecommerce,shopify,True,,3,True,huggingface
theretrotoyboxpa.com,active_ecommerce,shopify,True,,3,True,huggingface
therockinghorsetoyshop.co.uk,active_ecommerce,shopify,True,,3,True,huggingface
therootboard.com,active_ecommerce,shopify,True,,3,True,huggingface
therunningcentre.com.au,active_ecommerce,shopify,True,,3,True,huggingface
thesahane.com,active_ecommerce,shopify,True,,3,True,huggingface
thesavannahbananas.com,active_ecommerce,shopify,True,,3,True,huggingface
thesaywatshop.com,active_ecommerce,shopify,True,,3,True,huggingface
thescottishcastle.com,active_ecommerce,shopify,True,,3,True,huggingface
theserpentry.com,active_ecommerce,shopify,True,,3,True,huggingface
thesewingstudio.co.uk,active_ecommerce,shopify,True,,3,True,huggingface
theshavesupply.com,active_ecommerce,shopify,True,,3,True,huggingface
theshopyohjiyamamoto.com,active_ecommerce,shopify,True,,3,True,huggingface
theskirtlady.com,active_ecommerce,shopify,True,,3,True,huggingface
thesolarstore.com,active_ecommerce,shopify,True,,3,True,huggingface
thesolcollective.com,active_ecommerce,shopify,True,,3,True,huggingface
thesolidstrikearena.store,active_ecommerce,shopify,True,,3,True,huggingface
thesoutherndogco.com,active_ecommerce,shopify,True,,3,True,huggingface
thesportscreen.com,active_ecommerce,shopify,True,,3,True,huggingface
thesteelcitytshirts.com,active_ecommerce,shopify,True,,3,True,huggingface
thestrapstore.com,active_ecommerce,shopify,True,,3,True,huggingface
thesugarpatch.shop,active_ecommerce,shopify,True,,3,True,huggingface
thesupportedvillage.com,active_ecommerce,shopify,True,,3,True,huggingface
theswimmingshop.com,active_ecommerce,shopify,True,,3,True,huggingface
thetaremarket.com,active_ecommerce,shopify,True,,3,True,huggingface
thetechyard.com,active_ecommerce,shopify,True,,3,True,huggingface
thetinycrate.com.au,active_ecommerce,shopify,True,,3,True,huggingface
thetoolsman.com,active_ecommerce,shopify,True,,3,True,huggingface
thetotalanimal.com,active_ecommerce,shopify,True,,3,True,huggingface
thetotalbrand.com,active_ecommerce,shopify,True,,3,True,huggingface
thetoyhunter.co.uk,active_ecommerce,shopify,True,,3,True,huggingface
thetoyspot.net,active_ecommerce,shopify,True,,3,True,huggingface
thetoytemple.com,active_ecommerce,shopify,True,,3,True,huggingface
thetravelingyarnyogi.com,active_ecommerce,shopify,True,,3,True,huggingface
thetrophychase.com,active_ecommerce,shopify,True,,3,True,huggingface
thetubiemovement.com,active_ecommerce,shopify,True,,3,True,huggingface
theuglycat.com,active_ecommerce,shopify,True,,3,True,huggingface
theurbantrail.com,active_ecommerce,shopify,True,,3,True,huggingface
thevaginalmint.com,active_ecommerce,shopify,True,,3,True,huggingface
thevedicstore.com,active_ecommerce,shopify,True,,3,True,huggingface
thevetgroup.com.au,active_ecommerce,shopify,True,,3,True,huggingface
theviewyoga.com,active_ecommerce,shopify,True,,3,True,huggingface
thevillagemercantile.com,active_ecommerce,shopify,True,,3,True,huggingface
thewitcat.com,active_ecommerce,shopify,True,,3,True,huggingface
thewoofandmeow.com,active_ecommerce,shopify,True,,3,True,huggingface
thewoollybrew.co.uk,active_ecommerce,shopify,True,,3,True,huggingface
theworkpit.com.au,active_ecommerce,shopify,True,,3,True,huggingface
theworldofnerds.com,active_ecommerce,shopify,True,,3,True,huggingface
thewrappingbookcompany.com,active_ecommerce,shopify,True,,3,True,huggingface
theyachtcaterer.com,active_ecommerce,shopify,True,,3,True,huggingface
theyalik.com,active_ecommerce,shopify,True,,3,True,huggingface
theyarnbowl.com.au,active_ecommerce,shopify,True,,3,True,huggingface
theyarnstory.com,active_ecommerce,shopify,True,,3,True,huggingface
theyarntree.com,active_ecommerce,shopify,True,,3,True,huggingface
theyouthspace.in,active_ecommerce,shopify,True,,3,True,huggingface
thieaudio.com,active_ecommerce,shopify,True,,3,True,huggingface
thinkairpurifiers.com,active_ecommerce,shopify,True,,3,True,huggingface
thinkpet.com,active_ecommerce,shopify,True,,3,True,huggingface
thinkprice.com,active_ecommerce,shopify,True,,3,True,huggingface
thinskinz.com,active_ecommerce,shopify,True,,3,True,huggingface
thischarmedlife.com.au,active_ecommerce,shopify,True,,3,True,huggingface
thisisapril.com,active_ecommerce,shopify,True,,3,True,huggingface
thisisknit.ie,active_ecommerce,shopify,True,,3,True,huggingface
thisissefi.com,active_ecommerce,shopify,True,,3,True,huggingface
thistleandtweed.com,active_ecommerce,shopify,True,,3,True,huggingface
thomakis.com,active_ecommerce,shopify,True,,3,True,huggingface
thomasfarms.com.au,active_ecommerce,shopify,True,,3,True,huggingface
thomastonhealthypet.com,active_ecommerce,shopify,True,,3,True,huggingface
thorair.com.au,active_ecommerce,shopify,True,,3,True,huggingface
thorburngroup.co.uk,active_ecommerce,shopify,True,,3,True,huggingface
thornandburrow.com,active_ecommerce,shopify,True,,3,True,huggingface
thorstonetools.com,active_ecommerce,shopify,True,,3,True,huggingface
thousandskies.com,active_ecommerce,shopify,True,,3,True,huggingface
thracianbio.com,active_ecommerce,shopify,True,,3,True,huggingface
threadlightly.se,active_ecommerce,shopify,True,,3,True,huggingface
threads4thought.com,active_ecommerce,shopify,True,,3,True,huggingface
thredup.com,active_ecommerce,shopify,True,,3,True,huggingface
threebirdsyarnstudio.com,active_ecommerce,shopify,True,,3,True,huggingface
threebows.com,active_ecommerce,shopify,True,,3,True,huggingface
threefatesyarns.com,active_ecommerce,shopify,True,,3,True,huggingface
threespoileddogs.com,active_ecommerce,shopify,True,,3,True,huggingface
thriceround.com,active_ecommerce,shopify,True,,3,True,huggingface
thrila.com,active_ecommerce,shopify,True,,3,True,huggingface
thrills.co,active_ecommerce,shopify,True,,3,True,huggingface
thrivebrandproducts.com,active_ecommerce,shopify,True,,3,True,huggingface
thrivingpets.com,active_ecommerce,shopify,True,,3,True,huggingface
throughthewardrobeyarn.com,active_ecommerce,shopify,True,,3,True,huggingface
thumbsuptape.com,active_ecommerce,shopify,True,,3,True,huggingface
thunderbirdbar.com,active_ecommerce,shopify,True,,3,True,huggingface
thunderlaserusa.com,active_ecommerce,shopify,True,,3,True,huggingface
thwiggans.co.uk,active_ecommerce,shopify,True,,3,True,huggingface
tidelife252lures.com,active_ecommerce,shopify,True,,3,True,huggingface
tidepoolaudio.com,active_ecommerce,shopify,True,,3,True,huggingface
tidetimbers.com,active_ecommerce,shopify,True,,3,True,huggingface
tidyspaces.co.uk,active_ecommerce,shopify,True,,3,True,huggingface
tiehparis.com,active_ecommerce,shopify,True,,3,True,huggingface
tier1one.shop,active_ecommerce,shopify,True,,3,True,huggingface
tigercatoutfitters.com,active_ecommerce,shopify,True,,3,True,huggingface
tigerharttoys.com,active_ecommerce,shopify,True,,3,True,huggingface
tigerpetmarket.com,active_ecommerce,shopify,True,,3,True,huggingface
tigersharkballistics.com.au,active_ecommerce,shopify,True,,3,True,huggingface
tigertacticalairsoft.com,active_ecommerce,shopify,True,,3,True,huggingface
tigertapes.com,active_ecommerce,shopify,True,,3,True,huggingface
tigretienda.com,active_ecommerce,shopify,True,,3,True,huggingface
tikaton.com,active_ecommerce,shopify,True,,3,True,huggingface
tildeathcycles.com,active_ecommerce,shopify,True,,3,True,huggingface
tileprosource.com,active_ecommerce,shopify,True,,3,True,huggingface
tilesandtrims.co.uk,active_ecommerce,shopify,True,,3,True,huggingface
tillieandoliver.com,active_ecommerce,shopify,True,,3,True,huggingface
tillpoint.co.zw,active_ecommerce,shopify,True,,3,True,huggingface
tillrollsglobal.co.uk,active_ecommerce,shopify,True,,3,True,huggingface
timberdog.com,active_ecommerce,shopify,True,,3,True,huggingface
timberyarns.com,active_ecommerce,shopify,True,,3,True,huggingface
timebanditswatches.com,active_ecommerce,shopify,True,,3,True,huggingface
timeforpaws.co.uk,active_ecommerce,shopify,True,,3,True,huggingface
timergarden.com,active_ecommerce,shopify,True,,3,True,huggingface
timetravelersonline.com,active_ecommerce,shopify,True,,3,True,huggingface
timpano-percussion.com,active_ecommerce,shopify,True,,3,True,huggingface
timsbikeshop.com,active_ecommerce,shopify,True,,3,True,huggingface
tincturelondon.com,active_ecommerce,shopify,True,,3,True,huggingface
tineco.com,active_ecommerce,shopify,True,,3,True,huggingface
tinklylife.com,active_ecommerce,shopify,True,,3,True,huggingface
tinyapple.net,active_ecommerce,shopify,True,,3,True,huggingface
tinyhouseessentials.com,active_ecommerce,shopify,True,,3,True,huggingface
tinystore4you.com,active_ecommerce,shopify,True,,3,True,huggingface
tinywalls.com.au,active_ecommerce,shopify,True,,3,True,huggingface
tinywich.com,active_ecommerce,shopify,True,,3,True,huggingface
tipperleyhill.com,active_ecommerce,shopify,True,,3,True,huggingface
tiqtaktools.com,active_ecommerce,shopify,True,,3,True,huggingface
tishandshoo.ie,active_ecommerce,shopify,True,,3,True,huggingface
tissueboxcompany.co.uk,active_ecommerce,shopify,True,,3,True,huggingface
tisufarm.com,active_ecommerce,shopify,True,,3,True,huggingface
titanaudio.co.uk,active_ecommerce,shopify,True,,3,True,huggingface
titanbatteries.com,active_ecommerce,shopify,True,,3,True,huggingface
titanforgeairsoft.com,active_ecommerce,shopify,True,,3,True,huggingface
titikaactive.com,active_ecommerce,shopify,True,,3,True,huggingface
titikaactive.hk,active_ecommerce,shopify,True,,3,True,huggingface
tjrtools.com,active_ecommerce,shopify,True,,3,True,huggingface
tmarktools.com,active_ecommerce,shopify,True,,3,True,huggingface
tmc-tactical-gear.com,active_ecommerce,shopify,True,,3,True,huggingface
tmeze.com,active_ecommerce,shopify,True,,3,True,huggingface
tmgindustrial.ca,active_ecommerce,shopify,True,,3,True,huggingface
toa.st,active_ecommerce,shopify,True,,3,True,huggingface
toccin.com,active_ecommerce,shopify,True,,3,True,huggingface
todayisartday.com,active_ecommerce,shopify,True,,3,True,huggingface
todds.com.au,active_ecommerce,shopify,True,,3,True,huggingface
todoanimal.es,active_ecommerce,shopify,True,,3,True,huggingface
todogswear.ca,active_ecommerce,shopify,True,,3,True,huggingface
toe-beans.com,active_ecommerce,shopify,True,,3,True,huggingface
toesoxaustralia.com.au,active_ecommerce,shopify,True,,3,True,huggingface
togethxr.com,active_ecommerce,shopify,True,,3,True,huggingface
toggydoggy.com,active_ecommerce,shopify,True,,3,True,huggingface
togopackaging.com,active_ecommerce,shopify,True,,3,True,huggingface
toiffer.com,active_ecommerce,shopify,True,,3,True,huggingface
toil-and-trouble.com,active_ecommerce,shopify,True,,3,True,huggingface
tokki.com,active_ecommerce,shopify,True,,3,True,huggingface
tokyosmoke.com,active_ecommerce,shopify,True,,3,True,huggingface
toledozoo.org,active_ecommerce,shopify,True,,3,True,huggingface
tolsbuy.com,active_ecommerce,shopify,True,,3,True,huggingface
tomahawkusa.com,active_ecommerce,shopify,True,,3,True,huggingface
tomandsoracreations.com,active_ecommerce,shopify,True,,3,True,huggingface
tombow.co.uk,active_ecommerce,shopify,True,,3,True,huggingface
tomorrow-denim.com,active_ecommerce,shopify,True,,3,True,huggingface
tomsperfect10.com,active_ecommerce,shopify,True,,3,True,huggingface
tomstrunks.com,active_ecommerce,shopify,True,,3,True,huggingface
tonaltubes.com,active_ecommerce,shopify,True,,3,True,huggingface
tonerkingdom.com,active_ecommerce,shopify,True,,3,True,huggingface
tonic-studios.co.uk,active_ecommerce,shopify,True,,3,True,huggingface
tonycandice.com,active_ecommerce,shopify,True,,3,True,huggingface
toolbestdiscount.com,active_ecommerce,shopify,True,,3,True,huggingface
toolboxwidget.com.au,active_ecommerce,shopify,True,,3,True,huggingface
toolfactory.co.nz,active_ecommerce,shopify,True,,3,True,huggingface
toolmartinc.com,active_ecommerce,shopify,True,,3,True,huggingface
toolmartusa.com,active_ecommerce,shopify,True,,3,True,huggingface
tools2udirect.com,active_ecommerce,shopify,True,,3,True,huggingface
toolsandergonomics.com,active_ecommerce,shopify,True,,3,True,huggingface
toolservices.co.za,active_ecommerce,shopify,True,,3,True,huggingface
toolshouse.co.uk,active_ecommerce,shopify,True,,3,True,huggingface
toolsmart.pk,active_ecommerce,shopify,True,,3,True,huggingface
toolsmithdirect.com,active_ecommerce,shopify,True,,3,True,huggingface
toolstorenj.com,active_ecommerce,shopify,True,,3,True,huggingface
tooltruckessentials.com,active_ecommerce,shopify,True,,3,True,huggingface
tooturnttony.com,active_ecommerce,shopify,True,,3,True,huggingface
toozey.com,active_ecommerce,shopify,True,,3,True,huggingface
topcathealthcare.com.au,active_ecommerce,shopify,True,,3,True,huggingface
topeakmart.com,active_ecommerce,shopify,True,,3,True,huggingface
topfunretrotoys3d.com,active_ecommerce,shopify,True,,3,True,huggingface
topgunrefinishequipment.com,active_ecommerce,shopify,True,,3,True,huggingface
topgunwelding.com.au,active_ecommerce,shopify,True,,3,True,huggingface
topjimi.com,active_ecommerce,shopify,True,,3,True,huggingface
topko.com,active_ecommerce,shopify,True,,3,True,huggingface
toplinegroup.ie,active_ecommerce,shopify,True,,3,True,huggingface
topskyland.com,active_ecommerce,shopify,True,,3,True,huggingface
topsyfarms.com,active_ecommerce,shopify,True,,3,True,huggingface
toptwomoto.com.au,active_ecommerce,shopify,True,,3,True,huggingface
toroaudio.com,active_ecommerce,shopify,True,,3,True,huggingface
tortugatrading.com,active_ecommerce,shopify,True,,3,True,huggingface
torvatilingtools.co.uk,active_ecommerce,shopify,True,,3,True,huggingface
toryhillhouse.ie,active_ecommerce,shopify,True,,3,True,huggingface
toschestationemporium.com,active_ecommerce,shopify,True,,3,True,huggingface
total-hockey.com,active_ecommerce,shopify,True,,3,True,huggingface
totallymagicaldesigns.com.au,active_ecommerce,shopify,True,,3,True,huggingface
totalsupply.co.nz,active_ecommerce,shopify,True,,3,True,huggingface
totaltapes.com,active_ecommerce,shopify,True,,3,True,huggingface
totirum.com,active_ecommerce,shopify,True,,3,True,huggingface
touchmenotclothing.com,active_ecommerce,shopify,True,,3,True,huggingface
townshendbrewery.co.nz,active_ecommerce,shopify,True,,3,True,huggingface
toycollectorstore.com,active_ecommerce,shopify,True,,3,True,huggingface
toydepotstore.com,active_ecommerce,shopify,True,,3,True,huggingface
toyfiendscollectibles.com,active_ecommerce,shopify,True,,3,True,huggingface
toyfigurehut.com,active_ecommerce,shopify,True,,3,True,huggingface
toymany.com,active_ecommerce,shopify,True,,3,True,huggingface
toynadoalley.com,active_ecommerce,shopify,True,,3,True,huggingface
toyorgame.com.sg,active_ecommerce,shopify,True,,3,True,huggingface
toyrific.co.uk,active_ecommerce,shopify,True,,3,True,huggingface
toyrift.gr,active_ecommerce,shopify,True,,3,True,huggingface
toyroo.com.au,active_ecommerce,shopify,True,,3,True,huggingface
toys42hands.nl,active_ecommerce,shopify,True,,3,True,huggingface
toys4kidults.com,active_ecommerce,shopify,True,,3,True,huggingface
toys4mypet.com,active_ecommerce,shopify,True,,3,True,huggingface
toysfortweets.com,active_ecommerce,shopify,True,,3,True,huggingface
toyslabksa.com,active_ecommerce,shopify,True,,3,True,huggingface
toysvendor.com,active_ecommerce,shopify,True,,3,True,huggingface
toyzany.com,active_ecommerce,shopify,True,,3,True,huggingface
toyzinthebox.com,active_ecommerce,shopify,True,,3,True,huggingface
toyzland.com,active_ecommerce,shopify,True,,3,True,huggingface
tpdhifi.com,active_ecommerce,shopify,True,,3,True,huggingface
tpdstore.com.au,active_ecommerce,shopify,True,,3,True,huggingface
tpro.com,active_ecommerce,shopify,True,,3,True,huggingface
tr-maker.com,active_ecommerce,shopify,True,,3,True,huggingface
tracergolfusa.com,active_ecommerce,shopify,True,,3,True,huggingface
tracspurifiers.com,active_ecommerce,shopify,True,,3,True,huggingface
tractr.com,active_ecommerce,shopify,True,,3,True,huggingface
tracyjamescollection.com,active_ecommerce,shopify,True,,3,True,huggingface
trade-direct.uk,active_ecommerce,shopify,True,,3,True,huggingface
trade-mart.co.uk,active_ecommerce,shopify,True,,3,True,huggingface
trademarquetools.co.uk,active_ecommerce,shopify,True,,3,True,huggingface
tradeshowhouse.com,active_ecommerce,shopify,True,,3,True,huggingface
tradeshowjoe.com,active_ecommerce,shopify,True,,3,True,huggingface
tradingmadeeasy.co.uk,active_ecommerce,shopify,True,,3,True,huggingface
traffic-depot.com,active_ecommerce,shopify,True,,3,True,huggingface
trafmag.org,active_ecommerce,shopify,True,,3,True,huggingface
trailblazetreasures.com,active_ecommerce,shopify,True,,3,True,huggingface
trailblazingtails.com,active_ecommerce,shopify,True,,3,True,huggingface
trailgoddess.co.uk,active_ecommerce,shopify,True,,3,True,huggingface
trainshotusa.com,active_ecommerce,shopify,True,,3,True,huggingface
transcontinentaltoolco.com,active_ecommerce,shopify,True,,3,True,huggingface
transfomellcstore.com,active_ecommerce,shopify,True,,3,True,huggingface
transwarptoys.com,active_ecommerce,shopify,True,,3,True,huggingface
trashamps.com,active_ecommerce,shopify,True,,3,True,huggingface
trashcatcoffee.com,active_ecommerce,shopify,True,,3,True,huggingface
traumacaraudio.com,active_ecommerce,shopify,True,,3,True,huggingface
travismathew.com,active_ecommerce,shopify,True,,3,True,huggingface
treadwellfarms.com,active_ecommerce,shopify,True,,3,True,huggingface
treadwright.com,active_ecommerce,shopify,True,,3,True,huggingface
treasuregoddess.com,active_ecommerce,shopify,True,,3,True,huggingface
treatments.care,active_ecommerce,shopify,True,,3,True,huggingface
treatsdogcompany.com,active_ecommerce,shopify,True,,3,True,huggingface
treatyourdog.co.uk,active_ecommerce,shopify,True,,3,True,huggingface
treehouseanimals.org,active_ecommerce,shopify,True,,3,True,huggingface
treflachfarm.co.uk,active_ecommerce,shopify,True,,3,True,huggingface
treliz.eu,active_ecommerce,shopify,True,,3,True,huggingface
trendinghometech.com,active_ecommerce,shopify,True,,3,True,huggingface
trenton.co.za,active_ecommerce,shopify,True,,3,True,huggingface
tresinfinitas.com,active_ecommerce,shopify,True,,3,True,huggingface
trettitre.com,active_ecommerce,shopify,True,,3,True,huggingface
trevia.live,active_ecommerce,shopify,True,,3,True,huggingface
trgtoys.com,active_ecommerce,shopify,True,,3,True,huggingface
triathletestore.com,active_ecommerce,shopify,True,,3,True,huggingface
tribalseedsstore.com,active_ecommerce,shopify,True,,3,True,huggingface
tribekelley.com,active_ecommerce,shopify,True,,3,True,huggingface
tribeyarns.com,active_ecommerce,shopify,True,,3,True,huggingface
tributepackaging.com,active_ecommerce,shopify,True,,3,True,huggingface
triceratory.com,active_ecommerce,shopify,True,,3,True,huggingface
tricitytoolparts.com,active_ecommerce,shopify,True,,3,True,huggingface
trickstercompany.com,active_ecommerce,shopify,True,,3,True,huggingface
triconsprayers.com,active_ecommerce,shopify,True,,3,True,huggingface
tricountydental.com,active_ecommerce,shopify,True,,3,True,huggingface
triforcecutlery.com,active_ecommerce,shopify,True,,3,True,huggingface
trijent.com,active_ecommerce,shopify,True,,3,True,huggingface
trimtexstore.com,active_ecommerce,shopify,True,,3,True,huggingface
trinityaudiosolutions.com,active_ecommerce,shopify,True,,3,True,huggingface
triplecangus.com,active_ecommerce,shopify,True,,3,True,huggingface
tripleonecare.nz,active_ecommerce,shopify,True,,3,True,huggingface
tristanstyle.com,active_ecommerce,shopify,True,,3,True,huggingface
trollbrothersquiltdesigns.com,active_ecommerce,shopify,True,,3,True,huggingface
troopersupplyco.com,active_ecommerce,shopify,True,,3,True,huggingface
trophy-air.com,active_ecommerce,shopify,True,,3,True,huggingface
truckchem.com,active_ecommerce,shopify,True,,3,True,huggingface
truckelectrics.com,active_ecommerce,shopify,True,,3,True,huggingface
truckersarmor.com,active_ecommerce,shopify,True,,3,True,huggingface
truckhardware.com.au,active_ecommerce,shopify,True,,3,True,huggingface
truebru.com,active_ecommerce,shopify,True,,3,True,huggingface
truefittandhill.com.my,active_ecommerce,shopify,True,,3,True,huggingface
truegrittexturesupply.com,active_ecommerce,shopify,True,,3,True,huggingface
trueleaf.in,active_ecommerce,shopify,True,,3,True,huggingface
trueshop.us,active_ecommerce,shopify,True,,3,True,huggingface
truetonemusic.com,active_ecommerce,shopify,True,,3,True,huggingface
trufilter.com,active_ecommerce,shopify,True,,3,True,huggingface
trukare.com,active_ecommerce,shopify,True,,3,True,huggingface
trumanandteddy.com,active_ecommerce,shopify,True,,3,True,huggingface
trundlesautomotive.co.nz,active_ecommerce,shopify,True,,3,True,huggingface
tryhypo.com,active_ecommerce,shopify,True,,3,True,huggingface
trynaomi.com,active_ecommerce,shopify,True,,3,True,huggingface
trypaintball.com,active_ecommerce,shopify,True,,3,True,huggingface
tryzenwell.com,active_ecommerce,shopify,True,,3,True,huggingface
trzcollectibles.com,active_ecommerce,shopify,True,,3,True,huggingface
tsbandb.com,active_ecommerce,shopify,True,,3,True,huggingface
tshsupply.com,active_ecommerce,shopify,True,,3,True,huggingface
tsidclothing.com,active_ecommerce,shopify,True,,3,True,huggingface
tsmaquatics.com,active_ecommerce,shopify,True,,3,True,huggingface
tsukisake.com,active_ecommerce,shopify,True,,3,True,huggingface
ttbtapes.com,active_ecommerce,shopify,True,,3,True,huggingface
ttmartglobal.com,active_ecommerce,shopify,True,,3,True,huggingface
ttrigger.com,active_ecommerce,shopify,True,,3,True,huggingface
tubesteader.com,active_ecommerce,shopify,True,,3,True,huggingface
tucsonbirdstore.org,active_ecommerce,shopify,True,,3,True,huggingface
tudoholic.com,active_ecommerce,shopify,True,,3,True,huggingface
tuffindustries.com,active_ecommerce,shopify,True,,3,True,huggingface
tuffntails.com,active_ecommerce,shopify,True,,3,True,huggingface
tumama-kids.com,active_ecommerce,shopify,True,,3,True,huggingface
tummyrite.com.au,active_ecommerce,shopify,True,,3,True,huggingface
tummytime.ch,active_ecommerce,shopify,True,,3,True,huggingface
tunersys.com,active_ecommerce,shopify,True,,3,True,huggingface
tunik.com.au,active_ecommerce,shopify,True,,3,True,huggingface
tupfarm.com,active_ecommerce,shopify,True,,3,True,huggingface
turbofresh.co.uk,active_ecommerce,shopify,True,,3,True,huggingface
turbogruen.de,active_ecommerce,shopify,True,,3,True,huggingface
turbro.com,active_ecommerce,shopify,True,,3,True,huggingface
turfbond.com,active_ecommerce,shopify,True,,3,True,huggingface
turingrinders.com,active_ecommerce,shopify,True,,3,True,huggingface
turnermoorevinyl.com,active_ecommerce,shopify,True,,3,True,huggingface
turretsurfing.com,active_ecommerce,shopify,True,,3,True,huggingface
turtledovelondon.com,active_ecommerce,shopify,True,,3,True,huggingface
tuzzut.com,active_ecommerce,shopify,True,,3,True,huggingface
tvlashop.com,active_ecommerce,shopify,True,,3,True,huggingface
tvnwholesale.com,active_ecommerce,shopify,True,,3,True,huggingface
twcare.store,active_ecommerce,shopify,True,,3,True,huggingface
tweak.co.za,active_ecommerce,shopify,True,,3,True,huggingface
tweedandtill.com,active_ecommerce,shopify,True,,3,True,huggingface
tweezerman.com,active_ecommerce,shopify,True,,3,True,huggingface
twinbirds.co.in,active_ecommerce,shopify,True,,3,True,huggingface
twincritters.com,active_ecommerce,shopify,True,,3,True,huggingface
twinlightsmedical.com,active_ecommerce,shopify,True,,3,True,huggingface
twistedambitionsyarn.com,active_ecommerce,shopify,True,,3,True,huggingface
twistedfringehair.com,active_ecommerce,shopify,True,,3,True,huggingface
twistedpro.us,active_ecommerce,shopify,True,,3,True,huggingface
twistedswag.com,active_ecommerce,shopify,True,,3,True,huggingface
twisteraudio.com,active_ecommerce,shopify,True,,3,True,huggingface
twobrothersfood.com,active_ecommerce,shopify,True,,3,True,huggingface
twocumberland.com,active_ecommerce,shopify,True,,3,True,huggingface
twolittlebirdsnevadacity.com,active_ecommerce,shopify,True,,3,True,huggingface
tyb.company,active_ecommerce,shopify,True,,3,True,huggingface
tyhsupplies.com,active_ecommerce,shopify,True,,3,True,huggingface
tylrhome.com,active_ecommerce,shopify,True,,3,True,huggingface
typawcafe.com,active_ecommerce,shopify,True,,3,True,huggingface
type-department.com,active_ecommerce,shopify,True,,3,True,huggingface
typtopshop.com,active_ecommerce,shopify,True,,3,True,huggingface
uaebirdfarm.com,active_ecommerce,shopify,True,,3,True,huggingface
uahpet.com,active_ecommerce,shopify,True,,3,True,huggingface
ubastipet.com,active_ecommerce,shopify,True,,3,True,huggingface
ucansee.us,active_ecommerce,shopify,True,,3,True,huggingface
uddertechinc.com,active_ecommerce,shopify,True,,3,True,huggingface
uineko.com,active_ecommerce,shopify,True,,3,True,huggingface
ukieology.com,active_ecommerce,shopify,True,,3,True,huggingface
ukoke.com,active_ecommerce,shopify,True,,3,True,huggingface
ukpenblanks.co.uk,active_ecommerce,shopify,True,,3,True,huggingface
uksspace.com,active_ecommerce,shopify,True,,3,True,huggingface
ulaandlia.com,active_ecommerce,shopify,True,,3,True,huggingface
ulivarylife.com,active_ecommerce,shopify,True,,3,True,huggingface
ultimate.club,active_ecommerce,shopify,True,,3,True,huggingface
ultimateoffroad.com.au,active_ecommerce,shopify,True,,3,True,huggingface
ultimatetools.ca,active_ecommerce,shopify,True,,3,True,huggingface
ultrasound.co.za,active_ecommerce,shopify,True,,3,True,huggingface
ultraspire.ca,active_ecommerce,shopify,True,,3,True,huggingface
ultraviolettespf.com,active_ecommerce,shopify,True,,3,True,huggingface
umbra.com,active_ecommerce,shopify,True,,3,True,huggingface
unclewiener.com,active_ecommerce,shopify,True,,3,True,huggingface
uncovercreations.com,active_ecommerce,shopify,True,,3,True,huggingface
undergoodies.com,active_ecommerce,shopify,True,,3,True,huggingface
undergrndord.com,active_ecommerce,shopify,True,,3,True,huggingface
undertheweatherpet.com,active_ecommerce,shopify,True,,3,True,huggingface
underwaterhydraulics.com,active_ecommerce,shopify,True,,3,True,huggingface
unearthmalee.com,active_ecommerce,shopify,True,,3,True,huggingface
unfazedfragrances.com,active_ecommerce,shopify,True,,3,True,huggingface
unicornfeedsupply.com,active_ecommerce,shopify,True,,3,True,huggingface
uniekliving.com,active_ecommerce,shopify,True,,3,True,huggingface
unimother.de,active_ecommerce,shopify,True,,3,True,huggingface
uniongunsandgear.com,active_ecommerce,shopify,True,,3,True,huggingface
unipawspro.com,active_ecommerce,shopify,True,,3,True,huggingface
unipet.co.uk,active_ecommerce,shopify,True,,3,True,huggingface
unique-bargains.com,active_ecommerce,shopify,True,,3,True,huggingface
unique-vintage.com,active_ecommerce,shopify,True,,3,True,huggingface
uniqueautocare.co.uk,active_ecommerce,shopify,True,,3,True,huggingface
uniquelycreative.com.au,active_ecommerce,shopify,True,,3,True,huggingface
united-flower.com,active_ecommerce,shopify,True,,3,True,huggingface
unitedfilter.com,active_ecommerce,shopify,True,,3,True,huggingface
unitedrv.com,active_ecommerce,shopify,True,,3,True,huggingface
unitedsport.ca,active_ecommerce,shopify,True,,3,True,huggingface
unitnine.com.au,active_ecommerce,shopify,True,,3,True,huggingface
unitsolutions.com,active_ecommerce,shopify,True,,3,True,huggingface
unitylasers.com,active_ecommerce,shopify,True,,3,True,huggingface
universalautospares.com.au,active_ecommerce,shopify,True,,3,True,huggingface
universalboot.com,active_ecommerce,shopify,True,,3,True,huggingface
uniway.ca,active_ecommerce,shopify,True,,3,True,huggingface
unleashthepawsitive.ca,active_ecommerce,shopify,True,,3,True,huggingface
unoaroma.com,active_ecommerce,shopify,True,,3,True,huggingface
unpossiblecuts.com,active_ecommerce,shopify,True,,3,True,huggingface
unravelled.store,active_ecommerce,shopify,True,,3,True,huggingface
unspeakable.com,active_ecommerce,shopify,True,,3,True,huggingface
unsubscribed.com,active_ecommerce,shopify,True,,3,True,huggingface
unwinedcandleco.com.au,active_ecommerce,shopify,True,,3,True,huggingface
unwoundyarn.com,active_ecommerce,shopify,True,,3,True,huggingface
unyzone.co,active_ecommerce,shopify,True,,3,True,huggingface
upajfarm.com,active_ecommerce,shopify,True,,3,True,huggingface
upfitterswholesale.com,active_ecommerce,shopify,True,,3,True,huggingface
upholsterycentral.com,active_ecommerce,shopify,True,,3,True,huggingface
uplandbespoke.com,active_ecommerce,shopify,True,,3,True,huggingface
upperlevelgamerooms.com,active_ecommerce,shopify,True,,3,True,huggingface
upstairsfocus.com,active_ecommerce,shopify,True,,3,True,huggingface
uptool.shop,active_ecommerce,shopify,True,,3,True,huggingface
upttm.com,active_ecommerce,shopify,True,,3,True,huggingface
upweymusic.au,active_ecommerce,shopify,True,,3,True,huggingface
uradale.com,active_ecommerce,shopify,True,,3,True,huggingface
urbananimalroastery.shop,active_ecommerce,shopify,True,,3,True,huggingface
urbanapet.com,active_ecommerce,shopify,True,,3,True,huggingface
urbanbirdingsupply.com,active_ecommerce,shopify,True,,3,True,huggingface
urbancachet.com.au,active_ecommerce,shopify,True,,3,True,huggingface
urbanclothingshop.com,active_ecommerce,shopify,True,,3,True,huggingface
urbancustomz.com,active_ecommerce,shopify,True,,3,True,huggingface
urbanplant.in,active_ecommerce,shopify,True,,3,True,huggingface
urbanstyleunleashed.com,active_ecommerce,shopify,True,,3,True,huggingface
urbantailspetboutique.com,active_ecommerce,shopify,True,,3,True,huggingface
urbantimescollection.com,active_ecommerce,shopify,True,,3,True,huggingface
urdu.com.hk,active_ecommerce,shopify,True,,3,True,huggingface
urekashop.com,active_ecommerce,shopify,True,,3,True,huggingface
urgenexrc.com,active_ecommerce,shopify,True,,3,True,huggingface
urlazhny.com,active_ecommerce,shopify,True,,3,True,huggingface
usagymstore.com,active_ecommerce,shopify,True,,3,True,huggingface
usarollerchain.com,active_ecommerce,shopify,True,,3,True,huggingface
usedguns.com.au,active_ecommerce,shopify,True,,3,True,huggingface
usinvertebratellc.com,active_ecommerce,shopify,True,,3,True,huggingface
uspaintbody.com,active_ecommerce,shopify,True,,3,True,huggingface
utilityprowear.com,active_ecommerce,shopify,True,,3,True,huggingface
utivahealth.ca,active_ecommerce,shopify,True,,3,True,huggingface
utkarshagro.com,active_ecommerce,shopify,True,,3,True,huggingface
uv-can.com,active_ecommerce,shopify,True,,3,True,huggingface
vaaig.com,active_ecommerce,shopify,True,,3,True,huggingface
vacatime.com.co,active_ecommerce,shopify,True,,3,True,huggingface
vacconnection.com,active_ecommerce,shopify,True,,3,True,huggingface
vacshop.com.au,active_ecommerce,shopify,True,,3,True,huggingface
vagabond-goods.com,active_ecommerce,shopify,True,,3,True,huggingface
vainpot.com.sg,active_ecommerce,shopify,True,,3,True,huggingface
vala-fashion.com,active_ecommerce,shopify,True,,3,True,huggingface
valegardens.co.uk,active_ecommerce,shopify,True,,3,True,huggingface
valepetfoods.com,active_ecommerce,shopify,True,,3,True,huggingface
valhallaliving.com,active_ecommerce,shopify,True,,3,True,huggingface
valhallayarns.com,active_ecommerce,shopify,True,,3,True,huggingface
valleyfarmsupply.net,active_ecommerce,shopify,True,,3,True,huggingface
van80pl8.com,active_ecommerce,shopify,True,,3,True,huggingface
vanbarco.com,active_ecommerce,shopify,True,,3,True,huggingface
vancatuk.com,active_ecommerce,shopify,True,,3,True,huggingface
vanderjacket.com,active_ecommerce,shopify,True,,3,True,huggingface
vanequip.co.nz,active_ecommerce,shopify,True,,3,True,huggingface
vantageatelier.com,active_ecommerce,shopify,True,,3,True,huggingface
vantique.net,active_ecommerce,shopify,True,,3,True,huggingface
vapensystems.com,active_ecommerce,shopify,True,,3,True,huggingface
varlo.com,active_ecommerce,shopify,True,,3,True,huggingface
vastoutdoors.com.au,active_ecommerce,shopify,True,,3,True,huggingface
vecado.ca,active_ecommerce,shopify,True,,3,True,huggingface
vectordynamics.biz,active_ecommerce,shopify,True,,3,True,huggingface
vedascents.io,active_ecommerce,shopify,True,,3,True,huggingface
veeflowyoga.com,active_ecommerce,shopify,True,,3,True,huggingface
vegandukkan.com,active_ecommerce,shopify,True,,3,True,huggingface
vegantreats.com,active_ecommerce,shopify,True,,3,True,huggingface
veganyarn.com,active_ecommerce,shopify,True,,3,True,huggingface
vegapills.com,active_ecommerce,shopify,True,,3,True,huggingface
vehicleclips.co.uk,active_ecommerce,shopify,True,,3,True,huggingface
vehiclesolutions.co.uk,active_ecommerce,shopify,True,,3,True,huggingface
veikous.com,active_ecommerce,shopify,True,,3,True,huggingface
vektrapc.com,active_ecommerce,shopify,True,,3,True,huggingface
velcro.co.uk,active_ecommerce,shopify,True,,3,True,huggingface
vellepro.com,active_ecommerce,shopify,True,,3,True,huggingface
veloceautomotive.com.au,active_ecommerce,shopify,True,,3,True,huggingface
velorosacycling.com,active_ecommerce,shopify,True,,3,True,huggingface
venshastudiointernational.com,active_ecommerce,shopify,True,,3,True,huggingface
venttura.com,active_ecommerce,shopify,True,,3,True,huggingface
venum.com,active_ecommerce,shopify,True,,3,True,huggingface
verandacafeandmercantile.com,active_ecommerce,shopify,True,,3,True,huggingface
verdi.com,active_ecommerce,shopify,True,,3,True,huggingface
verite.eco,active_ecommerce,shopify,True,,3,True,huggingface
veromoda.in,active_ecommerce,shopify,True,,3,True,huggingface
versaillesfarmgarden.com,active_ecommerce,shopify,True,,3,True,huggingface
versasolutionsllc.com,active_ecommerce,shopify,True,,3,True,huggingface
vertaair.com,active_ecommerce,shopify,True,,3,True,huggingface
vertemode.com,active_ecommerce,shopify,True,,3,True,huggingface
veryberryyogurt.com,active_ecommerce,shopify,True,,3,True,huggingface
vetalogica.com.au,active_ecommerce,shopify,True,,3,True,huggingface
vetcentral.com.sg,active_ecommerce,shopify,True,,3,True,huggingface
vetopia.com.hk,active_ecommerce,shopify,True,,3,True,huggingface
vetpoultry.com,active_ecommerce,shopify,True,,3,True,huggingface
vetspreferred.co,active_ecommerce,shopify,True,,3,True,huggingface
vettix.org,active_ecommerce,shopify,True,,3,True,huggingface
vetwraps.com,active_ecommerce,shopify,True,,3,True,huggingface
vgautopaints.com.au,active_ecommerce,shopify,True,,3,True,huggingface
vhrbarnesville.com,active_ecommerce,shopify,True,,3,True,huggingface
vianahos.com,active_ecommerce,shopify,True,,3,True,huggingface
vicegripgarage.com,active_ecommerce,shopify,True,,3,True,huggingface
vicsbakehouse.co.nz,active_ecommerce,shopify,True,,3,True,huggingface
victorfitness.com,active_ecommerce,shopify,True,,3,True,huggingface
victoriabeckham.com,active_ecommerce,shopify,True,,3,True,huggingface
victoryathleticsurfaces.com,active_ecommerce,shopify,True,,3,True,huggingface
victorygirl.com,active_ecommerce,shopify,True,,3,True,huggingface
vigoltd.com,active_ecommerce,shopify,True,,3,True,huggingface
vikingfiberco.com,active_ecommerce,shopify,True,,3,True,huggingface
vikingwholesales.com,active_ecommerce,shopify,True,,3,True,huggingface
villagehardware.com.au,active_ecommerce,shopify,True,,3,True,huggingface
villagepetmarket.com,active_ecommerce,shopify,True,,3,True,huggingface
villagepomegranate.com,active_ecommerce,shopify,True,,3,True,huggingface
vilrita.com,active_ecommerce,shopify,True,,3,True,huggingface
vilvahstore.com,active_ecommerce,shopify,True,,3,True,huggingface
vincicashmere.com,active_ecommerce,shopify,True,,3,True,huggingface
vinnyspetshop.com,active_ecommerce,shopify,True,,3,True,huggingface
vinodpatel.com.fj,active_ecommerce,shopify,True,,3,True,huggingface
vintagepensacsandparts.com,active_ecommerce,shopify,True,,3,True,huggingface
vintageposterworks.com,active_ecommerce,shopify,True,,3,True,huggingface
vintez-technologies.com,active_ecommerce,shopify,True,,3,True,huggingface
vinylrevival.com.au,active_ecommerce,shopify,True,,3,True,huggingface
viofo.com,active_ecommerce,shopify,True,,3,True,huggingface
vioyoga.com,active_ecommerce,shopify,True,,3,True,huggingface
vipertek.com,active_ecommerce,shopify,True,,3,True,huggingface
virtuejuice.com,active_ecommerce,shopify,True,,3,True,huggingface
vishalperipherals.com,active_ecommerce,shopify,True,,3,True,huggingface
vishoushockey.com,active_ecommerce,shopify,True,,3,True,huggingface
visibilitysignage.com,active_ecommerce,shopify,True,,3,True,huggingface
visionair.com.sg,active_ecommerce,shopify,True,,3,True,huggingface
vissla.com,active_ecommerce,shopify,True,,3,True,huggingface
visual-you.com,active_ecommerce,shopify,True,,3,True,huggingface
vitahealthapothecary.com,active_ecommerce,shopify,True,,3,True,huggingface
vitahealthplus.com,active_ecommerce,shopify,True,,3,True,huggingface
vitalfitessential.com,active_ecommerce,shopify,True,,3,True,huggingface
vitalitysandiego.com,active_ecommerce,shopify,True,,3,True,huggingface
vitallivingherbs.com,active_ecommerce,shopify,True,,3,True,huggingface
vitathrive.co.uk,active_ecommerce,shopify,True,,3,True,huggingface
vites.com,active_ecommerce,shopify,True,,3,True,huggingface
vituslg.com,active_ecommerce,shopify,True,,3,True,huggingface
vivaglorypet.com,active_ecommerce,shopify,True,,3,True,huggingface
vivaiodays.com,active_ecommerce,shopify,True,,3,True,huggingface
vivelepup.com,active_ecommerce,shopify,True,,3,True,huggingface
vividmoo.com,active_ecommerce,shopify,True,,3,True,huggingface
vivitar.com,active_ecommerce,shopify,True,,3,True,huggingface
vivomed.com,active_ecommerce,shopify,True,,3,True,huggingface
viyaura.com,active_ecommerce,shopify,True,,3,True,huggingface
vlnt.net,active_ecommerce,shopify,True,,3,True,huggingface
vmacs.net,active_ecommerce,shopify,True,,3,True,huggingface
vmxpets.com,active_ecommerce,shopify,True,,3,True,huggingface
vnhnaiduhall.com,active_ecommerce,shopify,True,,3,True,huggingface
voganow.com,active_ecommerce,shopify,True,,3,True,huggingface
voicebooster.com,active_ecommerce,shopify,True,,3,True,huggingface
volare.fitness,active_ecommerce,shopify,True,,3,True,huggingface
voldog.shop,active_ecommerce,shopify,True,,3,True,huggingface
voler.com,active_ecommerce,shopify,True,,3,True,huggingface
volikart.com,active_ecommerce,shopify,True,,3,True,huggingface
vollmerbullets.com,active_ecommerce,shopify,True,,3,True,huggingface
vondasgifts.com,active_ecommerce,shopify,True,,3,True,huggingface
vonultimatedogshop.com,active_ecommerce,shopify,True,,3,True,huggingface
voors.com,active_ecommerce,shopify,True,,3,True,huggingface
vornado.com.au,active_ecommerce,shopify,True,,3,True,huggingface
votagoo.com,active_ecommerce,shopify,True,,3,True,huggingface
voxyofficial.com,active_ecommerce,shopify,True,,3,True,huggingface
voyto.co.uk,active_ecommerce,shopify,True,,3,True,huggingface
vp-uk.co.uk,active_ecommerce,shopify,True,,3,True,huggingface
vqfit.com,active_ecommerce,shopify,True,,3,True,huggingface
vtg.jp,active_ecommerce,shopify,True,,3,True,huggingface
vulinedirect.com,active_ecommerce,shopify,True,,3,True,huggingface
vyne.co.uk,active_ecommerce,shopify,True,,3,True,huggingface
waamii.com,active_ecommerce,shopify,True,,3,True,huggingface
wabban.com,active_ecommerce,shopify,True,,3,True,huggingface
wadfowstore.com,active_ecommerce,shopify,True,,3,True,huggingface
wafflestreet.nyc,active_ecommerce,shopify,True,,3,True,huggingface
wagandshake.com,active_ecommerce,shopify,True,,3,True,huggingface
wagcentral.com,active_ecommerce,shopify,True,,3,True,huggingface
waggleytails.co.uk,active_ecommerce,shopify,True,,3,True,huggingface
wagnershells.com,active_ecommerce,shopify,True,,3,True,huggingface
wags-whiskers.co.uk,active_ecommerce,shopify,True,,3,True,huggingface
wagsandwhiskerspet.store,active_ecommerce,shopify,True,,3,True,huggingface
wagswagbrand.com,active_ecommerce,shopify,True,,3,True,huggingface
wahalifestyle.com,active_ecommerce,shopify,True,,3,True,huggingface
waikiwipharmacy.nz,active_ecommerce,shopify,True,,3,True,huggingface
waitbutwhy.com,active_ecommerce,shopify,True,,3,True,huggingface
wakeandwave.com,active_ecommerce,shopify,True,,3,True,huggingface
wakedelectric.com,active_ecommerce,shopify,True,,3,True,huggingface
wakemakers.com,active_ecommerce,shopify,True,,3,True,huggingface
wakerefill.com,active_ecommerce,shopify,True,,3,True,huggingface
waldodynamics.com,active_ecommerce,shopify,True,,3,True,huggingface
walkcarib.com,active_ecommerce,shopify,True,,3,True,huggingface
walkieez.com,active_ecommerce,shopify,True,,3,True,huggingface
walkinwardrobeonline.com,active_ecommerce,shopify,True,,3,True,huggingface
waltscomicshop.com,active_ecommerce,shopify,True,,3,True,huggingface
wanderprints.com,active_ecommerce,shopify,True,,3,True,huggingface
wanneroostockfeeders.com.au,active_ecommerce,shopify,True,,3,True,huggingface
warehoos.com,active_ecommerce,shopify,True,,3,True,huggingface
warehousetoys.com,active_ecommerce,shopify,True,,3,True,huggingface
warlordgames.com,active_ecommerce,shopify,True,,3,True,huggingface
warmandwooly.com,active_ecommerce,shopify,True,,3,True,huggingface
warmnfuzzy.com,active_ecommerce,shopify,True,,3,True,huggingface
warneusa.com,active_ecommerce,shopify,True,,3,True,huggingface
warrior.toys,active_ecommerce,shopify,True,,3,True,huggingface
warrioraddict.com,active_ecommerce,shopify,True,,3,True,huggingface
warriorlodge.com,active_ecommerce,shopify,True,,3,True,huggingface
warriorsbudget.com,active_ecommerce,shopify,True,,3,True,huggingface
warriorwinches.com,active_ecommerce,shopify,True,,3,True,huggingface
warsakimportedcollection.com,active_ecommerce,shopify,True,,3,True,huggingface
warwickshireclothing.com,active_ecommerce,shopify,True,,3,True,huggingface
wasatchmedicalsupply.com,active_ecommerce,shopify,True,,3,True,huggingface
wasatchpup.com,active_ecommerce,shopify,True,,3,True,huggingface
wasedafarms.com,active_ecommerce,shopify,True,,3,True,huggingface
washigang.com,active_ecommerce,shopify,True,,3,True,huggingface
washitape.com,active_ecommerce,shopify,True,,3,True,huggingface
washme.ie,active_ecommerce,shopify,True,,3,True,huggingface
washonwheelssupplies.com,active_ecommerce,shopify,True,,3,True,huggingface
washpromotions.com,active_ecommerce,shopify,True,,3,True,huggingface
wasteyarnproject.com,active_ecommerce,shopify,True,,3,True,huggingface
water-softeners-filters.com,active_ecommerce,shopify,True,,3,True,huggingface
waterpartsdirect.com,active_ecommerce,shopify,True,,3,True,huggingface
waterskiersworld.com.au,active_ecommerce,shopify,True,,3,True,huggingface
waterworlddirect.com,active_ecommerce,shopify,True,,3,True,huggingface
waveblock.com,active_ecommerce,shopify,True,,3,True,huggingface
waverles.com,active_ecommerce,shopify,True,,3,True,huggingface
wawa.com,active_ecommerce,shopify,True,,3,True,huggingface
waxboss.com,active_ecommerce,shopify,True,,3,True,huggingface
waxit.com.au,active_ecommerce,shopify,True,,3,True,huggingface
waxthatash.co,active_ecommerce,shopify,True,,3,True,huggingface
waxxunderwear.co.uk,active_ecommerce,shopify,True,,3,True,huggingface
waykar.com,active_ecommerce,shopify,True,,3,True,huggingface
wayland-farm-supply.com,active_ecommerce,shopify,True,,3,True,huggingface
wayoutwax.com,active_ecommerce,shopify,True,,3,True,huggingface
waypointvehicles.com,active_ecommerce,shopify,True,,3,True,huggingface
waysource.com,active_ecommerce,shopify,True,,3,True,huggingface
wcfecoop.com,active_ecommerce,shopify,True,,3,True,huggingface
wcscanadastore.com,active_ecommerce,shopify,True,,3,True,huggingface
wcuniforms.com,active_ecommerce,shopify,True,,3,True,huggingface
weareknitters.es,active_ecommerce,shopify,True,,3,True,huggingface
wearepari.com,active_ecommerce,shopify,True,,3,True,huggingface
wearepetly.com,active_ecommerce,shopify,True,,3,True,huggingface
weareready.sg,active_ecommerce,shopify,True,,3,True,huggingface
weargraphene.com,active_ecommerce,shopify,True,,3,True,huggingface
wearlark.com,active_ecommerce,shopify,True,,3,True,huggingface
wearswoop.com,active_ecommerce,shopify,True,,3,True,huggingface
weaveandwanderyarn.com,active_ecommerce,shopify,True,,3,True,huggingface
weaverlivestock.com,active_ecommerce,shopify,True,,3,True,huggingface
webfoodstore.com,active_ecommerce,shopify,True,,3,True,huggingface
webleedblue.com,active_ecommerce,shopify,True,,3,True,huggingface
webtoon.com,active_ecommerce,shopify,True,,3,True,huggingface
wegotautopaint.com,active_ecommerce,shopify,True,,3,True,huggingface
weightliftingtape.eu,active_ecommerce,shopify,True,,3,True,huggingface
weincense.com,active_ecommerce,shopify,True,,3,True,huggingface
weldshopsupply.com,active_ecommerce,shopify,True,,3,True,huggingface
wellandvalleyfeeds.co.uk,active_ecommerce,shopify,True,,3,True,huggingface
wellbeingfordogs.com.au,active_ecommerce,shopify,True,,3,True,huggingface
wellbeloved.com,active_ecommerce,shopify,True,,3,True,huggingface
wellgetthefood.com,active_ecommerce,shopify,True,,3,True,huggingface
wellicious.com,active_ecommerce,shopify,True,,3,True,huggingface
wellnergypets.com,active_ecommerce,shopify,True,,3,True,huggingface
wellnessflows.com,active_ecommerce,shopify,True,,3,True,huggingface
wellnessjunction.com,active_ecommerce,shopify,True,,3,True,huggingface
wellwise.ca,active_ecommerce,shopify,True,,3,True,huggingface
wespawpets.com,active_ecommerce,shopify,True,,3,True,huggingface
westbasedirect.com,active_ecommerce,shopify,True,,3,True,huggingface
westbearcreekgeneral.com,active_ecommerce,shopify,True,,3,True,huggingface
westcoastjanitorialsupplies.ca,active_ecommerce,shopify,True,,3,True,huggingface
westernranchandpetsupply.com,active_ecommerce,shopify,True,,3,True,huggingface
westlife-underwear.com,active_ecommerce,shopify,True,,3,True,huggingface
westlingusa.com,active_ecommerce,shopify,True,,3,True,huggingface
wesupplyfixings.co.uk,active_ecommerce,shopify,True,,3,True,huggingface
wesupplyit.com,active_ecommerce,shopify,True,,3,True,huggingface
wetcloths.com,active_ecommerce,shopify,True,,3,True,huggingface
wetsounds.com.au,active_ecommerce,shopify,True,,3,True,huggingface
wetsoundsoz.com,active_ecommerce,shopify,True,,3,True,huggingface
wetterfrosch.farm,active_ecommerce,shopify,True,,3,True,huggingface
weybridge-audio.co.uk,active_ecommerce,shopify,True,,3,True,huggingface
weyhillfarm.com.au,active_ecommerce,shopify,True,,3,True,huggingface
wgcshop.com,active_ecommerce,shopify,True,,3,True,huggingface
whaleofatimeclothing.com,active_ecommerce,shopify,True,,3,True,huggingface
whartonhardware.com,active_ecommerce,shopify,True,,3,True,huggingface
whatamericabuys.com,active_ecommerce,shopify,True,,3,True,huggingface
whatthefilament.com,active_ecommerce,shopify,True,,3,True,huggingface
wheelhousedesigns.com,active_ecommerce,shopify,True,,3,True,huggingface
wheelyfresh.co.uk,active_ecommerce,shopify,True,,3,True,huggingface
wheresyoursandbar.com,active_ecommerce,shopify,True,,3,True,huggingface
whhostess.com,active_ecommerce,shopify,True,,3,True,huggingface
whipitupcakesupplies.com.au,active_ecommerce,shopify,True,,3,True,huggingface
whisker-park.com,active_ecommerce,shopify,True,,3,True,huggingface
whiskerhaus.com,active_ecommerce,shopify,True,,3,True,huggingface
whiskersandclaws.com,active_ecommerce,shopify,True,,3,True,huggingface
whiskeyriversoap.com,active_ecommerce,shopify,True,,3,True,huggingface
whiskstowhiskers.com,active_ecommerce,shopify,True,,3,True,huggingface
whistlefish.com,active_ecommerce,shopify,True,,3,True,huggingface
whistlersweatershop.com,active_ecommerce,shopify,True,,3,True,huggingface
whitebilliards.com,active_ecommerce,shopify,True,,3,True,huggingface
whitedoglife.com,active_ecommerce,shopify,True,,3,True,huggingface
whiteflagsapparel.com,active_ecommerce,shopify,True,,3,True,huggingface
whitehorsedefense.com,active_ecommerce,shopify,True,,3,True,huggingface
whitehurstfarm.com,active_ecommerce,shopify,True,,3,True,huggingface
whitemountainpuzzles.com,active_ecommerce,shopify,True,,3,True,huggingface
whiterockpublishing.ca,active_ecommerce,shopify,True,,3,True,huggingface
wholefoodcoop.co.uk,active_ecommerce,shopify,True,,3,True,huggingface
wholefoods4pets.com,active_ecommerce,shopify,True,,3,True,huggingface
wholeguns.com,active_ecommerce,shopify,True,,3,True,huggingface
wholelattelove.ca,active_ecommerce,shopify,True,,3,True,huggingface
wholesale-mamasuds.com,active_ecommerce,shopify,True,,3,True,huggingface
wholesaleairsoftguns.com,active_ecommerce,shopify,True,,3,True,huggingface
wholesaleca.com,active_ecommerce,shopify,True,,3,True,huggingface
wholesalepaint.com.au,active_ecommerce,shopify,True,,3,True,huggingface
wholesomenova.com,active_ecommerce,shopify,True,,3,True,huggingface
whollycowfarmandranch.com,active_ecommerce,shopify,True,,3,True,huggingface
whyknotfibers.com,active_ecommerce,shopify,True,,3,True,huggingface
wibi.com.kw,active_ecommerce,shopify,True,,3,True,huggingface
wickedclothes.com,active_ecommerce,shopify,True,,3,True,huggingface
wickeddog.com,active_ecommerce,shopify,True,,3,True,huggingface
wickedgear.net.au,active_ecommerce,shopify,True,,3,True,huggingface
wicksandwinehtx.com,active_ecommerce,shopify,True,,3,True,huggingface
wiggiespets.com,active_ecommerce,shopify,True,,3,True,huggingface
wihatools.com,active_ecommerce,shopify,True,,3,True,huggingface
wihumane.org,active_ecommerce,shopify,True,,3,True,huggingface
wildandsoft.com,active_ecommerce,shopify,True,,3,True,huggingface
wildatlanticyarns.com,active_ecommerce,shopify,True,,3,True,huggingface
wildbearmarket.com,active_ecommerce,shopify,True,,3,True,huggingface
wildbirdplace.com,active_ecommerce,shopify,True,,3,True,huggingface
wildbirdstoreonline.com,active_ecommerce,shopify,True,,3,True,huggingface
wildcat-co.com,active_ecommerce,shopify,True,,3,True,huggingface
wildcatsnowapparel.com,active_ecommerce,shopify,True,,3,True,huggingface
wildcatsog.com,active_ecommerce,shopify,True,,3,True,huggingface
wildcoastkayaks.co.za,active_ecommerce,shopify,True,,3,True,huggingface
wilddaisy.nz,active_ecommerce,shopify,True,,3,True,huggingface
wilddtail.com,active_ecommerce,shopify,True,,3,True,huggingface
wildebeest.co,active_ecommerce,shopify,True,,3,True,huggingface
wilderdog.com,active_ecommerce,shopify,True,,3,True,huggingface
wilders.com,active_ecommerce,shopify,True,,3,True,huggingface
wildextreme.co.uk,active_ecommerce,shopify,True,,3,True,huggingface
wildflowerbeer.com,active_ecommerce,shopify,True,,3,True,huggingface
wildhunter.ie,active_ecommerce,shopify,True,,3,True,huggingface
wildmeadowfarms.com,active_ecommerce,shopify,True,,3,True,huggingface
wildoakboutique.com,active_ecommerce,shopify,True,,3,True,huggingface
wildrepublic.com.au,active_ecommerce,shopify,True,,3,True,huggingface
wildrootsfreshies.com,active_ecommerce,shopify,True,,3,True,huggingface
wildthingsgallery.com.au,active_ecommerce,shopify,True,,3,True,huggingface
wildwonderbox.co.uk,active_ecommerce,shopify,True,,3,True,huggingface
wildwoven.com,active_ecommerce,shopify,True,,3,True,huggingface
wildyeastbrewing.com,active_ecommerce,shopify,True,,3,True,huggingface
williamsonsupply.shop,active_ecommerce,shopify,True,,3,True,huggingface
wilmotharvey.com.au,active_ecommerce,shopify,True,,3,True,huggingface
windycityaquariums.com,active_ecommerce,shopify,True,,3,True,huggingface
wingedvictorys.com,active_ecommerce,shopify,True,,3,True,huggingface
wingsbc.ca,active_ecommerce,shopify,True,,3,True,huggingface
winholder.uk,active_ecommerce,shopify,True,,3,True,huggingface
winnielou.com,active_ecommerce,shopify,True,,3,True,huggingface
winniethebirdstoyshop.com,active_ecommerce,shopify,True,,3,True,huggingface
winsomepetsupplies.com,active_ecommerce,shopify,True,,3,True,huggingface
winstonindustrial.com,active_ecommerce,shopify,True,,3,True,huggingface
winterberries.shop,active_ecommerce,shopify,True,,3,True,huggingface
winterheatpumps.nz,active_ecommerce,shopify,True,,3,True,huggingface
winthropclothingco.com,active_ecommerce,shopify,True,,3,True,huggingface
winzer.com,active_ecommerce,shopify,True,,3,True,huggingface
wireman.com.au,active_ecommerce,shopify,True,,3,True,huggingface
wiremarkers.com.au,active_ecommerce,shopify,True,,3,True,huggingface
wisebynature.com,active_ecommerce,shopify,True,,3,True,huggingface
wiselife.in,active_ecommerce,shopify,True,,3,True,huggingface
wiselinetools.ca,active_ecommerce,shopify,True,,3,True,huggingface
wisemeds.com,active_ecommerce,shopify,True,,3,True,huggingface
wishingchair.in,active_ecommerce,shopify,True,,3,True,huggingface
wiworldandi.com,active_ecommerce,shopify,True,,3,True,huggingface
wiytamo.com,active_ecommerce,shopify,True,,3,True,huggingface
wkeygroup.com,active_ecommerce,shopify,True,,3,True,huggingface
wkndgirl.com,active_ecommerce,shopify,True,,3,True,huggingface
wlmouse.com,active_ecommerce,shopify,True,,3,True,huggingface
wltactical.com,active_ecommerce,shopify,True,,3,True,huggingface
wmneumann.com,active_ecommerce,shopify,True,,3,True,huggingface
wnp.com.hk,active_ecommerce,shopify,True,,3,True,huggingface
wobbleyoga.com,active_ecommerce,shopify,True,,3,True,huggingface
wodofogdr.com,active_ecommerce,shopify,True,,3,True,huggingface
wolfmindstudios.com,active_ecommerce,shopify,True,,3,True,huggingface
wolfworthy.co.uk,active_ecommerce,shopify,True,,3,True,huggingface
wolkifarm.com.au,active_ecommerce,shopify,True,,3,True,huggingface
wolseleywool.com,active_ecommerce,shopify,True,,3,True,huggingface
womensbest.com,active_ecommerce,shopify,True,,3,True,huggingface
womensecret.sa,active_ecommerce,shopify,True,,3,True,huggingface
wonderfurrpets.com,active_ecommerce,shopify,True,,3,True,huggingface
woobiliy.com,active_ecommerce,shopify,True,,3,True,huggingface
woodberrytoys.com,active_ecommerce,shopify,True,,3,True,huggingface
wooden-ships.com,active_ecommerce,shopify,True,,3,True,huggingface
woodmanwear.com,active_ecommerce,shopify,True,,3,True,huggingface
woodstocklaundry.com.kw,active_ecommerce,shopify,True,,3,True,huggingface
woodstocksanctuary.org,active_ecommerce,shopify,True,,3,True,huggingface
woodwork-art.com,active_ecommerce,shopify,True,,3,True,huggingface
woofcreek.com,active_ecommerce,shopify,True,,3,True,huggingface
woofgangnc.shop,active_ecommerce,shopify,True,,3,True,huggingface
woofur.ca,active_ecommerce,shopify,True,,3,True,huggingface
woofyandwhiskers.au,active_ecommerce,shopify,True,,3,True,huggingface
woolcouturecompany.com,active_ecommerce,shopify,True,,3,True,huggingface
woolfiend.com,active_ecommerce,shopify,True,,3,True,huggingface
woollybully.com,active_ecommerce,shopify,True,,3,True,huggingface
woolx.com,active_ecommerce,shopify,True,,3,True,huggingface
woolygon.com,active_ecommerce,shopify,True,,3,True,huggingface
woolyn.com,active_ecommerce,shopify,True,,3,True,huggingface
woowind.store,active_ecommerce,shopify,True,,3,True,huggingface
woozymoo.com,active_ecommerce,shopify,True,,3,True,huggingface
wordupcollectibles.com,active_ecommerce,shopify,True,,3,True,huggingface
worknwear.ca,active_ecommerce,shopify,True,,3,True,huggingface
worldamenities.com,active_ecommerce,shopify,True,,3,True,huggingface
worldtech.asia,active_ecommerce,shopify,True,,3,True,huggingface
worldwidestereo.com,active_ecommerce,shopify,True,,3,True,huggingface
worthybrands.com,active_ecommerce,shopify,True,,3,True,huggingface
woundcareshop.com,active_ecommerce,shopify,True,,3,True,huggingface
wovenartshop.com,active_ecommerce,shopify,True,,3,True,huggingface
wovenologybaskets.com,active_ecommerce,shopify,True,,3,True,huggingface
wowotogo.com,active_ecommerce,shopify,True,,3,True,huggingface
wrap-boutique.com,active_ecommerce,shopify,True,,3,True,huggingface
wrapables.com,active_ecommerce,shopify,True,,3,True,huggingface
wrapandwoof.com,active_ecommerce,shopify,True,,3,True,huggingface
wrapglove.com,active_ecommerce,shopify,True,,3,True,huggingface
wrapmypads.com,active_ecommerce,shopify,True,,3,True,huggingface
wrapnseal.com,active_ecommerce,shopify,True,,3,True,huggingface
wrappinghappy.ca,active_ecommerce,shopify,True,,3,True,huggingface
wrappsody.com,active_ecommerce,shopify,True,,3,True,huggingface
wrapshap.com,active_ecommerce,shopify,True,,3,True,huggingface
wrenbirdlane.com,active_ecommerce,shopify,True,,3,True,huggingface
wrenchandrepeat.com,active_ecommerce,shopify,True,,3,True,huggingface
wrestlingstoreaustralia.com,active_ecommerce,shopify,True,,3,True,huggingface
wrigglebrew.com,active_ecommerce,shopify,True,,3,True,huggingface
wryker.com,active_ecommerce,shopify,True,,3,True,huggingface
wsimachinery.com,active_ecommerce,shopify,True,,3,True,huggingface
wufwufshop.co.uk,active_ecommerce,shopify,True,,3,True,huggingface
wyred4sound.com,active_ecommerce,shopify,True,,3,True,huggingface
wyshtech.com,active_ecommerce,shopify,True,,3,True,huggingface
wysong.net,active_ecommerce,shopify,True,,3,True,huggingface
wyze.com,active_ecommerce,shopify,True,,3,True,huggingface
x-sense.com,active_ecommerce,shopify,True,,3,True,huggingface
xb2h.com,active_ecommerce,shopify,True,,3,True,huggingface
xcstore.co.uk,active_ecommerce,shopify,True,,3,True,huggingface
xenotees.com,active_ecommerce,shopify,True,,3,True,huggingface
xkitz.com,active_ecommerce,shopify,True,,3,True,huggingface
xolosarapes.com,active_ecommerce,shopify,True,,3,True,huggingface
xperiencehomehealthcare.ca,active_ecommerce,shopify,True,,3,True,huggingface
xpressgrocers.pk,active_ecommerce,shopify,True,,3,True,huggingface
xreal.com,active_ecommerce,shopify,True,,3,True,huggingface
xrosebeauty.com,active_ecommerce,shopify,True,,3,True,huggingface
xtclothes.com,active_ecommerce,shopify,True,,3,True,huggingface
xtragrej.dk,active_ecommerce,shopify,True,,3,True,huggingface
xtremeimportskapiti.co.nz,active_ecommerce,shopify,True,,3,True,huggingface
yachtmailchandlery.com,active_ecommerce,shopify,True,,3,True,huggingface
yakeda.com,active_ecommerce,shopify,True,,3,True,huggingface
yandasmusic.com,active_ecommerce,shopify,True,,3,True,huggingface
yappypets.sg,active_ecommerce,shopify,True,,3,True,huggingface
yarascents.com,active_ecommerce,shopify,True,,3,True,huggingface
yarn-fun.com,active_ecommerce,shopify,True,,3,True,huggingface
yarn.bar,active_ecommerce,shopify,True,,3,True,huggingface
yarnandyou.com,active_ecommerce,shopify,True,,3,True,huggingface
yarncomstl.com,active_ecommerce,shopify,True,,3,True,huggingface
yarndragon.com,active_ecommerce,shopify,True,,3,True,huggingface
yarnfolk.com,active_ecommerce,shopify,True,,3,True,huggingface
yarnharborduluth.com,active_ecommerce,shopify,True,,3,True,huggingface
yarnink.com,active_ecommerce,shopify,True,,3,True,huggingface
yarnish.com.au,active_ecommerce,shopify,True,,3,True,huggingface
yarnjam.com,active_ecommerce,shopify,True,,3,True,huggingface
yarnjunction.com,active_ecommerce,shopify,True,,3,True,huggingface
yarnloop.com,active_ecommerce,shopify,True,,3,True,huggingface
yarnmecalm.com.au,active_ecommerce,shopify,True,,3,True,huggingface
yarnovernewyork.com,active_ecommerce,shopify,True,,3,True,huggingface
yarnpark.com,active_ecommerce,shopify,True,,3,True,huggingface
yarnstoreboutique.com,active_ecommerce,shopify,True,,3,True,huggingface
yarntuary.com,active_ecommerce,shopify,True,,3,True,huggingface
yarrowgoods.com,active_ecommerce,shopify,True,,3,True,huggingface
yayab.com,active_ecommerce,shopify,True,,3,True,huggingface
yazizo.com,active_ecommerce,shopify,True,,3,True,huggingface
yazwholesale.com,active_ecommerce,shopify,True,,3,True,huggingface
ycmtools.com,active_ecommerce,shopify,True,,3,True,huggingface
yeagerimplement.com,active_ecommerce,shopify,True,,3,True,huggingface
yeahgoshopping.com,active_ecommerce,shopify,True,,3,True,huggingface
yeastbakers.com,active_ecommerce,shopify,True,,3,True,huggingface
yeastieboys.co.nz,active_ecommerce,shopify,True,,3,True,huggingface
yeeps.com,active_ecommerce,shopify,True,,3,True,huggingface
yefense.com,active_ecommerce,shopify,True,,3,True,huggingface
yellowandblacktools.com,active_ecommerce,shopify,True,,3,True,huggingface
yellowsubtrading.co.za,active_ecommerce,shopify,True,,3,True,huggingface
yemaksweater.com,active_ecommerce,shopify,True,,3,True,huggingface
yepoda.com,active_ecommerce,shopify,True,,3,True,huggingface
yesair.com,active_ecommerce,shopify,True,,3,True,huggingface
yeti.com,active_ecommerce,shopify,True,,3,True,huggingface
yewtreebarn.co.uk,active_ecommerce,shopify,True,,3,True,huggingface
ygcollection.com,active_ecommerce,shopify,True,,3,True,huggingface
yinyangpethouse.co.uk,active_ecommerce,shopify,True,,3,True,huggingface
ymcagear.com.au,active_ecommerce,shopify,True,,3,True,huggingface
ymstyle.com,active_ecommerce,shopify,True,,3,True,huggingface
yobe.co,active_ecommerce,shopify,True,,3,True,huggingface
yocrackers.com,active_ecommerce,shopify,True,,3,True,huggingface
yodiscover.com,active_ecommerce,shopify,True,,3,True,huggingface
yoga-shop.org,active_ecommerce,shopify,True,,3,True,huggingface
yoga-society.com,active_ecommerce,shopify,True,,3,True,huggingface
yogabox.com,active_ecommerce,shopify,True,,3,True,huggingface
yogactiw.com,active_ecommerce,shopify,True,,3,True,huggingface
yogafitpractice.com,active_ecommerce,shopify,True,,3,True,huggingface
yogaflowstore.com,active_ecommerce,shopify,True,,3,True,huggingface
yogagymclothes.com,active_ecommerce,shopify,True,,3,True,huggingface
yogahustle.com,active_ecommerce,shopify,True,,3,True,huggingface
yogalina.co.uk,active_ecommerce,shopify,True,,3,True,huggingface
yogamantra.ca,active_ecommerce,shopify,True,,3,True,huggingface
yogamartusa.com,active_ecommerce,shopify,True,,3,True,huggingface
yogamats4u.com,active_ecommerce,shopify,True,,3,True,huggingface
yogamatto.com,active_ecommerce,shopify,True,,3,True,huggingface
yoganum.com,active_ecommerce,shopify,True,,3,True,huggingface
yogapalooza.com,active_ecommerce,shopify,True,,3,True,huggingface
yogapaws.com,active_ecommerce,shopify,True,,3,True,huggingface
yogaspirit.mu,active_ecommerce,shopify,True,,3,True,huggingface
yogat.com.au,active_ecommerce,shopify,True,,3,True,huggingface
yogawells.com,active_ecommerce,shopify,True,,3,True,huggingface
yogaworks.com,active_ecommerce,shopify,True,,3,True,huggingface
yogaye.com,active_ecommerce,shopify,True,,3,True,huggingface
yogazero.com,active_ecommerce,shopify,True,,3,True,huggingface
yoghani.com,active_ecommerce,shopify,True,,3,True,huggingface
yogikor.sa,active_ecommerce,shopify,True,,3,True,huggingface
yogimall.com,active_ecommerce,shopify,True,,3,True,huggingface
yogispirit.com.au,active_ecommerce,shopify,True,,3,True,huggingface
yogisuperfoods.com,active_ecommerce,shopify,True,,3,True,huggingface
yogiyog.com.au,active_ecommerce,shopify,True,,3,True,huggingface
yogoody.com,active_ecommerce,shopify,True,,3,True,huggingface
yogurt4pet.com,active_ecommerce,shopify,True,,3,True,huggingface
yogurtglamour.com,active_ecommerce,shopify,True,,3,True,huggingface
yogurts.net,active_ecommerce,shopify,True,,3,True,huggingface
yogustart.com,active_ecommerce,shopify,True,,3,True,huggingface
yomats.com,active_ecommerce,shopify,True,,3,True,huggingface
yonanas.com.au,active_ecommerce,shopify,True,,3,True,huggingface
yoorair.com,active_ecommerce,shopify,True,,3,True,huggingface
yooupin.com,active_ecommerce,shopify,True,,3,True,huggingface
yorkshireav.co.uk,active_ecommerce,shopify,True,,3,True,huggingface
yorstruly.com,active_ecommerce,shopify,True,,3,True,huggingface
yosmart.com,active_ecommerce,shopify,True,,3,True,huggingface
yoso.ca,active_ecommerce,shopify,True,,3,True,huggingface
yotaforce.com,active_ecommerce,shopify,True,,3,True,huggingface
yotogocooler.com,active_ecommerce,shopify,True,,3,True,huggingface
yotruth.com,active_ecommerce,shopify,True,,3,True,huggingface
youcantrewindlife.ca,active_ecommerce,shopify,True,,3,True,huggingface
youfarmfresh.com,active_ecommerce,shopify,True,,3,True,huggingface
yougotplanb.com,active_ecommerce,shopify,True,,3,True,huggingface
youlookperfect.at,active_ecommerce,shopify,True,,3,True,huggingface
youneselectric.com,active_ecommerce,shopify,True,,3,True,huggingface
yourblissful.com,active_ecommerce,shopify,True,,3,True,huggingface
youronlinepetstore.com.au,active_ecommerce,shopify,True,,3,True,huggingface
youroutdoorstore.com.au,active_ecommerce,shopify,True,,3,True,huggingface
yourpapersource.com,active_ecommerce,shopify,True,,3,True,huggingface
yourpetbff.com,active_ecommerce,shopify,True,,3,True,huggingface
yourpetifyshop.com,active_ecommerce,shopify,True,,3,True,huggingface
yourpetpa.co.nz,active_ecommerce,shopify,True,,3,True,huggingface
yourreformer.com,active_ecommerce,shopify,True,,3,True,huggingface
yourself.health,active_ecommerce,shopify,True,,3,True,huggingface
youthfulmd.com,active_ecommerce,shopify,True,,3,True,huggingface
youthiconz.com,active_ecommerce,shopify,True,,3,True,huggingface
youthstardirect.co.uk,active_ecommerce,shopify,True,,3,True,huggingface
yowpets.com,active_ecommerce,shopify,True,,3,True,huggingface
yoyoandflo.com,active_ecommerce,shopify,True,,3,True,huggingface
yoyoorange.com,active_ecommerce,shopify,True,,3,True,huggingface
yucagci.com,active_ecommerce,shopify,True,,3,True,huggingface
yujparis.com,active_ecommerce,shopify,True,,3,True,huggingface
yumetoys.com,active_ecommerce,shopify,True,,3,True,huggingface
yummyyarnandco.com.au,active_ecommerce,shopify,True,,3,True,huggingface
yumoveadvance360.com,active_ecommerce,shopify,True,,3,True,huggingface
yves-salomon.com,active_ecommerce,shopify,True,,3,True,huggingface
zachspetshop.com.au,active_ecommerce,shopify,True,,3,True,huggingface
zafroshop.com,active_ecommerce,shopify,True,,3,True,huggingface
zag-store.com,active_ecommerce,shopify,True,,3,True,huggingface
zahrastores.pk,active_ecommerce,shopify,True,,3,True,huggingface
zainabsupplies.com,active_ecommerce,shopify,True,,3,True,huggingface
zampotechna.com,active_ecommerce,shopify,True,,3,True,huggingface
zaneof.com,active_ecommerce,shopify,True,,3,True,huggingface
zarasyl.ie,active_ecommerce,shopify,True,,3,True,huggingface
zartart.com.au,active_ecommerce,shopify,True,,3,True,huggingface
zaytonafashion.com,active_ecommerce,shopify,True,,3,True,huggingface
zealandiapets.com,active_ecommerce,shopify,True,,3,True,huggingface
zeefashionsandfabrics.com,active_ecommerce,shopify,True,,3,True,huggingface
zelistore.com,active_ecommerce,shopify,True,,3,True,huggingface
zenasport.com.au,active_ecommerce,shopify,True,,3,True,huggingface
zenbycat.shop,active_ecommerce,shopify,True,,3,True,huggingface
zenexint.com,active_ecommerce,shopify,True,,3,True,huggingface
zenhabitats.com,active_ecommerce,shopify,True,,3,True,huggingface
zenkuro.co.nz,active_ecommerce,shopify,True,,3,True,huggingface
zenmaitri.com,active_ecommerce,shopify,True,,3,True,huggingface
zenmarkt.com,active_ecommerce,shopify,True,,3,True,huggingface
zephyrindustries.com,active_ecommerce,shopify,True,,3,True,huggingface
zerofouratelier.com,active_ecommerce,shopify,True,,3,True,huggingface
zeroplus.co.uk,active_ecommerce,shopify,True,,3,True,huggingface
zerorestriction.com,active_ecommerce,shopify,True,,3,True,huggingface
zerotools.com.au,active_ecommerce,shopify,True,,3,True,huggingface
zerovana.com,active_ecommerce,shopify,True,,3,True,huggingface
zewze.com,active_ecommerce,shopify,True,,3,True,huggingface
zform.au,active_ecommerce,shopify,True,,3,True,huggingface
zieglerstore.com,active_ecommerce,shopify,True,,3,True,huggingface
zienaeyewear.com,active_ecommerce,shopify,True,,3,True,huggingface
zillajee.com,active_ecommerce,shopify,True,,3,True,huggingface
zimseller.co.uk,active_ecommerce,shopify,True,,3,True,huggingface
ziollo.com,active_ecommerce,shopify,True,,3,True,huggingface
ziper.cl,active_ecommerce,shopify,True,,3,True,huggingface
zipformpackaging.com.au,active_ecommerce,shopify,True,,3,True,huggingface
zippair.com,active_ecommerce,shopify,True,,3,True,huggingface
zippytails.com,active_ecommerce,shopify,True,,3,True,huggingface
ziwipets.co.uk,active_ecommerce,shopify,True,,3,True,huggingface
zlccollectibles.com,active_ecommerce,shopify,True,,3,True,huggingface
zlcommerce.com,active_ecommerce,shopify,True,,3,True,huggingface
zntswholesale.com,active_ecommerce,shopify,True,,3,True,huggingface
zntswholesale.com.au,active_ecommerce,shopify,True,,3,True,huggingface
zocohome.com,active_ecommerce,shopify,True,,3,True,huggingface
zoepetshop.com,active_ecommerce,shopify,True,,3,True,huggingface
zohprobiotics.com,active_ecommerce,shopify,True,,3,True,huggingface
zoicpalaeotech.co.uk,active_ecommerce,shopify,True,,3,True,huggingface
zolex-handcleaner.com,active_ecommerce,shopify,True,,3,True,huggingface
zoltarsarcade.com,active_ecommerce,shopify,True,,3,True,huggingface
zomdo.com,active_ecommerce,shopify,True,,3,True,huggingface
zonefirst.com,active_ecommerce,shopify,True,,3,True,huggingface
zooexpert.it,active_ecommerce,shopify,True,,3,True,huggingface
zoomaroma.com,active_ecommerce,shopify,True,,3,True,huggingface
zoomatepetlife.com,active_ecommerce,shopify,True,,3,True,huggingface
zoosigns.com,active_ecommerce,shopify,True,,3,True,huggingface
zoosnoods.com,active_ecommerce,shopify,True,,3,True,huggingface
zorita.com,active_ecommerce,shopify,True,,3,True,huggingface
zstatcaraudio.com,active_ecommerce,shopify,True,,3,True,huggingface
ztlabels.com,active_ecommerce,shopify,True,,3,True,huggingface
zubaidasonline.com,active_ecommerce,shopify,True,,3,True,huggingface
zubibakes.com,active_ecommerce,shopify,True,,3,True,huggingface
zuboc.com,active_ecommerce,shopify,True,,3,True,huggingface
zukkee.com,active_ecommerce,shopify,True,,3,True,huggingface
zumalka.com,active_ecommerce,shopify,True,,3,True,huggingface
zuriroseco.com,active_ecommerce,shopify,True,,3,True,huggingface
zyfokfoods.com,active_ecommerce,shopify,True,,3,True,huggingface
zzz-airsoft.com,active_ecommerce,shopify,True,,3,True,huggingface
zzztape.com,active_ecommerce,shopify,True,,3,True,huggingface
