domain,url,platform,has_products,product_count,ecom_signals,detected_payments,tags,min_price,max_price
yoast.com,https://yoast.com,bigcommerce,False,0,1,,,0,0
anker.com,https://anker.com,shopify,False,0,1,,,0,0
wpml.org,https://wpml.org,woocommerce,False,0,1,,,0,0
fashionnova.com,https://fashionnova.com,shopify,True,5,1,,All Promo|Back In Stock 2023|category:Shoes|category_es:Zapatos|category_group:Accessories & Shoes|All Promo|Back In Stock 2023|category:Shoes|category_es:Zapatos|category_group:Accessories & Shoes,13.99,47.99
screamingfrog.co.uk,https://screamingfrog.co.uk,woocommerce,True,0,1,,,0,0
gymshark.com,https://gymshark.com,shopify,True,5,1,,02/04/26|acc-lower-bucket|accessories|activity:Rest Day|akeneo_updated_at:1775143409|02/04/26|acc-lower-bucket|accessories|activity:Lifting|akeneo_updated_at:1775143409,16.0,54.0
goop.com,https://goop.com,shopify,True,0,1,,,0,0
everlane.com,https://everlane.com,shopify,True,0,1,,,0,0
aioseo.com,https://aioseo.com,woocommerce,False,0,1,,,0,0
skims.com,https://skims.com,shopify,False,0,1,,,0,0
ohpolly.com,https://ohpolly.com,shopify,True,5,1,,ebay-all|excludedlist|no-treet|Novoga|Plus Size|ALLPRODUCTSOKENDO|ops-returns-2|Student Discount|twenty-inclusions|ALL PRODUCTS EXPORT UAE,17.0,100.0
princesspolly.com,https://princesspolly.com,shopify,True,0,1,shopify_payments,,0,0
fentybeauty.com,https://fentybeauty.com,shopify,True,5,1,,badge|NEW|Benefits:Conditioning|Benefits:Hydrating|Benefits:Moisturizing|catalog-exclude|baby pink|badge|BACK IN STOCK|bb::7991030153261::discount::10|bb::7991070949421::discount::15|bb::8057724928045::discount::15,1.5,45.0
glossier.com,https://glossier.com,shopify,True,5,1,,GLS 2.0|GLS 2.0 Sets|GLS 2.0 Standalone|Maximum Limit: 20|Shop All|final_sale|GLS 2.0|Maximum Limit: 3|merch|not eligible,16.0,42.0
casper.com,https://casper.com,shopify,True,5,1,,recycle-fee|remote-fee-large|YGroup_Snug|recycle-fee|remote-fee-large|YGroup_DreamMax|recycle-fee|remote-fee-large|YGroup_Dream|exclude_feeds,16.0,5490.0
ridge.com,https://ridge.com,shopify,True,5,1,,bundle-add-on|everyday carry|hide|hide-both|hide-from-google|2.0|2.0 launch|2.0 Wallet|90s Capsule|aluminum,35.0,150.0
updraftplus.com,https://updraftplus.com,woocommerce,True,0,1,,,0,0
allbirds.com,https://allbirds.com,shopify,True,5,1,,allbirds::carbon-score => 6.68|allbirds::cfId => color-smallbirds-bk-wool-loungers-natural-white-natural-white|allbirds::complete => true|allbirds::edition => limited|allbirds::gender => toddler|allbirds::carbon-score => 6.68|allbirds::cfId => color-smallbirds-bk-wool-loungers-honey-rust-ntrl-white|allbirds::complete => true|allbirds::edition => limited|allbirds::gender => toddler,32.0,140.0
youngla.com,https://youngla.com,shopify,True,0,1,,,0,0
wearpact.com,https://wearpact.com,shopify,True,0,1,paypal|afterpay,,0,0
peppermayo.com,https://peppermayo.com,shopify,True,5,1,,Accessories|beige|Category:Accessories|Collection:Noir Edit|colour|asymmetrial|asymmetricaltops|autumn|basictops|beachcoverup,19.95,149.95
danielwellington.com,https://danielwellington.com,shopify,True,5,1,,bundle-sale|color:Gold|female|for:Aunt|for:Friend|bundle-sale|color:Rose Gold|female|for:Aunt|for:Friend,59.2,67.2
bombas.com,https://bombas.com,shopify,False,0,1,,,0,0
drinkag1.com,https://drinkag1.com,shopify,False,0,1,,,0,0
rothys.com,https://rothys.com,shopify,True,5,1,,employeeshoesqualify|launchdate:April:2026|sizesystem:Women|storefront:category:Womens Shoes|storefront:model-name:The Weekend Sandal|employeeshoesqualify|launchdate:April:2026|sizesystem:Women|storefront:category:Womens Shoes|storefront:model-name:The D'Orsay Espadrille,149.0,149.0
blackdiamondequipment.com,https://blackdiamondequipment.com,shopify,True,5,1,,no-restock|Skiing and Snowboarding|Women's-Bottoms-Regular-Alpha|no-restock|Skiing and Snowboarding|Women's-Bottoms-Regular-Alpha|equipment|New Arrivals,18.0,180.0
kyliecosmetics.com,https://kyliecosmetics.com,shopify,True,5,1,,#hide-sale|Brand_Principles:cruelty free|Brand_Principles:vegan|bundle_product|8818047713522|1|all|bundle_product|8818047746290|1|all|_free_sample|_gift_eligible|algolia-ignore|bundle_nosto|nosto_exclude,0.5,56.7
gillette.com,https://gillette.com,bigcommerce,False,0,1,,,0,0
thursdayboots.com,https://thursdayboots.com,shopify,True,5,1,,anagram-enabled|as:EssentialLeatherKit|bf21:Leather|bf21:M-Low-Top-Sneaker|bf21:MBeanie|accessories|all:All|bags:Handbag Hook|BIS|category:Laces2,8.0,248.0
sodastream.com,https://sodastream.com,shopify,True,5,1,,all-flav-bottle-acc|all-flavors|all-skus|badge-diet|Diet|all-flav-bottle-acc|all-flavors|all-skus|Classic|Energy,20.24,28.99
peets.com,https://peets.com,shopify,True,5,1,,archive 9.4.25|Orleans|Spring_26_menu|Type: Beverage|archive 9.4.25|Hidden|Spring_26_menu|Type: Beverage|Orleans|Spring_26_menu,0,0
brooklinen.com,https://brooklinen.com,shopify,True,5,1,,algolia-ignore|Category Promo: 25|Compare Module Slider|Discount Codes: Deny|Discount Messaging: Allow|Accessories|Active PLP|Active Robe|Best Sellers|Discount Codes: Allow,99.0,456.75
ritual.com,https://ritual.com,shopify,True,0,1,,,0,0
skullcandy.com,https://skullcandy.com,shopify,True,5,1,,live-products|new|speakers|waterproof|best-seller|gaming|headphones|live-products|platform-mobile|bundle,31.99,104.99
zippo.com,https://zippo.com,shopify,True,5,1,,ACTIVE|animal|blue|bro|buff dinosaur|2017|ACTIVE|black|Blazy|Blazy gang,28.95,37.95
meshki.com.au,https://meshki.com.au,shopify,True,5,1,,CreditOnly|exclusive:Bronze|exclusive:Platinum|exclusive:Silver|Heritage 2026|CreditOnly|Heritage 2026|pair:dasha-sling-back-heels-ivory|pair:elianne-satin-frame-clutch-bag-white|REUNION DROP 4,199.0,399.0
iliabeauty.com,https://iliabeauty.com,shopify,True,5,1,,all|bundle|flag::New|LoopRtns_bundles|new|all|bundle|eye|flag::New|LoopRtns_bundles,80.0,117.0
gorjana.com,https://gorjana.com,shopify,False,0,1,,,0,0
nisolo.com,https://nisolo.com,shopify,True,0,1,,,0,0
madeincookware.com,https://madeincookware.com,shopify,False,0,1,,,0,0
coolpc.com.tw,https://coolpc.com.tw,woocommerce,True,0,1,,,0,0
singer.com,https://singer.com,shopify,False,0,1,,,0,0
cuyana.com,https://cuyana.com,shopify,True,0,1,,,0,0
puravidabracelets.com,https://puravidabracelets.com,shopify,True,0,1,,,0,0
milkmakeup.com,https://milkmakeup.com,shopify,True,0,1,afterpay,,0,0
nomadgoods.com,https://nomadgoods.com,shopify,False,0,1,,,0,0
untuckit.com,https://untuckit.com,shopify,True,5,1,,care-instructions::damaschino-care|category:polos|category:What to Wear Going Out|color-collection::damaschino-ss|color:black|care-instructions::damaschino-care|category:polos|category:What to Wear Going Out|color-collection::damaschino-ss|color:blue,79.5,125.0
suta.in,https://suta.in,shopify,True,5,1,,__with:pre-drape-this-saree|Colour_Maroon|Discount eligible 2025|discount_applicable|Fabric_Organza|__with:pre-drape-this-saree|BLUE|Blue Color|Blue Colour|Blue Sadi,2960.0,27000.0
alphaleteathletics.com,https://alphaleteathletics.com,shopify,True,5,1,,AA24-DEC|AA24-DEC07|bar:fit-50|bf-bucket:50-60%|bf:60%|AA24-DEC|AA24-DEC09|AA25-JUNE14|Amplify_Legging|bar:compression-75,16.0,48.0
missoma.com,https://missoma.com,shopify,True,5,1,,__label:Save £29|Hoops_Size:Mini Hoops & Huggies|Metal 2:Gold|Metal:18ct Gold Vermeil|Pearl & Gemstone Jewellery|__label:Save £42|Gemstone:Cubic Zirconia|Gemstone:Pearl|Metal 2:Gold|Metal:18ct Gold Vermeil,119.0,255.0
sokoglam.com,https://sokoglam.com,shopify,True,0,1,,,0,0
summerfridays.com,https://summerfridays.com,shopify,True,0,1,afterpay,,0,0
drinktrade.com,https://drinktrade.com,shopify,True,5,1,,first-match-eligible|New|Organic|Women-Owned|first-match-eligible|New|first-match-eligible|New|first-match-eligible|seasonal,21.99,119.99
hauslabs.com,https://hauslabs.com,shopify,True,5,1,,cart_bundle|cheek|discount-eligible|NEW|cart_bundle|cheek|complexion|NEW|new arrivals|cart_bundle,42.0,190.0
beardbrand.com,https://beardbrand.com,shopify,True,5,1,,Black Sails|live|new badge|Ghost Tracer|live|new badge|Desert Road|live|new badge|Four Vices,45.0,140.0
tuftandneedle.com,https://tuftandneedle.com,shopify,True,5,1,,,499.0,1699.0
hellotushy.com,https://hellotushy.com,shopify,True,5,1,,Final Sale|Wave/Oasis Seat & Lid Exchange|Final Sale|Wave/Oasis Seat & Lid Exchange|Wave/Oasis Seat & Lid Exchange|Final Sale|Wave/Oasis Seat & Lid Exchange|Wave/Oasis Seat & Lid Exchange,16.0,16.0
tenthousand.cc,https://tenthousand.cc,shopify,True,5,1,,BFCM_45_Off|EOS_SALE_MARCH26|final-sale-corso|hide: basalt|shorts|gen-v2|include_in_collections|main-category: shirts|new arrivals|shirts,46.0,118.0
moonjuice.com,https://moonjuice.com,shopify,False,0,1,,,0,0
burrow.com,https://burrow.com,shopify,False,0,1,,,0,0
cowboy.com,https://cowboy.com,shopify,False,0,1,klarna,,0,0
magicspoon.com,https://magicspoon.com,shopify,False,0,1,,,0,0
kirrinfinch.com,https://kirrinfinch.com,shopify,True,0,1,,,0,0
buffy.co,https://buffy.co,shopify,True,0,1,,,0,0
koio.co,https://koio.co,shopify,True,0,1,,,0,0
wildone.com,https://wildone.com,shopify,True,0,1,,,0,0
kotn.com,https://kotn.com,shopify,False,0,1,,,0,0
nakedwolfe.com,https://nakedwolfe.com,shopify,False,0,1,,,0,0
olehenriksen.com,https://olehenriksen.com,shopify,True,0,1,afterpay|shopify_payments,,0,0
maguireshoes.com,https://maguireshoes.com,shopify,True,0,1,afterpay,,0,0
athleticgreens.com,https://athleticgreens.com,shopify,False,0,1,,,0,0
pelacase.ca,https://pelacase.ca,shopify,True,0,1,,,0,0
brightland.co,https://brightland.co,shopify,True,0,1,shopify_payments,,0,0
flybyjing.com,https://flybyjing.com,shopify,True,0,1,,,0,0
beautybakerie.com,https://beautybakerie.com,shopify,True,5,1,,Best Sellers|lip whip|Best Sellers|lip whip|back-in-stock|badge::gluten|badge::paraben|badge::smudge-proof|badge::vegan|badge::gluten,20.0,50.0
greatjonesgoods.com,https://greatjonesgoods.com,shopify,True,5,1,,badge_Save $60!|Govalo Gift Card (Do Not Delete)|Component|Stainless Steel,25.0,1000.0
artisaire.com,https://artisaire.com,shopify,True,0,1,,,0,0
bebemoss.com,https://bebemoss.com,shopify,True,0,1,,,0,0
beneathyourmask.com,https://beneathyourmask.com,shopify,True,0,1,,,0,0
blkandbold.com,https://blkandbold.com,shopify,True,0,1,,,0,0
bloomist.com,https://bloomist.com,shopify,True,0,1,,,0,0
camillebrinch.com,https://camillebrinch.com,shopify,True,0,1,,,0,0
coffeebeandirect.com,https://coffeebeandirect.com,shopify,True,5,1,,Decaf Flavored Roasted Coffee|Flavored Coffee Roasted Coffee|Limited Release Roasted Coffee|Roasted Coffee|Flavored Coffee Roasted Coffee|Limited Release Roasted Coffee|Regular Flavored Roasted Coffee|Roasted Coffee|Decaf Flavored Roasted Coffee|Flavored Coffee Roasted Coffee,20.95,72.95
flourist.com,https://flourist.com,shopify,True,0,1,,,0,0
freshheritage.com,https://freshheritage.com,shopify,True,0,1,,,0,0
hannafords.com,https://hannafords.com,opencart,False,0,1,,,0,0
hiutdenim.co.uk,https://hiutdenim.co.uk,shopify,False,0,1,,,0,0
hylete.com,https://hylete.com,shopify,True,0,1,,,0,0
lastobject.com,https://lastobject.com,shopify,False,0,1,,,0,0
meowmeowtweet.com,https://meowmeowtweet.com,shopify,True,0,1,,,0,0
partakefoods.com,https://partakefoods.com,shopify,True,5,1,,,0,0
portlandleather.com,https://portlandleather.com,shopify,True,5,1,,_imageTrigger=Color|exchange_fee:995|formal|geometrical|google pr|_imageTrigger=Color|airpods|AP|ap_small_goods|Clearance,20.0,160.0
potgang.co.uk,https://potgang.co.uk,shopify,True,5,1,,box_recurring|box_recurring|box_recurring|box_recurring,13.08,32.12
satyaorganics.com,https://satyaorganics.com,shopify,True,0,1,,,0,0
silkandwillow.com,https://silkandwillow.com,shopify,True,5,1,,pillow covers|blush ribbon|care_r_habutai|classic|detail_r_classic|ribbon sets|antique white|care_f_cotton|cotton gauze|detail_f_tightweave,18.0,265.0
terrebleu.ca,https://terrebleu.ca,shopify,True,5,1,,Current_2025,2.5,57.0
thenimetyou.com,https://thenimetyou.com,shopify,True,5,1,,YGroup_Golki|YGroup_HDLM|YGroup_RRBC|YGroup_TSBD,46.0,84.0
tofinosoapcompany.com,https://tofinosoapcompany.com,shopify,True,0,1,,,0,0
uppercasemagazine.com,https://uppercasemagazine.com,shopify,True,5,1,,wholesale|69|bundle,24.0,225.0
moschino.com,https://moschino.com,shopify,True,0,1,,,0,0
ecuagenera.com,https://ecuagenera.com,shopify,True,5,1,,Intermediate|New Arrivals|Orchid|Orchids Hybrids|Vandachostylis|New Arrivals|Orchid|Orchidacea|Vanda|Warm,15.0,70.0
telldus.com,https://telldus.com,shopify,True,5,1,,433MHz|Z-Wave|Z-Wave|433MHz|A|Z-Wave|A|Z-Wave|433MHz|A,69.0,1299.0
audioadvice.com,https://audioadvice.com,shopify,True,5,1,,Home Audio|Home Theater|Speakers|Subwoofers|Home Audio|Home Theater|Soundbars|Home Audio|Home Theater|Soundbars,328.0,898.0
tatanutrikorner.com,https://tatanutrikorner.com,shopify,True,0,1,,,0,0
enchroma.com,https://enchroma.com,shopify,True,5,1,,superx|CBAWARE|father|Non-Sale Outdoor|Outdoor|Outdoor Deutan|CBAWARE|father|Non-Sale Outdoor|Outdoor,189.0,189.0
schoolofpe.com,https://schoolofpe.com,shopify,True,5,1,,Live Online|PE|PE Fire Protection|Live Online|PE|PE Control Systems|ECC|Live Online|PE|PE Electrical,99.0,2699.0
antler.co.uk,https://antler.co.uk,shopify,True,5,1,,collection:all-bags|collection:all-luggage|collection:backpack|collection:discovery|collection:hand-luggage|collection:essential|collection:laptop-bags|collection:luggage|collection:new-arrivals|collection:travel-essentials,14.0,190.0
sugarshape.de,https://sugarshape.de,shopify,True,5,1,,,2.99,79.99
drifthq.com,https://drifthq.com,shopify,True,5,1,,new-30-days|new-30-days|new-30-days|new-30-days|new-30-days,4.56,635.05
numerogroup.com,https://numerogroup.com,shopify,True,5,1,,Emo|format:45|format:Digital|format:LP|hardcore|format:Digital|format:LP|New Age|Pre-Order|format:CD,10.0,100.0
yosekastationery.com,https://yosekastationery.com,shopify,True,5,1,,accessories|animal|animals|coming-soon|product|accessories|book clip|coming-soon|kept|product,5.0,200.0
ehplabs.com,https://ehplabs.com,shopify,True,0,1,,,0,0
tkees.com,https://tkees.com,shopify,True,5,1,,1Z1|footwear|regular_price|Sandals|women|1Z1|footwear|regular_price|Sandals|women,90.0,100.0
mynextbike.co.uk,https://mynextbike.co.uk,shopify,True,5,1,,business|hardtail|RRP_240|Subcategory_Crosscountry|RRP_|Subcategory_Trail|suspension|RRP_1365|hardtail|RRP_,285.0,14460.0
donnatellaperfumes.com,https://donnatellaperfumes.com,shopify,True,5,1,,,55.0,78.0
silverbackgymwear.com,https://silverbackgymwear.com,shopify,True,0,1,,,0,0
diegodallapalma.com,https://diegodallapalma.com,shopify,True,0,1,,,0,0
pandaliebe.de,https://pandaliebe.de,shopify,True,0,1,,,0,0
getoutsideshoes.com,https://getoutsideshoes.com,shopify,True,0,1,,,0,0
reflectwindow.com,https://reflectwindow.com,shopify,True,5,1,,H3871-(4-1/2)|H3871-(4-1/2)-Discontinued|H3872-(6)|H3872-(6)- Discontinued|H3873-(8)|5-4089|CAH-450|Locks and Accessories|Hardware|MHL-125-36,63.51,419.08
elektor.de,https://elektor.de,shopify,False,0,1,,,0,0
pringlescotland.com,https://pringlescotland.com,shopify,True,5,1,,Collection_Mens Ss26|Collection_New Arrivals|Collection_Shop Men|Collection_Wovens|comp:100% Cotton|Collection_Mens Ss26|Collection_New Arrivals|Collection_Shop Men|Collection_Wovens|comp:100% Cotton,85.0,85.0
torani.in,https://torani.in,shopify,True,5,1,,Accessories|ACTIVE|bestsellers|bs22|hair accessories|ACTIVE|cd-women|Client diaries|Client Diary|Torani Tribe,15500.0,175500.0
ashimafashion.com,https://ashimafashion.com,shopify,True,5,1,,ready-dispatch|preorder|Saree|Silk|Saree|Silk|Embroidered|Saree,2200.0,5600.0
dealsexpress.pk,https://dealsexpress.pk,shopify,True,5,1,,,4999.0,10999.0
homebakersmart.co.in,https://homebakersmart.co.in,shopify,True,5,1,,,15.0,75.0
usasports.co.uk,https://usasports.co.uk,shopify,True,5,1,,Jersey|Los Angeles Lakers|NBA|Caps|NFL|Washington Commanders|Caps|NFL|Tennessee Titans|Caps,35.0,70.0
awareness-avenue.com,https://awareness-avenue.com,shopify,True,5,1,,925 sterling silver|anniversary gift|clover necklace|cubic zirconia|gift box included|925 sterling silver|delicate pendant|everyday necklace|gift for her|meaning necklace,49.95,1599.95
geologie.com,https://geologie.com,shopify,True,0,1,,,0,0
a7canada.com,https://a7canada.com,shopify,True,0,1,,,0,0
aadvikfoods.com,https://aadvikfoods.com,shopify,True,0,1,,,0,0
ador.health,https://ador.health,shopify,True,5,1,,diabetes khakhra|diabetes snack|Diet Khakhra|healthy snack|Keto|diabetes snack|healthy snack|Keto|keto biscuit|keto coconut,249.0,599.0
adozencousins.com,https://adozencousins.com,shopify,True,5,1,,more|tile|variety-pack,3.75,49.99
adpoolsandtoys.com,https://adpoolsandtoys.com,shopify,True,5,1,,10-25|25-50|jellycat|over-25|sea-life|25-50|cats-and-dogs|jellycat|over-25|toys-for-12-24-month-olds,18.0,40.0
afterwork-grocery.com,https://afterwork-grocery.com,shopify,True,5,1,,dishwasher__safe|microwave__safe|nav__tableware|多色選擇|日本製|dishwasher__safe|microwave__safe|nav__tableware|多色選擇|日本製,38.0,1811.0
ambercrown.com,https://ambercrown.com,shopify,True,5,1,,amber-teething-necklace-multicolor|Baby products|dark-green-amber-teething-necklace|Pet Collars|Baby products|promo,11.97,33.97
amoveablefeast.com,https://amoveablefeast.com,shopify,True,0,1,,,0,0
artisanthropy.ca,https://artisanthropy.ca,shopify,True,5,1,,Classes,10.99,35.0
artte.org,https://artte.org,shopify,True,1,1,,Coleccion Ricardo Miro|Edición Especial Aniversario|Fotografía Artística,99.0,99.0
australian-bodycare.se,https://australian-bodycare.se,shopify,True,5,1,,Salicylic Acid|bundle|FreeSOSstick|Salicylic Acid|FreeSOSstick|Salicylic Acid|Salicylic Acid|Salicylic Acid,119.0,729.0
australianwheatgrass.com.au,https://australianwheatgrass.com.au,shopify,True,0,1,,,0,0
batchd.co.uk,https://batchd.co.uk,shopify,True,5,1,,,3.99,26.99
bbydesigns.com.au,https://bbydesigns.com.au,shopify,True,5,1,,,179.0,179.0
beefuel.org,https://beefuel.org,shopify,True,2,1,,,20.0,90.0
bellanaillounge.com,https://bellanaillounge.com,shopify,True,5,1,,Event|Event|DIY|Event|Resin,55.0,90.0
bigmurphys.com,https://bigmurphys.com,shopify,True,5,1,,_guid_fe7f29dd-c690-4b2a-9447-8da7bac1a68a|_idc_2706|_idcs_2706|_mc_1935|onlycustom|_guid_f1ffc6ea-6035-4a0c-8f4d-5ca96e5416fd|_idc_2706|_idcs_608|_mc_1587|onlycustom,369.0,895.0
brewbitz.com,https://brewbitz.com,shopify,True,5,1,,Brand_Muntons|Style_BeerKits|Style_Lager|Brand_Muntons|Style_BeerKits|Style_World Beers|Brand_Muntons|Style_BeerKits|Style_Lager|Style_World Beers,13.43,13.43
brewy.com.au,https://brewy.com.au,shopify,True,5,1,,,2.5,52.9
buddhabubblesboba.com,https://buddhabubblesboba.com,shopify,True,5,1,,Matcha / Green Tea|Milk Tea|Thai Tea|keychains|keychains|Strawberry|Black|Brown Sugar|Bundle,12.99,29.99
buyacupuncture.ca,https://buyacupuncture.ca,shopify,True,5,1,,acupuncture-needles-silverstar-silver-handle-with-loop|acupuncture-needles-silverstar-silver-handle-with-loop-s-type-5-needles-with-1-tube|magento-7354|migrated|acupuncture-needles-hwayi-metal-handle-with-loop|acupuncture-needles-hwayi-metal-handle-with-loop-a-type-1-needle-with-1-tube|magento-7355|migrated|acupuncture-needles-pine-metal-handle-no-loop|acupuncture-needles-pine-metal-handle-no-loop-pine-10-type-10-needles-with-1-tube,5.0,27.5
buyemptycapsules.com.au,https://buyemptycapsules.com.au,shopify,True,5,1,,accessories|new|accessories|new|accessories|new|accessories|new|accessories|new,4.95,49.95
ca.goodgoodbrand.com,https://ca.goodgoodbrand.com,shopify,True,5,1,,,9.99,11.99
camilalamps.com,https://camilalamps.com,shopify,True,5,1,,Above3000|All products|Allabove3000|chandelier|Custom Chandelier|$500–$1000|All Products|Bedroom|Dining & Kitchen|Kitchen Island Pendant,538.0,7300.0
cardiologycoffee.com,https://cardiologycoffee.com,shopify,True,5,1,,,25.0,126.0
casualproclub.com,https://casualproclub.com,shopify,True,5,1,,,45.0,160.0
checkoutmybuns.com,https://checkoutmybuns.com,shopify,True,4,1,,vegan|vegan|Vegetarian|vegan,15.0,15.0
cherrish.com,https://cherrish.com,shopify,True,5,1,,Accessories|Hats|Long Sleeves|Men's Clothing|Outdoor|Sportswear|DTF|Long Sleeves|performance|Polyester,21.05,69.45
chococheeseny.com,https://chococheeseny.com,shopify,True,5,1,,Box|Gift Boxes|Gift Boxes|Shavuos25|Gift Boxes|purim 2026|Purim24|Gift Boxes|Purim|Gift Boxes,38.0,275.0
chocogala.com,https://chocogala.com,shopify,True,5,1,,,12.0,50.0
choconchoc.co.uk,https://choconchoc.co.uk,shopify,True,5,1,,Dinner Party|Food|MDEAST|Shop All|her|him|Shop All|Sports|Sports and Games|easter,8.95,48.0
citizenshirt.com,https://citizenshirt.com,shopify,True,5,1,,featured tee|Men's|Men's|Men's|Women's|Women's,24.0,24.0
classicgoldenpecans.com,https://classicgoldenpecans.com,shopify,True,5,1,,king cake|flavors|best seller|specialty gifts|specialty gifts,4.5,100.0
coastnewzealand.com,https://coastnewzealand.com,shopify,True,5,1,,ExCushionAddOn|NZ|acrylic|canvas|clearance cushion|cushion|dyed|clearance luggage|ExCushionAddOn|acrylic,126.0,420.0
coins-of-crypto.com,https://coins-of-crypto.com,shopify,True,2,1,,Layer 1|Layer 1,42.0,67.6
comeme.com.mx,https://comeme.com.mx,shopify,True,5,1,,Perecedero|Perecedero|arreglo|modelo1|Perecedero,500.0,1980.0
corechamps.ae,https://corechamps.ae,shopify,True,5,1,,Energy Booster|Enhance Performance|Increase Performance|Muscle Pump|Nitric Oxide|Boost Energy|Energy Booster|Enhance Performance|Increase Performance|Muscle Pump,99.0,189.0
cortezcoffee.com,https://cortezcoffee.com,shopify,True,5,1,,retail-only|Blend|Medium Roast|Medium Roast|retail-only|Single Origin|Blend|retail-only,11.0,135.0
creamgelateria.com,https://creamgelateria.com,shopify,True,5,1,,,10.99,10.99
crossfit.wildebrands.com,https://crossfit.wildebrands.com,shopify,True,4,1,,eight|eight|eight|eight,19.99,19.99
cupcakenovelties.com,https://cupcakenovelties.com,shopify,True,5,1,,Desserts package|Dubai chocolate|dubai chocolate brownie|Dubai chocolate cake|Dubai chocolate strawberry cups|Biscoff chocolate|Dubai chocolate|Eid al Adha|Eid Cookie Decorating Kit|Eid Cookies,15.0,180.0
dazzledryaustralia.com.au,https://dazzledryaustralia.com.au,shopify,True,5,1,,easy-bundle|smart-cart-hide-bundle-options|gift-card|giftcard|Nail & Skin Care|mini flight|frost|Pinks & Purples,29.9,211.5
dozyoats.com,https://dozyoats.com,shopify,True,5,1,,Allergen free|Gluten free|Kosher|No Tree Nuts|Soy Free|<1g Added Sugar|Allergen free|Gluten free|Kosher|No added sugar,22.99,34.99
drinkrevitalyte.com,https://drinkrevitalyte.com,shopify,True,0,1,,,0,0
drjuiceusa.com,https://drjuiceusa.com,shopify,True,5,1,,,8.49,47.0
drvanilla.com,https://drvanilla.com,shopify,True,5,1,,alcohol free vanilla|baking|natural vanilla|extract|oak|extract,14.99,209.0
easterndistrictny.com,https://easterndistrictny.com,shopify,True,5,1,,,3.99,74.99
eatsaltysweet.com,https://eatsaltysweet.com,shopify,True,5,1,,chocolate chip|chocolate chip cookies|cookies|sprinkle cookies|sprinkles|birthday cake cookies|caramel coconut|caramel cookie|caramel crunch|caramel crunch cookies,10.0,35.0
eberkshire.com,https://eberkshire.com,shopify,True,5,1,,Faire|Knee Highs|Queen Size|Control Top|Queen Size|Regular Size|Shapewear|Control Top|Queen Size|Regular Size,10.0,20.0
edibleblooms.co.nz,https://edibleblooms.co.nz,shopify,True,5,1,,Chocolate Bouquet|Easter|Chocolate Bouquet|Easter|Addon|Addon|Addon,10.5,132.5
estickybrand.com,https://estickybrand.com,shopify,True,0,1,,,0,0
feniz.nl,https://feniz.nl,shopify,True,0,1,,,0,0
jm-boots.com,https://jm-boots.com,shopify,True,0,1,,,0,0
kurvesbyjanet.com,https://kurvesbyjanet.com,shopify,True,0,1,,,0,0
laselvabeachspice.com,https://laselvabeachspice.com,shopify,True,0,1,,,0,0
matbakhyspices.com,https://matbakhyspices.com,shopify,True,0,1,,,0,0
missionbmx.com,https://missionbmx.com,shopify,True,0,1,,,0,0
natureslureshop.com,https://natureslureshop.com,shopify,True,0,1,,,0,0
numgourmetdesserts.com,https://numgourmetdesserts.com,shopify,True,0,1,,,0,0
outrightbar.com,https://outrightbar.com,shopify,True,0,1,,,0,0
shop.breathetogetheryoga.com,https://shop.breathetogetheryoga.com,shopify,True,0,1,,,0,0
shop.fatdaddios.com,https://shop.fatdaddios.com,shopify,True,0,1,,,0,0
shop.herbazest.com,https://shop.herbazest.com,shopify,True,0,1,shopify_payments,,0,0
shop.jackalopebrew.com,https://shop.jackalopebrew.com,shopify,True,0,1,,,0,0
shop.mamalehs.com,https://shop.mamalehs.com,shopify,True,0,1,,,0,0
shop.swp.de,https://shop.swp.de,shopify,False,0,1,,,0,0
shop.wblm.com,https://shop.wblm.com,shopify,True,0,1,,,0,0
thaicocousa.com,https://thaicocousa.com,shopify,True,0,1,,,0,0
theketoshop.co.uk,https://theketoshop.co.uk,shopify,False,0,1,,,0,0
unbelievabuns.com,https://unbelievabuns.com,shopify,True,0,1,shopify_payments,,0,0
us.pranachai.com,https://us.pranachai.com,shopify,True,0,1,,,0,0
us.thebeautychef.com,https://us.thebeautychef.com,shopify,True,0,1,,,0,0
wholesale.nutricost.com,https://wholesale.nutricost.com,shopify,True,0,1,,,0,0
xprsnutra.com,https://xprsnutra.com,shopify,True,0,1,,,0,0
spiceworks.com,https://spiceworks.com,woocommerce,False,0,1,,,0,0
coffeemanga.ink,https://coffeemanga.ink,woocommerce,False,0,1,,,0,0
planetasport.rs,https://planetasport.rs,magento,True,0,1,,,0,0
shoppinggives.com,https://shoppinggives.com,bigcommerce,False,0,1,,,0,0
one.store,https://one.store,bigcommerce,False,0,1,,,0,0
hamiltonwatch.com,https://hamiltonwatch.com,magento,True,0,1,,,0,0
shopify.io,https://shopify.io,shopify,False,0,1,,,0,0
internetbrands.com,https://internetbrands.com,wix,False,0,1,,,0,0
shopifynetwork.com,https://shopifynetwork.com,shopify,False,0,1,,,0,0
customily.com,https://customily.com,shopify,False,0,1,,,0,0
spoiledchild.com,https://spoiledchild.com,magento,True,0,1,paypal,,0,0
shoparize.com,https://shoparize.com,shopify,False,0,1,,,0,0
shopify.dev,https://shopify.dev,shopify,False,0,1,,,0,0
oldspice.com,https://oldspice.com,bigcommerce,True,0,1,,,0,0
inspirebrands.com,https://inspirebrands.com,bigcommerce,False,0,1,,,0,0
sportisimo.ro,https://sportisimo.ro,shopify,False,0,1,,,0,0
mountainroseherbs.com,https://mountainroseherbs.com,bigcommerce,True,0,1,,,0,0
topgear.nl,https://topgear.nl,woocommerce,False,0,1,,,0,0
teachingamericanhistory.org,https://teachingamericanhistory.org,woocommerce,True,0,1,,,0,0
myhomesgardens.com,https://myhomesgardens.com,woocommerce,True,0,1,,,0,0
motimateapp.com,https://motimateapp.com,woocommerce,False,0,1,,,0,0
teachmeanatomy.info,https://teachmeanatomy.info,woocommerce,False,0,1,,,0,0
worldphone.in,https://worldphone.in,woocommerce,False,0,1,,,0,0
scarpescarpestore.com,https://scarpescarpestore.com,magento,False,0,1,paypal,,0,0
okfurniture.co.za,https://okfurniture.co.za,magento,True,0,1,,,0,0
blizzboygames.net,https://blizzboygames.net,woocommerce,False,0,1,,,0,0
himalayawellness.com,https://himalayawellness.com,bigcommerce,False,0,1,,,0,0
smokekind.com,https://smokekind.com,shopify,True,0,1,,,0,0
silkperfumes.cl,https://silkperfumes.cl,shopify,True,5,1,,ABR26|Estuche|Mujer|ABR26|Hombre|Árabe|ABR26|Unisex|Árabe|ABR26,2990.0,118990.0
swissbeauty.in,https://swissbeauty.in,shopify,True,0,1,,,0,0
vitaminkoo.com,https://vitaminkoo.com,woocommerce,True,0,1,,,0,0
technosport.in,https://technosport.in,shopify,True,5,1,,badminton|Cycling|Innerwear Vest|Men|New Arrival tag|badminton|Cycling|Innerwear Vest|Men|New Arrival tag,359.0,739.0
wearcomet.com,https://wearcomet.com,shopify,True,5,1,,Active|preorder|Active|categorybatch_men-sneakers_New Launch_#000000_#ffffff|X Lows|Active|price_gift_pdp|Active|price_gift_pdp|Active,4299.0,5899.0
dawooddesigners.com,https://dawooddesigners.com,shopify,True,0,1,,,0,0
99wholesale.com,https://99wholesale.com,shopify,True,0,1,,,0,0
organicbazar.net,https://organicbazar.net,shopify,True,5,1,,7day-return|7day-return|7day-return|no-return|7day-return|restrict_quantity_app,59.0,399.0
pinkblushmaternity.com,https://pinkblushmaternity.com,shopify,True,5,1,,$25 - $50|Clearance : 0|Color: Blue|colorgrp-44699|Culture Code|$25 - $50|Clearance : 0|Color: Blue|Color: Light Blue|colorgrp-49648,27.0,39.0
gracestore.pk,https://gracestore.pk,shopify,True,5,1,,3PC|Emblawn|lawn|New|Summer|3PC|all100|lawn|New|New Arrivals,5290.0,5690.0
avimeeherbal.com,https://avimeeherbal.com,shopify,True,5,1,,Best Seller|cold pressed oil|Dry & Frizzy Hair|Hair Fall|Hair Oil|Hairfall Control|Face Care|Face Serum,499.0,1499.0
maplestore.in,https://maplestore.in,shopify,True,5,1,,active-sach-17-02|custom-13-02-2026|custom-16-03-2026|custom-31-03-26|custom-31-03-26|custom-31-03-26,30999.0,102999.0
marscosmetics.in,https://marscosmetics.in,shopify,True,5,1,,Lip_Combo|LIPS|Lips_Lipliner|Lips_Lipstick|Lipstick|bik-hide|st-hide|Lip_Combo|LIPS|Lips_Lipliner,229.0,449.0
estailofashion.com,https://estailofashion.com,shopify,True,5,1,,Date/ Brunch|EXCLUSIVE|Out of stock|PEARLS|stud|BEACH|colored|DANGLERS|Dreamy|EXCLUSIVE,56.0,305.0
tjwholesale.pk,https://tjwholesale.pk,shopify,True,5,1,,,399.0,1899.0
beemart.pl.ua,https://beemart.pl.ua,opencart,False,0,1,,,0,0
drorthooil.com,https://drorthooil.com,shopify,True,5,1,,18%,299.0,2275.0
easyphones.co.in,https://easyphones.co.in,shopify,True,5,1,,Color - Black|Color - Green|Color - White|Ram - 12 GB|Ram - 8 GB|Premium renewed,500.0,99999.0
go5pm.shop,https://go5pm.shop,woocommerce,False,0,1,,,0,0
lajreedesigner.com,https://lajreedesigner.com,shopify,True,0,1,,,0,0
minnomall.shop,https://minnomall.shop,shopify,True,5,1,,,699.0,699.0
pharmajobalert.in,https://pharmajobalert.in,woocommerce,False,0,1,,,0,0
snacknation.com,https://snacknation.com,woocommerce,False,0,1,,,0,0
customerfields.com,https://customerfields.com,shopify,False,0,1,,,0,0
roai.shop,https://roai.shop,shopify,False,0,1,,,0,0
dailysportx.com,https://dailysportx.com,woocommerce,False,0,1,,,0,0
themart.gr,https://themart.gr,magento,False,0,1,,,0,0
yellowclothing.net,https://yellowclothing.net,shopify,True,5,1,,,2295.0,3795.0
storeify.app,https://storeify.app,shopify,False,0,1,,,0,0
adventurecycling.org,https://adventurecycling.org,woocommerce,True,0,1,,,0,0
titan13toy.com,https://titan13toy.com,shopify,True,5,1,,search-hidden|jan2026|nightmare|jan2026|jjk|RE-STOCK|jan2026|jjk|RE-STOCK|jan2026,4.95,35.95
optimumnutrition.co.in,https://optimumnutrition.co.in,shopify,True,5,1,,FOC|FOC_active|5%_tax|ac|Affordable Whey|Best Whey Protein|bodybuilding|FOC|FOC_active|100% Creatine Monohydrate,1000.0,6789.0
joyorganics.com,https://joyorganics.com,shopify,True,0,1,,,0,0
brandsinnpk.com,https://brandsinnpk.com,shopify,True,5,1,,ANEELAS|ANEELAS|BATIK|seran|faiza saqlain,5490.0,8490.0
iznikfashions.com,https://iznikfashions.com,shopify,True,5,1,,best-sellers25|printed-lawn-26|summer26|Unstitched|best-sellers25|printed-lawn-26|summer26|Unstitched|best-sellers25|printed-lawn-26,7990.0,16990.0
delistora.shop,https://delistora.shop,shopify,True,0,1,,,0,0
gamexzon.com,https://gamexzon.com,woocommerce,True,0,1,,,0,0
topwear.com,https://topwear.com,shopify,True,0,1,,,0,0
blackmilkclothing.com,https://blackmilkclothing.com,shopify,True,0,1,,,0,0
esporteskn.com,https://esporteskn.com,bigcommerce,False,0,1,,,0,0
maryruthorganics.com,https://maryruthorganics.com,shopify,True,5,1,,badge-txt-new|badge-txt-new|filter: Energy & Metabolism|filter::focus::brain-health|filter::life-stage::adults-40-plus|filter::life-stage::mens|badge-txt-10% OFF|no_discount|badge-txt-new|filter::life-stage::adults-40-plus,24.95,145.14
shopflavcity.com,https://shopflavcity.com,shopify,True,5,1,,hidden|hide-from-search|hide-from-search|hidden|hide-from-search,3.99,49.99
all4cycling.com,https://all4cycling.com,shopify,True,5,1,,Ruote|Ruote bici da corsa|Abbigliamento uomo|Maglie MTB maniche lunga uomo|maschio|SS25|Abbigliamento uomo|Gilet|maschio|SS26,29.95,4140.0
ontheshelftoys.com,https://ontheshelftoys.com,shopify,True,5,1,,,26.99,45.99
auzora-shop.com,https://auzora-shop.com,shopify,True,5,1,,aromatic perfume|body perfume|daily wear perfume|everyday fragrance|fragrance|boxers for men|casual innerwear|comfortable boxers|daily wear innerwear|flexible fit boxers,599.0,699.0
lowcountrycoffeeroasters.com,https://lowcountrycoffeeroasters.com,shopify,True,5,1,,Harney & Sons Fine Teas|Shopify Collective,9.0,36.5
storepoint.co,https://storepoint.co,bigcommerce,False,0,1,,,0,0
townteam.com,https://townteam.com,shopify,True,0,1,,,0,0
mobilewallet.cards,https://mobilewallet.cards,woocommerce,True,0,1,,,0,0
utopia-game.com,https://utopia-game.com,shopify,False,0,1,,,0,0
time-for-kids.de,https://time-for-kids.de,woocommerce,False,0,1,,,0,0
giftcardpro.app,https://giftcardpro.app,shopify,False,0,1,,,0,0
brandnic.com,https://brandnic.com,shopify,True,0,1,,,0,0
skidrowcodex.net,https://skidrowcodex.net,woocommerce,True,0,1,,,0,0
storefeeder.com,https://storefeeder.com,opencart,False,0,1,,,0,0
iwara.shop,https://iwara.shop,woocommerce,True,0,1,,,0,0
shop4runners.com,https://shop4runners.com,magento,False,0,1,,,0,0
mellerbrand.com,https://mellerbrand.com,shopify,True,5,1,,2BJAN25|a_fibblall|a_razi|Available online|available.global|2BJAN25|a_fibblall|a_rami|Available online|available.deliverr,49.0,79.0
thehoffbrand.com,https://thehoffbrand.com,shopify,True,5,1,,BRIDGE|MARKETPLACESI|MESH|NEWSS26|SS26|BRIDGE|MARKETPLACESI|MESH|NEWSS26|SS26,130.0,130.0
thespicehouse.com,https://thespicehouse.com,shopify,True,5,1,,,9.29,29.0
sorellasthebrand.com,https://sorellasthebrand.com,shopify,True,5,1,,Evento|Evento_verde|Verde|Evento|Evento_rojo|Rojo|Azul|Azul_cielo|Evento_azul|Beige,19.99,79.99
brandonsanderson.com,https://brandonsanderson.com,shopify,True,0,1,,,0,0
projectnursery.com,https://projectnursery.com,shopify,True,0,1,,,0,0
perfectsnacks.com,https://perfectsnacks.com,shopify,True,5,1,,existingproducts|product:new|existingproducts|product:new|count:8|existingproducts|expaug7|ingredients:chocolate|Best Sellers|existingproducts,19.99,29.0
zillionsgift.com,https://zillionsgift.com,magento,True,0,1,,,0,0
iogear.com,https://iogear.com,shopify,True,5,1,,KVM Accessories|label_HDMI|label_Single View|label_TAA Compliant|KVM Accessories|label_Dual View|label_HDMI|label_TAA Compliant|8K DP KVM|label_4-Port,59.95,399.0
ipphone-warehouse.com,https://ipphone-warehouse.com,bigcommerce,True,0,1,,,0,0
sneaker10.gr,https://sneaker10.gr,prestashop,False,0,1,,,0,0
hadawebshop.hu,https://hadawebshop.hu,magento,True,0,1,,,0,0
sportano.ua,https://sportano.ua,magento,True,0,1,,,0,0
theduabrand.com,https://theduabrand.com,shopify,True,0,1,,,0,0
nurserylive.com,https://nurserylive.com,shopify,True,0,1,,,0,0
audioplace.me,https://audioplace.me,wix,False,0,1,,,0,0
wildling.shoes,https://wildling.shoes,shopify,True,5,1,,4all|bis-hidden|collection_Discountable|collection_Essentials|collection_Frühling/Sommer|4all|bis-hidden|collection_Discountable|collection_Essentials|collection_Frühling/Sommer,69.0,119.0
psaudio.com,https://psaudio.com,shopify,True,5,1,,Music|Music. Music: Octave Audiophile Masters|OCT0071|reconciliation_item|do_not_show_on_sale_badge|Factory Certified|only_sell_in_usa|Refurbished,29.0,34999.0
gamers-outlet.net,https://gamers-outlet.net,opencart,False,0,1,stripe|square,,0,0
groworganic.com,https://groworganic.com,shopify,True,5,1,,BIN:122StoreNursery|Exclude DFW|Exclude from Google Ads|NO-DROPSHIP|out-of-stock-police|BIN:122StoreNursery|Exclude DFW|Exclude from Google Ads|NO-DROPSHIP|out-of-stock-police,9.95,75.99
thrivin-gymwear.com,https://thrivin-gymwear.com,shopify,True,5,1,,group54|sale-product|spring|tops|group54|sale-product|spring|tops|group54|sale-product,54.95,59.95
gamers-net.com,https://gamers-net.com,woocommerce,False,0,1,,,0,0
audiophonics.fr,https://audiophonics.fr,prestashop,True,0,1,,,0,0
cbrands.com,https://cbrands.com,shopify,True,5,1,,,0,0
beckonicecream.com,https://beckonicecream.com,shopify,True,0,1,,,0,0
turbobrandsfactory.com,https://turbobrandsfactory.com,shopify,True,5,1,,,2699.0,2999.0
mcricharddesignerbrands.com,https://mcricharddesignerbrands.com,shopify,True,5,1,,1728|72470364320|Clothing|Jacob Cohen|Jeans Denim - Clothing|1728|72470364320|Clothing|Fendi|L,339.0,659.0
dam-sport.net,https://dam-sport.net,magento,True,0,1,,,0,0
onceuponafarmorganics.com,https://onceuponafarmorganics.com,shopify,True,0,1,,,0,0
blackgirlvitamins.co,https://blackgirlvitamins.co,shopify,True,5,1,,nosearch|nvd-hidden|all_products|new|all_products|new|nosearch|nvd-hidden|all_products|new,25.0,107.0
myshopradio.de,https://myshopradio.de,wix,False,0,1,,,0,0
alfawesternwear.com,https://alfawesternwear.com,woocommerce,True,0,1,,,0,0
kidswearcollective.com,https://kidswearcollective.com,shopify,True,5,1,,Girls|Pre-Loved|Sonia Rykiel|Years 4|Girls|Pre-Loved|Sonia Rykiel|Years 14|Chloe|Girls,25.0,44.0
sermilitar.store,https://sermilitar.store,shopify,False,0,1,,,0,0
phonecase.pk,https://phonecase.pk,shopify,True,0,1,,,0,0
outletbenetton.com,https://outletbenetton.com,shopify,True,0,1,,,0,0
gardenjoygame.com,https://gardenjoygame.com,wix,False,0,1,,,0,0
envyfragrances.com,https://envyfragrances.com,shopify,True,5,1,,Men|Perfume|Women|Luxury|New Arrival|Women|Women|Men|Men,349.0,999.0
gadgetmallonline.com,https://gadgetmallonline.com,shopify,True,5,1,,99store|Brass|Duty|Heavy|Nozzle,149.0,999.0
mundowear.fr,https://mundowear.fr,shopify,True,5,1,,HJ|HJSHORT|HJWINTER|HK|HLONGTOPS|VK|VLONGTOPS|VTOPS|VTR|VTRHOODIE,2.0,69.95
taion-wear.jp,https://taion-wear.jp,shopify,True,5,1,,NON DOWN|Tシャツ|NON DOWN|Tシャツ|NON DOWN|Tシャツ|NON DOWN|Tシャツ|NON DOWN|パンツ,2673.0,5346.0
gopremium.net,https://gopremium.net,woocommerce,True,0,1,,,0,0
sportano.cz,https://sportano.cz,magento,True,0,1,,,0,0
neveneyewear.com,https://neveneyewear.com,shopify,True,5,1,,_discount_exclude:b1g2f|_hide_quantity_box:true|_line_quantity_limit:1|_rx_returns_no_exchange|ac_exclude|_bridge_width:number:19|_finish:gloss|_finish:transparent|_frame_color:black|_frame_color:blue,2.0,309.0
himalayawellness.in,https://himalayawellness.in,shopify,True,0,1,,,0,0
jdsports.gr,https://jdsports.gr,prestashop,False,0,1,,,0,0
audiocostruzioni.com,https://audiocostruzioni.com,woocommerce,False,0,1,,,0,0
incrediblerugsanddecor.com,https://incrediblerugsanddecor.com,shopify,True,0,1,,,0,0
sportlit.com,https://sportlit.com,woocommerce,False,0,1,,,0,0
bashfashion.store,https://bashfashion.store,shopify,True,5,1,,Health Care|Home & Garden|Massage & Relaxation|Smart Watches|Smart Wear|Smart Wear Electronics|Apple Accessories|iPhone 16 Pro Max|iPhone 16 Pro Max Cases|In Car,2200.0,7700.0
trinityaudio.ai,https://trinityaudio.ai,wix,False,0,1,,,0,0
berkeleywellness.com,https://berkeleywellness.com,squarespace,False,0,1,,,0,0
kyocera-jewelry.com,https://kyocera-jewelry.com,shopify,True,5,1,,buyer|K10イエローゴールド|mjc&odolly|WONDER_VALUE対象|イエローゴールド|buyer|K10イエローゴールド|mjc&odolly|WONDER_VALUE対象|イエローゴールド,37000.0,135000.0
gameonfamily.com,https://gameonfamily.com,shopify,True,5,1,,Clothing|Game Night|Ages 3-6|Bingo Game|Classroom Resources|Counseling Game|Digital Downloads|Bunco|Dice|Game Night,2.99,53.5
vend-shop.com,https://vend-shop.com,opencart,False,0,1,,,0,0
shuffleandcutgames.co.nz,https://shuffleandcutgames.co.nz,shopify,True,0,1,,,0,0
organicindia.com,https://organicindia.com,shopify,True,5,1,,Men's Health|Men's Health|Men's Health,179.0,975.0
steamgg.net,https://steamgg.net,woocommerce,True,0,1,,,0,0
phonelcdparts.com,https://phonelcdparts.com,magento,True,0,1,,,0,0
cameraworld.co.uk,https://cameraworld.co.uk,magento,False,0,1,stripe|paypal,,0,0
mastercardgiftcard.com,https://mastercardgiftcard.com,magento,True,0,1,,,0,0
fahertybrand.com,https://fahertybrand.com,shopify,True,5,1,,gender:Men|gender:Mens|H/25|Jalen|JB_Magic|gender:Men|gender:Mens|H/25|Jalen|JB_Magic,90.0,398.0
milanicosmetics.com,https://milanicosmetics.com,shopify,True,5,1,,bogos-gift|pickystory|active|cruelty free|new|vegan|bogos-gift|pickystory,14.99,33.0
mdcomputers.lk,https://mdcomputers.lk,woocommerce,True,0,1,,,0,0
recoilweb.com,https://recoilweb.com,woocommerce,True,0,1,,,0,0
anime-store.jp,https://anime-store.jp,shopify,True,5,1,,no-line-shopping|予約注文|no-line-shopping|予約注文|no-line-shopping|予約注文|no-line-shopping|予約注文|no-line-shopping|予約注文,396.0,22000.0
storerocket.io,https://storerocket.io,bigcommerce,False,0,1,,,0,0
kitchencenter.cl,https://kitchencenter.cl,shopify,True,5,1,,badge_COQUINARIA_#ba2937|Box Coquinaria|Coquinaria|same-day-delivery|Stock_Disponible|24HRS|badge_NUEVO_#f1c40f|Depto Shower|Despacho Gratis|Electrodomésticos,7990.0,399990.0
terracesmenswear.co.uk,https://terracesmenswear.co.uk,opencart,True,0,1,afterpay,,0,0
bodycandy.com,https://bodycandy.com,shopify,True,5,1,,_search_ Body Part: Navel|_search_ Color: aurora|_search_ Color: black|_search_ Color: blue|_search_ Color: gold|_search_ Body Part: Ear|_search_ Body Part: Eyebrow|_search_ Color: aurora|_search_ Color: black|_search_ Color: blue,41.99,65.99
sportano.hu,https://sportano.hu,magento,True,0,1,,,0,0
sportwitness.co.uk,https://sportwitness.co.uk,woocommerce,False,0,1,,,0,0
bluebananabrand.com,https://bluebananabrand.com,shopify,True,5,1,,packs|packs|alto-verano-ss26|collection-tribe-woman-ss-shirts|collection-tribe-woman-ss-shirts-ss26|filter-available|new|alto-verano-ss26|collection-luna-woman-shorts|collection-luna-woman-shorts-ss26,54.9,167.9
windowcleaningsupplies.com.au,https://windowcleaningsupplies.com.au,magento,True,0,1,stripe,,0,0
libertyshoesonline.com,https://libertyshoesonline.com,shopify,True,5,1,,10/44|11/45|6/40|7/41|8/42|3/36|4/37|5/38|6.5/40|6/39,824.0,2299.0
maxesport.gg,https://maxesport.gg,woocommerce,False,0,1,,,0,0
the-store.com,https://the-store.com,shopify,True,5,1,,12x16|airedale|aluminum print|artwork|christmas|12x16|aluminum print|artwork|Caroline's Treasures Farm Collection|CK6934,24.99,24.99
smokea.com,https://smokea.com,shopify,True,5,1,,Brand_BIGFUN!|Color_Black|Features_Decal/Logo|Features_Themed|For Use With_Liquids|Brand_Top Shelf Hemp|Cannabinoid_THCA|Features_Made in USA|Final Sale|New,7.0,32.0
lilabeauty.com.au,https://lilabeauty.com.au,shopify,True,0,1,,,0,0
divinafitness.com.br,https://divinafitness.com.br,shopify,True,5,1,,colecao-miami|combo|estampada|nadador|no image|alcinha|colecao-miami|estampada|no image|Poliamida,55.9,55.9
imagineonline.store,https://imagineonline.store,shopify,True,5,1,,all_applecare+|apple_care|apple_care_care+|custom-27-09-2025|march-npi|all_applecare+|apple_care|apple_care_care+|custom-27-09-2025|march-npi,3900.0,37900.0
thegamecollection.net,https://thegamecollection.net,shopify,True,5,1,,New|New|New,19.95,99.95
accessfashion.gr,https://accessfashion.gr,opencart,True,0,1,,,0,0
bushiroad-store.com,https://bushiroad-store.com,shopify,True,5,1,,グループ名_Poppin'Party|グループ名_戸山香澄|ネコポス対応|商品分類_アクリルスタンド・ブロック|商品分類_サイズ：小|グループ名_Poppin'Party|グループ名_Roselia|商品分類_アパレル|検索:BanG Dream!|検索:Poppin'Party,1100.0,4000.0
footwearmenders.com,https://footwearmenders.com,shopify,False,0,1,shopify_payments,,0,0
licocosmetics.com,https://licocosmetics.com,shopify,True,0,1,,,0,0
roselandfurniture.com,https://roselandfurniture.com,shopify,True,5,1,,All|AM01|available|cabinet-furniture|dine-kitchen|All|AM01|available|Coffee Tables|Home,549.95,1599.95
cabotcreamery.com,https://cabotcreamery.com,shopify,True,5,1,,exclude_rebuy|Mem/Emp Discount|NON CABOT ITEMS|exclude_rebuy|NON CABOT ITEMS|Mem/Emp Discount|NON CABOT ITEMS|cheese|exclude_rebuy|Feed141,4.09,48.0
perfumepalace.in,https://perfumepalace.in,shopify,True,5,1,,Ferrari Scuderia Black 125ml Eau De Toilette For Men|Arabiyat Prestige|Arabiyat Prestige Revolt Uprising|Arabiyat Prestige Revolt Uprising Eau De Parfum|Arabiyat Prestige Revolt Uprising Eau De Parfum 100ml|Arabiyat Prestige Revolt Uprising Eau De Parfum 100ml For Man|Fraganote NO 29|Fraganote NO 29 Uncensored Blue|Fraganote NO 29 Uncensored Blue Eau De Parfum|Fraganote NO 29 Uncensored Blue Eau De Parfum 50ml,999.0,5949.0
gamersguildaz.com,https://gamersguildaz.com,shopify,True,5,1,,Booster Box|CCG|Board Games|Missing: INFO|Token|Board Games|Missing: INFO|Novelties|Accessories|Board Game Accessories,25.5,200.0
deltachildren.com,https://deltachildren.com,shopify,True,5,1,,Awin_0|coupon-code|dc-shop|Awin_10|Baby Monitor|coupon-code|dc-shop|Awin_0|exclude-narvar-widget|$25 - $99,79.99,269.99
tulsabodyjewelry.com,https://tulsabodyjewelry.com,shopify,True,5,1,,0 gauge|0 gauge ~ 8mm|00 gauge|00 gauge ~ 10mm|00g|0 gauge|0 gauge ~ 8mm|00 gauge|00 gauge ~ 10mm|00g,9.98,24.98
nashcofurniture.com,https://nashcofurniture.com,shopify,True,5,1,,Assembly:Fully Assembled|Assembly_Fully Assembled|Bedroom|Beds|Brand:Signature Design By Ashley®|Assembly:Fully Assembled|Assembly_Fully Assembled|Bedroom|Beds|Brand:Signature Design By Ashley®,678.99,1028.99
cosmeticconnection.co.za,https://cosmeticconnection.co.za,shopify,True,5,1,,,3.5,129.9
constantlyvariedgear.com,https://constantlyvariedgear.com,shopify,True,5,1,,4.3.2026|all tops|comingsoon|graphic slouchy tee|off the shoulder shirt|4.3.2026|all tops|comingsoon|graphic tank|racerbacksc,27.5,29.99
iclothing.com,https://iclothing.com,shopify,True,5,1,,cerulean blue|dresses|midi dresses|new in|deep fuchsia|dresses|midi dresses|new in|Dresses|Lemon,39.95,79.95
charmette.shop,https://charmette.shop,shopify,True,5,1,,add italian charms|charm opener|charm tool|italian charm bracelet tool|italian charm tool|9mm italian charm bracelet|apple watch links|custom italian charm bracelet|italian charm apple watch|italian charm bracelet,1.99,9.99
womenssportsfoundation.org,https://womenssportsfoundation.org,woocommerce,True,0,1,,,0,0
shopify.co.uk,https://shopify.co.uk,shopify,False,0,1,,,0,0
brandblazer.com,https://brandblazer.com,woocommerce,True,0,1,,,0,0
audiomee.de,https://audiomee.de,woocommerce,True,0,1,paypal,,0,0
kitea.com,https://kitea.com,magento,False,0,1,,,0,0
sportano.ro,https://sportano.ro,magento,True,0,1,,,0,0
perfumenetwork.in,https://perfumenetwork.in,shopify,True,5,1,,,250.0,350.0
sportski.mk,https://sportski.mk,woocommerce,False,0,1,,,0,0
brandfield.nl,https://brandfield.nl,shopify,True,0,1,,,0,0
faraone.shop,https://faraone.shop,shopify,True,5,1,,100260278|1002602783700|57% Polyurethane - 38% Calf Leather - 5% Polyester|BR_REEBOK|BS_REEBOK|100260275|1002602752900|80% Polyurethane - 20% Polyester|BR_REEBOK|BS_REEBOK,190.0,250.0
simpleorganic.com.br,https://simpleorganic.com.br,shopify,True,5,1,,hidden|hidden_product|campanha50off|pele-seca|Peles Secas|campanha50off|gaba|campanha50off|niacinamida|best seller,112.1,197.6
pixophone.com,https://pixophone.com,opencart,False,0,1,,,0,0
simplesuiteapps.com,https://simplesuiteapps.com,shopify,False,0,1,,,0,0
gamersdream.shop,https://gamersdream.shop,shopify,True,5,1,,25-50|Accessories|age_10|Board Game|Bordspel|25-50|Accessories|age_10|Board Game|Bordspel,29.0,55.0
brandwise.co.uk,https://brandwise.co.uk,opencart,True,0,1,,,0,0
multimarcasperfumes.cl,https://multimarcasperfumes.cl,shopify,False,0,1,,,0,0
shoppromesa.com,https://shoppromesa.com,shopify,True,0,1,afterpay,,0,0
wikideals.co.za,https://wikideals.co.za,magento,True,0,1,,,0,0
jypj-store.com,https://jypj-store.com,shopify,True,0,1,,,0,0
core-electronics.com.au,https://core-electronics.com.au,magento,True,0,1,,,0,0
guitarsgarden.com,https://guitarsgarden.com,shopify,True,5,1,,,259.96,439.91
milagrosbeauty.com,https://milagrosbeauty.com,shopify,True,5,1,,Capilar|Corporal|Kids|Perfumes|Skin|Capilar|Corporal|Kids|Perfumes|Skin,12000.0,124900.0
vandalvape.life,https://vandalvape.life,opencart,True,0,1,,,0,0
fapfapgames.com,https://fapfapgames.com,woocommerce,False,0,1,,,0,0
hockshoes.com,https://hockshoes.com,shopify,True,5,1,,new|new|new|new|new,2999.0,6999.0
vibecrafts.com,https://vibecrafts.com,shopify,True,5,1,,abstract art|Abstract Horizontal Painting|Abstract Painting|Abstract Wall Frame Painting|abstract wall painting|abstract art|Abstract Horizontal Painting|Abstract Painting|Abstract Wall Frame Painting|abstract wall painting,2699.0,3599.0
wearego.com,https://wearego.com,shopify,True,5,1,,2 PIECE|Beige|Diva Premium|LAMA SILK|New Arrivals|3 PIECE|A-LINE CUT|DIGITAL PRINTED|Fawn|LAWN,6990.0,14500.0
mundosteam.shop,https://mundosteam.shop,woocommerce,True,0,1,,,0,0
needgames.com.br,https://needgames.com.br,woocommerce,True,0,1,klarna,,0,0
raintreenursery.com,https://raintreenursery.com,shopify,True,5,1,,Bareroot|Black Currant|Currant|Features_Self Fertile|Growing Zone_3|Bareroot|Berries|Features_Everbearing|Features_For Maritime Climates|Features_Low Chill,29.99,169.92
wisconsinwatch.org,https://wisconsinwatch.org,woocommerce,False,0,1,,,0,0
thecambridgeshop.com,https://thecambridgeshop.com,shopify,True,5,1,,2026|Cambridge|EFO|Urbane-Chino-TailoredFit-SimplifiedSizechart|2026|Cambridge|EFO|Urbane-Chino-TailoredFit-SimplifiedSizechart|2026|Cambridge,6316.0,6316.0
shopemiliagray.com,https://shopemiliagray.com,shopify,True,0,1,,,0,0
japanelectronics.com.pk,https://japanelectronics.com.pk,shopify,True,5,1,,Brand_Beetro|Brand_Beetro|Brand_Beetro|Brand_Beetro|Brand_Beetro,32400.0,77400.0
addiesdivewatches.com,https://addiesdivewatches.com,shopify,True,5,1,,,59.0,199.0
pixelgames.io,https://pixelgames.io,shopify,True,5,1,,Estrenos|Juegos Ps5 > Aventura|Ofertas|Estrenos|Juegos Ps5 > Aventura|Ofertas|Estrenos|Juegos Ps5 > Aventura|Ofertas|Estrenos,7.99,35.99
edorteam.com,https://edorteam.com,woocommerce,False,0,1,,,0,0
mothertobaby.org,https://mothertobaby.org,woocommerce,False,0,1,,,0,0
board-game.co.uk,https://board-game.co.uk,shopify,False,0,1,,,0,0
organicbasics.com,https://organicbasics.com,shopify,False,0,1,,,0,0
kitkidsescolar.com.br,https://kitkidsescolar.com.br,woocommerce,True,0,1,,,0,0
thewellnessshop.in,https://thewellnessshop.in,shopify,True,0,1,,,0,0
plusevgames.com,https://plusevgames.com,shopify,True,0,1,,,0,0
medsupplynow.com,https://medsupplynow.com,shopify,True,0,1,,,0,0
eliteperfumes.cl,https://eliteperfumes.cl,shopify,True,5,1,,75 ML|Día|Gourmand|Hombre|Invierno|100 ML|Amaderada|Hombre|Invierno|llegahoy,26990.0,34990.0
proswimwear.co.uk,https://proswimwear.co.uk,magento,False,0,1,paypal|adyen,,0,0
myimaginestore.com,https://myimaginestore.com,magento,True,0,1,,,0,0
jimmyluxury.in,https://jimmyluxury.in,shopify,True,5,1,,Jogger Fit|re__shirt|Jogger Fit|re__shirt|Shirt|Slim fit|Co-ord Set|Regular Fit|Check|Full Sleeve,599.0,1599.0
herbiotics.com.pk,https://herbiotics.com.pk,shopify,True,0,1,,,0,0
reporterwear.com,https://reporterwear.com,prestashop,True,0,1,,,0,0
littletagsluxury.com,https://littletagsluxury.com,shopify,True,0,1,,,0,0
pharmawisdom.co.in,https://pharmawisdom.co.in,woocommerce,False,0,1,,,0,0
asitisnutrition.com,https://asitisnutrition.com,shopify,True,0,1,shopify_payments,,0,0
testosteronegelcreams.com,https://testosteronegelcreams.com,woocommerce,False,0,1,,,0,0
lancashirelighting.co.uk,https://lancashirelighting.co.uk,magento,True,0,1,paypal,,0,0
canalesfurniture.com,https://canalesfurniture.com,shopify,True,0,1,,,0,0
audio.one,https://audio.one,shopify,True,5,1,,Bestseller|Bestseller|Bestseller,39.0,8388.0
pdhsports.com,https://pdhsports.com,shopify,True,5,1,,Category_Clothing|Category_Products|Category_Shorts|Collection_BabolatClothing|Collection_Home|Category_Tennis|Collection_Tennis|Collection_TennisRackets|Collection_WilsonBladeTennis|Collection_WilsonTennis,16.5,189.99
dsport.mk,https://dsport.mk,magento,True,0,1,,,0,0
sweetkaramcoffee.in,https://sweetkaramcoffee.in,shopify,True,5,1,,100% Pure Filter Coffee powder|Best|Best Sellers|Beverages|bulkeditdiscount|achar|andhra style pickle|avakkai|Avakkai Pickle|Best,69.0,799.0
hillmangear.com,https://hillmangear.com,shopify,False,0,1,,,0,0
bbabysuleman.com,https://bbabysuleman.com,shopify,True,0,1,shopify_payments,,0,0
globalcyclingnetwork.com,https://globalcyclingnetwork.com,magento,True,0,1,,,0,0
steady-hands.com,https://steady-hands.com,shopify,True,5,1,,backinstock-exclude|P5R EA|backinstock-exclude|P5R EA|backinstock-exclude|P5R EA|backinstock-exclude|P5R EA|backinstock-exclude|P5R EA,57.0,125.0
katsantonisteam.gr,https://katsantonisteam.gr,opencart,True,0,1,,,0,0
wogi.gifts,https://wogi.gifts,woocommerce,False,0,1,,,0,0
abwholesale.pk,https://abwholesale.pk,shopify,True,0,1,,,0,0
animemart.in,https://animemart.in,shopify,True,5,1,,Matte Covers|Onepiece Matte Covers|Matte Covers|Onepiece Matte Covers|Matte Covers|Onepiece Matte Covers|Matte Covers|Onepiece Matte Covers|Matte Covers|Onepiece Matte Covers,299.0,397.0
argoswatch.in,https://argoswatch.in,shopify,True,5,1,,ap3-TT|apollo3|cbg-tt-leather|tag__hot_Limited Edition|apollo3|cbs-l|tag__hot_Limited Edition|apollo3|ogs-l|tag__hot_Limited Edition,12490.0,14990.0
bigmusclesnutrition.com,https://bigmusclesnutrition.com,shopify,True,5,1,,Isolate Protein|Whey Isolate|whey protein|Accessories,999.0,9499.0
breiwebshop.nl,https://breiwebshop.nl,magento,False,0,1,,,0,0
cartumart.shop,https://cartumart.shop,shopify,True,0,1,shopify_payments,,0,0
celestialperfume.in,https://celestialperfume.in,shopify,True,0,1,,,0,0
completehealthshop.com,https://completehealthshop.com,shopify,True,5,1,,,9.99,29.99
dailywholesale.pk,https://dailywholesale.pk,shopify,True,0,1,,,0,0
gaumeoteam.com,https://gaumeoteam.com,woocommerce,True,0,1,,,0,0
glowfashion.gr,https://glowfashion.gr,magento,True,0,1,,,0,0
herbalcure.net,https://herbalcure.net,shopify,True,5,1,,,599.0,999.0
herbalcure.us,https://herbalcure.us,shopify,True,5,1,,,599.0,999.0
ismailsclothing.com,https://ismailsclothing.com,shopify,True,5,1,,BOY EID 2026 ARTICES|Boys Coord Set|EID 2026|MENS OVER ALL SUMMER|Urban Junior Clothing|BOY EID 2026 ARTICES|Boys Coord Set|BOYS OVER ALL SUMMER|EID 2026|Urban Junior Clothing,974.0,1499.0
joozowear.com,https://joozowear.com,shopify,True,0,1,,,0,0
kaushalyaartjewellery.com,https://kaushalyaartjewellery.com,shopify,True,5,1,,Earings|earring|Kashmiri Earing|Finger Ring|Fingering|Moissanite Rings|Finger Ring|Fingering|Moissanite Rings|Finger Ring,280.0,470.0
magnaperfumes.com,https://magnaperfumes.com,bigcommerce,True,0,1,,,0,0
naseemperfume.in,https://naseemperfume.in,shopify,True,0,1,,,0,0
pattythree-shop-product.jp,https://pattythree-shop-product.jp,shopify,True,5,1,,#TVアニメ「その着せ替え人形は恋をする」Season 2|#ぬいぐるみ|#一緒に暮らすぬい|new|いつぬい（新規IP）|#TVアニメ「その着せ替え人形は恋をする」Season 2|#ぬいぐるみ|#一緒に暮らすぬい|new|いつぬいおきがえシリーズ,1650.0,7480.0
phonevilla.in,https://phonevilla.in,shopify,True,5,1,,Art & Scenery|For Her|For Him|Glass Case|glossy protective case|For Her|For Him|Glass Case|glossy protective case|inspirational design case,449.0,449.0
shopatorient.com,https://shopatorient.com,shopify,True,5,1,,2025|3 Piece|30%|Available in stitch|FLAT 30%|30%|drop2|GREEN|LAWN|NEW,2990.0,15000.0
shopgit.in,https://shopgit.in,woocommerce,True,0,1,,,0,0
shopmygear.com,https://shopmygear.com,shopify,True,5,1,,,1199.0,1799.0
templedesigner.com,https://templedesigner.com,shopify,True,5,1,,,700.0,1300.0
theuseeshop.com,https://theuseeshop.com,shopify,True,5,1,,mashru|mashru silk saree|Designer Saree|Organza Silk|chinia|Designer Saree|Soft Silk|Soft Silk,1799.0,6499.0
thewalletstore.in,https://thewalletstore.in,shopify,True,5,1,,bottle|Drinkware|her|him|Office & Travel Essentials|bottle|Drinkware|her|him|Office & Travel Essentials,599.0,1299.0
vanauraorganics.com,https://vanauraorganics.com,shopify,True,5,1,,,499.0,3428.0
vapeitalia.it,https://vapeitalia.it,magento,False,0,1,,,0,0
walletkart.in,https://walletkart.in,shopify,True,5,1,,,1299.0,2199.0
zivifashion.com,https://zivifashion.com,shopify,True,5,1,,fur keychain|heart keychain|Heart Shape Fur Keychain|Customized Name Watch|leather watch|name watch|watch|Foldable Tote Bag Keychain|keychain bag|tote bag,149.0,399.0
saneshoppe.com,https://saneshoppe.com,shopify,False,0,1,shopify_payments,,0,0
nothingbuthemp.net,https://nothingbuthemp.net,shopify,True,5,1,,THC BEVERAGES|THC BEVERAGES|THC BEVERAGES|THC BEVERAGES,5.0,60.0
raptorsupplies.nl,https://raptorsupplies.nl,magento,True,0,1,,,0,0
itead.cc,https://itead.cc,woocommerce,True,0,1,,,0,0
daytondiscountfurniture.com,https://daytondiscountfurniture.com,shopify,True,0,1,,,0,0
youngfashionmind.de,https://youngfashionmind.de,shopify,True,5,1,,paid_active|unisex|paid_active|unisex|paid_active|unisex|paid_active|unisex|paid_active|unisex,44.95,44.95
ultralightoutdoorgear.co.uk,https://ultralightoutdoorgear.co.uk,bigcommerce,True,0,1,,,0,0
touringspecialisten.shop,https://touringspecialisten.shop,shopify,True,0,1,,,0,0
cilentodesignerwear.com,https://cilentodesignerwear.com,magento,True,0,1,,,0,0
purrfectcatgifts.co.uk,https://purrfectcatgifts.co.uk,shopify,True,0,1,,,0,0
oilcity.news,https://oilcity.news,woocommerce,False,0,1,,,0,0
rouseyourspirits.com,https://rouseyourspirits.com,shopify,True,5,1,,Amethyst|Jewelry|Books|Agate|Geodes|Quartz,15.95,95.0
tgamesandroid.com,https://tgamesandroid.com,woocommerce,False,0,1,,,0,0
r-shop.gr,https://r-shop.gr,magento,True,0,1,,,0,0
shopthelook.app,https://shopthelook.app,shopify,False,0,1,,,0,0
nemoequipment.com,https://nemoequipment.com,shopify,True,5,1,,no-locally|S26|new colors|S26|S26|S26|update|new colors|S26,79.95,259.95
mysupplement.shop,https://mysupplement.shop,shopify,True,5,1,,ArigatoInternalLinking|ArigatoMainDescription|ArigatoMetaTitle|ArigatoSEODescription|NewLinesJanuary2026|ArigatoInternalLinking|ArigatoMainDescription|ArigatoMetaTitle|ArigatoSEODescription|NewLinesJanuary2026,16.99,117.99
woddlebaby.com,https://woddlebaby.com,shopify,True,1,1,,,299.99,299.99
rvautoparts.com,https://rvautoparts.com,shopify,True,5,1,,10mm|12x7|4x156|Ab wheel|Black|15x7|5x4.5|Ab Wheels|Bolt Pattern|Fusion,167.86,221.0
f-gear.co.jp,https://f-gear.co.jp,woocommerce,False,0,1,,,0,0
themarketingheros.com,https://themarketingheros.com,woocommerce,True,0,1,,,0,0
anubisgamehobby.com,https://anubisgamehobby.com,shopify,True,5,1,,073|Fire [x2]|Grass [-30]|Holofoil|Metal|096|Fighting|Holofoil|Psychic [x2]|Scarlet & Violet: Temporal Forces,0.5,2.7
consiglioskitchenware.com,https://consiglioskitchenware.com,shopify,True,5,1,,Aluminum|Brand_Eppicotispai|Coffee Makers|Coffee Makers & Grinders|Condition_Open Box|Brand_Guzzini|Coffee Makers|Coffee Makers & Grinders|Condition_Open Box|Material_Stainless Steel,29.99,79.99
dbaudio.com,https://dbaudio.com,shopify,False,0,1,,,0,0
speedgear.com,https://speedgear.com,shopify,True,0,1,,,0,0
allamericanautoparts.com.au,https://allamericanautoparts.com.au,shopify,True,5,1,,Merchandise/ Memorabilia/ Books|sign|mens shed|Merchandise/ Memorabilia/ Books|metal sign|kingpin|license plate cover|Merchandise/ Memorabilia/ Books|beanie|merch,5.0,48.0
yellowboxshoes.com,https://yellowboxshoes.com,shopify,True,5,1,,animal print|Animal Prints|color-brown|color-leopard|hide-sale|color-black|color-black-multi|color-gray|color-gray-multi|color-multi,44.9,64.9
alpino.store,https://alpino.store,shopify,True,0,1,,,0,0
alpakagear.com,https://alpakagear.com,shopify,True,5,1,,Accessories|core|4 July Sale 2023|__tab2:shipping-returns|ark bifold wallet|core|Low stock|core|core|low_stock_au,29.0,109.0
lbclighting.com,https://lbclighting.com,shopify,True,5,1,,"Brand_Hudson Valley|Category_Wall Sconces|Finish_Brass|Height_13"" - 24""|Lamping_Incandescent|Brand_Hudson Valley|Category_Wall Sconces|Finish_Brass|Height_12"" and less|Lamping_Incandescent",410.0,1204.0
oilily.com,https://oilily.com,shopify,True,5,1,,BasicColour:Creme|Beige|Cosmetic Bag|family:family-Pol|Fruitballs|Accessories|Ahat|Amparo Blue|BasicColour:Blue|Blue,19.9,299.9
shop-by-bar.com,https://shop-by-bar.com,shopify,True,5,1,,Artikelcategorie:women|AW25|BasicColour:grey|Collectie:AW25-D1|Fit:normal_fit|Artikelcategorie:women|BasicColour:blue|Collectie:AW25-D1|Fit:normal_fit|HW25,79.97,89.98
sprig.store,https://sprig.store,shopify,True,5,1,,,499.0,1049.0
fumo-shop.com,https://fumo-shop.com,shopify,True,0,1,shopify_payments,,0,0
ebrosgift.com,https://ebrosgift.com,shopify,True,5,1,,,20.99,50.99
easyfashion.com.bd,https://easyfashion.com.bd,woocommerce,True,0,1,,,0,0
smartwatcharmbaender.de,https://smartwatcharmbaender.de,shopify,True,0,1,shopify_payments,,0,0
gearx.com,https://gearx.com,shopify,True,0,1,,,0,0
expresscomputersystems.com,https://expresscomputersystems.com,shopify,True,0,1,,,0,0
premiumjane.com,https://premiumjane.com,woocommerce,False,0,1,,,0,0
hike-footwear.com,https://hike-footwear.com,shopify,False,0,1,,,0,0
brickwholesale.co.uk,https://brickwholesale.co.uk,woocommerce,True,0,1,,,0,0
javycoffee.com,https://javycoffee.com,shopify,False,0,1,,,0,0
luckyshoes.com,https://luckyshoes.com,shopify,True,5,1,,Adjustable|Class_Athletic|Closure_Lace|Color_Oyster Mushroom/Alloy/Pink|Heel-Toe Drop_10.00MM or0.39IN|Adjustable|Class_Athletic|Closure_Lace|Color_Black/Grey/White|Heel-Toe Drop_10.00MM or0.39IN,170.0,170.0
hospicefoundation.org,https://hospicefoundation.org,woocommerce,False,0,1,,,0,0
bbcicecream.com,https://bbcicecream.com,shopify,True,5,1,,2026|SU26|2026|GEGROUP1|SP25_SP2|SP26_SP2|2026|GEGROUP1|group:861-2318|SP25_SP2,70.0,275.0
h-brands.com,https://h-brands.com,bigcommerce,False,0,1,,,0,0
beautycos.ie,https://beautycos.ie,magento,True,0,1,,,0,0
mc-powersports.com,https://mc-powersports.com,bigcommerce,True,0,1,,,0,0
vietdesigner.net,https://vietdesigner.net,woocommerce,False,0,1,,,0,0
gameoverhere.net,https://gameoverhere.net,woocommerce,False,0,1,,,0,0
ewirelessgear.com,https://ewirelessgear.com,shopify,True,5,1,,035481107757|035481256455|035481404948|All Seasons|Black|847381060670|847381060687|847381060694|847381060717|847381060748,24.99,144.99
scrub-supply.com,https://scrub-supply.com,shopify,True,5,1,,Female|Infinity|New|SKU_CKE2625A|Female|Infinity|New|SKU_CKE2625A|Female|Infinity,37.95,61.95
brandedcutpieces.com.pk,https://brandedcutpieces.com.pk,shopify,True,5,1,,3PC|Branded Cut Pieces|Lawn|new collection|NEW IN|3PC|Branded Cut Pieces|j.|J. Lawn|J. Stitched Lawn 3pc,2390.0,2390.0
bus-shop.com.ua,https://bus-shop.com.ua,opencart,True,0,1,,,0,0
storefrontcloud.io,https://storefrontcloud.io,bigcommerce,False,0,1,,,0,0
beautycos.co.uk,https://beautycos.co.uk,magento,True,0,1,,,0,0
skiwebshop.com,https://skiwebshop.com,magento,True,0,1,,,0,0
soundbooththeater.com,https://soundbooththeater.com,woocommerce,False,0,1,,,0,0
proswimwear.eu,https://proswimwear.eu,magento,False,0,1,paypal|adyen,,0,0
unlimitedfurnituregroup.com,https://unlimitedfurnituregroup.com,magento,True,0,1,,,0,0
achhaemart.com,https://achhaemart.com,shopify,True,5,1,,Package Deals|Ramzan Deals|Package Deals|Ramzan Deals|Package Deals|Ramzan Deals|Package Deals|Ramzan Deals|All P|Best Seller,2000.0,3150.0
addsuremart.com,https://addsuremart.com,wix,False,0,1,,,0,0
bellafootwears.com,https://bellafootwears.com,shopify,True,0,1,,,0,0
branddealbymisbah.com,https://branddealbymisbah.com,shopify,True,5,1,,,3999.0,4999.0
fantasywear.in,https://fantasywear.in,woocommerce,True,0,1,,,0,0
flickacosmetics.com,https://flickacosmetics.com,shopify,True,5,1,,Accessories|Eyes|Eyeshadow Palette|Best Seller|Best Sellers|hidden-from-search,899.0,1999.0
garnetclothing.com,https://garnetclothing.com,shopify,True,5,1,,11.11 Sale|kids|Kids 25|nada-hidden|New Year Sale|golden-hour|hs|nada-hidden|status_push|summer,4949.0,7466.0
jskindia.shop,https://jskindia.shop,shopify,True,5,1,,,499.0,599.0
kampocolombia.shop,https://kampocolombia.shop,shopify,True,5,1,,,799.0,1999.0
kidichic.co.il,https://kidichic.co.il,shopify,True,5,1,,_badge_חדש קולקציית פסח|BASIC|c-324626805B|ביגוד|בנות|_badge_חדש קולקציית פסח|BASIC|c-324626805B|ביגוד|בנות,37.9,49.9
kyarafashion.com,https://kyarafashion.com,shopify,True,5,1,,FS|saree|SAREES|Silk|FS|saree|SAREES|Silk|FS|saree,1699.0,1699.0
meenabazaar.shop,https://meenabazaar.shop,shopify,True,5,1,,Casual Wear|cstmsari|Festive Wear|Office Wear|Printed Sarees|Casual Wear|cstmsari|Festive Wear|Office Wear|Printed Sarees,1240.0,1740.0
ohjuliettestoree.com,https://ohjuliettestoree.com,shopify,True,0,1,,,0,0
olgaperfume.com,https://olgaperfume.com,shopify,True,0,1,,,0,0
peaksports.tn,https://peaksports.tn,shopify,True,5,1,,22Q-8-005E|ACCESSOIRES PEAK|BALLONS|FM-Q114330-ORANGE|PEAK HOMME|22Q-8-005E|ACCESSOIRES PEAK|BALLONS|FM-Q114330-NOIR|PEAK HOMME,8.9,129.01
shopjustcozy.com,https://shopjustcozy.com,shopify,True,5,1,,Knit Sets|slipper socks|Shorts|Shorts|slipper socks,10.0,20.0
shopmulmul.com,https://shopmulmul.com,shopify,True,5,1,,Apparel & Accessories > Jewelry|flow-publish|Mulmul Jewellery|Apparel & Accessories > Jewelry|flow-publish|Mulmul Jewellery|72hours|FebSale|flow-publish|SJ2026,6950.0,60900.0
shopsabroso.pk,https://shopsabroso.pk,shopify,True,5,1,,easy-bundle|pickup-only|smart-cart-hide-bundle-options|easy-bundle|pickup-only|smart-cart-hide-bundle-options|easy-bundle|pickup-only|smart-cart-hide-bundle-options|filled nuggets,710.0,2195.0
studiowasabi-shop.com,https://studiowasabi-shop.com,shopify,True,5,1,,受注生産|受注生産|カード|クリアカード|受注生産|あくねこ|受注生産|あくねこ|香水,550.0,11000.0
theurbangadget.com,https://theurbangadget.com,shopify,True,5,1,,,499.0,1999.0
ussupplements.in,https://ussupplements.in,woocommerce,True,0,1,,,0,0
wholesale-city.com,https://wholesale-city.com,shopify,True,5,1,,,200.0,1000.0
womenchoice.store,https://womenchoice.store,shopify,True,5,1,,,4060.0,6420.0
redfernelectronics.co.uk,https://redfernelectronics.co.uk,woocommerce,True,0,1,,,0,0
ridinggear.ca,https://ridinggear.ca,shopify,True,5,1,,100-250|motorcycle-gear-accessories|motorcycle-helmet-shields|simpson|casual|casual-accessories|klim|mens casual|SHIRT|250-500,39.95,349.95
aliengearholsters.com,https://aliengearholsters.com,shopify,True,5,1,,Holsters|IWB|Low-Pro|Cloak|Holsters|Hook & Loop|IWB|3P Product|3P Product|Glock,9.99,119.99
betabrand.com,https://betabrand.com,shopify,True,0,1,,,0,0
casamorelosfurniture.com,https://casamorelosfurniture.com,shopify,True,0,1,,,0,0
webmarketingangels.com.au,https://webmarketingangels.com.au,woocommerce,False,0,1,,,0,0
tnnursery.net,https://tnnursery.net,shopify,True,5,1,,acornimport|All Trees|anchor tag|Best Sellers|Drought Tolerant Plants|All Shrubs|Deer Resistant Shrubs|Flowering Shrubs|Shop Zone 3|Shop Zone 4,24.99,329.99
eventideaudio.com,https://eventideaudio.com,shopify,False,0,1,,,0,0
tilesurvivegame.com,https://tilesurvivegame.com,bigcommerce,False,0,1,,,0,0
henssler.shop,https://henssler.shop,shopify,True,5,1,,all|alle produkte|Deals|neuheiten|only|all|alle produkte|Deals|Küchenzubehör|NEU!,11.7,99.9
coigame.com,https://coigame.com,wix,False,0,1,,,0,0
printyourwear.com,https://printyourwear.com,shopify,True,5,1,,Ah The Element Of Surprise|andy weir|astrophage|book lover|Chemistry Element|ACC basketball|Basketball College|Basketball University|college sports pride|create2d-all-ds-020426,16.83,41.28
houseofwatches.co.uk,https://houseofwatches.co.uk,magento,False,0,1,,,0,0
thesportzfyapk.com,https://thesportzfyapk.com,woocommerce,False,0,1,,,0,0
garagegrowngear.com,https://garagegrowngear.com,shopify,True,5,1,,Brand_Sea to Summit|Category_Gear Maintenance & Repair|Price_Under $10|Price_Under $25|Price_Under $50|Brand_Sea to Summit|Category_Hygiene & First Aid Products|Price_Under $25|Price_Under $50|Brand_Wildfire Spice Co.,5.95,119.5
thetoywagon.co.nz,https://thetoywagon.co.nz,shopify,True,5,1,,10 year old|3 year old|4 year old|5 year old|6 year old|10 year old|3 year old|4 year old|5 year old|6 year old,11.99,11.99
nashuanutrition.com,https://nashuanutrition.com,shopify,True,5,1,,5 Off Sale|aspartame-free|Brand_Weight Loss Systems|Category_Puddings|Category_Shakes|Brand_Magic Spoon|Category_Snack & Nutrition Bars|Diet_Gluten Free|Diet_High Protein|Diet_Low Sugar,2.95,32.95
allsecurityequipment.com,https://allsecurityequipment.com,shopify,True,5,1,,Access Control|AccessControl:Access Control Accessories|Accessories|Security Brands|Shop by Manufacturer|Barska|Gear|safety|Shop by Manufacturer|ShopbyBrand:Barska,35.99,543.96
gh-stores.com,https://gh-stores.com,magento,False,0,1,,,0,0
laptopstoreindia.com,https://laptopstoreindia.com,opencart,False,0,1,,,0,0
meyercomputer.com,https://meyercomputer.com,woocommerce,False,0,1,,,0,0
peak-footwear.com,https://peak-footwear.com,shopify,True,5,1,,gift|offer test,29.99,49.95
outcast-clothing.us,https://outcast-clothing.us,shopify,True,5,1,,badge: NEW THIS WEEK|Draft: CW13_14_15 2026|Drop: CW14 2026|Imagery: E-com|Model: CrystalBellotti|badge: NEW THIS WEEK|Draft: CW13_14_15 2026|Drop: CW14 2026|Imagery: Creative|Model: Freyatidy,55.0,95.0
realisticgames.co.uk,https://realisticgames.co.uk,woocommerce,False,0,1,,,0,0
brightswimwear.com,https://brightswimwear.com,shopify,True,5,1,,badge: New,200.0,554.0
streetwines.co.uk,https://streetwines.co.uk,woocommerce,True,0,1,,,0,0
pharmadva.com,https://pharmadva.com,shopify,True,5,1,,YBlocklist|YBlocklist,499.0,2499.0
hyperlitemountaingear.com,https://hyperlitemountaingear.com,shopify,True,0,1,,,0,0
planetorganic.com,https://planetorganic.com,shopify,True,5,1,,BADGE:New|CATEGORY:Protein Powders|DIETARY:Organic|DIETARY:Vegan|DIETARY:Vegetarian|BADGE:New|CATEGORY:Protein Powders|DIETARY:Organic|DIETARY:Vegan|DIETARY:Vegetarian,20.0,39.95
ultrarunning.com,https://ultrarunning.com,woocommerce,True,0,1,,,0,0
bulle.shoes,https://bulle.shoes,shopify,True,5,1,,B2C|socks|stance|B2C|socks|stance|B2C|socks|stance|B2C,20.0,28.0
bykea.store,https://bykea.store,shopify,True,5,1,,6.78 Inches|8 MP|Infinix|Electric Kettle|Kitchen Appliances|westpoint|Electric Kettle|Kitchen Appliances|westpoint|Electric Kettle,2950.0,53200.0
koilolita.com,https://koilolita.com,shopify,True,0,1,,,0,0
dwarvesshoes.com,https://dwarvesshoes.com,shopify,True,5,1,,$200+|220|225|230|235|$200+|$300+|220|225|230,248.57,277.14
brandingstrategyinsider.com,https://brandingstrategyinsider.com,woocommerce,False,0,1,,,0,0
iwantthatstuff.store,https://iwantthatstuff.store,shopify,True,5,1,,079|Mega Evolution: Perfect Order|Normal|Reverse Holofoil|Supporter|111|Holofoil|Mega Evolution: Perfect Order|Stadium|Ultra Rare,0.25,6.3
shopavara.com,https://shopavara.com,shopify,True,5,1,,AL:3225|AL:3225thurs|AL:August25|avara_dev_allp|BFCM_2025|AL:3925|AL:3925thurs|AL:seasonal-reorder|AL:September25|BFCM_2025,41.0,52.0
thefurniturehouseva.com,https://thefurniturehouseva.com,shopify,True,5,1,,1000-1500|ashley-furniture|Brand_Ashley|Collection_Mindanao|Color_Coconut|bed-pillow|Brand_Ashley|Collection_Nectar Classic|Color_White|consumer-assembly_no-assembly-required,68.99,4867.8
intersport.com.au,https://intersport.com.au,shopify,True,0,1,,,0,0
paintballsports.de,https://paintballsports.de,woocommerce,False,0,1,,,0,0
audiocity.co.th,https://audiocity.co.th,magento,True,0,1,,,0,0
running-point.de,https://running-point.de,shopify,True,0,1,,,0,0
thepawprint.store,https://thepawprint.store,shopify,True,0,1,,,0,0
goodgamescannington.com.au,https://goodgamescannington.com.au,shopify,True,5,1,,Inventory Type: SINGLES|Location: Cannington|Magic: The Gathering|Rarity: Rare|Set: Murders at Karlov Manor|Inventory Type: SINGLES|Location: Cannington|Magic: The Gathering|Rarity: Mythic|Set: Theros Beyond Death,2.0,40.21
gameskeys.net,https://gameskeys.net,woocommerce,True,0,1,,,0,0
maletoy.in,https://maletoy.in,woocommerce,True,0,1,,,0,0
damondmotorsports.com,https://damondmotorsports.com,shopify,True,0,1,,,0,0
myshop.pk,https://myshop.pk,magento,True,0,1,,,0,0
hansbeautystor.com,https://hansbeautystor.com,shopify,True,5,1,,Brand_Dermalogica|Concern_Dry|Concern_Dryness|Concern_Fine Lines/Wrinkles|Formulation_Cream|Brand_Phyto|Product Type_Clarifying Shampoo|Brand_K18|Product Type_Kits & Sets|Brand_K18,20.0,165.0
houseofwine.gr,https://houseofwine.gr,magento,True,0,1,,,0,0
studio-fashion.com,https://studio-fashion.com,opencart,True,0,1,,,0,0
tabernaclegames.com.au,https://tabernaclegames.com.au,shopify,True,5,1,,Blue|Brawl|Commander|Duel|Foil|Blue|Commander|Duel|Foil|Legacy,0.75,179.5
vapesuperstore.co.uk,https://vapesuperstore.co.uk,shopify,True,5,1,,_tp_synced|Flavour:Spearmint|Low Strength|New Line|Nicotine Pouches|2000 - 2999mAh|_tp_synced|Adjustable Airflow|Battery:Internal|Boost,3.95,18.95
goodgames.com.au,https://goodgames.com.au,shopify,True,5,1,,Luca|Maximum Players_2|Mechanic_Pattern Building|Mechanic_Tile Placement|Recommended Age_10+|Dragon Shield|Luca|Sleeves|Type_Sleeves|Dragon Shield,48.0,65.0
theherbalacademy.com,https://theherbalacademy.com,woocommerce,True,0,1,,,0,0
neona.store,https://neona.store,shopify,True,5,1,,free_gift|online,4.9,130.0
shopmando.com,https://shopmando.com,shopify,True,0,1,,,0,0
candyfavorites.com,https://candyfavorites.com,shopify,True,5,1,,Angel Mints|bulk candy|Color/White Candy|Flavor/Peppermint Candy|Florida Candy Company|albanese|Albanese Candy|All Bag Candy|All Candy/Bulk Candy/Unwrapped Bulk Candy|All Candy/Gummi Candies,19.75,27.49
divani.store,https://divani.store,shopify,True,0,1,shopify_payments,,0,0
customprofessionalhosting.com,https://customprofessionalhosting.com,prestashop,False,0,1,,,0,0
thebabycotshop.com,https://thebabycotshop.com,shopify,True,5,1,,Best Children’s Wallpaper|children wallpaper|Cool Wallpaper for Walls|Gender Neutral Nursery Wallpaper|nursery wallpaper|Best Children’s Wallpaper|celestial voyage wallpaper|children wallpaper|Contemporary Design Wallpaper|Cool Wallpaper for Walls,180.0,210.0
sportano.de,https://sportano.de,magento,True,0,1,,,0,0
joyamedicalsupplies.com.au,https://joyamedicalsupplies.com.au,woocommerce,False,0,1,,,0,0
springhillnursery.com,https://springhillnursery.com,shopify,True,5,1,,New|New|New|New|New,129.99,299.99
mattressnextday.co.uk,https://mattressnextday.co.uk,opencart,False,0,1,,,0,0
murphyoilcorp.com,https://murphyoilcorp.com,woocommerce,False,0,1,,,0,0
tesmasport.com,https://tesmasport.com,magento,True,0,1,,,0,0
scholarebathfitting.com,https://scholarebathfitting.com,woocommerce,True,0,1,,,0,0
ange-eshop.com,https://ange-eshop.com,shopify,True,5,1,,Créé le 14/03/2026|new|pantalon|S50|Créé le 14/03/2026|mailles|new|S50|laparisienne|lessentielle,26.9,75.0
djaksport.me,https://djaksport.me,magento,True,0,1,,,0,0
oiler.pro,https://oiler.pro,magento,True,0,1,,,0,0
sanayafashions.com,https://sanayafashions.com,woocommerce,True,0,1,,,0,0
turtleboxaudio.com,https://turtleboxaudio.com,shopify,True,5,1,,swag|t-shirt|Hat|store|swag|Hat|store|swag|monogram|Hat,25.0,90.0
telephoneshoppees.com,https://telephoneshoppees.com,shopify,True,5,1,,12-gb-ram|2-5more|256gb|30000-to-40000|50-mp-back-camera|2-5more|256gb|30000-to-40000|50-mp-back-camera|5g-mobile-phone,15999.0,36999.0
barrs-furniture.com,https://barrs-furniture.com,shopify,True,5,1,,1500-2000|bedroom|bedroom-set|Brand_FOA|Collection_Bryne|1000-1500|1500-2000|bedroom|bedroom-set|Brand_FOA,56.92,2248.0
utzsnacks.com,https://utzsnacks.com,shopify,True,5,1,,Cheese Balls|Cheese Snacks|New Item|Pick 60|Cheese Balls|Cheese Snacks|New Item|Pick 60|Cheese Balls|Cheese Snacks,13.99,26.99
geardiary.com,https://geardiary.com,woocommerce,False,0,1,,,0,0
euroskateshop.de,https://euroskateshop.de,magento,True,0,1,,,0,0
gccgamers.com,https://gccgamers.com,magento,False,0,1,,,0,0
mundofitness.pt,https://mundofitness.pt,magento,True,0,1,klarna,,0,0
shopify.engineering,https://shopify.engineering,shopify,False,0,1,,,0,0
bbcchildreninneed.co.uk,https://bbcchildreninneed.co.uk,woocommerce,True,0,1,,,0,0
stirlingsports.co.nz,https://stirlingsports.co.nz,shopify,True,0,1,,,0,0
winetrove.co.uk,https://winetrove.co.uk,woocommerce,True,0,1,,,0,0
lowestcostmattress.com,https://lowestcostmattress.com,shopify,True,0,1,,,0,0
shopcoveusa.com,https://shopcoveusa.com,shopify,True,5,1,,new releases|On Sale|T-Shirt|new releases|On Sale|T-Shirt|On Sale|On Sale|new releases|On Sale,25.0,99.0
miraphone.de,https://miraphone.de,magento,True,0,1,,,0,0
prikid.app,https://prikid.app,woocommerce,False,0,1,,,0,0
megafurnitureusa.com,https://megafurnitureusa.com,shopify,True,5,1,,Assembly:Assembly Required|Assembly_Assembly Required|Brand:Armen Living|Brand_Armen Living|Category:Dining Room|Assembly:Assembly Required|Assembly_Assembly Required|Brand:Armen Living|Brand_Armen Living|Category:Dining Room,95.0,520.0
lovewellness.com,https://lovewellness.com,shopify,True,5,1,,exclude_rebuy,12.99,12.99
hobbiesville.com,https://hobbiesville.com,shopify,True,5,1,,Brands:Bandai|Brands:Onepiece|Brands_Bandai|Brands_Onepiece|Finish_Foil|*Show_In Stock Only|Brands:Bandai|Brands:Onepiece|Brands_Bandai|Brands_Onepiece,2.76,73.0
vitaminews.com,https://vitaminews.com,woocommerce,False,0,1,,,0,0
lj-automotive.shop,https://lj-automotive.shop,shopify,True,5,1,,,57.0,117.0
tireshop.ua,https://tireshop.ua,opencart,False,0,1,,,0,0
shoprmcgems.com,https://shoprmcgems.com,shopify,True,5,1,,3ct-4ct|500-600|bi-color-tourmaline|Gemstones: Bi-Color Tourmaline|hidePrice|300-400|3ct-4ct|400-500|bi-color-tourmaline|Gemstones: Bi-Color Tourmaline,344.99,669.99
onestopfurniturestores.com,https://onestopfurniturestores.com,shopify,True,5,1,,Accent Chairs|ashley-furniture|Brand_Ashley|chair|Collection_Zossen|ashley-furniture|Brand_Ashley|Collection_Zerika|Color_Gold Finish|consumer-assembly_assembly-required,150.2,636.48
naturebaby.com,https://naturebaby.com,shopify,True,5,1,,Ontempo-Style_NB178661|Ontempo-Uid_A334746A-765F-4B1E-818D-F4566E5BE80D|Ontempo-Style_NB178661|Ontempo-Uid_9597112D-5664-47D8-AA5B-DD37565326E1|Ontempo-Style_NB17925|Ontempo-Uid_91FA11A7-71C7-41E3-AE8B-AE8F627E5B07|Ontempo-Style_NB178230|Ontempo-Uid_70E89D8A-64B3-4C7B-8774-FADD5BBD723E,22.0,50.0
usfireplacestore.com,https://usfireplacestore.com,shopify,True,0,1,,,0,0
piercefurnituregallery.com,https://piercefurnituregallery.com,shopify,True,0,1,,,0,0
store974.com,https://store974.com,shopify,True,5,1,,120Hz Gaming Laptop|14 Inch Gaming Laptop|1TB SSD Laptop|32GB RAM Laptop|3K OLED Laptop|**ASUS ROG Gaming Laptop|16 Inch Gaming Laptop|16GB RAM Laptop|1TB SSD Laptop|2.5K Gaming Display,79.0,10999.0
georgiaboot.com,https://georgiaboot.com,shopify,True,5,1,,2026-0206-0208-free-shipping|collection:Casual|collection:Men's|collection:Non Map|collection:Patriotic|collection: EH Rated|collection:Brookville|collection:Lace Up|collection:Men's|collection:Protective Toe,12.0,164.99
no777games.pk,https://no777games.pk,bigcommerce,False,0,1,,,0,0
furnitureandmorewlo.com,https://furnitureandmorewlo.com,shopify,True,5,1,,bed-pillow|Brand_Ashley|Collection_Nectar Classic|Color_White|consumer-assembly_no-assembly-required|bed-pillow|Brand_Ashley|Collection_DreamCloudTM Classic|Color_White|consumer-assembly_no-assembly-required,59.0,1449.0
cpdwineliquor.com,https://cpdwineliquor.com,shopify,True,0,1,,,0,0
buecherbuechse.de,https://buecherbuechse.de,woocommerce,True,0,1,,,0,0
rockvilleaudio.com,https://rockvilleaudio.com,shopify,True,0,1,,,0,0
steamforged.com,https://steamforged.com,shopify,True,0,1,,,0,0
maingear.com,https://maingear.com,shopify,True,0,1,,,0,0
decorhomefurniture.com,https://decorhomefurniture.com,shopify,True,0,1,,,0,0
thetaxidermystore.com,https://thetaxidermystore.com,magento,True,0,1,,,0,0
pharmamedi.it,https://pharmamedi.it,opencart,True,0,1,,,0,0
secretbottleshop.co.uk,https://secretbottleshop.co.uk,shopify,True,5,1,,Age_NAS|Brand_Pallini|Country_Italy|Dietary_Vegan|Dietary_Vegetarian|Age_NAS|Brand_Lyre's|Country_Australia|Product Type_Gin|Size_70cl,14.95,35.95
furnituregallerystore.com,https://furnituregallerystore.com,shopify,True,0,1,,,0,0
premiumaddons.com,https://premiumaddons.com,woocommerce,True,0,1,,,0,0
fluxfootwear.com,https://fluxfootwear.com,shopify,True,5,1,,Aspire - AGM|Training|Aspire - AGM|running_collection|Shoes|Aspire - AGM|hidden|Shoes|finalsale|loop_block,39.0,150.0
sleequipment.com,https://sleequipment.com,shopify,True,5,1,,available|in stock|Lawn Tractors|WorkMate Serial Numbers|available|in stock|Leaf Blower Parts|available|Enclosed Trailers|WorkMate Serial Numbers,14.99,26910.0
teamcherry.com.au,https://teamcherry.com.au,magento,True,0,1,,,0,0
toyotafreaks.com,https://toyotafreaks.com,shopify,True,5,1,,Accessories|BF|Discount|Gear|Patch|Keychains|Reefmonkey|Shopify Collective|Keychains|Reefmonkey,8.0,21.95
hardjewelry.com,https://hardjewelry.com,shopify,True,5,1,,cross|dyt|new release|skull|new release|new release|new release|new release,36.95,249.95
shopthcvapes.uk,https://shopthcvapes.uk,woocommerce,True,0,1,,,0,0
exoticautoparts.co,https://exoticautoparts.co,shopify,True,5,1,,7G43-17700-BD|Aston Martin Genuine Part|DB9|DBS|Exterior|540C|570GT|570S|600LT|620R,103.88,1991.63
wildwestbootstore.com,https://wildwestbootstore.com,shopify,True,5,1,,all|boys|cinch|infant|long-sleeves|all|boys|cinch|long-sleeves|shopping,34.95,69.95
oilperfumery.com,https://oilperfumery.com,shopify,True,5,1,,Brand_OP - Frederic Malle|discounted|NewDec2019|Perfume Notes_Patchouli|Perfume Notes_Rose|Brand_OP - Christian Dior|discounted|Perfume Notes_Patchouli|Perfume Notes_Sandalwood|Western Men,14.95,119.99
gadgetshopper.in,https://gadgetshopper.in,shopify,True,5,1,,All|allproduct|All,199.0,1999.0
indian-shop.co,https://indian-shop.co,shopify,True,5,1,,,599.0,699.0
lovebeautyandplanet.in,https://lovebeautyandplanet.in,shopify,True,5,1,,2025-new-launches|Back-in-Stock|best-sellers|bounce-mist|BYOB_No_offer_Backend|active|BYOB_No_offer_Backend|freebei|freebie|readmore,230.0,600.0
toykoo.in,https://toykoo.in,shopify,True,0,1,shopify_payments,,0,0
ellijewelry.com,https://ellijewelry.com,shopify,True,0,1,,,0,0
toyigloo.com.au,https://toyigloo.com.au,magento,True,0,1,,,0,0
diateam.net,https://diateam.net,woocommerce,False,0,1,,,0,0
shop4trac.com,https://shop4trac.com,woocommerce,False,0,1,,,0,0
bambooclothing.co.uk,https://bambooclothing.co.uk,woocommerce,True,0,1,,,0,0
gardenistauk.com,https://gardenistauk.com,shopify,True,5,1,,BASICS|bundle|bundle|bundle,11.99,69.97
toysrus.co.uk,https://toysrus.co.uk,shopify,True,0,1,,,0,0
dailyaudiobible.com,https://dailyaudiobible.com,woocommerce,True,0,1,stripe,,0,0
xyzfashionstore.com,https://xyzfashionstore.com,magento,True,0,1,,,0,0
ww1gameseries.com,https://ww1gameseries.com,woocommerce,False,0,1,,,0,0
srfabricss.store,https://srfabricss.store,shopify,True,5,1,,BAROQUE|bridal|DIGITAL LAWN|DRESSES|FANCY|BAROQUE|bridal|DIGITAL LAWN|DRESSES|FANCY,2999.0,4800.0
furniturelandcolumbus.com,https://furniturelandcolumbus.com,shopify,True,5,1,,2000-2500|ashley-furniture|Brand_Ashley|Collection_Lavenhorne|color-granite|1000-1500|bed-size_full|Brand_FOA East|Collection_Geneva|foa-east,401.48,3300.58
furniturefactoryca.com,https://furniturefactoryca.com,shopify,True,5,1,,fee|recycling-fee|service|under-500|500-1000|ashley-furniture|bed|Bed Size_Full|Bed Size_King|AR Availability_Available,18.0,723.04
musclestore.mx,https://musclestore.mx,woocommerce,True,0,1,paypal,,0,0
toyworld.com.au,https://toyworld.com.au,shopify,True,5,1,,5 - 7 Years|8 - 11 Years|Animals|GF Age 3-4 Years|GF Age 5-7 Years|5 - 7 Years|8 - 11 Years|Animals|GF Age 3-4 Years|GF Age 5-7 Years,19.99,44.99
vicars-furniture.com,https://vicars-furniture.com,shopify,True,5,1,,Bed Pillow|Brand_Ashley|Collection_Nectar Classic|Color_White|Consumer Assembly_No Assembly Required|Bed Pillow|Brand_Ashley|Collection_DreamCloudTM Classic|Color_White|Consumer Assembly_No Assembly Required,64.41,1274.0
jpbookstore.com,https://jpbookstore.com,shopify,True,5,1,,1 Genre_Action & Adventure Manga|2 Label_Kadokawa Comics Ace|3 Author_Kafka Asagiri|4 Series_Bungo Stray Dogs|5 Publisher_KADOKAWA|1 Genre_Action & Adventure Manga|2 Label_Kadokawa Comics Ace|3 Author_Kafka Asagiri|4 Series_Bungo Stray Dogs|5 Publisher_KADOKAWA,9.64,36.13
seranovabeauty.com,https://seranovabeauty.com,shopify,True,0,1,shopify_payments,,0,0
watchesprime.com,https://watchesprime.com,woocommerce,True,0,1,,,0,0
nowteam.net,https://nowteam.net,woocommerce,False,0,1,,,0,0
jezsport.com,https://jezsport.com,woocommerce,True,0,1,,,0,0
idealbathroomcentre.com.au,https://idealbathroomcentre.com.au,shopify,True,5,1,,Colour_Gloss White|Flushing Technology_Tornado-X flushing|Pan Trap Type_P Trap|Pan Trap Type_S Trap|Toilet Type_Concealed Wall Face Toilet|Colour_Gloss White|Flushing Technology_Tornado-X flushing|Pan Trap Type_P Trap|Pan Trap Type_S Trap|Toilet Type_Concealed Wall Face Toilet,127.2,1529.0
puffindrinkwear.com,https://puffindrinkwear.com,shopify,True,5,1,,allseason|bevvest|Can|construction worker|mw_grouped_product|bundles|peanuts|bundles|bundles|Liquid Death,19.95,110.95
mr-daten-shop.de,https://mr-daten-shop.de,magento,True,0,1,,,0,0
cyclingboutique.in,https://cyclingboutique.in,shopify,True,5,1,,18.0% GST|349|Assembly Products|Bike Carbon Paste|Bike Grease|18.0% GST|Bike Light Set|Combo Lights|Commuter Bike Lights|Commuter Light,1290.0,6599.0
balticsport.lv,https://balticsport.lv,magento,False,0,1,,,0,0
fangamer.eu,https://fangamer.eu,shopify,True,5,1,,character_Toriel|game_UNDERTALE|ineligible_for_sales|keychain|keychains|activity|book|books|deltarune|game_DELTARUNE,14.0,38.0
yodersmokers.com,https://yodersmokers.com,woocommerce,True,0,1,,,0,0
tartanvibesclothing.com,https://tartanvibesclothing.com,shopify,True,5,1,,best-selling|Casual Clothing|gg-bestsellers|Google Shopping - New Arrivals|K23|best-selling|Casual Hoodie|Casual Hoodies|Celtic|For Men,39.99,69.99
douglasvillefurniture.com,https://douglasvillefurniture.com,shopify,True,5,1,,bed-pillow|Brand_Ashley|Collection_Nectar Classic|Color_White|consumer-assembly_no-assembly-required|bed-pillow|Brand_Ashley|Collection_DreamCloudTM Classic|Color_White|consumer-assembly_no-assembly-required,68.0,2328.0
adultchildren.org,https://adultchildren.org,woocommerce,False,0,1,,,0,0
wearechange.org,https://wearechange.org,woocommerce,False,0,1,stripe,,0,0
veyesbeauty.com,https://veyesbeauty.com,shopify,True,5,1,,All Products|Best Sellers|Cluster Lashes|Mini Pack|new arrivals|All Products|All Products|Cluster Lashes|new arrivals|Starter Lashes,9.99,54.99
greatfurnituredeal.com,https://greatfurnituredeal.com,shopify,True,0,1,shopify_payments,,0,0
bayshorefurniture.com,https://bayshorefurniture.com,shopify,True,5,1,,bed-pillow|Brand_Ashley|Collection_Nectar Classic|Color_White|consumer-assembly_no-assembly-required|bed-pillow|Brand_Ashley|Collection_DreamCloudTM Classic|Color_White|consumer-assembly_no-assembly-required,73.66,1499.0
dmv-furniture.com,https://dmv-furniture.com,shopify,True,5,1,,bed-pillow|Brand_Ashley|Collection_Nectar Classic|color_white|consumer-assembly_no-assembly-required|bed-pillow|Brand_Ashley|Collection_DreamCloudTM Classic|color_white|consumer-assembly_no-assembly-required,69.0,1799.0
audioquest.com,https://audioquest.com,shopify,True,5,1,,Brave Heart|Compare|DFI Exempt|Folk Heroes|Full-Range|Brave Heart|Compare|DFI Exempt|Folk Heroes|Full-Range,1495.0,18550.0
beautycos.eu,https://beautycos.eu,magento,True,0,1,,,0,0
gainesvillediscountfurniture.com,https://gainesvillediscountfurniture.com,shopify,True,0,1,,,0,0
yozmasport.com,https://yozmasport.com,shopify,True,0,1,shopify_payments,,0,0
beautyhouse.com,https://beautyhouse.com,shopify,True,5,1,,0.2 oz / 6 ml|2.2 Sales|Al-Rehab|Al-Rehab Ishq Concentrated Perfume Oil for Women|Arabic Fragrances|1.1 Sales|11.11 Sales|12.12 Sales|3.3 Sale|9.0 oz / 250ml,7.88,386.49
candyhouse.co,https://candyhouse.co,shopify,True,5,1,,For SESAME 5/5 Pro|For SESAME Bot|For SESAME Bot|For SESAME Bot|For SESAME Bot,1.0,5.0
tahecosmetics.com,https://tahecosmetics.com,opencart,False,0,1,,,0,0
venbafragrance.com,https://venbafragrance.com,shopify,True,5,1,,Eau De Parfum|Fall|Niche|Spring|Summer|Eau De Parfum|Fall|Niche|Unisex|Winter,125.0,125.0
easymoebel-shop.de,https://easymoebel-shop.de,magento,True,0,1,,,0,0
handelsicecream.com,https://handelsicecream.com,woocommerce,True,0,1,,,0,0
workweargurus.com,https://workweargurus.com,shopify,True,0,1,shopify_payments,,0,0
mikescigars.com,https://mikescigars.com,magento,True,0,1,,,0,0
storedevastation.com,https://storedevastation.com,shopify,True,5,1,,048|Fighting [x2]|Holofoil|Lightning|Mega Evolution: Base Set|073|Fire [x2]|Grass [-30]|Holofoil|Metal,200.0,900.0
moon-audio.com,https://moon-audio.com,shopify,True,0,1,,,0,0
teamprostandard.com,https://teamprostandard.com,shopify,True,0,1,,,0,0
shopjustsports.com,https://shopjustsports.com,shopify,True,5,1,,Los Angeles Dodgers|MLB|new|Out of Stock|Replica|Los Angeles Dodgers|Mens|MLB|new|Out of Stock,38.0,125.0
furniturecity.com,https://furniturecity.com,shopify,True,5,1,,ashley-furniture|Brand_Ashley|Collection_Janston|Color_Ivory/Gray/Tan|consumer-assembly_no-assembly-required|1000-1500|1500-2000|ashley-furniture|Brand_Ashley|chair,151.72,1849.58
cornerstonebuildingbrands.com,https://cornerstonebuildingbrands.com,bigcommerce,False,0,1,,,0,0
novoshoes.com.au,https://novoshoes.com.au,magento,True,0,1,,,0,0
bestswimwear.com,https://bestswimwear.com,shopify,True,5,1,,lspace|LSPACE26april|nonsale|size-l|size-m|_related_sunsets-white-lily|_related_sunsets_white-lily|BESTSPRING30|bride|d-cup,45.0,176.0
miraclebrand.co,https://miraclebrand.co,shopify,True,5,1,,Bedding|Bundles|pillows-inserts|ShopAll|ShopifyLive|Bedding|Bundles|pillows-inserts|Sheets|ShopAll,89.0,499.0
fosiaudio.com,https://fosiaudio.com,shopify,True,5,1,,Accessories|New Arrives|streamer,1.0,469.99
mybrand.shoes,https://mybrand.shoes,prestashop,False,0,1,klarna,,0,0
skiwebshop.de,https://skiwebshop.de,magento,True,0,1,,,0,0
oemusedautoparts1.com,https://oemusedautoparts1.com,shopify,True,5,1,,2021|Kia|2013|2014|2015|2016|2017|NISSAN|2008|2009,25.79,101.39
arnoldclarkautoparts.com,https://arnoldclarkautoparts.com,shopify,True,5,1,,Brand_Febi|Item_Drag Links|Menu_Parts|Product_Steering & Suspension|Site_Aftermarket|Brand_Draper Storm Force|Item_Drills|Menu_Gifts|Menu_Tools & Equipment|Product_DIY,6.4,80.98
keeksdesignerhandbags.com,https://keeksdesignerhandbags.com,shopify,True,5,1,,12BoC3|ACTIVE|Black|CHANEL|CROSSBODY|$500-$1000|ACTIVE|Brown/Green/Red|CROSSBODY|Depth: 3,899.99,3199.99
hobbies.co.uk,https://hobbies.co.uk,magento,True,0,1,,,0,0
chromaticgamestcg.com.au,https://chromaticgamestcg.com.au,shopify,True,5,1,,073|Fire [x2]|Grass [-30]|Holofoil|Metal|105|Double Rare|Fire [x2]|Grass [-30]|Holofoil,0.4,5.0
norcalfurniture.com,https://norcalfurniture.com,shopify,True,5,1,,fee|norcal-furniture|service|under-500|500-1000|bed|bedroom|Brand_FOA|Collection_Kamalah|bed-pillow,18.0,946.0
burkerwatches.com,https://burkerwatches.com,shopify,True,5,1,,Gold|Ruby|sale|Silver|Gold|Ruby Petite|sale|Gold|Green|Ruby,32.7,35.7
forkid.gr,https://forkid.gr,woocommerce,True,0,1,,,0,0
shopee.jp,https://shopee.jp,woocommerce,False,0,1,,,0,0
gatheringgames.co.uk,https://gatheringgames.co.uk,shopify,True,5,1,,Pre-order|Pre-order|Pre-order|Pre-order|Pre-order,3.99,19.99
beds4lessfurniture.com,https://beds4lessfurniture.com,shopify,True,5,1,,bed-pillow|Brand_Ashley|Collection_Nectar Classic|Color_White|consumer-assembly_no-assembly-required|bed-pillow|Brand_Ashley|Collection_DreamCloudTM Classic|Color_White|consumer-assembly_no-assembly-required,66.96,4603.32
missbaby.com,https://missbaby.com,magento,True,0,1,,,0,0
shopdailydrills.com,https://shopdailydrills.com,shopify,True,5,1,,NEW|nosizeguide|GREEN|lounge|loungeresortguide|march31|mb26|lounge|loungeresortguide|march31,96.0,175.0
eliteelevensporting.com,https://eliteelevensporting.com,shopify,False,0,1,,,0,0
eirehobbies.com,https://eirehobbies.com,shopify,True,0,1,shopify_payments,,0,0
millenniumshoes.com,https://millenniumshoes.com,shopify,False,0,1,,,0,0
no-smoke.org,https://no-smoke.org,woocommerce,True,0,1,,,0,0
craftcafe.store,https://craftcafe.store,shopify,True,0,1,shopify_payments,,0,0
titansgym.uk,https://titansgym.uk,woocommerce,True,0,1,,,0,0
toy-zania.com,https://toy-zania.com,shopify,True,0,1,,,0,0
ansgear.com,https://ansgear.com,bigcommerce,True,0,1,,,0,0
millcreeksports.com,https://millcreeksports.com,bigcommerce,False,0,1,,,0,0
labelleperfumes.com,https://labelleperfumes.com,shopify,True,0,1,,,0,0
toyworld.co.nz,https://toyworld.co.nz,shopify,False,0,1,,,0,0
gamersparadisela.com,https://gamersparadisela.com,shopify,True,0,1,,,0,0
kubiyagames.com,https://kubiyagames.com,shopify,True,5,1,,$100 - $200|1 player(s)|Adults|Ages 10 and up|Best Sellers|1 player(s)|Adults|Ages 10 and up|Best Sellers|Best Sellers Puzzles,19.99,125.0
shopyvision.com,https://shopyvision.com,woocommerce,False,0,1,,,0,0
aspcomputers.com.au,https://aspcomputers.com.au,wix,False,0,1,,,0,0
polleosport.hr,https://polleosport.hr,opencart,True,0,1,,,0,0
flaminfitness.com,https://flaminfitness.com,shopify,True,0,1,,,0,0
australiangameshows.top,https://australiangameshows.top,bigcommerce,False,0,1,,,0,0
audioaffair.co.uk,https://audioaffair.co.uk,magento,True,0,1,,,0,0
wayupsports.com,https://wayupsports.com,shopify,True,5,1,,Boys|Footwear|Girls|Kids|Lifestyle|Boys|Footwear|Girls|Kids|Lifestyle,2999.0,9499.0
vettrixsupplies.com,https://vettrixsupplies.com,woocommerce,True,0,1,,,0,0
lomaxpromogifts.co.uk,https://lomaxpromogifts.co.uk,woocommerce,True,0,1,,,0,0
spiceology.com,https://spiceology.com,shopify,True,0,1,,,0,0
identitashoes.com,https://identitashoes.com,shopify,True,5,1,,10 cm|10cm|12 cm|12cm|changed|10 cm|10cm|12 cm|12cm|changed,148.5,148.5
161powersports.com,https://161powersports.com,woocommerce,True,0,1,,,0,0
rayatoys.com,https://rayatoys.com,magento,False,0,1,,,0,0
70cigars.com,https://70cigars.com,shopify,True,5,1,,back_in_stock|NoPromote|Pipe Tobacco|Rare PT|Tinned Pipe Tobaccos|back_in_stock|Cigars|Missing Description|Missing Image|Accessories,4.23,353.99
jcwesternwear.com,https://jcwesternwear.com,shopify,True,5,1,,A1047M|Accessories|Bass|bass belt buckles|Belt Buckle|A1015P|Accessories|antique gold|antique silver|Attitude Buckle,50.0,75.0
baysmokes.com,https://baysmokes.com,shopify,False,0,1,,,0,0
onlinevapegate.com,https://onlinevapegate.com,shopify,True,0,1,,,0,0
deltadevteam.com,https://deltadevteam.com,woocommerce,False,0,1,,,0,0
pharmamarket.fr,https://pharmamarket.fr,magento,True,0,1,,,0,0
thewatch.ua,https://thewatch.ua,opencart,False,0,1,,,0,0
1800phonenumbers.org,https://1800phonenumbers.org,woocommerce,False,0,1,,,0,0
millcreekbath.com,https://millcreekbath.com,shopify,True,5,1,,"Configuration_Double Sink|Vanity Depth_19.75""|Vanity Width_84""|Configuration_Double Sink|Vanity Depth_19.75""|Vanity Width_72""|Configuration_Double Sink|Vanity Depth_19.75""|Vanity Width_60""|Configuration_Single Sink",1400.0,2800.0
japanwithlovestore.com,https://japanwithlovestore.com,shopify,True,5,1,,Health & Personal Care|Home Use Medical Supplies & Equipment|Newest|Price Range_0 - 10$|Sleep & Snoring|Health & Personal Care|Home Use Medical Supplies & Equipment|Newest|Price Range_0 - 10$|Sleep & Snoring,6.15,15.66
swissgear.com,https://swissgear.com,shopify,True,5,1,,YGroup_1077-BP|New Arrival|original_swiss|Seasonal Edit|YGroup_8027-SC,140.77,475.0
dylanscandybar.com,https://dylanscandybar.com,shopify,True,0,1,,,0,0
bloomaudio.com,https://bloomaudio.com,shopify,True,0,1,,,0,0
globebrand.com,https://globebrand.com,shopify,True,0,1,,,0,0
iphonemod.net,https://iphonemod.net,woocommerce,False,0,1,,,0,0
lightyearsjewelry.com,https://lightyearsjewelry.com,shopify,True,5,1,,Color_Golds|Color_Silver|Dangles|Earrings|Gift Ideas|Bamboo|Color_Green|Dog|Dogs|Green,12.95,44.0
intersport.it,https://intersport.it,shopify,True,5,1,,Bambina|KIDS|Lifestyle|NEW BALANCE|Ragazzi (8-16 anni)|Lifestyle|NEW BALANCE|Scarpe|Scarpe sneakers|Sneakers,50.0,100.0
bombereyewear.com,https://bombereyewear.com,shopify,True,5,1,,Accessories|clothing|DISCOUNTNO|Accessories|clothing|Accessories|clothing|DISCOUNTNO|Accessories|clothing,15.0,80.0
jcoleshoes.com,https://jcoleshoes.com,shopify,True,5,1,,birkenstock-1|June 2025|over-200|sandals|size-36|150-200|March 2026|pistola|size-small|size-xs,68.0,210.0
steadyrack.com,https://steadyrack.com,shopify,True,5,1,,Gearmate|Gearmate|Gearmate|Gearmate|Gearmate,14.99,19.99
galaxygamesllc.com,https://galaxygamesllc.com,shopify,True,5,1,,073|Fire [x2]|Grass [-30]|Holofoil|Metal|105|Double Rare|Fire [x2]|Grass [-30]|Holofoil,0.2,0.85
residencesupply.com,https://residencesupply.com,shopify,True,5,1,,Ambient Lighting|Bedroom Lighting|Brass|Floor Lamp|floor lights|Ambient Lighting|Bathroom|Bedroom Lighting|Brass|Contemporary,16.0,1370.0
vapestore.co.uk,https://vapestore.co.uk,shopify,True,5,1,,Battery-included|MTL/RDL|VZ-Export|Battery-included|MTL/RDL|VZ-Export|Battery-included|MTL/RDL|VZ-Export|2ml + 10ml,3.99,24.99
theexperiencefurniture.com,https://theexperiencefurniture.com,shopify,True,5,1,,bed-pillow|Brand_Ashley|Collection_Nectar Classic|Color_White|consumer-assembly_no-assembly-required|bed-pillow|Brand_Ashley|Collection_DreamCloudTM Classic|Color_White|consumer-assembly_no-assembly-required,105.0,2745.0
2ttoys.nl,https://2ttoys.nl,shopify,True,5,1,,LEGO|NINJA|NINJAGO|LEGO|NINJA|NINJAGO|bouwpakketten volwassenen|HELMEN|LEGO|LORD OF THE RINGS,17.99,116.99
romeosfurnituremadera.com,https://romeosfurnituremadera.com,shopify,True,5,1,,fee|recycling-fee|service|bed-pillow|Brand_Ashley|Collection_Nectar Classic|Color_White|consumer-assembly_no-assembly-required|bed-pillow|Brand_Ashley,18.0,1685.99
secretgarden.ro,https://secretgarden.ro,shopify,True,5,1,,Helleborus|new|Plante outdoor - gradina & terasa|Bonsai|Ficus|new|Plante cadou|Plante cu semnificatie; Plante Feng Shui|Accesorii plante|Instrumente & Unelte,27.0,95.0
atlanticcigar.com,https://atlanticcigar.com,bigcommerce,False,0,1,,,0,0
kidsgardening.org,https://kidsgardening.org,woocommerce,False,0,1,,,0,0
bumbletoys.com,https://bumbletoys.com,shopify,True,5,1,,18+ Years|8-17 Years|Boys|Building Blocks|Building Bricks|18+ Years|Action Figures|bingo|Boys|Funko,504.0,24900.0
fathersonsclothing.com,https://fathersonsclothing.com,shopify,True,5,1,,35-50|523|blue|buttonpolo|grandad|104|50-75|black|buttonpolo|new,36.99,56.99
shophamricks.com,https://shophamricks.com,shopify,True,0,1,,,0,0
chaptersbookstore.com,https://chaptersbookstore.com,shopify,True,0,1,,,0,0
yesoulfitness.com,https://yesoulfitness.com,shopify,True,5,1,,Refurbished|付费售后,20.0,1399.97
tacoma-games.com,https://tacoma-games.com,shopify,True,5,1,,drukhari|Games Workshop|Mounted|Warhammer 40K|Black Library|Games Workshop|Necrons|Novel|Warhammer 40K|Chaos Space Marines,31.5,153.0
imagesupply.com,https://imagesupply.com,shopify,True,5,1,,"PT-3600|PT-9500PC|PT-9600|PT-9700PC|PT-9800PCN|Brand_Dymo|Sale|Type_Up to 1/2"" Wide Tape|Brand_Brother|Type_Up to 1/2"" Wide Tape",39.98,799.99
fitnessmatter.com,https://fitnessmatter.com,woocommerce,False,0,1,,,0,0
wananluxury.com,https://wananluxury.com,shopify,True,5,1,,Bianco|Scarpe|Shoes|Sneakers & Slip-On|SS26|Abbigliamento|Abiti|Beige|Clothing|Donna,295.0,2085.0
jakespetsupply.com,https://jakespetsupply.com,shopify,True,5,1,,Dog|dog food|Fromm|Wet Dog Food|Dog|dog food|Fromm|Wet Dog Food|Dog|dog food,3.19,8.99
thenormalbrand.com,https://thenormalbrand.com,shopify,True,5,1,,cf-size-l|cf-size-m|cf-size-s|cf-size-xl|cf-size-xxl|Badge: Best Seller|badge: New Color|cf-size-m|cf-size-xxl|f25bfcm,68.0,148.0
staycoldapparel.com,https://staycoldapparel.com,shopify,True,5,1,,synced|synced|synced|synced|synced,49.9,129.9
outletdelcalcio.eu,https://outletdelcalcio.eu,shopify,True,5,1,,brasile|maglianobambinonoxxxl|mws_apo_generated|city|magliakids|magliekids|manchester|mws_apo_generated|barcellona|barcelona,34.99,59.98
widefitshoes.co.uk,https://widefitshoes.co.uk,shopify,True,0,1,shopify_payments,,0,0
ezaudiobookforsoul.com,https://ezaudiobookforsoul.com,woocommerce,True,0,1,,,0,0
upscaleaudio.com,https://upscaleaudio.com,shopify,True,5,1,,do-not-advertise|New Specials|SALE|Sweet Deals|New Specials|no_canada|no_google_ads|sale|trade|New Specials,494.1,1999.0
nclcomputer.com,https://nclcomputer.com,woocommerce,True,0,1,,,0,0
kcfurnitureoutlet.com,https://kcfurnitureoutlet.com,shopify,True,5,1,,Bed Size_California King|Bed Size_Full|Bed Size_King|Bed Size_Queen|Bed Size_Twin|Bed Size_California King|Bed Size_Full|Bed Size_King|Bed Size_Queen|Bed Size_Twin,189.24,2418.9
ajtoys.co.uk,https://ajtoys.co.uk,shopify,True,5,1,,Kids Lego|LEGO 75403 Grogu with Hover Pram|Care Bears|PLUSH|Stranger Things|Pre-Order May|Pre-Order May|dc|Pre-Order June,13.99,69.0
lionessfashion.com,https://lionessfashion.com,shopify,True,5,1,,EASTER40|Pre-Order|Pre-Order Badge|Pre-Order Message|Set|90'S MUSE|New Arrivals|Pre-Order|Pre-Order Badge|Pre-Order Message,29.0,59.0
tmraudio.com,https://tmraudio.com,bigcommerce,True,0,1,,,0,0
kitchenknives.co.uk,https://kitchenknives.co.uk,magento,True,0,1,klarna,,0,0
metrohobbies.com.au,https://metrohobbies.com.au,shopify,True,5,1,,ARRMA|COMING SOON|NEW|PREORDER|RC Cars On-Road Electric|ARRMA|COMING SOON|NEW|PREORDER|RC Cars On-Road Electric,599.99,599.99
ctlighting.com,https://ctlighting.com,bigcommerce,False,0,1,,,0,0
nassaucandy.com,https://nassaucandy.com,magento,True,0,1,,,0,0
gaferfurniture.com,https://gaferfurniture.com,shopify,True,5,1,,Dining Rooms|Farmhouse|Living room|Sarreid|Sarreid Best Seller|Dining Rooms|Drawers|Living room|Sarreid|Sarreid Best Seller,1165.5,3958.5
barakfashion.com,https://barakfashion.com,woocommerce,True,0,1,,,0,0
uniform4kids.com,https://uniform4kids.com,shopify,True,5,1,,10-20|john-lyon-school|john-lyon-schoolwear|polo-shirts|stanmore|30-50|akivaschool|almaschoolwear|almawhetstoneschoolwear|alphaprepschoolwear,10.99,44.99
nailsuppliesmumbai.in,https://nailsuppliesmumbai.in,woocommerce,True,0,1,,,0,0
buyfromhomefurniture.com,https://buyfromhomefurniture.com,shopify,True,0,1,,,0,0
gameden.com,https://gameden.com,shopify,True,0,1,,,0,0
kaissagames.com,https://kaissagames.com,magento,True,0,1,,,0,0
kazaarfragrances.com,https://kazaarfragrances.com,shopify,True,5,1,,comingsoon|freecollection|Louis Vuitton®|Men|track-quantity|Autoduft|Holzautoduft|scs-refill|track-quantity|Autoduft,3.9,3.9
shopmoco.com,https://shopmoco.com,shopify,True,0,1,,,0,0
mielleorganics.com,https://mielleorganics.com,shopify,True,5,1,,how_to_use_tapcart|ingredients_tapcart|SEARCHANISE_IGNORE|_smgift|how_to_use_tapcart|ingredients_tapcart|Moisturizer|product-grid_Best Seller|Excess|how_to_use_tapcart,3.99,13.99
retrovgames.com,https://retrovgames.com,woocommerce,True,0,1,,,0,0
pocketgames.nl,https://pocketgames.nl,shopify,True,0,1,,,0,0
fontis-shop.de,https://fontis-shop.de,shopify,True,5,1,,Cat_2:Ratgeber| Lebenshilfe| Nachfolge|Cat_3:Wachsen im Glauben|Filter_Autor:Olaf Latzel|Filter_Einbandart:gebunden|Filter_Erschienen:Ja|Cat_1:Bücher|Cat_2:Ratgeber| Lebenshilfe| Nachfolge|Cat_3:Gebet|Filter_Autor:Todd Smith|Filter_Einbandart:Paperback,5.9,19.0
cheapsnowgear.com,https://cheapsnowgear.com,shopify,True,5,1,,$50 - $100|$25 - $50|mens ski jackets|$100 - $200|$0 - $25|$100 - $200|$200 - $300|$25 - $50|$50 - $100,21.95,212.95
junkbrands.com,https://junkbrands.com,shopify,True,5,1,,A/BTEST1112|ABTEST-2024-11-13|angry gym teacher|angrygymteacher|big-bang-lite|2026 World Cup|big-bang-lite|feed-agegroup-adult|feed-cond-new|feed-gender-unisex,15.99,18.99
democracyclothing.com,https://democracyclothing.com,shopify,True,5,1,,"13.5"" inseam|26-sp3|26-sp3 bottom|26-sp3 petite|26-sp3 shorts|""Ab""solution|0P|10.5"" inseam|10P|12P",48.0,78.0
petshop88.gr,https://petshop88.gr,opencart,True,0,1,,,0,0
hollandscountryclothing.co.uk,https://hollandscountryclothing.co.uk,shopify,True,0,1,,,0,0
mmwholesale.com,https://mmwholesale.com,shopify,True,5,1,,brand_Power Acoustik|Car Audio Receivers|category_Double Din|category_Video|Doubled Din|Active Cabinets|brand_Max Power|New|brand_Universal|Drum Sticks,4.99,179.99
hitcigars.com,https://hitcigars.com,woocommerce,True,0,1,,,0,0
lasvegasfurnitureonline.com,https://lasvegasfurnitureonline.com,shopify,True,0,1,,,0,0
abclothes.store,https://abclothes.store,shopify,True,0,1,,,0,0
lilyskitchen.co.uk,https://lilyskitchen.co.uk,shopify,True,5,1,,,12.0,15.0
kidsland.me,https://kidsland.me,magento,False,0,1,,,0,0
shopvalcero.com,https://shopvalcero.com,shopify,True,5,1,,,29.95,149.95
discountfurnitureburlington.com,https://discountfurnitureburlington.com,shopify,True,0,1,,,0,0
wearable-stories.com,https://wearable-stories.com,shopify,True,5,1,,ItemGroup:Shirts|ItemNumber:126-1100-405|itp-collectionId-14|itp-collectionId-42|itp-collectionId-6|ItemNumber:225- bracelet- 03|itp-collectionId-22|itp-collectionId-24|itp-collectionId-8|itp-images-available,19.95,239.0
sportspower.com.au,https://sportspower.com.au,shopify,True,5,1,,0|Gender:Adult|Gender:Mens|Gender:Unisex|Gender:Womens|0|Black Friday:Clothes|Collection:Performance|Collection:Tops|Gender:Mens,26.99,169.99
herocosmetics.us,https://herocosmetics.us,shopify,True,5,1,,Perfect Pairing|prebuilt-bundle|Perfect Pairing|prebuilt-bundle|bundle-item|discount-applicable|discount-applicable|GWP|Perfect Pairing|prebuilt-bundle,6.99,28.03
blackswampgames.com,https://blackswampgames.com,shopify,True,0,1,,,0,0
myfurniturehouse.com,https://myfurniturehouse.com,shopify,True,0,1,,,0,0
camposfurnitureus.com,https://camposfurnitureus.com,shopify,True,5,1,,bed-pillow|Brand_Ashley|Collection_Nectar Classic|Color_White|consumer-assembly_no-assembly-required|bed-pillow|Brand_Ashley|Collection_DreamCloudTM Classic|Color_White|consumer-assembly_no-assembly-required,57.42,1566.22
omgbubbletea.com,https://omgbubbletea.com,shopify,True,0,1,,,0,0
freewellgear.com,https://freewellgear.com,shopify,True,0,1,,,0,0
inhomefurniturewholesale.com,https://inhomefurniturewholesale.com,shopify,True,0,1,,,0,0
miraclefurnituretampa.com,https://miraclefurnituretampa.com,shopify,True,5,1,,500-1000|accent-chair|ashley-furniture|Brand_Ashley|Collection_Yahya|ashley-furniture|Brand_Ashley|Collection_Zandophen|Color_Antique Gray|consumer-assembly_no-assembly-required,126.61,1620.19
weatherby.com,https://weatherby.com,woocommerce,True,0,1,,,0,0
zimsonwatches.com,https://zimsonwatches.com,shopify,True,5,1,,Buy online|Citizen|Citizen Zenshin|Mechanical|Men|Buy online|Citizen|Citizen Tsuyosa|Mechanical|Men,22900.0,69900.0
myperfumeshop.com.au,https://myperfumeshop.com.au,shopify,True,5,1,,,45.0,59.0
retailservicesystems.com,https://retailservicesystems.com,woocommerce,False,0,1,,,0,0
atchisonfurniture.com,https://atchisonfurniture.com,shopify,True,5,1,,bed-pillow|Brand_Ashley|Collection_Nectar Classic|Color_White|consumer-assembly_no-assembly-required|bed-pillow|Brand_Ashley|Collection_DreamCloudTM Classic|Color_White|consumer-assembly_no-assembly-required,67.0,1667.0
justbrand.co.za,https://justbrand.co.za,shopify,True,5,1,,Easter Chocolate|Easter Chocolates|Easter Collection|Gifting Occasions-Easter Gift Ideas|Graphic Chocolate|Easter Chocolate|Easter Chocolates|Easter Collection|Gifting Occasions-Easter Gift Ideas|Graphic Chocolate,9.94,807.3
allbrandsfurniture.net,https://allbrandsfurniture.net,shopify,True,5,1,,accent-table|ashley-furniture|Brand_Ashley|Collection_Zalemont|Color_Distressed Brown|500-1000|ar-availability_available|ashley-furniture|Brand_Ashley|Collection_Zadilyn,191.94,897.62
luxuryhomefurniture.net,https://luxuryhomefurniture.net,shopify,True,5,1,,Bed Pillow|Brand_Ashley|Collection_Nectar Classic|Color_White|Consumer Assembly_No Assembly Required|Bed Pillow|Brand_Ashley|Collection_DreamCloudTM Classic|Color_White|Consumer Assembly_No Assembly Required,75.98,1275.98
perfumeprice.co.uk,https://perfumeprice.co.uk,magento,True,0,1,,,0,0
myhouselighting.com,https://myhouselighting.com,shopify,True,5,1,,Mini Chandeliers-Candle-Chandelier|Fans-Damp Location-Fan|Fans-Damp Location-Fan|Fans-Wet Location-Fan|Fans-Wet Location-Fan,399.0,449.0
ifi-audio.com,https://ifi-audio.com,shopify,True,5,1,,New|New|New|New|New,59.0,4499.0
steaklocker.com,https://steaklocker.com,shopify,True,5,1,,Meat N' Bone|Shopify Collective|Meat N' Bone|Shopify Collective,35.99,799.99
toysonejapan.com,https://toysonejapan.com,shopify,True,5,1,,December2018|November2018|December2018|November2018|tcg|December2018|November2018|December2018|November2018|December2018,37.7,121.43
makergear.com,https://makergear.com,shopify,True,5,1,,Clearance|Extras|Replacements|Clearance|Extras|M2 Accessories|Upgrades|4 point leveling|Older M2 Upgrade|3D Printers,35.0,600.0
affordablefurniturebakersfield.com,https://affordablefurniturebakersfield.com,shopify,True,5,1,,bed-pillow|Brand_Ashley|Collection_Nectar Classic|Color_White|consumer-assembly_no-assembly-required|bed-pillow|Brand_Ashley|Collection_DreamCloudTM Classic|Color_White|consumer-assembly_no-assembly-required,56.99,2973.99
supplyshop.com,https://supplyshop.com,shopify,True,0,1,,,0,0
indigoluna.store,https://indigoluna.store,shopify,True,5,1,,All|all-products|Care Plant Viscose|Final Stock|Last Pieces|All|all-products|Hide-Notifyme|new in|NO REFUNDS,40.0,129.0
andaazfashion.com.my,https://andaazfashion.com.my,magento,False,0,1,,,0,0
shop-justforgames.com,https://shop-justforgames.com,shopify,True,5,1,,Arcade|Editions Deluxe|Editions Limitées|Editions Spéciales|Précommandes|Arcade|Editions Deluxe|Editions Limitées|Editions Spéciales|Précommandes,34.99,69.99
numerisfootwear.com,https://numerisfootwear.com,shopify,True,5,1,,,185.0,190.0
kitchenrestock.com,https://kitchenrestock.com,shopify,True,5,1,,Allpoints|Allpoints|Allpoints|Equipment Stand| Refrigerated Base|Refrigeration Equipment|Undercounter Worktop Bases|Equipment Stand| Refrigerated Base|Refrigeration Equipment|Undercounter Worktop Bases,14.43,2276.38
mattressandfurnituresupercenter.com,https://mattressandfurnituresupercenter.com,shopify,True,5,1,,500-1000|bedroom|Brand_Crown Mark|chest|Collection_Lillian|bedroom|Brand_Crown Mark|chest|Collection_Cadence|crown-mark,59.99,899.99
herringshoes.co.uk,https://herringshoes.co.uk,shopify,True,5,1,,Boots|brown|calf|carlos-santos|carlos-santos-other|black|calf|cemented|Classic|dress-shoes-under-200-gbp,72.5,197.5
ferkosfinejewelry.com,https://ferkosfinejewelry.com,shopify,True,5,1,,20percent|all12increase|april1-5percentincrease|Earrings|Gold Earrings|20percent|all12increase|april1-5percentincrease|Earrings|Gold Earrings,328.0,735.0
marienicoleclothing.com,https://marienicoleclothing.com,shopify,True,5,1,,17.99|50|624baby|8/23|all|06baby|10/18|2023-holiday-gift-guides|30|624baby,10.0,25.99
myflowergift.com,https://myflowergift.com,magento,True,0,1,,,0,0
worldphoneize.app,https://worldphoneize.app,shopify,False,0,1,,,0,0
herbsdaily.com,https://herbsdaily.com,shopify,True,5,1,,Berberine|Brand_MegaFood|ImmuneHealth|mapped_vendor_product|VitaminsSupplements|Brand_MegaFood|ImmuneHealth|mapped_vendor_product|Quercetin|VitaminsSupplements,12.49,29.99
orlando-furnitureoutlet.com,https://orlando-furnitureoutlet.com,shopify,True,5,1,,bed-pillow|Brand_Ashley|Collection_Nectar Classic|color_white|consumer-assembly_no-assembly-required|bed-pillow|Brand_Ashley|Collection_DreamCloudTM Classic|color_white|consumer-assembly_no-assembly-required,60.26,4867.8
phixclothing.com,https://phixclothing.com,shopify,True,5,1,,black jacket with collar|Black Label|Casual Jackets|Coats|color_green|black jacket with collar|Black Label|Casual Jackets|Coats|color_green,75.0,170.0
garzafurniture.com,https://garzafurniture.com,shopify,True,5,1,,bed-pillow|Brand_Ashley|Collection_Nectar Classic|color_white|consumer-assembly_no-assembly-required|bed-pillow|Brand_Ashley|Collection_DreamCloudTM Classic|color_white|consumer-assembly_no-assembly-required,119.99,3139.99
theparkwholesale.com,https://theparkwholesale.com,shopify,True,5,1,,Adjustable Nylon Hat|Classic Nylon Snapback|Durable Nylon Headwear|Everyday Snapback|Flat Brim Snapback|Adjustable Big Hat|Big Fit Rope Hat|Flat Brim Snapback|Large Size Cap|Polyester Rope Cap,10.15,10.15
redtoolstore.com,https://redtoolstore.com,shopify,True,5,1,,New Item V2|NewItem|Backorder-Aftership|Bare Tools|electrical-force-logic|Electrician's Tools|force-logic-crimpers|Accessories|HC-categorized|Milwaukee,14.97,4999.0
ohmycream.com,https://ohmycream.com,shopify,True,5,1,,maquillage|nouveaute|ok discount|peau grasse|peau mixte|Atelier Nubio|complements alimentaires|complements alimentaires et superfoods|nouveaute|ok discount,39.0,97.0
madronagames.com,https://madronagames.com,woocommerce,True,0,1,,,0,0
hudsonhomedecor.com,https://hudsonhomedecor.com,shopify,True,0,1,,,0,0
vapeandgo.co.uk,https://vapeandgo.co.uk,woocommerce,True,0,1,,,0,0
vanleeuwenicecream.com,https://vanleeuwenicecream.com,woocommerce,True,0,1,,,0,0
smokeymountainfurnitureoutlet.com,https://smokeymountainfurnitureoutlet.com,shopify,True,0,1,,,0,0
offcutsshoes.co.uk,https://offcutsshoes.co.uk,shopify,True,0,1,shopify_payments,,0,0
shopmeraki.co,https://shopmeraki.co,woocommerce,True,0,1,klarna,,0,0
rowecasaorganics.com,https://rowecasaorganics.com,shopify,True,5,1,,2023 Price Adjustment Complete|2025 Adjustment|2025 Adjustment Complete|employee-discount-eligible|Internationally Restricted|12 Deals|2025-Wellness|Body Care|employee-discount-eligible|Fall 2023 Launch,13.0,29.0
jcarpart.com,https://jcarpart.com,shopify,True,5,1,,Exhaust Manifolds|Mazda|Mazda Exhaust Manifolds|Exhaust Manifolds|Jeep|Jeep Exhaust Manifolds|Exhaust Manifolds|Ford|Benz|Benz Grille,125.88,259.88
grundysshoes.com.au,https://grundysshoes.com.au,shopify,True,5,1,,$0-50|casuals|EU 39|EU 40|EU 41|$0-50|BLACK|casuals|EU 36|EU 37,219.0,339.0
kringlecandle.com,https://kringlecandle.com,shopify,True,0,1,,,0,0
cyber-sport.io,https://cyber-sport.io,bigcommerce,False,0,1,,,0,0
theperfumespot.com,https://theperfumespot.com,bigcommerce,True,0,1,,,0,0
coloredorganics.com,https://coloredorganics.com,shopify,True,5,1,,__new:chambray|__new:chambray|__new:chambray|__new:chambray|__new:chambray,34.0,52.0
thestickybrand.com,https://thestickybrand.com,shopify,True,5,1,,Created By Custom App|Custom stickers|HiddenProduct|holographic|holographic stickers|Created By Custom App|Custom|Custom magnets|HiddenProduct|logo,68.36,180.47
honourclothing.com,https://honourclothing.com,shopify,True,5,1,,Black|brand_Honour|costume_type_Other|INSTKXL|instock|Black|brand_Honour|costume_type_Other|INSTKL|instock,26.39,79.2
hoefer-shop.com,https://hoefer-shop.com,shopify,True,0,1,shopify_payments,,0,0
furnituretogony.com,https://furnituretogony.com,shopify,True,0,1,,,0,0
just4cbd.co.uk,https://just4cbd.co.uk,shopify,True,5,1,,Brand_Orange County|CBD|CBD_Disposables|JUST IN|Brand_CBD Leaf|CBD Edibles|JUST IN|Brand_G-ROLLZ|JUST IN|Rizla,11.95,21.95
goodlifenutritionhouse.com,https://goodlifenutritionhouse.com,woocommerce,True,0,1,,,0,0
purple-brand.com,https://purple-brand.com,shopify,True,5,1,,BF24|BF25|bottoms|Final Sale|fw24|denim|hide-from-checkout-blocks|hide-from-godatafeed|hide-from-google-index|hide-from-search,450.0,600.0
decordip.com,https://decordip.com,woocommerce,False,0,1,,,0,0
freshstartfurniture.co,https://freshstartfurniture.co,shopify,True,5,1,,bench|karat-homes|new-arrival|under-500|coffee-table|karat-homes|new-arrival|under-500|karat-homes|loveseat,150.0,319.0
ridgewallet.eu,https://ridgewallet.eu,shopify,True,5,1,,Hazmat|Magnetic Power Bank|no-intl-shipping|pl-power-banks|recomatic-no|ACF: Tech|everyday carry|Hazmat|Magnetic Power Bank|no-intl-shipping,29.0,139.0
kitchenking.de,https://kitchenking.de,magento,True,0,1,klarna,,0,0
audiocontrol.com,https://audiocontrol.com,shopify,True,5,1,,Accessory|Digital Signal Processor|Tool|Accessory|epic swag,79.0,1199.0
vaqueroboots.com,https://vaqueroboots.com,shopify,True,5,1,,charreria|charro-hat|handmade|Sombrero Charro|charreria|charro-hat|handmade|Sombrero Charro|charreria|charro-hat,89.99,89.99
moniquesbathshowroom.com,https://moniquesbathshowroom.com,woocommerce,False,0,1,,,0,0
officinecreative.store,https://officinecreative.store,shopify,True,0,1,,,0,0
prolaneautoparts.com,https://prolaneautoparts.com,woocommerce,True,0,1,,,0,0
skincaremarket.net,https://skincaremarket.net,shopify,True,0,1,,,0,0
objktsjewelry.com,https://objktsjewelry.com,shopify,True,5,1,,925 Sterling Silver|__custom_label:going fast|__header_travel-set:e-ring|__in_stock|__search|925 Sterling Silver|__header_travel-set:e-ring|__in_stock|__search|__search2,91.0,235.0
musicstorelive.com,https://musicstorelive.com,magento,False,0,1,,,0,0
gothamcigars.com,https://gothamcigars.com,bigcommerce,True,0,1,,,0,0
bellabathrooms.co.uk,https://bellabathrooms.co.uk,magento,True,0,1,,,0,0
braceletsmartwatch.fr,https://braceletsmartwatch.fr,shopify,True,5,1,,ALLPRODUCTS|filtervariant-9646037-209|GARMIN|project-order-bandz-maart-2026|SILICONE|ALLPRODUCTS|filtervariant-9646037-712|GARMIN|project-order-bandz-maart-2026|SILICONE,15.99,15.99
shop-ourkids.com,https://shop-ourkids.com,shopify,True,5,1,,Beddings|cribs & beddings|cribs acc & beddings|Cribs Accessories & Beddings|FREE SHIPPING|arts & crafts|Lastpiece|Odoo|science & arts & crafts|Available all variants,95.0,935.0
durstongear.com,https://durstongear.com,shopify,True,5,1,,Groundsheet|NEOO|shipbob-usa|Groundsheet|NEOO|shipbob-usa|Groundsheet|NEOO|shipbob-usa|Groundsheet,49.0,59.0
shopclima.it,https://shopclima.it,magento,True,0,1,paypal,,0,0
workwearhub.com.au,https://workwearhub.com.au,shopify,True,5,1,,__label:NEW|__label:ONLINE ONLY|AvailableSize:C_S|AvailableSize:D_M|AvailableSize:L|__label:NEW|__label:ONLINE ONLY|AvailableSize:C_S|AvailableSize:D_M|AvailableSize:L,34.95,49.95
starfurniturebakersfield.com,https://starfurniturebakersfield.com,shopify,True,0,1,,,0,0
lifepharmacy.co.nz,https://lifepharmacy.co.nz,shopify,True,5,1,,category_id:5637174773|category_id:5637175081|category_id:5637517687|category_id:5637517688|category_id:5637174773|category_id:5637175081|category_id:5637517687|category_id:5637517688|category_id:5637175096|category_id:5637270580,23.99,295.0
modernfurniture-outlet.com,https://modernfurniture-outlet.com,shopify,True,5,1,,Bed Pillow|Brand_Ashley|Collection_Nectar Classic|Color_White|Consumer Assembly_No Assembly Required|Bed Pillow|Brand_Ashley|Collection_DreamCloudTM Classic|Color_White|Consumer Assembly_No Assembly Required,57.42,1299.0
perfumeriajulia.es,https://perfumeriajulia.es,prestashop,False,0,1,,,0,0
sportano.com,https://sportano.com,magento,True,0,1,,,0,0
yankeefurniturebarnnh.com,https://yankeefurniturebarnnh.com,shopify,True,0,1,,,0,0
lovisajewellery.eu,https://lovisajewellery.eu,shopify,True,0,1,shopify_payments,,0,0
premiumcdkeys.com,https://premiumcdkeys.com,shopify,True,0,1,,,0,0
bbbcycling.com,https://bbbcycling.com,magento,False,0,1,,,0,0
clothingconnectiononline.com,https://clothingconnectiononline.com,magento,True,0,1,,,0,0
mysupplyguy.shop,https://mysupplyguy.shop,shopify,True,0,1,,,0,0
supersports.com.vn,https://supersports.com.vn,shopify,False,0,1,,,0,0
icancycling.com,https://icancycling.com,shopify,True,5,1,,DT Disc Wheels|gravel wheels|A9|Disc Road Bike|Gravel Wheels|Hooked,790.0,1049.0
alltroniccomputer.com.sg,https://alltroniccomputer.com.sg,shopify,True,0,1,,,0,0
dimensionaloutletfurniture.com,https://dimensionaloutletfurniture.com,shopify,True,0,1,,,0,0
arasmattress.com,https://arasmattress.com,shopify,True,5,1,,1000-1500|1500-2000|_Bedroom|Brand_Ashley|leesa|Hybrid Mattress|Hybrid Mattresses|m-lily|mattress|Mattress Type_Hybrid Mattress,249.0,3999.0
spicewayfoods.com,https://spicewayfoods.com,woocommerce,True,0,1,,,0,0
gearbest.ma,https://gearbest.ma,woocommerce,True,0,1,,,0,0
edmondsonsupply.com,https://edmondsonsupply.com,shopify,True,0,1,,,0,0
simabrand.com,https://simabrand.com,shopify,False,0,1,,,0,0
vitaminversand24.com,https://vitaminversand24.com,shopify,True,5,1,,Aminosäuren|GEN|Intra|RESTOCK|Sport|Flavour|Foods|Neu|RESTOCK|Vit4Ever,2.99,37.99
facerealityskincare.com,https://facerealityskincare.com,shopify,True,5,1,,availability-Backbar|skin-Aging Skin|skin-Dry|skin-Normal|skin-Oily|availability-Backbar|featured-tag-New|new|YCRF_peels|availability-Backbar,10.0,3868.2
gameonportal.com,https://gameonportal.com,wix,False,0,1,,,0,0
budgetfurnituresd.com,https://budgetfurnituresd.com,shopify,True,5,1,,bed-pillow|Brand_Ashley|Collection_Nectar Classic|color_white|consumer-assembly_no-assembly-required|bed-pillow|Brand_Ashley|Collection_DreamCloudTM Classic|color_white|consumer-assembly_no-assembly-required,69.99,1029.99
remulia.shop,https://remulia.shop,shopify,True,5,1,,2025|2025-45|45|Graceful Maiden|おすすめ|2025|2025-37|37|classical|Graceful Maiden,2980.0,15730.0
gosmokefree.co.uk,https://gosmokefree.co.uk,bigcommerce,True,0,1,,,0,0
qagoma.store,https://qagoma.store,shopify,True,5,1,,Paperback|Product Type / Books|Publisher / Thames & Hudson|Subject / Design|Subject / Textiles|Paperback|Product Type / Books|Publisher / Studio 26|Subject / Australian Art|Hardcover,17.0,55.0
cumuluscoffee.com,https://cumuluscoffee.com,shopify,True,5,1,,B2B|No-ShopMy|No-ShopMy,29.0,67.5
cutecoloringpagesforkids.com,https://cutecoloringpagesforkids.com,woocommerce,False,0,1,,,0,0
gardenexpress.com.au,https://gardenexpress.com.au,woocommerce,False,0,1,,,0,0
dkcustomproducts.com,https://dkcustomproducts.com,magento,True,0,1,,,0,0
shopatorie.com,https://shopatorie.com,shopify,False,0,1,,,0,0
jewellerybox.co.uk,https://jewellerybox.co.uk,shopify,True,5,1,,Control Group|Control Group,9.9,40.0
premiumhomesource.com,https://premiumhomesource.com,shopify,True,5,1,,exlcusion-filter:rebuyID217545|Gas|EXCLUDE_CPS|exlcusion-filter:rebuyID217545|PuroAir|Shopify Collective|EXCLUDE_CPS|exlcusion-filter:rebuyID217545|PuroAir|Shopify Collective,79.0,4799.0
shoesandsox.com.au,https://shoesandsox.com.au,shopify,True,0,1,,,0,0
agilitegear.com,https://agilitegear.com,shopify,True,5,1,,Discount Sale|Low on stock|Discount Sale|Low on stock|Discount Sale|Low on stock|Discount Sale|Discount Sale,35.91,58.41
sneakers.by,https://sneakers.by,opencart,False,0,1,,,0,0
alegriashoes.com,https://alegriashoes.com,shopify,True,5,1,,Allyson|Allyson-reviews|black|clearance|closeout|100-150|Adysen|custom-limited edition|exclusive|find-retailer,49.5,140.0
qhomemart.com,https://qhomemart.com,woocommerce,False,0,1,,,0,0
lonestarwesterndecor.com,https://lonestarwesterndecor.com,bigcommerce,True,0,1,,,0,0
fulfilnutrition.com,https://fulfilnutrition.com,shopify,True,5,1,,ALL|Buy Now|Online Exclusive|productColor=#FFC545|ALL|available_in:BE|available_in:FR|available_in:IE|available_in:NL|ALL,29.99,36.99
shakawear.com,https://shakawear.com,shopify,True,5,1,,accessories|bandana|black|Checkered|handkerchief|Bag|corner|new|noncollab|store,7.0,45.0
abcaudio.com,https://abcaudio.com,woocommerce,True,0,1,,,0,0
phonebot.com.au,https://phonebot.com.au,opencart,True,0,1,,,0,0
elevateab.app,https://elevateab.app,shopify,False,0,1,,,0,0
bayvape.ca,https://bayvape.ca,shopify,True,5,1,,Brand_Drip'n|Brand_ENVI|Federal|Flavor_Fruit|Flavor_Fruit - Blue Raspberry|Brand_STLTH|Flavor_Fruit|Flavor_Fruit - Kiwi|Flavor_Fruit - Strawberry|Flavor_Icy,18.5,36.5
openpetfoodfacts.org,https://openpetfoodfacts.org,shopify,True,20,1,,,0,0
picsilsport.com,https://picsilsport.com,shopify,True,5,1,,Horizon01|picsil|Horizon01|picsil|Horizon01|picsil|Horizon01|oferta|picsil|bundle,25.46,145.42
pnpgamesonline.com,https://pnpgamesonline.com,woocommerce,False,0,1,,,0,0
aldoshoes.co.uk,https://aldoshoes.co.uk,shopify,True,0,1,,,0,0
wine-in-black.de,https://wine-in-black.de,shopify,True,5,1,,__discount_valid|c_new-wine|country_Frankreich|Frankreich|fruchtig & frisch|__label1:GRATIS VERSAND|__label2:Bio|Bordeaux|c_blockbuster|c_cabernet,16.95,189.95
kalabrand.com,https://kalabrand.com,shopify,True,5,1,,affirm|featured-products|meta-label-new|new|new-arrival|accessories|strings|tier-3|Ukulele Strings|under_200,13.0,2199.0
canadaweldingsupply.ca,https://canadaweldingsupply.ca,shopify,True,5,1,,Easy Clean|easy kleen|54D315|easy kleen|ITW|Standard Lincoln Item,81.6,2181.1
shopindoorgolf.com,https://shopindoorgolf.com,shopify,True,5,1,,clearance|open box|clearance|open box|clearance|open box|Hide-store|pfs:label-NEW,200.0,1499.0
wholesalemattresswarehouse.com,https://wholesalemattresswarehouse.com,shopify,True,5,1,,Furniture|mattress|Mattresses|under-500|vesgantti|bed-pillow|Brand_Ashley|Collection_Nectar Classic|Color_White|consumer-assembly_no-assembly-required,63.61,299.0
hpgbrands.com,https://hpgbrands.com,bigcommerce,False,0,1,,,0,0
weshoes.co.il,https://weshoes.co.il,shopify,True,5,1,,Exclude_from_crocs_il|Himalaya|Shoes & More|YGroup_HI1042208|דגמים עד 49.90₪|Exclude_from_crocs_il|Himalaya|Shoes & More|YGroup_HI1029713|יוניסקס,19.9,854.91
sounddd.shop,https://sounddd.shop,woocommerce,True,0,1,,,0,0
thesportshop.co.nz,https://thesportshop.co.nz,shopify,True,5,1,,Accessories|Football|Sports Gear|Racquets|Sports Gear|Squash|Racquets|Sports Gear|Squash|Racquets,65.0,349.99
supremecbd.uk,https://supremecbd.uk,shopify,True,5,1,,no-klarna|Text Overlay|Limited Time Offer|Contains|Luxury Laminated Paper Bag FSC MIX|Size|180 x 80 x 230|Text Overlay|Limited availability|allow-discount|Contains|Approx 100 bunnies disguised as bears|Flavour|Mixed Fruit|no-klarna|Per Sweet|48mg,4.99,99.99
thepulseboutique.com,https://thepulseboutique.com,shopify,True,5,1,,outfit|outfit|outfit|#RDS1308RT|040126|ALLSTYLES|APR26|Bottoms|#RS302035|040126,44.95,52.95
legendfootwear.co.uk,https://legendfootwear.co.uk,shopify,True,5,1,,Comfort|Lace Up|Mens|Mens Shoes|Merrell|Mens|Mens Shoes|Muck Boot|Parent|6517-162|RGroup_6517,14.27,65.02
blackforestsupplements.com,https://blackforestsupplements.com,shopify,True,5,1,,MCF,25.96,79.99
strobelssupply.com,https://strobelssupply.com,bigcommerce,False,0,1,,,0,0
perfumeria.pl,https://perfumeria.pl,shopify,True,5,1,,111000|555103|555133|producent-Hawaiian Tropic|555070|555083|555086|producent-KIKO Milano|155001|555205,42.0,418.0
shopemmacate.com,https://shopemmacate.com,shopify,True,5,1,,bottoms-pants|FAVES|New-260402|pants|PNT-00289-RSE-L|bottoms-pants|FAVES|New-260402|pants|PNT-00289-NVY-L,54.0,88.0
craftsports.us,https://craftsports.us,shopify,True,5,1,,$100.00 - $199.99|$100.00 And Above|ApparelSale|bis-hidden|cmupdate|$100.00 - $199.99|$100.00 And Above|ApparelSale|bis-hidden|cmupdate,92.5,92.5
historiqueshop.com,https://historiqueshop.com,prestashop,True,0,1,,,0,0
nordicoil.de,https://nordicoil.de,shopify,True,5,1,,Offer|Vegan|Offer|Vegan|Offer|Vegan|DISCOUNTABLE|Money-back guarantee|new|upsell:cbd-kaugummi,19.0,41.2
arvellafragrance.com,https://arvellafragrance.com,shopify,True,5,1,,women|Men|Unisex|women,35.0,295.0
brookingsfurnitureco.com,https://brookingsfurnitureco.com,shopify,True,0,1,,,0,0
vintage-vogue.shop,https://vintage-vogue.shop,woocommerce,False,0,1,,,0,0
skullcandy.eu,https://skullcandy.eu,shopify,True,0,1,,,0,0
locallegends.store,https://locallegends.store,shopify,True,0,1,,,0,0
laneboots.com,https://laneboots.com,shopify,True,0,1,,,0,0
vbindustrialsupply.com,https://vbindustrialsupply.com,shopify,True,0,1,,,0,0
abdulfurniture.com,https://abdulfurniture.com,shopify,True,0,1,,,0,0
pasteurpharmacy.com,https://pasteurpharmacy.com,shopify,True,5,1,,4.3 oz Soap|Detoxifying Soap|Hydrating Bar|Kalastyle|Luxury Soap|new|pasteurmanage|new|pasteurmanage|Shopify Collective,5.0,271.15
franandcojewelry.com,https://franandcojewelry.com,shopify,True,0,1,,,0,0
xtremeautoaccessories.co.uk,https://xtremeautoaccessories.co.uk,shopify,True,5,1,,,12.99,25.99
mountain-equipment.com,https://mountain-equipment.com,shopify,True,0,1,,,0,0
beskidmedia.pl,https://beskidmedia.pl,wix,False,0,1,,,0,0
easygardenirrigation.co.uk,https://easygardenirrigation.co.uk,shopify,True,5,1,,,0.75,49.99
shop2india.com,https://shop2india.com,shopify,True,5,1,,,2495.0,13990.0
computerlounge.co.nz,https://computerlounge.co.nz,shopify,True,5,1,,BELOW2000|breadcrumbsseries|Computer Lounge|EOL|googletag1|2K-4k|Basilisk|breadcrumbsseries|Computer Lounge|Core series,159.0,2549.0
corporatewatch.org,https://corporatewatch.org,woocommerce,True,0,1,,,0,0
capitaldiscountfurniture.com,https://capitaldiscountfurniture.com,shopify,True,5,1,,Assembly_Fully Assembled|Bedroom|Beds|Brand_Signature Design By Ashley®|Category_Bedroom|Assembly_Fully Assembled|Bedroom|Beds|Brand_Signature Design By Ashley®|Category_Bedroom,261.9,946.8
beerboard.com,https://beerboard.com,woocommerce,False,0,1,,,0,0
sportano.sk,https://sportano.sk,magento,True,0,1,,,0,0
luxuryreplicahermes.com,https://luxuryreplicahermes.com,shopify,False,0,1,,,0,0
bungu.store,https://bungu.store,shopify,True,5,1,,ACTIVE|ACTIVE|New Arrival|ACTIVE|New Arrival|ACTIVE|New Arrival|ACTIVE|New Arrival,400.0,6200.0
sereneherbs.com,https://sereneherbs.com,shopify,True,5,1,,klaviyo_reviews_exclude|NOREVIEWS|bottles-test|A/B TEST|BUY X GET Y FREE|Price Test,0.25,176.99
frenchbeautyhub.com,https://frenchbeautyhub.com,shopify,True,5,1,,Food Supplements|New 11|Food Supplements|New 11|Body|New 11|New 11|Body|New 11,15.6,83.8
athensfurnituremart.com,https://athensfurnituremart.com,shopify,True,5,1,,1000-1500|bed|Brand_FOA|Collection_Kamalah|Color_Antique Gray|2000-2500|bedroom-set|Brand_FOA|Collection_Cleburne|Color_Light Gray,835.38,3274.18
tileandbathco.com,https://tileandbathco.com,shopify,True,0,1,shopify_payments,,0,0
watchdirect.com.au,https://watchdirect.com.au,shopify,True,5,1,,"Age Group_Adults|Band Colour_Black|Band Material_Leather|Box_Premium Seiko Box|Case Size_42.5mm|{""gender"": ""female""}|_Hi_chtgptapp_optimised_this_description-generator|_Hi_chtgptapp_optimised_this_seo-meta-description|_Hi_chtgptapp_optimised_this_title-generator|_Hi_chtgptapp_saved_this_description-generator",229.0,2195.0
libtechstore.com,https://libtechstore.com,woocommerce,True,0,1,,,0,0
bigafurnituremattress.com,https://bigafurnituremattress.com,shopify,True,5,1,,bed-pillow|Brand_Ashley|Collection_Nectar Classic|color_white|consumer-assembly_no-assembly-required|bed-pillow|Brand_Ashley|Collection_DreamCloudTM Classic|color_white|consumer-assembly_no-assembly-required,66.96,3132.91
luxuryfabrics.com,https://luxuryfabrics.com,magento,False,0,1,,,0,0
shoplongcreek.com,https://shoplongcreek.com,magento,False,0,1,,,0,0
kbeautyworld.com,https://kbeautyworld.com,shopify,True,0,1,,,0,0
wonderprintshop.com,https://wonderprintshop.com,shopify,True,0,1,,,0,0
earthshoes.com,https://earthshoes.com,shopify,True,0,1,,,0,0
vesselbrand.com,https://vesselbrand.com,shopify,False,0,1,,,0,0
shopdecor.com,https://shopdecor.com,shopify,True,0,1,,,0,0
radio-shop.com.ua,https://radio-shop.com.ua,opencart,False,0,1,,,0,0
theshoegallery.co.uk,https://theshoegallery.co.uk,shopify,True,5,1,,,85.0,110.0
charcoalclothing.com.au,https://charcoalclothing.com.au,shopify,True,5,1,,ausizeguide|BFCM25|bottoms|flowy|internationalsizeguide|BFCM24|Black|BOXING24|Dress|EOFY24,65.0,89.0
satisfyrunning.com,https://satisfyrunning.com,shopify,True,5,1,,11057-00001|21023-91001|Black|DDAY|FUSEMAR|11057-00001|21023-00001|Black|DDAY|FUSEMAR,120.0,280.0
aimnsportswear.de,https://aimnsportswear.de,shopify,True,0,1,,,0,0
toykingdom.co.za,https://toykingdom.co.za,shopify,True,5,1,,1april2026import|age_group:8-12 Years|ai-optimise|already-optimised|gender:Both|1april2026import|age_group:5-7 Years|ai-optimise|already-optimised|gender:Both,99.9,99.9
usaskateshop.com,https://usaskateshop.com,magento,True,0,1,,,0,0
acquabathrooms.com.au,https://acquabathrooms.com.au,shopify,True,5,1,,30%|Availability_Supplier Stock|Brand_Modern National|Colour_Matte Black|eofybrands|30%|Availability_Supplier Stock|Brand_Modern National|Colour_Brushed Nickel|eofybrands,223.0,426.0
pkm.store,https://pkm.store,shopify,True,5,1,,Cap|Kinder|Neuheit|Normal|Pikachu|Charizard / Glurak|Geburtstag|Neuheit|Normal|Cap,11.99,139.99
ebranditalia.com,https://ebranditalia.com,magento,True,0,1,,,0,0
romeosfurniture.com,https://romeosfurniture.com,shopify,True,5,1,,bed-pillow|Brand_Ashley|Collection_Nectar Classic|Color_White|consumer-assembly_no-assembly-required|bed-pillow|Brand_Ashley|Collection_DreamCloudTM Classic|Color_White|consumer-assembly_no-assembly-required,79.99,1959.99
bottleyourbrand.com,https://bottleyourbrand.com,magento,False,0,1,,,0,0
mactabeauty.com,https://mactabeauty.com,magento,True,0,1,,,0,0
ajshomefurniture.com,https://ajshomefurniture.com,shopify,True,5,1,,bed-pillow|Brand_Ashley|Collection_Nectar Classic|color_white|consumer-assembly_no-assembly-required|bed-pillow|Brand_Ashley|Collection_DreamCloudTM Classic|color_white|consumer-assembly_no-assembly-required,79.99,1869.99
bwareshop.de,https://bwareshop.de,shopify,True,0,1,,,0,0
houseplantshop.com,https://houseplantshop.com,shopify,True,5,1,,Benefit_Air Purifier|Benefit_Easy Care|Benefit_Pet Friendly|Genus_Peperomia|Light_Low Light|Benefits_Air Purifier|Benefits_Pet Friendly|Genus_Calathea|NEW ARRIVALS|New_arrival,12.9,44.99
canadapharmacy-usa.net,https://canadapharmacy-usa.net,woocommerce,True,0,1,,,0,0
cpapsupplies.com,https://cpapsupplies.com,magento,True,0,1,,,0,0
addictedtoaudio.com.au,https://addictedtoaudio.com.au,shopify,True,0,1,,,0,0
mannsupply.com,https://mannsupply.com,shopify,True,0,1,,,0,0
discount-supplements.co.uk,https://discount-supplements.co.uk,shopify,True,5,1,,__label: NEW IN|Carbohydrate Powder|Carbohydrate Powders|Cream of Rice|New In|Multi Vitamins|Wellbeing|__label: NEW IN|Carbohydrate Powder|Carbohydrate Powders,6.99,57.99
sportisimo.bg,https://sportisimo.bg,shopify,False,0,1,,,0,0
sportsexcellence.com,https://sportsexcellence.com,shopify,True,5,1,,Cleats|New|Soccer|Soccer2026|Youth|Cleats|Men|New|Soccer|Soccer2026,74.99,399.95
norseorganics.co,https://norseorganics.co,shopify,True,5,1,,acne:female|acne:male,39.0,356.0
vapeshop.co.uk,https://vapeshop.co.uk,shopify,True,5,1,,Active|Active NEW|e-liquids:nicotine-salts|flavour:Fruits|multibuy:3 x E-Liquids for £9|Active|Active NEW|e-liquids:nicotine-salts|flavour:Fruits|multibuy:3 x E-Liquids for £9,3.99,3.99
euroelectronics.eu,https://euroelectronics.eu,shopify,True,5,1,,,9.92,51.55
intellikidsystems.com,https://intellikidsystems.com,wix,False,0,1,,,0,0
primogolfapparel.com,https://primogolfapparel.com,shopify,True,5,1,,Gender:Male|icon_NEW|new|RetailPrice:69.00|SeasonCode:ALL|Gender:Male|icon_NEW|new|RetailPrice:89.00|SeasonCode:ALL,89.0,89.0
sugotoys.com.au,https://sugotoys.com.au,woocommerce,True,0,1,,,0,0
archivist.store,https://archivist.store,shopify,True,0,1,,,0,0
toymate.com.au,https://toymate.com.au,bigcommerce,True,0,1,,,0,0
shoppopeyes.com,https://shoppopeyes.com,shopify,True,0,1,,,0,0
southernsporthorses.com.au,https://southernsporthorses.com.au,shopify,True,5,1,,10-50|easter2020|io|10-50|easter2020|io|10-50|easter2020|io|10-50,19.95,27.95
freddywear.de,https://freddywear.de,shopify,True,5,1,,BF-3|Giftcard|Price less than 79.90|Alle 5|BF-4|N.O.W.® Comfort Pants|N.O.W.® Hosen|Price between 100 - 119.90|-50%|<5pcs,37.5,225.0
nutritionwarehouse.com.au,https://nutritionwarehouse.com.au,shopify,True,5,1,,Bundle Pack|Hydration|Private Label Bundle|Protein|Protein & Muscle Stacks|Bundle Promo|Creatine|Fat Burners|New release|Sleep,5.0,154.95
gosmoke.ru,https://gosmoke.ru,opencart,True,0,1,,,0,0
shenzhenaudio.com,https://shenzhenaudio.com,shopify,True,5,1,,,9.9,999.0
upandrunning.co.uk,https://upandrunning.co.uk,shopify,True,5,1,,,18.0,130.0
superherotoystore.com,https://superherotoystore.com,shopify,True,5,1,,10000-20000|5 - 10 Inches|action-figure|garfield|Lpzz|10000-20000|5 - 10 Inches|action-figure|Hiya Toys|Movie,1499.0,16990.0
eyecandys.com,https://eyecandys.com,shopify,True,5,1,,-1.00|-1.25|-1.50|-1.75|-10.00|-1.00|-1.25|-1.50|-1.75|-10.00,18.5,18.5
novoluxlighting.com,https://novoluxlighting.com,magento,True,0,1,,,0,0
youandallfashion.com,https://youandallfashion.com,shopify,True,5,1,,22092025md|25autumn|25wintermusthave|29072025md|AGE:Adult|2025gift|25autumn|AGE:Adult|ALLYCATEGORY:MAXI DRESS|Apr-25,9.0,55.99
hswsupply.com,https://hswsupply.com,bigcommerce,False,0,1,,,0,0
buywholesalecabinets.com,https://buywholesalecabinets.com,woocommerce,False,0,1,,,0,0
tivoliaudio.com,https://tivoliaudio.com,shopify,True,5,1,,collection_art|feature_Airplay 2|feature_Aux In|feature_Bluetooth|feature_Google Cast|feature_Analog EQ|feature_Aux In|feature_Bluetooth|feature_FM|feature_Hi Fi,99.99,549.99
gadgetslaboratory.com,https://gadgetslaboratory.com,shopify,False,0,1,,,0,0
galactictoys.com,https://galactictoys.com,shopify,True,5,1,,Booster Pack|Japanese|Mega|Other Sets|Pokemon TCG|Commander Deck|Final Fantasy|Commander Deck|Edge of Eternities|Booster Pack,4.5,89.95
ouferbodyjewelry.com,https://ouferbodyjewelry.com,shopify,True,5,1,,All Style_Belly Button Ring|All Style_Dangle Belly Ring|Color_Silver|Material_Cubic Zirconia|Size_14G(1.6mm)|All Style_Belly Button Ring|All Style_Dangle Belly Ring|Color_Silver|Size_14G(1.6mm)|All Style_Cartilage,11.04,11.04
beautycos.no,https://beautycos.no,magento,True,0,1,,,0,0
montreallighting.com,https://montreallighting.com,shopify,True,5,1,,100-200|200-500|25in-30in-w|28|37in-48in-w|6in-or-less-h|7in-12in-w|BF5|montreal-lighting-hardware|no discount code,161.07,5799.0
xeroshoes.eu,https://xeroshoes.eu,shopify,True,5,1,,activity|draft product|gender|mens|migrated|clearance|featured-in-gallery|mesa-trail|mesa-trail-wp|migrated,27.0,140.0
vanharen.store,https://vanharen.store,magento,True,0,1,,,0,0
supplystore.com.au,https://supplystore.com.au,shopify,True,5,1,,FOOTWEAR|NEW ARRIVALS|VANS|VANS-SS26|FOOTWEAR|NEW ARRIVALS|VANS|VANS-SS26|FOOTWEAR|NEW ARRIVALS,79.95,169.95
bestgymequipment.co.uk,https://bestgymequipment.co.uk,shopify,True,5,1,,Brand_New Age Sports|Lawn Games|Leisure|Brand_New Age Sports|Lawn Games|Leisure|Brand_New Age Sports|Lawn Games|Leisure|Brand_New Age Sports,116.4,530.0
wholesalestore.online,https://wholesalestore.online,shopify,True,5,1,,Best Seller|Health & Beauty|Hot Deals|Hot Selling|Skin Care|Best Result Deals|glutathione|Health & Beauty|Hot Selling|skin care,1550.0,2199.0
arrowsmithshoes.com,https://arrowsmithshoes.com,bigcommerce,True,0,1,,,0,0
gardenersdream.co.uk,https://gardenersdream.co.uk,shopify,True,0,1,,,0,0
aulagear.com,https://aulagear.com,shopify,True,5,1,,96%|ANSI|Bluetooth|Gaming|Gasket-mounted|2.4GHz|75%|ANSI|Gaming|Gasket-mounted,29.99,99.99
kanzengames.com,https://kanzengames.com,shopify,True,5,1,,GEN|Generations Radiant Collection|Pokemon Single|RC28RC32|Ultra Rare|New Arrivals|Pokemon|ME04 Chaos Rising|Pokemon|ME04 Chaos Rising,8.95,2799.95
lakecycling.com,https://lakecycling.com,shopify,True,5,1,,all_shoes|collection_road|coupons_allowed|race_last|snize_last_CX/TX Race|all_shoes|collection_road|coupons_allowed|race_last|snize_last_CX/TX Race,229.99,449.99
beautifulbrideshop.de,https://beautifulbrideshop.de,magento,False,0,1,,,0,0
conceptfurniture.co.uk,https://conceptfurniture.co.uk,woocommerce,False,0,1,,,0,0
affordablefurnituretogo.com,https://affordablefurnituretogo.com,shopify,True,5,1,,bed-pillow|Brand_Ashley|Collection_Nectar Classic|Color_White|consumer-assembly_no-assembly-required|bed-pillow|Brand_Ashley|Collection_DreamCloudTM Classic|Color_White|consumer-assembly_no-assembly-required,69.99,1819.99
garden-trend.store,https://garden-trend.store,shopify,True,5,1,,,59.97,159.97
skiwebshop.it,https://skiwebshop.it,magento,True,0,1,,,0,0
audio46.com,https://audio46.com,shopify,True,5,1,,add headphone stand option|audiophile|auto alert|bluetooth|cable with mic|American brand|audiophile|auto alert|best headphones|headphone 2.5mm,249.0,2499.0
omegabrand.com,https://omegabrand.com,bigcommerce,False,0,1,,,0,0
goodgamesmorley.com.au,https://goodgamesmorley.com.au,shopify,True,5,1,,073|Fire [x2]|Grass [-30]|Holofoil|Metal|130|Double Rare|Fire [x2]|Grass [-30]|Holofoil,0.14,1.9
bugatti-shoes.com,https://bugatti-shoes.com,shopify,True,5,1,,br-aging|Bugatti-Comfort-Wide|Bugatti-Genial-Insole-'Basic'|Category:Slip on|ColorCode:1000|Bugatti-Comfort-Wide|Bugatti-Genial-Insole-'Basic'|Category:Slip on|ColorCode:6300|ColorGroup:cognac,59.95,89.95
sportscorner.qa,https://sportscorner.qa,magento,True,0,1,,,0,0
refrigiwear1954.com,https://refrigiwear1954.com,shopify,True,5,1,,24AI|AI|Refrigiwear Woman|26PE|PE|Refrigiwear Woman|26PE|PE|Refrigiwear Woman|26PE,44.0,428.0
jacksfurnitureandmore.com,https://jacksfurnitureandmore.com,shopify,True,5,1,,bed-pillow|Brand_Ashley|Collection_Nectar Classic|color_white|consumer-assembly_no-assembly-required|bed-pillow|Brand_Ashley|Collection_DreamCloudTM Classic|color_white|consumer-assembly_no-assembly-required,70.38,1770.08
furnituregalleryvegas.com,https://furnituregalleryvegas.com,shopify,True,5,1,,bedroom|bedroom-set|Brand_FOA|Collection_Alanis|color_light-gray|1000-1500|manual_manual-sofa|sofa-set|Type_Sofa|Type_Sofa Set,509.99,2779.99
boogzelclothing.com,https://boogzelclothing.com,shopify,True,5,1,,boogzel|Heart & Star Aesthetic Ring|boogzel|boogzel clothing|Kitten Print Star Long Sleeve Top|boogzel|boogzel clothing|Wild Aura Faux Fur Leopard Belt|blue jeans|boogzel,11.0,140.0
luxe-cosmetics.com,https://luxe-cosmetics.com,shopify,True,5,1,,Amazon|MCF|Eyelash Serum|Eyelashserum|Luxe Cosmetics Eyelash Serum|Luxe Eyelash Serum|MCF,21.99,59.95
shopcapcity.com,https://shopcapcity.com,shopify,True,5,1,,New Era Cap|New Era Cap|New Era Cap|New Era Cap|New Era Cap,74.99,74.99
organicsocean.com,https://organicsocean.com,shopify,True,5,1,,,35.0,199.99
bestpharmacy.gr,https://bestpharmacy.gr,magento,True,0,1,,,0,0
audiodeluxe.com,https://audiodeluxe.com,shopify,True,5,1,,Analog & Tape|Audio Plugins|Delivery Method|XChange|Dynamics|MainCoupon|Analog & Tape|Audio Plugins|Delivery Method|XChange|Drum Replacement|Dynamics,49.0,299.0
sexyshoes.com,https://sexyshoes.com,shopify,True,5,1,,all-grab-deals|grab-deals-all|grab-deals-corsets|maincategory:Corsets|sale-all-grab-deals|costume-sexy-fairytale-costumes|criteo-main-prospecting|CURRENT-LEG-2024|facebook-marketing|just-in-new-arrivals,55.59,111.59
budgetphone.nl,https://budgetphone.nl,woocommerce,True,0,1,,,0,0
shopworthcollective.com,https://shopworthcollective.com,shopify,True,0,1,,,0,0
furnituredirect411.com,https://furnituredirect411.com,shopify,True,0,1,,,0,0
babysmile24.de,https://babysmile24.de,magento,True,0,1,,,0,0
theflamingcandle.com,https://theflamingcandle.com,shopify,True,0,1,,,0,0
houseoffurniture.net,https://houseoffurniture.net,shopify,True,0,1,,,0,0
alofthobbies.com,https://alofthobbies.com,shopify,True,5,1,,completion:kit|Electric Gliders|glider|manufacturer:top-model|nofree|Ballast|manufacturer:SM Modell Bau|new|protocol:S.Port|sense:logger,0.7,460.0
brainwavzaudio.com,https://brainwavzaudio.com,shopify,True,5,1,,Cushions|Ear pads|Earpads|HDR160|HDR170|Bose|Cooling|Cushions|Ear pads|Earpads,14.44,25.88
fuentes.store,https://fuentes.store,woocommerce,True,0,1,,,0,0
toysrus.com.au,https://toysrus.com.au,shopify,True,5,1,,9 to 11 years|Activity Toys|Beyblade|Fidget Toys|Green|new-arrival|new-arrival|Kpop Demon Hunters|new-arrival|new-arrival,14.99,99.99
discountmattressesduluth.com,https://discountmattressesduluth.com,shopify,True,5,1,,bed-pillow|Brand_Ashley|Collection_Nectar Classic|color_white|consumer-assembly_no-assembly-required|bed-pillow|Brand_Ashley|Collection_DreamCloudTM Classic|color_white|consumer-assembly_no-assembly-required,59.99,989.99
schrittmacher-shop.com,https://schrittmacher-shop.com,shopify,True,5,1,,neu|neu|accessoires|rucksack|tasche|tasche-rucksack|apparel|bekleidung|kurzarm|shirt,55.0,139.0
allcitycandy.com,https://allcitycandy.com,shopify,True,0,1,,,0,0
lehighfurniture.com,https://lehighfurniture.com,shopify,True,5,1,,bed-pillow|Brand_Ashley|Collection_Nectar Classic|color_white|consumer-assembly_no-assembly-required|bed-pillow|Brand_Ashley|Collection_DreamCloudTM Classic|color_white|consumer-assembly_no-assembly-required,83.7,2173.75
furniturandmattresshub.com,https://furniturandmattresshub.com,shopify,True,5,1,,bed-pillow|Brand_Ashley|Collection_Nectar Classic|Color_White|consumer-assembly_no-assembly-required|bed-pillow|Brand_Ashley|Collection_DreamCloudTM Classic|Color_White|consumer-assembly_no-assembly-required,61.89,1695.5
apssupply.nl,https://apssupply.nl,shopify,True,5,1,,EMGA|Keukenmaterialen|Kookpannen|messen|perceval|Steakmessen|Koffiekopjes|Koffiekopjes & koffieglazen|Koffiekopjes en koffieglazen|serax,16.46,75.0
shopcarbinox.com,https://shopcarbinox.com,shopify,True,5,1,,tempered_cable|22mm_band|main_stock|22mm_band|main_stock|22mm_band|main_stock|22mm_band|main_stock,14.95,34.95
myteeth.store,https://myteeth.store,shopify,True,5,1,,,24.0,79.95
rockymountainoils.com,https://rockymountainoils.com,shopify,True,5,1,,4th July Offer|Build A Box|Citrus|Holistic Household - 2023|Oils|15ml|4oz|5ml|Aroma Artisan - 2023|bath care,11.95,99.95
innbeautyproject.com,https://innbeautyproject.com,shopify,True,5,1,,_concern_Aging|_concern_Dark Spots|_concern_Dry Skin|_concern_Rough Texture|_skin_All|_concern_Aging|_concern_Dark Spots|_concern_Dry Skin|_concern_Rough Texture|_skin_All,69.0,91.0
brandfield.com,https://brandfield.com,shopify,True,5,1,,women|women|women|women|women,45.0,145.0
eclectic79furniturestore.com,https://eclectic79furniturestore.com,shopify,True,5,1,,bed-pillow|Brand_Ashley|Collection_Nectar Classic|Color_White|consumer-assembly_no-assembly-required|bed-pillow|Brand_Ashley|Collection_DreamCloudTM Classic|Color_White|consumer-assembly_no-assembly-required,65.06,1872.0
famsafurniture.com,https://famsafurniture.com,shopify,True,5,1,,500-1000|dining-room-set|forestal|last-pieces|Room_Dining Room|desk|forestal|last-pieces|Type_Desk|under-500,127.0,947.0
newforestclothing.co.uk,https://newforestclothing.co.uk,shopify,True,5,1,,_agecheck|Boys Toys|Bushcraft|Camping|Highlander|Black23|Clothing|Farming|Fleeces & Jumpers|Half Zip,14.99,44.95
animate.shop,https://animate.shop,shopify,True,5,1,,260401w|__label2:Pre-order|coo_JP|size_CD|sony604ok|260401w|604white|__label2:Pre-order|__label:Bonus Gift|coo_JP,1091.0,6500.0
louisxviwatches.com,https://louisxviwatches.com,shopify,True,5,1,,42mm|47.5mm|Schwarz,125.0,695.0
pompeiibrand.com,https://pompeiibrand.com,shopify,True,5,1,,Man|NUEVO|ROPASS23|SS23|swimwear|Man|NUEVO|ROPASS23|SS23|swimwear,49.0,79.0
gamerblurb.com,https://gamerblurb.com,magento,True,0,1,,,0,0
bumbleskids.ie,https://bumbleskids.ie,shopify,True,0,1,,,0,0
kite-clothing.co.uk,https://kite-clothing.co.uk,shopify,True,0,1,,,0,0
flooringsupplies.co.uk,https://flooringsupplies.co.uk,shopify,True,5,1,,,33.63,190.57
thejoefactorfurnitureandmore.com,https://thejoefactorfurnitureandmore.com,shopify,True,0,1,,,0,0
inhomefurnituregallery.com,https://inhomefurnituregallery.com,shopify,True,5,1,,fee|inhome-furniture-gallery-ca|service|bed-pillow|Brand_Ashley|Collection_Nectar Classic|Color_White|consumer-assembly_no-assembly-required|bed-pillow|Brand_Ashley,18.0,1925.97
perfumeonline.ca,https://perfumeonline.ca,shopify,True,5,1,,100-149|100ML TO 150ML|22OCCT2020|26MAY228|30-74|100-149|19OCTT21|Eau de Parfum (EDP)|EDPTAG|IMAGESFILTER,28.95,143.15
onestopjoeshop.com,https://onestopjoeshop.com,shopify,True,5,1,,By Year_2011|By Year_2012|By Year_2013|Comic|Comic Continuity_Chuck Dixon Universe (2008-2014)|By Year_2014|Comic|Product Line_IDW GI Joe Vol. 4 (2014-2015)|Product Type_Comic Book|Publisher_IDW Publishing,4.0,100.0
zulusgames.com,https://zulusgames.com,shopify,True,0,1,,,0,0
thebrandboy.com,https://thebrandboy.com,woocommerce,False,0,1,,,0,0
spacewatch.global,https://spacewatch.global,woocommerce,False,0,1,,,0,0
flat6motorsports.com,https://flat6motorsports.com,shopify,True,0,1,,,0,0
claritycrafts.com,https://claritycrafts.com,shopify,True,5,1,,070426|3d|A6|be|birthday|070426|3d|A6|bouquet|bouquets,17.97,46.44
outdoortoys.de,https://outdoortoys.de,shopify,True,5,1,,Zubehör|Zubehör|20260310 Price Update|BFCM 20251118|CW|Default20|Promo25|20260310 Price Update|BFCM 20251118|Default20,39.0,499.0
astoria-activewear.com,https://astoria-activewear.com,shopify,True,5,1,,Blue|blue gingham|Extra Large|Extra Small|Large|Extra Large|Extra Small|Large|Medium|Pink,1.97,70.0
vape.co.uk,https://vape.co.uk,woocommerce,True,0,1,,,0,0
furniturefair.net,https://furniturefair.net,shopify,True,5,1,,45-49 inches|Casters|cocktail table|Coffee Tables|Country Chic|Better|brown|Country Chic|left chaise|meta-related-collection-21061,598.88,3997.77
jcojewellery.com,https://jcojewellery.com,shopify,True,5,1,,#notonclearance|#notonclearance1|14k gold filled|20%|25%|#notonclearance|#notonclearance1|14k gold filled|20%|25%,29.0,109.0
justshoesforkids.com,https://justshoesforkids.com,shopify,True,5,1,,20-m-eu|21-m-eu|22-m-eu|23-m-eu|4-m-us-toddler|20-m-eu|21-m-eu|22-m-eu|23-m-eu|24-m-eu,59.0,68.0
expertledlighting.com,https://expertledlighting.com,shopify,True,0,1,shopify_payments,,0,0
shopbetseys.com,https://shopbetseys.com,shopify,True,5,1,,betsey's exclusive|bogo-eligible|L|New Arrivals|New-Arrivals-Collection|bogo-eligible|L|testjonn|bogo-eligible|Clothing,38.0,58.0
hudson-furniture.com,https://hudson-furniture.com,shopify,True,0,1,shopify_payments,,0,0
candyfunhouse.ca,https://candyfunhouse.ca,shopify,True,0,1,,,0,0
digilogelectronics.com,https://digilogelectronics.com,woocommerce,True,0,1,,,0,0
alraya-store.com,https://alraya-store.com,woocommerce,False,0,1,,,0,0
bayamjewelry.com,https://bayamjewelry.com,shopify,False,0,1,,,0,0
paolinestore.it,https://paolinestore.it,magento,True,0,1,,,0,0
shoptireco.com,https://shoptireco.com,magento,True,0,1,,,0,0
amberjack.shop,https://amberjack.shop,shopify,True,0,1,,,0,0
coolwallet.io,https://coolwallet.io,shopify,True,5,1,,Card|CoolWallet Pro|Card|CoolWallet Pro|Card|CoolWallet Pro|Card|CoolWallet Pro|Card|CoolWallet Pro,4678.6,4678.6
gamerealm.com,https://gamerealm.com,shopify,True,5,1,,Artifact|Brawl|Colorless|Commander|Duel|Black|Brawl|Commander|Creature|Duel,0.25,2.0
myhomeware.com.au,https://myhomeware.com.au,shopify,True,5,1,,300x300|300x600|600x1200|600x600|bathroom|1800mm|aulic|Carita|curved|curved-vanities,58.0,2558.0
wineonlinedelivery.com,https://wineonlinedelivery.com,shopify,True,5,1,,2018|750 ML|Cabernet Sauvignon|California|Full-Bodied Red|2018|750 ML|Cabernet Sauvignon|California|Full-Bodied Red,34.99,649.99
milfey-shop.ru,https://milfey-shop.ru,opencart,False,0,1,,,0,0
sportztrack.com,https://sportztrack.com,woocommerce,True,0,1,,,0,0
urbanlighting.com.au,https://urbanlighting.com.au,shopify,True,5,1,,,1390.0,3290.0
oppanagames.com,https://oppanagames.com,wix,False,0,1,,,0,0
sportwerk.com,https://sportwerk.com,magento,False,0,1,,,0,0
goodwear.com.ph,https://goodwear.com.ph,shopify,True,5,1,,10/10|Bags|Black|Clutches|GW02|Kids|2025 Sale|6/10|Brown|Casual Pants,200.0,3950.0
shopmiraclebrand.co,https://shopmiraclebrand.co,shopify,False,0,1,paypal,,0,0
agendabookshop.com,https://agendabookshop.com,shopify,True,5,1,,eq_isMigrated=1|eq_nobargain|eq_isMigrated=1|eq_nobargain|eq_isMigrated=1|eq_nobargain|A01=Karen E. Olson|Author_Karen E. Olson|Category1=Fiction|Category=NL-FH,16.99,28.5
gunungkidulkab.go.id,https://gunungkidulkab.go.id,woocommerce,True,0,1,,,0,0
furniturebrosil.com,https://furniturebrosil.com,shopify,True,5,1,,bed-pillow|Brand_Ashley|Collection_Nectar Classic|color_white|consumer-assembly_no-assembly-required|bed-pillow|Brand_Ashley|Collection_DreamCloudTM Classic|color_white|consumer-assembly_no-assembly-required,69.99,1659.99
candyinbulk.com,https://candyinbulk.com,shopify,True,5,1,,Chocolate|Chocolate Bar|Chocolate Covered|Peanut Caramel Flavor|Wrapped|Chocolate|Chocolate Bar|Chocolate Covered|Free Gift Eligible|Peanut Caramel Flavor,7.99,166.25
kikiskitchen.de,https://kikiskitchen.de,shopify,True,5,1,,angebotadam|dubai choco|dubai chocolate|dubai schoko|dubai schokolade|Steuer 19%|tiktoksirup|angebotadam|dubai choco|dubai chocolate,4.5,33.49
toytooth.com,https://toytooth.com,shopify,True,5,1,,INDA SKU|INDA SKU|INDA SKU|INDA SKU|INDA SKU,31.08,155.44
perfumeriasgotta.com,https://perfumeriasgotta.com,prestashop,True,0,1,,,0,0
watchdepot.com.au,https://watchdepot.com.au,shopify,True,5,1,,brand@G-shock|collection@G Shock|Data Brand G-shock|Data Category Watches|Data Collection G Shock|brand@G-shock|collection@G Shock|Data Brand G-shock|Data Category Watches|Data Collection G Shock,199.0,799.0
imraneshop.com,https://imraneshop.com,magento,True,0,1,,,0,0
abonnements-iptvpremium.net,https://abonnements-iptvpremium.net,woocommerce,True,0,1,,,0,0
creativeaudio.net,https://creativeaudio.net,bigcommerce,True,0,1,,,0,0
cars-kids.com,https://cars-kids.com,woocommerce,False,0,1,,,0,0
mikesport.com,https://mikesport.com,shopify,True,5,1,,<1.00|womens|XS|Adidas|Men|Running|Running Shoes|Billabong|Lifestyle|Men,1.0,99.99
iphone-droid.net,https://iphone-droid.net,woocommerce,True,0,1,,,0,0
coffeeok.com.ua,https://coffeeok.com.ua,magento,False,0,1,,,0,0
shopfurnitureoutletfl.com,https://shopfurnitureoutletfl.com,shopify,True,5,1,,bed-pillow|Brand_Ashley|Collection_Nectar Classic|Color_White|consumer-assembly_no-assembly-required|bed-pillow|Brand_Ashley|Collection_DreamCloudTM Classic|Color_White|consumer-assembly_no-assembly-required,72.87,1915.11
wholesalejewelrywebsite.com,https://wholesalejewelrywebsite.com,shopify,True,5,1,,discount_3_10_6_15_10_25|DPO|Earrings|newweekly|Notion|discount_3_10_6_15_10_25|DPO|New|newweekly|Notion,1.7,7.75
computerisms.ca,https://computerisms.ca,woocommerce,True,0,1,,,0,0
tuttiosport.com,https://tuttiosport.com,shopify,True,0,1,,,0,0
furnituretogosi.com,https://furnituretogosi.com,shopify,True,0,1,,,0,0
homesteadsupplier.com,https://homesteadsupplier.com,shopify,True,5,1,,Brand_Outdoor Living Today|cedar pergola|cedar pergola kit|olt|Price_2001 to 3000|Brand_Outdoor Living Today|gazebo|Size_8x5|Type_Gazebos|Wood Type_Cedar,255.0,2799.0
prettypennyclothing.com,https://prettypennyclothing.com,shopify,True,5,1,,accessories|curated collection|new arrival|new arrivals|sunglasses|designer|new arrival|new arrivals|shoes|new arrival,56.0,700.0
snowears.com,https://snowears.com,shopify,True,5,1,,hat|MEN|men hat|surfing|surfinghats|Accessories|MEN|men sock|socks|WOMEN,29.0,89.0
team-outdoors.nl,https://team-outdoors.nl,opencart,False,0,1,,,0,0
eternalperfumeoils.com,https://eternalperfumeoils.com,shopify,True,5,1,,no further discount|no further discount|The Eternal Elite Set|The Eternal Value Bundle|The Eternal Elite Set|Discount Gift Box|Men|Sample Pack|women,99.0,169.0
frontendaudio.com,https://frontendaudio.com,bigcommerce,True,0,1,,,0,0
buygames.ps,https://buygames.ps,prestashop,True,0,1,,,0,0
snack7days.com,https://snack7days.com,shopify,False,0,1,,,0,0
beautyheaven.com.au,https://beautyheaven.com.au,woocommerce,False,0,1,,,0,0
kitchenaid.com.au,https://kitchenaid.com.au,shopify,True,0,1,,,0,0
fermat.shop,https://fermat.shop,shopify,False,0,1,,,0,0
ongames.cc,https://ongames.cc,woocommerce,True,0,1,,,0,0
extremeonlinestore.com,https://extremeonlinestore.com,shopify,True,5,1,,Carbon Fiber|toyota-tundra-2022-2025-all-esr3980974|via_enabled|2023-2025-bmw-m2-g87-esr7702959|Carbon Fiber|via_enabled|2025-cadillac-ct5-v-blackwing-esr4050453|Carbon Fiber|via_enabled|2005-chevrolet-corvette-base-esr4679905,99.98,1989.98
moonkieshop.com,https://moonkieshop.com,shopify,True,5,1,,all|toddler1y+|toy|All|Awarded|Gift Sets|giftbox|On the go|all|feeding,9.99,79.99
flareaudio.com,https://flareaudio.com,shopify,True,5,1,,Earplugs|Hearing|Listening|NoiseSensitivity|Bundle|gorgias_do_not_recommend|Bundle|gorgias_do_not_recommend|Earphones|Listening,1.0,39.95
shoprockem.com,https://shoprockem.com,shopify,True,5,1,,40 Men SALE|bogo-free|eoy_rockem|final-sale|spo-default|Apparel Women|New Arrivals Women Apparel|spo-default|spo-disabled|spo-notify-me-disabled,71.99,229.99
kyliejennercosmetics.eu,https://kyliejennercosmetics.eu,shopify,True,5,1,,_free_sample|_gift_eligible|algolia-ignore|bundle_product|10353862312272|1|all|bundle_product|8765418864976|1|all|_free_sample|_gift_eligible|algolia-ignore|bundle_product|10313048064336|1|all|bundle_product|10353862312272|1|all,26.99,61.97
adultvibetoys.com,https://adultvibetoys.com,shopify,True,5,1,,new-october-2025|Realistic|Realistic Vibrators|Remote|Rotating and Thrusting Vibrators|Male Extensions|Masturbators|Penis Extensions|Pipedream Products|Sextoys for Men,17.99,119.99
allskidsteers.com,https://allskidsteers.com,bigcommerce,True,0,1,,,0,0
selectfashion.co.uk,https://selectfashion.co.uk,shopify,True,0,1,paypal,,0,0
gardentrading.co.uk,https://gardentrading.co.uk,bigcommerce,True,0,1,klarna,,0,0
glacierwear.com,https://glacierwear.com,magento,False,0,1,,,0,0
eternityfurnitureva.com,https://eternityfurnitureva.com,shopify,True,5,1,,bed-pillow|Brand_Ashley|Collection_Nectar Classic|Color_White|consumer-assembly_no-assembly-required|bed-pillow|Brand_Ashley|Collection_DreamCloudTM Classic|Color_White|consumer-assembly_no-assembly-required,69.99,2879.99
cardoso-furniture.com,https://cardoso-furniture.com,shopify,True,5,1,,500-1000|bed|bed-size_queen|Brand_FOA East|Collection_Zosimo|500-1000|bed|bed-size_queen|Brand_FOA East|Collection_Zosimo,199.99,999.99
lesliefurniture.com,https://lesliefurniture.com,shopify,True,5,1,,Bed Pillow|Brand_Ashley|Collection_Nectar Classic|Color_White|Consumer Assembly_No Assembly Required|Bed Pillow|Brand_Ashley|Collection_DreamCloudTM Classic|Color_White|Consumer Assembly_No Assembly Required,53.57,2036.0
dataphone.cloud,https://dataphone.cloud,woocommerce,False,0,1,,,0,0
javisfurnitureandmattress.com,https://javisfurnitureandmattress.com,shopify,True,5,1,,bed-pillow|Brand_Ashley|Collection_Nectar Classic|Color_White|consumer-assembly_no-assembly-required|bed-pillow|Brand_Ashley|Collection_DreamCloudTM Classic|Color_White|consumer-assembly_no-assembly-required,60.26,1002.76
candymachines.com,https://candymachines.com,bigcommerce,True,0,1,,,0,0
hometownfurnitureinc.com,https://hometownfurnitureinc.com,shopify,True,5,1,,bed-pillow|Brand_Ashley|Collection_Nectar Classic|Color_White|consumer-assembly_no-assembly-required|bed-pillow|Brand_Ashley|Collection_DreamCloudTM Classic|Color_White|consumer-assembly_no-assembly-required,57.76,1466.01
soldiersnutrition.com.br,https://soldiersnutrition.com.br,shopify,True,5,1,,Força & Desempenho|Ganho de Massa|Ganho de Massa (Hipertrofia)|Kits|Fitness|Força & Desempenho|Ganho de Massa|Ganho de Massa (Hipertrofia)|Kits|Força & Desempenho,70.9,499.9
hawksmotorsports.com,https://hawksmotorsports.com,bigcommerce,True,0,1,,,0,0
bakershoe.com,https://bakershoe.com,shopify,True,5,1,,All Footwear|Crispi Boots|Greater Than 5 Inventory|Men's|Non-Insulated Boot|All Footwear|Boots|Final Few|Final Sale|Handmade,119.95,495.95
cigarpass.com,https://cigarpass.com,woocommerce,True,0,1,,,0,0
lahomedecor.com,https://lahomedecor.com,shopify,True,5,1,,Best Sellers|deal|Dorm|easter|Faux Wool|Best Sellers|deal|Easy Jute|farmhouse|Geometric,49.99,199.99
vapevendingsoftware.com,https://vapevendingsoftware.com,shopify,True,0,1,shopify_payments,,0,0
boostautoparts.com,https://boostautoparts.com,shopify,True,5,1,,onerate|bruce|Hidden|OPTIONS_HIDDEN_PRODUCT|affirm|onerate|affirm|onerate|ymm|affirm,39.6,214.19
audioengine.com,https://audioengine.com,woocommerce,False,0,1,,,0,0
motea-shop.ch,https://motea-shop.ch,magento,True,0,1,,,0,0
watsons87furniture.com,https://watsons87furniture.com,shopify,True,0,1,,,0,0
militaryuniformsupply.com,https://militaryuniformsupply.com,shopify,True,5,1,,Clearance|Halloween|Kids|Kids Costume|Kids Flight Suit|Caps|Civil War Hats|Clearance|Clothing|Kepi,1.99,29.99
rczbikeshop.com,https://rczbikeshop.com,magento,True,0,1,,,0,0
shopify.plus,https://shopify.plus,shopify,False,0,1,,,0,0
keyapparel.com,https://keyapparel.com,bigcommerce,True,0,1,,,0,0
chefsupplies.ca,https://chefsupplies.ca,shopify,True,5,1,,[type]Accessories|[type]Commercial|[type]Kitchen Accessories|Canadian Brand|christmas-sale|[type]Commercial|[type]Parts|country--made-in-italy|Drop Ship|[type]Commercial,4.5,156.0
houseoffurnitureinc.com,https://houseoffurnitureinc.com,shopify,True,0,1,,,0,0
parkautomotorsports.ca,https://parkautomotorsports.ca,shopify,True,5,1,,Audi+A3+8V (2014-present)+2.0T+Quattro (AWD)|Audi+S3+8V (2014-present)+2.0T+Quattro (AWD),42.1,1204.99
levooil.com,https://levooil.com,shopify,True,5,1,,Accessories|black_crow_do_not_replenish|black_crow_do_not_subscribe|bonsai_excluded|brand new|Accessories|black_crow_do_not_replenish|black_crow_do_not_subscribe|bonsai_excluded|Green April,11.0,54.0
savdclothing.com,https://savdclothing.com,shopify,True,5,1,,bogos-gift|new|new|new|new,39.0,59.0
bigjigstoys.co.uk,https://bigjigstoys.co.uk,shopify,True,5,1,,4 year old|5 year old|6 year old|gardening & nature|outdoor|1 year old|2 year old|3 year old|4 year old|5 year old,5.5,24.0
bunkerbranding.com,https://bunkerbranding.com,shopify,True,5,1,,AmberW|GovX ID|Unsubscribe Podcast Giveaway|AmberW|GovX ID|pre-sale|rtly-green-return|Unsubscribe Podcast Giveaway|2023-cm-shirts|2023-unsub-bf-bogo50,29.95,34.45
hilogameshop.com,https://hilogameshop.com,shopify,True,5,1,,Commander|Common|Creature|Duel|Foil|Alchemy|Brawl|Commander|Common|Creature,0.1,22.5
westmorebeauty.com,https://westmorebeauty.com,shopify,True,5,1,,__hidden|bonsai_excluded|Exclude From Back In Stock|exclude_rebuy|exclude_recommendations|FE--40% OFF|ocx:fg|quiz|Shades-Return|Shopping Feed,19.2,100.0
montmotorsports.com,https://montmotorsports.com,bigcommerce,True,0,1,,,0,0
willworkjewelry.com,https://willworkjewelry.com,shopify,True,0,1,,,0,0
bezvasport.cz,https://bezvasport.cz,opencart,False,0,1,,,0,0
elixirmakeup.gr,https://elixirmakeup.gr,woocommerce,True,0,1,,,0,0
danaos-stores.gr,https://danaos-stores.gr,woocommerce,True,0,1,,,0,0
euroskateshop.nl,https://euroskateshop.nl,magento,True,0,1,,,0,0
perfumerialamundial.cl,https://perfumerialamundial.cl,shopify,True,5,1,,Acondicionadores|Cuidado capilar|Loreal|L´Oreal|Shampoos y Acondicionadores|Cuidado personal|Desodorante|Hombre|Spray|Acondicionador,1850.0,6990.0
soni.fashion,https://soni.fashion,shopify,True,5,1,,22 Inch Chain|Brass|Golden Chain|Hid_Reg_Plating|Matt|20 Inch Chain|Brass|Golden Chain|Hid_Reg_Plating|Kohli Chain,1560.0,4950.0
omgchocolatedesserts.com,https://omgchocolatedesserts.com,woocommerce,False,0,1,,,0,0
oliveoillovers.com,https://oliveoillovers.com,shopify,True,5,1,,cert:EU / USDA Organic|country:United States|fruit:Green|harvest:Fall 2025 - New Harvest|intensity:Medium Robust|country:Greece|Hidden|new-product|New_Product|producer:Othyris Farms,6.95,71.1
gameofbricks.eu,https://gameofbricks.eu,shopify,True,5,1,,,3.99,26.0
swimweargalore.com,https://swimweargalore.com,shopify,True,5,1,,new|Season|2026 Indent|new|Season|2026 Indent|new|Season|2026 Preview|new|Season|2026 Preview|new|Season|2026 Preview,64.99,130.0
babydeals.be,https://babydeals.be,magento,False,0,1,,,0,0
hitimewine.net,https://hitimewine.net,bigcommerce,True,0,1,,,0,0
shopmentionables.com,https://shopmentionables.com,shopify,True,0,1,,,0,0
snydersfurniture.com,https://snydersfurniture.com,shopify,True,5,1,,Category_Home Office/Bookcases|Category_Living/Bookcases|downpay,990.0,2579.0
scotsdalegardencentre.co.uk,https://scotsdalegardencentre.co.uk,magento,True,0,1,,,0,0
justfurnitureonline.com,https://justfurnitureonline.com,shopify,True,5,1,,500-1000|ashley-furniture|bed|Bed Style_Panel Bed|bed-size_california-king|ashley-furniture|Ashley_NMI|Brand_Ashley|Collection_Lilyberg|color_gray-black,268.16,850.9
pharmacy4pets.de,https://pharmacy4pets.de,magento,True,0,1,,,0,0
beautycos.es,https://beautycos.es,magento,True,0,1,,,0,0
gepruefter-webshop.de,https://gepruefter-webshop.de,woocommerce,False,0,1,,,0,0
affordablefurniturechicago.com,https://affordablefurniturechicago.com,shopify,True,5,1,,bed-pillow|Brand_Ashley|Collection_Nectar Classic|color_white|consumer-assembly_no-assembly-required|bed-pillow|Brand_Ashley|Collection_DreamCloudTM Classic|color_white|consumer-assembly_no-assembly-required,61.0,3238.2
ionaudio.com,https://ionaudio.com,magento,False,0,1,,,0,0
hobbytechtoys.com.au,https://hobbytechtoys.com.au,shopify,True,0,1,,,0,0
superxapparel.com,https://superxapparel.com,shopify,True,5,1,,fd-size-available:2XL|fd-size-available:3XL|fd-size-available:L|fd-size-available:M|fd-size-available:S|fd-size-available:2XL|fd-size-available:3XL|fd-size-available:L|fd-size-available:M|fd-size-available:S,59.0,289.99
hisgifts.com.au,https://hisgifts.com.au,shopify,True,5,1,,__label:New|adult: F|age group: Adult|as-seen-on-tv: F|editors pick: F|__label:New|adult: F|age group: Adult|as-seen-on-tv: F|editors pick: F,116.95,637.95
goldenhomefurniture.com,https://goldenhomefurniture.com,shopify,True,0,1,,,0,0
indianscrafts.com,https://indianscrafts.com,woocommerce,True,0,1,,,0,0
jackies-kids.uk,https://jackies-kids.uk,shopify,True,0,1,,,0,0
levinfurniture.com,https://levinfurniture.com,shopify,True,5,1,,,947.99,3080.99
finsfurniture.com,https://finsfurniture.com,shopify,True,5,1,,bed-pillow|Brand_Ashley|Collection_Nectar Classic|color_white|consumer-assembly_no-assembly-required|bed-pillow|Brand_Ashley|Collection_DreamCloudTM Classic|color_white|consumer-assembly_no-assembly-required,66.96,1872.0
swisswatchesforsale.com,https://swisswatchesforsale.com,woocommerce,False,0,1,,,0,0
oriorcosmetics.com,https://oriorcosmetics.com,shopify,False,0,1,,,0,0
invictawatchbands.com,https://invictawatchbands.com,shopify,True,5,1,,Band_Size_22MM|Disney Limited Edition|itg_auto|itg_backend|Men|Band_Size_22MM|Disney Limited Edition|itg_auto|itg_backend|Men,3.0,186.93
lintervalleshoes.com,https://lintervalleshoes.com,shopify,True,5,1,,outlet|outlet_49_99|outlet_sandals|outlet_woman|thongs|outlet|outlet_49_99|outlet_sandals|outlet_woman|thongs,49.99,49.99
gaylordsfurniture.com,https://gaylordsfurniture.com,shopify,True,5,1,,bed-pillow|Brand_Ashley|Collection_Nectar Classic|color_white|consumer-assembly_no-assembly-required|bed-pillow|Brand_Ashley|Collection_DreamCloudTM Classic|color_white|consumer-assembly_no-assembly-required,65.7,1788.22
hannabannaclothing.com,https://hannabannaclothing.com,shopify,True,5,1,,$10 - $20|2X-Large|Aberdeen|Adelaide|Alabama|$20 - $30|Aberdeen|Adelaide|Alabama|Arizona,15.76,22.79
cosmeticcapital.com.au,https://cosmeticcapital.com.au,shopify,True,5,1,,categories.lvl0: Gifts|categories.lvl1: Gifts > By Category|categories.lvl1: Gifts > By Recipient|categories.lvl1: Gifts > Exclusive Gift Packs|categories.lvl1: Gifts > Mystery Boxes|categories.lvl0: New|categories.lvl0: Skincare|categories.lvl1: Skincare > Active Ingredients|categories.lvl1: Skincare > Skincare Essentials|categories.lvl2: Skincare > Active Ingredients > Vitamin C,2.95,50.0
belchic.shop,https://belchic.shop,shopify,True,0,1,,,0,0
mr-daten-shop.com,https://mr-daten-shop.com,magento,True,0,1,,,0,0
ecscoffee.com,https://ecscoffee.com,shopify,True,0,1,,,0,0
allamericanfurnitureandmattress.com,https://allamericanfurnitureandmattress.com,shopify,True,5,1,,bed-pillow|Brand_Ashley|Collection_Nectar Classic|color_white|consumer-assembly_no-assembly-required|bed-pillow|Brand_Ashley|Collection_DreamCloudTM Classic|color_white|consumer-assembly_no-assembly-required,55.3,1537.92
foxcigar.com,https://foxcigar.com,woocommerce,False,0,1,,,0,0
merodacosmetics.de,https://merodacosmetics.de,shopify,True,5,1,,badge:neu|BUNDLE|main_product|badge:neu|HERO|SINGLE|BUNDLE|MINI|FREE GIFT|SAMPLE,22.95,74.06
goldempirejewelry.com,https://goldempirejewelry.com,magento,True,0,1,,,0,0
celsior-shop.com,https://celsior-shop.com,shopify,True,5,1,,,19.9,79.99
snapdoodletoys.com,https://snapdoodletoys.com,shopify,True,5,1,,age_8-10|image|impulse_fidget|pet|sum25cat|age_11-13|age_14up|age_8-10|image|seasonal_summer,16.99,199.99
jawbreakerclothing.com,https://jawbreakerclothing.com,magento,True,0,1,,,0,0
beautycos.fr,https://beautycos.fr,magento,True,0,1,,,0,0
flylowgear.com,https://flylowgear.com,shopify,True,5,1,,features-DWR-PFC-free|features-intuitive-s-g-lite|Jackets|S25|shoulder-season|F25|features-bluesign|features-DWR-PFC-free|features-intuitive-s-g-lite|Jackets,27.0,150.0
noxsport.com,https://noxsport.com,shopify,True,5,1,,camisetas|hombre|New|team|textil hombre|camisetas|hombre|New|team|textil hombre,35.99,39.99
jutsugames.com,https://jutsugames.com,woocommerce,False,0,1,,,0,0
lumanutrition.com,https://lumanutrition.com,shopify,True,5,1,,bundle4x|bundle4x|bundle4x|dup_6903933042782|ig_exp_a7eb187d|ig_tg_12d004b1|bundle4x|dup_6903932846174|ig_exp_a7eb187d|ig_tg_12d004b1,279.88,359.88
trendollajewelry.com,https://trendollajewelry.com,shopify,True,5,1,,best flat back earrings|best nap earrings|black moissanite earrings|blue moissanite earrings|diamond nap earrings|best flat back earrings|best nap earrings|black moissanite earrings|blue moissanite earrings|diamond nap earrings,45.99,45.99
progressivelighting.com,https://progressivelighting.com,magento,False,0,1,,,0,0
theloadedteashop.com,https://theloadedteashop.com,shopify,True,5,1,,amazon|amazon|amazon,38.0,625.0
comfortorthowear.com,https://comfortorthowear.com,shopify,True,5,1,,,7.99,29.95
pilgrimgifts.co.uk,https://pilgrimgifts.co.uk,shopify,True,5,1,,Anglicised British Text Bibles_|Bible Version_NRSV New Revised Standard Version|Bibles|Bibles & Books|Bulk Buy Bibles_|Catholic Online Gift Shop|Chalices and Ciborium|Church Supplies Online Christian Shop|Churchware|Product Type_Gold Ciborium,21.0,225.0
beercartel.com.au,https://beercartel.com.au,shopify,True,5,1,,Australian Beer|Australian Independent Beers|Beer Cans|Lager|Limited Edition Beers|Australia|Australian Beer|Australian Independent Beers|Beer|Beer Cans,4.0,139.99
mastervaluewholesale.com,https://mastervaluewholesale.com,shopify,True,5,1,,Ambi|Bath & Body Care|Black Radiance|Cosmetics & Makeup|Black Radiance|Cosmetics & Makeup|Black Radiance|Cosmetics & Makeup|Black Radiance|Cosmetics & Makeup,64.56,295.94
eg-wholesale.co.uk,https://eg-wholesale.co.uk,woocommerce,True,0,1,,,0,0
teampass.com,https://teampass.com,wix,False,0,1,,,0,0
freightdirectfurniture.com,https://freightdirectfurniture.com,shopify,True,5,1,,bed-pillow|Brand_Ashley|Collection_Nectar Classic|color_white|consumer-assembly_no-assembly-required|bed-pillow|Brand_Ashley|Collection_DreamCloudTM Classic|color_white|consumer-assembly_no-assembly-required,61.0,1366.0
spartancamera.com,https://spartancamera.com,shopify,True,5,1,,,39.0,458.92
justcandy.com,https://justcandy.com,shopify,True,5,1,,Business|Personalized|Standard Wrappers|Thank You|Business|Hot-Weather|Personalized|Personalized Breakaway Belgian Bar|Promotional|Business,0.39,44.99
cranes-country-store.com,https://cranes-country-store.com,shopify,True,5,1,,Closeout|Closeout Sale|Fall/Winter|Men|Pendleton|Filson|Hat|Hats|Headware|Outdoor,45.0,169.0
oukitel.store,https://oukitel.store,shopify,True,5,1,,68MP Camera|Android 13|Big Battery|NFC|Rugged Phones,179.99,429.99
mynerdyteacher.com,https://mynerdyteacher.com,shopify,True,5,1,,#UFLI aigned|1st Grade|2nd Grade|badge:✨ new:#cd1077bf|Centers|#UFLI aigned|1st Grade|2nd Grade|badge:✨ new:#cd1077bf|Centers,3.3,17.99
faithfullthebrand.com,https://faithfullthebrand.com,shopify,True,5,1,,BaliStore-Spring26|Best Sellers|CollectionFamily_Venezia|ColourFamily_Black|FabricFamily_Linen|30%offDresses_March2026|AfterPay_March2026|CategoryFamily_Mini Dress|CollectionFamily_La Casa|ColourFamily_Stripe,63.0,320.0
gearfrost.com,https://gearfrost.com,shopify,True,5,1,,Other Items Express Shipping|Other Items Warehouse|Other Items Express Shipping|Other Items Warehouse|Other Items Express Shipping|Other Items Warehouse|Other Items Express Shipping|Other Items Warehouse|Other Items Express Shipping|Other Items Warehouse,149.95,189.95
origincoffee.co.uk,https://origincoffee.co.uk,shopify,True,5,1,,coffee|Coffee Brewing|Direct Trade|Espresso|Flexify|coffee|Coffee Brewing|Direct Trade|Espresso|Flexify,14.4,194.95
bkbeauty.com,https://bkbeauty.com,shopify,True,5,1,,Brushes_Eye Brushes|eye brush|Brushes_Eye Brushes|eye brush|Brushes_Eye Brushes|eye brush|Brushes_Eye Brushes|eye brush|Brushes_Eye Brushes|eye brush,22.0,28.0
tlfapparel.com,https://tlfapparel.com,shopify,False,0,1,,,0,0
enterwine.com,https://enterwine.com,magento,True,0,1,,,0,0
cigarsdaily.com,https://cigarsdaily.com,woocommerce,False,0,1,,,0,0
trenddelight.shop,https://trenddelight.shop,shopify,True,5,1,,1+1|20250915a|3 inch exhaust resonator|__tab1:specifications-revvex™|best exhaust resonator|1+1|20251013a|Geox|men casual leather shoes|Men shoes casual,29.95,39.95
vapes001.com,https://vapes001.com,shopify,True,5,1,,,15.0,34.5
levelonefashion.de,https://levelonefashion.de,shopify,True,5,1,,active|Beige|Einheitsgröße|jeans|neu|active|Beige|neu|new|Onesize,35.0,69.0
shopappliances.com,https://shopappliances.com,shopify,True,0,1,,,0,0
marlowpaintsupplies.co.uk,https://marlowpaintsupplies.co.uk,magento,True,0,1,klarna,,0,0
iteach.net,https://iteach.net,woocommerce,False,0,1,,,0,0
ezfurnitureae.com,https://ezfurnitureae.com,shopify,True,5,1,,bed-pillow|Brand_Ashley|Collection_Nectar Classic|Color_White|consumer-assembly_no-assembly-required|bed-pillow|Brand_Ashley|Collection_DreamCloudTM Classic|Color_White|consumer-assembly_no-assembly-required,67.66,1499.0
sweetfurniture.com,https://sweetfurniture.com,shopify,True,5,1,,Bed Pillow|Brand_Ashley|Collection_Nectar Classic|Color_White|Consumer Assembly_No Assembly Required|Bed Pillow|Brand_Ashley|Collection_DreamCloudTM Classic|Color_White|Consumer Assembly_No Assembly Required,66.99,3618.87
cubestores.nl,https://cubestores.nl,shopify,True,5,1,,13415|Afmontage|Onderdelen|Stuurpennen|841200|1-PK-PTBLS-V104-10|12577|Accessoires|Handschoenen|Kleding,5.95,499.0
hilifeshop.com,https://hilifeshop.com,shopify,True,5,1,,butterfly|NEW|New Arrivals|Ohrringe|Ohrstecker|Bold|NEW|New Arrivals|Ohrringe|Ohrstecker,23.95,27.95
4phones.eu,https://4phones.eu,shopify,True,5,1,,attribute_compatible_with|Samsung Galaxy S25 Ultra S938B|attribute_flex_type|Main flex|attribute_inactive|false|attribute_model_codes|S938B|attribute_quality|OEM|2312FPCA6G|attribute_colors|Black|attribute_compatible_with|Xiaomi Redmi Note 13 Pro 4G|attribute_includes_frame|false|attribute_model_codes|23117RA68G,3.95,62.95
frogshopfitness.com,https://frogshopfitness.com,shopify,True,5,1,,bumper plates|Equipment|sale|sales|weight plates|cross training|Equipment|free shipping|freeship|functional trainer,59.95,5435.0
aafurnituremd.com,https://aafurnituremd.com,shopify,True,5,1,,bed-pillow|Brand_Ashley|Collection_Nectar Classic|Color_White|consumer-assembly_no-assembly-required|bed-pillow|Brand_Ashley|Collection_DreamCloudTM Classic|Color_White|consumer-assembly_no-assembly-required,68.3,1773.78
brickblingtoy.com,https://brickblingtoy.com,shopify,True,5,1,,,17.98,82.98
completecareshop.co.uk,https://completecareshop.co.uk,shopify,True,5,1,,Bath Boards|Bathroom|Bedroom Aids|Bedroom Lifts & Hoists|DPD|DPD|Dressing Aids|Dropship|Living Aids|Bathroom,4.99,23.99
gatecitygames.us,https://gatecitygames.us,shopify,True,5,1,,Artifact|Brawl|Colorless|Commander|Duel|Black|Brawl|Commander|Creature|Duel,0.13,1.0
grainwoodfurniture.com,https://grainwoodfurniture.com,shopify,True,0,1,,,0,0
malloftoys.com,https://malloftoys.com,shopify,True,5,1,,Bit|Blade|mystery box|Ratchets|Parts|Ratchets|Bit|Parts|Blade|Parts,1.95,8.99
brandexponents.com,https://brandexponents.com,woocommerce,True,0,1,,,0,0
gmwdfitness.com,https://gmwdfitness.com,shopify,True,5,1,,full body|lower,39.99,2299.0
qualitygames.media,https://qualitygames.media,wix,False,0,1,,,0,0
brocktonfurniturema.com,https://brocktonfurniturema.com,shopify,True,0,1,,,0,0
uelectronics.com,https://uelectronics.com,woocommerce,False,0,1,,,0,0
babyforest.in,https://babyforest.in,shopify,True,5,1,,HIDE|hide_search|ignore_on_limechat|sample_set_member|HIDE|hide_quantity|hide_search|ignore_on_limechat|kwikcart-freebie|HIDE,699.0,699.0
susanjewelryco.com,https://susanjewelryco.com,shopify,True,5,1,,,27.99,29.99
ninjakitchen.com.au,https://ninjakitchen.com.au,shopify,True,5,1,,NC501|tb301|tb401|es601|es601,8.99,518.48
kenwincrafts.com,https://kenwincrafts.com,woocommerce,True,0,1,,,0,0
dachbleche24-shop.de,https://dachbleche24-shop.de,shopify,False,0,1,,,0,0
shoemill.com,https://shoemill.com,shopify,True,5,1,,100-200|615W SA ST|Adult|all|Female|100-200|121M CA SN|Adult|all|cole-haan,109.95,199.95
unikclothing.co.uk,https://unikclothing.co.uk,shopify,True,5,1,,Mystery Box|new arrival|Shop|Mystery Box|new arrival|Shop|Accessories|BestSeller|CDPSS26|Club De Padel,10.0,80.75
makarojewelry.com,https://makarojewelry.com,shopify,True,5,1,,Aera|anhänger|anti-allergen|edelstein|edelsteine|ankle|anklet|anti-allergen|colorful|edelstein,75.0,93.0
laminat-shop24.com,https://laminat-shop24.com,shopify,True,5,1,,Bauchemie|Bauchemie Parkett|Speditionsversand|custom_look|Speditionsversand|custom_look|Klick-Vinyl|Speditionsversand|Vinyl Fliesenoptik|custom_look,61.72,114.14
b2cfurniture.com.au,https://b2cfurniture.com.au,magento,True,0,1,,,0,0
j-store.online,https://j-store.online,shopify,True,5,1,,Figur|merchandise|Sammelfigur|sonstiges Merchandise|Figur|merchandise|One Piece|Sammelfigur|sonstiges Merchandise|Figur,44.95,115.95
slvlightingdirect.com,https://slvlightingdirect.com,shopify,True,0,1,,,0,0
ljfurniture.com.au,https://ljfurniture.com.au,shopify,True,0,1,,,0,0
wizardcoinsupply.com,https://wizardcoinsupply.com,bigcommerce,False,0,1,,,0,0
midwaysports.com,https://midwaysports.com,shopify,True,5,1,,apparel|Direct|Team Apparel|training|women|apparel|Direct|football|men|Team Apparel,45.0,85.0
computervillage.com.bd,https://computervillage.com.bd,opencart,True,0,1,,,0,0
engineswapsupply.com,https://engineswapsupply.com,shopify,True,5,1,,ClearanceItem:N|EPA:Testing|Exhaust- Mufflers & Tips>Headers & Manifolds|fits_2019-2020`Chevrolet`Silverado 1500`Custom~2019-2020`Chevrolet`Silverado 1500`Custom Trail Boss~2019-2020`Chevrolet`Silverado 1500`High Country~2019-2020`Chevrolet`Silverado 1500`LT~2019-2020`Chevrolet`Silverado 1500`LT Trail Boss|fits_2019-2020`Chevrolet`Silverado 1500`LTZ~2019-2020`Chevrolet`Silverado 1500`RST~2019-2020`Chevrolet`Silverado 1500`SSV~2019-2020`Chevrolet`Silverado 1500`WT~2019-2020`GMC`Sierra 1500`AT4~2019-2020`GMC`Sierra 1500`Base~2019-2020`GMC`Sierra 1500`Denali|ClearanceItem:N|EPA:N/A|Forced Induction>Turbine Housings|LTL:N|MPN:TS-19TH62B-T4082,480.95,2914.95
globalbrand.com.bd,https://globalbrand.com.bd,opencart,True,0,1,,,0,0
jkboots.com,https://jkboots.com,shopify,True,5,1,,BOLD_HIDDEN_PRODUCT|Custom Seconds Boots|Final Sale|OPTIONS_HIDDEN_PRODUCT|return_prime_dont_show|BOLD_HIDDEN_PRODUCT|Custom Seconds Boots|Final Sale|OPTIONS_HIDDEN_PRODUCT|return_prime_dont_show,599.99,699.99
jixhobbies.co.za,https://jixhobbies.co.za,shopify,True,5,1,,Brand_Solido|Category_Diecast Cars|Scale_1/18 Scale|Brand_Solido|Category_Diecast Cars|Scale_1/18 Scale|Brand_Solido|Category_Diecast Cars|Scale_1/18 Scale|Brand_Solido,1559.95,1959.95
saxxunderwear.ca,https://saxxunderwear.ca,shopify,True,5,1,,Act|Lounging|Act|Traveling|BallPark Pouch|BallPark Pouch Boxer Brief|BF2025|Aaron Gordon|Best Sellers|Class|Core|French Albion|Print|Solid,32.0,112.14
myshoeshop.ca,https://myshoeshop.ca,shopify,True,5,1,,birkenstock|birkenstockmodel_more-sandals-models|colour_brown|colour_yellow|label_new|birkenstock|birkenstockmodel_more-sandals-models|colour_brown|granada|label_new,145.0,240.0
thefurnituremarketinc.com,https://thefurnituremarketinc.com,shopify,True,5,1,,bed-pillow|Brand_Ashley|Collection_Nectar Classic|color_white|consumer-assembly_no-assembly-required|bed-pillow|Brand_Ashley|Collection_DreamCloudTM Classic|color_white|consumer-assembly_no-assembly-required,59.0,1799.0
macathomefurnitureandmattress.com,https://macathomefurnitureandmattress.com,shopify,True,5,1,,ar-availability_available|ashley-furniture|Brand_Ashley|Collection_Zuraleus|color-black|500-1000|ar-availability_available|ashley-furniture|Brand_Ashley|Collection_Zuraleus,165.09,515.03
outdoordogsupply.com,https://outdoordogsupply.com,shopify,True,5,1,,Discontinued,59.99,799.95
awrymenswear.com,https://awrymenswear.com,shopify,True,5,1,,retail|underwear|retail|underwear|retail|snap tops|snap tops|snap tops,45.0,76.5
steals.com,https://steals.com,shopify,True,0,1,,,0,0
thegreatbritishbookshop.co.uk,https://thegreatbritishbookshop.co.uk,shopify,True,5,1,,Animals|Bears|Children’s|Erika Steel|Fiction & related items|Anne Harwood|Dark Fantasy|Dead Fox Publishing|Fantasy|Fiction and Related items / Fantasy / Historical fantasy,7.99,12.0
coffeemanga.net,https://coffeemanga.net,woocommerce,False,0,1,,,0,0
kickgame.co.uk,https://kickgame.co.uk,shopify,True,5,1,,adult|mens|New Arrivals|Progrid Omni 9|Saucony|My Store|new arrivals|Shopify Collective|My Store|New Arrivals,129.99,399.99
dailydoll.shop,https://dailydoll.shop,woocommerce,True,0,1,,,0,0
boilerparts.ru,https://boilerparts.ru,opencart,False,0,1,,,0,0
no-coffee.de,https://no-coffee.de,woocommerce,False,0,1,,,0,0
toyarena.com,https://toyarena.com,shopify,True,0,1,,,0,0
zoesfurniture.com,https://zoesfurniture.com,shopify,True,5,1,,Bed Size_King|Brand_FOA|Collection_Promenade|Color_Espresso|Material_Engineered Wood|500-1000|bed-size_twin-twin|bedroom|Brand_FOA East|bunk-bed,30.6,1161.1
proudpoppyclothing.com.au,https://proudpoppyclothing.com.au,shopify,True,5,1,,br-trending|Colour:Multi|Colour:Pink|drop2april26|Fabric:Rayon|br-trending|Colour:Multi|Colour:Pink|drop2april26|Fabric:Rayon,20.0,119.95
decora.ee,https://decora.ee,magento,False,0,1,,,0,0
nygiftloft.com,https://nygiftloft.com,shopify,True,5,1,,Color_GoldenRod|Corporate Gifts|Fearless Girl|For Girl's|Gold|Apparel|Baseball|Clothing|Color_White|Hat,36.95,44.95
tonysfurnitureandmattressatl.com,https://tonysfurnitureandmattressatl.com,shopify,True,5,1,,bed-pillow|Brand_Ashley|Collection_Nectar Classic|color_white|consumer-assembly_no-assembly-required|bed-pillow|Brand_Ashley|Collection_DreamCloudTM Classic|color_white|consumer-assembly_no-assembly-required,82.65,2214.35
ravecoffee.co.uk,https://ravecoffee.co.uk,shopify,True,5,1,,cafetiere|Central America|Espresso|Filter|Green Coffee|Cafe Retail|Chocolate|decaf|Espresso|Green Coffee,9.95,39.5
gearshop.co.nz,https://gearshop.co.nz,shopify,True,5,1,,arcade|belt|brand:arcade|cat:clothing accessories|clothing accessories|bike helmet|brand:giro|cat:bike helmets|giro|hd:nta,79.99,284.99
kidswithfoodallergies.org,https://kidswithfoodallergies.org,woocommerce,False,0,1,,,0,0
shopunderstatement.com,https://shopunderstatement.com,shopify,True,5,1,,ALL|nsfw|YCRF_Bralettes|YGroup_MBalconette|10 or less left L|10 or less left M|10 or less left S|30%|Ahlens|10 or less left L,26.0,47.4
pac-audio.com,https://pac-audio.com,shopify,True,5,1,,AX-CH5-SWC|AXCH5SWC|AXTC-CH5|AXTCCH5|ch21|AX-CH5-SWC|AXCH5SWC|AXTC-CH5|AXTCCH5|ch21,109.0,2199.0
customweather.com,https://customweather.com,woocommerce,False,0,1,stripe,,0,0
valuepetsupplies.com,https://valuepetsupplies.com,shopify,True,5,1,,Brand_ValueBull USA|bulk-no|Category_Chews & Treats|clearance-no|coupon-VPS15|Brand_ValueBull USA|bulk-no|Category_Chews & Treats|clearance-no|coupon-VPS15,43.99,234.99
bearfoot.store,https://bearfoot.store,shopify,True,5,1,,Canvas|casual|casual wear|crossfit|Footwear|10 / Vibram Newflex 5mm|10 / Vibram Newflex 8mm|10.5 / Vibram Newflex 5mm|10.5 / Vibram Newflex 8mm|11 / Vibram Newflex 5mm,95.0,105.0
griffinsfurniture.com,https://griffinsfurniture.com,shopify,True,5,1,,Bedroom|Brand:Aspen Home|Brand_Aspen Home|Category:Bedroom|Category:Dresser & Mirror|Bedroom|Brand:Aspen Home|Brand_Aspen Home|Category:Bedroom|Category:Nightstands,369.0,3649.0
chelseysmithcosmetics.com,https://chelseysmithcosmetics.com,shopify,True,5,1,,Bangs|Blonde|Faux Scalp|final sale|Honey|Bob|Brunette|Cinnamon|final sale|Free Part,50.0,55.0
kidsbookstoreindia.com,https://kidsbookstoreindia.com,woocommerce,True,0,1,,,0,0
islandfurnitureandmore.com,https://islandfurnitureandmore.com,shopify,True,5,1,,500-1000|ashley-furniture|bed|bed-size_california-king|bed-size_king|ashley-furniture|Ashley_NMI|Brand_Ashley|Collection_Lilyberg|color_gray-black,284.13,900.57
petstore.direct,https://petstore.direct,shopify,True,5,1,,A Purrfect Groomer Favorites|andis products|CLIPPERS|CLIPPERS + BLADES|CLIPPERS + BLADES. CLIPPERS + BLADES: ALL CLIPPERS + BLADES|Jirpet|label:new|New Arrivals|SALON EQUIPMENT|SALON EQUIPMENT. SALON EQUIPMENT: ALL SALON EQUIPMENT,14.0,3699.99
jdsports.cy,https://jdsports.cy,prestashop,False,0,1,,,0,0
josephfurniturenj.com,https://josephfurniturenj.com,shopify,True,5,1,,bed-pillow|Brand_Ashley|Collection_Nectar Classic|Color_White|Consumer Assembly_No Assembly Required|bed-pillow|Brand_Ashley|Collection_DreamCloudTM Classic|Color_White|Consumer Assembly_No Assembly Required,78.84,1845.6
cigarsmokerclub.com,https://cigarsmokerclub.com,woocommerce,False,0,1,,,0,0
furniturecitysa.com,https://furniturecitysa.com,shopify,True,5,1,,bed-pillow|Brand_Ashley|Collection_Nectar Classic|Color_White|consumer-assembly_no-assembly-required|bed-pillow|Brand_Ashley|Collection_DreamCloudTM Classic|Color_White|consumer-assembly_no-assembly-required,69.95,1369.95
furniturehomekc.com,https://furniturehomekc.com,shopify,True,5,1,,bed-pillow|Brand_Ashley|Collection_Nectar Classic|Color_White|consumer-assembly_no-assembly-required|bed-pillow|Brand_Ashley|Collection_DreamCloudTM Classic|Color_White|consumer-assembly_no-assembly-required,65.06,1765.22
ezfurnitureofmayfair.com,https://ezfurnitureofmayfair.com,shopify,True,5,1,,bed-pillow|Brand_Ashley|Collection_Nectar Classic|color_white|consumer-assembly_no-assembly-required|bed-pillow|Brand_Ashley|Collection_DreamCloudTM Classic|color_white|consumer-assembly_no-assembly-required,56.92,1478.15
admsport.com,https://admsport.com,shopify,True,5,1,,2024|chandail|equipement|femme|fournisseur_24-msd|2025|chandail|equipement|femme|fournisseur_24-msd,39.99,49.99
amyojewelry.com,https://amyojewelry.com,shopify,True,5,1,,batch16|color_silver|giveaway|new_arrivals|sterling_silver|14k_white_gold|batch32|color_silver|for_her|for_mom,36.0,75.0
furniturecenternyc.com,https://furniturecenternyc.com,shopify,True,5,1,,bed-pillow|Brand_Ashley|Collection_Nectar Classic|Color_White|consumer-assembly_no-assembly-required|bed-pillow|Brand_Ashley|Collection_DreamCloudTM Classic|Color_White|consumer-assembly_no-assembly-required,59.79,1818.18
wearwellow.com,https://wearwellow.com,shopify,True,5,1,,1-pack|byob-collection|color-dot-MD-MO|fall-drop-collection|filter-active|1-pack|byob-exclude|color-dot-CR-GH|filter-color-blacks|filter-color-grey,23.99,213.22
habitatrestore.ca,https://habitatrestore.ca,shopify,True,5,1,,Appliances|kitchen appliance|Newmarket|Range Hoods|Small Appliances|Etobicoke|REVIEW|Accent Chairs|Furniture|Home Decor,5.0,345.0
apebornfitness.com,https://apebornfitness.com,shopify,True,5,1,,infinity-hoop|truemed-eligible|subscription test|7-day-trial|force_1,25.0,274.99
cigarcountry.com,https://cigarcountry.com,woocommerce,True,0,1,,,0,0
chiefrivernursery.com,https://chiefrivernursery.com,magento,True,0,1,,,0,0
florencebymillsfashion.com,https://florencebymillsfashion.com,shopify,True,5,1,,Full Price|intimates|New Arrivals|season::U26MAY|softie seamless|Full Price|intimates|New Arrivals|season::S25FEB|softie seamless,24.95,54.95
doerr.shop,https://doerr.shop,shopify,True,5,1,,AFG-STANDARD|AK-014.1.1|not-on-sale|SG-FOTO|Woody|AFG-STANDARD|AK-014.1.1|Aurora|not-on-sale|SG-FOTO,9.9,49.9
toybox.com,https://toybox.com,shopify,True,5,1,,Limited Edition|Printer Food|Limited Edition|Printer Food|Limited Edition|Printer Food|Limited Edition|Printer Food,15.0,55.0
upfitsupply.com,https://upfitsupply.com,shopify,True,5,1,,Buyers Products|Truck|Truck Ladder Racks|Bumpers|Front Bumpers|Road Armor|Truck|Bumpers|Front Bumpers|Road Armor,679.3,2956.0
thornhillfurniture.com,https://thornhillfurniture.com,shopify,True,0,1,,,0,0
michiganmotorsports.com,https://michiganmotorsports.com,bigcommerce,True,0,1,,,0,0
detomaso-watches.com,https://detomaso-watches.com,shopify,True,5,1,,Sale|Sale|Last Chance|New|Regular|New|Regular,55.2,269.0
retailrebel.com,https://retailrebel.com,magento,True,0,1,,,0,0
certezaestore.com,https://certezaestore.com,woocommerce,True,0,1,,,0,0
terra-vape.com.ua,https://terra-vape.com.ua,opencart,False,0,1,,,0,0
columbiasportswear.co.in,https://columbiasportswear.co.in,shopify,True,5,1,,Hiking and Trekking|Jackets|Jackets and Vest|Rain|Windbreaker|Fleece|Hiking and Trekking|Jackets|Jackets And Vest|Sustainable Products,3999.0,8099.0
kikocosmetics.gr,https://kikocosmetics.gr,magento,True,0,1,klarna,,0,0
gertrudehawkchocolates.com,https://gertrudehawkchocolates.com,magento,True,0,1,,,0,0
dirtydieselcustom.ca,https://dirtydieselcustom.ca,shopify,True,0,1,,,0,0
game4u.co.za,https://game4u.co.za,woocommerce,True,0,1,,,0,0
whiterosehobbies.com,https://whiterosehobbies.com,shopify,True,5,1,,GROM,8.99,10.99
customlids.com,https://customlids.com,shopify,True,5,1,,A-Frame|adjustable|dark green|exclude_rebuy|freeform|adjustable|freeform|hats|Khaki|snapback,27.99,31.99
edenperfumes.co.za,https://edenperfumes.co.za,shopify,True,0,1,shopify_payments,,0,0
australianfitnesssupplies.com.au,https://australianfitnesssupplies.com.au,shopify,True,5,1,,500-1000|AFS|afterpay|col1-Strength|col2-PowerRacks|col1-strength|col2-multi-gym|force-usa|pricing-needed|searchanise-price-hidden,80.0,999999.0
wearnala.com,https://wearnala.com,shopify,False,0,1,shopify_payments,,0,0
catfootwear.com.mx,https://catfootwear.com.mx,shopify,True,5,1,,AlturaTacon_4.8|APLICACION_LISO|ATRIBUTO_ACTIVE|Calzado|Cat|AlturaTacon_3.3|APLICACION_LISO|ATRIBUTO_RUGGED|BOOT|Calzado,2599.0,3299.0
thesneakerone.com,https://thesneakerone.com,shopify,True,0,1,shopify_payments,,0,0
rselectricalsupplies.co.uk,https://rselectricalsupplies.co.uk,shopify,True,5,1,,AT MLGRID|GRID|ML GRID|MODULE|GRID|GRID ACC|ML BACKBOX|ML GRID|GRID|GRID ACC,0.8,5.8
akfurnituremi.com,https://akfurnituremi.com,shopify,True,5,1,,bed-pillow|Brand_Ashley|Collection_Nectar Classic|color_white|consumer-assembly_no-assembly-required|bed-pillow|Brand_Ashley|Collection_DreamCloudTM Classic|color_white|consumer-assembly_no-assembly-required,69.99,509.99
kouvrfashion.com,https://kouvrfashion.com,shopify,True,5,1,,bestseller|new|bestseller|new|bestseller|new|bestseller|new|bestseller|new,69.0,89.0
ibeautymachine.com,https://ibeautymachine.com,magento,True,0,1,,,0,0
astramakeup.com,https://astramakeup.com,shopify,True,5,1,,CATEGORY_Gloss|CATEGORY_Lips|COLOR_Nude|COLOR_Pink|TYPE_Make-up|CATEGORY_Gloss|CATEGORY_Lips|COLLECTION_Mare Fuori|COLOR_Red|TYPE_Make-up,5.9,7.5
argonaudio.com,https://argonaudio.com,shopify,True,5,1,,XMAS|XMAS,49.0,1178.0
shop-resa.com,https://shop-resa.com,shopify,True,5,1,,picnic|picnic|exchange|exchange only|matching|matching set|Matching Sets|picnic|picnic,55.0,68.0
furniturevilletx.com,https://furniturevilletx.com,shopify,True,5,1,,500-1000|ashley-furniture|bed|bed-size_full|bed-size_king|ar-availability_available|ashley-furniture|bedroom|Brand_Ashley|Collection_Zyniden,229.28,710.52
herbano.com,https://herbano.com,magento,True,0,1,,,0,0
customgoldgrillz.com,https://customgoldgrillz.com,shopify,True,5,1,,10K|14K|18K|Custom|Custom Grillz|10K|14K|18K|Custom|Custom Grillz,280.0,9105.0
babykindwelt.de,https://babykindwelt.de,shopify,True,0,1,,,0,0
forzasports.com,https://forzasports.com,shopify,True,0,1,shopify_payments,,0,0
americanfurniturenc.com,https://americanfurniturenc.com,shopify,True,5,1,,bed-pillow|Brand_Ashley|Collection_Nectar Classic|color_white|consumer-assembly_no-assembly-required|bed-pillow|Brand_Ashley|Collection_DreamCloudTM Classic|color_white|consumer-assembly_no-assembly-required,63.14,1499.0
hisgifts.us,https://hisgifts.us,shopify,True,5,1,,__label:New|adult: F|age group: Adult|as-seen-on-tv: F|editors pick: F|__label:New|adult: F|age group: Adult|as-seen-on-tv: F|editors pick: F,69.0,372.0
nawarpharmacy.com,https://nawarpharmacy.com,woocommerce,True,0,1,,,0,0
bradleysmoker.com,https://bradleysmoker.com,shopify,False,0,1,,,0,0
flatbushexpressfurniture.com,https://flatbushexpressfurniture.com,shopify,True,5,1,,bed-pillow|Brand_Ashley|Collection_Nectar Classic|Color_White|consumer-assembly_no-assembly-required|bed-pillow|Brand_Ashley|Collection_DreamCloudTM Classic|Color_White|consumer-assembly_no-assembly-required,66.96,1138.0
pharmascalabis.com,https://pharmascalabis.com,woocommerce,True,0,1,,,0,0
homefitnesscode.com,https://homefitnesscode.com,shopify,True,0,1,afterpay,,0,0
countrybrookcrafts.com,https://countrybrookcrafts.com,magento,True,0,1,,,0,0
smoke-king.co.uk,https://smoke-king.co.uk,shopify,True,5,1,,New In|New In|New In|New In|New In,113.75,255.0
fluidics-equipment.com,https://fluidics-equipment.com,magento,True,0,1,,,0,0
lovisajewellery.co.za,https://lovisajewellery.co.za,shopify,True,5,1,,availability:unavailable|colour:Pink|countryiso:CN|feature:Floral|hscode:9615190000|availability:unavailable|colour:Black|countryiso:CN|feature:Floral|hscode:9615190000,30.0,90.0
magcreativefootwear.com,https://magcreativefootwear.com,magento,True,0,1,,,0,0
shoplibas.com,https://shoplibas.com,shopify,False,0,1,,,0,0
porteandhall.com,https://porteandhall.com,shopify,True,5,1,,Swatch|Swatch|Swatch|Swatch|Swatch,0,0
hinoya.shop,https://hinoya.shop,shopify,True,5,1,,Jacket|Outer|SUKA Jacket|Suka Jacket(Acetate)|Tailor Toyo|L / S Shirt|Sugar Cane|sugar cane 2026 SS|TOPS|WHAT'S NEW,20680.0,107800.0
snugglemeorganic.com,https://snugglemeorganic.com,shopify,True,5,1,,,127.45,127.45
1320motorsports.com.au,https://1320motorsports.com.au,shopify,True,0,1,,,0,0
eztattoosupply.com,https://eztattoosupply.com,shopify,True,5,1,,Adjustable Stroke Tattoo machine|Featured|Tattoo Machines|Wireless Tattoo Machine|Accessories|EZ Cartridge Grips|machine kit|Starter kit|Tattoo Kit|Super Stencil,11.9,399.0
hemaniherbals.com,https://hemaniherbals.com,shopify,True,5,1,,Beauty|Face Mist|Herbal Water|Skin Care|Toner|Face Wash|Skin Care|Green Tea|Health &amp; Wellness|Health &amp; Wellness,2.72,4.08
stahlgear.de,https://stahlgear.de,shopify,True,5,1,,SE,19.95,69.95
nexstarsolutions.shop,https://nexstarsolutions.shop,woocommerce,True,0,1,,,0,0
orizzonteshop.it,https://orizzonteshop.it,shopify,True,5,1,,524940|ALtezza_49|Arredo Giardino|BS_RIBIMEX|Coperture Per Barbeque|490038|ALtezza_55|BS_SHARP|DPV_01001|DPV_02001,7.5,380.0
mistersafetyshoes.com,https://mistersafetyshoes.com,shopify,True,5,1,,$150 - $200|10|10.5|11|12|$150 - $200|Blue|ESR - Electric Shock Resistant|Metal Free|Reebok,169.95,299.95
mitski.store,https://mitski.store,shopify,True,5,1,,,12.0,55.0
appliednutrition.uk,https://appliednutrition.uk,shopify,True,5,1,,bogos-gift|bogos-gift|Jan 26 Deals|not-discountable|collagen|collagen protein|powder|Protein|protein-clear|40+,17.95,50.0
juliettoys.com,https://juliettoys.com,shopify,True,5,1,,New 2026.04|New 2026.04|New 2026.03|New 2026.04|New 2026.04,49.9,99.9
gardennursery.net,https://gardennursery.net,woocommerce,True,0,1,,,0,0
gamekings.tv,https://gamekings.tv,shopify,False,0,1,,,0,0
outcast-clothing.com,https://outcast-clothing.com,shopify,True,0,1,,,0,0
camweara.com,https://camweara.com,woocommerce,False,0,1,,,0,0
cosmeticos24h.com,https://cosmeticos24h.com,shopify,True,5,1,,Cuello|Dia|Dia y noche|Escote|kit-discovery|Cuello|Dia|Dia y noche|Escote|Grasa,2.5,45.9
watchdives.com,https://watchdives.com,shopify,True,5,1,,316L stainless steel|50Fathoms|code|FF-Fathoms|Fifty|316L stainless steel|37mm|BB54|BB58|code,45.0,179.0
teamrwb.org,https://teamrwb.org,magento,True,0,1,,,0,0
neureiter-shop.at,https://neureiter-shop.at,magento,True,0,1,,,0,0
williamsfoodequipment.com,https://williamsfoodequipment.com,bigcommerce,True,0,1,,,0,0
ukbabycentre.com,https://ukbabycentre.com,shopify,True,5,1,,Bugaboo|Car Seat|ex display|Group 0+|Infant Carrier|furniture|New In|Nika|Nursery Furniture|Obaby,65.0,649.0
agrigardengroup.com,https://agrigardengroup.com,shopify,True,0,1,,,0,0
shopeinsteinsattic.com,https://shopeinsteinsattic.com,shopify,True,0,1,,,0,0
cliziashoes.it,https://cliziashoes.it,shopify,True,5,1,,Sandali|Sandali|Sandali|Sandali|Sandali,122.25,122.25
cosmossport.cy,https://cosmossport.cy,prestashop,False,0,1,,,0,0
beinghumanclothing.com,https://beinghumanclothing.com,shopify,True,0,1,,,0,0
jcdecor.com.br,https://jcdecor.com.br,magento,True,0,1,,,0,0
hunterboots.co.uk,https://hunterboots.co.uk,shopify,True,0,1,,,0,0
bossaudio.com,https://bossaudio.com,shopify,False,0,1,,,0,0
thecouchpotatofurniture.com,https://thecouchpotatofurniture.com,shopify,True,0,1,,,0,0
imperialfurniturelasvegas.com,https://imperialfurniturelasvegas.com,shopify,True,0,1,,,0,0
viavaishoes.com,https://viavaishoes.com,shopify,True,0,1,,,0,0
wolfbluestore.com,https://wolfbluestore.com,shopify,True,5,1,,Blue Wolf Store|Bronte Prestige Chronograph|Luxury Chronograph Watch|Sophisticated men’s watch for business|Classic Beret|Men's beret|Modern style|Reginald Vintage Flat Cap|Retro beret|Breathable Sports Shoes,29.99,79.8
humbyorganics.com,https://humbyorganics.com,shopify,True,0,1,shopify_payments,,0,0
ksiautoparts.com,https://ksiautoparts.com,wix,False,0,1,,,0,0
revolutionjewelry.com,https://revolutionjewelry.com,shopify,True,5,1,,,673.0,1982.0
gymandfitness.com.au,https://gymandfitness.com.au,shopify,True,5,1,,1000-5000|adjustable-bench|AFS|afterpay|BFCM24|5000-10000|AFS|assault-fitness|col1-Cardio|col2-Treadmills,179.0,7999.0
bigjeffaudio.com,https://bigjeffaudio.com,shopify,True,5,1,,Amp Hours_22|BJ-LI-22AH|Brand_Big Jeff Audio|Chemistry_Lithium|Featured|40%|B2-DVPE212|Brand_B2 Audio|leasable|Main_Car Audio,7.95,344.95
shopaleena.com,https://shopaleena.com,shopify,True,5,1,,Clothing|Dresses|فساتين|ملابس|Clothing|Dresses|فساتين|ملابس|Clothing|Dresses,589.0,779.0
akkogear.eu,https://akkogear.eu,shopify,True,5,1,,In Stock|Keycaps|New Arrivals|Out of Deal|In Stock|Keycaps|New Arrivals|Out of Deal|Accessory|AG One Mouse,11.89,47.59
museumofjewelry.com,https://museumofjewelry.com,shopify,True,5,1,,100-150|14k-gold|custom-designer-shashi|custom-stone_main_-diamond|designed-by-shashi|14k-gold|150-250|citrine|custom-color-white|custom-color-yellow,129.95,1599.95
walshbrothersshoes.ie,https://walshbrothersshoes.ie,shopify,True,5,1,,colour_navy|eu-38|eu-38-5|eu-39|eu-40|colour_metallic|eu-38|eu-39|eu-40|eu-41,80.0,130.0
blessedcbd.co.uk,https://blessedcbd.co.uk,shopify,True,5,1,,,24.95,149.7
fcwautoparts.com,https://fcwautoparts.com,shopify,True,5,1,,BMW_320i|BMW_323Ci|BMW_323i|BMW_323ti|BMW_325Ci|Dodge_Ram 2500|Dodge_Ram 3500|Buick_Enclave|BMW_220i Gran Coupe|BMW_228i Gran Coupe,71.94,197.32
fashionlaura.com,https://fashionlaura.com,shopify,True,5,1,,26-04|ACCS|ALI|Animal Print|Autumn|26-04|ACCS|ALI|Autumn|Belt,12.62,21.99
sports-and-gadgets.com,https://sports-and-gadgets.com,shopify,True,5,1,,Folding Knife|Folding Plain Edge Knife|Folding Pocket Knife|Hunting knife|knife|Folding Knife|Folding Plain Edge Knife|Folding Pocket Knife|knife|manual knife,117.75,235.0
shopsocialthreads.com,https://shopsocialthreads.com,shopify,True,5,1,,product|product|tops|product|finalsale|product|finalsale|multiplecolors|product,41.4,99.0
aqua-store.fr,https://aqua-store.fr,prestashop,True,0,1,,,0,0
babymee.com.br,https://babymee.com.br,woocommerce,False,0,1,,,0,0
beauty-systema.com,https://beauty-systema.com,woocommerce,True,0,1,,,0,0
beautyjulia.com,https://beautyjulia.com,prestashop,True,0,1,,,0,0
beautymall.ma,https://beautymall.ma,woocommerce,True,0,1,,,0,0
brasilcosmeticos.pt,https://brasilcosmeticos.pt,woocommerce,True,0,1,,,0,0
buzzcateringsupplies.com,https://buzzcateringsupplies.com,magento,True,0,1,,,0,0
completeaquatics.co.uk,https://completeaquatics.co.uk,magento,True,0,1,stripe|klarna,,0,0
cosmeticosalpormayor.com,https://cosmeticosalpormayor.com,shopify,True,5,1,,Beauty Creations|Cara|Corrector|special|bono-curso-adicional|Cajas Mezcladas|Cosmeticos|Kevin & Coco|Cara|Corrector,62.4,771.12
decoratingcentreonline.co.uk,https://decoratingcentreonline.co.uk,shopify,True,5,1,,hidden|pos|hidden|pos|hidden|pos|hidden|pos|hidden|pos,3.2,57.74
eladecora.com.br,https://eladecora.com.br,shopify,True,5,1,,2 porta frios|4 potes prateado|clear fresh|conjunto|conjunto de potes|conjunto|conjunto de pote|conjunto de potes|conjunto geladeira|jogo de potes,0,0
euroskateshop.es,https://euroskateshop.es,magento,True,0,1,,,0,0
euroskateshop.fr,https://euroskateshop.fr,magento,True,0,1,,,0,0
gardenhirespares.co.uk,https://gardenhirespares.co.uk,magento,True,0,1,,,0,0
gosportme.com,https://gosportme.com,shopify,False,0,1,,,0,0
grupogeard.com,https://grupogeard.com,woocommerce,True,0,1,,,0,0
herboxa.com,https://herboxa.com,shopify,True,5,1,,,17.0,98.0
howsie-shop.jp,https://howsie-shop.jp,shopify,True,5,1,,25|25199|ALL|brand157|coupon|28|28130|2813011|ALL|coupon,660.0,2210.0
inshape-nutrition.com,https://inshape-nutrition.com,shopify,True,5,1,,Collagène|marque propre|Acides aminés liquides|marque propre|marque propre|Protéines - Gainer|marque propre|Santé - Forme - Vitalité,2.99,71.7
jaimantoys.com,https://jaimantoys.com,shopify,True,5,1,,Hot Wheels Monster Truck Toy|Hot Wheels Monster Trucks|Hot Wheels Monster Trucks 1:64|Hot Wheels Monster Trucks Action Toy|Hot Wheels Monster Trucks Big Wheels|Hot Wheels Monster Truck Toy|Hot Wheels Monster Trucks|Hot Wheels Monster Trucks 1:64|Hot Wheels Monster Trucks Action Toy|Hot Wheels Monster Trucks Big Wheels,1098.0,1098.0
levoilestores.com,https://levoilestores.com,shopify,True,5,1,,ECO|FA|NA|S|SE|PI|RA|SN|PI|RA,75.0,2200.0
loepeshop.no,https://loepeshop.no,magento,False,0,1,,,0,0
makerselectronics.com,https://makerselectronics.com,woocommerce,True,0,1,,,0,0
ndestore.com,https://ndestore.com,shopify,True,5,1,,HONDA BRV|HONDA BRV|SUZUKI CULTUS (NEW)|DASHBOARD MAT|HONDA CIVIC (2008-2012)|HONDA CIVIC REBORN (2007-2012)|SUZUKI WAGON R MH55S,2800.0,85000.0
novushoes.com,https://novushoes.com,shopify,True,5,1,,"70%|badge::Men's::#ffffff::#000000|Color::Grey|Color::Neutral|Gender::Men|30%|Color::Beige|Color::Multi|Gender::Women|HeelHeight::1.50""",37.49,170.0
oil-stores.gr,https://oil-stores.gr,opencart,True,0,1,,,0,0
paperplane.shop,https://paperplane.shop,shopify,True,5,1,,#Sale-50%|Bottoms|final|finalsale|Holiday 24|#sale-30%|#Sale-50%|#Sale-70%|final|finalsale,45.0,128.0
rasport.store,https://rasport.store,shopify,True,5,1,,APR20%|APR20%,1439.0,5309.0
skiwebshop.es,https://skiwebshop.es,magento,True,0,1,,,0,0
skiwebshop.pl,https://skiwebshop.pl,magento,True,0,1,,,0,0
sneakerbaker.com,https://sneakerbaker.com,woocommerce,False,0,1,,,0,0
sourcebeauty.com,https://sourcebeauty.com,shopify,True,5,1,,Bundles|Bundles by Brands|DAARK Bundle|For Him|New Arrival|Cleansers|DAARK Face Care|For Him|New Arrival|Back in Stock,270.0,675.0
sportano.bg,https://sportano.bg,magento,True,0,1,,,0,0
sportano.it,https://sportano.it,magento,True,0,1,,,0,0
sportano.lt,https://sportano.lt,magento,True,0,1,,,0,0
sportsfuel.co.nz,https://sportsfuel.co.nz,shopify,True,5,1,,caffeine|energy|energy drink|incoming|location-17947492419-outofstock|algolia-ignore|incoming|location-17947492419-instock|location-20189478979-outofstock|location-20853096515-outofstock,3.99,62.04
umakecosmetics.gr,https://umakecosmetics.gr,woocommerce,True,0,1,,,0,0
urbanjunglestore.com,https://urbanjunglestore.com,shopify,True,5,1,,MEN|SS26|Tops|AW23|Footwear|FW24|MEN|SS26|MEN|New-In,25.0,135.0
alexandriafragrances.com,https://alexandriafragrances.com,shopify,True,5,1,,citrus aromatic fresh spicy musky woody|extrait|Fruity|long lasting|Mango|niche fragrance,14.99,119.99
outbacktoys.com,https://outbacktoys.com,shopify,False,0,1,,,0,0
storelights.de,https://storelights.de,magento,True,0,1,,,0,0
meivashoes.com,https://meivashoes.com,magento,True,0,1,,,0,0
smcrystalwholesale.com,https://smcrystalwholesale.com,shopify,True,0,1,,,0,0
griffbuildingsupplies.com,https://griffbuildingsupplies.com,shopify,True,5,1,,Drywall Mud & Fillers|hand tool|sanding|sanding pad|hand tool|sanding|sanding pad|Drywall Mud & Fillers|Drywall Mud & Fillers,4.35,30.99
flyclothing.com,https://flyclothing.com,shopify,True,5,1,,Blue|Madeline Love|New Arrival|Shopify Collective|Under 50|Madeline Love|New Arrival|Shopify Collective|Under 50|Madeline Love,30.0,55.0
gamerslootindy.com,https://gamerslootindy.com,shopify,True,5,1,,,24.99,24.99
99bookstores.com,https://99bookstores.com,shopify,True,0,1,shopify_payments,,0,0
alpinewearshop.com,https://alpinewearshop.com,shopify,True,0,1,,,0,0
beoneshopone.com,https://beoneshopone.com,shopify,True,0,1,,,0,0
cliomakeupshop.com,https://cliomakeupshop.com,shopify,True,0,1,,,0,0
homesco.store,https://homesco.store,shopify,True,0,1,shopify_payments,,0,0
homeydeal.shop,https://homeydeal.shop,shopify,True,0,1,shopify_payments,,0,0
ivarclothing.com,https://ivarclothing.com,shopify,True,5,1,,11.11 Clearance Sale|11.11 Clearance Sale|11.11 Clearance Sale,2650.0,3850.0
likshaclothing.com,https://likshaclothing.com,shopify,True,5,1,,,2699.0,3199.0
myfitness.in,https://myfitness.in,shopify,True,5,1,,all|all-products|Almond_Crunch|newlaunch|Oats|all-products|gst_included|natural|single|Smart_Cartaddon,329.0,789.0
nacshealthwellness.org,https://nacshealthwellness.org,shopify,True,0,1,,,0,0
numerounojeanswear.com,https://numerounojeanswear.com,shopify,True,5,1,,men-all|men-new-arrivals-26|men-trousers|pfs:label-NEW|men-all|men-new-arrivals-26|men-t-shirts|pfs:label-NEW|men-all|men-new-arrivals-26,1299.0,2599.0
outletescolar.com.br,https://outletescolar.com.br,woocommerce,False,0,1,,,0,0
parulgargbeauty.com,https://parulgargbeauty.com,shopify,True,5,1,,Lips|795|Best Sellers|Bestseller crayons|Bestsellers|Day & Night Matte Lip Crayon,295.0,1290.0
phdbeauty.com,https://phdbeauty.com,shopify,True,0,1,,,0,0
starkidsstore.co,https://starkidsstore.co,shopify,True,0,1,,,0,0
survaq-store.com,https://survaq-store.com,shopify,True,5,1,,reconvert,100.0,46810.0
tantarainwear.com,https://tantarainwear.com,shopify,True,5,1,,capas intermedias|color_black|gender_men|Gift_Hombres|hombre|color_black|cápsula|mujer|novedades|novedadesmujer,59.0,139.0
wearium.pk,https://wearium.pk,shopify,True,5,1,,men|summer|summer-t-shirt-size-chart|t-shirt|men|summer|summer-t-shirt-size-chart|t-shirt|men|summer,2199.99,2199.99
modeltoycars.com,https://modeltoycars.com,bigcommerce,True,0,1,,,0,0
supplementmart.com.au,https://supplementmart.com.au,shopify,True,5,1,,Best Sellers|Brand: Inno Supps|bundle|General Health|Gut Health|Athlete Approved|Best Sellers|Brand: Pillar Performance|General Health|Magnesium,5.16,86.95
craftsfusion.com,https://craftsfusion.com,woocommerce,True,0,1,,,0,0
ownbosssupplyco.com,https://ownbosssupplyco.com,shopify,True,0,1,,,0,0
watchclick.com,https://watchclick.com,shopify,True,5,1,,::case_color::Silver|::case_diameter::39 mm|::case_material::Stainless steel|::crystal::Sapphire|::dial_color::Silver|::case_color::Silver|::case_diameter::39 mm|::case_material::Stainless steel|::crystal::Sapphire|::dial_color::Black,79.1,819.0
manzetticlothing.com,https://manzetticlothing.com,woocommerce,True,0,1,,,0,0
webmartial.com,https://webmartial.com,magento,True,0,1,,,0,0
unibrands.co,https://unibrands.co,shopify,True,5,1,,0.38mm|badge: Limited Offer|Black Ink|Chamomile|gel click pen|0.5 mm|0.5mm|Alpha Gel Switch|badge: Limited Offer|Best Mechanical Pencil,2.89,26.99
fieracosmetics.com,https://fieracosmetics.com,shopify,True,0,1,,,0,0
glistencosmetics.com,https://glistencosmetics.com,shopify,True,5,1,,HMV|spo-default|spo-disabled|spo-notify-me-disabled|spo-default|spo-disabled|spo-notify-me-disabled|spo-default|spo-disabled|spo-notify-me-disabled,8.0,21.0
portlandgear.com,https://portlandgear.com,shopify,True,5,1,,__label:New|airport|anni|bag|bis-hidden|__label:New|airport|anni|bag|bis-hidden,45.0,129.0
naniswimwear.com,https://naniswimwear.com,shopify,True,5,1,,Beach Break|Blue|full-coverage|Harbor One Piece|L|Beach Break|Blue|Crop|L|M,44.0,104.0
topten-fashion.com,https://topten-fashion.com,magento,True,0,1,,,0,0
sportbuck.com,https://sportbuck.com,magento,True,0,1,,,0,0
nicolsjewelry.com,https://nicolsjewelry.com,prestashop,True,0,1,,,0,0
tamarackcomputers.com,https://tamarackcomputers.com,squarespace,True,0,1,,,0,0
brandfield.fr,https://brandfield.fr,shopify,True,0,1,,,0,0
wertoys.com,https://wertoys.com,bigcommerce,True,0,1,,,0,0
shopi.rs,https://shopi.rs,magento,True,0,1,,,0,0
clionadhcosmetics.com,https://clionadhcosmetics.com,shopify,True,0,1,shopify_payments,,0,0
gymkompaniet.se,https://gymkompaniet.se,magento,True,0,1,,,0,0
photovoltaik-shop.com,https://photovoltaik-shop.com,magento,False,0,1,,,0,0
coffeemanga.io,https://coffeemanga.io,woocommerce,False,0,1,,,0,0
winex.com,https://winex.com,magento,True,0,1,,,0,0
fanaticanimestore.com,https://fanaticanimestore.com,bigcommerce,True,0,1,,,0,0
kiddinx-shop.de,https://kiddinx-shop.de,magento,True,0,1,,,0,0
windycitycigars.com,https://windycitycigars.com,woocommerce,False,0,1,,,0,0
luxuryhotelawards.com,https://luxuryhotelawards.com,woocommerce,True,0,1,,,0,0
mezeaudio.com,https://mezeaudio.com,shopify,True,0,1,shopify_payments,,0,0
pure-gear.com,https://pure-gear.com,magento,True,0,1,,,0,0
hyundaipowerequipment.co.uk,https://hyundaipowerequipment.co.uk,shopify,True,0,1,,,0,0
gardencentar.rs,https://gardencentar.rs,magento,True,0,1,,,0,0
membersports.com,https://membersports.com,woocommerce,False,0,1,,,0,0
wallstwatchdogs.com,https://wallstwatchdogs.com,woocommerce,False,0,1,,,0,0
wanamakids.com,https://wanamakids.com,magento,True,0,1,,,0,0
bulknaturaloils.com,https://bulknaturaloils.com,magento,True,0,1,,,0,0
shoe-materials.com,https://shoe-materials.com,woocommerce,False,0,1,,,0,0
momosports.ca,https://momosports.ca,magento,True,0,1,,,0,0
madisonlighting.com,https://madisonlighting.com,bigcommerce,True,0,1,,,0,0
refreshedgears.com,https://refreshedgears.com,woocommerce,True,0,1,,,0,0
ourchildrenstrust.org,https://ourchildrenstrust.org,magento,True,0,1,,,0,0
gsworkwear.com,https://gsworkwear.com,shopify,False,0,1,,,0,0
furniturepalacekenya.com,https://furniturepalacekenya.com,woocommerce,True,0,1,klarna,,0,0
gameslore.com,https://gameslore.com,magento,False,0,1,,,0,0
modernautoparts.co.za,https://modernautoparts.co.za,shopify,True,0,1,,,0,0
mybeautyroutine.it,https://mybeautyroutine.it,magento,False,0,1,,,0,0
sportime.com.tr,https://sportime.com.tr,shopify,True,0,1,,,0,0
shoefreaks.ca,https://shoefreaks.ca,shopify,True,5,1,,2 pc. Set|2 pc. Set_Standard|animal|Apparel|leopard|Apparel|Dance Wear|Lingerie|Roma|Sling,52.0,196.0
watchstoreindia.com,https://watchstoreindia.com,woocommerce,True,0,1,,,0,0
petajanebeauty.com,https://petajanebeauty.com,shopify,True,0,1,,,0,0
communitygarden.org,https://communitygarden.org,wix,False,0,1,,,0,0
cbdwelt.de,https://cbdwelt.de,woocommerce,True,0,1,,,0,0
sunwestfurniture.com,https://sunwestfurniture.com,shopify,True,0,1,,,0,0
aurabeautyclub.com.br,https://aurabeautyclub.com.br,shopify,True,0,1,,,0,0
esprit-padel-shop.com,https://esprit-padel-shop.com,shopify,True,0,1,,,0,0
vapexyz.com,https://vapexyz.com,woocommerce,True,0,1,,,0,0
mysport.lv,https://mysport.lv,magento,True,0,1,,,0,0
teatris.lv,https://teatris.lv,shopify,False,0,1,,,0,0
click2pharmacy.co.uk,https://click2pharmacy.co.uk,woocommerce,False,0,1,,,0,0
multilighting.ca,https://multilighting.ca,magento,True,0,1,,,0,0
stoys.co,https://stoys.co,woocommerce,False,0,1,,,0,0
bankbeer24.ru,https://bankbeer24.ru,woocommerce,True,0,1,,,0,0
coffeemanga.moe,https://coffeemanga.moe,woocommerce,False,0,1,,,0,0
tiendaskin.shop,https://tiendaskin.shop,shopify,True,0,1,,,0,0
daniels-shop.de,https://daniels-shop.de,woocommerce,False,0,1,,,0,0
stagescycling.com,https://stagescycling.com,magento,True,0,1,,,0,0
laptopengine.com,https://laptopengine.com,woocommerce,True,0,1,,,0,0
biometricsupply.com,https://biometricsupply.com,woocommerce,False,0,1,,,0,0
vivaperformance.com,https://vivaperformance.com,bigcommerce,True,0,1,,,0,0
secretkitchen.dk,https://secretkitchen.dk,magento,True,0,1,paypal,,0,0
dipelectronicslabshop.in,https://dipelectronicslabshop.in,woocommerce,True,0,1,,,0,0
nutritionaustralia.org,https://nutritionaustralia.org,woocommerce,False,0,1,,,0,0
audiostream.com.br,https://audiostream.com.br,woocommerce,False,0,1,,,0,0
autosupply.co.za,https://autosupply.co.za,woocommerce,True,0,1,,,0,0
umaiclothing.com,https://umaiclothing.com,shopify,True,0,1,,,0,0
fragrance-nevaeh.com,https://fragrance-nevaeh.com,shopify,True,0,1,,,0,0
prokitchensoftware.com,https://prokitchensoftware.com,woocommerce,False,0,1,,,0,0
spicebar.de,https://spicebar.de,magento,True,0,1,,,0,0
herbolarionavarro.es,https://herbolarionavarro.es,magento,False,0,1,,,0,0
pmcjewellery.com,https://pmcjewellery.com,shopify,True,0,1,,,0,0
pharma360.fr,https://pharma360.fr,prestashop,False,0,1,,,0,0
thebeautysecrets.com,https://thebeautysecrets.com,shopify,True,0,1,,,0,0
dojinwatch.com,https://dojinwatch.com,woocommerce,False,0,1,,,0,0
yallsweettea.com,https://yallsweettea.com,shopify,True,0,1,shopify_payments,,0,0
themercerbrand.com,https://themercerbrand.com,shopify,False,0,1,,,0,0
fineclothing.com,https://fineclothing.com,magento,True,0,1,,,0,0
brands1969.com,https://brands1969.com,woocommerce,True,0,1,,,0,0
huntlabgear.com,https://huntlabgear.com,woocommerce,True,0,1,,,0,0
maruticrafts.com,https://maruticrafts.com,woocommerce,True,0,1,,,0,0
store4riders.com,https://store4riders.com,magento,True,0,1,,,0,0
thepremiumcourse.com,https://thepremiumcourse.com,woocommerce,True,0,1,,,0,0
brandzz.co.za,https://brandzz.co.za,woocommerce,False,0,1,,,0,0
pack-store.com,https://pack-store.com,woocommerce,True,0,1,,,0,0
wolfautoparts.com,https://wolfautoparts.com,magento,True,0,1,,,0,0
wholesalemegamart.com,https://wholesalemegamart.com,woocommerce,True,0,1,,,0,0
bazooka-shop.org,https://bazooka-shop.org,opencart,False,0,1,,,0,0
skylarkbookshop.com,https://skylarkbookshop.com,squarespace,True,0,1,,,0,0
martexplore.com,https://martexplore.com,shopify,True,0,1,,,0,0
sportsavenue.co.uk,https://sportsavenue.co.uk,magento,True,0,1,,,0,0
genericperfumes.com,https://genericperfumes.com,opencart,True,0,1,,,0,0
beautyboxjo.com,https://beautyboxjo.com,shopify,True,0,1,,,0,0
sportsmanfulfillment.com,https://sportsmanfulfillment.com,bigcommerce,False,0,1,,,0,0
melrosestore.com,https://melrosestore.com,magento,False,0,1,,,0,0
artoftea.ru,https://artoftea.ru,opencart,False,0,1,,,0,0
worldofwondertoys.ie,https://worldofwondertoys.ie,woocommerce,True,0,1,,,0,0
nuxaudio.com,https://nuxaudio.com,woocommerce,False,0,1,,,0,0
everydayweldingsupplies.com,https://everydayweldingsupplies.com,opencart,False,0,1,,,0,0
j-camera.net,https://j-camera.net,shopify,False,0,1,,,0,0
ebeddingsets.com,https://ebeddingsets.com,woocommerce,True,0,1,,,0,0
furniturebox.co.uk,https://furniturebox.co.uk,bigcommerce,True,0,1,paypal,,0,0
colourindiacrafts.com,https://colourindiacrafts.com,woocommerce,True,0,1,,,0,0
martolvan.is,https://martolvan.is,magento,True,0,1,,,0,0
keysoft.store,https://keysoft.store,woocommerce,False,0,1,,,0,0
storeapps.org,https://storeapps.org,woocommerce,False,0,1,stripe,,0,0
probikeshop.it,https://probikeshop.it,shopify,True,0,1,,,0,0
ferivisport.hr,https://ferivisport.hr,magento,True,0,1,,,0,0
dantesports.com,https://dantesports.com,woocommerce,True,0,1,,,0,0
vintagewholesalespain.com,https://vintagewholesalespain.com,shopify,True,0,1,shopify_payments,,0,0
skincarebd.com,https://skincarebd.com,woocommerce,True,0,1,,,0,0
bellacoastaldecor.com,https://bellacoastaldecor.com,bigcommerce,True,0,1,,,0,0
vitaminbolt.net,https://vitaminbolt.net,woocommerce,False,0,1,,,0,0
cfsbrands.com,https://cfsbrands.com,bigcommerce,False,0,1,,,0,0
the-body-shop.hu,https://the-body-shop.hu,magento,True,0,1,,,0,0
mjus-shop.com,https://mjus-shop.com,magento,True,0,1,,,0,0
globalwellnesssummit.com,https://globalwellnesssummit.com,woocommerce,True,0,1,,,0,0
ayoubcomputers.com,https://ayoubcomputers.com,bigcommerce,False,0,1,,,0,0
calaiswine.co.uk,https://calaiswine.co.uk,magento,True,0,1,,,0,0
watchesforless.ae,https://watchesforless.ae,woocommerce,True,0,1,,,0,0
revolutiongear.com,https://revolutiongear.com,bigcommerce,True,0,1,,,0,0
odekolon-shop.ru,https://odekolon-shop.ru,opencart,True,0,1,,,0,0
luxurytime.in,https://luxurytime.in,woocommerce,False,0,1,,,0,0
reitsport-manski.de,https://reitsport-manski.de,shopify,False,0,1,,,0,0
australianphone.com.au,https://australianphone.com.au,opencart,False,0,1,,,0,0
altersmoke.gr,https://altersmoke.gr,woocommerce,True,0,1,,,0,0
monkeysportseurope.com,https://monkeysportseurope.com,magento,True,0,1,,,0,0
tealca.com,https://tealca.com,woocommerce,False,0,1,,,0,0
sugarfreeshops.com,https://sugarfreeshops.com,magento,True,0,1,klarna,,0,0
rev6sports.com,https://rev6sports.com,woocommerce,False,0,1,,,0,0
lumineorganics.com,https://lumineorganics.com,shopify,True,0,1,shopify_payments,,0,0
bluebreezestore.com,https://bluebreezestore.com,woocommerce,False,0,1,,,0,0
hifiaudio.com.ua,https://hifiaudio.com.ua,opencart,True,0,1,,,0,0
milkymotorsports.com,https://milkymotorsports.com,shopify,True,0,1,,,0,0
motorsport.se,https://motorsport.se,magento,True,0,1,,,0,0
proswimwear.com,https://proswimwear.com,magento,False,0,1,paypal|adyen,,0,0
shop42.org,https://shop42.org,bigcommerce,False,0,1,,,0,0
team-outdoors.eu,https://team-outdoors.eu,opencart,True,0,1,,,0,0
amp-motorsport.com,https://amp-motorsport.com,prestashop,True,0,1,,,0,0
arirunningstore.com,https://arirunningstore.com,magento,True,0,1,,,0,0
clubcompetitions-shop.com,https://clubcompetitions-shop.com,shopify,False,0,1,,,0,0
bsautoaccessories.com,https://bsautoaccessories.com,woocommerce,True,0,1,,,0,0
hallofbrands.gr,https://hallofbrands.gr,opencart,False,0,1,,,0,0
ashleypiercingjewelry.com,https://ashleypiercingjewelry.com,shopify,False,0,1,,,0,0
portlandfurnituremattress.com,https://portlandfurnituremattress.com,shopify,True,0,1,,,0,0
selectfitness.com,https://selectfitness.com,shopify,True,0,1,,,0,0
shopsohobloo.com,https://shopsohobloo.com,shopify,True,0,1,,,0,0
dpharmacy.gr,https://dpharmacy.gr,magento,True,0,1,,,0,0
georgiadisaccessories.com,https://georgiadisaccessories.com,opencart,False,0,1,,,0,0
elsasfurniture.com,https://elsasfurniture.com,shopify,True,0,1,,,0,0
discountcomputerdepot.com,https://discountcomputerdepot.com,bigcommerce,True,0,1,,,0,0
siraatskitchen.com,https://siraatskitchen.com,shopify,True,0,1,,,0,0
tuttosport.com.tn,https://tuttosport.com.tn,prestashop,False,0,1,,,0,0
renusupplies.com,https://renusupplies.com,bigcommerce,True,0,1,,,0,0
simplyspecialcrafts.com,https://simplyspecialcrafts.com,bigcommerce,True,0,1,,,0,0
andiotwatches.vip,https://andiotwatches.vip,opencart,False,0,1,,,0,0
unitedhotelsupply.com,https://unitedhotelsupply.com,woocommerce,True,0,1,,,0,0
shoptjbc.com,https://shoptjbc.com,shopify,True,5,1,,brake|Brake lever|brake line|Brakes|DS-2026|2003-honda-vtx1300-esr8339638|2004-2017-honda-vtx1300-esr4425639|DS|DS-2026|no_fitment_widget,6.22,278.66
babydash.com.my,https://babydash.com.my,magento,True,0,1,,,0,0
empowerlaptop.com,https://empowerlaptop.com,woocommerce,False,0,1,,,0,0
esportesdavez.com,https://esportesdavez.com,woocommerce,False,0,1,,,0,0
brandschutz-zentrale.de,https://brandschutz-zentrale.de,woocommerce,True,0,1,,,0,0
gamesworldegypt.com,https://gamesworldegypt.com,opencart,False,0,1,,,0,0
djaksport.ba,https://djaksport.ba,magento,True,0,1,,,0,0
teachingmama.org,https://teachingmama.org,woocommerce,False,0,1,,,0,0
diywatch.club,https://diywatch.club,squarespace,False,0,1,,,0,0
imssupply.com,https://imssupply.com,magento,True,0,1,stripe,,0,0
daltonsfarmtoys.com,https://daltonsfarmtoys.com,woocommerce,False,0,1,,,0,0
freeshop.it,https://freeshop.it,magento,False,0,1,,,0,0
dustandcream.gr,https://dustandcream.gr,magento,True,0,1,,,0,0
mkaudio.hu,https://mkaudio.hu,woocommerce,True,0,1,,,0,0
motosport.com.ar,https://motosport.com.ar,woocommerce,False,0,1,,,0,0
organicmandya.com,https://organicmandya.com,shopify,True,0,1,,,0,0
thunderbirdsupply.com,https://thunderbirdsupply.com,bigcommerce,True,0,1,,,0,0
supplycrew.com.au,https://supplycrew.com.au,bigcommerce,False,0,1,,,0,0
shopnovalift.com,https://shopnovalift.com,shopify,True,0,1,,,0,0
advision-ecommerce.com,https://advision-ecommerce.com,prestashop,False,0,1,,,0,0
dropsize.store,https://dropsize.store,shopify,True,0,1,,,0,0
vapeclubth.org,https://vapeclubth.org,woocommerce,False,0,1,,,0,0
speedsports.pk,https://speedsports.pk,shopify,True,0,1,,,0,0
korean-skincare.de,https://korean-skincare.de,shopify,True,5,1,,New|Serums|Treatments|New|Serums|Treatments|Face Creams|Moisturizers|New|Exfoliating Toners,14.41,23.95
bestbassgear.com,https://bestbassgear.com,magento,True,0,1,,,0,0
chateaugateaux.co.za,https://chateaugateaux.co.za,woocommerce,False,0,1,,,0,0
unmannedtechshop.co.uk,https://unmannedtechshop.co.uk,shopify,True,5,1,,18650|18650 battery|1S Battery|3200mAh battery|Batteries|GNSS|GNSS Module|GPS|GPS Module|GPS Modules,1.49,293.0
superteamwheels.com,https://superteamwheels.com,shopify,True,0,1,shopify_payments,,0,0
treasurywineshop.com,https://treasurywineshop.com,shopify,True,0,1,,,0,0
welcomebaby.com.tr,https://welcomebaby.com.tr,shopify,False,0,1,,,0,0
wholesalefashiontrends.com,https://wholesalefashiontrends.com,shopify,True,5,1,,2PC. SETS|BLOUSE|BUTTON CLOSURE|BUTTON UP|COLLAR|2PC. SETS|BUTTON CLOSURE|CONTEMPORARY|ELASTIC WAIST|FALL,46.5,103.25
vitalitynutrition.com,https://vitalitynutrition.com,shopify,True,0,1,,,0,0
ssfurnituregallerynj.com,https://ssfurnituregallerynj.com,shopify,True,5,1,,bedroom|bedroom-set|Brand_FOA|Collection_Cleburne|Color_Light Gray|bed-pillow|Brand_Ashley|Collection_Nectar Classic|Color_White|consumer-assembly_no-assembly-required,60.26,3238.2
shopdonghai.com,https://shopdonghai.com,shopify,True,5,1,,brandnu|Chất liệu_Leather|GROUP_JC63|hangmoinu|moi|brandnu|Chất liệu_Leather|GROUP_JC63|hangmoinu|moi,2250000.0,3850000.0
northernfitness.ca,https://northernfitness.ca,shopify,True,5,1,,1.5_s_ben_sb|1.5_s_ben_wb|Adjustable Bench|Bench|Benches|LTL|northern lights|Orion|Strength|LTL,649.0,1999.0
oliversbabycare.co.uk,https://oliversbabycare.co.uk,woocommerce,True,0,1,paypal,,0,0
newgarden.com.ar,https://newgarden.com.ar,magento,True,0,1,,,0,0
vapestation.pk,https://vapestation.pk,woocommerce,False,0,1,,,0,0
tradevanaccessories.co.uk,https://tradevanaccessories.co.uk,bigcommerce,True,0,1,,,0,0
magazineshop.us,https://magazineshop.us,shopify,True,5,1,,BTS|kpop|Music|Music Icons|People Inc|3P Client|Hunting Rifles|Men's|Men's Interest|Modern Rifles,5.99,25.0
elare.store,https://elare.store,shopify,True,0,1,,,0,0
furniturehomestorehanford.com,https://furniturehomestorehanford.com,shopify,True,5,1,,bed-pillow|Brand_Ashley|Collection_Nectar Classic|color_white|consumer-assembly_no-assembly-required|bed-pillow|Brand_Ashley|Collection_DreamCloudTM Classic|color_white|consumer-assembly_no-assembly-required,18.0,758.1
monolith-shop.eu,https://monolith-shop.eu,shopify,True,5,1,,brand_Gourmande Girls Cosmetics|gourmande girls bleeding hearts|Gourmande Girls Cosmetics|Gourmande Girls Cosmetics Apparition Palette|Gourmande Girls Cosmetics Deutschland kaufen|Berry ice Simply Posh|Black Cherry Eyeshadow Palette Simply Posh|brand_Simply Posh Cosmetics|color_|colorName_,15.5,69.5
totallybranded.co.uk,https://totallybranded.co.uk,shopify,True,5,1,,clothing|clothing_by_size|fashion|hi_vis_jumpers|hi_vis_ppe|clothing|clothing_by_size|fashion|hi_vis_jumpers|hi_vis_ppe,19.0,139.0
perfumefresh.com,https://perfumefresh.com,woocommerce,True,0,1,,,0,0
cyclingfactory.be,https://cyclingfactory.be,wix,False,0,1,,,0,0
plourdefurniturecompany.com,https://plourdefurniturecompany.com,shopify,True,5,1,,1000-1500|Brand_Liberty|cabinet|Collection_Westridge|color_two-tone|1000-1500|Brand_Liberty|cabinet|Collection_Westridge|color_two-tone,465.0,1275.0
iglusport.si,https://iglusport.si,magento,True,0,1,,,0,0
gardencup.com,https://gardencup.com,shopify,True,5,1,,12oz|category_Chia Puddings|Chia Puddings|Dairy Free|dietary preference_Dairy Free|12oz|category_Chia Puddings|Chia Puddings|Dairy Free|dietary preference_Dairy Free,11.75,98.21
shopperslighting.com,https://shopperslighting.com,shopify,True,0,1,,,0,0
golfkids.co.il,https://golfkids.co.il,magento,True,0,1,,,0,0
theproaudiofiles.com,https://theproaudiofiles.com,woocommerce,False,0,1,,,0,0
mion-store.com,https://mion-store.com,shopify,True,5,1,,Artist: Al Di Meola|New Arrivals|standard_vinyl_product|Artist: The Scott Hamilton Quartet|New Arrivals|standard_vinyl_product|artist:Peter & Gordon|release_product|Artist: Rickie Lee Jones|New Arrivals,600.0,9999999.0
originalretrobrand.com,https://originalretrobrand.com,shopify,True,5,1,,All Products|College|College: Purdue Boilermakers|Tri-Blend|All Products|Tacoma Rainiers|Tri-Blend|YOUTH|All Products|College: Washington Huskies,21.99,59.99
weare365.io,https://weare365.io,wix,False,0,1,,,0,0
fashion-fabric.ru,https://fashion-fabric.ru,opencart,False,0,1,,,0,0
propetfootwear.com,https://propetfootwear.com,bigcommerce,False,0,1,,,0,0
wowtea.eu,https://wowtea.eu,woocommerce,False,0,1,,,0,0
absolutefencinggear.com,https://absolutefencinggear.com,magento,True,0,1,,,0,0
sportpirate.com,https://sportpirate.com,woocommerce,False,0,1,,,0,0
shopcwo.com,https://shopcwo.com,shopify,True,5,1,,style-tag:Arena Forged AF111 Goliath Gloss Black|style-tag:Arena Forged AF111 Goliath Gloss Black|style-tag:Arena Forged AF105 Imperial Dually Gloss Black|style-tag:Arena Forged AF105 Imperial Dually Gloss Black|style-tag:Arena Forged AF111 Goliath Gloss Black,1425.0,1540.0
gameshack.ca,https://gameshack.ca,shopify,True,5,1,,Category_All Products/Board Games|PRO-PRE|Category_All Products/Board Games|PRO-PRE|Category_All Products/Board Games|PRO-PRE|Category_All Products/Board Games|PRO-PRE|Category_All Products/Board Games|PRO-PRE,62.99,95.99
stadiumcustomkicks.com,https://stadiumcustomkicks.com,shopify,True,5,1,,shoerepairglue.com|SLEEFS|neon orange|SLEEFS|baseball|cleats|elephant|elephant print|fade|baseball,12.95,585.0
thewcsupply.com,https://thewcsupply.com,shopify,True,5,1,,Wall Cabinets|Wall Cabinets|Base Cabinets|Base Cabinets W/Rollout Trays|JSI - Base Cabinet|lifestyle:trenton_recessed|Base Cabinets|Base Cabinets|Base Cabinets with Pullout|lifestyle:amesbury_mist,197.5,1856.7
armansfinejewellery.com,https://armansfinejewellery.com,shopify,True,5,1,,Gemstone|Gemstone_Aquamarine|Kids Diamond Jewellery|Style_Bezel Set|Style_Studs|Gemstone|Gemstone_Aquamarine|Style_Studs|Type_Earrings|Gemstone,1200.0,31400.0
nydancestore.com,https://nydancestore.com,magento,True,0,1,,,0,0
randmvape-shop.net,https://randmvape-shop.net,shopify,True,5,1,,,15.99,29.99
hellorebattahomestore.com,https://hellorebattahomestore.com,shopify,True,5,1,,1000-1500|500-1000|bed|bedroom|Brand_FOA|500-1000|bed|bedroom|Brand_FOA|Collection_Kamalah,630.0,3658.0
evelinecosmetics.de,https://evelinecosmetics.de,shopify,True,5,1,,brand::Diamond|collection::lip_glosses|collection::lip_maximizer|collection::lips_makeup|collection::makeup|active_ingredients::peptides|collection::care|collection::eye_cream|collection::face_care|collection::K-Beauty,3.99,7.99
mayorelectronics.es,https://mayorelectronics.es,magento,True,0,1,,,0,0
alishaperfumes.cl,https://alishaperfumes.cl,prestashop,True,0,1,,,0,0
anneclairebaby.com,https://anneclairebaby.com,shopify,True,5,1,,W12_26|W12_26|W12_26,260.0,619.0
beautymall.bg,https://beautymall.bg,opencart,False,0,1,,,0,0
sneakers.com.ua,https://sneakers.com.ua,opencart,False,0,1,,,0,0
tout-pour-phone.com,https://tout-pour-phone.com,prestashop,False,0,1,,,0,0
wabisabi-store.jp,https://wabisabi-store.jp,shopify,True,5,1,,japanese traditional item|jinbei|men yukata|other goods|other products|cup|goods|inne|japonski kubek starbucks|kubek,55.3,396.29
beauty-now.com.ar,https://beauty-now.com.ar,woocommerce,True,0,1,,,0,0
maxmotorsport.co.za,https://maxmotorsport.co.za,shopify,True,5,1,,BYD Shark|BYD Shark 6 (25-On) Models|Category_Bakkie | 4x4 | SUV|Category_Featured Products|easter deals|Category_Car Audio|Category_Car Audio/Amplifiers|LUMINA AUDIO|Monoblock Amplifier|Audio Combo,229.0,27999.0
moreshopping.com,https://moreshopping.com,shopify,True,5,1,,Chargers|Chargers & Cables|Havit|Mobile Accessories|New Arrival|1.7L electric kettle|2200W kettle|Braun|Braun Breakfast1 kettle|Braun electric kettle,659.0,2299.0
perfumehousebd.com,https://perfumehousebd.com,woocommerce,True,0,1,,,0,0
yz-store.com,https://yz-store.com,shopify,True,5,1,,2026年2月〜2026年4月|2026年3月|Appify:Restock|label__new|Tシャツ/ロンT|2026年2月〜2026年4月|2026年3月|Appify:Restock|label__new|younger song20260313,5500.0,8500.0
apollosports.pk,https://apollosports.pk,shopify,True,5,1,,Brand|JOMA|Mens|Mens Footwear|Running Shoes|Brand|Football|Football Shoes|JOMA|Mens,2500.0,18000.0
cukrfreeshop.cz,https://cukrfreeshop.cz,woocommerce,True,0,1,,,0,0
mymart.com.sa,https://mymart.com.sa,opencart,True,0,1,,,0,0
orangegardennj.com,https://orangegardennj.com,shopify,True,5,1,,ORGANIC SOIL|SCREENED TOPSOIL|HARDWOOD MULCH|ORGANIC SOIL|ORGANIC SOILS|RAISED BED SOIL|SOIL CONDITIONER|hide__price|hide__price,18.99,55.0
nayabjewellery.com,https://nayabjewellery.com,shopify,True,0,1,,,0,0
toyspace.se,https://toyspace.se,magento,True,0,1,,,0,0
puntonlineshop.com,https://puntonlineshop.com,magento,True,0,1,paypal,,0,0
modestofurniturestore.com,https://modestofurniturestore.com,shopify,True,5,1,,fee|recycling-fee|service|under-500|bed-pillow|Brand_Ashley|Collection_Nectar Classic|Color_White|consumer-assembly_no-assembly-required|bed-pillow,18.0,3048.0
makezbrightgifts.com,https://makezbrightgifts.com,shopify,True,5,1,,hide from search|Gift|Lamp|LED|Light|Night|YN497|YN495,9.99,39.99
graphicaudiointernational.net,https://graphicaudiointernational.net,magento,True,0,1,,,0,0
cognitomotorsports.com,https://cognitomotorsports.com,magento,True,0,1,,,0,0
canadavapes.com,https://canadavapes.com,woocommerce,True,0,1,,,0,0
economycandy.com,https://economycandy.com,woocommerce,True,0,1,,,0,0
velik-shop.com.ua,https://velik-shop.com.ua,woocommerce,True,0,1,,,0,0
apothecopharmacy.com,https://apothecopharmacy.com,woocommerce,False,0,1,,,0,0
lifegadgetnews.com,https://lifegadgetnews.com,woocommerce,False,0,1,,,0,0
wealthanddecor.com,https://wealthanddecor.com,woocommerce,True,0,1,,,0,0
eclipsestores.com,https://eclipsestores.com,shopify,True,5,1,,00523-0273|Gold|New|00523-0272|Gold|New|00522-0233|Gold|New|00343-0474,14.99,44.99
betili-shop.com,https://betili-shop.com,magento,True,0,1,,,0,0
nbtclothing.com,https://nbtclothing.com,shopify,True,5,1,,pickystory|spo-cs-disabled|spo-default|spo-disabled|spo-notify-me-disabled|pickystory|spo-cs-disabled|spo-default|spo-disabled|spo-notify-me-disabled,38.0,392.25
krale-wholesale.com,https://krale-wholesale.com,magento,True,0,1,,,0,0
archerscoffee.com,https://archerscoffee.com,shopify,True,5,1,,1 kilogram|100 grams|200 grams|archers coffee|coffee|archers coffee|coffee|drip coffee|specialty coffee|1 kilogram,55.0,1748.0
samsmotorsports.com,https://samsmotorsports.com,opencart,True,0,1,,,0,0
selecteyewear.com,https://selecteyewear.com,shopify,True,0,1,,,0,0
floors4you.store,https://floors4you.store,woocommerce,True,0,1,,,0,0
nitrosports.ie,https://nitrosports.ie,magento,True,0,1,,,0,0
emmywatch.com,https://emmywatch.com,woocommerce,True,0,1,stripe,,0,0
luxuryperfume.com.my,https://luxuryperfume.com.my,woocommerce,True,0,1,,,0,0
shopdongho.com,https://shopdongho.com,woocommerce,False,0,1,,,0,0
crypsbeauty.com,https://crypsbeauty.com,woocommerce,True,0,1,,,0,0
onebeautyworld.com,https://onebeautyworld.com,magento,True,0,1,,,0,0
safetygear.com,https://safetygear.com,shopify,True,5,1,,,35.29,45.19
novoshoes.co.nz,https://novoshoes.co.nz,magento,True,0,1,,,0,0
organicsbestshop.com,https://organicsbestshop.com,shopify,True,0,1,,,0,0
caagearup.com,https://caagearup.com,woocommerce,True,0,1,klarna,,0,0
trekkersport.com.pl,https://trekkersport.com.pl,magento,True,0,1,,,0,0
nilabeautys.com,https://nilabeautys.com,shopify,True,5,1,,,9.99,79.99
thecoffeemonsterzco.com,https://thecoffeemonsterzco.com,shopify,True,5,1,,#stickynotestickynotes|04042026|04042026special|calendar|schedule|04042026|04042026special|chips|snacking|snacks,2.3,5.75
uptownmattressandfurniture.com,https://uptownmattressandfurniture.com,shopify,True,0,1,,,0,0
juliafashionshop.com,https://juliafashionshop.com,shopify,True,5,1,,260319|Little White|Mini|Ruffle|Sleeveless|260319|Clothing|Jackets|wiwo|XKD,57.39,126.39
42krunning.com,https://42krunning.com,woocommerce,False,0,1,,,0,0
arkhamgamesandcomics.com,https://arkhamgamesandcomics.com,shopify,True,0,1,,,0,0
goliath-store.com,https://goliath-store.com,magento,False,0,1,,,0,0
christophermccandless.info,https://christophermccandless.info,woocommerce,False,0,1,,,0,0
techstorelb.com,https://techstorelb.com,woocommerce,True,0,1,,,0,0
asiacomputer.in,https://asiacomputer.in,woocommerce,True,0,1,,,0,0
watch.rs,https://watch.rs,woocommerce,True,0,1,,,0,0
shuafitness.com,https://shuafitness.com,woocommerce,False,0,1,,,0,0
bootstrapped.ventures,https://bootstrapped.ventures,woocommerce,False,0,1,,,0,0
furniturelandmilwaukee.com,https://furniturelandmilwaukee.com,shopify,True,0,1,,,0,0
5ktoys.com,https://5ktoys.com,shopify,True,5,1,,,30.0,90.0
roycechocolate.com,https://roycechocolate.com,shopify,True,5,1,,Boutique Exclusives Only|Corporate|Ecommerce|Gift|Gift Ideas|Almond|Birthday|Boutique Exclusives Only|Cashew Nut|coconut,18.99,42.99
hemphash.co.uk,https://hemphash.co.uk,shopify,True,0,1,,,0,0
gadgetpilipinas.net,https://gadgetpilipinas.net,woocommerce,True,0,1,,,0,0
30kvape.com,https://30kvape.com,woocommerce,True,0,1,,,0,0
acefurnituredecor.com,https://acefurnituredecor.com,shopify,True,5,1,,bed-pillow|Brand_Ashley|Collection_Nectar Classic|Color_White|consumer-assembly_no-assembly-required|bed-pillow|Brand_Ashley|Collection_DreamCloudTM Classic|Color_White|consumer-assembly_no-assembly-required,61.25,1653.16
clorebeauty.com,https://clorebeauty.com,shopify,True,5,1,,New Arrival|Regular|New Arrival|Regular|New Arrival|Regular|New Arrival|Regular|New Arrival|Regular,16.99,20.99
robinskitchen.com.au,https://robinskitchen.com.au,shopify,False,0,1,,,0,0
kozmoshoes.com,https://kozmoshoes.com,shopify,True,0,1,,,0,0
qualityfurnituredirect.com,https://qualityfurnituredirect.com,shopify,True,0,1,,,0,0
oorejewelry.com,https://oorejewelry.com,shopify,True,0,1,,,0,0
winespectrum.com,https://winespectrum.com,woocommerce,True,0,1,,,0,0
mynextmattress.co.uk,https://mynextmattress.co.uk,magento,False,0,1,,,0,0
gearelevation.com,https://gearelevation.com,shopify,True,5,1,,Color Changing Liquid Medicine Bottle Light|decor lighting|decoration lights|decorative lights|garden lights|Garden|garden decoration|garden statue|Gardening|gardening needs,24.99,479.99
kidoriman.com,https://kidoriman.com,shopify,True,5,1,,Embroidery|new|Sweatshirts|Tops|warm|new|T-Shirts|Tops|Bundles|Bundles,49.95,174.95
deuscustoms.eu,https://deuscustoms.eu,shopify,True,5,1,,2026 NHSS-SHA|2026 Spring/Summer (NH) / 2026 Autumn (SH)|coming-soon|Loose Fit|Mens|2026 NHSS-SHA|2026 Spring/Summer (NH) / 2026 Autumn (SH)|Accessories|CLASSIC LOGOS|coming-soon,29.4,89.0
steadygarage.com,https://steadygarage.com,shopify,True,5,1,,Accessories|Merch|PARTS|PARTS. PARTS: Kawasaki Z125 PRO|PARTS. PARTS: Motorcycle Parts|US20|US20|PARTS. P|PARTS. PARTS: Benelli|PARTS. PARTS: BMW,8.0,495.0
pteat.ru,https://pteat.ru,woocommerce,False,0,1,,,0,0
emarketpeople.com,https://emarketpeople.com,shopify,True,5,1,,ABIERTOS|LO NUEVO MUJER|MUJER|Muy bueno - Desapercibidos signos de uso|TEJIDOS / SWEATERS MUJER|ABRIGOS / CHAQUETAS MUJER|LO NUEVO MUJER|MUJER|Muy bueno - Desapercibidos signos de uso|OFICINA,51000.0,92990.0
skyapparel.co,https://skyapparel.co,shopify,True,5,1,,,30000.0,30000.0
shopisadora.com,https://shopisadora.com,shopify,True,5,1,,hair|wigs,25.5,37.5
minmaxgamesfab.com,https://minmaxgamesfab.com,shopify,True,5,1,,Action|Heavy Hitters|HVY247|Majestic|Ninja|Cold Foil|Heavy Hitters|Hero|HVY090|Marvel,5.3,206.0
hardhatgear.com,https://hardhatgear.com,shopify,True,0,1,,,0,0
alssport.es,https://alssport.es,prestashop,False,0,1,,,0,0
aashirwadcomputers.in,https://aashirwadcomputers.in,woocommerce,False,0,1,,,0,0
theorywellness.org,https://theorywellness.org,woocommerce,True,0,1,,,0,0
gibsonsgames.co.uk,https://gibsonsgames.co.uk,shopify,True,0,1,,,0,0
sweethoneyclothing.com,https://sweethoneyclothing.com,shopify,True,5,1,,4-8-26|charming|coming-soon|custom|EasterSale26|4-8-26|Baseball|charming|coming-soon|custom,25.0,45.0
e-toolshop.gr,https://e-toolshop.gr,woocommerce,True,0,1,,,0,0
mastersportdz.store,https://mastersportdz.store,woocommerce,True,0,1,,,0,0
shopstarship.com,https://shopstarship.com,magento,True,0,1,,,0,0
nimebrand.com,https://nimebrand.com,shopify,True,5,1,,,24.99,65.5
pangamajewelry.com,https://pangamajewelry.com,shopify,True,5,1,,pangama|Pink Teardrop Crystal Spacer Charm|pangama|Purple Teardrop Crystal Spacer Charm|Golden Airplane|pangama|Pink Suitcase & Passport Travel Dangle Charm|Cute Seal with Blue Heart Charm|pangama|pangama,27.99,31.99
michebeauty.com,https://michebeauty.com,shopify,True,5,1,,_label_BEST VALUE|_label_New|_label_New|_label_Pre-Order,25.0,115.0
perfumeshop.com.bd,https://perfumeshop.com.bd,woocommerce,True,0,1,,,0,0
pharmacy4pets.fr,https://pharmacy4pets.fr,magento,True,0,1,,,0,0
mrvitamins.com.au,https://mrvitamins.com.au,shopify,True,5,1,,3PL Available|Brand_Youthit|FOCUS: Eye Health|3PL Available|Brand_Youthit|3PL Available|Brand_Youthit|3PL Available|Brand_Youthit|FOCUS: Eye Health,17.77,89.95
shreebeauty.in,https://shreebeauty.in,shopify,True,0,1,,,0,0
thefurniturecompanyga.com,https://thefurniturecompanyga.com,shopify,True,5,1,,filter:Assembly:Assembly Required|filter:Brand:Noble House|filter:Category:Outdoor|filter:Category:Outdoor Chairs|filter:Color:Beige|filter:Brand:Noble House|filter:Category:Outdoor|filter:Category:Outdoor Sets|filter:Color:Black|filter:Color:Dark Gray,269.99,909.99
forestinkclothing.com,https://forestinkclothing.com,shopify,True,5,1,,sale|sale|swimwear|swimwear|swimwear,35.0,98.0
salomonsports.co.za,https://salomonsports.co.za,shopify,True,5,1,,Footwear|Gifts-For-Road-Runners|Ladies|Ladies Footwear|Mens|1 Size Fits All|ACCESS M|ACCESS W|Accessories|C20225,299.0,4499.0
macleodsfurniture.com.au,https://macleodsfurniture.com.au,shopify,True,5,1,,RE excluded,1299.0,2899.0
lethalcosmetics.com,https://lethalcosmetics.com,shopify,True,5,1,,Collab|Dexter|Limited Edition|Collab|Dexter|Limited Edition|nailpolish|Collab|Dexter|Limited Edition,51.0,216.0
ultraluxuryprop.in,https://ultraluxuryprop.in,woocommerce,False,0,1,,,0,0
online-cigars.com,https://online-cigars.com,magento,True,0,1,,,0,0
rovebrand.com,https://rovebrand.com,shopify,True,0,1,,,0,0
tseshop.com,https://tseshop.com,shopify,True,0,1,shopify_payments,,0,0
koreanbeauty.se,https://koreanbeauty.se,shopify,True,0,1,,,0,0
camera-warehouse.com.au,https://camera-warehouse.com.au,magento,True,0,1,,,0,0
watchguys.com,https://watchguys.com,shopify,True,0,1,,,0,0
lithiumpowersports.com,https://lithiumpowersports.com,shopify,True,0,1,shopify_payments,,0,0
foreveringsjewelry.com,https://foreveringsjewelry.com,shopify,True,0,1,,,0,0
teeshoppen.dk,https://teeshoppen.dk,shopify,False,0,1,,,0,0
buyshoes.shop,https://buyshoes.shop,magento,True,0,1,,,0,0
onluxury.ru,https://onluxury.ru,woocommerce,False,0,1,,,0,0
deltamattress.com,https://deltamattress.com,shopify,True,5,1,,delta-mattress-sofa-outlet-eureka-ca|fee|service|under-500|Brand_Homelegance|Collection_Easley|Type_Pouf|bed-pillow|Brand_Ashley|Collection_Nectar Classic,18.0,1097.8
eztoys.com,https://eztoys.com,magento,True,0,1,,,0,0
fragolabrand.com,https://fragolabrand.com,shopify,True,5,1,,ipad|ipad case|ipad|ipad case|ipad|ipad case|case|cover|laptop|macbook,39.9,49.9
acaioutdoorwear.com,https://acaioutdoorwear.com,shopify,True,5,1,,all|breathable|jackets|JLP|New|accessories|all|JLP|New|Socks,15.0,59.0
shoewarehouse.com.au,https://shoewarehouse.com.au,shopify,True,5,1,,Age:Kids|Cat:Light Up|Cat:Sneakers|Depart:Sneakers|Gender:Girls|Age:Kids|Cat:Mary Janes|Cat:Mary-Jane|Depart:School|Gender:Girls,59.0,89.95
raskolapparel.com,https://raskolapparel.com,shopify,True,5,1,,Black|L|M|New Releases|Orange|Black|clearance|L|M|New Releases,10.0,38.0
ugearsmodels.com,https://ugearsmodels.com,shopify,True,0,1,,,0,0
cityfashion.mk,https://cityfashion.mk,woocommerce,True,0,1,,,0,0
action-wear.com,https://action-wear.com,magento,False,0,1,,,0,0
holmwoodsfurniture.com,https://holmwoodsfurniture.com,shopify,True,5,1,,bed-pillow|Brand_Ashley|Collection_Nectar Classic|color_white|consumer-assembly_no-assembly-required|bed-pillow|Brand_Ashley|Collection_DreamCloudTM Classic|color_white|consumer-assembly_no-assembly-required,69.0,1729.0
schee.shop,https://schee.shop,shopify,True,0,1,,,0,0
thebostonbrand.com,https://thebostonbrand.com,shopify,True,5,1,,cinco bolsillos|col_empleados|coleccion|coleccion 2|pantalones|cinco bolsillos|col_empleados|coleccion|coleccion 2|pantalones,29.99,39.99
twisteddough.shop,https://twisteddough.shop,shopify,True,5,1,,bestseller|Confetti Cupcake|Confetti Cupcake Cookie Dough|Confetti Cupcake Twisted Cookie Dough|Twisted Cookie Dough Confetti Cupcake|Cookie Dough|Els PW 31188:44114807095536|Original Dough|Original Dough Twisted Cookie Dough|twisted cookie dough,7.0,18.99
legourmetcentral.com,https://legourmetcentral.com,bigcommerce,True,0,1,,,0,0
aizadecor.com,https://aizadecor.com,woocommerce,True,0,1,,,0,0
icandyworld.com,https://icandyworld.com,shopify,True,5,1,,Accessories|Accessories. Accessories. Accessories: Parasols Screens & Raincovers|Accessories. Accessories: Parasols|Accessories. Accessories: Peach|Accessories|Accessories. Accessories: Parasols|Accessories. Accessories: Parasols Screens & Raincovers|Pushchairs & Prams. Pushchairs & Prams: iCandy Core|Accessories|Accessories. Accessories: Core,33.0,199.0
marlasfashions.com,https://marlasfashions.com,shopify,True,5,1,,2025|color-black|color-lightgreen|color-lightgreen-sage|color-sage|2018|all-dresses|aum121123|cocktail|color-earth,269.0,504.0
sweetelaineboutique.com,https://sweetelaineboutique.com,shopify,True,0,1,,,0,0
pertronixbrands.com,https://pertronixbrands.com,shopify,True,0,1,,,0,0
claramorganestore.com,https://claramorganestore.com,prestashop,False,0,1,,,0,0
questionbeauty.com,https://questionbeauty.com,shopify,True,5,1,,Mascara|Best Seller|Mascara|Black Friday|Mystery Box|Primer|Set,26.0,221.12
capsapparel.com,https://capsapparel.com,shopify,True,5,1,,2023|__label:CUSTOMIZE|Printful_personalized_product|2026|CAPS|caps suitable for exchange|2026|CAPS|caps suitable for exchange|2026,37.0,52.0
alfaventas.store,https://alfaventas.store,shopify,True,5,1,,,69950.0,115500.0
alteregorunning.com,https://alteregorunning.com,shopify,True,0,1,,,0,0
alvapersonalcare.com.br,https://alvapersonalcare.com.br,shopify,True,5,1,,bogos-gift|Body&Hair|Kit|linha capilar|promo|Vegano|Body&Hair|linha capilar|promo|Vegano,32.0,95.9
amnutrition.fr,https://amnutrition.fr,shopify,True,5,1,,,39.4,44.7
anwar.store,https://anwar.store,shopify,True,0,1,,,0,0
banaanieyewear.fi,https://banaanieyewear.fi,shopify,True,5,1,,silmälasit|uutuus|silmälasit|uutuus|silmälasit|uutuus|silmälasit|uutuus|silmälasit|uutuus,99.0,99.0
brandstores.gr,https://brandstores.gr,opencart,True,0,1,,,0,0
candymix.fr,https://candymix.fr,shopify,True,5,1,,bonbon|Bonbons ludiques|Bonbons Vrac|vegan|veggie|bonbon|Bonbons ludiques|Bonbons Vrac|vegan|veggie,2.29,24.99
cherriebaby.com.au,https://cherriebaby.com.au,shopify,True,0,1,,,0,0
cigarchief.com,https://cigarchief.com,woocommerce,False,0,1,,,0,0
dinvintageshop.dk,https://dinvintageshop.dk,shopify,True,5,1,,scarf|tørklæde|scarf|tørklæde|ALL|bluse|feedr|onlinelagersalg|POD|jakker,39.0,149.0
edumaiskids.com.br,https://edumaiskids.com.br,woocommerce,True,0,1,,,0,0
emartmall.com.vn,https://emartmall.com.vn,opencart,False,0,1,,,0,0
familyshoecentre.co.za,https://familyshoecentre.co.za,shopify,True,0,1,,,0,0
fashiontiger.nl,https://fashiontiger.nl,shopify,True,5,1,,Broeken|Discountable|NEW|Blouses|Accessoires|Discountable|NEW|Oorbellen|Blouses|lange mouwen,8.99,44.99
fentybeauty.co.uk,https://fentybeauty.co.uk,shopify,True,5,1,,badge|SAVE 20%|catalog-exclude|full-size|Is Batch Controlled|Product Type:Bundle|badge|SAVE 20%|catalog-exclude|full-size|Is Batch Controlled|Product Type:Bundle,50.4,79.2
gadgetshieldz.com,https://gadgetshieldz.com,shopify,True,5,1,,no-cod|skinnova|no-cod|skinnova|applicationtray_hide|flexarmor|Inch-13|no-cod|applicationtray_hide|Inch-14,199.0,2999.0
gardenshop.ua,https://gardenshop.ua,opencart,False,0,1,,,0,0
givemecosmetics.com,https://givemecosmetics.com,shopify,True,5,1,,Gifts|Mystery|NEW IN|outlet|Save on Bundles - Up to 35% off!|Bundle|easter|Gifts|hair|NEW IN,8.99,28.0
guitargeargiveaway.co.uk,https://guitargeargiveaway.co.uk,woocommerce,True,0,1,paypal,,0,0
impress-stores.co.il,https://impress-stores.co.il,woocommerce,True,0,1,,,0,0
instasport.club,https://instasport.club,shopify,True,5,1,,Control|nada-hidden|Babolat|InstaSport India|Padel|Racquet|Advanced|Badminton|Cap|Control,1490.0,12349.0
kitchen-profi.com.ua,https://kitchen-profi.com.ua,opencart,False,0,1,,,0,0
littlerootgames.com,https://littlerootgames.com,shopify,True,0,1,,,0,0
loyecosmetics.com,https://loyecosmetics.com,shopify,True,0,1,,,0,0
mairacosmetics.com,https://mairacosmetics.com,woocommerce,True,0,1,,,0,0
marmaladyclothingbar.com,https://marmaladyclothingbar.com,opencart,True,0,1,,,0,0
merodacosmetics.nl,https://merodacosmetics.nl,shopify,True,5,1,,badge:nieuw|BUNDLE|badge:nieuw|CORE PRODUCT|Single|badge:bestseller|BUNDLE|BUNDLE|CORE PRODUCT|LIVE,22.95,74.06
outletprime.co,https://outletprime.co,shopify,True,0,1,,,0,0
palladiumboots.fr,https://palladiumboots.fr,shopify,True,0,1,,,0,0
pharmacie-cap3000.com,https://pharmacie-cap3000.com,prestashop,True,0,1,,,0,0
protein.com,https://protein.com,shopify,True,5,1,,all products|flavors|ingredients|wellbeing|disable SATCB|disable SATCB,17.99,99.99
prvaudio.com,https://prvaudio.com,woocommerce,True,0,1,,,0,0
retailbox.co.za,https://retailbox.co.za,shopify,True,5,1,,blonde|colour enhancer|colour enhancers|colour treated|dry|colour enhancer|colour enhancers|Leap Year|normal|REF,388.0,515.0
shepherdsfashions.com,https://shepherdsfashions.com,shopify,True,5,1,,02/04/2026|Barrel Jean|Denim|New Arrival|New Arrival Clothing|02/04/2026|New Arrival|New Arrival Clothing|S2026|S26,115.0,145.0
shopbazzar.com.pl,https://shopbazzar.com.pl,woocommerce,False,0,1,,,0,0
shopomag.com.ua,https://shopomag.com.ua,opencart,False,0,1,,,0,0
shopsante.ca,https://shopsante.ca,shopify,True,5,1,,1030|EEQ2025|Goodies|Hidden recommendation|NOTPOS|bundle|bundlegratuit|EEQ2025|gratuit|hide,2.0,24.99
skincareshop.com.bd,https://skincareshop.com.bd,woocommerce,True,0,1,,,0,0
sportfitness.co,https://sportfitness.co,shopify,True,0,1,,,0,0
streetgym.co.za,https://streetgym.co.za,woocommerce,False,0,1,,,0,0
stylishoe.com,https://stylishoe.com,shopify,True,0,1,,,0,0
theaudiostore.in,https://theaudiostore.in,shopify,True,5,1,,,499.0,234990.0
theirongear.com,https://theirongear.com,shopify,True,5,1,,Dry Fit|Men|mens-30|new|Slim Fit|new|Protein|Men|new|Regular Fit,1100.0,22500.0
tyremart.co.za,https://tyremart.co.za,woocommerce,False,0,1,,,0,0
vapevo.com,https://vapevo.com,shopify,True,5,1,,Saveur fruitée|Saveur boisson|Saveur fruitée|Chantilly|Saveur gourmande|Vanille,0.99,9.9
velocityactivewear.com.au,https://velocityactivewear.com.au,shopify,True,5,1,,,62.0,86.0
mamma-shop.com,https://mamma-shop.com,shopify,True,5,1,,Baby på vej|Group:Haakaa_Pineapple_Frysebakke_til_Food_Feeder_Smagesut_|Madopstart|Orange|OUTLET|Baby på vej|Group:Haakaa_Pineapple_Frysebakke_til_Food_Feeder_Smagesut_|Madopstart|OUTLET|Rosa,89.0,239.0
aldoshoes.com.tr,https://aldoshoes.com.tr,shopify,True,5,1,,FW25|FW25-BROWN|FW25-GIFT-WOMENS|FW25-SUEDE|FW25|FW25-BROWN|FW25-GIFT-WOMENS|FW25|FW25|FW25-BROWN,1999.0,3999.0
french-shop.com.ua,https://french-shop.com.ua,opencart,False,0,1,,,0,0
game-on.no,https://game-on.no,shopify,True,5,1,,Montasjeringer|Montasjeringer 21mm|New|Nye produkter - legges ut|RABATTKODE|Kikkertsikte|New|Nye produkter - legges ut|RABATTKODE|Sikter,179.0,6990.0
therunningoutlet.co.uk,https://therunningoutlet.co.uk,shopify,True,5,1,,Men's|Men's Running Shoes|Neutral|New In|Running Shoes|Asics|Neutral|New In|Running Shoes|Running Shoes>>Women's,109.99,129.99
shopfreespirited.com,https://shopfreespirited.com,shopify,True,5,1,,Easter SS|Shopify Collective|Sugar Stitch Wholesale|Easter SS|Shopify Collective|Sugar Stitch Wholesale|Easter SS|Shopify Collective|Sugar Stitch Wholesale|Easter SS,12.0,42.95
herbdoc.com,https://herbdoc.com,shopify,True,5,1,,Skin Health|SPECIFICS|Oral Care|SPECIFICS|Oral Care|SPECIFICS|Energy & Focus|SPECIFICS,8.0,128.0
maplestore.com.au,https://maplestore.com.au,shopify,True,5,1,,Brain Dead|Clothing|Current|Mens|New Arrivals|Brain Dead|Clothing|Current|Mens|New Arrivals,45.0,270.0
elevatecycling.com,https://elevatecycling.com,shopify,True,5,1,,discgroup|seatpost|stem|cages|rimframe|XL,10.0,491.86
tendenzestore.com,https://tendenzestore.com,shopify,True,5,1,,/U7260|129943320|7M001359 AF13862|7M001359 AF13862/U7260|ABBIGLIAMENTO|/UC001|126346619|7M001312 AF13512|7M001312 AF13512/UC001|ABBIGLIAMENTO,92.0,126.0
homeandgardensupply.com,https://homeandgardensupply.com,shopify,True,5,1,,All Lawn and Garden|B2C|Brass|Maunfacturer_Dramm|Use_Commercial|All Lawn and Garden|B2C|Hose|Maunfacturer_Dramm|Use_Commercial,10.99,24.99
tone.shop,https://tone.shop,shopify,True,5,1,,,10.0,42.0
buzzwines.com,https://buzzwines.com,shopify,True,5,1,,Alsace|dry|Europe|France|Grand Cru|Alsace|dry|Europe|France|Grand Cru,99.0,155.0
suppliesforcandles.co.uk,https://suppliesforcandles.co.uk,woocommerce,False,0,1,,,0,0
audiovolt.co.uk,https://audiovolt.co.uk,shopify,True,0,1,,,0,0
sportfish.co.uk,https://sportfish.co.uk,magento,True,0,1,,,0,0
alpenafurniture.net,https://alpenafurniture.net,shopify,True,5,1,,bed-pillow|Brand_Ashley|Collection_Nectar Classic|Color_White|Consumer Assembly_No Assembly Required|bed-pillow|Brand_Ashley|Collection_DreamCloudTM Classic|Color_White|Consumer Assembly_No Assembly Required,55.85,1274.0
silverybrand.com,https://silverybrand.com,shopify,False,0,1,,,0,0
pogoswine.com,https://pogoswine.com,shopify,True,5,1,,PWSMigration|Sold Out|Spirits|Lightspeed|Liquor|Non-discountable|PWSMigration|Non-discountable|PWSMigration|Spirits,31.99,144.88
fenityfashion.com,https://fenityfashion.com,shopify,True,5,1,,skirt|skirts|skirt|skirts|skirt|skirts|Tops|skirt|skirts,70.0,90.0
paprika-shopping.be,https://paprika-shopping.be,shopify,True,0,1,,,0,0
soraclothing.ca,https://soraclothing.ca,shopify,True,5,1,,Reupload|Reupload|Reupload|Reupload|Reupload|T-Shirts,45.0,220.0
wearlila.com,https://wearlila.com,shopify,True,5,1,,birth-gown|emeral|juliet-gown|lila-brand|Limited Time|birth-gown|laura-robe|lila-brand|pink poppy|birth-gown,30.0,79.99
expofurnituregallery.com,https://expofurnituregallery.com,shopify,True,5,1,,Color_Black|Color_Brown|Color_Chocolate|Material_Fabric|Promo Group|Color_Brown|Dining Height_Standard Height|Promo Group|Shape_Round|Style_Contemporary/Modern,195.0,2245.0
charmhomemart.com,https://charmhomemart.com,woocommerce,True,0,1,,,0,0
hipkids.com.au,https://hipkids.com.au,shopify,True,5,1,,Age:3-4|Age:5-6|ages-0-2|ages-3-6|all-ages|Age:3-4|Age:5-6|Age:7+|all-ages|all-categories,29.99,105.0
sorgentepharma.it,https://sorgentepharma.it,opencart,False,0,1,,,0,0
rise-brand.com,https://rise-brand.com,shopify,True,5,1,,WET-0226|RFP-0226|RC-0226|GET-0226|GET-0226,1500.0,3500.0
zenergygame.com,https://zenergygame.com,wix,False,0,1,,,0,0
alecycling.com,https://alecycling.com,shopify,True,5,1,,9043|PGS030317|PREV|store-club|9212|PGS030317|PREV|store-club|001|26-212,34.95,109.95
content-garden.com,https://content-garden.com,woocommerce,False,0,1,,,0,0
vapekit.co.uk,https://vapekit.co.uk,shopify,True,5,1,,50VG/50PG|E-Liquid|Freebase Nicotine|MTL (Mouth to Lung)|Tobacco|10ml|50VG/50PG|Bakery|Biscuit|Cookies,3.49,3.49
merodacosmetics.com,https://merodacosmetics.com,shopify,True,5,1,,badge:new|bundle|badge:new|free|single|sample,22.95,74.06
giftsaustralia.com.au,https://giftsaustralia.com.au,shopify,True,5,1,,18th birthday gifts|21st birthday gifts|25th Birthday Gifts|30th birthday gifts|40th birthday gifts|18th birthday gifts|21st birthday gifts|25th Birthday Gifts|30th birthday gifts|40th birthday gifts,25.0,59.0
prettykittyfashion.co.uk,https://prettykittyfashion.co.uk,shopify,True,5,1,,Bow|Headbands|Headscarves|new|Red|Bridesmaid|Bridesmaid Dresses|Green|meta-size-chart-size2|new,4.99,64.99
fontis-shop.ch,https://fontis-shop.ch,shopify,True,5,1,,Cat_2:Ratgeber| Lebenshilfe| Nachfolge|Cat_3:Wachsen im Glauben|Filter_Autor:Olaf Latzel|Filter_Einbandart:gebunden|Filter_Erschienen:Ja|Cat_1:Bücher|Cat_2:Ratgeber| Lebenshilfe| Nachfolge|Cat_3:Gebet|Filter_Autor:Todd Smith|Filter_Einbandart:Paperback,8.5,27.4
nishikawa-store.com,https://nishikawa-store.com,shopify,True,5,1,,double|double-pad|ECセール|icon__2bbed0__NEW|icon__baaa7d__ネット限定|covering|covering-kake_cover|double|double-covering|ECセール,1210.0,71500.0
gadgetreviewteam.com,https://gadgetreviewteam.com,woocommerce,False,0,1,,,0,0
wineroute.co.il,https://wineroute.co.il,woocommerce,True,0,1,,,0,0
vincishoes.com.br,https://vincishoes.com.br,shopify,True,0,1,shopify_payments,,0,0
gioielleriarosaspina.shop,https://gioielleriarosaspina.shop,shopify,True,5,1,,20|20|20|20|20,3465.0,3530.0
pittieclothing.com,https://pittieclothing.com,shopify,True,5,1,,420 2026|holiday|muscle-tee-fit-chart|NEW|pinkweed|420 2026|happyweed|holiday|muscle-tee-fit-chart|NEW,35.99,39.99
stretchitbodyjewellery.co.uk,https://stretchitbodyjewellery.co.uk,shopify,True,5,1,,15-off|double-flare|new_product|silicone|size-10mm-00g|15-off|double-flare|new_product|silicone|size-10mm-00g,5.0,10.0
cnsupplements.com,https://cnsupplements.com,shopify,True,5,1,,nieuw|bundle|cat-bundels-supp|cat-doelen-maximaal-presteren|cat-doelen-spieropbouw|doel-spieropbouw|bundle|cat-bundels-supp|cat-doelen-spieropbouw|doel-spieropbouw,24.99,116.06
wholesalemakeup.com,https://wholesalemakeup.com,shopify,True,5,1,,Beauty Creations|Concealer|Face|special|Kevin & Coco|Makeup|Mixed Boxes|special|lip gloss|Lips,62.4,771.12
clik2.store,https://clik2.store,shopify,True,5,1,,Automatic Toilet Bowl Cleaner Tablets|Automatic Toilet Bowl Cleaner Tablets|Portable urinal bottle,1299.0,1999.0
truckandgear.com,https://truckandgear.com,opencart,True,0,1,,,0,0
fahrenheitclothing.com,https://fahrenheitclothing.com,woocommerce,True,0,1,,,0,0
focusonfurniture.com.au,https://focusonfurniture.com.au,bigcommerce,True,0,1,,,0,0
gokid.ro,https://gokid.ro,woocommerce,False,0,1,,,0,0
military-shop.ro,https://military-shop.ro,shopify,False,0,1,,,0,0
sperky-eshop.sk,https://sperky-eshop.sk,prestashop,False,0,1,,,0,0
thevapespot.pk,https://thevapespot.pk,woocommerce,True,0,1,,,0,0
fragrancecanada.ca,https://fragrancecanada.ca,shopify,True,5,1,,Armaf|Armaf|Antonio Banderas|Elie Saab|Rihanna,24.95,99.0
tubeuse-cigarette-electrique.fr,https://tubeuse-cigarette-electrique.fr,woocommerce,False,0,1,,,0,0
superbikestore.in,https://superbikestore.in,shopify,True,0,1,,,0,0
rambosfurniture.com,https://rambosfurniture.com,shopify,True,0,1,,,0,0
wine-republic.co.uk,https://wine-republic.co.uk,shopify,True,0,1,,,0,0
kapowtoys.co.uk,https://kapowtoys.co.uk,woocommerce,True,0,1,,,0,0
mijia-shop.com,https://mijia-shop.com,woocommerce,True,0,1,,,0,0
joyashoes.swiss,https://joyashoes.swiss,shopify,True,5,1,,brand_Joya|category_41|color_#D0D4DC|color_Grau|colorName_Grau|brand_Joya|category_31|color_#FFC0CB|color_Pink|colorName_Pink,259.9,369.9
watchportal.com.ph,https://watchportal.com.ph,shopify,True,5,1,,atm_10|bezel_round|display_digital|gender_men|strap_rubber|atm_10|bezel_round|display_digital|gender_men|strap_rubber,4257.0,4788.0
dolitashoes.com,https://dolitashoes.com,shopify,True,5,1,,2026 1|Designers_Premiata|fit|largehalf|FULL|G2|2026 1|Designers_Premiata|fit|true|FULL|G7,250.0,560.0
wearsinder.com,https://wearsinder.com,woocommerce,True,0,1,,,0,0
allbrandsfactoryoutlet.com,https://allbrandsfactoryoutlet.com,shopify,True,0,1,,,0,0
laboiteacailloux.com,https://laboiteacailloux.com,shopify,True,5,1,,Cristal de roche|Liste des Pierres & Mineraux|Nouveautés|Nouveautés Objets|Objet|Collection 7 Chakras|Liste des Pierres & Mineraux|Multi-pierres|Multipierres|Nouveautés,24.9,44.9
negativeapparel.com,https://negativeapparel.com,shopify,True,5,1,,Bottoms|flash|pants|Rwp Outlet|stock 26|dress|dresses|flash|Rwp Outlet|stock 26,2600.0,10400.0
redshedfurniture.com,https://redshedfurniture.com,shopify,True,5,1,,bed-pillow|Brand_Ashley|Collection_Nectar Classic|color_white|consumer-assembly_no-assembly-required|bed-pillow|Brand_Ashley|Collection_DreamCloudTM Classic|color_white|consumer-assembly_no-assembly-required,59.99,489.99
teaktuning.com,https://teaktuning.com,shopify,True,5,1,,barriers|distributorEligible|DistributorObstacle|faire|gray|barriers|faire|gray|grey|madeinroc,11.99,16.2
modernfurniture.com.au,https://modernfurniture.com.au,shopify,True,5,1,,Brand New|Color_Oak / Natural|Color_Walnut / Brown|Decor|Facebook|Apartment Furniture|Brand New|Bunnings|Coffee|coffee table,249.0,749.0
jolynclothing.com,https://jolynclothing.com,shopify,True,5,1,,activity-train|back_type-Fixed-Back|bikini|bust_support-High-Support|core-training|1025-sale-inclusion|1225-winter-warm-up-sale|activity-train|bikini|color-contrast,40.0,46.0
nationallocksupply.com,https://nationallocksupply.com,bigcommerce,True,0,1,,,0,0
headteacher.ng,https://headteacher.ng,woocommerce,False,0,1,,,0,0
mephisto-shoes.com,https://mephisto-shoes.com,prestashop,True,0,1,,,0,0
vapesale24.com,https://vapesale24.com,shopify,True,5,1,,5% Nicotine Vapes|Big Puff Vapes|Deals|Death Row 5000|Disposable Vapes|5% Nicotine Vapes|Big Puff Vapes|Deals|Death Row 7000|Disposable Vapes,9.62,19.0
downunderwatches.com,https://downunderwatches.com,shopify,True,5,1,,Men|All Casio|Analog|Casio Watches|Dress|Men|All Orient|Automatic|Dress|Men,94.0,763.0
mon-fourgon.shop,https://mon-fourgon.shop,woocommerce,False,0,1,,,0,0
aldoshoes.co.il,https://aldoshoes.co.il,magento,True,0,1,,,0,0
laptopfactory.com.ph,https://laptopfactory.com.ph,woocommerce,True,0,1,,,0,0
leonefashion.rs,https://leonefashion.rs,woocommerce,True,0,1,klarna,,0,0
mavin-wear.com,https://mavin-wear.com,shopify,True,5,1,,Black|bogo|bogo|bogo|Black|bogo|Black|bogo,550.0,900.0
neocomputer.md,https://neocomputer.md,opencart,False,0,1,,,0,0
nym-store.com,https://nym-store.com,shopify,True,5,1,,CAPOSPALLA|TSHIRT|TSHIRT|TSHIRT|GIACCA,29.9,49.9
okperfumes.com,https://okperfumes.com,shopify,True,5,1,,DW_ABR_2|Novedad|Novedad|Novedad|Novedad|Novedad,9.95,199.95
vapesocietysupplies.com,https://vapesocietysupplies.com,woocommerce,True,0,1,,,0,0
vzduchotechnika-shop.sk,https://vzduchotechnika-shop.sk,opencart,True,0,1,,,0,0
wearebound.co.uk,https://wearebound.co.uk,shopify,True,5,1,,COLLECTION 19|Porto Archives|Shop|spo-cs-disabled|spo-default|COLLECTION 19|Porto Archives|Shop|spo-cs-disabled|spo-default,50.0,75.0
stealth-gamer.com,https://stealth-gamer.com,magento,True,0,1,,,0,0
outletshopforkids.com.au,https://outletshopforkids.com.au,shopify,True,5,1,,baby girl onesies & bodysuits|NEW ARRIVALS|baby girl onesies & bodysuits|NEW ARRIVALS|baby girl onesies & bodysuits|NEW ARRIVALS|baby girl onesies & bodysuits|NEW ARRIVALS|baby girl onesies & bodysuits|NEW ARRIVALS,20.99,35.97
babyfresh.co,https://babyfresh.co,shopify,True,5,1,,3-6M|black weekend|Briseida x5|cyber2026|Descuento|12-18M|18-24M|2T|3T|4T,19990.0,119990.0
naturalsports.ca,https://naturalsports.ca,shopify,True,5,1,,,7.99,15.99
albayanperfumes.com,https://albayanperfumes.com,shopify,True,5,1,,Air|Air fresher|Our Products|Air|Air fresher|Our Products|Air|Air fresher|Our Products|Air,49.0,49.0
joyfashionhouse.com,https://joyfashionhouse.com,woocommerce,True,0,1,,,0,0
shopnpr.org,https://shopnpr.org,shopify,True,0,1,,,0,0
regybeauty.com,https://regybeauty.com,woocommerce,True,0,1,,,0,0
martinnibeauty.com,https://martinnibeauty.com,woocommerce,False,0,1,,,0,0
elevateshoes.de,https://elevateshoes.de,shopify,True,5,1,,Bestseller|Is Shoe|Sneaker|Is Shoe|Is Shoe|Sneaker|sneakers|Is Shoe|Sneaker|sneakers,84.99,89.95
wawwaclothing.com,https://wawwaclothing.com,shopify,True,5,1,,L-INSTOCK|M-INSTOCK|March Drop 2026|pre-order|XL-INSTOCK|L-INSTOCK|M-INSTOCK|March Drop 2026|pre-order|ZAPC,65.0,150.0
nomadicsupply.com,https://nomadicsupply.com,woocommerce,False,0,1,,,0,0
unstablegames.com,https://unstablegames.com,shopify,True,5,1,,"4"" reversible plushie|all animals|Animal:Cryptid|Animal:Frog|collectible|bundle|Card Game|command of nature|Command of Nature: Ultimate Collector's Bundle|fantasy",0.98,162.0
pharmaxtra.com,https://pharmaxtra.com,shopify,True,0,1,,,0,0
batterywholesale.com,https://batterywholesale.com,shopify,True,5,1,,#N/A|Amp Rating_165 Ah|Chemistry_Lead Acid|Vendor_Zeus Battery|Voltage_12 Volt|Amp Rating_4.5 Ah|Chemistry_Lead Acid|Vendor_Zeus Battery|Voltage_6 Volt|Amp Rating_18 Ah,1.5,300.99
kingsdalewines.com,https://kingsdalewines.com,woocommerce,True,0,1,,,0,0
clotsybrand.com,https://clotsybrand.com,shopify,True,5,1,,IVALO|Toasty|Toasty|Toasty|_badge_OUTLET|_badge_AHORRA_EN_PACK,39.9,109.8
neuherbs.com,https://neuherbs.com,shopify,True,0,1,,,0,0
fahrrad-teile.shop,https://fahrrad-teile.shop,shopify,True,5,1,,Lieferzeit 2-4 Tage|Lieferzeit 2-4 Tage|Lieferzeit 2-4 Tage|Lieferzeit 2-4 Tage|Lieferzeit 2-4 Tage,5.55,41.95
chunks.shop,https://chunks.shop,shopify,True,0,1,,,0,0
watchspree.com.sg,https://watchspree.com.sg,shopify,True,5,1,,Analog|Instock|Ladies|Leather|Quartz|Analog|Instock|Ladies|Quartz|Seiko,197.9,359.9
cloudnineclothing.ca,https://cloudnineclothing.ca,shopify,True,5,1,,ADHD hoodie|anxiety hoodie|badge_bestseller|weighted hoodie|hide|ADHD hoodie|adhd hoodie kids|adhd hoodie with stress balls|hide|pastel,2.0,89.99
golgeter-shop.com,https://golgeter-shop.com,woocommerce,False,0,1,,,0,0
galacticgamez.com,https://galacticgamez.com,shopify,True,5,1,,,10.0,45.99
martindingman.com,https://martindingman.com,shopify,True,0,1,,,0,0
homebudgetfurniture.com,https://homebudgetfurniture.com,shopify,True,0,1,,,0,0
igbbeauty.com,https://igbbeauty.com,shopify,True,5,1,,anniversary gift|confidence jewelry gift|cuff bracelet|empowerment bracelet for women|encouragement gift for women|anniversary gift|confidence jewelry gift|cuff bracelet|empowerment bracelet for women|encouragement gift for women,37.23,37.23
fashionforcycling.be,https://fashionforcycling.be,magento,True,0,1,,,0,0
hartsport.com.au,https://hartsport.com.au,shopify,True,0,1,,,0,0
richeysfurniture.com,https://richeysfurniture.com,shopify,True,5,1,,category:219-Living Room|category:242-Recliners|filter:Assembly Required:No|filter:Brand:Signature Design by Ashley®|filter:Color:Brown/Beige|category:219-Living Room|category:318-Chairs|filter:Assembly Required:No|filter:Brand:Signature Design by Ashley®|filter:Color:Black/Gray,0,0
thesoapery.co.uk,https://thesoapery.co.uk,shopify,True,5,1,,,49.26,63.71
akkogear.de,https://akkogear.de,shopify,True,5,1,,In Stock|Keycaps|New Arrivals|Out of Deal|In Stock|Keycaps|New Arrivals|Out of Deal|5087 Series Keyboards|80%(TKL),11.89,118.99
sunprotectionclothing.co.uk,https://sunprotectionclothing.co.uk,shopify,True,5,1,,Sun Protection Clothing|womens jacket|cooling sun hat|full coverage sun hat|ladies sun hat|long neck protection hat|neck flap hat|adjustable visor cap|extra wide brim hat|foldable visor hat,39.0,49.0
guitarkit.shop,https://guitarkit.shop,shopify,True,0,1,shopify_payments,,0,0
sacramentofurniturestore.co,https://sacramentofurniturestore.co,shopify,True,5,1,,Assembly_Assembly Required|Bedroom|Beds|Brand_Dreamland|Category_Bedroom|Assembly_Assembly Required|Beds|Brand_Dreamland|Category_Beds|Category_Kids & Teens,379.99,639.99
pioneerpowersports.com,https://pioneerpowersports.com,woocommerce,True,0,1,,,0,0
ironwaywatches.com,https://ironwaywatches.com,shopify,True,5,1,,,39.95,84.95
baroneclothing.com,https://baroneclothing.com,magento,True,0,1,,,0,0
myshoes.vn,https://myshoes.vn,opencart,True,0,1,,,0,0
supplymaster.store,https://supplymaster.store,shopify,True,5,1,,Deal Zone|Deal Zone|Deal Zone|Deal Zone|Deal Zone,121.0,1072.5
favoritepeoplestore.com,https://favoritepeoplestore.com,shopify,True,5,1,,2DROPFOLCLORE|aw25|aw25-baby-matchymatchy|aw25-matchymatchy|aw25-woman-jumpsuits|2DROPFOLCLORE|aw25|aw25-baby-matchymatchy|aw25-matchymatchy|3DROPFOLCLORE,34.25,55.0
architectureandsneakers.com,https://architectureandsneakers.com,shopify,True,0,1,,,0,0
aylabeauty.com,https://aylabeauty.com,shopify,True,5,1,,filter-brand-boucleme|filter-gift-upto50|simple|reward|filter-age-20s|filter-age-30s|filter-age-40s|filter-age-50s|filter-age-60+|filter-age-20s,25.0,66.0
toys-for-fun.com,https://toys-for-fun.com,magento,True,0,1,,,0,0
herb-pharm.com,https://herb-pharm.com,shopify,True,5,1,,Formulas|New|New pick|Sprays|Nervines|New|New pick|Single Herbs|Nervines|New,17.98,29.98
skida.com,https://skida.com,shopify,True,0,1,,,0,0
matsukazetea.com,https://matsukazetea.com,shopify,True,5,1,,Bamboo|Hand-made|Handmade|Matcha Utensil|Matcha-ware|2025 FIRST PICK TEAS|Ceremonial grade|Chanoyu|Green Tea|Matcha,28.5,91.0
fragrancemarket.com,https://fragrancemarket.com,shopify,True,5,1,,$25 to $50|25-50|BRAND_Perry Ellis|gender_men|perry-ellis|100-to-150|BRAND_Azzaro|gender_men|TYPE_Gift Set|$50 to $75,28.0,136.0
jumbosports.com,https://jumbosports.com,magento,False,0,1,,,0,0
headgearbd.com,https://headgearbd.com,shopify,True,5,1,,inv-limited edition|Limited Edition|Trending Caps of the Week|inv-limited edition|Limited Edition|BASEBALL CAP|Baseball | TOP SELLING|Curved Visor Collection|HEADGEAR Own Merchandise|inv-premium curved visor,899.0,1899.0
gamescard.net,https://gamescard.net,woocommerce,True,0,1,,,0,0
greekgear.com,https://greekgear.com,bigcommerce,True,0,1,,,0,0
americanplantandequipment.com,https://americanplantandequipment.com,magento,True,0,1,,,0,0
naturallywoodfurniturecenter.com,https://naturallywoodfurniturecenter.com,shopify,True,5,1,,Assembly:Fully Assembled|Assembly_Fully Assembled|Bedroom|Brand:Signature Design By Ashley®|Brand_Signature Design By Ashley®|Assembly:Fully Assembled|Assembly_Fully Assembled|Bedroom|Beds|Brand:Signature Design By Ashley®,679.0,1059.0
tufano.store,https://tufano.store,magento,True,0,1,,,0,0
auraacrafts.com,https://auraacrafts.com,woocommerce,True,0,1,,,0,0
handleshopcouture.com,https://handleshopcouture.com,shopify,True,5,1,,brass_faucet|copper_faucet|faucet|kitchen|modern_faucet|brass_faucet|copper_faucet|faucet|kitchen_faucet|sink,18.0,550.0
boilingproxies.com,https://boilingproxies.com,woocommerce,True,0,1,,,0,0
healthybeauty365bn.com,https://healthybeauty365bn.com,woocommerce,True,0,1,,,0,0
lanxshoes.com,https://lanxshoes.com,shopify,True,0,1,,,0,0
toysland.lt,https://toysland.lt,prestashop,False,0,1,,,0,0
proswimwear.sg,https://proswimwear.sg,magento,False,0,1,paypal|adyen,,0,0
jamclothing.co.za,https://jamclothing.co.za,woocommerce,False,0,1,,,0,0
beeinspiredclothing.com,https://beeinspiredclothing.com,shopify,True,5,1,,27-02-25|28L|28R|28S|30-05-24|28-08-25|BFCM25-tops|Category_Tops|colour: Black|colourGroupId: MillarTee,10.0,28.0
brandsboutiqu.com,https://brandsboutiqu.com,woocommerce,False,0,1,,,0,0
blackscorpiongear.com,https://blackscorpiongear.com,shopify,True,5,1,,All Holsters|Concealment Holsters|Derya|DY9Z|IWB|All Holsters|Competition Holster|Derya|DY9Z|IDPA,31.99,78.99
fashionclinic.com,https://fashionclinic.com,shopify,True,5,1,,Ami Paris|AO_WOMEN_RTW|Beige|category_Clothing|Clothing|Ami Paris|Black|category_Clothing|Clothing|color_Black,130.0,620.0
jordan1shoes.us,https://jordan1shoes.us,woocommerce,True,0,1,,,0,0
acefurnitureanddecor.com,https://acefurnitureanddecor.com,shopify,True,5,1,,bed-pillow|Brand_Ashley|Collection_Nectar Classic|Color_White|consumer-assembly_no-assembly-required|bed-pillow|Brand_Ashley|Collection_DreamCloudTM Classic|Color_White|consumer-assembly_no-assembly-required,61.25,1653.16
coco-store.jp,https://coco-store.jp,shopify,True,5,1,,1/7スケールフィギュア|_pre_order|さくらみこ|スケールフィギュア|ホロライブ|1/7スケールフィギュア|_pre_order|スケールフィギュア|チアキ|ブルアカ,20900.0,31350.0
beautyfree.gr,https://beautyfree.gr,prestashop,False,0,1,,,0,0
zivarafashion.com,https://zivarafashion.com,shopify,True,5,1,,all|ALLPRODUCTS|earrings|JHUMKA|NONKEMP|all|ALLPRODUCTS|earrings|JHUMKA|NONKEMP,599.0,1760.0
rioperfumes.co.za,https://rioperfumes.co.za,shopify,True,5,1,,Men|Stephane Humbert Lucas|Stéphane Humbert Lucas 777|Women|Men|Stephane Humbert Lucas|Stéphane Humbert Lucas 777|Women|Men|Stephane Humbert Lucas,170.0,4500.0
beautyoutlet.co.uk,https://beautyoutlet.co.uk,shopify,True,5,1,,,1.99,3.0
afbeauty.com,https://afbeauty.com,shopify,False,0,1,,,0,0
babycool.com,https://babycool.com,shopify,True,5,1,,101037037|Amamentação|Black Friday|Complementos|dataf2026-05-22|04087172240000|dataf2026-04-06|datai2026-04-03|Entrega10|Espreguiçadeiras,4.68,215.99
babygear.dk,https://babygear.dk,magento,True,0,1,,,0,0
beautycalia.com,https://beautycalia.com,woocommerce,True,0,1,,,0,0
cameraworld.co.za,https://cameraworld.co.za,woocommerce,False,0,1,,,0,0
dejavu.shoes,https://dejavu.shoes,shopify,True,0,1,,,0,0
metroshoes.com.pk,https://metroshoes.com.pk,shopify,True,0,1,,,0,0
murphyfurniture.ie,https://murphyfurniture.ie,prestashop,False,0,1,klarna,,0,0
organictraveller.store,https://organictraveller.store,shopify,True,5,1,,dark lips|lip|lip pigmentation,1499.0,5490.0
rbtechngames.com,https://rbtechngames.com,woocommerce,True,0,1,,,0,0
thedecorkart.com,https://thedecorkart.com,shopify,True,5,1,,Mumbai|All Kitchen|All Kitchen 2026|Aug-2025-C1|B2B|B2BKitchen|All Kitchen|All Kitchen 2026|Aug-2025-C1|B2B,980.0,14600.0
tufinawatches.com,https://tufinawatches.com,shopify,True,5,1,,2 year warranty|2 years warranty|20 jewels|3 atm|automatic|17 stones|2 year warranty|2 years warranty|44 mm|5 atm,399.0,399.0
vaporider.deals,https://vaporider.deals,shopify,True,5,1,,FINAL OG ALL|All E-Liquid|E-Juice|NO SHIP: AR|NO SHIP: CA|NO SHIP: DENVER|All E-Liquid|E-Juice|NO SHIP: AR|NO SHIP: CA,9.95,19.95
vitaminbolt.hu,https://vitaminbolt.hu,woocommerce,False,0,1,,,0,0
mainstreetexchangeapparel.com,https://mainstreetexchangeapparel.com,shopify,True,5,1,,exclusive|Knee Length|Midi Length|New Arrivals|Accessory|New Arrivals|Accessory|New Arrivals|A-Line|exclusive,13.99,63.99
inikaorganic.com,https://inikaorganic.com,shopify,True,5,1,,EXCLUDE-NZ|EXCLUDE-UK|EXCLUDE-US|pfs:label-Save $25|Colour|Combination|DISABLE-BIS|Dry|EXCLUDE-UK|Combination,3.0,67.0
thrashinsupply.com,https://thrashinsupply.com,shopify,True,5,1,,Hardware|Hardware|Hardware|Hardware,14.95,65.0
milivineboutique.com,https://milivineboutique.com,shopify,True,0,1,shopify_payments,,0,0
nextbrand.com,https://nextbrand.com,shopify,False,0,1,,,0,0
nivaleshop.com,https://nivaleshop.com,shopify,True,5,1,,armação|barato|grau|lente|oculos de grau|armação|barato|grau|lente|oculos de grau,39.9,105.97
australiansportsnutrition.com.au,https://australiansportsnutrition.com.au,shopify,True,5,1,,all-products|collagen|collagen-protein-powder|collagen-supplements|health-and-wellness-supplements|all-products|bundle|collagen-protein-powder|collagen-supplements|muscle-building-supplements,44.95,191.85
gettycrafts.com,https://gettycrafts.com,bigcommerce,True,0,1,,,0,0
ozarkcabindecor.com,https://ozarkcabindecor.com,shopify,True,5,1,,3 piece bedding set|3-piece quilt set|bedding|bedding quilts|bedding set|3 piece bedding set|3-piece quilt set|bedding|bedding collection|bedding set,129.99,391.99
kiesmotorsports.com,https://kiesmotorsports.com,shopify,True,0,1,,,0,0
brushwoodtoys.co.uk,https://brushwoodtoys.co.uk,shopify,True,5,1,,1:32 Scale|Age 14+|country_China|fullscale_new-holland|over-100|Age 3+|animals-and-figures-all-scales|collecta|CollectA+Schleich|country_Hong Kong,7.45,139.95
shopius.ro,https://shopius.ro,woocommerce,False,0,1,,,0,0
spcsports.com,https://spcsports.com,shopify,True,5,1,,Category_SPC Sports /Fastpitch|Category_SPC Sports /Training/Training|Category_SPC Sports /Training/Training/Fielder|SPC Sports|Category_SPC Sports /Fastpitch|Category_SPC Sports /Training/Training|Category_SPC Sports /Training/Training/Fielder|SPC Sports|Category_SPC Sports /Fastpitch|Category_SPC Sports /Training,59.99,479.95
vhcbrands.com,https://vhcbrands.com,shopify,True,5,1,,15.5x17|31 - Tabletop/Kitchen|April & Olive|Blue|Chair Pad|24x36|32 - Window|April & Olive|Blue|Cottage,27.0,101.25
beeslighting.com,https://beeslighting.com,shopify,False,0,1,,,0,0
indiangoods.shop,https://indiangoods.shop,shopify,True,5,1,,Ayurvedic Capsules|Ayurvedic Products|dista_id=browntaped:7533888995487|DISTA_PIBD_ORGANIC_GMP|FDA_Fix|Amazon_Scrape|Beauty & Personal Care|Blush|dista_id=browntaped:6170568261791|Face,13.38,307.94
burdickchocolate.com,https://burdickchocolate.com,shopify,True,5,1,,Easter|Easter|Vegan|Easter|Easter|Fruit|Easter,34.0,48.0
revgear.com,https://revgear.com,bigcommerce,True,0,1,,,0,0
giftifymama.com,https://giftifymama.com,shopify,True,5,1,,2026/04/02|Breastfeeding|Clearance|cute|Floral|2026/03/03|Breastfeeding tee|mom|momlife|new,28.99,41.99
raytoys.ro,https://raytoys.ro,woocommerce,False,0,1,,,0,0
aspirebedding.com,https://aspirebedding.com,shopify,True,5,1,,200|Kids Bedsheet|New Arrivals|Sale|200|Curtains|New Arrivals|200|7 pcs|Comforter,1250.0,6199.0
commit-watch.co.jp,https://commit-watch.co.jp,shopify,True,5,1,,GOOD PRICE|H.モーザー|希少品|2026年印|ロレックス|人気商品|2026年印|GOOD PRICE|ロレックス|人気商品,7975000.0,15950000.0
homeluxuryscents.com,https://homeluxuryscents.com,shopify,True,0,1,,,0,0
shopmanto.com,https://shopmanto.com,shopify,True,5,1,,Bracelet|kaavish kara|Kara|Restocked|New In|Odhni|odhnis|Scarves Stoles & Odhnis|Scarves-odhnis-stoles|New In,1950.0,4500.0
shopsecretcastle.com,https://shopsecretcastle.com,shopify,True,0,1,shopify_payments,,0,0
boxupgifting.com,https://boxupgifting.com,shopify,True,5,1,,Valentine|Pens|promotion|Stationery & Accessories|Pens|promotion|Stationery & Accessories|Pens|promotion|Stationery & Accessories,110.0,245.0
gymarmour.co,https://gymarmour.co,shopify,True,5,1,,Available|bearing sea|EligibleForDiscount|Grey|Men|Available|bearing sea|EligibleForDiscount|Men|Micro,3600.0,4200.0
profdecorativa.com.br,https://profdecorativa.com.br,woocommerce,False,0,1,,,0,0
skagen-clothing.dk,https://skagen-clothing.dk,shopify,True,5,1,,archivesale-mænd|archivesale-mænd|mystery-box-produkt|archivesale-mænd|archivesale-mænd|mystery-box-produkt|archivesale-mænd,149.0,299.0
toyotaklub.org.pl,https://toyotaklub.org.pl,woocommerce,False,0,1,,,0,0
gadgetsleo.com,https://gadgetsleo.com,woocommerce,True,0,1,,,0,0
marinamilitare-sportswear.com,https://marinamilitare-sportswear.com,magento,True,0,1,,,0,0
fyewear.com,https://fyewear.com,shopify,True,5,1,,Frame Color_Black|Frame Shape_Square|Prescription|Recommendation Based on Face Shape_Oval|Recommendation Based on Face Shape_Round|Frame Color_Brown|Frame Color_Tortoiseshell|Frame Shape_Oval|Frame Shape_Round|Lens_Readers,45.0,65.0
wild-spirit.store,https://wild-spirit.store,shopify,True,5,1,,abenteurer shirt|adventure clothing|adventure shirt|animal graphic shirt|berg shirt|abenteuer hoodie|adventure clothing|berg hoodie|berg kapuzenpullover|camper life,29.99,57.99
casabellafurnituretexas.com,https://casabellafurnituretexas.com,shopify,True,5,1,,bed-pillow|Brand_Ashley|Collection_Nectar Classic|color_white|consumer-assembly_no-assembly-required|bed-pillow|Brand_Ashley|Collection_DreamCloudTM Classic|color_white|consumer-assembly_no-assembly-required,70.18,1914.26
empress-clothing.com,https://empress-clothing.com,shopify,True,5,1,,Blue|Blue Pakistani Suit|Bridesmaids Collections|Charizma|Chiffon|Bridesmaids Collections|Charizma|Chiffon|Chiffon Pakistani Suit|Eid,119.99,119.99
cbdfx.co.uk,https://cbdfx.co.uk,woocommerce,True,0,1,,,0,0
tillettsclothing.co.uk,https://tillettsclothing.co.uk,shopify,True,0,1,klarna,,0,0
lecoqsportif.com.co,https://lecoqsportif.com.co,shopify,True,5,1,,40 EUR / 9 US / 39 COL|BEIGE|Disponible|FW25|MUJER|41 EUR / 8 US / 39 COL|BEIGE|Disponible|FW25|HOMBRE,100000.0,384000.0
abeofootwear.com,https://abeofootwear.com,shopify,True,5,1,,__Activity_Travel|__Activity_Walking Shoes|__colors number_2|__demo_newabeo|__inventory-type_inventoried|__Activity_Travel|__Activity_Walking Shoes|__colors number_2|__demo_newabeo|__inventory-type_inventoried,129.95,139.95
avlgear.com,https://avlgear.com,shopify,True,5,1,,computer-storage-devices|computers-peripherals|eta|hard-drive-enclosures-docks|new-item|eta|microphones|new-item|wireless-microphone-accessories|wireless-microphones,9.99,439.99
pixibeauty.co.uk,https://pixibeauty.co.uk,shopify,True,5,1,,cleanser|Exclusive Offers|Gifts|hide-notify-btn|quiz uk am|black_crow_do_not_cross_sell|black_crow_do_not_replenish|black_crow_do_not_show_in_history|black_crow_do_not_subscribe|bogos-gift,5.0,74.0
shopneon.com,https://shopneon.com,shopify,True,5,1,,Footwear|SHW1DUW|Sneakers|Vessi|Women|Footwear|Men|SHW1DUM|Sneakers|Vessi,109.99,159.99
zoesuitting.store,https://zoesuitting.store,shopify,True,5,1,,Blessed Friday|Deal of the Day|dealoftheday|eid collection|embroidered|Blessed Friday|Deal of the Day|dealoftheday|eid collection|embroidered,2499.0,2499.0
geomarewellnesscenter.com,https://geomarewellnesscenter.com,magento,True,0,1,,,0,0
creedfragrances.co.uk,https://creedfragrances.co.uk,shopify,True,5,1,,GWP|All Fragrance Gifts|b&bbundle|bundle|bundle-parent|category:new|Custom Sample Set|promo-eligible-mapp|promo-eligible-mapp-exclusion|Sample,40.0,369.0
kidsy.co,https://kidsy.co,shopify,True,5,1,,baby soothers|sleep soother|Soother|accessories|Bag Accessories|decor|Fall Favorites|halloween|footware|shoe accessories,2.49,374.99
gymqueen.de,https://gymqueen.de,shopify,True,5,1,,Ermäßigter Satz|Pennersale|Primary: Sport|Secondary: Protein|Tertiary: Casein|Ermäßigter Satz|Primary: Gesundheit|Secondary: Mineralstoffe|Tertiary: Magnesium|Upsells group 24213,9.99,55.99
gamesncomps.com,https://gamesncomps.com,woocommerce,False,0,1,,,0,0
ultimatehobbies.com.au,https://ultimatehobbies.com.au,shopify,True,0,1,,,0,0
macboot.com.br,https://macboot.com.br,shopify,True,5,1,,Low stock|model:fuga-01|model:Meia-CA|model:Meia-CL|model:Meia-CL|model:Meia-CA,34.9,449.9
watchesandwatches.com,https://watchesandwatches.com,shopify,True,5,1,,,3180.0,15500.0
chiaraferragnibrand.com,https://chiaraferragnibrand.com,shopify,True,5,1,,__cat:EARRINGS|__cat:JEWELS|__color:White|__cat:BACK TO SCHOOL|__color:Azzurro|__cat:BAGS|__color:Brown|__cat:LIPS|__cat:MAKE UP|__color:NUDE BROWN,1.0,75.0
puretimewatch88.io,https://puretimewatch88.io,magento,True,0,1,,,0,0
avalore-jewelry.com,https://avalore-jewelry.com,shopify,True,5,1,,,3.95,59.95
shoko-shop.com,https://shoko-shop.com,shopify,True,5,1,,annie|cute dress|day dress|dress|Dress Annie|all day pants|all denim|comfy pants|denim|denim blue,27.0,82.5
nationalsalonsupplies.com.au,https://nationalsalonsupplies.com.au,woocommerce,False,0,1,,,0,0
esrgear.com,https://esrgear.com,shopify,True,5,1,,AU|CA|DE|MagSafe|Migrate|DE|DE|DE|DE,24.99,99.99
alphagear.us,https://alphagear.us,shopify,True,0,1,,,0,0
prbottleshop.com,https://prbottleshop.com,shopify,True,5,1,,2022|90+ Points|Bordeaux|Cabernet Sauvignon|France|2022|90+ Points|Bordeaux|France|Merlot,27.99,799.0
houseofspoils.com,https://houseofspoils.com,shopify,True,5,1,,Artist|Matt Power|Category|Nature|Collection|New Arrivals|Collection|new-arrivals-1|color-filter:blue|Artist|Michael Woolery|Category|Black & White|Category|People|Category|Speed!|Collection|new-arrivals-1,225.0,3450.0
voyageursoapandcandle.com,https://voyageursoapandcandle.com,shopify,True,5,1,,aromatherapy|essential oils a-l|3D Printed Molds|badge_new|bath bomb molds|body & soap supplies|new products|badge_new|body & soap supplies|melt & pour bases,5.65,58.85
shopluu.com,https://shopluu.com,shopify,True,5,1,,green prom dress|long prom dress|lace prom dresses|pink prom dress|black prom dresses|long prom dress|tulle prom dress|burgundy prom dress|long prom dress|burgundy prom dress,176.0,199.0
headcandysmokeshop.com,https://headcandysmokeshop.com,shopify,True,5,1,,_Packaging & Sealing|Packaging & Sealing_Labels|Pinnacle|welcome10|_Packaging & Sealing|Packaging & Sealing_Labels|Pinnacle|welcome10|_Glass|Brand_GEAR,9.95,319.95
sollymsports.com,https://sollymsports.com,woocommerce,True,0,1,,,0,0
shopvestirsi.com,https://shopvestirsi.com,shopify,True,5,1,,Vita Vissuta|Vita Vissuta|Vita Vissuta|Vita Vissuta|Vita Vissuta,379.0,449.0
fabiliciousfashion.com,https://fabiliciousfashion.com,shopify,True,5,1,,Khilkari|Khilkari|Khilkari|Khilkari|Khilkari,60.0,154.0
foryoufashion.gr,https://foryoufashion.gr,woocommerce,True,0,1,,,0,0
laptops.vn,https://laptops.vn,woocommerce,False,0,1,,,0,0
rangeviewsports.ca,https://rangeviewsports.ca,woocommerce,True,0,1,,,0,0
only-games.co,https://only-games.co,shopify,True,5,1,,CLASS:Jet Fighter|Fighter Jet|Foxbat A|GENRE:Cold War|MiG-25P|CLASS:Jet Fighter|Fighter Jet|Foxbat A|GENRE:Cold War|MiG-25P,5.29,14.39
babyconnect.com,https://babyconnect.com,magento,True,0,1,,,0,0
vapebazaar.pk,https://vapebazaar.pk,woocommerce,True,0,1,,,0,0
messersmilltownfurniture.com,https://messersmilltownfurniture.com,shopify,True,5,1,,bed-pillow|Brand_Ashley|Collection_Nectar Classic|color_white|consumer-assembly_no-assembly-required|bed-pillow|Brand_Ashley|Collection_DreamCloudTM Classic|color_white|consumer-assembly_no-assembly-required,68.0,1588.0
exeshoes.es,https://exeshoes.es,shopify,True,5,1,,MAIN|SANDALIAS TACÓN ALTO|SS26|MAIN|SANDALIAS TACÓN ALTO|SS26|MAIN|SANDALIAS TACÓN ALTO|SS26|MAIN,59.95,109.95
probikesupply.com,https://probikesupply.com,shopify,True,0,1,,,0,0
chips-shop.com,https://chips-shop.com,shopify,True,5,1,,chips|クーポン対象|雑貨/インテリア|非サプライ品|chips|クーポン対象|雑貨/インテリア|非サプライ品|chips|クーポン対象,2680.0,3280.0
a-shop.ua,https://a-shop.ua,magento,False,0,1,,,0,0
parkersartsupplies.com,https://parkersartsupplies.com,shopify,True,5,1,,,8.58,136.73
servicesport.com,https://servicesport.com,woocommerce,False,0,1,,,0,0
apcom.shop,https://apcom.shop,magento,True,0,1,,,0,0
macustom.com,https://macustom.com,shopify,True,5,1,,Custom Photo|Custom Photo Gifts|Gifts For Veterans|Personalized Canvas Print|Gift For Mother|Mothers Day Gifts|Personalized plaques|T.Mak|Gifts For Mom|gotrending,29.95,109.95
ceprunning.com,https://ceprunning.com,shopify,True,5,1,,AUGUST 2023 - DOUBLE POINTS|B-C Hiking Boot|Current|CW_OUTDOOR - DECEMBER 1-4|Discontinued Variant|Bestseller|Clearance|Clearance Blowout Sale - 20%|CLEARANCE-15%|CLEARANCE-UPDATED-20%,30.0,55.0
fantasyislandtoys.com,https://fantasyislandtoys.com,shopify,True,0,1,,,0,0
mirageperfume.com,https://mirageperfume.com,shopify,True,5,1,,general-bundle-product|general-bundle-product|accessoires|accessories|hide_quantity|accessoires|hide_quantity|accessoires|accessories,16.95,44.95
theonlinelightingstore.co.uk,https://theonlinelightingstore.co.uk,bigcommerce,True,0,1,,,0,0
hotbuysfurnitureal.com,https://hotbuysfurnitureal.com,shopify,False,0,1,,,0,0
athleticpharma.click,https://athleticpharma.click,opencart,False,0,1,,,0,0
jojofashion.ro,https://jojofashion.ro,opencart,True,0,1,,,0,0
popsyclothing.co.uk,https://popsyclothing.co.uk,shopify,True,5,1,,Alternative Fashion|alternative tights|comfy tights|Everyday Tights|fashion tights|10|12|14|16|18,10.95,49.95
villagevitaminstore.ca,https://villagevitaminstore.ca,shopify,True,0,1,,,0,0
moddys-watches.com,https://moddys-watches.com,shopify,True,5,1,,seiko-mod-santos-watch|stock-new-year|seiko-mod-nautilus|stock-new-year|seiko-mod-nautilus|stock-new-year|royal-oak-royal-blue|stock-new-year|royal-oak-royal-blue|stock-new-year,349.9,349.9
commodityfragrances.com,https://commodityfragrances.com,shopify,True,0,1,,,0,0
platinum-international.store,https://platinum-international.store,woocommerce,True,0,1,,,0,0
boopbeauty.co.uk,https://boopbeauty.co.uk,shopify,True,5,1,,Fragrance|Mothersday26|prices you won't believe sale|Prices You Won’t Believe Sale|SDJ-EA|Fragrance|Mothersday26|prices you won't believe sale|Prices You Won’t Believe Sale|SDJ-EA,15.5,15.5
canhcutteam.com,https://canhcutteam.com,woocommerce,False,0,1,,,0,0
chassemarket.com,https://chassemarket.com,magento,True,0,1,,,0,0
dealcosmetics.co.il,https://dealcosmetics.co.il,shopify,True,5,1,,35% OFF|NON ARCHIVED|Wolt|Zap|מבצע פברואר|NON ARCHIVED|Wolt|Zap|לא נוסה על בעלי חיים|מבצע איפור,49.9,206.9
degora.store,https://degora.store,shopify,True,5,1,,Casual Shoes|Formal & Casual Shoes|Winter|Sandals & Chappal|Sandals & Chappal|Loafers|Suede Leather|Loafers|Suede Leather,3699.0,6299.0
eshopgs.com,https://eshopgs.com,woocommerce,False,0,1,,,0,0
intermobilifurniture.ro,https://intermobilifurniture.ro,shopify,True,5,1,,TABURETI|COLTARE|coltare BUCLÉ|COLTARE FIXE|CANAPEA HORECA|CANAPELE HORECA|MOBILIER HORECA|COLECTIA|COLECTII NOI|LIVING&DINING,2790.0,23990.0
luxurycandlesupplies.co.uk,https://luxurycandlesupplies.co.uk,magento,True,0,1,,,0,0
unitedfurnitureco.com,https://unitedfurnitureco.com,woocommerce,True,0,1,,,0,0
agalease-baby.co.il,https://agalease-baby.co.il,woocommerce,True,0,1,,,0,0
complexsupplements.cz,https://complexsupplements.cz,shopify,True,5,1,,Complex|Doplňky stravy|Sportovní výkon|Complex|Shaker|Complex|Doplňky stravy|Energy gels|Sportovní výkon|Bundle,499.0,1699.0
koreanskincare.be,https://koreanskincare.be,shopify,True,5,1,,New|Serums|Treatments|New|Serums|Treatments|Face Creams|Moisturizers|New|Exfoliating Toners,17.95,23.95
samplestore.pl,https://samplestore.pl,woocommerce,True,0,1,,,0,0
wine.com.mx,https://wine.com.mx,shopify,True,5,1,,Francia|Grenache Noir|Merlot|Syrah|Tinto|Cabernet Sauvignon|Francia|Grenache|Marselan|Merlot,469.0,7188.0
furnitureplustt.com,https://furnitureplustt.com,woocommerce,True,0,1,,,0,0
manteaux.com,https://manteaux.com,magento,True,0,1,,,0,0
quiabeauty.com,https://quiabeauty.com,shopify,True,5,1,,,24.92,69.92
elnougarden.com,https://elnougarden.com,shopify,True,5,1,,Abonos - Fertilizantes|Farmacia|Fertilizantes universales|Abonos - Fertilizantes|Farmacia|Fertilizantes universales|Abonos - Fertilizantes|Farmacia|Fertilizantes universales|Abonos - Fertilizantes,3.95,64.95
fangamer.jp,https://fangamer.jp,shopify,True,5,1,,2026-04-02|camille young|everdraed|game_UNDERTALE|poster|2026-04-02|deltarune|force-sale|game-on-2026|game_DELTARUNE,1400.0,2400.0
thebath.es,https://thebath.es,shopify,True,5,1,,DescuentoES:10|DescuentoFR:5|DescuentoPT:10|Novedad|Packs|Envío Fábrica - Preparación 5-6|Muebles|Muebles auxiliares estrechos|Muebles auxiliares pequeños|Muebles con puertas,91.54,454.11
audiopro.com,https://audiopro.com,shopify,True,5,1,,Large rooms,3500.0,8000.0
athleteprotein.com,https://athleteprotein.com,woocommerce,True,0,1,,,0,0
shopminnow.com,https://shopminnow.com,shopify,True,5,1,,Beach Market|easter filler|girls|holiday25|size-one-size|Beach Market|easter filler|easter26|girls|holiday25,20.0,247.0
moonveilgames.com,https://moonveilgames.com,shopify,True,5,1,,2|5 Color|5 colors|Changelings|Commander|accessories|convertible|Deck Box|gamegenic|Gamegenic Deck Box,26.99,205.99
shibaskitchen.de,https://shibaskitchen.de,woocommerce,False,0,1,,,0,0
playsportsnetwork.com,https://playsportsnetwork.com,magento,True,0,1,,,0,0
shopusahockey.com,https://shopusahockey.com,shopify,True,5,1,,color_white|discount_applicable|eligible_bfcm_discount|eligible_legends_discount|f&f|auto-accessories|car accessories|color_white|decal|decals,6.0,19.95
19-toys.com,https://19-toys.com,shopify,True,5,1,,,58.0,616.0
rowapparel.com,https://rowapparel.com,opencart,True,0,1,,,0,0
gaisbauer-furniture.at,https://gaisbauer-furniture.at,woocommerce,False,0,1,,,0,0
dailygadgetreviews.com,https://dailygadgetreviews.com,woocommerce,True,0,1,,,0,0
teapplix.com,https://teapplix.com,prestashop,False,0,1,,,0,0
wecarepharma.mx,https://wecarepharma.mx,shopify,True,0,1,,,0,0
furniturebazaar.com.au,https://furniturebazaar.com.au,shopify,True,5,1,,dszimport|feel_comfort|feel_medium|feel_mediumfirm|online_exclusive|dszimport|feel_comfort|feel_medium|feel_mediumfirm|online_exclusive,169.0,799.0
superpharmacyplus.com.au,https://superpharmacyplus.com.au,bigcommerce,True,0,1,,,0,0
sportscardsdirect.co.uk,https://sportscardsdirect.co.uk,shopify,True,5,1,,Margin Scheme|shared-inventory|Slab|Margin Scheme|shared-inventory|Slab|Margin Scheme|shared-inventory|Slab|Margin Scheme,29.99,599.99
sevenherbal.com,https://sevenherbal.com,shopify,True,5,1,,BUNDLES|BUNDLES|Offers|Offers|Offers,1000.0,3000.0
shibevintagesports.com,https://shibevintagesports.com,shopify,True,5,1,,25-50|47-brand|adjustable|Archived|Baseball|25-50|47-brand|adjustable|Archived|Baseball,28.0,40.0
snapsupplements.com,https://snapsupplements.com,shopify,True,5,1,,standard-price|standard-price,27.95,119.85
brsport.com,https://brsport.com,shopify,True,0,1,,,0,0
onebranded.com,https://onebranded.com,woocommerce,False,0,1,,,0,0
brandmydispo.com,https://brandmydispo.com,shopify,True,5,1,,customother|customreach|1g disposable vape pen empty|2 gram pens|2 gram vape pens|2g pens|3g disposable vape pen|1g disposable vape pen empty|2 gram pens|2 gram vape pens,3.99,28986.0
thebootsmania.com,https://thebootsmania.com,woocommerce,False,0,1,,,0,0
ridgewallet.co.uk,https://ridgewallet.co.uk,shopify,False,0,1,,,0,0
perfumesbogota.com.co,https://perfumesbogota.com.co,shopify,True,5,1,,Mujer|Nuevos|RIIFFS|Unisex|Arabiyat Prestige|Mujer|Nuevos|Arabiyat Prestige|Hombre|Mujer,244990.0,269990.0
imba.shop,https://imba.shop,opencart,True,0,1,,,0,0
sportmania.ch,https://sportmania.ch,magento,True,0,1,,,0,0
straighttohellapparel.com,https://straighttohellapparel.com,woocommerce,True,0,1,,,0,0
allthingsbaby.com,https://allthingsbaby.com,shopify,True,0,1,,,0,0
eprisfragrances.com,https://eprisfragrances.com,shopify,True,0,1,shopify_payments,,0,0
spiedagames.com,https://spiedagames.com,shopify,True,5,1,,Bandai Japan|Bandai Japan|Bandai Japan|Ravensburger,14.99,119.99
decorprice.com,https://decorprice.com,magento,True,0,1,,,0,0
makotekcomputers.com,https://makotekcomputers.com,shopify,True,5,1,,new_arrival|new_arrival|new_arrival|new_arrival|new_arrival,2997.0,77995.0
devilmountainnursery.com,https://devilmountainnursery.com,bigcommerce,False,0,1,,,0,0
katesclothing.co.uk,https://katesclothing.co.uk,shopify,True,5,1,,New|Unsold|New|Unsold|New|Unsold|New|Unsold|New|Unsold,27.99,59.99
quatrogymnastics.com,https://quatrogymnastics.com,shopify,True,5,1,,Quatro X Collaboration|Vest|Welsh Fan Range|Welsh Gymnastics|welshfanrange|Federation Pro Shop|hidden|RTF|STG|2026,25.0,102.0
frostedbrands.com,https://frostedbrands.com,woocommerce,True,0,1,,,0,0
beachaudio.com,https://beachaudio.com,bigcommerce,True,0,1,,,0,0
babyjoy.ca,https://babyjoy.ca,shopify,True,5,1,,10-50|age-0-1-yr|heimess|not-on-sale|Oct-50|10-50|age-0-1-yr|Aqua|not-on-sale|Oct-50,16.99,185.0
reginajewelry.co,https://reginajewelry.co,shopify,True,5,1,,gift|gold|personalized|protection|ring|90's|gift|memory|pearl|personalized,37.95,79.95
vperfume.vn,https://vperfume.vn,woocommerce,True,0,1,,,0,0
weare.net.ua,https://weare.net.ua,woocommerce,False,0,1,,,0,0
cobrasport.com,https://cobrasport.com,shopify,True,5,1,,2026|Car|Make_Hyundai|Model_2.0T GDi (280Ps) (2021-23)|NewProduct|2026|Car|Make_VW|Model_R-Line (6C) 1.0 TSI (15-17)|Part_Venom Cat Back,91.66,1162.5
shopgarlands.com,https://shopgarlands.com,shopify,True,5,1,,age_contemporary|Circa Date_2026|earring-style_button with dangle|earring-type_post|Item Type_Earring|age_contemporary|Circa Date_2026|Item Type_Ring|location_gij|material_turquoise,400.0,600.0
megaofficesupplies.com.au,https://megaofficesupplies.com.au,shopify,True,0,1,,,0,0
iasuperpharma.is,https://iasuperpharma.is,woocommerce,True,0,1,,,0,0
shroomschocolatebars.com,https://shroomschocolatebars.com,woocommerce,True,0,1,,,0,0
thelightingoutlet.com.au,https://thelightingoutlet.com.au,shopify,True,5,1,,Beam Angle_360°|Clearance|Colour Temperature_3000k|CRI_>80|Current Discounts|6YW|Blade Material_ABS|Blade Pitch_11°|Ceiling Fans|Clearance,5.0,140.0
omijewelry.com,https://omijewelry.com,shopify,True,5,1,,10000-15000|5000-10000|nosearch|under-500|vdb_stock_id_164589156|vdb_stock_num_LGDRD100-34002|VDBRC|1000-2000|nosearch|vdb_stock_id_221417129,199.0,10500.0
beauty-bareg.net,https://beauty-bareg.net,shopify,True,5,1,,BAG|BAGS|HANDBAG|Shoulder bags|woman|Footwear|louis vuitton|Shoes|shoes for women|SHOSE,3500.0,9999.0
halfmagicbeauty.com,https://halfmagicbeauty.com,shopify,True,5,1,,exclude_rebuy,22.0,80.0
ecstasycrafts.com,https://ecstasycrafts.com,shopify,True,5,1,,12DAY4|Brand_Ultimate Crafts|Regular Price|Theme_Valentines|Type_Embossing Folders|Brand_The Organized Option|march2026|Regular Price|Release_March 2026|Type_Storage,6.0,10.99
agtequipment.com,https://agtequipment.com,shopify,True,5,1,,Skid Steers|Parts|Excavators|Excavators|Attachments,350.0,18999.0
herbalxchange.com,https://herbalxchange.com,woocommerce,True,0,1,,,0,0
mamasmateas.com,https://mamasmateas.com,shopify,True,5,1,,Baño|blacksale10|des_tipo1|DESCUENTO_10|Equipaje y Accesorios|Baño|blacksale10|des_tipo1|DESCUENTO_10|Equipaje y Accesorios,24990.0,339990.0
fstopgear.com,https://fstopgear.com,woocommerce,True,0,1,klarna|braintree,,0,0
iluvdesigner.com,https://iluvdesigner.com,shopify,True,5,1,,all season|casual|Category_Default Category/Dresses|Category_Default Category/Kids|girls|black|casual|Category_Default Category/Dresses|Category_Default Category/Kids|girls,32.0,50.0
kiyobeauty.com,https://kiyobeauty.com,shopify,True,0,1,,,0,0
medicinemarketplace.com,https://medicinemarketplace.com,woocommerce,False,0,1,,,0,0
mightykidssupplements.co.uk,https://mightykidssupplements.co.uk,woocommerce,True,0,1,,,0,0
skullcandy.ca,https://skullcandy.ca,shopify,True,5,1,,live-products|skdy-multi-link|speakers|true-wireless-stereo|waterproof|bundle|active|active use|all day listening|at the gym,99.99,300.99
ttjewelry.vn,https://ttjewelry.vn,woocommerce,False,0,1,,,0,0
corralboots.com,https://corralboots.com,shopify,True,5,1,,BF25-20|Dic20-25|SV26-20|Bf24-20|Feb25-20|HD24-20|May2025|SV26-20|BF25-30|color-white,144.0,268.0
candyonline.nl,https://candyonline.nl,shopify,True,5,1,,Nieuw|Snoep & Drop|Nieuw|Snoep & Drop|Nieuw|Snoep & Drop|Nieuw|Snoep & Drop|Nieuw|Snoep & Drop,5.9,5.9
yachty.shop,https://yachty.shop,shopify,True,5,1,,VOL2|VOL2|VOL2|VOL2|VOL2,28.0,35.0
elitefitness.co.nz,https://elitefitness.co.nz,magento,True,0,1,,,0,0
woodartsupply.com,https://woodartsupply.com,shopify,True,5,1,,Categories|DQlVrillka|Furniture|futon1|Home & Kitchen|Categories|Furniture|futon1|Home & Kitchen|Living Room Furniture,159.99,239.99
pineforestjewelry.com,https://pineforestjewelry.com,shopify,True,5,1,,Automatic Watch|Bulova|Gent's Watch|Green Dial|Men's Watch|Blue Dial|Bulova|Lady's Watch|Light Blue Dial|Matching Watch,200.0,650.0
pipe-decor.com,https://pipe-decor.com,shopify,True,5,1,,117440|3/4 in.|Black Malleable Iron|Fitting|FMBRLCO-34|1/2 in.|117439|Black Malleable Iron|Fitting|FMBRLCO-12,1.57,34.82
retrogamerepairshop.com,https://retrogamerepairshop.com,shopify,True,5,1,,GameCube|GBP Displays|home|psp|ez,0.98,140.38
evelinecosmetics.com,https://evelinecosmetics.com,shopify,True,5,1,,brand::Diamond|collection::lip_glosses|collection::lip_maximizer|collection::lips_makeup|collection::makeup|active_ingredients::peptides|collection::care|collection::eye_cream|collection::face_care|collection::K-Beauty,3.99,7.49
herabeauty.ca,https://herabeauty.ca,shopify,True,5,1,,blend|Closure|Exported_20240715_7|Hair|Hair & Braid|blend|Closure|Exported_20240715_6|Hair|Hair & Braid,9.99,154.99
justwatches.com,https://justwatches.com,shopify,True,5,1,,brand_Timex|Dial_shape_Round|dialcolor_Black|gender_Men|Model_Q Timex|brand_Timex|Dial_shape_Round|dialcolor_Black|gender_Men|Model_Q Timex,100.0,20495.0
richkidbd.com,https://richkidbd.com,woocommerce,True,0,1,,,0,0
beadsnfashion.com,https://beadsnfashion.com,shopify,True,5,1,,,40.0,165.0
solacejewellery.co.uk,https://solacejewellery.co.uk,shopify,True,5,1,,Collection_Bundle_Upsell|Collection_Bundle_Upsell|Collection_Bundle_Upsell|Collection_Bundle_Upsell|Collection_Bundle_Upsell,5.0,5.0
canadaweathergear.com,https://canadaweathergear.com,shopify,True,5,1,,Mens Sweaters|Sale|Thursday December 04 2025|Friday October 31 2025|Sale|Sweaters|Womens|Womens Sweaters|Friday October 31 2025|Sale,12.99,15.99
candymail.co.uk,https://candymail.co.uk,shopify,False,0,1,,,0,0
evophone.com.ar,https://evophone.com.ar,woocommerce,True,0,1,,,0,0
hardcoreshop.mk,https://hardcoreshop.mk,woocommerce,True,0,1,,,0,0
insightcosmetics.in,https://insightcosmetics.in,shopify,True,5,1,,badge_new|chemical free|COD Available|Cruelty Free|Dermatology Tested|badge_new|COD Available|Cruelty Free|Dermatology Tested|ESSENTIALS,260.0,799.0
paintedautoparts.com,https://paintedautoparts.com,magento,True,0,1,,,0,0
super-baby.gr,https://super-baby.gr,woocommerce,True,0,1,,,0,0
furniturenowgallery.com,https://furniturenowgallery.com,shopify,True,5,1,,dining-room-set|furniture-now-ca|in-stock|in-stock now|in-stock-ready|1500-2000|500-1000|furniture-now-ca|in-stock-ready|living-room-set,498.0,1799.0
tmgtestequipment.com.au,https://tmgtestequipment.com.au,woocommerce,True,0,1,,,0,0
paragonfootwear.com,https://paragonfootwear.com,shopify,True,5,1,,all|dewali-collection|men|men-brands-paragon|men-sandals|all|dewali-collection|men|men-brands-paragon|men-sandals,499.0,499.0
audiorecordias.com,https://audiorecordias.com,woocommerce,True,0,1,,,0,0
theteamakers.co.uk,https://theteamakers.co.uk,shopify,True,5,1,,badge: new|badge: new|badge: new|Assam|bfcm|breakfast tea|ceylon tea|easter gifts|free sample,14.95,14.95
organicgrunt.ru,https://organicgrunt.ru,woocommerce,False,0,1,,,0,0
onlinetoys.com.au,https://onlinetoys.com.au,woocommerce,True,0,1,,,0,0
mokshaaccessories.com,https://mokshaaccessories.com,woocommerce,True,0,1,,,0,0
scandic-shop.de,https://scandic-shop.de,magento,True,0,1,,,0,0
enchantedfinejewelry.com,https://enchantedfinejewelry.com,shopify,True,5,1,,hidden-on-front-end|IGI|ring diamond|hidden-on-front-end|IGI|ring diamond|hidden-on-front-end|IGI|ring diamond|hidden-on-front-end,870.0,1440.0
spicedivine.com,https://spicedivine.com,shopify,True,5,1,,repeat_cycle_30|repeat_cycle_30|repeat_cycle_30|repeat_cycle_30|repeat_cycle_30,2.85,5.71
theoilbar.com,https://theoilbar.com,shopify,True,5,1,,Coconut & Plantain|Gift Sets|Gifts|Gifts over $50|Layering Gift Sets|Coconut & Plantain|Gift Sets|Gifts|Gifts over $50|Layering Gift Sets,20.0,60.0
florist.ca,https://florist.ca,shopify,True,5,1,,floral arrangements|fresh flower bouquet|ivory flowers|violet bouquet|wedding bouquet|dusty rose bouquet|floral gift ideas|romantic flower arrangement|soft pink roses|wedding bouquet,39.99,69.99
sneakershokeen.com,https://sneakershokeen.com,woocommerce,True,0,1,,,0,0
onlinefiltersupply.com,https://onlinefiltersupply.com,shopify,True,5,1,,960810|National Comp.|OFS # 97-F9600-8K12B|Pleated Microglass Element|W0810LN|8302P2150SBPB|97-35-1747|FLOW EZY|industrial-filters|miscellaneous,36.32,319.2
spillerfurniture.com,https://spillerfurniture.com,shopify,True,5,1,,category:219-Living Room|category:242-Recliners|filter:Assembly Required:No|filter:Brand:Signature Design by Ashley®|filter:Color:Brown/Beige|category:219-Living Room|category:226-Living Room Groups|filter:Brand:Benchcraft®|filter:Color:Taupe|filter:Consumer's Choice:Yes,439.99,919.99
warehousecraftsupplies.com,https://warehousecraftsupplies.com,opencart,True,0,1,,,0,0
ensleybeautysupply.com,https://ensleybeautysupply.com,shopify,True,5,1,,bask & lather|Bask & Lather Hair Elixir|Bask & Lather Products|Hair Care Products|new-in|assuage by naked essations|bio phuse by naked essations|Conditioners|essations naked detox shampoo|Hair Care Products,5.95,120.95
petsupplies4less.com,https://petsupplies4less.com,shopify,True,5,1,,Catalog-Ref: WMPW4|Clearance|Workarea: combs-brushes|Workarea: dog-grooming|Workarea: new-dog-specials|CatalogRef: SEP2CJ|New Arrival|Workarea: horse-fly-insect-control|CatalogRef: KOBB7|New Arrival,5.99,199.99
pacersteamstore.com,https://pacersteamstore.com,shopify,True,5,1,,apparel|clothing|color-grey|color_grey|crew|apparel|clothing|color-black|fever|fever new era,40.0,80.0
perfume-empire.com,https://perfume-empire.com,shopify,True,5,1,,Cristiano Ronaldo|Men|New|Cristiano Ronaldo|Men|New|Armaf|Men|New|Armaf,30.04,57.06
elksport.com,https://elksport.com,magento,False,0,1,,,0,0
salesdecor.com,https://salesdecor.com,woocommerce,True,0,1,,,0,0
carshopinc.com,https://carshopinc.com,magento,True,0,1,,,0,0
athenagames.com,https://athenagames.com,shopify,True,5,1,,,5.99,19.99
recoilgunworks.com,https://recoilgunworks.com,bigcommerce,True,0,1,,,0,0
caautoparts.com,https://caautoparts.com,shopify,True,5,1,,2023|2024|2025|23|24|2023|2024|2025|23|24,178.95,183.95
j2games.com,https://j2games.com,shopify,True,5,1,,Franchise_Grand Theft Auto|publisher_Rockstar Games|system_European Import|system_Sony Playstation Portable PSP|system_Sony Playstation Portable PSP|Franchise_NBA 2K Basketball|Franchise_NFL 2K Football|franchise_sega sports|Publisher_Sega|system_Sega Dreamcast,12.99,224.99
globalbabycare.in,https://globalbabycare.in,woocommerce,True,0,1,,,0,0
carlsfurnituregc.com,https://carlsfurnituregc.com,shopify,True,5,1,,bed-pillow|Brand_Ashley|Collection_Nectar Classic|color_white|consumer-assembly_no-assembly-required|bed-pillow|Brand_Ashley|Collection_DreamCloudTM Classic|color_white|consumer-assembly_no-assembly-required,60.26,474.84
gamescenter.pe,https://gamescenter.pe,woocommerce,True,0,1,klarna,,0,0
evangelistasports.com,https://evangelistasports.com,shopify,True,5,1,,adidas Coral Blaze|Nike United 003|Youth Product|Nike United 003|Nike United 003|Brazil CBF|FIFA World Cup 2026|National Teams,35.0,330.0
cwcwatch.com,https://cwcwatch.com,shopify,True,5,1,,diver|Divers|divers watch|QUARTZ|sbs|automatic|diver|Divers|divers watch|automatic,799.0,1750.0
hnicosmetice.ro,https://hnicosmetice.ro,shopify,True,0,1,,,0,0
homestores.gr,https://homestores.gr,woocommerce,True,0,1,,,0,0
hzcollection.store,https://hzcollection.store,shopify,True,0,1,,,0,0
jackednutrition.pk,https://jackednutrition.pk,shopify,True,5,1,,JN|proteinbik|JN|blade deal|blade deal|blade deal,23550.0,41150.0
kidsplazapk.com,https://kidsplazapk.com,shopify,True,5,1,,,695.0,1395.0
luxeperfumes.co.uk,https://luxeperfumes.co.uk,shopify,True,5,1,,Arab Scents|Arab Scents|Arab Scents|Arab Scents|Arab Scents,4.6,37.4
ric-toy.com,https://ric-toy.com,magento,True,0,1,,,0,0
thekitchencoach.co.il,https://thekitchencoach.co.il,woocommerce,True,0,1,,,0,0
underdog.shop,https://underdog.shop,shopify,True,5,1,,Vitroceramique|Pose Libre|Induction|Pose Libre|Vieillissement,279.0,819.0
elbadrgroupeg.store,https://elbadrgroupeg.store,opencart,True,0,1,,,0,0
pastorellisport.com,https://pastorellisport.com,woocommerce,False,0,1,,,0,0
toycompany.pk,https://toycompany.pk,shopify,True,5,1,,Toys|Toys for boys|Toys|Toys,899.0,3495.0
whoopikids.com,https://whoopikids.com,shopify,True,5,1,,girls accessories|ss26|girls accessories|ss26|girls accessories|ss26|girls accessories|ss26|girls accessories|ss26,34.0,34.0
fashioncrib.co.za,https://fashioncrib.co.za,woocommerce,True,0,1,,,0,0
candyclaws.com.au,https://candyclaws.com.au,shopify,True,5,1,,,68.25,147.0
ponsseshop.com,https://ponsseshop.com,magento,True,0,1,,,0,0
shopsteelcity.com,https://shopsteelcity.com,shopify,True,5,1,,black and gold|cbk|champions|champs|city of champions|84lumber|accessories_national|best_seller_national|general_hat|hats,32.0,68.0
helloneighborgame.com,https://helloneighborgame.com,wix,False,0,1,,,0,0
blackballoon.market,https://blackballoon.market,shopify,True,5,1,,GOODS|Hazbin Hotel （ハズビンホテル ）|Hazbin Hotel （ハズビンホテル ）|PARKER|パーカー|Hazbin Hotel （ハズビンホテル ）|T-SHIRT|Fuggler(ファグラー)|GOODS|Cyberpunk 2077 【サイバーパンク2077】,550.0,6600.0
zeloswatches.com,https://zeloswatches.com,shopify,True,5,1,,,499.0,529.0
themodernsportsman.com,https://themodernsportsman.com,woocommerce,True,0,1,,,0,0
fish-candy.de,https://fish-candy.de,shopify,True,5,1,,raubfischruten|seabass|spinning|crankbaits|forellen-hardbaits|baitcastrollen-linkshand|salzwasser-baitcastrollen|mid-strolling|pin-v-tail|schnurzubehor,11.99,499.99
desportivo.pl,https://desportivo.pl,magento,False,0,1,,,0,0
ebikespartsandaccessories.com,https://ebikespartsandaccessories.com,shopify,True,5,1,,ebike tuning|ebike tuning|ebike tuning|ebike tuning|ebike tuning,149.0,199.0
imamcyclestore.com,https://imamcyclestore.com,woocommerce,True,0,1,,,0,0
harborcitysupply.com,https://harborcitysupply.com,bigcommerce,True,0,1,,,0,0
e-bikeshop.co.uk,https://e-bikeshop.co.uk,shopify,True,5,1,,collection:bosch-ebike-spares|collection:parts-spares|HC:Backorder|part-stock:level-1|Sold out|collection:accessories|collection:lights|part-stock:level-2|collection:haibike-oem-parts|collection:parts-spares,6.99,149.99
running-point.com,https://running-point.com,shopify,True,0,1,,,0,0
playtimeco.store,https://playtimeco.store,shopify,True,5,1,,Accessories|All|Apparel|Doctor|Headwear|All|Apparel|April Fool's|Huggy Wuggy|All,24.0,54.0
cheyennecampingcenter.com,https://cheyennecampingcenter.com,woocommerce,False,0,1,,,0,0
bigvikinggames.com,https://bigvikinggames.com,woocommerce,True,0,1,,,0,0
houseshop.gr,https://houseshop.gr,opencart,True,0,1,,,0,0
eierlei-shop.de,https://eierlei-shop.de,magento,True,0,1,,,0,0
watchcollector.ch,https://watchcollector.ch,magento,False,0,1,,,0,0
q8oils.com,https://q8oils.com,woocommerce,False,0,1,,,0,0
myfavouritethings-knitwear.com,https://myfavouritethings-knitwear.com,shopify,True,5,1,,English|Sweater|Dansk|Sweater|Svenska|Sweater|Norsk|Sweater|Français|French,55.0,55.0
glovbeauty.com,https://glovbeauty.com,shopify,True,5,1,,Anti-Aging|Brightening|Eye Care|Hydration|Skincare|anti-aging|beauty|eye care|microneedle technology|skincare,44.0,59.0
otsosport.com,https://otsosport.com,shopify,True,5,1,,camisa-mangas-hombre|camisa-mangas-hombre|cinta-cabeza-ultra|spinimages=24|cinta-cabeza-ultra|spinimages=24|camisa-mangas-child|new,16.0,39.0
brandsmegastore.co.za,https://brandsmegastore.co.za,shopify,True,0,1,,,0,0
luxuryofwatches.com,https://luxuryofwatches.com,bigcommerce,True,0,1,,,0,0
supersportscenter.com,https://supersportscenter.com,shopify,True,5,1,,League_NFL|Price_$100 To $199|Product Type_Photo|Sport_Football|Stock_Update|League_College|Player_Brett Favre|Price_$200 To $499|Product Type_Helmet|Sport_Football,199.99,599.99
perfumesteal.in,https://perfumesteal.in,shopify,True,5,1,,men|perfumesteal-in|jo malone|Orange Blossom|Orange Blossom Jo Malone|999|combo|combos|gym|Women's Gym Combo - 3 x 30ml,550.0,999.0
vipbarbersupply.com,https://vipbarbersupply.com,shopify,True,5,1,,#300 out of stock|#400 out of stock|Active|Back in stock|Discount Allowed|#300 out of stock|#400 out of stock|Active|Back in stock|barber hair dryer,40.0,299.99
splayshoes.com,https://splayshoes.com,shopify,True,0,1,,,0,0
rebelromanceshop.com,https://rebelromanceshop.com,shopify,True,0,1,,,0,0
comfitunderwear.nl,https://comfitunderwear.nl,shopify,True,5,1,,Stock2026|Stock2026,34.95,69.95
comfortfurniture.net,https://comfortfurniture.net,shopify,True,0,1,,,0,0
geographicalnorway-shop.es,https://geographicalnorway-shop.es,shopify,True,0,1,,,0,0
furnitureinstore.co.uk,https://furnitureinstore.co.uk,shopify,True,0,1,shopify_payments,,0,0
saicreationswatches.com,https://saicreationswatches.com,shopify,True,0,1,,,0,0
teatrosluchana.es,https://teatrosluchana.es,woocommerce,False,0,1,,,0,0
westernequipments.com,https://westernequipments.com,woocommerce,False,0,1,,,0,0
dynamicsports.co,https://dynamicsports.co,shopify,True,5,1,,2026|2026MarArr|Brand_Nike|Categories_Men|Colour_Grey|2026|2026MarArr|Brand_Nike|Categories_Men|Colour_Grey,65.0,109.0
littlestars-shop.de,https://littlestars-shop.de,magento,False,0,1,,,0,0
camerasource.com,https://camerasource.com,shopify,True,5,1,,All Products|Automotive Backup Cameras|GM Backup Cameras|Products|All Products|Automotive Backup Cameras|GM Backup Cameras|Products|All Products|Automotive Backup Cameras,50.0,275.0
camera-rental-thailand.com,https://camera-rental-thailand.com,woocommerce,False,0,1,,,0,0
myspicesage.com,https://myspicesage.com,shopify,True,5,1,,Baking|Category_Cocoa|Category_Organic|Cocoa|Health Wellness|Category_ Garlic & Ginger & Onion|Category_Herbs|Category_Spices|Category_Whole Spices|Garlic Ginger & Onion,12.0,5299.0
samstoy.in,https://samstoy.in,shopify,True,5,1,,outdoor toys|Water Gun|card games|Match Attax 2024-25|card games|Match Attax 2024-25|outdoor toys|Water Gun|outdoor toys|Water Gun,699.0,1999.0
foxed-store.com,https://foxed-store.com,shopify,True,5,1,,,8.9,99.9
raisingcanesgear.com,https://raisingcanesgear.com,shopify,True,5,1,,30OFF|Category_Bags|30OFF|Category_Bags|Category_Wearable|Category_Wearable|Category_Bags,6.99,36.99
tmrcustoms.com,https://tmrcustoms.com,shopify,True,5,1,,discounts_enabled|preorder|wholesale_rules_global|discounts_enabled|new_arrivals|preorder|wholesale_rules_global|discounts_enabled|preorder|wholesale_rules_global,40.99,164.99
dashcameras.in,https://dashcameras.in,shopify,True,0,1,,,0,0
hillenbrand.com,https://hillenbrand.com,woocommerce,False,0,1,,,0,0
thisisparallel.store,https://thisisparallel.store,shopify,True,5,1,,designer:matt|short sleeve tee|tshirt|W14-26|2-side|designer:matt|short sleeve tee|tshirt|W14-26|designer:matt,24.99,27.99
excelclothing.com,https://excelclothing.com,magento,True,0,1,klarna,,0,0
whiskers.shop,https://whiskers.shop,shopify,True,5,1,,brand_naomi|Dog Toys|Dogs|Toys_All|Toys_Balls & Fetch Toys|brand_naomi|Dog Toys|Dogs|Toys_All|Toys_Balls & Fetch Toys,246.0,393.0
stealplug.com.my,https://stealplug.com.my,shopify,True,5,1,,Accessory|bag|Supreme|Supreme Bag|Accessory|bag|Supreme|Supreme Bag|Accessory|bag,199.0,999.0
gosport.ca,https://gosport.ca,shopify,True,0,1,,,0,0
officialnasagear.com,https://officialnasagear.com,bigcommerce,True,0,1,,,0,0
majisports.com,https://majisports.com,shopify,True,5,1,,normal|SPO|att:Size: 24”x72”x5 mm thick|att:Turquoise|normal|SPO,49.95,169.95
anacondafightwear.co,https://anacondafightwear.co,shopify,True,0,1,,,0,0
carparts2u.com.au,https://carparts2u.com.au,shopify,True,0,1,,,0,0
chilecoco.store,https://chilecoco.store,shopify,True,5,1,,,25990.0,28990.0
shoplet.pl,https://shoplet.pl,prestashop,True,0,1,,,0,0
nigelbeauty.com,https://nigelbeauty.com,woocommerce,False,0,1,,,0,0
elevedancewear.com,https://elevedancewear.com,shopify,True,5,1,,All RTW|All Sale|autumn|Collection: The Cinnamon Collection|do not restock|All RTW|Collection: Back to Studio|Collection: Black Leos Women|do not restock|EXCLUDE LOW STOCK,39.5,105.0
phoenixfoodequipment.com,https://phoenixfoodequipment.com,shopify,True,0,1,,,0,0
ecomify.store,https://ecomify.store,shopify,True,5,1,,Trending Now|high sell|sugar ka ilaj|tiktok|Trending Now|high sell|sugar ka ilaj|tiktok|Trending Now,1200.0,2500.0
pgifts.co.za,https://pgifts.co.za,woocommerce,True,0,1,,,0,0
krakatoaunderwear.com,https://krakatoaunderwear.com,shopify,True,5,1,,"7"" inseam|5"" inseam|Sports Boxer|1.5"" inseam",1.98,36.0
laurelleantiquejewellery.com,https://laurelleantiquejewellery.com,shopify,True,5,1,,Antique Wedding Jewellery|Metal_Gold|Newly Listed Jewellery|Pendant Locket|Period_Victorian (1839-1901)|Antique Bracelets|Antique Wedding Jewellery|Metal_Gold|Metal_Silver|Newly Listed Jewellery,475.0,1450.0
computerorbit.com,https://computerorbit.com,shopify,True,5,1,,Offer|Offer,89.0,499.0
lightingathome.co.uk,https://lightingathome.co.uk,magento,True,0,1,,,0,0
indemandtoys.co.uk,https://indemandtoys.co.uk,shopify,True,5,1,,purple-dot-has-variant-on-preorder|purple-dot-live-waitlist|purple-dot-has-variant-on-preorder|purple-dot-live-waitlist,29.99,199.99
apnafurniture.pk,https://apnafurniture.pk,shopify,True,5,1,,home-decor|home-decor|home-decor|home-decor|home-decor,600.0,1400.0
archiesfootwear.com.au,https://archiesfootwear.com.au,shopify,True,5,1,,no-free-ship|no-new|no-free-ship|no-new|no-free-ship|no-new|no-free-ship|no-new|cloth-bag-1|Loop_Advanced_Exchange_Classic_FF,20.0,40.0
intemporel.shop,https://intemporel.shop,shopify,True,5,1,,,10.0,48.0
jb-jewellery.rs,https://jb-jewellery.rs,shopify,True,5,1,,Nakit|Ogrlica|Srebro 925|Nakit|Narukvica|Novo|Srebro 925|Nakit|Prsten|Srebro 925,4300.0,8000.0
nakshatrakids.com,https://nakshatrakids.com,shopify,False,0,1,,,0,0
outletsofadirect.fr,https://outletsofadirect.fr,prestashop,True,0,1,,,0,0
redecora.cl,https://redecora.cl,shopify,True,0,1,,,0,0
remorqueshop.fr,https://remorqueshop.fr,shopify,False,0,1,,,0,0
typsybeauty.com,https://typsybeauty.com,shopify,True,5,1,,active|draft|Faqs|group-gallery|guide|active|group-gallery|guide|howtouse|inside,799.0,1999.0
unitedfurnitureoutlets.co.za,https://unitedfurnitureoutlets.co.za,magento,True,0,1,,,0,0
vgrgardens.com,https://vgrgardens.com,woocommerce,True,0,1,,,0,0
watchrepublicshop.com,https://watchrepublicshop.com,shopify,True,5,1,,2026-04|3-Hand|40mm - 44mm|Black Dial|For Him|2026-04|3-Hand|40mm - 44mm|Blue Dial|For Him,2995.0,21295.0
heelsshoes.pk,https://heelsshoes.pk,shopify,True,5,1,,Ladies|Sale|Slipper|Ladies|New Arrivals|Slipper|Summer 26|Ladies|New Arrivals|Sandal,1750.0,4899.0
kzmusicstore.com,https://kzmusicstore.com,shopify,True,0,1,,,0,0
qixskateshop.com.br,https://qixskateshop.com.br,shopify,True,5,1,,Camiseta|Skatista|Streetwear|Vestuário|Camiseta|casual|Skatista|Streetwear|Vestuário|Camiseta,99.9,99.9
barocosmetics.com,https://barocosmetics.com,shopify,False,0,1,klarna,,0,0
beautybydaz.com,https://beautybydaz.com,woocommerce,True,0,1,,,0,0
phoner.in,https://phoner.in,woocommerce,True,0,1,,,0,0
safinebaby.com.br,https://safinebaby.com.br,woocommerce,True,0,1,,,0,0
artpointone.store,https://artpointone.store,shopify,False,0,1,,,0,0
storedj.com.au,https://storedj.com.au,shopify,True,5,1,,primary-category:01002|pronto-category:01002|pronto-parent-cat:01|pronto-parent-cat:01002|source:middleware|primary-category:12008|pronto-category:0200305|pronto-category:12008|pronto-parent-cat:02|pronto-parent-cat:02003,15.0,1999.0
profusioncosmetics.com,https://profusioncosmetics.com,shopify,True,5,1,,bundle|eyes|eyeshadow|eyeshadow palette|eyeshadow palettes|35-shade|artistry|eye shadow|Eyes|eyeshadow,9.49,15.8
meowcafeshop.com,https://meowcafeshop.com,shopify,True,0,1,,,0,0
cocktailteam.net,https://cocktailteam.net,woocommerce,False,0,1,,,0,0
4rsmokehouse.com,https://4rsmokehouse.com,woocommerce,True,0,1,,,0,0
samena-stores.com,https://samena-stores.com,shopify,True,5,1,,All Coupon 50|Bottom Size Chart|Clothes|Men|Men Best selling|All Coupon 50|bf-20|casual-Men|Clothes|Men,39.0,89.0
shopusa.co.ke,https://shopusa.co.ke,shopify,True,5,1,,Gain Laundry Detergent|Laundry|Laundry Detergents|Diapering|Baby & Child Care|Baby Care|baby products|Dinnerware|Feeding,3995.0,130995.0
greenstalkgarden.com,https://greenstalkgarden.com,shopify,True,5,1,,New Arrivals|Plant Support|sale|Shop Everything|GreenStalk Merch|Limited Edition|New Arrivals|sale|Shop Everything|GreenStalk Merch,2.6,20.8
orangesherbet.com.au,https://orangesherbet.com.au,shopify,True,0,1,,,0,0
spicedubai.com,https://spicedubai.com,woocommerce,True,0,1,,,0,0
australianorganicproducts.com.au,https://australianorganicproducts.com.au,shopify,True,5,1,,Brands_Chief Bar|Product Features_Gluten Free|Product Features_Vegan|Product Features_Vegetarian|Product Launched_New|Brands_Vego|Product Features_Dairy Free|Product Features_Gluten Free|Product Features_Organic|Product Features_Vegan,11.4,85.45
capitalautoparts.ca,https://capitalautoparts.ca,shopify,True,0,1,,,0,0
worldwidechocolate.com,https://worldwidechocolate.com,woocommerce,False,0,1,,,0,0
bootsschule1.de,https://bootsschule1.de,woocommerce,False,0,1,,,0,0
delraywatch.com,https://delraywatch.com,bigcommerce,True,0,1,,,0,0
axelaccessories.gr,https://axelaccessories.gr,magento,True,0,1,,,0,0
brut-clothing.com,https://brut-clothing.com,shopify,True,5,1,,,525.0,525.0
gabishoes.ro,https://gabishoes.ro,shopify,True,5,1,,33|34|35|350-399 Lei|36|33|34|35|350-399 Lei|350-400,359.0,395.0
iglusport.rs,https://iglusport.rs,magento,True,0,1,,,0,0
tooprettybrand.com,https://tooprettybrand.com,squarespace,True,0,1,,,0,0
martinomidali.com,https://martinomidali.com,magento,True,0,1,,,0,0
loveshop.pt,https://loveshop.pt,prestashop,False,0,1,,,0,0
wingsupply.com,https://wingsupply.com,magento,True,0,1,,,0,0
projerseysports.com,https://projerseysports.com,shopify,True,5,1,,100-200|BFCM-Exclude|BFCM21|carolina-panthers|googleshopping|100-200|BFCM-Exclude|chicago-cubs|custom-final-sale|googleshopping,129.99,159.99
morenutrition.com,https://morenutrition.com,shopify,False,0,1,,,0,0
fabulacoffee.com,https://fabulacoffee.com,shopify,True,5,1,,__label:new|Not-Coffee|Product-Name:Fabula Coasters. set of 3|Product-Unit-Step:1|Product-Unit:bag|__label:new|Not-Coffee|Product-Name:Recipe Booklet|Product-Unit-Step:1|Product-Unit:bag,9.99,180.0
monumenthobbies.com,https://monumenthobbies.com,shopify,True,5,1,,weathering pigments|weathering pigments|weathering pigments|weathering pigments|weathering pigments,7.0,53.2
frankssports.com,https://frankssports.com,woocommerce,True,0,1,,,0,0
vapegateae.com,https://vapegateae.com,shopify,True,5,1,,20%|Approx. Puffs_K20000 & More Puffs|Battery_Built In|Battery_Rechargeable|Brand_Maskking|20%|Approx. Puffs_K20000 & More Puffs|Battery_Built In|Battery_Rechargeable|Brand_Al Fakher,40.0,80.0
mostwantedluxury.com,https://mostwantedluxury.com,shopify,True,5,1,,34 - 42|34 - 38|34 - 38|34 - 38|34 - 38,12.5,22.5
sukworkwear.com.au,https://sukworkwear.com.au,shopify,True,5,1,,b2b|Cropped Brumby|online|pos|range_ripstop|b2b|Last chance|online|pos|Style_Cropped Suits,55.0,140.0
arfashionpk.com,https://arfashionpk.com,shopify,True,5,1,,2pc dresses|2piece|3pc suit|Brandclothing|Clothing|2pc dresses|Brandclothing|Clothing|cutton dress|Womendress,3449.0,4398.0
brandphones.gr,https://brandphones.gr,woocommerce,True,0,1,,,0,0
bwear.ro,https://bwear.ro,shopify,True,5,1,,geaca|geaca blugi|geaca de blugi|geaca lunga|geaca primavara|geaca|geaca blugi|geaca lunga|geaca subtire|jacheta blug,149.0,285.0
casiowatchbangladesh.com,https://casiowatchbangladesh.com,woocommerce,True,0,1,,,0,0
connectedgamestore.com,https://connectedgamestore.com,woocommerce,True,0,1,,,0,0
darich.shop,https://darich.shop,shopify,True,5,1,,NEW|NEW ARRIVAL|OTHER|バッグ|NEW|NEW ARRIVAL|ONE PIECE|TikTokShop接続|ロングワンピース|NEW,13200.0,19800.0
deoc.store,https://deoc.store,shopify,True,5,1,,,150.0,350.0
doukaudio.com,https://doukaudio.com,shopify,True,0,1,,,0,0
eagleclothing.co.za,https://eagleclothing.co.za,shopify,True,5,1,,Boots|DISCOUNT_ON|Footwear|Ladies|New|Boots|DISCOUNT_ON|Footwear|Ladies|New,449.9,699.9
esencialmx.shop,https://esencialmx.shop,shopify,True,5,1,,,139.0,2299.0
euro-sports.jp,https://euro-sports.jp,shopify,True,0,1,,,0,0
exoticestore.com,https://exoticestore.com,shopify,True,5,1,,NEW|CLEARANCE|NEW|NEW|Multi Buy,0.79,3.99
fulltoys.shop,https://fulltoys.shop,shopify,True,5,1,,5-7|costruzioni|Fuori catalogo|lego|mattoncini|8-12|auto|Bambi|moto|new,9.99,35.91
inbeautyland.gr,https://inbeautyland.gr,opencart,False,0,1,,,0,0
medandbeauty.com,https://medandbeauty.com,woocommerce,False,0,1,,,0,0
premiumgoldcl.store,https://premiumgoldcl.store,shopify,True,0,1,,,0,0
s-wear.co.il,https://s-wear.co.il,magento,True,0,1,,,0,0
sensationfootwear.com,https://sensationfootwear.com,shopify,True,5,1,,FOOTWEAR|FW25|HEELS|OK|SS25|CLEAR|1111|BALLETFLATS|EIDGLAM|FLATS,1200.0,5500.0
shopwhitecoat.com,https://shopwhitecoat.com,shopify,True,5,1,,__label2:New|Hoodie|Women|__label2:ADAPT|Adapt|BYOS|Men|__label:PRO+|front_embroidery_options|PRO+,1895.0,3295.0
sportizmo.rs,https://sportizmo.rs,shopify,True,0,1,,,0,0
tesla-electronics.eu,https://tesla-electronics.eu,woocommerce,True,0,1,,,0,0
tokyocamera.vn,https://tokyocamera.vn,woocommerce,True,0,1,,,0,0
transparentgift.com,https://transparentgift.com,woocommerce,True,0,1,,,0,0
cosmeticclick.com,https://cosmeticclick.com,bigcommerce,False,0,1,,,0,0
greta.shop,https://greta.shop,shopify,True,5,1,,accessori-make-up|ARGruppo1_MAKE-UP|ARGruppo2_ACCESSORI MAKE-UP|ARGruppo3_Pennelli|BACKSTAGE FACE BRUSHES|ARGruppo1_VISO|ARGruppo2_TRATTAMENTI VISO|ARGruppo3_Cofanetti creme viso|BRAND_CLE' DE PEAU BEAUTE'|CDP70303194101,17.0,343.0
maxsport.com.co,https://maxsport.com.co,shopify,True,5,1,,addi-marketplace|Guayos y calzado Addi,62000.0,179900.0
naturebaby.co.nz,https://naturebaby.co.nz,shopify,True,5,1,,bundle|core|Ontempo-Style_NB11048|Ontempo-Uid_427535B4-F38D-492A-8A11-A8164C609592|bundle|Ontempo-Style_NB11182|Ontempo-Uid_FCEC0785-075F-451C-90A2-0D3EA4A4BFA2|Ontempo-Style_NB117172|Ontempo-Uid_77492B02-9AC7-45D0-A0F2-42967EEE3C14|bundle,20.0,99.95
deviouselementsapparel.com,https://deviouselementsapparel.com,shopify,True,5,1,,Accessories|Accessory|all over print|Bucket Hat|Cut-&-Sew|Accessories|Accessory|all over print|Bucket Hat|Cut-&-Sew,33.0,39.95
elegancefashionhub.com,https://elegancefashionhub.com,woocommerce,True,0,1,,,0,0
sub-shop.com,https://sub-shop.com,shopify,True,5,1,,3740|Below $100|Below $25|Below $50|clearance1995|8857|Below $100|Below $25|Below $50|blue,21.95,49.95
heavysaurus.store,https://heavysaurus.store,shopify,True,5,1,,niedersachsen|vivenu|Vivenu Event|adults|shirts|bayern|vivenu|Vivenu Event|nordrheinwestfalen|vivenu,9.9,39.0
computerscore.com.au,https://computerscore.com.au,woocommerce,True,0,1,,,0,0
shopbrumano.com,https://shopbrumano.com,shopify,True,5,1,,AKGBrumano|all-products|BRM-JNR-3588|getcottoncandy|jrss2024|AKGBrumano|all-products|BRM-JNR-3448|getcottoncandy|jrss2024,895.0,3894.0
zensupply.com,https://zensupply.com,bigcommerce,True,0,1,,,0,0
shoprumored.com,https://shoprumored.com,shopify,True,0,1,,,0,0
lennyshoe.com,https://lennyshoe.com,shopify,True,5,1,,Color_Black|Dept_Footwear|Dept_Footwear-Boots|Dept_Workwear|Dept_Workwear-Work-Boots|_alt_Kuhl-Mens-Stretch-Voyagr-Jacket|Color_Green|Dept_Clothing|Dept_Outerwear|Dept_Outerwear-Jackets,14.99,199.0
mallshoes.co.il,https://mallshoes.co.il,woocommerce,True,0,1,,,0,0
popabrand.com,https://popabrand.com,shopify,True,5,1,,Cuña Baja|ESPARTO|Mujer|Negro|SS26|Cuña Baja|Mujer|Negro|NEW IN|SS26,89.95,89.95
birminghamwear.com,https://birminghamwear.com,shopify,True,5,1,,,24.99,169.99
teathemes.net,https://teathemes.net,shopify,True,5,1,,Hair&Makeup|Lips|Makeup|Out-Of-Stock|sale|1|2|EU Compliant|Eyes|Gluten Free,10.49,21.97
chocolateshopbd.com,https://chocolateshopbd.com,woocommerce,True,0,1,,,0,0
zafraniglwcream.shop,https://zafraniglwcream.shop,shopify,True,4,1,,,1699.0,2099.0
bloomzhemp.com,https://bloomzhemp.com,woocommerce,True,0,1,,,0,0
lotto-sport.com.ua,https://lotto-sport.com.ua,opencart,False,0,1,,,0,0
tigerteamstore.com,https://tigerteamstore.com,shopify,True,5,1,,Brand_Nature Planet|Collection_Gifts & Accessories|Collection_Youth|Color_Black|Color_Gold|Collection_Men's|Color_Cream|Size_L|Size_M|Size_S,4.99,99.99
gameknight.ca,https://gameknight.ca,shopify,True,5,1,,,0.6,2.5
vapemate.co.uk,https://vapemate.co.uk,shopify,True,5,1,,Active|Active NEW|e-liquids:nicotine-salts|flavour:Fruits|multibuy:3 x E-Liquids for £9|Active|Active NEW|e-liquids:nicotine-salts|flavour:Fruits|multibuy:3 x E-Liquids for £9,3.99,3.99
kidsmood.de,https://kidsmood.de,shopify,False,0,1,shopify_payments,,0,0
kowear.com,https://kowear.com,bigcommerce,False,0,1,,,0,0
belleetoilejewelry.com,https://belleetoilejewelry.com,shopify,True,5,1,,250-350|color-black|earrings|size-one-size|350-550|bridal|color-white|pendants|size-one-size|350-550,295.0,395.0
cornishseaweedbath.co.uk,https://cornishseaweedbath.co.uk,shopify,True,0,1,,,0,0
javedpharmacy.pk,https://javedpharmacy.pk,woocommerce,True,0,1,,,0,0
gym-side.de,https://gym-side.de,shopify,True,0,1,,,0,0
thewashitapeshop.com,https://thewashitapeshop.com,shopify,True,5,1,,bogos-gift|Art|houses|Nature|nostalgia|original design|Art|houses|Nature|nostalgia,15.95,28.95
boldrsupply.co,https://boldrsupply.co,shopify,True,5,1,,Active|archive_watches|Automatic  Watches|bronze|Case Size_45.5mm|Active|archive_watches|Automatic  Watches|bronze|Case Size_45.5mm,649.0,699.0
allmagautoparts.com,https://allmagautoparts.com,shopify,True,5,1,,Crankshaft Position Sensor|engine electrical|engines-engine-parts|mini-cooper|qty|Door Seal|door-parts|mini-cooper|qty|r58,29.99,349.99
dragonpharmalabs.com,https://dragonpharmalabs.com,shopify,True,5,1,,Promo 26/02 - Monitoring|Promo 26/02 - Monitoring,12.99,79.99
vidafurniture.store,https://vidafurniture.store,shopify,True,5,1,,bed-pillow|Brand_Ashley|Collection_Nectar Classic|color_white|consumer-assembly_no-assembly-required|bed-pillow|Brand_Ashley|Collection_DreamCloudTM Classic|color_white|consumer-assembly_no-assembly-required,104.46,2085.72
biggamehoundsmen.com,https://biggamehoundsmen.com,woocommerce,True,0,1,,,0,0
audiopub.org,https://audiopub.org,magento,True,0,1,,,0,0
bedandbath.gr,https://bedandbath.gr,shopify,True,5,1,,mattress|sleep-center|bedding|bedroom|blankets|bedding|bedroom|duvet-cover|bedding|bedroom,35.0,7500.0
youteam.io,https://youteam.io,bigcommerce,True,0,1,,,0,0
aiviouvapes.com,https://aiviouvapes.com,woocommerce,True,0,1,,,0,0
cosmetics.lk,https://cosmetics.lk,shopify,True,5,1,,New Arrivals|New Arrivals|New Arrivals|New Arrivals|New Arrivals,2950.0,9900.0
uniquerustiqueboutique.com,https://uniquerustiqueboutique.com,shopify,True,5,1,,bed-pillow|Brand_Ashley|Collection_Nectar Classic|color_white|consumer-assembly_no-assembly-required|bed-pillow|Brand_Ashley|Collection_DreamCloudTM Classic|color_white|consumer-assembly_no-assembly-required,52.32,1412.07
ejuice.deals,https://ejuice.deals,woocommerce,True,0,1,,,0,0
alegriashoeshop.com,https://alegriashoeshop.com,shopify,True,5,1,,YGroup-bianca|YGroup-bianca,69.5,130.0
nbathundershop.com,https://nbathundershop.com,shopify,True,5,1,,apparel|clothing|color_blue|gender_youth|infant|apparel|clothing|color_black|dress|gender_womens,40.0,89.99
theoneapparel.com,https://theoneapparel.com,shopify,True,5,1,,Bulk Uploading|Bulk Uploading|Bulk Uploading|Bulk Uploading|Bulk Uploading,1.99,52.78
hamaripharmacy.com,https://hamaripharmacy.com,woocommerce,True,0,1,,,0,0
bootnshoe.com,https://bootnshoe.com,shopify,True,5,1,,ariat|closure-type-pull-on|feature-eh-rated|feature-waterproof|Gender-Womens|closure-type-laces|feature-eh-rated|feature-usa-made|feature-waterproof|gender-mens,14.95,239.95
cyberteamcr.com,https://cyberteamcr.com,woocommerce,True,0,1,,,0,0
workprotools.store,https://workprotools.store,shopify,True,0,1,,,0,0
coffeehousepress.org,https://coffeehousepress.org,shopify,True,5,1,,Ficton|new & forthcoming|poetry|screen-reader-compatibl|new & forthcoming|not for coupons|Spring 2026 Season|subscriptions|fiction|for coupon,16.0,92.0
patoys.in,https://patoys.in,shopify,True,5,1,,New Arrivals|Non-Returnable items|New Arrivals|Push notification|New Arrivals|New Arrivals|Push notification|New Arrivals,1299.0,17999.0
scotvapes.com,https://scotvapes.com,woocommerce,True,0,1,,,0,0
fugazzifragrances.com,https://fugazzifragrances.com,shopify,True,5,1,,Discovery Set|Extrait De parfum|Fragrance|Genderless|Fragrance,10.0,160.0
theonewatches.ws,https://theonewatches.ws,opencart,True,0,1,,,0,0
proswimwear.es,https://proswimwear.es,magento,False,0,1,paypal|adyen,,0,0
cowboystiefel-shop.com,https://cowboystiefel-shop.com,shopify,True,5,1,,2026 ladenhüter,125.0,210.0
kawabeauty.de,https://kawabeauty.de,shopify,True,5,1,,,6.95,200.0
brew-watches.com,https://brew-watches.com,shopify,True,5,1,,8-bit-brew|Retrograph|visible|watches|brewmetric|metric|metricchronograph|pvdblack|pvdblackmetric|metric,50.0,475.0
essentialworkwear.com,https://essentialworkwear.com,woocommerce,True,0,1,,,0,0
bines-shop.com,https://bines-shop.com,shopify,True,5,1,,basteln|Bastelvorlage|bine|brändle|Dekoration für Ostern|Ausmalbilder|basteln|Bastelvorlage|bine|brändle,3.9,5.9
vintagewholesalesupplyltd.com,https://vintagewholesalesupplyltd.com,shopify,True,5,1,,Branded|Unbranded|Branded|Unbranded|Unbranded,104.0,365.0
organicstrengthllc.com,https://organicstrengthllc.com,woocommerce,True,0,1,,,0,0
blueskyclothingco.com,https://blueskyclothingco.com,shopify,True,5,1,,$20|Beige|Dress|Dresses-Sale|Natural Zone|$20|Black|Blue|Charcoal Zone|Dress,20.0,44.5
magnumtattoosupplies.co.uk,https://magnumtattoosupplies.co.uk,shopify,True,5,1,,Black_Products|Brand_Proton|Color_Black|colour_black|Consumables|Black & Grey Inks|Bob tyrell|Brand_Intenze|Discount Code|feed-customproduct,4.79,93.59
ikonmotorsports.com,https://ikonmotorsports.com,shopify,True,5,1,,2014|2015|2016|2017|2018|1 Keyhole|2005|2006|2007|2008,15.99,54.99
schmidtspiele-shop.de,https://schmidtspiele-shop.de,magento,False,0,1,,,0,0
ngoccuongcomputer.com,https://ngoccuongcomputer.com,woocommerce,True,0,1,,,0,0
apextoolandsupply.com,https://apextoolandsupply.com,shopify,True,5,1,,Taps|Drilling|Surface Conditioning|Drilling|Rotating Brushes|Drilling|Solid|Drilling|Solid,12.0,3880.31
sugesswatch.com,https://sugesswatch.com,shopify,True,5,1,,395|analog watch|black|fashion accessory|mechanical watch|401|analog watch|black|fashion accessory|mechanical watch,189.0,499.0
softari.store,https://softari.store,shopify,True,5,1,,collection-hidden|cart-hidden|collection-hidden|collection-hidden,2.99,35.99
gamestation.hn,https://gamestation.hn,woocommerce,True,0,1,,,0,0
toybeta.com,https://toybeta.com,shopify,True,5,1,,,13.86,195.0
skinwell.store,https://skinwell.store,shopify,True,5,1,,,999.0,1999.0
sahirajewelrydesign.com,https://sahirajewelrydesign.com,shopify,True,5,1,,belly chain|bellychain|belt|Body Chain|chain|Earring Studs|Earrings|Gold Earrings|statement earrings|TryNowAutomated,24.0,98.0
funky-chunky-furniture.co.uk,https://funky-chunky-furniture.co.uk,shopify,True,5,1,,Collection: Accessories|Collection: Coat Hooks & Hall Storage|Colour: Grey|CRP: blackboard-sign-coat-hanger|CRP: copper-vintage-coat-hooks-white-hook-ends|Collection: Accessories|Collection: Dining Room Finishing Touches|Collection: Kitchen Dining Room Accessories|Collection: Kitchenware|Collection: Tableware & Entertaining,16.5,128.0
dzahra.shop,https://dzahra.shop,shopify,True,5,1,,,1850.0,1850.0
familiahomewear.com,https://familiahomewear.com,shopify,True,5,1,,Pajama 3 pieces|Pajama Shorts|Summer|women|Half Sleeves|Summer|women|Half Sleeves|Summer|women,685.0,935.0
shopfares.com,https://shopfares.com,shopify,True,5,1,,Discount-Eligable|Jasmine|Modest Dresses|New Arrivals|RAMADAN2026|Discount-Eligable|Jasmine|Modest Dresses|New Arrivals|RAMADAN2026,105.0,120.0
vapershopbd.com,https://vapershopbd.com,woocommerce,True,0,1,,,0,0
grandjgames.com,https://grandjgames.com,bigcommerce,True,0,1,,,0,0
murderapparel.com,https://murderapparel.com,shopify,True,5,1,,T-SHIRTS|CROP TOPS|HOODIES|SWEATSHIRTS|LONG SLEEVE SHIRTS,34.99,59.99
moderndesignerrugs.com,https://moderndesignerrugs.com,shopify,True,5,1,,category_Abstract|category_Modern|category_Neutral|category_Striped|collection_Reimagined|category_Patterned|collection_Best Sellers|collection_Palazzo Collection|material_Wool|origin_India,3600.0,30024.0
bravekid.com,https://bravekid.com,shopify,True,5,1,,AGERANGE_youth|CAT-EN_Knitwear|COLOR-DE_weiß:#FFFFFF|COLOR-EN_white:#FFFFFF|COLOR-ES_blanco:#FFFFFF|AGERANGE_youth|CAT-EN_Shirts|COLOR-DE_blauer Denim:#2243B6|COLOR-EN_blue denim:#2243B6|COLOR-ES_azul vaquero:#2243B6,35.0,250.0
mmsports.com,https://mmsports.com,magento,True,0,1,,,0,0
dandanthemattressman.com,https://dandanthemattressman.com,shopify,True,5,1,,bed-pillow|Brand_Ashley|Collection_Nectar Classic|Color_White|Consumer Assembly_No Assembly Required|bed-pillow|Brand_Ashley|Collection_DreamCloudTM Classic|Color_White|Consumer Assembly_No Assembly Required,69.99,1339.99
shopkaraku.com,https://shopkaraku.com,shopify,True,5,1,,202601|hotseller|long sleeve|long TS|new|202504|aloha shirt|casual shirt|hotseller|new,43.99,98.99
vapeobservation.com,https://vapeobservation.com,woocommerce,False,0,1,,,0,0
giftbasketstore.com,https://giftbasketstore.com,shopify,True,5,1,,basket|best seller|best sellers|best selling|chocolate|admin|anniversary|basket|best seller|best selling,66.32,188.34
shopecobambino.com,https://shopecobambino.com,shopify,True,5,1,,Ages 3-4|Ages 4-5|Ages 5-6|Ages 6-7|Maileg Plush|Ages 3-4|Ages 4-5|Ages 5-6|Ages 6-7|Maileg Plush,15.0,84.0
omidsepahi1008.shop,https://omidsepahi1008.shop,woocommerce,True,0,1,,,0,0
abhishekid.com,https://abhishekid.com,shopify,True,5,1,,6x9 cm photo frames|acrylic fridge frames|acrylic magnetic photo frames|fridge magnet photo frames|gift photo frames|notch press machine|tag fitting machine|tag joint machien|tag joint machine|tag making machine,169.0,13939.0
beauty-health.rs,https://beauty-health.rs,woocommerce,True,0,1,,,0,0
bernywatch.com,https://bernywatch.com,shopify,True,5,1,,5ATM Waterproof|Automatic|Japanese automatic movement|Mechanical Watch|Slicone Band|20ATM Waterproof|Automatic|Calendar Date|Diver Watch|Japanese automatic movement,133.99,164.99
centralsports.co.uk,https://centralsports.co.uk,shopify,True,5,1,,Athletic|Black|custom|Gear|Red|27/3|football|Black|custom|Custom Teamwear,6.69,868.0
flawlessvapedistro.co.uk,https://flawlessvapedistro.co.uk,shopify,True,5,1,,9999|Master|new|newR|Restocked|10mg|10ml|20mg|9999|Master,0.95,11.99
goldzonejewelry.com,https://goldzonejewelry.com,shopify,True,0,1,,,0,0
heraclothing.com,https://heraclothing.com,shopify,True,5,1,,rewear|rw-mw|swap_noreturn|age_group:adult|article_status_draft|AW25|bottoms|cargos|age_group:adult|article_status_draft,24.0,120.0
humafashion.store,https://humafashion.store,shopify,True,5,1,,blessed friday|deal of the day|dealoftheday|Free Delivry|ladies suiting|blessed friday|deal of the day|dealoftheday|Free Delivry|ladies suiting,1750.0,1750.0
otomax.store,https://otomax.store,shopify,True,5,1,,Mercedes Benz|Honda|Hyundai|Ioniq 5|Lexus|Mazda|Original|Original,2200000.0,15000000.0
choiceboutique.com,https://choiceboutique.com,shopify,True,5,1,,Kartner|Kartner SS26|SS26|Tops SS26|Kartner|Kartner SS26|SS26|Tops SS26|Dresses SS26|Kartner,35.0,60.0
koreanskincare.co.uk,https://koreanskincare.co.uk,shopify,True,5,1,,New|Serums|Treatments|New|Serums|Treatments|Face Creams|Moisturizers|New|Exfoliating Toners,12.97,21.56
phonesdirect.com,https://phonesdirect.com,shopify,True,5,1,,200-300|300-400|a15-bionic|auto-hide|colour-blue|a15-bionic|auto-hide|colour-deep-purple|colour-gold|colour-silver,179.99,779.99
samiwatches.com,https://samiwatches.com,woocommerce,True,0,1,,,0,0
stahlkitchens.com,https://stahlkitchens.com,shopify,True,0,1,,,0,0
azaelectronics.com,https://azaelectronics.com,opencart,False,0,1,,,0,0
boldsnacks.com.br,https://boldsnacks.com.br,shopify,True,5,1,,Creatina|12unid|Barra|BOLD BAR|Chocolate Branco|Individual|900g|BOLD WHEY|Whey|12unid,12.9,249.0
claritasmakeupve.com,https://claritasmakeupve.com,woocommerce,True,0,1,klarna,,0,0
dreamhomestore.co.uk,https://dreamhomestore.co.uk,shopify,True,5,1,,55 inch tv stand|bedroom tv cabinet|bedroom tv stand|bedroom tv unit|best sale deals|55 inch tv stand|bedroom tv cabinet|bedroom tv stand|bedroom tv unit|best sale deals,79.99,79.99
duckduckbaby.in,https://duckduckbaby.in,shopify,True,0,1,,,0,0
egarden.store,https://egarden.store,woocommerce,True,0,1,,,0,0
languageshoes.com,https://languageshoes.com,woocommerce,True,0,1,,,0,0
trueshop.co,https://trueshop.co,shopify,True,5,1,,ACCESORIOS|Accesorios 2.0|Active|Amarillo|Full|Active|Blanco|Clásicos 2024|Estampado Servicios|Full,25000.0,170000.0
kellyspicers.com,https://kellyspicers.com,woocommerce,False,0,1,,,0,0
roomanddecor.com,https://roomanddecor.com,shopify,True,5,1,,amazon|batch-23:2026-02-24|black+orange|black+orange - pc|china|batch-23:2026-02-24|cream white|cream white - white - dining room - classic|dateupdated-2026-02-24|dining chair and bench,209.99,349.99
olelectronics.in,https://olelectronics.in,woocommerce,True,0,1,,,0,0
blisscomputers.net,https://blisscomputers.net,bigcommerce,True,0,1,,,0,0
gift4designer.net,https://gift4designer.net,prestashop,False,0,1,,,0,0
ultimatesneakerstore.be,https://ultimatesneakerstore.be,woocommerce,False,0,1,,,0,0
peachesandcream.co.nz,https://peachesandcream.co.nz,shopify,True,5,1,,00 ADD|Anal Beads|Anal Toys|New In|Shots|00 ADD|Anal Beads|Anal Toys|New In|Shots,21.99,129.99
soera-store.com,https://soera-store.com,shopify,True,5,1,,Autumn Clothing|autumn coat|Autumn Fashion|Autumn Fashion Coat|Autumn Jacket|Backless Dress|Backless Maxi Dress|Bodycon Dress|Casual Maxi Dress|Casual Summer Wear,47.0,81.0
hifigear.co.uk,https://hifigear.co.uk,magento,True,0,1,stripe|klarna,,0,0
southsideskateshop.com,https://southsideskateshop.com,shopify,True,5,1,,Southside Skatepark|Southside Skatepark,29.94,114.94
premiumaquatics.com,https://premiumaquatics.com,shopify,True,5,1,,flat-ship-rates:1=8.99*|Food|Frozen Foods|itemID-19032|flat-ship-rates:1=8.99*|Food|Frozen Foods|itemID-19031|flat-ship-rates:1=8.99*|Food,7.99,96.99
orchardvalleysupply.com,https://orchardvalleysupply.com,shopify,True,5,1,,ag-supplies|hand-tools|lawn-garden-supplies|nursery-supplies|ag-supplies|crossarms|hemp-specialty-crops-supplies|orchard-supplies|orchard-vineyard-supply|acaricide,1.5,170.0
spotlightfurniture.com,https://spotlightfurniture.com,shopify,True,5,1,,500-1000|ashley-furniture|Brand_Ashley|Collection_Modmax II|color_black|ashley-furniture|Brand_Ashley|Collection_Modmax II|color_black|consumer-assembly_no-assembly-required,864.99,3784.99
hometownapparel.com,https://hometownapparel.com,opencart,True,0,1,,,0,0
whitakerschocolates.com,https://whitakerschocolates.com,shopify,True,5,1,,Anniversary|Birthdays|Christmas|dark chocolate|Easter|Anniversary|Birthdays|Christmas|dark chocolate|Easter,3.49,36.0
leaclothingco.com,https://leaclothingco.com,shopify,True,5,1,,2xl|3xl|4xl|5xl|Afsaana|2xl|3-D Embroidery|3d flower embroidery|3xl|4xl,10490.0,24390.0
wearicy.com,https://wearicy.com,shopify,True,5,1,,graphic|graphic tee|graphic tees|icy-exclusives|Icy-Vintage|graphic|icy-exclusives|Icy-Vintage|shirt|graphic,35.0,45.0
createcustomwishes.com,https://createcustomwishes.com,woocommerce,True,0,1,,,0,0
nextcigar.com,https://nextcigar.com,shopify,True,5,1,,Cubans|meta1a_Cigar Aficionado|meta1b_92|meta1c_Points|meta_yes|Cubans|meta1a_Cigar Aficionado|meta1b_94|meta1c_Points|meta2a_Cigars Lover Mag,420.0,1083.0
texasbootranch.net,https://texasbootranch.net,shopify,True,5,1,,,129.99,129.99
perfectvape.com,https://perfectvape.com,bigcommerce,False,0,1,,,0,0
shahriarpremium.com.bd,https://shahriarpremium.com.bd,shopify,True,5,1,,293|Best Panjabi in Bangladesh|Black PANJABI|code293|Embroidery Panjabi|283|Best Panjabi in Bangladesh|Eid 2026|eidcollection|Mens Panjabi,1099.0,1149.0
ballinacomputers.com,https://ballinacomputers.com,shopify,True,0,1,,,0,0
cyclewear.com.co,https://cyclewear.com.co,shopify,True,5,1,,Componentes|Grupos de Bicicleta|Grupos de Freno de Disco|Componentes|Frenos & Juegos|Frenos & Partes|Frenos De Disco|AccesoriosMoto|Alforjas & Maleteros|Baúles y Anclajes,714000.0,2099000.0
rworldonlinestore.com,https://rworldonlinestore.com,woocommerce,True,0,1,,,0,0
halfpricefurniturestore.com,https://halfpricefurniturestore.com,shopify,True,5,1,,500-1000|acme-west|Bedroom|Brand_ACME|consumer-assembly_no-assembly-required|500-1000|ashley-furniture|bed|bed-size_full|bed-size_king,288.02,892.56
shopsunshinesisters.com,https://shopsunshinesisters.com,shopify,True,5,1,,pajama set|Hoodies|Hoodies|Hoodies|Hoodies,7.95,40.0
msmpokegamer.com,https://msmpokegamer.com,wix,False,0,1,,,0,0
rexsupersport.com,https://rexsupersport.com,woocommerce,True,0,1,,,0,0
deuxc.store,https://deuxc.store,shopify,True,5,1,,Tシャツ・カットソー|ファッション|ファッション-新商品|新商品|Tシャツ・カットソー|ファッション|ファッション-新商品|新商品|Tシャツ・カットソー|ファッション,3300.0,4950.0
maxalexander.shop,https://maxalexander.shop,shopify,True,0,1,shopify_payments,,0,0
furniturecitygallery.com,https://furniturecitygallery.com,shopify,True,5,1,,Bed Pillow|Brand_Ashley|Collection_Nectar Classic|Color_White|Consumer Assembly_No Assembly Required|Bed Pillow|Brand_Ashley|Collection_DreamCloudTM Classic|Color_White|Consumer Assembly_No Assembly Required,68.04,1499.0
sporttechs.it,https://sporttechs.it,woocommerce,True,0,1,stripe,,0,0
sandys-furniture.com,https://sandys-furniture.com,shopify,True,5,1,,bed-pillow|Brand_Ashley|Collection_Nectar Classic|Color_White|consumer-assembly_no-assembly-required|bed-pillow|Brand_Ashley|Collection_DreamCloudTM Classic|Color_White|consumer-assembly_no-assembly-required,59.0,1604.0
tier1games.com,https://tier1games.com,shopify,True,5,1,,275|Commander Tarkir Dragonstorm|MTG Single|TDC|Uncommon|DND,0.25,99.99
sbndream.shop,https://sbndream.shop,shopify,True,5,1,,,799.0,2500.0
shaffer.store,https://shaffer.store,shopify,True,5,1,,Accessories|Cufflinks|Accessories|Cufflinks|Accessories|Cufflinks|Accessories|Cufflinks|Accessories|Cufflinks,5700.0,5700.0
galleriafurniturenc.com,https://galleriafurniturenc.com,shopify,False,0,1,,,0,0
dapperlighting.com,https://dapperlighting.com,shopify,True,0,1,,,0,0
shoegrab.com.au,https://shoegrab.com.au,shopify,True,0,1,,,0,0
discount-autosport.com,https://discount-autosport.com,woocommerce,True,0,1,,,0,0
tealula.com,https://tealula.com,shopify,True,0,1,,,0,0
myluxurybargain.com,https://myluxurybargain.com,woocommerce,True,0,1,,,0,0
probikeshop.de,https://probikeshop.de,shopify,True,5,1,,Newsoft|Newsoft|Newsoft|Newsoft|Newsoft,21.99,78.99
cowgirlcreamery.com,https://cowgirlcreamery.com,shopify,True,0,1,,,0,0
powersports.in,https://powersports.in,shopify,True,5,1,,bike tail bag|luggage|motorcycle tail bag|rack bag|tail bag|bike tail bag|luggage|motorcycle rack bag|motorcycle tail bag|rack bag,5699.0,8850.0
hiyatoys.com,https://hiyatoys.com,shopify,True,5,1,,,54.0,179.0
uniquepiecefurniture.com,https://uniquepiecefurniture.com,shopify,True,5,1,,Brand_Daily Nest|Category_Home Accents|Category_Planters & Vases|Color_SaddleBrown|Direct To Consumer_Yes|Brand_Naar Rug|Category_Home Accents|Category_Rugs|Color_Beige|Color_Black,98.98,698.98
graceparkerjewelry.com,https://graceparkerjewelry.com,shopify,True,5,1,,,29.99,29.99
competitionmotorsport.com,https://competitionmotorsport.com,shopify,True,0,1,shopify_payments,,0,0
oilcloth.com,https://oilcloth.com,shopify,True,0,1,,,0,0
shop-retrowave.at,https://shop-retrowave.at,shopify,True,5,1,,AB|hide|AB|hide|AB|hide|AB|hide|AB|hide,74.95,149.9
retail.org.au,https://retail.org.au,woocommerce,True,0,1,,,0,0
kensuifitness.com,https://kensuifitness.com,shopify,True,5,1,,,19.0,199.0
sportmann.no,https://sportmann.no,magento,True,0,1,,,0,0
organicwarehouse.ca,https://organicwarehouse.ca,woocommerce,True,0,1,,,0,0
bbqkitchenpros.com,https://bbqkitchenpros.com,shopify,True,0,1,,,0,0
figodecor.ro,https://figodecor.ro,shopify,False,0,1,,,0,0
bksshoes.com,https://bksshoes.com,shopify,True,5,1,,Color::Beige|Color::Neutral|Gender::Women|HeelHeight::Flat|Material::Man Made Material|Color::Black|Gender::Women|HeelHeight::Flat|Material::Man Made Material|Metafield:CustomProduct,39.99,44.99
kids-wall.com,https://kids-wall.com,shopify,True,5,1,,Animaux|Aquarelle|Bleu|Enfant|Floral|Animaux|Enfant|Jungle|palmier|perroquet,29.9,29.9
theboutiquesoccer.com,https://theboutiquesoccer.com,shopify,True,0,1,shopify_payments,,0,0
autopartsmarketplace.lt,https://autopartsmarketplace.lt,magento,True,0,1,,,0,0
discoveringbrands.com,https://discoveringbrands.com,shopify,False,0,1,,,0,0
thehomestoreofgaylord.com,https://thehomestoreofgaylord.com,shopify,True,5,1,,bed-pillow|Brand_Ashley|Collection_Nectar Classic|color_white|consumer-assembly_no-assembly-required|bed-pillow|Brand_Ashley|Collection_DreamCloudTM Classic|color_white|consumer-assembly_no-assembly-required,79.99,1979.99
luxuryconfidence.com,https://luxuryconfidence.com,shopify,True,5,1,,,69.0,89.0
livyandkateclothing.com,https://livyandkateclothing.com,shopify,True,5,1,,Dresses|Floral|midi dress|new 3/31/26|Dresses|Floral|maxi dress|new 3/31/26|bottoms|Jeans,52.5,78.5
brooklyn-shop.de,https://brooklyn-shop.de,shopify,True,5,1,,__brooklynnr_JRERTS028.02|__everysize_Jumpman T-Shirt|__farbe2_weiss-schwarz|__freitext_mat_100% Baumwolle|__Part_Oberteile|__brooklynnr_JRERSH030.01|__everysize_Brooklyn Fleece Shorts|__farbe2_schwarz|__freitext_mat_80% Baumwolle 20% Polyester|__Part_Hosen,30.0,96.0
thesportstuff.in,https://thesportstuff.in,shopify,True,5,1,,Cricket Jersey|Cricket Jersey|Football Jersey|Cricket Jersey|Football Jersey,600.0,1125.0
teachlikeachampion.org,https://teachlikeachampion.org,woocommerce,True,0,1,,,0,0
foreverkidz.in,https://foreverkidz.in,shopify,True,5,1,,1-6y|3+|6-12y|birthday|Dresses|tommore|tommore tops|tommore|tommore tops|3+,1299.0,1799.0
boostmyshop.com,https://boostmyshop.com,prestashop,False,0,1,,,0,0
gorunningtours.com,https://gorunningtours.com,woocommerce,False,0,1,,,0,0
fashionbystrand.com,https://fashionbystrand.com,shopify,True,5,1,,FORUDBESTIL|NEWS|SYNCIKKE|live303|NEWS|Overtøj|OVERTØJMAJA|sale50|AUTO-BESTSELLER|live302,50.4,698.0
lucymakeup.com,https://lucymakeup.com,shopify,True,5,1,,damaged hair|halloween24promo|Shampoo|bapr|damaged hair|Hair Conditioner|Hair Treatment|halloween24promo|bapr|baug,3.59,35.0
gemsports.com.au,https://gemsports.com.au,shopify,True,5,1,,Brand_Yonex|Gender_Men's|Gender_Women's|Level_Advanced / Professional|Level_Beginner / Intermediate|Brand_Yonex|Gender_Women's|Level_Advanced / Professional|Level_Beginner / Intermediate|Product Type_Badminton Shoes,239.0,249.0
divinechocolate.com,https://divinechocolate.com,shopify,True,5,1,,Bestseller|Bundle Promo|Gifting|Tasting Pack|Bestseller|Boxed|Easter|Gifting|Limited Edition|Bestseller,4.99,79.99
audiocenteret.com,https://audiocenteret.com,woocommerce,True,0,1,,,0,0
audiovisualworld.co.uk,https://audiovisualworld.co.uk,shopify,True,5,1,,My Car|My Car|My Car,99.99,1599.99
morenutrition.ch,https://morenutrition.ch,shopify,False,0,1,,,0,0
abrosshoes.com,https://abrosshoes.com,shopify,True,5,1,,,1399.0,1499.0
paylessfurniturenj.com,https://paylessfurniturenj.com,shopify,True,5,1,,Bed Pillow|Brand_Ashley|Collection_Nectar Classic|Color_White|Consumer Assembly_No Assembly Required|Bed Pillow|Brand_Ashley|Collection_DreamCloudTM Classic|Color_White|Consumer Assembly_No Assembly Required,70.18,1824.94
caliberfitness.com,https://caliberfitness.com,woocommerce,True,0,1,,,0,0
shopcmss.com,https://shopcmss.com,shopify,True,5,1,,raised sandbox|sand|sand & water|sand and water|sand box|fidget|Product Type_ Fidget Box,13.99,2190.82
iamotelephone.com,https://iamotelephone.com,magento,True,0,1,,,0,0
uniformateam.com,https://uniformateam.com,shopify,True,5,1,,Shorts|Sport-Tek|YL|YM|Youth|2XL|3XL|4XL|L|M,15.99,34.99
cookery-store.ca,https://cookery-store.ca,shopify,True,5,1,,design|new2022|The Bare Home|new2026|newSP2026|new2026|newSP2026|new2024|outdoor2023|new2024,35.72,460.0
ada-shoes.ro,https://ada-shoes.ro,shopify,True,5,1,,ELEGANTE|femei|karisma|new-product|noua colectie|ADA SHOES|barbati|eleganti|new-product|noua colectie,349.0,399.0
bk-clothing.com,https://bk-clothing.com,shopify,True,5,1,,,3390.0,3999.0
brandsworlds.online,https://brandsworlds.online,shopify,True,5,1,,,1899.0,1899.0
e-mood.shop,https://e-mood.shop,shopify,True,5,1,,,89.0,358.0
ekszer-eshop.hu,https://ekszer-eshop.hu,prestashop,False,0,1,,,0,0
esscobathware.com,https://esscobathware.com,opencart,True,0,1,,,0,0
gamekot.pro,https://gamekot.pro,woocommerce,True,0,1,,,0,0
giochipremium.com,https://giochipremium.com,woocommerce,True,0,1,,,0,0
heliostreetwear.com,https://heliostreetwear.com,shopify,True,5,1,,,650.0,870.0
kittytowncoffee.com,https://kittytowncoffee.com,shopify,True,5,1,,coffee|seasonal|signature-coffee|single-origin|sticker|sticker|coffee|seasonal|signature-coffee|single-origin,2.95,104.95
lacentralevapeur.com,https://lacentralevapeur.com,prestashop,True,0,1,,,0,0
mannatclothing.com,https://mannatclothing.com,shopify,True,0,1,,,0,0
mavenwatches.com,https://mavenwatches.com,shopify,True,0,1,,,0,0
outletdelcafe.cl,https://outletdelcafe.cl,shopify,True,5,1,,84 Puntos|automatizado|Café 1 kilo|línea envasadora|Outlet del Café|Bundle|Cyber|Cyber OCT 2025|Mix Coffee|Outlet del Café,30500.0,849360.0
paolaparrinellojewellery.com,https://paolaparrinellojewellery.com,shopify,True,5,1,,Collezione Pasqua 26|Nuovi Arrivi|Orecchini a Bottone|Orecchini in Pizzo|Tutti Gli Orecchini|Collezione Pasqua 26|Nuovi Arrivi|Orecchini in Pizzo|Tutti Gli Orecchini|Tutti i Gioielli,30.0,180.0
pcnext.shop,https://pcnext.shop,shopify,True,5,1,,16GB|Windows11対応|デスクトップ|ハイエンド|法人|16GB|A4|over_60k|Windows11対応|ベストセラー,49800.0,87800.0
saferefacciones.shop,https://saferefacciones.shop,shopify,True,5,1,,100% ORIGINAL|auto_BMW|BMW|BOSCH|calidad_100% ORIGINAL|100% Original|auto_BMW|BMW|calidad_100% Original|categorías_Filtros,360.0,3545.0
saigucosmetics.com,https://saigucosmetics.com,shopify,True,5,1,,natural|variant-work|vegano|web|natural|variant-work|vegano|web|natural|variant-work,68.0,68.0
shop-orange.info,https://shop-orange.info,shopify,True,5,1,,Tシャツ|アパレル|トップス|トヨタ|Bagポイント|p10/バックパック|Tシャツ|アパレル|トップス|Tシャツ,3850.0,8250.0
shopdop.in,https://shopdop.in,shopify,True,5,1,,hookah hose|hookah pipe|hookah silicone pipe|Hose|hoses|COCOYAYA Hookah|curious5|designer hookah|Diffuser Hookah|Fancy Hookah,799.0,8250.0
shoponcliq.com,https://shoponcliq.com,shopify,True,5,1,,_silicon_case|custom cover|Motorola Signature 5G|urlbrandchangescript|_silicon_case|custom cover|Motorola Signature 5G|urlbrandchangescript|_silicon_case|custom cover,399.0,399.0
twobrothermenwear.store,https://twobrothermenwear.store,shopify,True,5,1,,blessed friday|deal of the day|dealoftheday|eid collection|ladiessuting|blessed friday|deal of the day|dealoftheday|eid collection|ladiessuting,1750.0,1750.0
vapozoneshop.com,https://vapozoneshop.com,woocommerce,False,0,1,,,0,0
wosadobeauty.com,https://wosadobeauty.com,shopify,True,5,1,,Disney Zootopia Collection|Magnetic lash kit|21.5mm|all-in-one|Almond Eyes|Black|C Curl|21.5mm|all-in-one|Almond Eyes,54.9,299.0
bongofurniture.com,https://bongofurniture.com,shopify,True,5,1,,Furniture|Home furniture|Indoor Chair|Indoor Furniture|Center Table|Coffee Table|Furniture|Home furniture|Multipurpose Table|Chair,4200.0,86000.0
brandmandir.com,https://brandmandir.com,magento,True,0,1,,,0,0
cityprintshop.ro,https://cityprintshop.ro,woocommerce,True,0,1,,,0,0
ckxgear.com,https://ckxgear.com,shopify,True,5,1,,ATV|CKX|Color_Black|Color_Pink|Color_Turquoise|ATV|CKX|Helmets / Goggles|MOTORCYCLE|Off-road Helmets,29.99,509.99
colorfulcandy.jp,https://colorfulcandy.jp,shopify,True,5,1,,NewRelease|【NEW】キッズ|ラージサイズ|付けポケット|取り外しポケット|NewRelease|【NEW】キッズ|付けポケット|取り外しポケット|男の子,2050.0,2340.0
giftoo.in,https://giftoo.in,shopify,True,5,1,,3-5 Year|6-8 Year|8+ Year|boys|boys & girls|6-8 Year|8+ Year|boys|boys & girls|for kids,59.0,299.0
nawabishoesbd.com,https://nawabishoesbd.com,shopify,True,5,1,,899 TAKA|All Shoes|beaded mules|block heel mules|Block Heels|1199 TAKA|All Shoes|BEST SELLER|Block Heels|NEW,750.0,1199.0
nokidsstickers.ru,https://nokidsstickers.ru,woocommerce,True,0,1,,,0,0
noorcloset.store,https://noorcloset.store,shopify,True,5,1,,,2999.0,3799.0
osheaherbals.com,https://osheaherbals.com,shopify,True,5,1,,cleanser|cleanser|combos|New|New Launch|new-combos|old-combos|combos|new-combos|old-combos,450.0,1595.0
pipedreamfurniture.co.uk,https://pipedreamfurniture.co.uk,woocommerce,True,0,1,,,0,0
princesscosmeticsqa.com,https://princesscosmeticsqa.com,shopify,True,5,1,,,35.0,70.0
rideshop.cl,https://rideshop.cl,shopify,True,5,1,,Actividad_Ciclismo|Categoría_Ropa MTB|Marca_DMT|Productos_Nuevos|Tipo de Actividad_Ruta / Gravel|Actividad_Ciclismo|Categoría_Ropa MTB|Marca_DMT|Productos_Nuevos|Tipo de Actividad_Ruta / Gravel,42890.0,460000.0
shopfemmedebloom.com,https://shopfemmedebloom.com,shopify,True,5,1,,drop earrings,8.5,15.0
wineandbeyond.ca,https://wineandbeyond.ca,shopify,True,5,1,,,25.99,53.99
zuqo.shop,https://zuqo.shop,shopify,True,5,1,,leather sandal|Sandal|slipper|Leather|Loafer|Premium|tassel|Leather|Loafer|Premium,1200.0,2500.0
creator-store.jp,https://creator-store.jp,shopify,True,5,1,,im_moh|クロスセル商品|im_moh|クロスセル商品|im_moh|クロスセル商品|im_moh|クロスセル商品|im_moh|クロスセル商品,2000.0,2200.0
dsifootcandy.lk,https://dsifootcandy.lk,woocommerce,True,0,1,,,0,0
enzoclothingstore.com,https://enzoclothingstore.com,shopify,True,5,1,,mens|new arrivals|mens|new arrivals|mens|new arrivals|mens|new arrivals|mens|new arrivals,120.0,280.0
focusclothing.pk,https://focusclothing.pk,shopify,True,5,1,,BOTTOM 1|Men|mws_fee_generated|New|New In Men|112|Men|Men C Grade|MEN SUMMER 23|mws_fee_generated,1197.5,3495.0
michailidisshoes.com,https://michailidisshoes.com,prestashop,True,0,1,,,0,0
osportas.lt,https://osportas.lt,shopify,False,0,1,,,0,0
kidobebe.com,https://kidobebe.com,shopify,True,5,1,,O4BASKET|OYSTER BY BABYSTYLE|Stroller Accessories|bogos-gift|bogos-gift|bogos-gift|bogos-gift,67.96,382.46
candy.it,https://candy.it,shopify,True,0,1,paypal,,0,0
scheidfamilywines.com,https://scheidfamilywines.com,shopify,True,0,1,,,0,0
cinepacks.store,https://cinepacks.store,shopify,False,0,1,,,0,0
aquavape.co.uk,https://aquavape.co.uk,shopify,False,0,1,shopify_payments,,0,0
hubbytetoystore.com,https://hubbytetoystore.com,shopify,True,5,1,,preorder|preorder|preorder|preorder|preorder,400.0,4400.0
ameliajewelryco.com,https://ameliajewelryco.com,shopify,True,5,1,,,27.99,32.99
vdl-sports.be,https://vdl-sports.be,magento,False,0,1,,,0,0
babys1ststudio.co.uk,https://babys1ststudio.co.uk,wix,False,0,1,,,0,0
signaturemenswear.com,https://signaturemenswear.com,shopify,True,5,1,,1920|2PC|Basic|Blue|Classic|1920|2PC|Basic|Black|Classic,179.0,199.0
lanailsupplies.com,https://lanailsupplies.com,magento,True,0,1,,,0,0
watchfactory.com.au,https://watchfactory.com.au,shopify,True,0,1,,,0,0
azzisport.com,https://azzisport.com,opencart,True,0,1,,,0,0
asfo.store,https://asfo.store,shopify,True,5,1,,Brand_Eucerin|Brand_Cantrabia Labs|Brand_Philips Avent|Brand_Bioderma|Brand_Hartmann,2.9,59.9
theorganicpharmacy.com,https://theorganicpharmacy.com,bigcommerce,True,0,1,klarna,,0,0
betonsport.com,https://betonsport.com,woocommerce,False,0,1,,,0,0
drwoofapparel.com.au,https://drwoofapparel.com.au,shopify,True,5,1,,Catalog|Compression Socks|Performance Compression Socks|Plains|Sports|Catalog|Compression Socks|Performance Compression Socks|Plains|Sports,32.5,102.9
todaysdiscountfurniture.net,https://todaysdiscountfurniture.net,shopify,True,5,1,,Brand_Poundex|color_beige|color_black|color_brown|color_chocolate|color_grey|Corduroy|lifestyle|manual_manual-recliner|Room_Living Room,299.99,1959.99
hubmanchubgirl.store,https://hubmanchubgirl.store,shopify,True,5,1,,April Fools|Die Cut Stickers|New Release|2026|Back in Stock|Movie Night|Sticker Set|Movie Night|New Release|Planner Kit,6.75,43.2
ironsidecomputers.com,https://ironsidecomputers.com,woocommerce,False,0,1,,,0,0
425motorsports.com,https://425motorsports.com,shopify,True,5,1,,gw-bis-hide|gw-bis-hide|gw-bis-hide|gw-bis-hide|gw-bis-hide,79.0,500.0
telxcomputers.com,https://telxcomputers.com,woocommerce,False,0,1,,,0,0
marketoy.com,https://marketoy.com,magento,True,0,1,,,0,0
orienticaperfumes.com,https://orienticaperfumes.com,shopify,True,5,1,,usa_Ajman Industrial 1|usa_Corner No.1|usa_Industrial Area 1|usa_UNITED STATES|usa_Ajman Industrial 1|usa_Corner No.1|usa_Industrial Area 1|usa_UNITED STATES|usa_Ajman Industrial 1|usa_Corner No.1,100.0,175.0
mysecretluxury.com,https://mysecretluxury.com,woocommerce,False,0,1,,,0,0
applianceshop.co.uk,https://applianceshop.co.uk,magento,True,0,1,,,0,0
dumpstercatgames.com,https://dumpstercatgames.com,shopify,True,5,1,,Fighting [x2]|Holofoil|Normal|Promo|Scarlet & Violet: Black Star Promos|Alchemy|Brawl|Commander|Common|Creature,0.1,47.5
nutratea.co.uk,https://nutratea.co.uk,woocommerce,True,0,1,,,0,0
glamifyfashion.com,https://glamifyfashion.com,shopify,True,5,1,,100K|40off|AC|AW23|Clothing|100K|40off|AC|AW23|Clothing,20.0,20.0
skyfiaudio.com,https://skyfiaudio.com,shopify,True,5,1,,Modern|New|New|Pre-Owned|Solid State|Vintage|Hybrid Drive|Modern|Pre-Owned|Pre-Owned,449.0,13364.0
tokki-shop.de,https://tokki-shop.de,shopify,True,5,1,,N1|POB|PRE-ORDER|N1|PRE-ORDER|N1|PRE-ORDER|N2|PRE-ORDER|N1,16.95,33.95
agripetgarden.it,https://agripetgarden.it,magento,True,0,1,,,0,0
beautycare.co.il,https://beautycare.co.il,woocommerce,False,0,1,,,0,0
candlecraft.mx,https://candlecraft.mx,shopify,True,5,1,,PETK|PETK|TA|TA,24.9,2399.9
classicalelf.shop,https://classicalelf.shop,shopify,True,5,1,,TikTokShop接続|すべてのトップス|カーディガン/ボレロ|TikTokShop接続|すべてのワンピース/ドレス|ワンピース|TikTokShop接続|すべてのパンツ|その他のパンツ|TikTokShop接続,2987.0,5998.0
cookimix.shop,https://cookimix.shop,woocommerce,True,0,1,klarna,,0,0
deluxefootwear.pk,https://deluxefootwear.pk,shopify,True,5,1,,new|new|new|new,1599.0,1999.0
e-smoke.sk,https://e-smoke.sk,prestashop,True,0,1,,,0,0
elementywear.com,https://elementywear.com,prestashop,False,0,1,klarna,,0,0
emmadisilverjewellery.in,https://emmadisilverjewellery.in,shopify,True,5,1,,dummy5|Long Necklace|Long Necklace Antique|Long Necklace under 40K|Nakshi / CZ's / Antique|dummy5|Long Necklace|Long Necklace Antique|Long Necklace under 40K|Nakshi / CZ's / Antique,31599.0,70999.0
essenzaperfumes.cr,https://essenzaperfumes.cr,woocommerce,False,0,1,,,0,0
fanaticaudio.com,https://fanaticaudio.com,woocommerce,True,0,1,klarna,,0,0
fitsport.lt,https://fitsport.lt,opencart,True,0,1,,,0,0
flexogames.cl,https://flexogames.cl,shopify,True,0,1,,,0,0
gods-brand.com,https://gods-brand.com,shopify,True,5,1,,marzo|spo-cs-disabled|spo-default|spo-disabled|spo-notify-me-disabled|bestseller|marzo|spo-cs-disabled|spo-default|spo-disabled,78.0,78.0
greekcoins-eshop.gr,https://greekcoins-eshop.gr,woocommerce,True,0,1,,,0,0
koupenchan-store.jp,https://koupenchan-store.jp,shopify,True,0,1,,,0,0
lacariaricami.store,https://lacariaricami.store,shopify,True,5,1,,Lana NEVELINE|Silke|Cotone GULP|Silke|Cotone CRASH|Silke|Catena Con Inserto EcoPelle|MAF Accessories|Fondo Per Borse 22x10cm|MAF Accessories,3.2,4.8
maxprofitness.in,https://maxprofitness.in,shopify,True,5,1,,treadmill|ai bike|Commercial Spin Bike|exercise bike|Maxpro Spin Bike|Spin bike|hide-price|Strength|Strength Equipment|hide-price,23999.0,65999.0
momperfume.in,https://momperfume.in,shopify,True,5,1,,,850.0,3650.0
naguirreshop.com.br,https://naguirreshop.com.br,shopify,True,5,1,,kit-enabled|kit-handle:macaquinho-regata-com-bolsos-midi-malha-fria-dani|kit-master|kit-enabled|kit-handle:vestido-verona|kit-master|kit-enabled|kit-handle:vestido-antonella-em-malha-confort-deluxe|kit-master,39.95,329.7
nextedgepk.store,https://nextedgepk.store,shopify,True,5,1,,,999.0,2999.0
perfumegyaan.com,https://perfumegyaan.com,woocommerce,False,0,1,,,0,0
ropestore.com.br,https://ropestore.com.br,shopify,True,5,1,,alvo para bola|equipamentos de condicionamento físico|medicine ball|wall ball|elevação pélvica|maquina para elevação|Strength|Sled|Trenó|bolsa de peso,278.1,19710.0
shopknotty.co,https://shopknotty.co,shopify,True,5,1,,Best Seller Underwear|EBFCM_Undies|RGroup_bechill|sale_undies|Singleundies|Best Seller Underwear|Briefs|EBFCM_Undies|old_spooky_undies|RGroup_bechill,5.0,20.0
thebrandsclub.com,https://thebrandsclub.com,shopify,True,5,1,,50OFF|AVANCE26|AZUL|BTG2026|BTS-GENERAL2026|30OFF|AVANCE26|AZUL|BTG2026|BTS-GENERAL2026,6990.0,11490.0
ventilatieshop.be,https://ventilatieshop.be,magento,True,0,1,,,0,0
vitaminnagyker.hu,https://vitaminnagyker.hu,woocommerce,False,0,1,,,0,0
wargameportal.com,https://wargameportal.com,shopify,True,5,1,,Basing|hexforge|Miniature Bases|printologylabs|Shopify Collective|AD0314|Black Library|Trade Program|AD0314|Black Library,0.75,21.5
happbrand.com,https://happbrand.com,shopify,True,5,1,,__tab1:details-clipbeige|YGroup_Clip|__tab1:details-clipblack|YGroup_Clip|__tab1:details-clipblue|YGroup_Clip|__tab1:details-cliprose|YGroup_Clip|__tab1:details-levybeige|__tab2:video-levy,28.0,198.0
wilsonsestatejewelry.com,https://wilsonsestatejewelry.com,shopify,True,5,1,,14k Gold|1910|Antique|Cabochon|Diamond|1950|Contemporary|Diamond|Engagement Rings|Modern,1950.0,3500.0
jumbo-computer.com,https://jumbo-computer.com,shopify,True,5,1,,16/03/2026_Felton_$1350_SRP$1690_Mar Promo DP$1000_Mar Promo SPR$1099_[Elgato Mar promotion (Mar 16-29|2026)]|Elgato_3月優惠|Webcam|Display Card|NVIDIA|<19/01/2026>Hornington$1480/SRP:$1620[]|Intel_B860|INTELB860三寶套裝|Motherboard,799.0,38888.0
tomsonelectronics.com,https://tomsonelectronics.com,shopify,True,5,1,,12V to 5V USB|24V to 5V Converter|5V 2A Charger|DC-DC Step Down|New|H21A1|IR Switch|New|Optical Limit Switch|Opto Interrupter,3.0,199.0
infinityclinicpharma.com,https://infinityclinicpharma.com,shopify,True,5,1,,Body|New|Body|New|Body|New|Body|New|Body|New,240.0,400.0
dozle-store.jp,https://dozle-store.jp,shopify,True,5,1,,PRE20260402|インテリア|ドズル社|ドズル社5周年|予約|20251216|RE20260321|ドズル社|ドズル社5周年|缶バッジ,880.0,16500.0
us-elitegear.com,https://us-elitegear.com,shopify,True,5,1,,arcteryx-essentials|color-all-black|color-alu-deep-black|color-asphalt|color-black|new-release|smartwool|socks|spo-cs-disabled|spo-default,18.0,200.0
elevenwellness.com,https://elevenwellness.com,woocommerce,False,0,1,,,0,0
bprnutrisupply.com,https://bprnutrisupply.com,woocommerce,True,0,1,,,0,0
carturee.store,https://carturee.store,shopify,True,5,1,,shampo|shampo,1299.0,1599.0
landonorris.store,https://landonorris.store,shopify,True,5,1,,Champ|Clothing|Hoodie|NEW ARRIVALS|Champ|Clothing|Hoodie|NEW ARRIVALS|Clothing|LN4 RACING,38.0,80.0
gabor-shop.fr,https://gabor-shop.fr,shopify,True,5,1,,3DEM-SOLDES-25|AH|AH25BF-35|AH25BW-25|AH26-VP-20|Half_Size|Largeur confort|Largeur G|PE26|Sandales,110.0,130.0
upscalehobbies.com,https://upscalehobbies.com,shopify,True,5,1,,Gundam|Gundam Paradise|MG|Armies of Chaos|Black Friday Minis|Chaos Space Marines|Combat Patrol|Start Here|Black Friday Minis|Forces Of The Emperor,39.95,255.0
giftmandu.com,https://giftmandu.com,bigcommerce,True,0,1,,,0,0
onlinesupply.com,https://onlinesupply.com,magento,False,0,1,,,0,0
wurzelwerk-shop.com,https://wurzelwerk-shop.com,shopify,True,5,1,,Abobox|ADVK Einzel|April|Doppelgrabegabel einzeln|Druckeinkochtopf einzeln|Abobox|ADVK Einzel|Doppelgrabegabel einzeln|Druckeinkochtopf einzeln|Für den Balkon geeignet,4.49,29.99
favelaclothing.com,https://favelaclothing.com,shopify,True,5,1,,ACCESSORIES|STAINLESS STEEL|ACCESSORIES|STAINLESS STEEL|ACCESSORIES|STAINLESS STEEL|ACCESSORIES|STAINLESS STEEL|ACCESSORIES|STAINLESS STEEL,34.9,34.9
shoestreet.pk,https://shoestreet.pk,shopify,True,5,1,,1mar2026|Air cooled memory foam|casual|custom_label|New Arrivals|1mar2026|Arch Fit|casual|cushioned luxe foam_women|custom_label,23580.0,30420.0
wigisfashion.com,https://wigisfashion.com,shopify,True,5,1,,"9""|all-direction|brunette-wig|brunette-wigs|character|10""|any-direction|brown-wig|brown-wigs|CS",51.35,117.0
audiotheme.com,https://audiotheme.com,woocommerce,True,0,1,,,0,0
shopevotech.de,https://shopevotech.de,shopify,True,5,1,,collection-hidden|search-hidden|collection-hidden|search-hidden,19.95,149.95
grw-furniture.com,https://grw-furniture.com,shopify,True,5,1,,bed-pillow|Brand_Ashley|Collection_Nectar Classic|Color_White|consumer-assembly_no-assembly-required|bed-pillow|Brand_Ashley|Collection_DreamCloudTM Classic|Color_White|consumer-assembly_no-assembly-required,66.96,3471.6
paluten.store,https://paluten.store,shopify,True,5,1,,Marke_Paluten|Produktkategorie_Kuscheltiere|continue selling|Marke_Paluten|Produktkategorie_Bücher|continue selling|Marke_Paluten|Produktkategorie_Bücher|Els PW 26454|Kategorie_YouTube,12.9,49.99
shopatkings.com,https://shopatkings.com,shopify,True,5,1,,10/28-BXR|BEANIE|beanies|HEADWEAR|NEW ARRIVAL|10/28-BXR|BEANIE|beanies|HAT|HATS,38.0,130.0
ad-electronic.hr,https://ad-electronic.hr,opencart,False,0,1,,,0,0
darkholdgames.com,https://darkholdgames.com,shopify,True,5,1,,Arcane Tinmen|Art Sleeves|Dragon Shield|noPrice|spo-cs-disabled|Arcane Tinmen|Art Sleeves|Dragon Shield|noPrice|spo-cs-disabled,9.99,24.99
laptopcentercr.com,https://laptopcentercr.com,shopify,True,5,1,,Categoria_Repuesto Interno|Condicion_Nuevo|Marca_HP y Compaq|Categoria_Accesorios|Categoria_Baterias|Color_Negro|Condicion_Nuevo|CATEGORIA_HUB USB|HDMI|HUB,14200.0,45500.0
rmsgear.com,https://rmsgear.com,shopify,True,5,1,,noncon|noncon|noncon|noncon,9.99,89.99
ambfurniture.com,https://ambfurniture.com,shopify,True,5,1,,36|52|82|a|accents|47 5|66|90 5|Also|and,427.99,871.99
saltiregames.com,https://saltiregames.com,shopify,True,5,1,,dice|Dice & Game Aides|dnd dice|hymgho|new_260305|dice|Dice & Game Aides|dnd dice|hymgho|new_260305,9.99,19.99
serica-watches.com,https://serica-watches.com,shopify,True,5,1,,5330|6190|6190,100.0,1690.0
hongkongwatch.org,https://hongkongwatch.org,squarespace,False,0,1,,,0,0
shopneighbour.com,https://shopneighbour.com,shopify,True,5,1,,Canada|clothing|denim womens|gastown|Neighbour|Canada|cawley|cawley studio|clothing|gastown,550.0,930.0
spiritstore.co.uk,https://spiritstore.co.uk,magento,False,0,1,,,0,0
houseofkids.de,https://houseofkids.de,shopify,True,5,1,,Nyheder|På lager men ikke aktiv|Nyheder|På lager men ikke aktiv|Nyheder|På lager men ikke aktiv|Nyheder|På lager men ikke aktiv|Nyheder|På lager men ikke aktiv,17.99,21.99
ediscountperfumes.com,https://ediscountperfumes.com,bigcommerce,True,0,1,,,0,0
snarkytea.com,https://snarkytea.com,shopify,True,5,1,,best sellers|Caffeine Free|Herbal Tea|best sellers|Green Tea|Medium Caffeine|TOTM|Caffeine Free|Herbal Tea,5.99,34.99
teamskiwear.com,https://teamskiwear.com,woocommerce,True,0,1,,,0,0
24hvape.com,https://24hvape.com,woocommerce,False,0,1,,,0,0
decoratietakken.nl,https://decoratietakken.nl,woocommerce,True,0,1,,,0,0
offe.market,https://offe.market,shopify,True,5,1,,april26-new|CATEGORY:Shoes|festivalszn|OFFE-OWNED|shoes|april26-new|CATEGORY:Shoes|OFFE-OWNED|shoes|springedit26,74.0,140.0
ecco-shoes.ro,https://ecco-shoes.ro,magento,False,0,1,,,0,0
sandpipershoes.com,https://sandpipershoes.com,magento,True,0,1,,,0,0
organicnailbar.us,https://organicnailbar.us,woocommerce,True,0,1,,,0,0
watchesqatar.com,https://watchesqatar.com,shopify,True,5,1,,,550.0,1400.0
vbeltsupply.com,https://vbeltsupply.com,magento,True,0,1,,,0,0
sfitness.lv,https://sfitness.lv,wix,False,0,1,,,0,0
teecommerce.shop,https://teecommerce.shop,shopify,True,5,1,,,143.65,550.0
reboots.com,https://reboots.com,shopify,True,5,1,,rent|rent-buyout|rent|rent-active|rent|rent|rent-buyout|rent|rent-active,50.0,1099.0
alphardaudio.us,https://alphardaudio.us,shopify,True,5,1,,8 inch|80se|81se|81sepro|81srp|6 in|6x9 inch|apocalypse|mid|mid range,29.9,172.4
crowntowngames.com,https://crowntowngames.com,shopify,True,5,1,,Artist_Adam Paquette|Color_Land|Edition_Battle for Zendikar|InStock_Yes|PT_|Artist_Vincent Proce|Color_Land|Edition_Shadows Over Innistrad|InStock_Yes|PT_,0,0
sportlava.com,https://sportlava.com,woocommerce,True,0,1,,,0,0
richardjacksonsgarden.co.uk,https://richardjacksonsgarden.co.uk,woocommerce,True,0,1,,,0,0
shopalexis.com,https://shopalexis.com,shopify,True,5,1,,Size_L|Size_M|Size_S|Size_XL|Size_XS|Size_L|Size_M|Size_S|Size_XS|Size_XXS,495.0,965.0
forage-clothing.com,https://forage-clothing.com,shopify,True,5,1,,SS26|SS26-D2|SS26|SS26-D2|SS26|SS26-D2|SS26|SS26-D2|SS26|SS26-D2,89.9,159.9
coffeeparts.com.au,https://coffeeparts.com.au,magento,True,0,1,,,0,0
herculescandy.com,https://herculescandy.com,shopify,True,5,1,,assorted chocolates|box|caramels|chocolate|chocolate gift|assorted chocolates|box|caramels|chocolate|chocolate gift,41.99,43.99
eluxury.com,https://eluxury.com,shopify,True,5,1,,Bed Frame|bedroom-furniture-bed-frames|ca-sync|Espresso|King|ca-sync|Duvet Cover|Full/Queen|King/Cal King|Twin,95.99,1504.99
veinygalaxy.shop,https://veinygalaxy.shop,woocommerce,False,0,1,,,0,0
cumminssports.ie,https://cumminssports.ie,magento,False,0,1,,,0,0
absolute-teamsport-boeckmann.de,https://absolute-teamsport-boeckmann.de,magento,True,0,1,,,0,0
shopkynah.com,https://shopkynah.com,shopify,True,5,1,,4-6 Weeks|Final Sale|Made to Order|Neutrals|S|Final Sale|Ready to Ship|4-6 Weeks|Final Sale|Ready to Ship,74.0,835.0
marsupialgear.com,https://marsupialgear.com,shopify,True,5,1,,BFCMSpecial|Bino|new|Retail|ugly|Leupold|Retail|Sunglasses|UPS|Leupold,45.0,240.0
rockbrookcamera.com,https://rockbrookcamera.com,shopify,True,5,1,,Brand_Wandrd|Style_Sling Bags|Brand_Wandrd|Style_Sling Bags|Brand_Wandrd|Style_Sling Bags,64.95,179.0
pinglighting.com,https://pinglighting.com,prestashop,True,0,1,,,0,0
bestvape.com,https://bestvape.com,shopify,True,5,1,,disposables|FASTA|disposables|OFF STAMP|easy-bundle|smart-cart-hide-bundle-options|easy-bundle|smart-cart-hide-bundle-options|easy-bundle|smart-cart-hide-bundle-options,11.99,54.99
rococlothing.co.uk,https://rococlothing.co.uk,bigcommerce,True,0,1,,,0,0
ado-shop.com,https://ado-shop.com,shopify,True,5,1,,"1st LIVE ""haine"" GOODS|Merch|Phantom Siita Merch|販売期間終了|1st LIVE ""haine"" GOODS|Merch|Phantom Siita Merch|販売期間終了|1st LIVE ""haine"" GOODS|Merch",900.0,1500.0
minibikes.store,https://minibikes.store,opencart,True,0,1,,,0,0
petsupplementsdirect.com,https://petsupplementsdirect.com,woocommerce,True,0,1,,,0,0
adventure-shop.at,https://adventure-shop.at,shopify,True,5,1,,,16.9,99.9
thefurniture-nest.com,https://thefurniture-nest.com,shopify,True,5,1,,Assembly:Fully Assembled|Assembly_Fully Assembled|Bedroom|Beds|Brand:Signature Design By Ashley®|Assembly:Fully Assembled|Assembly_Fully Assembled|Bedroom|Brand:Signature Design By Ashley®|Brand_Signature Design By Ashley®,749.98,1169.98
vermontskiandsport.com,https://vermontskiandsport.com,shopify,True,5,1,,Brand_Swix|Condition_New|Discipline_Splitboard Touring|Gender_Men's|Gender_Unisex|Boot Soles_GripWalk|Brand_Kastle|Condition_New|Flex Index_100|Gender_Men's,199.99,399.99
blendbunnycosmetics.com,https://blendbunnycosmetics.com,shopify,True,5,1,,eyeliner|Lips|Lipstick|Lips|skin,14.0,260.0
unrealsnacks.com,https://unrealsnacks.com,shopify,True,5,1,,cyan|variety-pack|fair trade|gluten-free|kosher|non-gmo|red|pink,15.49,52.67
alovaaudio.com,https://alovaaudio.com,woocommerce,False,0,1,,,0,0
canvasbeautybrand.com,https://canvasbeautybrand.com,shopify,True,5,1,,,37.0,70.0
djidronestore.in,https://djidronestore.in,woocommerce,True,0,1,,,0,0
homecoffeesolutions.com,https://homecoffeesolutions.com,shopify,True,5,1,,Brand_Miele|Canada Only|Cleaning & Maintenance|Cleaning & Maintenance Products_Cleaning Tablets|Cleaning Tablets|Appliance Type_Espresso Machine (Commercial)|Appliance Type_Espresso Machines (All)|Brand_Jura|collection149|Commercial Machine,14.98,4995.0
dokidokifursuit.com,https://dokidokifursuit.com,shopify,True,5,1,,,895.0,1455.0
trewaudio.com,https://trewaudio.com,woocommerce,True,0,1,,,0,0
villagefurnitureny.com,https://villagefurnitureny.com,shopify,True,5,1,,bed-pillow|Brand_Ashley|Collection_Nectar Classic|Color_White|consumer-assembly_no-assembly-required|bed-pillow|Brand_Ashley|Collection_DreamCloudTM Classic|Color_White|consumer-assembly_no-assembly-required,66.96,1058.0
shopbrickcraft.com,https://shopbrickcraft.com,shopify,True,5,1,,Bundle|spo-cs-disabled|spo-default|spo-disabled|spo-notify-me-disabled|Bundle,5.99,24.99
amsport-shop.de,https://amsport-shop.de,shopify,True,5,1,,Kapseln|Kreatin|Kafffee|Keine Rabattierung,16.9,140.0
e-learningforkids.org,https://e-learningforkids.org,squarespace,True,0,1,,,0,0
npwines.com,https://npwines.com,shopify,True,5,1,,Best Value|Bottle Size|750ml|Bottles per Case|12|heinrich|homepage|Best Value|Bottle Size|750ml|Bottles per Case|12|Boxing_Day|Fall Favourites,320.4,416.4
fitnessbrand.net,https://fitnessbrand.net,woocommerce,True,0,1,,,0,0
my-shop.co.il,https://my-shop.co.il,woocommerce,False,0,1,,,0,0
tapxphone.com,https://tapxphone.com,woocommerce,False,0,1,,,0,0
smokefrostio.com,https://smokefrostio.com,woocommerce,True,0,1,,,0,0
satelliteteams.com,https://satelliteteams.com,woocommerce,False,0,1,,,0,0
samsungselfrepair.shop,https://samsungselfrepair.shop,magento,False,0,1,,,0,0
furnituregso.com,https://furnituregso.com,shopify,True,5,1,,500-1000|ashley-furniture|Brand_Ashley|chair|Collection_Calnita|ashley-furniture|Brand_Ashley|Collection_Calnita|Color_Sisal|Extreme Value Collection_False,201.76,1173.26
bfdfurniture.com,https://bfdfurniture.com,shopify,True,5,1,,Brand_Daily Nest|Category_Home Accents|Category_Planters & Vases|Color_SaddleBrown|Direct To Consumer_Yes|Brand_Naar Rug|Category_Rugs|Color_Beige|Color_Black|Direct To Consumer_Yes,89.99,609.99
hokmakeup.com,https://hokmakeup.com,shopify,True,5,1,,_label_New In_#FF52A9_#ffffff|New Arrivals|_label_Buy Any 6 at 1499_#FCA788_##FFD6A8|_label_Buy Any 6 at 1499_#FCA788_##FFD6A8|_label_Buy Any 6 at 1499_#FCA788_##FFD6A8,595.0,1350.0
wardrobefashion.com,https://wardrobefashion.com,magento,True,0,1,,,0,0
sportdinaco.com,https://sportdinaco.com,bigcommerce,False,0,1,,,0,0
jblonlinestore.com,https://jblonlinestore.com,shopify,True,5,1,,headphones and earbuds|in-ear headphones and earbuds|Mother's Day 2024 Set 1|true wireless headphones|wireless headphones and earbuds|headphones and earbuds|in-ear headphones and earbuds|true wireless headphones|wireless headphones and earbuds,29.9,499.0
starfirebodyjewelry.com,https://starfirebodyjewelry.com,shopify,True,5,1,,autoclave|Basic|family|option-sizes|promos & sale eligible|autoclave|Basic|family|option-sizes|promos & sale eligible,33.0,99999.0
mojomotosport.com,https://mojomotosport.com,shopify,True,5,1,,ATV/UTV|UTV|UTV/ATV|ATV/UTV|UTV|UTV/ATV|ATV/UTV|UTV|UTV/ATV|ATV/UTV,119.99,291.99
medpak.shop,https://medpak.shop,shopify,True,5,1,,bath soap|cream|eye cream|face cream|lip balm|bath soap|cream|face cream|gift sets|Hair Cream,5.99,26.79
aham.store,https://aham.store,shopify,True,5,1,,Stock-In|Stock-In|Stock-In|Stock-In,2099.0,2839.0
alfouadpharmacies.com,https://alfouadpharmacies.com,shopify,True,5,1,,Dry & Damadged Hair|Hair Care|Hair Defining & Volume|Hair Growth|Hair Oil|Medical Deviices|Scales|Medical Deviices|Medical Deviices|Scales,275.0,3199.0
baapparels.pk,https://baapparels.pk,shopify,True,5,1,,Lawn|Lawn Collection|Lawn/Cotton Wear|New Arrival|Formal|Formal Wear|New Arrival|Lawn|Lawn Collection|Lawn/Cotton Wear,5450.0,6500.0
babyknihy.sk,https://babyknihy.sk,opencart,True,0,1,,,0,0
babyou.me,https://babyou.me,woocommerce,True,0,1,,,0,0
brandchee.com,https://brandchee.com,shopify,True,5,1,,B|カメラアイテム|コンタックス|コンパクトカメラ|フィルム|C|カメラアイテム|コンタックス|コンパクトカメラ|フィルム,55200.0,150200.0
canadianprotein.com,https://canadianprotein.com,shopify,True,5,1,,bestseller-10|BFCM30|bundle|courtneybundle|bestseller-10|BFCM30|bundle|courtneybundle|bestseller-10|BFCM30,6.99,264.95
cigarsgalaxy.gr,https://cigarsgalaxy.gr,woocommerce,False,0,1,,,0,0
dogmashoes.com,https://dogmashoes.com,woocommerce,True,0,1,,,0,0
gymstore.vn,https://gymstore.vn,shopify,True,5,1,,vendor_pvl-pure-vital-labs|breadcrumb_Pre Workout|Tùy chọn PVL Domin 8_danhmuc_Pro Series|breadcrumb_Vitamin & Khoáng Chất|vendor_now-foods|breadcrumb_Whey Protein Isolate|breadcrumb_Whey Protein Isolate|breadcrumb_Protein Bar|Tùy chọn Pure Protein Bar_danhmuc_1 Bar,60000.0,2150000.0
italianshoescompany.com,https://italianshoescompany.com,shopify,True,5,1,,Leather|men|mules|New Arrival|View All|bags|Exotic Bags|men|Messenger Bags|New Arrival,19899.0,34789.0
kailasgear.com,https://kailasgear.com,shopify,True,5,1,,Accessories|Climbing|FUGA|Hiking|hiknig|Accessories|Climbing|FUGA|Hiking|hiknig,9.0,920.0
keenfootwear.co.uk,https://keenfootwear.co.uk,shopify,True,5,1,,activity:Casual|activity:Casual>City|activity:Water>Beach|filtercolor:black|gender:Men's|activity:Casual|Eco Anti-Odor|Environmentally Preferred Leather|filtercolor:black|gender:Women's,80.0,150.0
laptopcare.lk,https://laptopcare.lk,woocommerce,True,0,1,,,0,0
laurajamesfurniture.com,https://laurajamesfurniture.com,shopify,True,5,1,,colour:sand|default-room:Garden|GD26|material:concrete|meta-courier:DHL3|colour:Paprika|colour:terrazzo|default-room:Living Room|material:concrete|meta-courier:DHL3,184.99,1089.99
naoko-store.com,https://naoko-store.com,shopify,True,5,1,,INFINITY|Nakładka_Biała_BEST|Omnibus: Not on sale|shadesofinfinity|Sukienki i spódnice|długa sukienka|kolekcjapaula25|kolorowa sukienka|letnia sukienka|luźna sukienka,23.0,111.0
partysuppliesindia.com,https://partysuppliesindia.com,shopify,True,5,1,,Spiderman theme|Spiderman theme|Spiderman theme|Spiderman theme,999.0,6399.0
tucokids.com,https://tucokids.com,shopify,True,5,1,,don't show verifast|no-search|don't show verifast|no-search|don't show verifast|no-search|don't show verifast|no-search,150.0,315.0
wildgear.it,https://wildgear.it,shopify,True,5,1,,magnum|nuovi arrivi|Scarpe e Scarponi Militari|scarponi|magnum|nuovi arrivi|Scarpe e Scarponi Militari|scarponi|magnum|nuovi arrivi,70.0,135.0
winkbeauty.pl,https://winkbeauty.pl,woocommerce,True,0,1,,,0,0
xiaomi-store.co.ke,https://xiaomi-store.co.ke,woocommerce,True,0,1,,,0,0
earthmamaorganics.com,https://earthmamaorganics.com,shopify,True,5,1,,Aspire_Reviews|Aspire_Reviews|Aspire_Reviews,22.99,31.48
missionerde.shop,https://missionerde.shop,shopify,True,5,1,,Aprilscherz|cream|Mission Erde|Nachhaltig|Oberteil|Herren|Hoodie|Kapuze|Kapuzenpullover|Mission Erde,35.0,89.0
procoffeegear.com,https://procoffeegear.com,shopify,True,5,1,,Below15|DNS|Low_Stock|mahlkonig|Mahlkonig Parts|Category_Accessories|EK43|EK43 S|EKK43|Grinder Model_EK43,8.99,168.99
rescue-supply.com,https://rescue-supply.com,shopify,True,5,1,,Brand_First Aid Only|Pack_size_10|Tag_Free-Ship|Type_ANSI Compliant|Type_First Aid Kits|Brand_Jorgensen Labs|Pack_size_5|Brand_Phillips Safety|Ships_5-7_Days|Type_Eyeglasses,55.95,202.95
gearthirty.com,https://gearthirty.com,shopify,True,2,1,,,449.95,549.95
jessesteahouse.com,https://jessesteahouse.com,shopify,True,5,1,,combo boxes|Gongfu tea|Jesse's Teahouse|pig box|subscription|teapot|combo boxes|green tea|preorder|black tea,1.95,138.95
eleganziajewelry.com,https://eleganziajewelry.com,shopify,True,5,1,,Anniversary|Birthday|Couple & Friends|Anniversary|Back to School|Birthday|Couple & Friends|Graduation|Anniversary|Best Seller,18.0,56.0
freshwaysupplies.com.au,https://freshwaysupplies.com.au,shopify,True,5,1,,Application_Commercial|Application_Domestic|Application_Industrial|Brand_Dewalt|Color_Black|Application_Commercial|Application_Domestic|Brand_Provada|new-in|Product Type_Wipes,8.0,89.0
sewingmachineshop.com,https://sewingmachineshop.com,woocommerce,True,0,1,,,0,0
fragrancehub.co.uk,https://fragrancehub.co.uk,shopify,True,5,1,,,28.99,54.99
selectshootingsupplies.com,https://selectshootingsupplies.com,bigcommerce,True,0,1,,,0,0
herbitas.com,https://herbitas.com,magento,True,0,1,,,0,0
robertfranz.shop,https://robertfranz.shop,shopify,True,5,1,,Set,18.0,99.0
azureboutique.co,https://azureboutique.co,shopify,True,5,1,,,20.0,40.0
thebathroomaccessorycompany.com,https://thebathroomaccessorycompany.com,shopify,True,5,1,,Brand_McAlpine|Colour / Finish_Chrome|Material_Plastic|Style_Round|Type_Shower Traps Accessories|Brand_McAlpine|Colour / Finish_Brushed Brass|Material_Brass|Style_Round|Type_Basin Wastes,1.47,30.01
regenorganic.org,https://regenorganic.org,woocommerce,True,0,1,,,0,0
laytonsportscards.com,https://laytonsportscards.com,shopify,True,5,1,,Discount ok|featured|group break|PYT|wwe - ufc - boxing|Discount ok|f1|f1 - racing|featured|group break,19.0,6499.0
kidichicusa.com,https://kidichicusa.com,shopify,True,5,1,,ACCESSORIES|CLIP|NANA|S26|ACCESSORIES|CLIP|NANA|S26|ACCESSORIES|HEADBANDS,5.5,9.9
gamerschoice.com,https://gamerschoice.com,shopify,True,5,1,,161|Colorless|Common|Mega Evolution: Ascended Heroes|Normal|134|Common|Darkness|Mega Evolution: Ascended Heroes|Normal,0.1,1.15
sukooonwellness.com,https://sukooonwellness.com,shopify,True,5,1,,bones & joints health|hypertension|relaxant|stress relief|hypertension|relaxant|stress relief|bones & joints health,1250.0,4500.0
kajunloadedtea.com,https://kajunloadedtea.com,shopify,True,5,1,,,3.19,15.95
rupertsfurniture.com,https://rupertsfurniture.com,shopify,True,5,1,,Assembly:Fully Assembled|Assembly_Fully Assembled|Bedroom|Beds|Brand:Signature Design By Ashley®|Assembly:Fully Assembled|Assembly_Fully Assembled|Bedroom|Beds|Brand:Signature Design By Ashley®,950.99,1500.99
synergymarketingmix.com,https://synergymarketingmix.com,woocommerce,False,0,1,,,0,0
labeshops.com,https://labeshops.com,opencart,True,0,1,square,,0,0
mundofitness.es,https://mundofitness.es,magento,True,0,1,,,0,0
pop4kids.org,https://pop4kids.org,squarespace,False,0,1,,,0,0
murisbrand.com,https://murisbrand.com,shopify,True,5,1,,Aruba|Aruba Mini|Mini|Shoes|Aruba|Aruba Mini|Mini|Shoes|Aruba|Aruba Mini,34.0,34.0
tcksports.com,https://tcksports.com,shopify,True,5,1,,collegiate|crew|new launch|tck-size-chart-all|uconn|basic|basketball|Color_Black|Color_White|crew,17.99,49.99
sportiger.de,https://sportiger.de,shopify,True,5,1,,22/23|Authentic|Bayern München|Bundesliga|Fc Bayern München|FC Liverpool - Sonstige|FC Liverpool - Sonstige|AC Florenz|Pre-Match|Trikot,29.75,119.9
hiveandhoneycandleco.com,https://hiveandhoneycandleco.com,shopify,True,5,1,,ozone|woody|lavender|woody,5.0,630.0
winefolder.com,https://winefolder.com,shopify,True,5,1,,Rare Bourbon|Rare Bourbon|Instore|Instore,23.99,129.99
dynamicgift.com.au,https://dynamicgift.com.au,magento,True,0,1,,,0,0
powerboatsupply.com,https://powerboatsupply.com,bigcommerce,True,0,1,,,0,0
funburstgameltd.com,https://funburstgameltd.com,wix,False,0,1,,,0,0
jakeshoes.co.uk,https://jakeshoes.co.uk,magento,False,0,1,,,0,0
gamersroll.com,https://gamersroll.com,magento,True,0,1,,,0,0
mcielectronics.cl,https://mcielectronics.cl,woocommerce,False,0,1,,,0,0
joheela-shop.com,https://joheela-shop.com,shopify,True,5,1,,guetre|readytoship|stock|customisable|guetre|beenwarmers|beinvarmere|Beinwärmer|benvärmare|black,11.9,19.9
whacksports.com.au,https://whacksports.com.au,shopify,True,5,1,,meta-filter-Brand-Reebok|meta-filter-Price-$150 to $200|meta-filter-Size-Senior|meta-filter-Type-EW Bat|meta-filter-Brand-Reebok|meta-filter-Price-$200 to $300|meta-filter-Size-Senior|meta-filter-Type-EW Bat|meta-filter-Brand-WHACK|meta-filter-Price-$300 to $500,169.0,357.0
corbloomjewelry.com,https://corbloomjewelry.com,shopify,True,5,1,,Cartilage|Conch|Flat|Flat Back/Labret Piercing|Forward Helix|Cartilage|Conch|Flat|Flat Back/Labret Piercing|Helix,24.93,53.55
nm-shop.by,https://nm-shop.by,opencart,False,0,1,,,0,0
seltmann-shop.de,https://seltmann-shop.de,magento,True,0,1,,,0,0
japanlureshop.com,https://japanlureshop.com,magento,True,0,1,paypal,,0,0
greengadgets.net.au,https://greengadgets.net.au,shopify,True,5,1,,"Brand_Apple|Capacity_128GB|Capacity_256GB|Capacity_512GB|Colour_Black|Apple iPad Pro 8th Gen (2025) 13"" M5|Brand_Apple|Capacity_1TB|Capacity_256GB|Capacity_2TB",429.0,3999.0
shop-seelenschmuck.at,https://shop-seelenschmuck.at,shopify,True,5,1,,birthstone-january|color-pink|color-rosegold|color-silver|color-yellowgold|Armband|Schwarzer Obsidian|Emperor Stein Tiger Auge|Schwarzer Obsidian|edelsteine bedeutung,6.9,59.9
dancesupplies.com,https://dancesupplies.com,shopify,True,5,1,,Adult|Capezio|Dresses & Skirts|New|Pull-On Skirt|Adult|Adult Leotards|Capezio|Leotards|New,25.0,50.0
plentyofgames.com.au,https://plentyofgames.com.au,shopify,True,5,1,,Booster Box|Grand Archive|releases 3/4/2026|Booster Box|Grand Archive|releases 3/4/2026|Booster Box|Grand Archive|releases 3/4/2026|Booster Box,14.0,70.0
arlette-kaballo-concept-store.com,https://arlette-kaballo-concept-store.com,woocommerce,True,0,1,,,0,0
superbrands.com,https://superbrands.com,woocommerce,True,0,1,,,0,0
clubcardprinting.com,https://clubcardprinting.com,shopify,True,5,1,,Custom Options_Corner Rounding|Custom Options_Custom Shape|Custom Options_Debossing|Custom Options_Diecut|Custom Options_Edge Painting|Custom Options_Corner Rounding|Custom Options_Custom Shape|Custom Options_Debossing|Custom Options_Diecut|Custom Options_Edge Painting,175.2,543.9
maisondesigners.com,https://maisondesigners.com,woocommerce,True,0,1,paypal,,0,0
clothierexclusivemenswear.com,https://clothierexclusivemenswear.com,shopify,True,5,1,,,149.99,429.99
y2k-streetwear.com,https://y2k-streetwear.com,shopify,True,5,1,,Femme|Homme|Unisexe|Femme|Homme|Unisexe|Femme|Homme|Unisexe|Femme,21.99,196.99
thegreenbeautyconcept.com,https://thegreenbeautyconcept.com,shopify,True,5,1,,Antipodes|Champô|CrueltyFree|novida|Novidades|Amaciador|Antipodes|CrueltyFree|Cuidados de Cabelo|Novidades,37.0,48.0
roble.store,https://roble.store,shopify,True,5,1,,arvik|vitrina|Geneva|vitrina|Geneva|vitrina|Mesa de comedor|Mesa extensible|redonda|Aparador,890.0,1560.0
rrfurniturelv.com,https://rrfurniturelv.com,shopify,True,5,1,,500-1000|bed|bed-size_king|bedroom|Brand_FOA|1000-1500|1500-2000|500-1000|bed-size_california-king|bed-size_full,549.0,1599.0
australiathegift.com.au,https://australiathegift.com.au,woocommerce,True,0,1,,,0,0
bathandbodyworks.de,https://bathandbodyworks.de,shopify,True,5,1,,Facebook & Instagram|Google & YouTube|Online Store|Point of Sale|Facebook & Instagram|Google & YouTube|Online Store|Point of Sale|B2G1 Body Care|Facebook & Instagram,2.9,72.9
darcsportathletics.com,https://darcsportathletics.com,shopify,True,0,1,,,0,0
brothersinarms.shop,https://brothersinarms.shop,shopify,True,5,1,,__tab1:versand-sticker|Accessoires|aufkleber|bibel|christ|__tab1:versand|anti shadowban|black|black friday|black week,3.0,49.0
gracetheboutique.com,https://gracetheboutique.com,shopify,True,5,1,,clothing-tops-shirts-blouses|clothing-tops-shirts-blouses-blouses-opening-price|over-50|size-l|size-m|accessories-jewelry|accessories-jewelry-bracelets|bracelets|over-50|sera-sera,18.0,105.0
ajazzbrand.com,https://ajazzbrand.com,shopify,True,5,1,,,39.8,159.8
spacelifestore.in,https://spacelifestore.in,shopify,True,5,1,,,699.0,999.0
sportpacks.de,https://sportpacks.de,shopify,True,5,1,,privat|s|m|privat|m|privat|privat|xl|privat|s,38.0,78.0
smokeyhilldesigns.com,https://smokeyhilldesigns.com,shopify,True,5,1,,1.9drop|Angela's birthday|art scene|art scenes|birthday|1.9drop|Angela's birthday|art scene|art scenes|birthday,12.0,30.0
ecmvape.com,https://ecmvape.com,bigcommerce,True,0,1,,,0,0
perfume-essence.com,https://perfume-essence.com,magento,False,0,1,,,0,0
geniusnutrition.ro,https://geniusnutrition.ro,shopify,True,5,1,,Alimentele sanatoase si fitness|Produse noi|Creatina|Produse noi|Creatina|Produse noi|Vegan|Creatina|Produse noi|Vegan,8.0,165.0
teachbetweenthelines.org,https://teachbetweenthelines.org,woocommerce,True,0,1,,,0,0
firemaplegear.com,https://firemaplegear.com,shopify,True,5,1,,Category: Cookware|coffee|Drinkware|Material_Aluminum|NEW|adventure_basecamp|Category: Accessory|Scene: Car camping|Type: Adapter|Category: Accessory,9.95,199.95
gadgetprogear.com,https://gadgetprogear.com,woocommerce,True,0,1,,,0,0
gloucestergardencenter.com,https://gloucestergardencenter.com,woocommerce,True,0,1,,,0,0
socalbrewingsupply.com,https://socalbrewingsupply.com,shopify,True,5,1,,all-equipment|brewing-equipment|pump-plumbing|spike|all-equipment|brewing-equipment|pump-plumbing|spike|all-equipment|brewing-equipment,6.99,330.0
v2brand.it,https://v2brand.it,shopify,True,5,1,,donna|outlet|ss24|ss25|donna|olympic rainbow|ss26|suola-colorata|tessuto|abbigliamento,39.0,129.0
bigforkbrands.com,https://bigforkbrands.com,shopify,True,5,1,,Chicago Sauce|gangster sauce,23.99,111.44
grid-sport.ro,https://grid-sport.ro,magento,True,0,1,,,0,0
bulla.store,https://bulla.store,shopify,True,5,1,,1032093|1032093TAUPE|9388322|Beige|BRAND_keen|53R1|8847325|Accessori|Borse|BRAND_The North Face,125.0,255.0
sprecherbrewery.com,https://sprecherbrewery.com,shopify,True,5,1,,Cans|Cans|Reduced Calories,37.99,37.99
ekkip-sports.com,https://ekkip-sports.com,shopify,True,5,1,,ss26|ss26|10|ca|qc|vendredi|10,3.49,49.99
tetongear.com,https://tetongear.com,shopify,True,5,1,,Above the Line|accessory|Amazon Only|canvas tent|Discounts Allowed|Above the Line|accessory|Amazon Only|bestsellers-resort|canvas tent,29.99,755.99
247garden.com,https://247garden.com,magento,True,0,1,,,0,0
algam-webstore.fr,https://algam-webstore.fr,magento,True,0,1,,,0,0
apparelgroup.com,https://apparelgroup.com,woocommerce,True,0,1,,,0,0
artprintshop.co.uk,https://artprintshop.co.uk,shopify,True,5,1,,Chromatic Storm Studio|floral|floral and botanicals|framed print|landscape|Chromatic Storm Studio|floral|floral and botanicals|landscape|print,49.95,299.95
beadndgames.co.nz,https://beadndgames.co.nz,shopify,True,5,1,,,0.1,0.1
empiresuppliesonline.co.uk,https://empiresuppliesonline.co.uk,shopify,True,5,1,,1-3DD|bluebadger|dropship|pentland|Vestfrost,99.0,3339.0
euroskateshop.uk,https://euroskateshop.uk,magento,True,0,1,,,0,0
eurosporttuning.com,https://eurosporttuning.com,bigcommerce,True,0,1,,,0,0
gamerzparadize.nl,https://gamerzparadize.nl,shopify,True,5,1,,,4.99,59.99
gymtier.com,https://gymtier.com,shopify,True,5,1,,graphic-bundles|Never Stop|neverstoptraining|pf-sku-GYMTIER-BUNDLE-CORENEVERSTOP3PACK|Demons & Deadlifts|graphic-bundles|pf-sku-GYMTIER-BUNDLE-DEMONSTEE3PACK|Demons & Deadlifts|graphic-bundles|pf-sku-GYMTIER-BUNDLE-DEMONSTEEHOODIEVEST,19.99,45.0
herbsdirect.com,https://herbsdirect.com,shopify,True,5,1,,Lotions|prop65|Skin Care|Hair Care|prop65|Shampoos,23.35,85.0
hifishgear.com,https://hifishgear.com,shopify,True,5,1,,Brand_Malosi Lures|Brand_Yo-Zuri,4.99,39.99
hsunnytoy.com,https://hsunnytoy.com,shopify,True,5,1,,,10.0,117.99
koreanskincare.com,https://koreanskincare.com,shopify,True,5,1,,New|Serums|Treatments|New|Serums|Treatments|Face Creams|Moisturizers|New|Exfoliating Toners,17.95,23.95
larrysgamestore.com,https://larrysgamestore.com,shopify,True,5,1,,Brand_Magic the Gathering|C|Card Type_Land|Color_Land|Printing_Non-Foil|Brand_Magic the Gathering|Card Type_Creature|Color_White|Printing_Non-Foil|Rarity_Common,0,0
levelupgamesmd.com,https://levelupgamesmd.com,shopify,False,0,1,,,0,0
luksusbaby.no,https://luksusbaby.no,shopify,True,5,1,,PIM_CategoryId_1123|PIM_CategoryId_2123|PIM_CategoryId_2332|PIM_CategoryId_242|PIM_CategoryId_243|PIM_CategoryId_1078|PIM_CategoryId_127|PIM_CategoryId_131|PIM_CategoryId_2048|PIM_CategoryId_2076,97.0,969.0
marteye.ie,https://marteye.ie,wix,False,0,1,,,0,0
mightylancergames.co.uk,https://mightylancergames.co.uk,shopify,True,5,1,,2-5 players|Age 8+|ages 8+|all games|big potato games|2-5 players|6+|All Card Games|all games|big potato games,9.99,29.99
ochomefurniture.com,https://ochomefurniture.com,magento,False,0,1,,,0,0
omycosmetics.com,https://omycosmetics.com,shopify,True,5,1,,Non-Perso|subscription|Sur mesure|cleanse|Collection|Nettoyants|Non-Perso|subscripiton|exclude-recommendations|mini,13.99,349.99
rev9autosport.com,https://rev9autosport.com,magento,True,0,1,,,0,0
rubinokids.com,https://rubinokids.com,shopify,True,5,1,,134022882|2TBCT52|2TBCT52X88|Abbigliamento|Baby girl|10002391A04767|10002391A047672B020|137705965|2B020|Abbigliamento,55.0,183.0
stansshoes.com,https://stansshoes.com,shopify,True,5,1,,Dress|New|price-processed|Women's|Dress|New|price-processed|Women's|Casual|New,100.0,165.0
taylorswift-store.fr,https://taylorswift-store.fr,shopify,True,5,1,,holisnow|oli52|holitiny|oli52|holitiny|oli52|holitiny|oli52,44.99,90.0
teamtime.shop,https://teamtime.shop,shopify,True,5,1,,collection: Home page|collection: SO-CAL WILDFIRE RESPONSE 20497272|how-did-you-hear-about-us: Instagram|military|or Fire|collection: Home page|collection: SO-CAL WILDFIRE RESPONSE 20497272|how-did-you-hear-about-us: Instagram|military|or Fire,24.99,54.99
thelightingshoppe.ca,https://thelightingshoppe.ca,shopify,True,5,1,,Bulbs|Category_Bulbs|LED Bulbs|LED Bulb|LED Bulbs|Bulb|Bulbs|Category_Bulbs|LED Bulb|LED Bulbs,3.99,599.95
thissporty.com,https://thissporty.com,woocommerce,True,0,1,,,0,0
tuningsupply.com,https://tuningsupply.com,shopify,True,5,1,,CaseLotQuantity:1|ClearanceItem:N|LTL:N|MPN:GH-1226|Non-CARB:N|CaseLotQuantity:1|ClearanceItem:N|Drivetrain>Differential Install Kits|LTL:N|metafield_updated,145.16,1195.47
turolgames.com,https://turolgames.com,prestashop,True,0,1,,,0,0
uinfootwear.com,https://uinfootwear.com,shopify,True,5,1,,Canvas|Malaga|Travel Destinations|Uin Signatures|Women|Canvas|Toledo|Toledo I|Uin Signatures|Women,22.0,215.0
vapestore.ch,https://vapestore.ch,magento,True,0,1,,,0,0
vascyclingboutique.com,https://vascyclingboutique.com,shopify,True,5,1,,2026|abus|2026|2026|gobikwarm26|2025|bfgobik40|gobikwarm25|newarrival|2025,80.0,2549.0
victordecor.com.br,https://victordecor.com.br,opencart,False,0,1,,,0,0
giftbusiness.vn,https://giftbusiness.vn,woocommerce,True,0,1,,,0,0
elitewatersports.com,https://elitewatersports.com,shopify,True,5,1,,brand_north|controlbar|kiteboarding|used|board|brand_liquidforce|kiteboarding|twintip|used|brand_mystic,9.99,499.0
audiolab.com,https://audiolab.com,shopify,True,5,1,,132|147|2 Seat|217|221|132|147|2 Seat|217|221,2899.0,4999.0
covoyacoffee.com,https://covoyacoffee.com,magento,True,0,1,,,0,0
happyearthapparel.com,https://happyearthapparel.com,shopify,True,5,1,,#lastchance_march2026|#loungewear|25-pullover|collection-bestsellers|discount-yes|#basics|#basicstop|discount-yes|fair-trade-product|fb_hoodies,15.0,110.0
royalvapes.co.uk,https://royalvapes.co.uk,shopify,True,5,1,,Big Puff|Grape|Blueberry|NON|Apple|Watermelon|Apple|Cherry|Lemon|NON,2.99,12.0
theboardgamehut.co.uk,https://theboardgamehut.co.uk,shopify,True,5,1,,,3.0,119.76
perfumeriasavenida.com,https://perfumeriasavenida.com,magento,False,0,1,,,0,0
bmcsports.ie,https://bmcsports.ie,woocommerce,True,0,1,,,0,0
toppedtoys.com,https://toppedtoys.com,shopify,True,5,1,,breaker|buttplug|Depth|Dildo|Inventory|exclude_rebuy|klaviyo_reviews_exclude|NOREVIEWS|Inventory|Monster,1.5,395.0
jkscrossstitchsupplies.com.au,https://jkscrossstitchsupplies.com.au,woocommerce,True,0,1,,,0,0
mkkcamera.com,https://mkkcamera.com,bigcommerce,True,0,1,,,0,0
buttercupbabylv.com,https://buttercupbabylv.com,shopify,True,5,1,,,20.0,50.0
paperwallet.com,https://paperwallet.com,shopify,True,5,1,,Best Seller 2025|Collectible Series|New 2024|RFID|RFID SLIM|Micro Wallet|Micro-PO-2025|New 2024|spo-disabled|ws_group,26.0,35.0
shopfactorylinks.com,https://shopfactorylinks.com,shopify,True,5,1,,2000|2001|2002|2003|2004|1989|1990|1991|1992|1993,25.0,34.0
tritex-games.co.uk,https://tritex-games.co.uk,woocommerce,True,0,1,,,0,0
panzerawatches.com,https://panzerawatches.com,shopify,True,5,1,,L43G|Rubber|strap-22|Straps|TIME MASTER 45 CHRONO STRAPS|L43G|Rubber|strap-22|Straps|L43G,110.0,130.0
juniperfashion.com,https://juniperfashion.com,shopify,True,5,1,,,1499.0,3999.0
erebuswatches.com,https://erebuswatches.com,shopify,True,5,1,,40|Silver|Stainless Steel|Twenty-Four|40|Silver|Stainless Steel|Twenty-Four|40|Silver,89.0,499.0
herba-flora.com,https://herba-flora.com,woocommerce,False,0,1,,,0,0
moonlightandsageshop.com,https://moonlightandsageshop.com,shopify,True,5,1,,black_obsidian|crystal_carving|crystals,17.0,35.0
dazzlesportswear.com,https://dazzlesportswear.com,shopify,True,5,1,,CARGOS|Latest Arrivals|LOWERS|P511|SMOKE GREY|BLACK|CARGOS|Latest Arrivals|P511|CARGOS,849.0,899.0
happyhentoys.com,https://happyhentoys.com,bigcommerce,True,0,1,,,0,0
gamerankedreview.com,https://gamerankedreview.com,bigcommerce,False,0,1,,,0,0
jimgreenfootwear.com,https://jimgreenfootwear.com,woocommerce,False,0,1,,,0,0
pharmaciedesteinfort.com,https://pharmaciedesteinfort.com,magento,True,0,1,,,0,0
carbonsmartwatch.com.br,https://carbonsmartwatch.com.br,shopify,True,5,1,,acessorio|carbon|dropi|pulseira|acessorio|carbon|dropi|pulseira|acessorio|carbon,129.97,129.97
shoplari.com,https://shoplari.com,shopify,True,5,1,,,24.99,49.99
goudakaeseshop.de,https://goudakaeseshop.de,magento,True,0,1,,,0,0
torchhemp.com,https://torchhemp.com,shopify,True,5,1,,2.5g|Disposable|Indica|New|Sweet|2.5g|Disposable|Indica|New|Thc-A,26.99,26.99
breathefree.shop,https://breathefree.shop,shopify,True,5,1,,,5.95,39.95
hex.store,https://hex.store,shopify,True,5,1,,wj-bundle|wj-bundle|wj-bundle|hoodie|youth-hoodie|boxy-oversized-t-shirt|t-shirt-youth,34.0,174.6
celes-perfume.com,https://celes-perfume.com,woocommerce,True,0,1,,,0,0
choicestores.ie,https://choicestores.ie,shopify,True,5,1,,BulkyDelivery:False|Category: Easter|Department: Food & Drink|Easter2025|HomeDelivery: True|BulkyDelivery:False|Category: Sweets|Department: Food & Drink|Easter2025|HomeDelivery: True,1.5,279.0
gearwrenchshop.com,https://gearwrenchshop.com,shopify,True,5,1,,Gearwrench|HC-categorized|SAE Wrenches|Slugging Wrenches|Wrenches|Gearwrench|HC-categorized|SAE Wrenches|Slugging Wrenches|Wrenches,22.13,136.49
zoebaby.com,https://zoebaby.com,shopify,True,5,1,,ACCESSORIES::double|ACCESSORIES::single|hide-yotpo-reviews|the-journey-accessories|ACCESSORIES::double|ACCESSORIES::single|hide-yotpo-reviews|journey-replacement-parts|hide-yotpo-reviews|SEARCHANISE_IGNORE,15.0,175.0
solarway.shop,https://solarway.shop,shopify,True,5,1,,1800 Watt|balkonkraftwerk|ecoflow|mit-batterie|sale|kabel|zubehoer|g-ads|HIDDEN|idealo,21.99,1580.0
silixwear.com,https://silixwear.com,shopify,True,5,1,,,12.9,35.0
runningusa.org,https://runningusa.org,woocommerce,True,0,1,,,0,0
manggear.com,https://manggear.com,shopify,True,5,1,,2t|3t|4t|5t|6t|arctic-blue|Croc|Crocodile|l|Long Sleeve,40.0,59.0
fayettevillefurnituregallery.com,https://fayettevillefurnituregallery.com,shopify,True,5,1,,bed-pillow|Brand_Ashley|Collection_Nectar Classic|Color_White|consumer-assembly_no-assembly-required|bed-pillow|Brand_Ashley|Collection_DreamCloudTM Classic|Color_White|consumer-assembly_no-assembly-required,55.13,1499.0
wool-bedding.com,https://wool-bedding.com,shopify,True,5,1,,comforter + 2 pillows|comforter,225.0,1600.0
affordablefurniturehouston.com,https://affordablefurniturehouston.com,shopify,True,5,1,,Assembly_Fully Assembled|Bedroom|Brand_Signature Design By Ashley®|Category_Bedroom|Category_Dresser & Mirror|Assembly_Fully Assembled|Bedroom|Beds|Brand_Signature Design By Ashley®|Category_Bedroom,699.0,1099.0
furniturecasalinda.com,https://furniturecasalinda.com,shopify,True,5,1,,Bed Requires: 2 Mattresses & 2 Bunkie Boards|Bed Size: Twin Over Full|Box Qty OR Units per Box: 2 Boxes|Brand: AFG Baby Funiture|Color: Gray|Bed Requires: 2 Mattresses & 2 Bunkie Boards|Bed Size: Twin Over Twin|Box Qty OR Units per Box: 2 Boxes|Brand: AFG Baby Funiture|Color: Gray,249.0,899.0
margarethbrand.com,https://margarethbrand.com,woocommerce,True,0,1,,,0,0
cavaliersteamshop.com,https://cavaliersteamshop.com,bigcommerce,True,0,1,,,0,0
thegametree.co.nz,https://thegametree.co.nz,shopify,True,5,1,,Eevee Corner|Eevee Heroes|Pokemon|PSA|Single|Pokemon|PSA|Rising Rivals|Single|Slab,68.88,3488.88
zarghoon.shop,https://zarghoon.shop,shopify,True,5,1,,Khaddar|new|RTW|Khaddar|new|RTW|Khaddar|new|RTW|unstitched,1799.0,2399.0
thegiftbux.com,https://thegiftbux.com,woocommerce,True,0,1,,,0,0
distributionpharmaplus.com,https://distributionpharmaplus.com,magento,True,0,1,,,0,0
itradecenter.store,https://itradecenter.store,shopify,True,5,1,,Lady|READY STOCKED WATCHES|BIJOUX|READY STOCKED WATCHES|BIJOUX|Lady|READY STOCKED WATCHES,110.99,159.99
gamebreakermalta.com,https://gamebreakermalta.com,woocommerce,True,0,1,,,0,0
babythingz.com,https://babythingz.com,shopify,True,5,1,,Aspen|Cot Bed|Obaby|Pale Wood|Under Drawer|Cot Bed|Oak|Obaby|Under Drawer|Unisex,220.0,1270.0
sxfitness.in,https://sxfitness.in,woocommerce,True,0,1,,,0,0
broncowesternwear.com,https://broncowesternwear.com,magento,True,0,1,,,0,0
gex-shop.jp,https://gex-shop.jp,shopify,True,5,1,,PUREサブスク|rental-omatome|PUREサブスク|rental-omatome|osoto|osotoバギー|osoto|osotoバギー|osoto|osotoバギー,10000.0,39800.0
artofskincare.com,https://artofskincare.com,shopify,True,5,1,,Cruelty Free|Gluten Free|Kits & Bundles|Moisturizers|Acne Safe|Cruelty Free|Gluten Free|Low Scent|New|Acne Safe,36.0,165.0
47brand.ca,https://47brand.ca,shopify,True,5,1,,Adjustable Caps|BIS Report|Headwear|Mens|Montreal Canadiens|adjustable-caps|BIS Report|clean up|Colour: Blue|Headwear,30.0,39.99
47brand.co.jp,https://47brand.co.jp,shopify,True,5,1,,Appify:Restock|color:black|ヘッドウェア|Appify:Restock|color:brown|ヘッドウェア|Appify:Restock|color:gray|ヘッドウェア|Appify:Restock,6000.0,6000.0
68gamebai2025.one,https://68gamebai2025.one,wix,True,0,1,,,0,0
7daysorganic.com,https://7daysorganic.com,shopify,True,5,1,,Personal Care|Women Care|Personal Care|Women Care|Hair Care|Hair Conditioner,399.0,999.0
92beddingstore.pk,https://92beddingstore.pk,shopify,True,5,1,,creative stool|Decoration Item|Home & Living|Home Decor|new|creative stool|Decoration Item|Home & Living|Home Decor|new,10999.0,15399.0
99customizedjewellery.in,https://99customizedjewellery.in,shopify,True,5,1,,,99.0,249.0
aajkaal.shop,https://aajkaal.shop,shopify,True,5,1,,,1190.0,1250.0
aardvarktea.jp,https://aardvarktea.jp,shopify,True,5,1,,spo-cs-disabled|spo-default|spo-disabled|spo-notify-me-disabled|お茶|spo-cs-disabled|spo-default|spo-disabled|spo-notify-me-disabled|お茶,500.0,7980.0
ababelperfumes.com,https://ababelperfumes.com,shopify,True,5,1,,bundle,998.0,1900.0
accufixcosmetics.com,https://accufixcosmetics.com,shopify,True,5,1,,acne marks serum|acne serum|capryloyl salicylic acid serum|exfoliating serum without purging|gentle exfoliant,1595.0,9160.0
achilles-webshop.com,https://achilles-webshop.com,shopify,True,5,1,,bis-hidden|label_ウォーキング|label_ロードランニング|スニーカー|セール商品|26SS|label_NEW|label_ウォーキング|label_ロードランニング|スニーカー,12320.0,15400.0
acqua-store.jp,https://acqua-store.jp,shopify,True,5,1,,_artist:Soala|_group:Soala|_label:ネコポス|Color Sprinkle|_artist:Soala|_group:Soala|Color Sprinkle|_artist:Soala|_group:Soala|Color Sprinkle,700.0,5000.0
adaraskincarespa.com,https://adaraskincarespa.com,squarespace,False,0,1,,,0,0
adelinejewellery.com,https://adelinejewellery.com,shopify,True,5,1,,,4.95,44.95
affancollection.shop,https://affancollection.shop,shopify,True,5,1,,,999.0,1099.0
afzalwholesaler.com,https://afzalwholesaler.com,shopify,True,5,1,,charqa|choarqa|chorqa|openp|gibs|dettol|frisky|innovative,130.0,400.0
ahankarwear.com,https://ahankarwear.com,shopify,True,5,1,,Embroidered T-shirt|issues|Oversized T-shirt|T-shirt|AOV Bundle,999.0,1099.0
ahmedperfumes.pk,https://ahmedperfumes.pk,shopify,True,5,1,,#ahmedalmaghribiperfumespakistan|Ahmadperfumes|Ahmed Al Maghribi|ahmed al maghribi pakistan|Ahmed fragrances|#ahmedalmaghribiperfumespakistan|Ahmadperfumes|Ahmed Al Maghribi|ahmed al maghribi pakistan|Ahmed fragrances,5500.0,26000.0
aik.store,https://aik.store,shopify,True,5,1,,aikatelier|AIKSARI24|saari|saree|sari|Lawn|RTW|RTWLAWN25D1|scarf|stitchedd,16990.0,41990.0
aimilpharma.life,https://aimilpharma.life,shopify,True,5,1,,AIMIL|AIMIL Amlycure|Aimil Amlycure D.S|Aimil Healthcare|AIMIL Pharma|Alovera|alovera shampoo|Ayouthveda|ayouthveda Alovera|ayouthveda shampoo,189.0,1544.0
airton.shop,https://airton.shop,shopify,True,5,1,,# -> COMMERCIAUX|ANNIVERSAIRE|Catalogue|climatiseurs réversibles|monosplit|# -> COMMERCIAUX|Accessoires Monosplit|Accessoires Trisplit|Module WIFI|active_products,99.9,1199.9
aishijewellery.in,https://aishijewellery.in,woocommerce,False,0,1,,,0,0
ajfan.store,https://ajfan.store,shopify,True,5,1,,20g protein bar|chocolate protein bar|cocoa bar|dates protein bar|dry fruits bar|15g protein|dry fruits bar|energy bar|fitness food|gym snack,110.0,2790.0
akanshaherbal.com,https://akanshaherbal.com,woocommerce,True,0,1,,,0,0
alcaponepremium.co.za,https://alcaponepremium.co.za,shopify,True,5,1,,,13199.0,31099.0
alcovewine.com,https://alcovewine.com,wix,False,0,1,,,0,0
aldoshoes.com.ph,https://aldoshoes.com.ph,shopify,True,5,1,,1010PROMO2024|1010PROMO2024A|55SAVINGS1000OFF2025|55SAVINGS2025|66PROMO2024|2024EOSSP2|44PROMO2023|55PROMO2023|99PROMO2023|99PROMO2023BUNDLE,800.0,5295.0
alharamainperfumes.in,https://alharamainperfumes.in,woocommerce,True,0,1,,,0,0
allaboutshoes.com,https://allaboutshoes.com,magento,True,0,1,,,0,0
allinonestore.pk,https://allinonestore.pk,shopify,True,5,1,,Bathroom|Storage & Organization,400.0,12900.0
alpestore.com,https://alpestore.com,shopify,True,5,1,,52|price-change-job-active|50|price-change-job-active|52|price-change-job-active|52|price-change-job-active|52|price-change-job-active,87.5,104.97
alphapremiumbr.com,https://alphapremiumbr.com,shopify,True,5,1,,,39.9,147.0
alranafashion.com,https://alranafashion.com,shopify,True,5,1,,1799|eid|Harsha|Lookbook|new arrival|1799|Farshi|hania|Lookbook|new arrival,1499.0,2999.0
alt-fragrance.in,https://alt-fragrance.in,shopify,True,5,1,,bestseller|bestseller|bestseller|bestseller|bestseller,699.0,1299.0
altrafootwear.jp,https://altrafootwear.jp,shopify,True,5,1,,New|pick-up|ウィメンズ|ウィメンズ-ウォーキング|メンズ|New|pick-up|メンズ|メンズ-アウトドアアドベンチャー|メンズ-トレイルランニング,2860.0,30800.0
americanwholesalefireworks.com,https://americanwholesalefireworks.com,bigcommerce,True,0,1,,,0,0
amolacasa.shop,https://amolacasa.shop,shopify,True,5,1,,#completoletto|#completolettomatrimoniale|#lettomatrimoniale|#natale2025|#natale2025dolomitesdream|#cameradaletto|#continuativo|#lettopiazzamezza|#sottoconangolipiazzamezza|#welcome,9.9,99.9
anahataorganic.com,https://anahataorganic.com,shopify,True,5,1,,attar|attar|attar|attar|attar,718.75,3600.0
anaustorewholesale.com,https://anaustorewholesale.com,shopify,True,5,1,,,16.75,20.5
ancestralcosmetics.com,https://ancestralcosmetics.com,shopify,True,5,1,,,9.0,129.0
antasport.tn,https://antasport.tn,shopify,True,5,1,,FM-852427128|GREY|MEN|REMISE_65.5|REMISE_MOTIF_DEC_DEALS|23Q1&3|BLACK D.NAVY WHITE|FM-852338501|MEN|PANTALONS,79.01,239.0
antlers.shop,https://antlers.shop,shopify,True,5,1,,0327|0327|0327|0327|0327,2970.0,9900.0
antriacluxury.com,https://antriacluxury.com,wix,False,0,1,,,0,0
anufurnitures.com,https://anufurnitures.com,woocommerce,True,0,1,,,0,0
apnabookstore.in,https://apnabookstore.in,opencart,False,0,1,,,0,0
apparell.com,https://apparell.com,shopify,True,5,1,,ELIO-ESPI|new|Boutique|ELIO-ESPI|new|ELIO-ESPI|new|HOON-BASI|new|HOON-BASI,24.95,49.95
aquaherbals.in,https://aquaherbals.in,shopify,True,5,1,,amrud papad|Bhang Gummies|fruit gummies|Fruit Lather|guava|foxnut|Lotus Seed|Makhana|The Best Organic Makhana Online (Lotus Seed)|green matche,149.0,3899.0
arackaljewellery.com,https://arackaljewellery.com,shopify,True,5,1,,,399.0,1099.0
arakucoffee.in,https://arakucoffee.in,shopify,True,5,1,,Category_Brewing Equipment|coffee|equipment|filters|v60|accessories|Category_Coffee|Category_Combo|coffee|Pocket brew,580.0,2600.0
arirotoys.com,https://arirotoys.com,shopify,True,5,1,,Churner|HOT|KItchen Set|Neem Wood Kitchen Set|Rolling pin|18 months baby|baby toys|baby walker|baby wooden tricycle|delhi,265.0,89999.0
armafperfume.com,https://armafperfume.com,shopify,True,5,1,,Men|Mist|Men|Perfume|Women|Perfume|Women|Perfume|Women|Men,374.0,6750.0
armasclothing.com,https://armasclothing.com,shopify,True,5,1,,Disscount_Sale|Sale|Type_Western Wear|Un-audited Inventory|'-02-2025|Disscount_Sale|Embroidered-Essentials|Everyday-Essentials|Ramadan-Basic-2025|Amahay,3247.5,16496.25
aroshoes.com,https://aroshoes.com,shopify,True,5,1,,Men|New|NewSum|Pol|Pol men|Charcoal|Men|New|NewSum|Pol,110.0,110.0
arvensiscosmeticos.com.br,https://arvensiscosmeticos.com.br,shopify,True,5,1,,,76.86,210.66
ashramestore.com,https://ashramestore.com,woocommerce,True,0,1,,,0,0
asnora.shop,https://asnora.shop,shopify,True,5,1,,,599.0,799.0
asportszone.com,https://asportszone.com,shopify,True,5,1,,,1200.0,5500.0
astrosage.shop,https://astrosage.shop,shopify,True,5,1,,gemstone|topaz|blue sapphire|gemstone|blue sapphire|gemstone|blue sapphire|gemstone|gemstone|tiger eye,2096.0,29580.0
astrwear.shop,https://astrwear.shop,shopify,True,5,1,,all|overstandard|all|overstandard|all|overstandard|bottom|all|overstandard,999.0,1999.0
atawear.co.il,https://atawear.co.il,shopify,True,5,1,,auto:low_stock|full price|new|publish 1.1.2026|shoes|100400|300|300400|auto:low_stock|finalsale,140.0,490.0
ateonlineshop.com,https://ateonlineshop.com,shopify,True,5,1,,crossfit|weightlifting|crossfit|weightlifting|crossfit|weightlifting,2360.0,37000.0
atiyaherbs.com,https://atiyaherbs.com,shopify,True,5,1,,arthritis|Bone Pain|Joints pain|Joints Pain With Swelling|Muscle Pain|Diabetes|Digestion|Gastritis|Indigestion|Liver Problems,899.0,8727.09
atmakitchenware.fr,https://atmakitchenware.fr,shopify,True,5,1,,Fiche produit live|Précommande active|Fiche produit live|Précommande active|Fiche produit live|Précommande active,29.0,199.0
atomicpharmacy.in,https://atomicpharmacy.in,shopify,True,5,1,,diagnostic equipment|doctor stethoscope|dual lumen stethoscope|high fidelity stethoscope|medical stethoscope black|body weight machine|digital scale grey|digital weight scale|electronic weighing scale|fitness scale,949.0,3899.0
atozautopartsindia.com,https://atozautopartsindia.com,shopify,True,5,1,,All Pipes & Hose|E350|Engine Parts|Mercedes|Mercedes Benz|All Shockers Parts|BMW|BMW 3|BMW 5|BMW 5 Series (E39),0,0
attarigadgets.pk,https://attarigadgets.pk,woocommerce,True,0,1,,,0,0
audiobible.com,https://audiobible.com,bigcommerce,True,0,1,,,0,0
audiotone.co.in,https://audiotone.co.in,woocommerce,True,0,1,,,0,0
audiotools.tools,https://audiotools.tools,woocommerce,False,0,1,,,0,0
aurevo-fashion.com,https://aurevo-fashion.com,shopify,True,5,1,,abito a tunica|abito invernale|design comodo|eleganza|maniche lunghe|abbigliamento casual|giacca alla moda|giacca con cerniera|giacca con colletto|giacca elegante,39.95,69.95
ausupplementco.com,https://ausupplementco.com,shopify,True,5,1,,Improve Recovery|Skin Health|Weight Loss|Weight Loss|Weight Loss|Health & Household|Minerals & Supplements|Vitamin C|Vitamins,33.99,249.0
avabeauty.dk,https://avabeauty.dk,shopify,True,5,1,,hiddenfromsearch|productdrop|udsalg-wellness|udsalg-wellness|udsalg-wellness,499.0,1499.0
avgerinoscosmetics.gr,https://avgerinoscosmetics.gr,woocommerce,True,0,1,,,0,0
aviantecnic.shop,https://aviantecnic.shop,woocommerce,False,0,1,,,0,0
ayeletspices.co.il,https://ayeletspices.co.il,woocommerce,True,0,1,,,0,0
b-ris.shop,https://b-ris.shop,woocommerce,False,0,1,,,0,0
b2b-doctorvape.pl,https://b2b-doctorvape.pl,woocommerce,False,0,1,,,0,0
babloolahori.store,https://babloolahori.store,shopify,True,5,1,,,21500.0,88500.0
baby-star.co.il,https://baby-star.co.il,shopify,True,5,1,,בטיחות|התפתחות|יום מכירות פברואר 2026|יצא מהמלאי|מבצעי ספטמבר 2025|Sport line|יום מכירות אוקטובר 2025|יום מכירות פברואר 2026|מבצעי ינואר 2026|מבצעי עגלות וטיולונים,59.9,2793.0
babybazarboutique.com,https://babybazarboutique.com,woocommerce,True,0,1,,,0,0
babygooutlet.com.br,https://babygooutlet.com.br,shopify,True,5,1,,Bebê|MC0126|Bebê|MC0126|Bebê|MC0126|Infantil,19.95,79.89
babyhug.in,https://babyhug.in,shopify,True,5,1,,0-3 Months|12-18 Months|18-24 Months|2-4 Years|3-6 Months|4-6 Years|Boy|Dhoti Kurta Set|Lycra|Off White/Cream,230.23,1200.65
babymonk.co,https://babymonk.co,shopify,True,5,1,,2 Years|3 Years|4 Years|5 Years|6 Years|2 Years|3 Years|4 Years|5 Years|6 Years,1199.0,2199.0
babynmeindia.com,https://babynmeindia.com,shopify,True,5,1,,1 - 1.5 Years|1.5 - 2 Years|3-6 months|6 - 12 months|6-9 months|Baby Girl|baby saree|engbla1630|enggre1700|englav1306,1399.0,2599.0
babyproud.in,https://babyproud.in,shopify,True,5,1,,baby dresses|baby frock|baby shower dress|babydress|babyfrock|baby frock|babyfrock|frock-dresses|girl-dresses  girl-clothing  frock-dresses  flower-girl-dresses|baby dresses,2500.0,8000.0
babyshop4you.net,https://babyshop4you.net,shopify,True,0,1,,,0,0
babysmile24.at,https://babysmile24.at,magento,True,0,1,,,0,0
babywall.fr,https://babywall.fr,woocommerce,True,0,1,,,0,0
backbencher.shop,https://backbencher.shop,shopify,True,5,1,,Girl|New In|Girl|New In|boys|New In|boys|New In|boys|New In,699.0,2999.0
balato.shop,https://balato.shop,shopify,True,5,1,,,5.0,65.0
bamboomattresses.co.za,https://bamboomattresses.co.za,shopify,True,5,1,,Furniture|Office Chairs|Online only|Seatings|Furniture|Office Chairs|Online only|Seatings|Furniture|Office Chairs,3299.0,4899.0
barerahfabrics.store,https://barerahfabrics.store,shopify,True,5,1,,,6400.0,6400.0
basicallygames.com,https://basicallygames.com,magento,True,0,1,,,0,0
bathandbodyworks.co.il,https://bathandbodyworks.co.il,magento,True,0,1,,,0,0
bathroomoutlet.ie,https://bathroomoutlet.ie,shopify,True,5,1,,5 Years|All SALE|Bath Shower Mixer Tap|Bath Shower Mixer Taps|brand-SONAS|All SALE|Bath Filler Tap|Bath Filler Taps|brand-SONAS|colour-Chrome,100.0,140.0
bathu.co.za,https://bathu.co.za,shopify,True,5,1,,NEW|NEW|NEW|Journey 2.0|NEW|Journey 2.0|NEW,1000.0,1749.0
bccannabiswholesale.com,https://bccannabiswholesale.com,shopify,False,0,1,,,0,0
beauty.plus,https://beauty.plus,shopify,True,5,1,,CRUELTY FREE|Cuerpo|Cuidado de la piel|Cuidado del Cuerpo|VEGANO|0|CAT1_Accesorios|CAT2_Accesorios|Zona_0|0,2490.0,9990.0
beautycreationscosmetics.com.mx,https://beautycreationscosmetics.com.mx,shopify,True,5,1,,DARE TO BE BRIGHT|Primer de colores|Primer neutral|ILUMINADOR|ILUMINADORES|DARE TO BE BRIGHT|delineador|delineador de ojos|Delineador en pots|LO MÁS VENDIDO,89.0,1600.0
beautydamodar.in,https://beautydamodar.in,shopify,True,5,1,,,100.0,199.0
beautygarage.com,https://beautygarage.com,shopify,True,5,1,,Freebie,630.0,9120.0
beautygirl.pk,https://beautygirl.pk,shopify,True,5,1,,Chirs's|Chirs’s UK|Face|Face Care|Face Mask|Chirs's|Chirs’s UK|Face|Face Care|Face Mask,299.0,1599.0
beautyinc.gr,https://beautyinc.gr,opencart,True,0,1,,,0,0
beautypharmacy.hr,https://beautypharmacy.hr,magento,True,0,1,,,0,0
bebeautycostarica.com,https://bebeautycostarica.com,shopify,True,5,1,,avify:anua|avify:crema hidratante|avify:nuestros productos|avify:nuevos|avify:promo de black friday|acne|coreano|hidratante|serum|toner,11900.0,15900.0
becay.store,https://becay.store,shopify,True,5,1,,crewneck|FW24|longsleeve|SS25|FW25|polo|FW25|polo|crewneck|FW25,32.0,64.0
bellaloungewear.com,https://bellaloungewear.com,shopify,True,5,1,,Garage Sale|Premium Cotton|Garage Sale|Premium Cotton|Garage Sale|Garage Sale|Chungidi Cotton|Feeding|Kaftan|Maternity,299.0,645.0
bestbrands.cr,https://bestbrands.cr,shopify,True,5,1,,ccod_29KJ03|RMS-SYNC-26-04-02|ccod_29KJ09|RMS-SYNC-26-04-02|ccod_29KI03|RMS-SYNC-26-04-02|ccod_29KI14|RMS-SYNC-26-04-02|ccod_29KI09|RMS-SYNC-26-04-02,6400.0,6400.0
bestwatchrating.com,https://bestwatchrating.com,woocommerce,True,0,1,,,0,0
biancatorino.store,https://biancatorino.store,shopify,True,5,1,,,19.99,29.99
bicoop.shop,https://bicoop.shop,woocommerce,True,0,1,,,0,0
bijuterii-eshop.ro,https://bijuterii-eshop.ro,prestashop,False,0,1,,,0,0
bikesport.cl,https://bikesport.cl,shopify,True,5,1,,#N/A|Accesorios|all|cascos|Cyber2023|Accesorios|accesorios-intercomunicadores|all|Aniversario2024|cascos,24990.0,3590000.0
biscuitpharma.ro,https://biscuitpharma.ro,opencart,True,0,1,,,0,0
bizhuta-eshop.bg,https://bizhuta-eshop.bg,prestashop,False,0,1,,,0,0
blackbeastnutrition.in,https://blackbeastnutrition.in,shopify,True,5,1,,all products|WHEY PROTEIN|all products|pre workout,549.0,6799.0
blackmambajewellery.com,https://blackmambajewellery.com,shopify,True,5,1,,18kt gold-plated|22 inch|everyday wear|gift-ready|gold-plated brass|18kt gold-plated|22 inch|everyday wear|gift-ready|gold-plated brass,1599.0,3699.0
blanidas.shop,https://blanidas.shop,woocommerce,False,0,1,,,0,0
blinkcart.store,https://blinkcart.store,shopify,True,1,1,,,399.0,399.0
bloontoys.com,https://bloontoys.com,shopify,True,5,1,,,750.0,57100.0
blucheez.fashion,https://blucheez.fashion,shopify,True,5,1,,blucheez|Casual|club-card-applicable|eid|men|blucheez|Casual|club-card-applicable|eid|men,2890.0,15990.0
bluemart.info,https://bluemart.info,shopify,True,5,1,,,588.0,899.0
bluetea.co.in,https://bluetea.co.in,shopify,True,5,1,,kwikcart-freebie|kwikcart-freebie|digestive|kwikcart-freebie,429.0,499.0
blushsupply.mx,https://blushsupply.mx,shopify,True,5,1,,,100.0,9600.0
bmsg-music-shop.com,https://bmsg-music-shop.com,shopify,True,5,1,,CD|CLASSIC|CD|CLASSIC|BMSG ALLSTARS|BMSG FES'25|DVD|Blu-ray|BMSG ALLSTARS|BMSG FES'25,3630.0,9900.0
bodyformfashions.com,https://bodyformfashions.com,woocommerce,True,0,1,,,0,0
boerboelwear.co.za,https://boerboelwear.co.za,woocommerce,True,0,1,,,0,0
bonospremium.com,https://bonospremium.com,woocommerce,False,0,1,,,0,0
bootlegmage.com,https://bootlegmage.com,woocommerce,True,0,1,,,0,0
brandadox.in,https://brandadox.in,shopify,True,5,1,,,1099.0,1899.0
brandfasion.com,https://brandfasion.com,woocommerce,True,0,1,,,0,0
brandinpk.com,https://brandinpk.com,shopify,True,5,1,,lips|Rhode|Sale|blush|makeup|blush|blush|makeup|makeup,3500.0,4850.0
brandsriver.com,https://brandsriver.com,shopify,True,5,1,,girls-suits|Googlefeed|meta-size-chart-ma-140013|mt-babies|mt-babiesbottom|boys-suits|Googlefeed|meta-size-chart-mt-140090|new05|sepwinter,1599.0,1599.0
breakers-store.site,https://breakers-store.site,woocommerce,True,0,1,,,0,0
brigitteboutique.gr,https://brigitteboutique.gr,opencart,True,0,1,,,0,0
britishcosmetics.com,https://britishcosmetics.com,shopify,True,5,1,,,1290.0,1950.0
britishhouse.shop,https://britishhouse.shop,shopify,True,5,1,,,1780.0,1885.0
brooksrunning.co.jp,https://brooksrunning.co.jp,shopify,True,5,1,,25AWSHOES|26SSSHOES|HyperionElite|label__アスリート|label__スピード|26SSSHOES|__label:New|label__ウォーキング|label__ランニングシューズ|label__初中級者,15400.0,42900.0
brownycoffee.com,https://brownycoffee.com,shopify,True,5,1,,not-on-sale|not-on-sale|Subscription|not-on-sale|Subscription,17.99,87.99
buddhafightwear.com,https://buddhafightwear.com,shopify,True,5,1,,classic|bestseller|bigblue-ignore|guantes|pack|classic,19.9,72.9
bugattishoes.in,https://bugattishoes.in,shopify,True,5,1,,0|27|338-AL209|_badge_New|AW25|21|318-AJA68|_badge_New|Apron Toe|AW25,6990.0,10990.0
bumabrands.com,https://bumabrands.com,woocommerce,True,0,1,,,0,0
bunk3ronlinestore.com,https://bunk3ronlinestore.com,shopify,True,5,1,,agua|dama|garantizado por agua|original|piscina|agua|dama|garantizado por agua|original|piscina,84900.0,94900.0
bunkerfitness.mx,https://bunkerfitness.mx,woocommerce,True,0,1,,,0,0
burgerbaeclothing.com,https://burgerbaeclothing.com,shopify,True,5,1,,GRLN BABY TEES|10% OFF|15dress|7 june dresses|All Product|clearance|10% OFF|15top|15y2k|2 For ₹699,499.0,999.0
businesscolombia.shop,https://businesscolombia.shop,shopify,True,5,1,,Low stock|Low stock|Low stock|Low stock|Low stock,65000.0,65000.0
buttbaby.in,https://buttbaby.in,shopify,True,5,1,,,2750.0,14250.0
bxxyshoe.in,https://bxxyshoe.in,shopify,True,5,1,,best shoe|branded shoes|bxxy shoes|designer shoes|formal loafers|best shoe|branded shoes|bxxy shoes|designer shoes|formal loafers,1999.0,1999.0
cairn-sport.com,https://cairn-sport.com,shopify,True,5,1,,25H|Casques Cairn|Ski|Vélo|Protection Cairn|Protège-genou|Ski|Vélo|24H|Casques Cairn,16.99,89.99
calibershoes.com,https://calibershoes.com,woocommerce,True,0,1,,,0,0
cameraclub.in,https://cameraclub.in,shopify,True,5,1,,Mirrorless Lens|Mirrorless Lens|Mirrorless Lens|Mirrorless Lens|Wireless Mircophones,13357.0,66478.0
campeonsports.com,https://campeonsports.com,shopify,True,5,1,,Barcelona|Football|Jersey|jerseyfans|legendery|Football|Halland|Jersey|Manchester City|Retro,550.0,650.0
candle-shack.co.uk,https://candle-shack.co.uk,shopify,True,5,1,,100ml-Lotti|100ml-Lotti|Aromatic|badge_New|Citrus|new|Spring|badge_New|new|Summer,1.95,441.36
candle-shack.com,https://candle-shack.com,shopify,True,5,1,,100ml-Lotti|100ml-Lotti|Aromatic|badge_New|Citrus|new|Spring|badge_New|new|Summer,2.42,546.85
candlemould.in,https://candlemould.in,shopify,True,5,1,,Candle|CandleMaking|IranWax|Candle|CandleWax|Warak Offer|resinmould|Silicone,40.0,5070.0
canlipetshop.com,https://canlipetshop.com,opencart,False,0,1,,,0,0
cannawholesalers.to,https://cannawholesalers.to,woocommerce,True,0,1,,,0,0
capegardencentre.co.za,https://capegardencentre.co.za,shopify,True,5,1,,Climber|Climbers & Creepers|Coastal|Create Pergolas & Arches|Plants for Pots|blue-flowers|bulb|bulbs|cape-town-garden|container-plants,79.95,498.95
carbonestore.cr,https://carbonestore.cr,shopify,True,5,1,,ENVIOASAP|HOGAR.|Hot|Kw-Aragan.|Kw-Cleaner|Abanicos Y Ventiladores|ABANICOS.|ELECTRICIDAD.|ENVIOASAP|Hot,0,0
carltonlondonbeauty.com,https://carltonlondonbeauty.com,shopify,True,5,1,,all beauty|all gifting|bath & body for her|BESTSELLER|fragrance gift for her,693.0,6299.0
carmelashoes.com,https://carmelashoes.com,shopify,True,5,1,,163281|16328103|Blanco|Casual|Mujer|163281|16328101|Casual|Mujer|Negro,39.95,69.95
carnemart.com,https://carnemart.com,woocommerce,True,0,1,,,0,0
casegear.in,https://casegear.in,shopify,True,5,1,,,1099.0,1099.0
casualchic.shop,https://casualchic.shop,shopify,True,5,1,,,32.0,55.0
catfootwear.com.pk,https://catfootwear.com.pk,shopify,True,2,1,,11.11All|11.11Men|40|41|42|11.11All|11.11Men|Accessories|azadisale2024|Backpack,5600.0,6400.0
cathkidston.jp,https://cathkidston.jp,shopify,True,5,1,,260403_new|COLLABORATION|予約|日本企画|配送希望日時指定不可|260403_new|COLLABORATION|予約|日本企画|配送希望日時指定不可,1650.0,7150.0
cavallini.shop,https://cavallini.shop,woocommerce,True,0,1,,,0,0
cellsius-shop.com,https://cellsius-shop.com,shopify,True,5,1,,checkoutupsell|housse|Klaviyo|oreiller|checkoutupsell|housse|Klaviyo|NP|oreiller|Coccyx,9.9,89.9
ceylonspirits.lk,https://ceylonspirits.lk,woocommerce,True,0,1,,,0,0
chaddsfordjewelry.com,https://chaddsfordjewelry.com,shopify,True,5,1,,Bracelets|Earrings|Earrings|Rings|Bundles & Sets,15.95,29.95
chaprabeautyshop.com,https://chaprabeautyshop.com,shopify,True,5,1,,Glamorous Face|Glamorous Face Shop Accessories|Glamorous Face Shop Face|Sale|Facial KIts|Sale|Skin Care|Skin Care Facial Items|Facial KIts|Sale,579.0,5492.0
charlieshop.hr,https://charlieshop.hr,woocommerce,True,0,1,,,0,0
chateau-dax.fr,https://chateau-dax.fr,woocommerce,False,0,1,,,0,0
chenegear.com,https://chenegear.com,shopify,True,5,1,,activity:waterfowl|audience:mens|boldmetrics:mens_2s_wader_alpha|feature:breathable|feature:waterproof|activity:waterfowl|audience:mens|boldmetrics:mens_2s_wader_alpha|feature:breathable|feature:waterproof,1150.0,1150.0
chiaramilan.store,https://chiaramilan.store,shopify,True,5,1,,0309|Man,42.99,62.99
chiikawamogumogu.shop,https://chiikawamogumogu.shop,shopify,True,5,1,,2026年2月13日発売商品|うさぎ|ちいかわ|ハチワレ|ボールペン|2026年2月20日発売商品|ちいかわ|キーホルダー|ファッション小物|川越,825.0,880.0
chivasio.shop,https://chivasio.shop,shopify,True,5,1,,,69.27,199.27
chopzo.shop,https://chopzo.shop,shopify,True,5,1,,,499.0,999.0
cielsports.in,https://cielsports.in,shopify,True,5,1,,Gloves|Gloves|Gloves|Gloves|Gloves,2499.0,3199.0
cigarsindia.in,https://cigarsindia.in,shopify,True,5,1,,,750.0,3500.0
cipo-eshop.hu,https://cipo-eshop.hu,opencart,True,0,1,,,0,0
citrusgourmet.com,https://citrusgourmet.com,prestashop,True,0,1,,,0,0
clapstoretoys.com,https://clapstoretoys.com,shopify,True,5,1,,best travel toys|edu|fun|learning toys|screen free toys,899.0,1299.0
clothingindia.co,https://clothingindia.co,shopify,True,5,1,,NEW TRACK|pantstrackpants|trackpant|trackpant women|trackpants|NEW TRACK|pantstrackpants|trackpant|trackpant women|trackpants,699.0,799.0
clothingjunction.co.za,https://clothingjunction.co.za,shopify,True,5,1,,,89.95,179.95
clubmisterio.store,https://clubmisterio.store,shopify,True,5,1,,,174.0,1189.0
cncest.store,https://cncest.store,opencart,True,0,1,,,0,0
coffeemais.com,https://coffeemais.com,shopify,True,5,1,,Assinatura|Assinatura Anual|Grãos|wrapped:disabled|Assinatura|Assinatura Anual|Grãos|wrapped:disabled|Assinatura|Grão,33.99,479.88
coffeenjesus.com,https://coffeenjesus.com,shopify,True,5,1,,Crecimiento/ Inspiración|Crecimiento/ Inspiración|Novedades|Recomendados|Su Presencia Kids|Termos y Botellas de agua|Termos y Botellas de agua,55000.0,70000.0
computerscore.com,https://computerscore.com,woocommerce,True,0,1,,,0,0
computervision.com.bd,https://computervision.com.bd,opencart,False,0,1,,,0,0
confettigifts.in,https://confettigifts.in,shopify,True,5,1,,corporategift|New Year Gifts|corporategift|New Year Gifts|precurated|all|corporategift|Decor and Diya|diwali|Eco Friendly,150.0,2690.0
coolbrands.pe,https://coolbrands.pe,shopify,True,5,1,,ALL|Calzado|Chunky|color:Azul|Hombre|ALL|B2C|Calzado|color:Gris|Hombre,74.0,539.0
coolfashion.hu,https://coolfashion.hu,woocommerce,False,0,1,,,0,0
coolgameservice.com,https://coolgameservice.com,woocommerce,True,0,1,,,0,0
corkfloor.store,https://corkfloor.store,shopify,True,5,1,,tradition|CORKSTEP|Siesta|CORKSTEP|Siesta|CORKSTEP,1.0,483.0
coromandelwatchco.com,https://coromandelwatchco.com,shopify,True,5,1,,,5000.0,11000.0
cosishoes.gr,https://cosishoes.gr,woocommerce,True,0,1,,,0,0
cosmeticosatacado.com,https://cosmeticosatacado.com,shopify,True,5,1,,COLÔNIA|LANÇAMENTO|PERFUMARIA|SOUL|COLÔNIA|LANÇAMENTO|PERFUMARIA|SOUL|BIO INSTINTO|LANÇAMENTO,9.99,27.99
cosmicclothing.us,https://cosmicclothing.us,shopify,True,5,1,,,27.0,55.0
costasneakers.com,https://costasneakers.com,shopify,True,5,1,,,12000.0,140000.0
countryvillageshoppe.com,https://countryvillageshoppe.com,bigcommerce,True,0,1,,,0,0
couropremium.com,https://couropremium.com,shopify,True,5,1,,bolsa de lado feminina elegante|bolsa estruturada couro sintético|bolsa feminina alça de mão|bolsa para trabalho feminina|bolsa social feminina|bolsa lateral masculina|bolsa masculina para trabalho|bolsa transversal notebook 14|maleta de couro executiva masculina|maleta de couro executivo,259.9,349.9
cozykids.gr,https://cozykids.gr,shopify,True,5,1,,Collection Hospitality Kidsclub|Collection Βρεφανάπτυξη|Collection Δες όλα τα παιχνίδια|Collection Στρώματα δαπέδου|Collection Υφασμάτινα|Collection Easter|Collection Hospitality Kidsclub|Collection MT|Collection Δες όλα τα παιχνίδια|Collection Τρίκυκλα & Ποδήλατα,30.0,125.0
craftlabel.store,https://craftlabel.store,shopify,True,5,1,,7 cm boy uzatan ayakkabı|boy uzatan ayakkabı|craftlabel klasik ayakkabı|erkek ofis ayakkabısı|erkek takım elbise ayakkabısı|cg_baggy_esofman|cg_baggy_esofman|Yeni,79.95,3985.95
craftstorebyharshu.com,https://craftstorebyharshu.com,shopify,True,5,1,,Square Gloss Kundan|Square Kundan|Rectangle Gloss Kundan|Rectangle Kundan|Drop Gloss Kundan|Drop Kundan|6K Eye Gloss Kundan|Eye Gloss Kundan|Eye Kundan|4MM Round Gloss Kundan,20.0,230.0
crazyraccoon-store.com,https://crazyraccoon-store.com,shopify,True,5,1,,RUBBER KEYCHAIN|Tototmix|Tototmix2026|RUBBER KEYCHAIN|Tototmix|Tototmix2026|CUSHION|Tototmix|Tototmix2026|CREWNECK,990.0,11000.0
creamco.com.tr,https://creamco.com.tr,shopify,True,5,1,,Ürünler:Setler|Ürünler:Seyahat Boy|Ürünler:Setler|Ürünler:Seyahat Boy|Ürünler:Setler|Ürünler:Seyahat Boy|Cilt Tipleri:Normal Cilt Tipi|Hyalüronik Asit|Seramid|Ürünler:Setler,439.96,709.8
currenwatches.com.pk,https://currenwatches.com.pk,shopify,True,5,1,,ANALOG|BOYS|CHRONOGRAPH|COUPLE WATCHES|curren|ANALOG|BOYS|CHRONOGRAPH|COUPLE WATCHES|curren,8499.0,8499.0
customerfriendlyshop.com,https://customerfriendlyshop.com,shopify,True,5,1,,,285.0,450.0
customlove.nl,https://customlove.nl,shopify,True,5,1,,linda|NL|linda|NL|linda|NL|A1013T|A1013TG|A1015T|A1015TG,39.0,79.0
cvetitaherbal.com,https://cvetitaherbal.com,shopify,True,5,1,,bogo,11.99,78.0
cybergoods-store.jp,https://cybergoods-store.jp,shopify,True,5,1,,_ng_with_normal_group:【BORN TO BLAZE】|_受注商品:【BORN TO BLAZE】|_注文タグ:【BORN TO BLAZE】_2026年7月上旬から順次発送|_注文タグ:【BORN TO BLAZE】_26年03月30日|_ng_with_normal_group:【BORN TO BLAZE】|_受注商品:【BORN TO BLAZE】|_注文タグ:【BORN TO BLAZE】_2026年7月上旬から順次発送|_注文タグ:【BORN TO BLAZE】_26年03月30日|_ng_with_normal_group:【BORN TO BLAZE】|_受注商品:【BORN TO BLAZE】,600.0,1870.0
czasnaherbate.net,https://czasnaherbate.net,woocommerce,True,0,1,,,0,0
dadabrand.co,https://dadabrand.co,shopify,True,5,1,,,10.0,129.0
damsonfurniture.com,https://damsonfurniture.com,shopify,True,5,1,,أشهر اماكن بيع الأثاث في مصر|أشهر محلات الأثاث في مصر|أفضل محلات الاثاث في مدينة نصر|أفضل مكان لشراء الموبيليا في مصر|أماكن بيع الاثاث في القاهرة|أشهر اماكن بيع الأثاث في مصر|أشهر محلات الأثاث في مصر|أفضل محلات الاثاث في مدينة نصر|أفضل مكان لشراء الموبيليا في مصر|أماكن بيع الاثاث في القاهرة,4900.0,84900.0
dapopmakeupstore.com,https://dapopmakeupstore.com,shopify,True,5,1,,Makeup,6000.0,11800.0
dartgearcompetitions.co.uk,https://dartgearcompetitions.co.uk,woocommerce,False,0,1,,,0,0
dartisan-onlineshop.com,https://dartisan-onlineshop.com,shopify,True,5,1,,,12100.0,22880.0
dasports.com.br,https://dasports.com.br,shopify,True,5,1,,brasileirao|fluminense|medida1|medidas1|rj|brasileirao|fluminense|medida1|medidas1|rj,30.0,289.9
davidoutwear.com,https://davidoutwear.com,shopify,True,5,1,,_size_sizing-guide-sal-new|regular_swatches|_size_sizing-guide-3|regular_swatches|_size_sizing-guide-sur-new|regular_swatches|_size_sizing-chart-roadking|regular_swatches|regular_swatches,159.95,169.95
dcamcoffee.com,https://dcamcoffee.com,shopify,True,0,1,,,0,0
dcshoes.com.ar,https://dcshoes.com.ar,magento,False,0,1,,,0,0
dcshoes.mx,https://dcshoes.mx,shopify,True,5,1,,AT2|calzado|DC Shoes|hombre|marzo26|AT2|calzado|DC Shoes|hombre|marzo26,2999.0,2999.0
dctclothing.store,https://dctclothing.store,shopify,True,5,1,,,429.0,3149.0
decorat.bg,https://decorat.bg,opencart,True,0,1,,,0,0
decorfactory.rs,https://decorfactory.rs,woocommerce,True,0,1,,,0,0
decorspace.it,https://decorspace.it,shopify,True,5,1,,Contract|Contract|import 2025|import 2025,69.9,2049.9
deepoodesigners.in,https://deepoodesigners.in,shopify,True,5,1,,,2850.0,9900.0
deli-shops.net,https://deli-shops.net,woocommerce,True,0,1,,,0,0
dermawear.co.in,https://dermawear.co.in,shopify,True,5,1,,,399.0,899.0
dikasports.com,https://dikasports.com,shopify,True,5,1,,,549.0,549.0
discountedcleaningsupplies.co.uk,https://discountedcleaningsupplies.co.uk,magento,True,0,1,,,0,0
dji-store.it,https://dji-store.it,woocommerce,True,0,1,,,0,0
dngear1.com,https://dngear1.com,woocommerce,True,0,1,,,0,0
dodotoys.com.ua,https://dodotoys.com.ua,magento,True,0,1,,,0,0
dragpharma.cl,https://dragpharma.cl,woocommerce,False,0,1,,,0,0
dreamcycle.store,https://dreamcycle.store,woocommerce,True,0,1,,,0,0
dreamlineoutdoorfurniture.com,https://dreamlineoutdoorfurniture.com,shopify,True,5,1,,4 Seater Sofa|5 Seater Sofa|5 Seater Sofa|5 Seater Sofa|6 Seater Sofa,46000.0,58000.0
dreampetstore.com,https://dreampetstore.com,magento,True,0,1,,,0,0
dressupfashion.in,https://dressupfashion.in,woocommerce,True,0,1,,,0,0
dropblast.store,https://dropblast.store,shopify,True,3,1,,,599.0,599.0
dubaiperfumesa.co.za,https://dubaiperfumesa.co.za,shopify,True,5,1,,,399.0,749.0
duxotwatches.com,https://duxotwatches.com,shopify,True,5,1,,Full Price|HK Out of Stock|limited edition|US Out of Stock|Full Price|HK Out of Stock|HK/US Out of Stock|limited edition|US Out of Stock|Full Price,660.0,900.0
dynamobrand.co,https://dynamobrand.co,shopify,True,5,1,,Croptop|mujer|summer|superior|TODOS|activo|básica|fight Club|hombre|hombres,60000.0,229000.0
e-herbapol.com.pl,https://e-herbapol.com.pl,woocommerce,True,0,1,,,0,0
easykids.in,https://easykids.in,woocommerce,False,0,1,,,0,0
eclipseperfumes.cr,https://eclipseperfumes.cr,shopify,True,5,1,,DECANT|PERFUMEHOMBRE|DECANTMUJER|PERFUMEMUJER|tester,4000.0,84000.0
ecuskids.com,https://ecuskids.com,shopify,True,5,1,,Bebé,17.91,413.44
eddiebauerkids.com,https://eddiebauerkids.com,shopify,True,5,1,,0868|24C|432OW906|EBR|Eddie Bauer Kids|0901|24C|EBR|Eddie Bauer Kids|FH24,9.0,74.5
elafpremium.com,https://elafpremium.com,shopify,True,5,1,,EPV|new arrivals|EPV|new arrivals|EPV|new arrivals|EPV|new arrivals|EPV|new arrivals,4990.0,4990.0
eleveitmx.shop,https://eleveitmx.shop,shopify,True,5,1,,custom-badge-1|custom-badge-1|custom-badge-1,189.0,999.0
elitecosmeticspk.com,https://elitecosmeticspk.com,shopify,True,5,1,,Manicure kit|nail care|new|Professional nail tool|face|facial|new|skin bleach|lips|lipstick,40.0,2499.0
elitestore.pk,https://elitestore.pk,shopify,True,5,1,,socks organisers|storage bag|storage bags|mattress protector|Quality mattress protector|waterproof mattress cover|waterproof mattress protector|Neck Pillow|Rest Cushion|Rest Pillow,649.0,6090.0
elmorshed.shop,https://elmorshed.shop,shopify,True,3,1,,,2200.0,27900.0
elvisbeauty.com,https://elvisbeauty.com,shopify,True,5,1,,,499.0,1799.0
emmadisilverjewellery.com,https://emmadisilverjewellery.com,shopify,True,5,1,,FANCY|RAKHI|FANCY|RAKHI|FANCY|RAKHI|FANCY|RAKHI|FANCY|RAKHI,1299.0,1499.0
emmanouelacosmetics.com,https://emmanouelacosmetics.com,woocommerce,False,0,1,,,0,0
empiresgames.co,https://empiresgames.co,shopify,True,5,1,,Estrenos|Juegos Ps5 > Accion|Juegos Ps5 > Aventura|Juegos Ps5 > Disparos|Juegos Ps5 > Terror|Estrenos|Juegos Ps5 > Aventura|Ofertas|Estrenos|Juegos Ps5 > Aventura,56962.0,227962.0
enasport.com,https://enasport.com,shopify,True,5,1,,Combo|Proteina,50310.0,83725.0
energexio.store,https://energexio.store,shopify,True,2,1,,,1950.0,3900.0
ergfashion.gr,https://ergfashion.gr,woocommerce,True,0,1,,,0,0
erosgamesroom.com,https://erosgamesroom.com,woocommerce,False,0,1,,,0,0
escuelagymvirtual.com,https://escuelagymvirtual.com,woocommerce,False,0,1,,,0,0
esextoys24.pl,https://esextoys24.pl,woocommerce,True,0,1,,,0,0
eshkar.shop,https://eshkar.shop,shopify,True,5,1,,mami|סייל|mami,120.0,179.0
eshopsrbija.com,https://eshopsrbija.com,shopify,True,5,1,,Dvorište i vrt|Sve za dom|Dvorište i vrt|Sve za dom|Dvorište i vrt|Sve za dom|112345678910111213141516171819|Kuhinja|Sve za dom|Tehnologija,2999.0,11999.0
esportligaen.dk,https://esportligaen.dk,woocommerce,False,0,1,,,0,0
estiloveggieshoes.com.br,https://estiloveggieshoes.com.br,opencart,True,0,1,,,0,0
etib-shop.by,https://etib-shop.by,opencart,False,0,1,,,0,0
etiquetteapparel.com,https://etiquetteapparel.com,shopify,True,5,1,,3XL|4XL|5XL|6XL|Best Sellers|3XL|4XL|5XL|6XL|9-5-home,1299.0,1899.0
evapemayoreo.com,https://evapemayoreo.com,shopify,True,5,1,,,375.0,599.0
evelinecosmetics.cz,https://evelinecosmetics.cz,shopify,True,5,1,,brand::Diamond|collection::lip_glosses|collection::lip_maximizer|collection::lips_makeup|collection::makeup|active_ingredients::cica|active_ingredients::collagen|brand::Face Therapy Professional|collection::care|collection::face_care,99.0,179.0
everlasting.shop,https://everlasting.shop,shopify,True,5,1,,Accessories|From 799 to 1299|Home Decor|Lifestyle|Accessories|From 799 to 1299|Lifestyle|Accessories|From 499 to 699|Gifts for Her,699.0,1499.0
evernail.shop,https://evernail.shop,shopify,True,5,1,,25limited|25winter|商品|既定サイズ|福岡|五反田|商品|商品|既定サイズ|福岡,4500.0,15600.0
evoon.store,https://evoon.store,shopify,True,5,1,,非表示|q_sex:all|q_sex:mens|spo-default|spo-disabled|ur-favorite|kuramae|q_sex:all|q_sex:ladies|spo-default,8730.0,45800.0
exhalecoffee.com,https://exhalecoffee.com,shopify,True,5,1,,Chocolate|Coffee merchandise|healthy|organic|polyphenol|Brew Kit|cafetiere|Coffee merchandise|Equipment|french press,2.99,345.0
expressportables.com.au,https://expressportables.com.au,shopify,True,5,1,,marchsale|office|pod|pods|marchsale|office|pod|pods|3m|office,1250.0,29990.0
extremeaudio.hu,https://extremeaudio.hu,opencart,True,0,1,,,0,0
extrokids.com,https://extrokids.com,shopify,True,5,1,,Price|Cognitive Skill|Diy|Fun Play Toys|Latest Arrivals|pretend play|Adolescent (11Yrs-19Yrs)|Family Games|Fun Play Toys|Latest Arrivals,390.0,999.0
eyrabrand.com,https://eyrabrand.com,shopify,True,5,1,,Conjunto|New Collection|New Collection|Vestido|New Collection|Vestido,9.9,149.9
fabfashion4u.com,https://fabfashion4u.com,shopify,True,5,1,,WBRA|WBRA|WBRA,699.0,799.0
fabricadollyshoes.ro,https://fabricadollyshoes.ro,shopify,True,5,1,,1-22434-41 341 black|1-22434-41 341 black|1-22434-41 341 black|1-22434-41 341 black|s56 alb box,120.0,299.0
faebeauty.in,https://faebeauty.in,shopify,True,5,1,,Cleanser|facewash|Fae Sk*n|Fae Skin|No BS|Bestseller|Fly Bundles|hide-faestudio|LipWhipLine|flybundle,427.0,1570.0
faizanmotorsports.pk,https://faizanmotorsports.pk,woocommerce,True,0,1,,,0,0
fajjarcollection.store,https://fajjarcollection.store,shopify,True,5,1,,,999.0,999.0
falconfitness.mx,https://falconfitness.mx,woocommerce,True,0,1,,,0,0
famousgadget.com.bd,https://famousgadget.com.bd,opencart,True,0,1,,,0,0
fancythings.shop,https://fancythings.shop,shopify,True,5,1,,,799.0,6259.0
faretobaby.com,https://faretobaby.com,shopify,True,5,1,,F737|F736|F735|F734|F733,299.0,4999.0
farmplasticsupply.com,https://farmplasticsupply.com,opencart,True,0,1,,,0,0
fashionbug.lk,https://fashionbug.lk,shopify,True,5,1,,formal handbag|hand bag|Women's Handbag|Ethnic Fusion Saree|new-arrivals|SAREE|women|Ethnic Fusion Saree|new-arrivals|SAREE,2990.0,3690.0
fashionclub.co.il,https://fashionclub.co.il,shopify,True,5,1,,active_product|Comax ItemModel ID:06-1316|MEN|new|בגדי גברים|active_product|Comax ItemModel ID:05-186166|draft_product|MEN|new,65.0,110.0
fashionflare.pk,https://fashionflare.pk,shopify,True,5,1,,,6950.0,7295.0
fashionforyes.com,https://fashionforyes.com,shopify,True,0,1,,,0,0
fashionfusion.co.za,https://fashionfusion.co.za,shopify,True,5,1,,200-300|alora|ladieswear|womens-jackets-and-coats|200-300|mens-bottoms|menswear|moda|100-200|ladieswear,129.99,299.99
fashionhub.pk,https://fashionhub.pk,shopify,True,5,1,,,1999.0,2499.0
fashionnsio.com,https://fashionnsio.com,shopify,True,5,1,,dress|fashion|korean fashion|women|women fashion|dress|dresses|fashion|korean fashion|women,1799.0,2799.0
fastfashionbd.com,https://fastfashionbd.com,shopify,True,5,1,,Black Sunglass|MARC JACOBS Bangladesh|MARC JACOBS in bd|MARC JACOBS in dhaka|MARC JACOBS online shopping|Frame|MARC JACOBS Bangladesh|MARC JACOBS Eyeware|MARC JACOBS Glass|MARC JACOBS glass online shopping,1350.0,1450.0
favorbeauty.mx,https://favorbeauty.mx,shopify,True,5,1,,Makeup Tool|Makeup|Perfume|Makeup|Perfume|Eyeshadow|Makeup|Eyeshadow|Makeup,55.0,7250.0
favouriteauto.com,https://favouriteauto.com,shopify,True,5,1,,Belt and Chain Drive|Belt and Chain Drive|Belt and Chain Drive|Belt and Chain Drive|Body Panels,1599.0,2499.0
federicafitnesslibrary.it,https://federicafitnesslibrary.it,woocommerce,False,0,1,,,0,0
feichtinger-shop.com,https://feichtinger-shop.com,shopify,True,5,1,,Damen|Gravur-Ring|rhodiniert|Ringe|Schmuckring|Anhänger|Damen|Halsschmuck|hidden-neuheiten|Neuheiten,36.0,229.0
fizaperfumes.com,https://fizaperfumes.com,shopify,True,5,1,,Perfume|ATTAR|ATTAR|Perfume,599.0,1990.0
floor-decor.bg,https://floor-decor.bg,shopify,True,5,1,,8 мм|AC5/33|Classen|водоустойчив|ламиниран паркет|8 мм|AC5/33|Classen|водоустойчив|ламиниран паркет,15.0,29.61
florencebymillsbeauty.com,https://florencebymillsbeauty.com,shopify,True,5,1,,badge:new|collection:makeup|A Little Extra|collection:makeup|collection:makeup-eyes|Eyes|Full-Size|collection:makeup|collection:skincare|hazmat,1.25,18.0
flowperfumes.com,https://flowperfumes.com,shopify,True,5,1,,KWIATOWY|NA DZIEŃ|PERFUMY DAMSKIE|PERFUMY MĘSKIE|POŚREDNI|CYTRUSOWY|LATO|NA DZIEŃ|PERFUMY DAMSKIE|PERFUMY MĘSKIE,6.0,49.0
fmmarcet.store,https://fmmarcet.store,shopify,True,5,1,,,4300.0,18500.0
folkraceshop.se,https://folkraceshop.se,magento,True,0,1,,,0,0
foundationgift.com,https://foundationgift.com,shopify,True,5,1,,,699.0,999.0
fragthegame.com,https://fragthegame.com,wix,False,0,1,,,0,0
frillabeauty.pl,https://frillabeauty.pl,woocommerce,True,0,1,,,0,0
fuelshoes.com,https://fuelshoes.com,shopify,True,5,1,,safety shoes|safety shoes|safety shoes|shoes|shoes,899.0,2499.0
fusiongames.com.ar,https://fusiongames.com.ar,woocommerce,True,0,1,,,0,0
gadgetforentertainment.com,https://gadgetforentertainment.com,shopify,True,5,1,,,40.0,40.0
gameheaven.net,https://gameheaven.net,woocommerce,True,0,1,,,0,0
gamekinley.net,https://gamekinley.net,woocommerce,True,0,1,,,0,0
gamerrobot.com,https://gamerrobot.com,shopify,True,5,1,,Featured|Includes DLC|Plushies|Series 2|Toys|Featured|Includes DLC|Plushies|Series 2|Toys,9.99,39.99
games4kids.fr,https://games4kids.fr,shopify,False,0,1,,,0,0
gamestop.com.pk,https://gamestop.com.pk,shopify,True,5,1,,blue ps5 controller|icon blue controller|icon blue ps5 controller|icon blue special edition|icon blue special edition dualsense|Milestone games|motorcycle games|PS5 games|RIDE 6|RIDE 6 bikes,14500.0,245000.0
gamestorecafe.com,https://gamestorecafe.com,woocommerce,True,0,1,,,0,0
gangafashions.com,https://gangafashions.com,shopify,True,5,1,,coord|GULBagh|L|M|S|Eid Sale 2025|Kurta|L|libasat|M,1875.0,7954.0
gardencentrum.hu,https://gardencentrum.hu,opencart,True,0,1,,,0,0
gardenlife.com.ar,https://gardenlife.com.ar,shopify,True,5,1,,,187058.0,588234.0
gargi.shop,https://gargi.shop,shopify,True,5,1,,Gift Store|Heart|Modern Set|Modern-M4U|Necklace|Best Seller|Bundler Silver Nosepin|Classic-M4U|G-Self|Gift Store,722.0,3570.0
gbwear.com.br,https://gbwear.com.br,shopify,True,5,1,,EscolasGB|KIMONOCOMP|KIMONOMAS|LANÇAMENTOS|LUTADOR|CASACOMAS|CASUALMAS|EscolasGB|LANÇAMENTOS|MAS,109.9,1190.9
gcrest.store,https://gcrest.store,shopify,True,5,1,,1Nm8|AMPRULE|gcs_2026年6月下旬以降|gcs_266パララブカンパニー|VISTY|1Nm8|AMPRULE|gcs_2026年6月下旬以降|gcs_266パララブカンパニー|VISTY,385.0,3850.0
gd-mart.com,https://gd-mart.com,woocommerce,True,0,1,,,0,0
gearguard.in,https://gearguard.in,shopify,True,5,1,,Orbiter|TVS Oriter 2025|Blind sport mirror|Rear View Mirror|side mirror left right|3D Metal Sticker|car 3d metal sticker|black edition 3d metal sticker,449.0,799.0
gearrack.com,https://gearrack.com,shopify,True,5,1,,Trousers|I.H.P.S|IHPS,20.0,4000.0
gearup.hu,https://gearup.hu,opencart,False,0,1,,,0,0
gerardfashions.com,https://gerardfashions.com,shopify,True,5,1,,dress s26|new s26|Pink|Blue|dress s26|new s26|cardi s26|Green|new s26|cardi s26,29.5,36.5
gfcngames.fr,https://gfcngames.fr,shopify,False,0,1,,,0,0
gfcngames.pl,https://gfcngames.pl,shopify,False,0,1,,,0,0
giftgalaxy.in,https://giftgalaxy.in,shopify,True,5,1,,free-shipping|free-shipping|free-shipping|Cars|diecast cars|diecast model cars|Matchbox|Matchbox scale model|Cars|diecast cars,339.0,649.0
giftingstudio.in,https://giftingstudio.in,shopify,True,5,1,,baby birth frame|baby frame|QR_BABY_CUSTOM|1st birthday gift|baby birth frame|baby frame|Personalised gift|acralic|anniversary gifts|anniversary gifts,1.0,1199.0
giftkyade.com,https://giftkyade.com,shopify,True,5,1,,Arrival|Birthday|birthday for friend|Birthday gift|birthday gift for brother|Arrival|Coaster|coaster with stand|Coasters|desk decor,249.0,499.0
giftsbyrashi.com,https://giftsbyrashi.com,shopify,True,5,1,,Uncategorized|Anniversary Gifts|Birthday Gifts|Friend(Men)|Friend(Women)|Husband/Boyfriend|Anniversary Gifts|Birthday Gifts|Father|Friend(Men),1.0,1299.0
gifttolove.in,https://gifttolove.in,shopify,True,5,1,,Dec-25|Pipe Cleaner Plain|Pipe Cleaners|18|96039000|add|New Arrival|Pipe Cleaner Glitter|18|96039000,89.0,176.0
giftwifts.com,https://giftwifts.com,woocommerce,True,0,1,,,0,0
gigani.shop,https://gigani.shop,shopify,True,5,1,,,40.0,90.0
giordanotimewear.com,https://giordanotimewear.com,shopify,True,5,1,,Clock|Clock|Clock|Clock|Clock,1449.0,1749.0
girorganic.com,https://girorganic.com,shopify,True,5,1,,organic spices|stone ground spices|New Combo|New Combo|New Combo|New Combo,180.0,1861.02
gnarly.clothing,https://gnarly.clothing,shopify,True,5,1,,Black|Infinite|shopee|Black|Infinite|shopee|Black|januarysale|Black|DRAFT24Q4,650.0,750.0
gnomowear.cl,https://gnomowear.cl,shopify,True,5,1,,azul|Categoría_Polerones|Categoría_Polerones & Chalecos|Categoría_Tops|Color_ Beige|Categoría_Chiporros Fleece & Polars|Categoría_Eco|Categoría_Tops|Color_Negro|Color_Verde,19990.0,54990.0
goatatacadoesportivo.com,https://goatatacadoesportivo.com,opencart,True,0,1,,,0,0
goblinhobbies.com,https://goblinhobbies.com,shopify,True,5,1,,color|paint|Stampin' color|yellow|blue|color|paint|Stampin' color|double ended stamper|dual end,8.0,9.0
godsbeardcult.shop,https://godsbeardcult.shop,shopify,True,5,1,,Smokeshop|Smokeshop|Smokeshop|Smokeshop|Smokeshop,840.0,3150.0
goldenhourhemp.com,https://goldenhourhemp.com,bigcommerce,True,0,1,,,0,0
goldieeonlinestore.com,https://goldieeonlinestore.com,shopify,True,5,1,,SAMBHAR MASALA|sabji masala|PAVBHAJI MASALA|Casual Spices|Kitchen King,53.0,150.0
goldlabelcosmetics.com,https://goldlabelcosmetics.com,woocommerce,False,0,1,,,0,0
goldnutrition.shop,https://goldnutrition.shop,shopify,True,5,1,,,5.0,60.0
gorillasports.fi,https://gorillasports.fi,shopify,True,5,1,,Kuntosalilaitteet|Soutulaitteet|Kuntosalilaitteet|Tasa- ja vinopenkit|Kuntosalitarvikkeet|Levypainoteline|Painotelineet|Pikatoimitustuotteet|trending_all|Kahvakuulat,44.95,699.95
gorillasports.fr,https://gorillasports.fr,shopify,True,5,1,,Ceintures|new|sale|Ergomètres|new|non-sale|Bancs inclinés|Lot Banc de musculation|new|non-sale,59.99,569.99
gorillasports.rs,https://gorillasports.rs,shopify,True,5,1,,non-sale|Stalak za bučice|non-sale|Sprava za leđa|non-sale|Pliometrijska kutija|non-sale|Oprema za gimnastiku|Boks|non-sale,3599.0,149999.0
gotoptoy.com,https://gotoptoy.com,shopify,True,5,1,,Asia|blind box|keychain|new arrivals|Opanchu Usagi|Asia|blind box|Mochi|new arrivals|Plush,16.99,191.9
gpwellness.com,https://gpwellness.com,magento,True,0,1,,,0,0
granniskitchen.com,https://granniskitchen.com,shopify,True,5,1,,adeel chaudhary oats|Dark chocolate oats|Fozia oats|Grannis kitchen|Grannis kitchen oats,1000.0,9999.0
greensport.rs,https://greensport.rs,woocommerce,True,0,1,,,0,0
growbrands.net,https://growbrands.net,prestashop,False,0,1,,,0,0
gtautomocion.shop,https://gtautomocion.shop,shopify,True,5,1,,,1.0,45.0
gulabidhaga.shop,https://gulabidhaga.shop,shopify,True,5,1,,Blacks|Diwali2025|kurta|Kurta and Kurta Set|New Sales|Blacks|GDDIWALI2025|INDEPENDENCE|kurta|Lucknowi embroidery kurta set,1399.0,1599.0
gullysports.in,https://gullysports.in,shopify,True,5,1,,,350.0,390.0
gushbeauty.com,https://gushbeauty.com,shopify,True,5,1,,Flash Sale|nail-icon|Party|Flash Sale|nail-icon|Neutrals|Flash Sale|nail-icon|Neutrals|Under 499,799.0,799.0
gutwellnessclub.shop,https://gutwellnessclub.shop,wix,False,0,1,,,0,0
gymmer.in,https://gymmer.in,shopify,True,5,1,,,339.0,499.0
gympro.tn,https://gympro.tn,shopify,True,5,1,,ashwagandha|ashwagandha root ksm 66|collagen|collagen marin|collagen marin hydrolysé|magnesium|magnesium bisglycinate|pack promo|whey concentrate|zinc,18.0,215.0
gymsets.co.uk,https://gymsets.co.uk,shopify,True,5,1,,,12.99,280.49
gymshim.com,https://gymshim.com,wix,False,0,1,,,0,0
gymxapparel.in,https://gymxapparel.in,shopify,True,5,1,,ku|ladies T-shirt|xeon|gymx|Gymx Essentials|ku|xeon|gymx|ku|tee,449.0,1399.0
haappyherbs.com,https://haappyherbs.com,shopify,True,5,1,,Discount|Gift Kit|NS,345.0,2399.0
haasvikajewellery.com,https://haasvikajewellery.com,shopify,True,5,1,,,850.0,3210.0
hacksmith.store,https://hacksmith.store,shopify,True,5,1,,Black|Book|Cards|Centimeters|Encyclopedia|spo-default|spo-disabled|spo-notify-me-disabled|Sync|exclude_rebuy,0.98,250.0
hadiyahgifting.com,https://hadiyahgifting.com,shopify,True,5,1,,Bridal Gifts|EID Gifts|eid hampers|express delivery|Gift Delivery in Jaipur|Bridal Gifts|EID Gifts|eid hampers|express delivery|Gift Delivery in Jaipur,100.0,1695.0
hahababyselect.com,https://hahababyselect.com,shopify,True,0,1,,,0,0
halofashionwear.com,https://halofashionwear.com,shopify,True,5,1,,compression wear|compressrion tshirt|Gymwear|marvel|Sleeve printed|compression wear|compressrion tshirt|Gymwear|marvel|Sleeve printed,699.0,1099.0
handicraftstown.com,https://handicraftstown.com,shopify,True,5,1,,#homedecor|#HomeInspo|#HomeStylingIdeas|#indoor|#LuxuryDecor|#homedecor|#HomeInspo|#HomeStylingIdeas|#indoor|#LuxuryDecor,3699.0,37499.0
hankyudensha-shop.com,https://hankyudensha-shop.com,shopify,True,5,1,,キッズ|ファッション・小物２|新商品|Hankyu PicTrainシリーズ|ファッション・小物２|新商品|Hankyu PicTrainシリーズ|ファッション・小物２|新商品|Hankyu PicTrainシリーズ,300.0,5390.0
hardhatelectronicspvtltd.com,https://hardhatelectronicspvtltd.com,shopify,True,5,1,,converter|Power Supply|Power Supply|controller|Pixel controllers|road|controller|Pixel controllers|wifi|controller,399.0,6800.0
hardhatwatches.com.au,https://hardhatwatches.com.au,shopify,True,5,1,,rig|rig|ip68,14.95,299.95
harvest-clothing.com.ua,https://harvest-clothing.com.ua,opencart,False,0,1,,,0,0
hashtageyewears.com,https://hashtageyewears.com,shopify,True,5,1,,2 in 1|Clip-on|Full Rim|Men & Women|Transparent|Blue|Full Rim|Large|Men & Women|New Arrivals,1349.0,6999.0
hayclothing.in,https://hayclothing.in,shopify,True,5,1,,Boat neck with keyhole|co-ords|Kurtis-size|L|label-New|Boat neck with keyhole|co-ords|Kurtis-size|L|label-New,1399.0,1699.0
healthfarmnutrition.com,https://healthfarmnutrition.com,shopify,True,5,1,,,1299.0,2749.0
heartmarket.shop,https://heartmarket.shop,shopify,True,5,1,,26ss_nanikiyo2604|casual|チャコール系|トップス|ナチュラル系|casual|サックス系|トップス|ナチュラル系|ブラック系,2990.0,7990.0
helix-watches.com,https://helix-watches.com,shopify,True,5,1,,Analog Watches|Analog Watches Women|Classic|Leather|New|40 percent|Analog Watches|Analog Watches Women|Bestseller|New,798.0,1995.0
hellokidology.in,https://hellokidology.in,shopify,True,5,1,,,699.0,1999.0
hellomoon-shop.com,https://hellomoon-shop.com,prestashop,True,0,1,,,0,0
hellosweetscandy.com,https://hellosweetscandy.com,shopify,True,5,1,,pickmix|pickmix|pickmix|pickmix|pickmix,0,0
helpinghands.jewelry,https://helpinghands.jewelry,shopify,True,5,1,,ALL PRODUCTS|Necklaces|ALL PRODUCTS|Infinity-Heart-C|Necklaces|ALL PRODUCTS|Necklaces|ALL PRODUCTS|Bracelets|printemps,749.0,1098.0
hemaskitchenfoods.com,https://hemaskitchenfoods.com,shopify,True,5,1,,,210.0,1100.0
hemp-flower.com,https://hemp-flower.com,shopify,True,5,1,,CBD Trim|CBD Trim Wholesale|Flower Trim Wholesale|Hybrid|Indica|Cheap Thca Smalls|Hybrid|Indoor Flower|Purple Wedding Cake|Purple Wedding Cake THCa,32.99,2190.0
herbalcure.com.co,https://herbalcure.com.co,shopify,True,4,1,,,799.0,999.0
herbalcure.online,https://herbalcure.online,shopify,True,5,1,,,799.0,999.0
herbalcure.shop,https://herbalcure.shop,shopify,True,5,1,,Green Tea Tablet|Weight,799.0,999.0
herbalmax.in,https://herbalmax.in,shopify,True,5,1,,Natural nutrition|best sellers|Best Sellers-1|Hair & skin|Combos|Natural nutrition,499.0,1799.0
herblix.shop,https://herblix.shop,shopify,True,5,1,,,2900.0,2900.0
herbs.com.tw,https://herbs.com.tw,woocommerce,True,0,1,,,0,0
heron-shop.com.mx,https://heron-shop.com.mx,shopify,True,5,1,,boots|Bota hombre *|botas de hombre *|botas de piel|botas hombre *|boots|Bota hombre *|botas de hombre *|botas de piel|botas hombre *,1049.0,1199.0
heydudeshoes.es,https://heydudeshoes.es,shopify,True,5,1,,Black Friday 25|BOTAS Y BOTINES|BRANSON|HOMBRE|REBAJAS|NIÑOS|REBAJAS|Black Friday 25|HOMBRE|REBAJAS,30.0,99.99
heynutrition.com,https://heynutrition.com,shopify,True,5,1,,main|main|promo_only_product|promo_only_product|main,29.99,119.94
hi5toys.in,https://hi5toys.in,shopify,True,5,1,,0-1|3-5 Years|5-7 Years|7+ Years|Amazon|0-1|3-5 Years|5-7 Years|7+ Years|Amazon,45.0,561.0
hirafragrances.com,https://hirafragrances.com,shopify,True,5,1,,,879.0,1499.0
hitotoki.store,https://hitotoki.store,shopify,True,5,1,,2026年度|4月発表|label_NEW|SET|アーティスト_いえだゆきな|2026年度|4月発表|label_NEW|SET|ストア限定,550.0,5000.0
hittersports.in,https://hittersports.in,shopify,True,5,1,,Abdo Guard|Cricket Accessories|Cricket Equipment|Cricket Guard|Hitterbat Accessories|Anti-Slip|Bat Grip|Cricket Grip|Hitterbat Accessories|PU Grip,150.0,4125.0
hmkeyewear.com,https://hmkeyewear.com,woocommerce,True,0,1,,,0,0
hmnwatch.com,https://hmnwatch.com,shopify,True,5,1,,AUDI|High Price|Latest Releases|RS|SPIN|AUDI|High Price|Latest Releases|RS|SPIN,99.0,149.0
hokosport.com,https://hokosport.com,shopify,True,5,1,,CICLISMO|DEPORTIVA|HOMBRE|internalid_M02022M|NOVEDADES|CICLISMO|DEPORTIVA|internalid_M02022M|MUJER|NOVEDADES,29.0,92.0
homedecorcompany.in,https://homedecorcompany.in,shopify,True,5,1,,1 watt|10 watt|12 watt|2 way|3 watt|1 watt|10 watt|12 watt|2 way|3 watt,2299.0,2499.0
homegame-tokyo.com,https://homegame-tokyo.com,shopify,True,5,1,,59FIFTY|Anaheim Angels|CHROME|Chrome White|NEW ARRIVALS|59FIFTY|Arizona Diamondbacks|NEW ARRIVALS|NEW ERA|PURPLE,7480.0,7480.0
homelyfeelgardens.com,https://homelyfeelgardens.com,shopify,True,5,1,,,69.0,450.0
homestores18india.in,https://homestores18india.in,shopify,True,5,1,,Earbuds|HEADPHONE|headphones|special-offer|kwikcart-freebie|kwikcart-freebie,10.0,6000.0
hoopshoes.net,https://hoopshoes.net,woocommerce,True,0,1,,,0,0
hotgadget.in,https://hotgadget.in,shopify,True,5,1,,Michael Kors|Tissot|Tissot|Tissot,1299.0,1799.0
houseofbeautyindia.com,https://houseofbeautyindia.com,shopify,True,5,1,,,1200.0,40000.0
houseofmakeup.com,https://houseofmakeup.com,shopify,True,5,1,,highlighter|no-shade|highlighter|Rakhi Kits|face-anything|no cod|no prepaid,449.0,1099.0
houseofvapesindia.com,https://houseofvapesindia.com,woocommerce,True,0,1,,,0,0
hubenairguns.shop,https://hubenairguns.shop,shopify,True,5,1,,AIRGUN K1|AIRGUNS|ALL K1|CAL .30 (7.62MM)|K1|AIRGUN K1|AIRGUNS|ALL K1|Calibre .30 (7.62 mm)|K1,1159.2,3299.0
humperia.shop,https://humperia.shop,woocommerce,True,0,1,,,0,0
hunterboots.co.jp,https://hunterboots.co.jp,shopify,True,5,1,,__label: 耐水仕様|SS26新作|シューズ|スリッポン|フラットシューズ|__label: New|SS26新作|アパレル|ジャケット|レディース,23100.0,35200.0
husainfragrance.co.za,https://husainfragrance.co.za,shopify,True,5,1,,new|new|new|new|new,125.0,1350.0
hyerboots.com,https://hyerboots.com,shopify,True,5,1,,290|boots|mensboots|new arrival|290|boots|mensboots|new arrival|rubber sole|hat,30.0,290.0
hypd.shop,https://hypd.shop,shopify,True,5,1,,Adil Quadri|ship@50|Adil Quadri|ship@50|Adil Quadri|ship@50|Adil Quadri|ship@50|Adil Quadri|ship@50,629.0,1259.0
hypeclothingstore.com,https://hypeclothingstore.com,shopify,True,5,1,,April 2026 - Junior Club Fall Into FUn|FOOTWEAR|Kid's|Kid's Sandal Size Guide|sandal|April 2026 - Junior Club Fall Into FUn|FOOTWEAR|Kid's|Kid's Sandal Size Guide|sandal,59.9,149.9
hypeshop.jp,https://hypeshop.jp,shopify,True,5,1,,PCBA|PCBA|PCBA|キーキャップ|キーボードケーブル,7000.0,23850.0
i-bloom.shop,https://i-bloom.shop,shopify,True,5,1,,character|food|クジ|character|newitems|character|newitems|character|newitems|character,400.0,2400.0
idealistcoffee.com,https://idealistcoffee.com,magento,True,0,1,,,0,0
idee-eyewear.com,https://idee-eyewear.com,shopify,True,5,1,,Frames|Full Rim|Jan'26|Medium|Medium Frames|Cat Eye Frames|Frames|Full Rim|Jan'26|Medium,2970.0,3940.0
iffcourbangardens.com,https://iffcourbangardens.com,shopify,True,5,1,,,199.0,1099.0
igeia.shop,https://igeia.shop,shopify,True,5,1,,Clouds|Novità|Secret Friday|shoptok|Top|Clouds|Novità|Secret Friday|shoptok|Clouds,33.0,39.95
iguanasports.com.br,https://iguanasports.com.br,shopify,True,5,1,,Inscrições|Inscrições|Inscrições|Inscrições|Inscrições,399.8,439.8
illegear.com,https://illegear.com,prestashop,False,0,1,,,0,0
impetuswear.com,https://impetuswear.com,shopify,True,5,1,,COLECCAO|MAN|COLECCAO|MAN|COLECCAO|MAN|COLECCAO|MAN|COLECCAO|MAN,64.95,72.5
importaudiochile.cl,https://importaudiochile.cl,shopify,True,5,1,,Audio Pro|Audio Pro Mixer & Mesas de Sonido|Audio Pro Mixer & Mesas de Sonido Mixer Sin Power|Mixer|Nuevo|Audio Pro|Audio Pro Mixer & Mesas de Sonido|Audio Pro Mixer & Mesas de Sonido Mixer Sin Power|Mixer|Nuevo,322990.0,4325990.0
impulsecoffees.com,https://impulsecoffees.com,shopify,True,5,1,,bundle|coffees|limited edition|bundle|coffees|limited edition|bundle|coffees|limited edition|bundle,988.0,1835.0
imwholesale.pk,https://imwholesale.pk,shopify,True,5,1,,,359.0,1699.0
indianbookstore.co.in,https://indianbookstore.co.in,woocommerce,False,0,1,,,0,0
indiansnackhouse.com,https://indiansnackhouse.com,shopify,True,5,1,,Fly Bundles|Fly Bundles|Fly Bundles|Fly Bundles,65.0,599.0
infusiocoffee.com,https://infusiocoffee.com,shopify,True,5,1,,InfuSio|K-Cup|Single Flavors,19.99,36.99
intersport.re,https://intersport.re,shopify,True,5,1,,habillement|homme|plage|sports_d_eau___plage|textile|multisport|op_lifestyle|short_bermuda|short_bermuda_sport_homme|textile,7.99,44.99
intifashions.com,https://intifashions.com,shopify,True,5,1,,,999.0,2266.0
intimatefashions.pk,https://intimatefashions.pk,shopify,True,5,1,,32|34|36|38|40|Brief|Extra Large|IFG|Large|Medium,2250.0,3750.0
iplaygame91.com,https://iplaygame91.com,magento,True,0,1,,,0,0
iqorganicsolution.pk,https://iqorganicsolution.pk,shopify,True,5,1,,All bundle|For Discount Code|Eid Spa Bundle|Shop All|Eid Spa Bundle|Shop All|Eid Spa Bundle|Shop All|Eid Spa Bundle|Shop All,2050.0,13520.0
isseykmakeup.com,https://isseykmakeup.com,shopify,True,5,1,,Yessi|Vane,125.0,630.0
itaybrands.co.il,https://itaybrands.co.il,shopify,True,5,1,,31032026|I12545|no_finalsale|shop_new|shop_new_w|31032026|I12545|no_finalsale|shop_new|shop_new_w,160.0,180.0
itelhome.shop,https://itelhome.shop,shopify,True,5,1,,itelhome|new arrival|Pickup Only|itelhome|itelhome|new arrival|Pickup Only|itelhome|Pickup and Delivery|delivery only,17000.0,385000.0
ivbwellness.com,https://ivbwellness.com,shopify,True,5,1,,tax:10|embarazo|ferti up|fertilidad|inositol|zinc|tax:10|lactancia|tax:10,25.9,38.9
iyarkai.shop,https://iyarkai.shop,shopify,True,5,1,,#bestneemcomb,150.0,500.0
izelapparel.com,https://izelapparel.com,shopify,True,5,1,,mahveen-26|summer-unstitch|mahveen-26|summer-unstitch|mahveen-26|summer-unstitch|mahveen-26|summer-unstitch|mahveen-26|summer-unstitch,11990.0,11990.0
jagatpharma.com,https://jagatpharma.com,shopify,True,5,1,,Eye Care|free-shipping,399.0,999.0
jaihindnursery.in,https://jaihindnursery.in,shopify,True,5,1,,,200.0,380.0
japanesecrafts.com,https://japanesecrafts.com,shopify,True,5,1,,山形鋳物,19800.0,143000.0
jaydswimwear.com,https://jaydswimwear.com,shopify,True,5,1,,bis-hidden|Carbon|Carbon | Neon Orange|preorder-march|Zambia|bis-hidden|cancun|Cancun | Rave|preorder-march|Zambia,12.0,90.0
jdsports.com.ph,https://jdsports.com.ph,shopify,True,5,1,,Brands|Footwear|Grey|group: PUMAHSTREETWOMENS|JDSportsPH|Brands|Brown|Footwear|group: PUMAHSTREETWOMENS|JDSportsPH,5500.0,5500.0
jelly-beans-premium.com,https://jelly-beans-premium.com,shopify,True,5,1,,20251103|ur-favorite|その他（お菓子）|カテゴリ|軽減税率|20251103|ur-favorite|その他（お菓子）|カテゴリ|軽減税率,2500.0,4000.0
jewelgarden.jp,https://jewelgarden.jp,shopify,True,5,1,,_box:estelle01|_ストーン :ダイヤモンド|_素材:プラチナ|CUKE|ESTELLE|_box:estelle01|_ストーン :ダイヤモンド|_素材:K18|_素材:ピンクゴールド|CUKE,49500.0,165000.0
jewellerybyaura.com,https://jewellerybyaura.com,squarespace,True,0,1,,,0,0
jewellerykhazana.com,https://jewellerykhazana.com,shopify,True,5,1,,Amralata|Lahari|Gajolata|pendant|Bangles|Indrani|pendant|sourabhi,2650.0,5700.0
jewelry-win.com,https://jewelry-win.com,shopify,True,5,1,,パイプロープ|出品待ち|金|コイン|出品待ち|金|10g〜19g|55cm|6面カット|金,122300.0,671300.0
joe-store.com,https://joe-store.com,shopify,True,5,1,,MANLYTSHIRT13|MANLYTSHIRT12|MANLYTSHIRT5|MANLYTSHIRT3,4.95,88.99
jonakhk.shop,https://jonakhk.shop,woocommerce,True,0,1,,,0,0
jrnclothing.com,https://jrnclothing.com,woocommerce,True,0,1,,,0,0
juegosdigitalesgamerlab.com,https://juegosdigitalesgamerlab.com,shopify,True,5,1,,,2.0,30.0
juliediamondfitness.com,https://juliediamondfitness.com,squarespace,False,0,1,,,0,0
just-vapes.com,https://just-vapes.com,woocommerce,True,0,1,,,0,0
kabbanifurniture.com,https://kabbanifurniture.com,shopify,True,5,1,,furniture|home furniture|import_2019_08_07_192328|joined-description-fields|MDF|Brown|discount furniture|discount furniture store|home furniture|less than 10000,2990.0,18990.0
kalawatches.com,https://kalawatches.com,woocommerce,True,0,1,,,0,0
kanaduya.shop,https://kanaduya.shop,shopify,True,5,1,,予約商品|作業用品|脚立|長谷川工業|限定商品|アクセサリー|ニックス|電工バケツ|CONVERSE|作業用品,3190.0,53000.0
kangerwholesaleusa.com,https://kangerwholesaleusa.com,bigcommerce,False,0,1,,,0,0
karachibookshop.com,https://karachibookshop.com,shopify,True,5,1,,Deals|books|new|urdu|Deals|urdu|Deals|urdu,295.0,2599.0
karachibrandedcollection.com,https://karachibrandedcollection.com,shopify,True,5,1,,#Khaadi|#KhaadiSS25|Gents Fabric|#3PieceLawn #PrintedLawn|#3PieceSuit|#Beechtree|#BeechtreeLawn|#BeechtreeLove|FittedBedsheet|FittedMattressCover,1700.0,2400.0
kasheesjewellery.com,https://kasheesjewellery.com,shopify,True,5,1,,Deal Set|Deal Set,4593.75,9700.0
kastoor.shop,https://kastoor.shop,shopify,True,5,1,,2026|All Products|Festives|Gilded Festive|New Arrivals|2026|All Products|Festives|Gilded Festive|New Arrivals,16400.0,17500.0
katjewelry.vn,https://katjewelry.vn,shopify,True,5,1,,,290000.0,890000.0
kayandquekids.com,https://kayandquekids.com,shopify,True,5,1,,,249.0,299.0
kaybeauty.com,https://kaybeauty.com,shopify,True,5,1,,_Must-Try New Launch|Face|Fly Bundles|Foundation|Individual|Individual|Nail Enamel|Nail Lacquer|Glitter Pastel|Individual,209.0,1199.0
keerthifashionstore.com,https://keerthifashionstore.com,shopify,True,5,1,,,899.0,950.0
kellycollinswellness.com,https://kellycollinswellness.com,squarespace,False,0,1,,,0,0
kenazperfumes.com,https://kenazperfumes.com,shopify,True,5,1,,flexi-box|product-hide|skip-collection,499.0,1299.0
kenelestore.jp,https://kenelestore.jp,shopify,True,5,1,,GC|mcate__動物|mcatem__7月発売|mseries__ケンエレ直営限定|mtype__フロッキー|viartist__KOTOKO|vicate__Tシャツ|viartist__KOTOKO|vicate__クリアファイル|viartist__KOTOKO,880.0,46200.0
keralaspicesonline.com,https://keralaspicesonline.com,woocommerce,True,0,1,,,0,0
key4dcls.shop,https://key4dcls.shop,bigcommerce,True,0,1,,,0,0
kida-clinic.jp,https://kida-clinic.jp,woocommerce,False,0,1,,,0,0
kiddo.gr,https://kiddo.gr,magento,False,0,1,,,0,0
kiddocare.my,https://kiddocare.my,woocommerce,False,0,1,,,0,0
kidsmania.pk,https://kidsmania.pk,shopify,True,5,1,,2Y To 3Y|3Y To 4Y|4Y To 5Y|5Y To 6Y|6Y To 7Y|1Y To 2Y|2Y To 3Y|3Y To 4Y|4Y To 5Y|5Y To 6Y,499.0,1499.0
kidspark.co.in,https://kidspark.co.in,shopify,True,5,1,,Backpack | Multipurpose Bags|bag pack|NewIn|Smiggle|Backpack | Multipurpose Bags|bag pack|NewIn|Smiggle|NewIn|NewIn,799.0,1999.0
kidsplus.co.il,https://kidsplus.co.il,woocommerce,True,0,1,,,0,0
kikocosmetics.pk,https://kikocosmetics.pk,shopify,True,5,1,,all products shopify|BRONZERS|Face|FACE MAKEUP|face makeup new|Threads of Time Kit|EYE MAKEUP|eye makeup new|Threads of Time Kit|Threads of Time Kit,13410.0,23850.0
kimeo-shop.com,https://kimeo-shop.com,shopify,True,5,1,,,14.9,49.9
kimirica.shop,https://kimirica.shop,shopify,True,5,1,,Body Lotion|not-searchable|Silicone-free Body Lotion|skin care|Sulphate free Body Care|online|pos|Aloe Vera|Amla|Betaine,449.0,800.0
kinapparel.org,https://kinapparel.org,shopify,True,5,1,,Final Sale|Pillowcase|YCRF_[Set]|YCRF_[Set]|pickystory,22.4,69.99
kirobeauty.com,https://kirobeauty.com,shopify,True,5,1,,,1462.0,2137.0
kitchencenter.pe,https://kitchencenter.pe,shopify,True,5,1,,accesorios_kamado|cat_Parrillas|migrated|parrillas|simple-cook|badge_EXCLUSIVO WEB_#000000|braun|cat_Minidomesticos|Licuadoras|licuadoras|marcas,279.0,599.0
kitchenmart.co.in,https://kitchenmart.co.in,shopify,True,5,1,,Beyond|Brand.Beyond|Burners.4 Burners|Glass Top Gas Stove|ISI GlassTop Gas Stove|Brand.Panasonic|Capacity.4.2 Litres|Electric Rice Cooker|Panasonic|Rice cooker,3450.0,18399.0
kitchenmax.mx,https://kitchenmax.mx,shopify,True,5,1,,no_blend|PEPE- MARCAS PREMIUM TRUE -2025|precio_de_110a150|Refrigeración|Refrigeradores|no_blend|PEPE- MARCAS PREMIUM TRUE -2025|precio_de_110a150|Refrigeración|Refrigeradores,138848.52,231575.44
kitchentools.ro,https://kitchentools.ro,shopify,True,5,1,,Blendere|Electrocasnice|Blendere|Electrocasnice|Menaj|Tacamuri|Menaj|Tacamuri|Menaj|Tacamuri,25.0,220.0
kleanbeauty.co,https://kleanbeauty.co,shopify,True,5,1,,bundles|Dry Sensitive Skin|shop|Dry Sensitive Skin|shop|Solo|bundles|Dry Sensitive Skin|shop|bundles,1499.0,4633.0
kmerphone.com,https://kmerphone.com,shopify,True,5,1,,Promo|Promo,55000.0,135000.0
kofrabeauty.com,https://kofrabeauty.com,shopify,True,5,1,,cuidado facial|pink flash|promo-ultimahora|skincare|cuidado facial|focallure|promo-ultimahora|skincare|lip tint|makeup,2500.0,26250.0
kongclothingstore.com,https://kongclothingstore.com,woocommerce,True,0,1,,,0,0
konnybaby.jp,https://konnybaby.jp,shopify,True,5,1,,260331-summer|26Summer|babyclothing|inventory_tracking|クーポン対象|260331-summer|26Summer|_tab_5-payment-and-shipping|_tab_6-return-exchange|_tab_7-notice,1280.0,4980.0
koreacosmeticsbn.com,https://koreacosmeticsbn.com,shopify,True,5,1,,,3.8,30.0
korean-skincare.fr,https://korean-skincare.fr,shopify,True,5,1,,New|Serums|Treatments|New|Serums|Treatments|Face Creams|Moisturizers|New|Exfoliating Toners,14.41,23.95
koreanskincare.pt,https://koreanskincare.pt,shopify,True,5,1,,New|Serums|Treatments|New|Serums|Treatments|Face Creams|Moisturizers|New|Exfoliating Toners,14.41,23.95
kruciblekitchen.com,https://kruciblekitchen.com,shopify,True,5,1,,BBQ|campfire|Cast Iron|Cast iron Cookware|cast iron sizzler|best cookware|Cast Iron|Cast iron Cookware|cast iron sizzler|Grill Pan,2700.0,7500.0
kruthikajewellery.com,https://kruthikajewellery.com,shopify,True,5,1,,,920.0,3280.0
ktv-1-bet.store,https://ktv-1-bet.store,wix,False,0,1,,,0,0
kuboteka.shop,https://kuboteka.shop,opencart,False,0,1,,,0,0
kyocera-kitchen.com,https://kyocera-kitchen.com,shopify,True,5,1,,criteo-exclude|おろし器|キッチン小物|ファインキッチン|商品No.AKD00336|criteo-exclude|キッチン小物|スライサー|ファインキッチン|商品No.ADC00335,330.0,440.0
l-co-shop.jp,https://l-co-shop.jp,shopify,True,5,1,,4月誕生石|K18|L&Co.|ダイヤモンド|リング|4月誕生石|K18|L&Co.|ダイヤモンド|ネックレス,30800.0,110000.0
l-herboriste.com,https://l-herboriste.com,woocommerce,False,0,1,,,0,0
labnutrition.com,https://labnutrition.com,shopify,True,5,1,,Accesorios|accesorios deportivos|cyberaccesorios|gorra|Accesorios|accesorios deportivos|cyberaccesorios,70.0,349.0
labodegahyc.store,https://labodegahyc.store,shopify,True,0,1,,,0,0
labradanutrition.in,https://labradanutrition.in,shopify,True,5,1,,combo-product|Bfcm|combo-product|L-carnitine collection,350.0,3500.0
labutown.shop,https://labutown.shop,woocommerce,True,0,1,,,0,0
ladiescloset.store,https://ladiescloset.store,shopify,True,5,1,,3pc|embroidered|3pc|embroidered|3pc|embroidered|3pc|embroidered,3490.0,4980.0
ladyhouse.store,https://ladyhouse.store,woocommerce,True,0,1,,,0,0
lalschocolates.com,https://lalschocolates.com,shopify,True,5,1,,02-04-2026|All-Products|Because|Cakes|Celebrations|All-Products|favourites-gifts|Gift-Hampers|Gifts|Occassions,2600.0,21800.0
lastchancetoy.com,https://lastchancetoy.com,shopify,True,5,1,,2026年4月2日|2026年4月2日|2026年4月2日|2026年4月2日|2026年4月2日,100.0,2000.0
lavieluxury.in,https://lavieluxury.in,shopify,True,5,1,,100 ML|100 ML|100 ML|100 ML|100 ML,999.0,999.0
layers.shop,https://layers.shop,shopify,True,5,1,,anarc|Arcs|Strap|anarc|Arcs|Strap|hideProduct|kwikcart-freebie|anarc|Arc,999.0,6200.0
lc88-game.bio,https://lc88-game.bio,wix,False,0,1,,,0,0
lcbeautycolombia.com,https://lcbeautycolombia.com,shopify,True,5,1,,4yuep1|202508p1|202511P1|202602P1|202602P1,449.0,10899.0
lcicosmetics.com,https://lcicosmetics.com,shopify,True,5,1,,BOOM|BSTOCK|I Semipermanenti|I Semipermanenti. I Semipermanenti: GLITTER|I Semipermanenti. I Semipermanenti: Smalti Semipermanenti LCI|BOOM|BSTOCK|I Semipermanenti|I Semipermanenti. I Semipermanenti: PURE|I Semipermanenti. I Semipermanenti: Smalti Semipermanenti LCI,6.99,7.99
le-couteau.com,https://le-couteau.com,prestashop,True,0,1,,,0,0
leaf-cosmetics.com,https://leaf-cosmetics.com,shopify,True,5,1,,,24.9,189.9
leauvivewebshop.nl,https://leauvivewebshop.nl,shopify,True,5,1,,BROEKEN & JEANS|NIEUW|SETS & JUMPSUITS|TOPS & T-SHIRTS|JASSEN & BLAZERS|NIEUW|BROEKEN & JEANS|NIEUW|NIEUW|TOPS & T-SHIRTS,34.95,54.95
legendoftoys.com,https://legendoftoys.com,shopify,True,5,1,,McCloud,199.0,1601.0
leshop.pk,https://leshop.pk,shopify,True,5,1,,status_push,1999.0,2499.0
letslighting.it,https://letslighting.it,shopify,True,5,1,,All collection|All collections|All Lighting|All Rooms|art deco ceiling light|$100-$200|10/2024 Arrivals|Acrylic ceiling lamp|Acrylic ceiling light|All Close to Ceiling Lights,155.0,915.0
libidorexpremium.com,https://libidorexpremium.com,woocommerce,True,0,1,,,0,0
lifestylefurniture.co.nz,https://lifestylefurniture.co.nz,shopify,True,5,1,,__label:Easter-Sale|DRESSERS|google shopping|__label:Easter-Sale|CORNER SUITES|google shopping|LOUNGE SUITES|__label:Easter-Sale|CORNER SUITES|google shopping,149.0,1349.0
lightingdirect.co.nz,https://lightingdirect.co.nz,bigcommerce,False,0,1,,,0,0
likemoon.shop,https://likemoon.shop,shopify,True,5,1,,hair-care|hair-cream|hair-mask|hair-styling|likemoon-offers|Gift-Cards|Gift-Cards,47.86,3000.0
lilyandmeclothing.com,https://lilyandmeclothing.com,shopify,True,5,1,,Clothing|Colour Group: Brown|Colour: Mocha|Dresses|Dresses With Pockets|Clothing|Colour Group: Navy|Colour: Navy|Dresses|Dresses With Pockets,6.0,75.0
limans.shop,https://limans.shop,opencart,True,0,1,,,0,0
liogames.com,https://liogames.com,woocommerce,True,0,1,,,0,0
locomotivepartssupply.com,https://locomotivepartssupply.com,shopify,True,5,1,,Bells & Horns|Listing site - US|Used|Whistles|Bells & Horns|Listing site - US|Used|Whistles|Bells & Horns|Listing site - US,19.95,1749.95
lofloristsupplies.com,https://lofloristsupplies.com,bigcommerce,True,0,1,,,0,0
logitechstore.com.co,https://logitechstore.com.co,shopify,True,5,1,,939-002217|Accesorios para PC Gaming|Audífonos|Consolas y Videojuegos|Logitech|941-000111|Accesorios para PC Gaming|Computación|Controles para Gamers|Logitech,1359900.0,1859900.0
lojazayon.shop,https://lojazayon.shop,shopify,True,5,1,,detector de objetos ocultos|melhor oculos bloqueador de luz azul|melhores oculos anti luz azul|oculos anti azul|oculos anti azul funciona|birken|Birken Maibulun|medidas1|papete|sandalia masculina,137.9,249.9
londonbeauty.hu,https://londonbeauty.hu,shopify,True,5,1,,pro|pro|akciós|pro|pro|pro,990.0,26990.0
lottosport.in,https://lottosport.in,shopify,True,5,1,,Black|Flat|Footwear|Kids|Lace-Up|Flat|Footwear|Kids|Lace-Up|master,2099.0,2999.0
lotusfashions.in,https://lotusfashions.in,shopify,True,5,1,,Lounge wear|size-2xl|size-3xl|size-l|size-m|Maternity Wear|size-2xl|size-l|size-m|size-s,395.0,449.0
lovebrands.hu,https://lovebrands.hu,opencart,False,0,1,,,0,0
lovecraftgift.com,https://lovecraftgift.com,shopify,True,5,1,,200off|In a Frame|price & offer|200off|In a Frame|price & offer|200off|In a Frame|price & offer|200off,779.0,979.0
lovingcrafts.in,https://lovingcrafts.in,shopify,True,5,1,,album|Anniversary|anniversary album|anniversary gift|anniversary gifts|3d Miniature|best-seller|Birthday|Birthday Frame|birthday gift,300.0,3099.0
lucirajewelry.com,https://lucirajewelry.com,shopify,True,5,1,,14KT|18KT|Casual Rings|Comfort|Diamond rings|14KT|18KT|Casual Rings|Comfort|Diamond rings,23366.0,80237.0
luckykiddo.si,https://luckykiddo.si,shopify,True,5,1,,D50|December-30|FASHIONCOLLECTION|Jan-30|Kratke majice,8.39,21.69
luffytoys.cl,https://luffytoys.cl,shopify,True,5,1,,Sobre $100.000|Bandai|Bandai Hobby|Black 40|Cyber Monday 2025|Digimon|$10.000 - $19.990|Bandai Hobby|Cyber Day 40|Cyber Monday 2025,11992.0,599990.0
luxuryfashioncoco.com,https://luxuryfashioncoco.com,woocommerce,True,0,1,,,0,0
lysports.com,https://lysports.com,woocommerce,True,0,1,,,0,0
m-martin.fr,https://m-martin.fr,shopify,True,5,1,,cadeau,0.9,49.9
madofficialstore.shop,https://madofficialstore.shop,shopify,True,5,1,,summer tracksuit|summer tracksuit|summer tracksuit|summer tracksuit|summer tracksuit,2490.0,3990.0
maenwatches.com,https://maenwatches.com,shopify,True,5,1,,,39.0,1123.75
magnacosmetics.co,https://magnacosmetics.co,woocommerce,True,0,1,,,0,0
mahifashions.com,https://mahifashions.com,woocommerce,True,0,1,,,0,0
maisonpetiteandbold.com,https://maisonpetiteandbold.com,bigcommerce,True,0,1,,,0,0
mallewear.com,https://mallewear.com,shopify,True,5,1,,5% Tax|accessories|Socks|SS25OC109|accessories|Socks|SS25OC110|accessories|Socks|SS25OC108,349.0,349.0
mamymarket.com,https://mamymarket.com,shopify,True,5,1,,Bras|Brasieres|Health & Beauty|Trainer Vest|Vest|Health & Beauty|Health & Beauty|Household,19.99,46.99
manamchocolate.com,https://manamchocolate.com,shopify,True,5,1,,Hyderabad Workshop|easter|Hyderabad Workshop|World Chocolate Day|Delhi Workshop|easter|World Chocolate Day,100.0,2500.0
mardomdecor.com,https://mardomdecor.com,woocommerce,False,0,1,,,0,0
marketfuse.store,https://marketfuse.store,shopify,True,5,1,,,899.0,899.0
martclothing.com,https://martclothing.com,shopify,True,5,1,,4262267|4262267|4262270|4262270|4262271,109.0,129.0
martexgrup.com.ua,https://martexgrup.com.ua,woocommerce,False,0,1,,,0,0
marthalondon.com,https://marthalondon.com,shopify,True,5,1,,7-stock|W-Casual|W-Maxi|4-stock|W-Autumn|W-Sweaters|5-stock|W-Lounge|4-stock|W-Lounge,32.99,54.99
marticollection.pt,https://marticollection.pt,shopify,True,5,1,,bf-2025-15|drop-021025|fw25|ny_collection|SETS | TOTAL LOOK|_label:New|dresses|drop-210625|party_collection|Blouse | Shirt,32.5,89.9
martinecosmetics.com,https://martinecosmetics.com,shopify,True,5,1,,badge2_NEW|badge2_-50%|fonds de tiroir|badge2_-50%|fonds de tiroir|badge2_-50%|fonds de tiroir|badge2_-50%|fonds de tiroir,9.95,29.95
martinhome.gr,https://martinhome.gr,woocommerce,True,0,1,,,0,0
martiso.com,https://martiso.com,shopify,True,5,1,,cleaner brush|cleaning eraser|cleaning foam|cleaning kitchen sponge|cleaning materials|beauty products|body care products|callus remover|callus remover for feet|care skin care,699.0,899.0
martynotechnika.lt,https://martynotechnika.lt,opencart,False,0,1,,,0,0
maryjames-jewelry.com,https://maryjames-jewelry.com,shopify,True,5,1,,pearls|pearls|pearls|pearls|pearls,49.0,82.0
masarratmakeup.com,https://masarratmakeup.com,shopify,True,5,1,,bundle|lips|Spring Sale|bundle|lips|Spring Sale|lips|shop|sign lip liner|lips,1099.0,3567.0
maskmantoys.com,https://maskmantoys.com,shopify,True,5,1,,10km range drone|130 drone|4k drone|600 drone|8k drone|Camera fighter plane|Camera rc plane|Fighter jet|Fighter plane|Holi fighter het,1450.0,9900.0
matekitchen.com,https://matekitchen.com,woocommerce,False,0,1,,,0,0
maxifashion.bg,https://maxifashion.bg,shopify,True,5,1,,MagicNew|MagicNew23|MagicPantaloni|mcspring|novinki|MagicNew|MagicNew23|MagicPantaloni|novinki|MagicNew,24.99,59.99
maximawatches.com,https://maximawatches.com,shopify,True,5,1,,best smart watches|Buy Smart Watch|Buy Smart Watch Online|Buy Smart Watch Online at Best Prices|Buy Smartwatches Online in India at Best Prices|best smart watches|Buy Smart Watch|Buy Smart Watch Online|Buy Smart Watch Online at Best Prices|Buy Smartwatches Online in India at Best Prices,1799.0,8499.0
maxxsport.com.vn,https://maxxsport.com.vn,shopify,True,5,1,,Tập luyện|Training|SS26-3/2026|2026|New|Quần vợt|Tennis|Pickleball|SS26-3/2026|2026,900000.0,2200000.0
maxzoneclothing.com,https://maxzoneclothing.com,shopify,True,5,1,,Shorts,629.0,974.0
maycosmetics.nl,https://maycosmetics.nl,shopify,True,5,1,,bogos-gift,39.95,39.95
mayukitchen.com,https://mayukitchen.com,woocommerce,False,0,1,,,0,0
mcsgearup.com,https://mcsgearup.com,bigcommerce,False,0,1,,,0,0
mdlmake.shop,https://mdlmake.shop,shopify,True,5,1,,,100.0,350000.0
meerasplussizestore.com,https://meerasplussizestore.com,shopify,True,5,1,,Color_Mint Green|Fabric_Mul Chanderi|plus-size-clothing|plus-size-dresses|Price_?5000 - ?10000|AnarkaliSetFestive|AnarkaliSetSummer|Color_Green|Customised_Anarkali|Engagement_Anarkali,7950.0,14390.0
megagym.com.br,https://megagym.com.br,shopify,True,5,1,,100-500|equipamentos|equipamentos firnes|Mais Vendido|Mais vendidos|BIKE|condicionamento|equipamentos|equipamentos firnes|Importado,120.0,28766.67
megahomemarket.com,https://megahomemarket.com,woocommerce,True,0,1,,,0,0
megapaca.shop,https://megapaca.shop,shopify,True,5,1,,28/03/2026|328354|kimberly|Niño|NiñoDePacaBolsa|28/03/2026|328470|accesorio para cama|accesorio para cuarto|accesorio varios,250.0,300.0
megapaca.store,https://megapaca.store,shopify,True,5,1,,07/03/2026|327509|accesorio para camara|Accesorios para camara|camara|07/03/2026|327509|accesorio para camara|Accesorios para camara|camara,61.2,1702.55
megaproteinstore.gr,https://megaproteinstore.gr,opencart,True,0,1,,,0,0
melano-jewelry.com,https://melano-jewelry.com,shopify,True,5,1,,Goudkleurig|Melano|On Sale|Ringen|Rosékleurig|Globe|Melano|On Sale|Steentjes|Goudkleurig,5.0,172.0
melanopharma.store,https://melanopharma.store,shopify,True,5,1,,,72.5,290.0
melodyshoes.co.il,https://melodyshoes.co.il,woocommerce,False,0,1,,,0,0
melopetandgarden.com,https://melopetandgarden.com,shopify,True,5,1,,Fajas|salud-gato|salud-perro|Fajas|salud-gato|salud-perro|Fajas|salud-gato|salud-perro|Fajas,39.5,128.57
meltyfondue.shop,https://meltyfondue.shop,shopify,True,5,1,,ガーリー|トップス|ナチュラル|フレンチ|フレンチガーリー|new|シャツ|トップス|ピンク|フリル,6990.0,7490.0
mendozasport.com,https://mendozasport.com,magento,True,0,1,,,0,0
mens-wear.dk,https://mens-wear.dk,magento,True,0,1,,,0,0
meridianwatches.in,https://meridianwatches.in,shopify,True,5,1,,,3499.0,3699.0
merodacosmetics.eu,https://merodacosmetics.eu,shopify,True,5,1,,badge:new|bundle|badge:new|free|single|sample,22.95,74.06
metrocollectionshoes.com,https://metrocollectionshoes.com,shopify,True,5,1,,,5999.0,7499.0
mi-shop.kg,https://mi-shop.kg,woocommerce,False,0,1,,,0,0
mi-store.si,https://mi-store.si,shopify,True,5,1,,_badge_NOVO|_longtail_elkotex|_novo|Product type_Mobilni telefoni|_longtail_vama|Product type_Mobilni telefoni|_badge_NOVO|_longtail_elkotex|_novo|Product type_Mobilni telefoni,159.0,899.0
mi-store.uz,https://mi-store.uz,woocommerce,True,0,1,,,0,0
miaceiteadomicilio.com,https://miaceiteadomicilio.com,woocommerce,True,0,1,,,0,0
midwestfragranceco.com,https://midwestfragranceco.com,shopify,True,5,1,,Bakery|bundle|Clean|Feminine|Floral|Bakery|bundle|Clean|Feminine|Floral,25.69,154.79
millennium-chocolate.com,https://millennium-chocolate.com,shopify,True,5,1,,ERP_ID:305803012,64.0,1641.0
milletmaniaorganic.com,https://milletmaniaorganic.com,shopify,True,5,1,,Sweetener,49.0,875.0
mindcoco.shop,https://mindcoco.shop,shopify,True,5,1,,ADHD accessories|Funny Inner Voice Pin|Humorous Accessories|Sarcastic humor pin|ADHD accessories|Funny Inner Voice Pin|Humorous Accessories|Sarcastic humor pin|ADHD essentials|attention deficit humor,1.49,5.99
mintteanovel.com,https://mintteanovel.com,woocommerce,False,0,1,,,0,0
mirabellecosmetics.in,https://mirabellecosmetics.in,shopify,True,5,1,,,1784.0,4517.0
miriyam.store,https://miriyam.store,shopify,True,5,1,,,2850.0,3300.0
missblissperfumes.com,https://missblissperfumes.com,shopify,True,5,1,,bestseller|gift-set|Day To Evening Wear|Duos|Day To Evening Wear|Duos,349.0,996.0
mitiendietapaisa.shop,https://mitiendietapaisa.shop,shopify,True,5,1,,,59900.0,79900.0
mixsextoy.com,https://mixsextoy.com,opencart,True,0,1,,,0,0
mm2.shop,https://mm2.shop,shopify,True,5,1,,Knife|Knife|Gun|Gun|Knife,8.99,218.49
mmwear.in,https://mmwear.in,shopify,True,5,1,,,699.0,1799.0
mob-shop.rs,https://mob-shop.rs,woocommerce,True,0,1,,,0,0
mobilegoo.shop,https://mobilegoo.shop,shopify,True,5,1,,25001-50000|mobilegoo|refurbished|two_phones|Under-30000|10001-15000|globo-product-options|import_2022_11_21_171209|joined-description-fields|mobile,12099.0,76999.0
mobilestore.ec,https://mobilestore.ec,woocommerce,True,0,1,,,0,0
moderngifts.in,https://moderngifts.in,shopify,True,5,1,,A thoughtful gift for anniversaries|birthday hamper|love hamper|GST 5|Compact mini storage cylinder design|keychain with small storage container|portable mini container keychain|unique keychain gift|GST 5,99.0,2490.0
modo.store,https://modo.store,shopify,True,0,1,,,0,0
monatelier-jewelry.com,https://monatelier-jewelry.com,shopify,True,5,1,,coming_soon|K10|yg|ピアス|地金|coming_soon|K10|yg|ピアス|地金,29700.0,82500.0
montoccosmetictools.com,https://montoccosmetictools.com,shopify,True,5,1,,hotsale2026|hotsale2026|hotsale2026|hotsale2026|hotsale2026,5000.0,14000.0
monusfashions.com,https://monusfashions.com,woocommerce,True,0,1,,,0,0
moonbaby.pt,https://moonbaby.pt,shopify,True,5,1,,novidade|novidade|Outono/Inverno 2025|Primavera/Verão 2025|Primavera/Verão 2025|novidade,14.99,54.99
mophones.co,https://mophones.co,shopify,True,5,1,,jubilee agents|jubilee agents|jubilee agents|jubilee agents|jubilee agents,3099.0,52699.0
morevalue.shop,https://morevalue.shop,shopify,True,5,1,,ALLITEMS|BABY|w22|ALLITEMS|LADIES|m32|ALLITEMS|LADIES|m30|ALLITEMS,2980.0,9880.0
movashoes.com,https://movashoes.com,shopify,True,5,1,,women slippers|women slippers|women slippers|women slippers,3499.0,6499.0
movebaby.nl,https://movebaby.nl,shopify,True,5,1,,auto|autostoel|base|isofix|kinderwagen|Baby schommelbed,89.95,269.95
moxiebeauty.in,https://moxiebeauty.in,shopify,True,5,1,,Conditioner|Damage Repairing|Damage Repairing|Shampoo|Scalp Reviving|Serum|Scalp Reviving|Shampoo|Conditioner|Scalp Reviving,525.0,1425.0
mrmixer.store,https://mrmixer.store,squarespace,False,0,1,,,0,0
mrvapes.mx,https://mrvapes.mx,shopify,True,5,1,,desechable|desechables|disposable|Disposable Vape|Lo mas nuevo|Best Seller|desechable|desechables|Lo mas nuevo|desechable,150.0,930.0
multisport.md,https://multisport.md,shopify,True,5,1,,new|Женщины/Одежда/Верх|Женщины/Одежда/Футболки|new|Женщины/Одежда/Верх|Женщины/Одежда/Футболки|new|Мужчины/Одежда/Верх|Мужчины/Одежда/Футболки|new,378.0,505.0
mvpfitness.com.br,https://mvpfitness.com.br,opencart,True,0,1,,,0,0
my-day.shop,https://my-day.shop,shopify,True,5,1,,,8250.0,17600.0
mybbaskincare.com,https://mybbaskincare.com,shopify,True,5,1,,bogos-gift|bogos-gift|bogos-gift,549.0,549.0
myfashiondesign-on9.com,https://myfashiondesign-on9.com,shopify,True,5,1,,Warehouse Sales|Warehouse Sales|Warehouse Sales|Warehouse Sales|Warehouse Sales,13.9,59.0
myperfumes.ae,https://myperfumes.ae,shopify,True,5,1,,EDP|no-discount|PERFUME|EDP|no-discount|PERFUME|no-discount|Spicy|EDP|newlaunchh,190.0,399.0
mysparemarket.com,https://mysparemarket.com,shopify,True,5,1,,Fuel Tank|Fuel TankMetal Parts|KTM|Rc 390 gen 1 2014-2020|Rc 390 gen 2 Moto Gp 2021 onwards|DUKE 250 GEN 3|Duke 390 Gen 3 2024 Onwards|KTM|Plastic Parts|Shop By Bike,175.0,1475.0
n2nbodywear.com,https://n2nbodywear.com,shopify,True,5,1,,20Erotic|20Thong|26NEW|GX26|L|20Erotic|20Gym|22Swim|26NEW|BIKE,16.0,27.2
nails-beauty.co.za,https://nails-beauty.co.za,woocommerce,True,0,1,,,0,0
naima-jewellery.com.au,https://naima-jewellery.com.au,shopify,True,5,1,,Casual comfort|comfort earring|earring|holiday|earring|holiday|Holiday earrings|mini|stud|Casual comfort,499.0,1999.0
nakit-eshop.com.hr,https://nakit-eshop.com.hr,prestashop,False,0,1,,,0,0
nakit-eshop.si,https://nakit-eshop.si,prestashop,False,0,1,,,0,0
naklik.store,https://naklik.store,shopify,True,5,1,,,1290.0,1790.0
natarajjewellery.com,https://natarajjewellery.com,shopify,True,1,1,,,0,0
naturalicecreams.in,https://naturalicecreams.in,woocommerce,True,0,1,,,0,0
nayapurano.shop,https://nayapurano.shop,shopify,True,5,1,,Best deal|Categories|Latest|New|Popular|New|New|New|Best deal|Categories,13500.0,36299.0
neoluxwatch.com,https://neoluxwatch.com,shopify,True,5,1,,,269.0,289.0
neutralighting.fr,https://neutralighting.fr,shopify,True,5,1,,$300-$500|All Collection|All Pendant Lights|All Pendants|All Rooms|$300-$500|All Collection|All Pendant Lights|All Pendants|All Rooms,89.99,476.0
nevaeh-store.com,https://nevaeh-store.com,shopify,True,5,1,,group_Alea Numeral Stone Necklace|Jewellery|group_Onyx Pendant Bracelet|Jewellery|group_Barbed Wire Bangle Bracelet|Jewellery|group_Rounded Snake Chain Pearl Necklace|Jewellery|group_Buckle Bracelet|Jewellery,12.0,25.0
newdecoracion.com,https://newdecoracion.com,woocommerce,False,0,1,,,0,0
newerafurniture.us,https://newerafurniture.us,shopify,True,5,1,,Fabric|Smoke|Stripe Fabric| Black|Bedroom Set,0,0
newpoker.store,https://newpoker.store,woocommerce,False,0,1,,,0,0
nextearrings.com,https://nextearrings.com,magento,True,0,1,paypal,,0,0
nidhiiskincare.com,https://nidhiiskincare.com,shopify,True,5,1,,Sun Care|Hair Care|Hair Care,249.0,499.0
nisarabeauty.com,https://nisarabeauty.com,shopify,True,5,1,,amber|Date Night|edp|Female|floral|Combo|Female|For Her|For him|male,399.0,850.0
nmperfumerias.cl,https://nmperfumerias.cl,shopify,True,5,1,,Dupe|Edp|Hombre|Mast|Nuevo Ara|Dupe|Edp|Mast|Mujer|Nuevo Ara,23990.0,28990.0
noisestore.it,https://noisestore.it,shopify,True,5,1,,Camicia|Inserire descrizione|new|primavera/estate|Coordinato|Inserire descrizione|new|primavera/estate|Inserire descrizione|new,19.99,34.99
noorfashion.shop,https://noorfashion.shop,shopify,True,5,1,,Blessed Friday|Deal of the Day|dealoftheday|eid collection|embroidered|Blessed Friday|Deal of the Day|dealoftheday|eid collection|embroidered,2499.0,2499.0
northfitnessthailand.com,https://northfitnessthailand.com,woocommerce,True,0,1,,,0,0
nouecosmeticos.com.br,https://nouecosmeticos.com.br,shopify,True,5,1,,CAMPANHA OUTONO|OSB|CAMPANHA OUTONO|OSB|CAMPANHA OUTONO|OSB|CAMPANHA OUTONO|OSB|CAMPANHA OUTONO|OSB,297.69,384.23
novapet.cl,https://novapet.cl,shopify,True,5,1,,Adultos|Alergias|Alimento Seco|Gatos|Royal Canin|Adultos|Alimento Seco|Bravery|Perros|Sacos de Alimento,2890.0,47896.0
novaphone.hu,https://novaphone.hu,woocommerce,True,0,1,,,0,0
nowastearmy.nl,https://nowastearmy.nl,woocommerce,False,0,1,,,0,0
nteambl.com,https://nteambl.com,woocommerce,False,0,1,,,0,0
nubeowatches.com,https://nubeowatches.com,shopify,True,5,1,,Full Price|Limited Edition|new|Full Price|Limited Edition|new|Full Price|Limited Edition|new|Full Price,470.0,470.0
numb-wear.it,https://numb-wear.it,shopify,True,5,1,,drop11novembre|drop12marzo|drop5marzo|Jumper|knit|70% DISCOUNT|black month 25|BM atto II|BM atto III|drop12marzo,9.0,76.2
nutrelanutrition.com,https://nutrelanutrition.com,shopify,True,5,1,,GIFT_ONLY|giftbox|All Product|amazing grass protein superfood|Best Seller|bobs red mill protein powder|certified|powerofayurveda|powerofayurveda|powerofayurveda,92.0,700.0
nutritiondepot.com.bd,https://nutritiondepot.com.bd,woocommerce,True,0,1,,,0,0
nutritionpro.fr,https://nutritionpro.fr,shopify,True,5,1,,,11.99,24.99
nylaacrafts.com,https://nylaacrafts.com,shopify,True,5,1,,New|Raw materials|Stones|Bows|Fancy Beads|New|Fancy Beads|New|Round|Fancy Beads,23.0,32.0
nyota.shop,https://nyota.shop,shopify,True,5,1,,bride groom thank you card|custom wedding thank you note|floral indian wedding card|gift labeling|hindu wedding thank you card|wedding newspaper|AOV Bundle|designer paper bag for gifts|eco-friendly gift bag for weddings|festive paper bag,599.0,35999.0
nyrafashion.in,https://nyrafashion.in,shopify,True,5,1,,saree|New Arrival|saree|SAREES|NAS|New Arrival|saree|SAREES|best seller|new arrival,1499.0,1699.0
ob-watches.com,https://ob-watches.com,shopify,True,5,1,,all products|Casual|Elegant|Luminous|Luminous Hands|all products|Calendar Display|Casual|Luminous Hands|Men's,69.0,99.0
oc-shop.co.jp,https://oc-shop.co.jp,shopify,True,5,1,,OC|お菓子|その他ドリップ|ギフト|スイーツ|OC|その他レギュラー|コーヒー豆|再入荷通知除外|夏,500.0,5980.0
octaveclothing.com,https://octaveclothing.com,shopify,True,5,1,,accessories|socks|accessories|socks|accessories|socks|accessories|socks|accessories|socks,180.0,180.0
ofertaperfumes.cl,https://ofertaperfumes.cl,shopify,True,5,1,,,169900.0,169900.0
ogbeauty.in,https://ogbeauty.in,shopify,True,5,1,,Bestseller|Long lasting perfumes|luxury|men's perfume|OG Beauty Luxury|dupelist|fragrances|OG Beauty Luxury|perfume|dupelist,499.0,699.0
oh-wear.com,https://oh-wear.com,woocommerce,False,0,1,,,0,0
ohbabyhk.net,https://ohbabyhk.net,shopify,True,0,1,,,0,0
okidokiasianmarket.com,https://okidokiasianmarket.com,shopify,True,5,1,,Candies and Gummies|HJ 2026.03.09|New|Sweets and Snacks|Drinks|EMB 2026.04.01|Fruit Juices|Drinks|EMB 2026.04.01|PPS 2025.11.07,1.89,2.5
oksgear.com,https://oksgear.com,shopify,True,5,1,,Darwin's Paradox|Darwin's Paradox|Darwin's Paradox|Darwin's Paradox|Darwin's Paradox,24.99,55.0
olaroka.fashion,https://olaroka.fashion,woocommerce,True,0,1,,,0,0
onlyloveflorist.com,https://onlyloveflorist.com,prestashop,True,0,1,,,0,0
orangelakenursery.com,https://orangelakenursery.com,shopify,True,5,1,,Philodendron|TC|Philodendron|TC|Monstera|TC|Alocasia|TC|Other|TC,9.99,19.99
orderdeehergifts.com,https://orderdeehergifts.com,shopify,True,5,1,,,18.0,215.0
organiclivingss.online,https://organiclivingss.online,shopify,True,5,1,,,1499.0,2999.0
organicnationeg.com,https://organicnationeg.com,shopify,True,5,1,,Women's Health|Jam|Jam|Jam|Jam,100.0,775.0
organicpicks.pk,https://organicpicks.pk,shopify,True,5,1,,deals|pcos|weight-loss|weight-loss|weight-loss,1699.0,3999.0
organictattva.com,https://organictattva.com,shopify,True,5,1,,Spices & Masalas|Ready To Cook|yt-exclude|Ready To Cook|yt-exclude|Ready To Cook|yt-exclude|Ready To Cook|yt-exclude,99.0,295.0
oriba.shop,https://oriba.shop,shopify,True,5,1,,gift|gift|gift|gift,3580.0,12000.0
orientalaromaswholesale.com,https://orientalaromaswholesale.com,shopify,True,5,1,,,7.0,29.75
ottoclothing.in,https://ottoclothing.in,shopify,True,0,1,shopify_payments,,0,0
ouatedephoqueshop.com,https://ouatedephoqueshop.com,shopify,True,5,1,,,44.0,66.0
outletberry.ua,https://outletberry.ua,opencart,False,0,1,,,0,0
outletsbath.com,https://outletsbath.com,shopify,True,5,1,,Inodoros|Inodoros compactos|liquidación|MENOSDE10|oferta>60|Conjunto completos de baño|liquidación|muebles de baño|muebles de baño; Conjunto completos de baño|muebles suspendidos,149.0,225.0
overdosesport.com,https://overdosesport.com,shopify,True,5,1,,Nike|Nike|Adidas|Adidas|Nike,179.0,239.0
overe-shop.com,https://overe-shop.com,shopify,True,5,1,,ギフトラッピング|ショッパー|102サイズ対応|パネルラインニット|洗濯機OK|102サイズ対応|パネルラインニット|洗濯機OK|102サイズ対応|パネルラインニット,500.0,10260.0
p-gyms.jp,https://p-gyms.jp,wix,False,0,1,,,0,0
pagasencasaec.shop,https://pagasencasaec.shop,shopify,True,5,1,,,19.99,29.9
pakistanhandicrafts.com,https://pakistanhandicrafts.com,shopify,True,5,1,,Embroidered|Handicrafts|Handmade|Lawn|Pure|Embroidered|Handicrafts|Handmade|Lawn|Pure,4500.0,4500.0
palladiumboots.co.za,https://palladiumboots.co.za,shopify,True,5,1,,ALL SALE|BLACK FRIDAY|BLACKFRIDAY|BOOTS M|BOOTS W|74483|74483-008|ALL SALE|BLACK|BLACK FRIDAY,1299.5,1999.5
panacheapparels.com,https://panacheapparels.com,shopify,True,5,1,,Mommy & Me|New Arrival|Noore Eid Edit|Mommy & Me|New Arrival|Noore Eid Edit|Mommy & Me|New Arrival|Noore Eid Edit|Mommy & Me,14.0,27.0
panteazy.in,https://panteazy.in,shopify,True,5,1,,Accessories|Free Gift|Accessories|Free Gift|Accessories|Free Gift|Best Sellers - New|Jockstrap - New|stock|Men's lingerie,199.0,999.0
paradyseperfumes.in,https://paradyseperfumes.in,shopify,True,5,1,,qegiftboxhide|For Him|gift-999|For Him|For Him|For Him,549.0,749.0
paragfragrances.in,https://paragfragrances.in,shopify,True,5,1,,DHOOP CONES|JAVADHU|JAVADHU  DHOOP|javadhu dhoop cones|New Arrivals|JAVADHU  DHOOP|JAVADHU DHOOP STICKS|Natural Dhoop Sticks|New Arrivals|Parag Dhoop Sticks,89.0,2900.0
paragoncomputer.com,https://paragoncomputer.com,woocommerce,False,0,1,,,0,0
parapharmacie-chezmoi.fr,https://parapharmacie-chezmoi.fr,woocommerce,True,0,1,,,0,0
parksports.com.ph,https://parksports.com.ph,shopify,True,5,1,,FTW|MEN|NBB|S26|FTW|IB0018|LFS|MEN|PMD-PRK|APP,1000.0,11495.0
pazhassigarden.in,https://pazhassigarden.in,shopify,True,5,1,,FLOWERING CREEPERS|FLOWERING PLANT|Flowering Plants|Garden Plants|Rooted Plants|FLOWERING CREEPERS|FLOWERING PLANT|Flowering Plants|Garden Plants|Rooted Plants,95.0,590.0
peorajewellery.com,https://peorajewellery.com,shopify,True,5,1,,ethnic|Ethnic Wear|Fashion|fashion jewellery|Faux Kundan|Accessories|beads|Cubic Zirconia & Pearl|ethnic|Ethnic Wear,1200.0,3200.0
perfectfashion.gr,https://perfectfashion.gr,woocommerce,True,0,1,,,0,0
perfume-egypt.com,https://perfume-egypt.com,shopify,True,5,1,,حرب|ميرور|حرب|حديث|عطور النساء|عطور ننفرد بها|نساء,625.0,2750.0
perfumeoilcorner.com,https://perfumeoilcorner.com,shopify,True,5,1,,best seller|casual|Formal|Gucci  Edition Pour Femme|Gucci  Pour Femme|men|perfumeoilcorner-com|men|perfumeoilcorner-com|active,550.0,750.0
perfumeoils.co.za,https://perfumeoils.co.za,shopify,True,5,1,,April 2026|new|unisex|April 2026|new|unisex|April 2026|new|unisex|April 2026,14.65,7790.0
perfumeriaclass.com,https://perfumeriaclass.com,shopify,True,5,1,,perfumería|Perfumería Arabe|Perfumes|perfumes mujer|Perfumes Árabes|perfumería|Perfumería Arabe|Perfumes|perfumes hombre|perfumes mujer,55.0,439.99
perfumeriasublime.com,https://perfumeriasublime.com,shopify,True,5,1,,Citrico|Fresco|Lavanda|Atalcado|Citrico|Vainilla|Floral|Lavanda|Vainilla|Citrico,858.0,1742.0
perfumeroom.co.za,https://perfumeroom.co.za,woocommerce,True,0,1,,,0,0
personalizepharma.com.br,https://personalizepharma.com.br,shopify,True,5,1,,,84.9,84.9
pffpremium.com,https://pffpremium.com,shopify,True,5,1,,NEW ARRIVAL|NEW ARRIVAL|NEW ARRIVAL|NEW ARRIVAL|NEW ARRIVAL,3300.0,3300.0
pharmacyindia.co.in,https://pharmacyindia.co.in,woocommerce,False,0,1,,,0,0
pharmaflex.com,https://pharmaflex.com,shopify,True,5,1,,,49.9,699.7
pharmahealth.com.pk,https://pharmahealth.com.pk,shopify,True,5,1,,shop|ADOXA|AI500inall|allp|IU|Medical|Hair Care|shop|Skin Care|allp,242.1,1495.0
pharmapage.in,https://pharmapage.in,woocommerce,False,0,1,,,0,0
phoiboswatch.com,https://phoiboswatch.com,bigcommerce,True,0,1,,,0,0
phonelectrics.com,https://phonelectrics.com,shopify,True,5,1,,Pocophone|Pocophone,1699900.0,6199900.0
phonetify.com.co,https://phonetify.com.co,woocommerce,True,0,1,,,0,0
photogear.co.nz,https://photogear.co.nz,bigcommerce,True,0,1,,,0,0
pinkinkbeauty.com,https://pinkinkbeauty.com,bigcommerce,True,0,1,,,0,0
pinkyswearnyc.com,https://pinkyswearnyc.com,wix,False,0,1,,,0,0
pinupcloset.shop,https://pinupcloset.shop,shopify,True,5,1,,ALL|ALL|ALL|BEIGE|BLACK|BROWN|Enchanted Corset|#25AW|#26SS|#BLACK,5000.0,15880.0
pixelxyzgames.com,https://pixelxyzgames.com,wix,False,0,1,,,0,0
pixishoes.com,https://pixishoes.com,shopify,True,5,1,,High Heels|New Arrival|Pumps|Shoes|Summer026|High Heels|New Arrival|Pumps|Shoes|Summer026,1645.0,1995.0
playgamer.com.ar,https://playgamer.com.ar,woocommerce,True,0,1,,,0,0
playmoreherbs.com,https://playmoreherbs.com,woocommerce,True,0,1,,,0,0
playretro.shop,https://playretro.shop,shopify,True,5,1,,,999.0,6499.0
plusotoha.shop,https://plusotoha.shop,shopify,True,5,1,,250930|251223|26spring|all|KNIT|260331|all|maenori|maenorisingle2025年6月上旬|new,6831.0,14850.0
polaricecream.co.za,https://polaricecream.co.za,woocommerce,False,0,1,,,0,0
polocom.store,https://polocom.store,shopify,True,5,1,,Blog|classique|Décodeur|Décodeur serrure|fine|Blog|Décodeur|Décodeur serrure|fine|habitations,49.99,1499.99
poojabooks.shop,https://poojabooks.shop,woocommerce,True,0,1,,,0,0
ppsupplement.cloud,https://ppsupplement.cloud,woocommerce,True,0,1,,,0,0
premiumxl.hu,https://premiumxl.hu,magento,False,0,1,,,0,0
prettyclickcosmetics.com,https://prettyclickcosmetics.com,shopify,True,5,1,,under 2000|under 500|under 500,225.0,22000.0
primeshoes.shop,https://primeshoes.shop,shopify,True,5,1,,DEPORTIVO KIDS NIÑA|DEPORTIVO KIDS NIÑO|DEPORTIVOS KIDS|VITA KIDS|VITAKIDS|DEPORTIVO KIDS NIÑA|DEPORTIVO KIDS NIÑO|DEPORTIVOS KIDS|VITA KIDS|VITAKIDS,26.99,57.99
primocustoms.co.in,https://primocustoms.co.in,shopify,True,5,1,,,1099.0,8499.0
primrosecottageshop.com,https://primrosecottageshop.com,shopify,True,5,1,,Always in season|Clearance|fabric|retail-only|Riley blake|Clearance|Linen Cupboard|moda fabric|Moda Fabrics|retail-only,0.97,0.97
profitsmoke.com,https://profitsmoke.com,shopify,True,5,1,,,7.5,10.0
protein.se,https://protein.se,magento,True,0,1,,,0,0
protonicnutrition.pk,https://protonicnutrition.pk,woocommerce,True,0,1,,,0,0
pspgamesland.com,https://pspgamesland.com,woocommerce,False,0,1,,,0,0
punjabhandicrafts.in,https://punjabhandicrafts.in,shopify,True,5,1,,Best katar for wedding|BEST SWORD FOR WEDDING|BEST WEDDING SWORD|ROYAL WEDDING SWORDS|talwar for wedding|dhal or talwar|dhal talwar|dhal talwar ka set|dhal Talwar set|New combo set,3295.0,4595.0
purenutrition.in,https://purenutrition.in,shopify,True,5,1,,,74.0,649.0
purevitaminshoes.com,https://purevitaminshoes.com,shopify,True,5,1,,ADV-24|HEELS|flats|LIQUIDACIÓN|flats|LIQUIDACIÓN|Sandalias|ADV-24|HEELS,19.0,182.0
purpuremakeup.com,https://purpuremakeup.com,shopify,True,5,1,,CAPILAR|TRATAMIENTOS|CAPILAR|SHAMPOO Y ACONDICIONADOR|CABELLO|CAPILAR|SHAMPOO Y ACONDICIONADOR|CORPORAL|CUIDADO CORPORAL PURPURE|PURPURE,26900.0,54000.0
qarshihealthshop.com,https://qarshihealthshop.com,shopify,True,5,1,,12 12 Sale|501-600|General Health|Health Supplements|Nervine Tonics|12 12 Sale|201-300|Men's Health|Personal Care|0-100,190.0,2000.0
qualial.shop,https://qualial.shop,shopify,True,5,1,,収納家具|置き畳|送料無料|チェスト・キャビネット|収納家具|送料無料|ダイニング|送料無料|ダイニング|ダイニングセット,3990.0,17990.0
qudobeauty.com,https://qudobeauty.com,woocommerce,True,0,1,,,0,0
quranteaching.com,https://quranteaching.com,woocommerce,False,0,1,,,0,0
quratulain.shop,https://quratulain.shop,shopify,True,5,1,,blessed friday|deal of the day|dealoftheday|ladiessuting|offer|blessed friday|deal of the day|dealoftheday|ladiessuting|offer,1850.0,1850.0
qutoys.com,https://qutoys.com,shopify,True,5,1,,dildo|LGBTQ|QUTOYS|realistic dildo|Replica Dildo|dildo|LGBTQ|QUTOYS|realistic dildo|LGBTQ,86.99,108.99
rajangamenterang.online,https://rajangamenterang.online,shopify,True,0,1,,,0,0
ramito-store.com,https://ramito-store.com,shopify,True,5,1,,,79.9,89.9
randaldrip.store,https://randaldrip.store,shopify,True,5,1,,,75.0,134.99
rasluxuryoils.com,https://rasluxuryoils.com,shopify,True,5,1,,bogos-gift|HS_CART_BAR_HIDDEN_PRODUCT|bogos-gift|HS_CART_BAR_HIDDEN_PRODUCT|HS_CART_BAR_HIDDEN_PRODUCT,1.0,350.0
ratiowatches.com,https://ratiowatches.com,shopify,True,5,1,,Men|Men|Men|Men|Men,118.0,225.0
rayhaanperfumes.com,https://rayhaanperfumes.com,shopify,True,5,1,,,90.0,150.0
raypath-shop.com,https://raypath-shop.com,shopify,True,5,1,,suplementy|biały nova|beżowy|biały|biały nova|ekspres|podłoga|biały do ciała|kosmetyki|żółty do ciała,15.0,3022.0
rdrgiftsdecor.com,https://rdrgiftsdecor.com,shopify,True,5,1,,,9.99,14.99
rebranded.it,https://rebranded.it,shopify,True,5,1,,AS|H4SC18|AS|H4SQ06|AS|H4ST12|AS|H4SF05|AS|H4SF02,51.0,117.0
redragon.shop,https://redragon.shop,shopify,True,5,1,,klawiatura mechaniczna|klawiatura mechaniczna|klawiatura|klawiatura|klawiatura mechaniczna|Biuro|zestaw,89.0,399.0
refreshoes.com,https://refreshoes.com,shopify,True,5,1,,183401|18340103|bolso|Casual|Cordón|183401|18340102|bolso|Casual|Cordón,29.95,39.95
regalshoes.in,https://regalshoes.in,shopify,True,5,1,,10|11|6|7|8|10|11|6|7|8,1990.0,2590.0
removestore.it,https://removestore.it,woocommerce,False,0,1,,,0,0
ren-webshop.com,https://ren-webshop.com,shopify,True,5,1,,ALL PRODUCTS|BAG|HALLIE|pickup-mini|PIG|ALL PRODUCTS|BAG|HALLIE|pickup-mini|PIG,4950.0,9900.0
republiccosmetics.com,https://republiccosmetics.com,shopify,True,5,1,,Descontinuado,113.4,371.4
republiccustomsstore.com,https://republiccustomsstore.com,shopify,True,5,1,,ap1 clone helmet|ap1 lego|Blocks|Clone Trooper|Clone Wars|Hell diver|Helldivers|Blocks|cal kestis lego|cal kestis master,0.5,29.0
republicwomenswear.com,https://republicwomenswear.com,shopify,True,5,1,,12-Mar-26|Basics Vol 1 '26|dhlcode:6104 1900|dhldes:Ladies Embroidered Kurta Shalwar and Dupatta|Glace|12-Mar-26|Basics Vol 1 '26|Delivery Timeline|dhlcode:6104 1900|dhldes:Ladies Embroidered Kurta Shalwar and Dupatta,16550.0,18950.0
resinncraftsuppliers.com,https://resinncraftsuppliers.com,shopify,True,5,1,,silicon mould|SOAP BASE|silicon mould|silicon mould|silicon mould|silicon mould,139.0,499.0
retailfieldmetrics.com,https://retailfieldmetrics.com,woocommerce,False,0,1,,,0,0
retrogameplace.com,https://retrogameplace.com,magento,True,0,1,,,0,0
ridgelineclothing.co.uk,https://ridgelineclothing.co.uk,shopify,True,5,1,,gilet|gillet|Full Price|NEWSS26|SS26|Full Price|NEWSS26|SS26|COMINGSOONSS26|Full Price,19.99,29.99
rieker-eshop.pl,https://rieker-eshop.pl,magento,True,0,1,,,0,0
rippletea.com,https://rippletea.com,shopify,True,5,1,,Dark Chocos|Hand Made Chocos|Offer-Percentage|Hand Made Chocos|White Chocos|Hand Made Chocos|Milk Chocos|Black Tea|Black Tea,60.0,471.75
rnrmenswear.com,https://rnrmenswear.com,shopify,True,5,1,,,499.0,1199.0
roaringtoyz33.com,https://roaringtoyz33.com,shopify,True,5,1,,Air Seat|Air Seat|Air Seat|Air Seat|Air Seat,1869.0,2299.0
romandbeauty.com,https://romandbeauty.com,shopify,True,5,1,,bogos-gift|bogos-gift|bogos-gift,10.0,15.0
root1887.shop,https://root1887.shop,shopify,True,5,1,,A4が入る|PCポケット|rocket-hide|和ックパック|軽量|A4が入る|PCポケット|和ックパック|軽量|＜コレクション＞habit,2970.0,37180.0
rootandsoil.in,https://rootandsoil.in,shopify,True,5,1,,baby care combo|On-Air|saver packs|On-Air|On-Air|On-Air,699.0,3861.4
rosadababy.com,https://rosadababy.com,shopify,True,5,1,,new|no-cod|nocod|not sale|Prepaid Only|continue selling 20-02-2025|End Of Season Sale|Express|GST 18|not sale,1090.0,2090.0
rosinjewellery.com,https://rosinjewellery.com,shopify,True,5,1,,,350.0,1620.0
rubiawear.com,https://rubiawear.com,shopify,True,5,1,,accessories|alina|green|lucky|retail-only|accessories|cora wrap|meadow|plum|porcelain plum,41.0,83.0
rubysorganics.in,https://rubysorganics.in,shopify,True,5,1,,all|FREE GIFT|hide-button|out-of-stock|_badge_30%_OFF|all|combo|_badge_24%_OFF|all|combo,723.0,1400.0
rujoboots.com,https://rujoboots.com,shopify,True,5,1,,smarttag_not_real_deal|smarttag_regular_price|smarttag_not_real_deal|smarttag_regular_price|klaviyo_reviews_exclude|smarttag_not_real_deal|smarttag_regular_price|smarttag_not_real_deal|smarttag_regular_price|smarttag_not_real_deal,6.98,79.5
rynoxgear.com,https://rynoxgear.com,shopify,True,5,1,,chest protector|Impact Protectors|Powertector Impact Protectors|Powertector Protector Inserts|Powertector Shoulder Armour,950.0,12950.0
sabhyataclothing.com,https://sabhyataclothing.com,shopify,True,5,1,,35 % off|Co-Ord Set|New IN|Women Top Wear|25 % off|Kurta|New In|Sale|Top Wear|35 % off,1675.0,3516.0
sabkophone.com,https://sabkophone.com,woocommerce,False,0,1,,,0,0
sagansinghmakeup.in,https://sagansinghmakeup.in,shopify,True,5,1,,,79.0,3750.0
salamancadetransportes.com,https://salamancadetransportes.com,woocommerce,True,0,1,,,0,0
salconelectronics.com,https://salconelectronics.com,woocommerce,True,0,1,,,0,0
sanmartinwatches.com,https://sanmartinwatches.com,woocommerce,True,0,1,,,0,0
sbnatural.shop,https://sbnatural.shop,shopify,True,5,1,,,1100.0,2500.0
sbwatches.in,https://sbwatches.in,shopify,True,5,1,,,1299.0,1299.0
sdsneakers.com,https://sdsneakers.com,shopify,True,5,1,,,79.99,89.99
seagullwatchofficial.com,https://seagullwatchofficial.com,shopify,True,5,1,,Business|Casual|evi_showorno|Fashion|Men|Business|Casual|Fashion|Men|Woman,449.0,1619.0
seasar-official.shop,https://seasar-official.shop,shopify,True,5,1,,,550.0,14300.0
segashoes.com,https://segashoes.com,woocommerce,True,0,1,,,0,0
seikowatches.co.in,https://seikowatches.co.in,shopify,True,5,1,,All_products|Automatic|Band Material_Stainless Steel|Case_Stainless Steel|Category_PROSPEX|All_products|Automatic|Band Material_Stainless Steel|Case_Stainless Steel|Category_NEW ARRIVAL,30000.0,150000.0
sekikagu-shop.jp,https://sekikagu-shop.jp,shopify,True,5,1,,NEW|配送希望日時指定不可|NEW|NEW|配送希望日時指定不可|配送希望日時指定不可|配送希望日時指定不可,18150.0,203500.0
selby.shop,https://selby.shop,shopify,True,5,1,,1.0～|4月|N|その他ブランド|ダイヤモンド|1.0～|4月|N|その他ブランド|ダイヤモンド,115000.0,265000.0
selinshoes.com,https://selinshoes.com,shopify,True,5,1,,0545|cdpgroup0545|indirimsiz|Kahve Süet|kalip3|0259|4|5 cm|Bağcıklı|Beyaz,999.9,2499.9
sensefit.shop,https://sensefit.shop,woocommerce,True,0,1,klarna,,0,0
sextoythailand.com,https://sextoythailand.com,shopify,True,5,1,,,470.0,10800.0
shanayaclothing.com,https://shanayaclothing.com,shopify,True,5,1,,Best Seller|Festive|New|Shanaya Special|Suit & Gowns|Best Seller|Festive|New|Shanaya Special|Suit & Gowns,2499.0,3099.0
sharifhomeopharmacy.com,https://sharifhomeopharmacy.com,prestashop,True,0,1,,,0,0
sharkperfume.in,https://sharkperfume.in,shopify,True,5,1,,retail|retail|retail|retail|retail,3350.0,6750.0
sharpknifeshop.com,https://sharpknifeshop.com,shopify,True,5,1,,all-knives|filter-composition--Stainless|filter-finish--Tsuchime|filter-knife--Petty Knife|filter-length--135 mm|all-knives|filter-composition--Stainless|filter-finish--Damascus|filter-finish--Tsuchime|filter-knife--Santoku,184.95,1424.88
sheaffercosmetics.com,https://sheaffercosmetics.com,shopify,True,5,1,,,1500.0,4300.0
shoebox.moda,https://shoebox.moda,shopify,True,5,1,,kampanja obuca zenska|Obuća|papuce|Ženska|kampanja obuca zenska|Obuća|papuce|Ženska|kampanja obuca zenska|Obuća,7225.0,9265.0
shoemart.gr,https://shoemart.gr,opencart,True,0,1,,,0,0
shoeroom.shoes,https://shoeroom.shoes,woocommerce,True,0,1,,,0,0
shoetique.hr,https://shoetique.hr,woocommerce,True,0,1,,,0,0
shop-iwellness.com,https://shop-iwellness.com,shopify,True,0,1,,,0,0
shop-novara.com,https://shop-novara.com,shopify,True,5,1,,,15.99,94.99
shop-reef.com.au,https://shop-reef.com.au,shopify,True,5,1,,BLACK|cf-size-10|cf-size-11|cf-size-5|cf-size-6|cf-size-10|cf-size-11|cf-size-5|cf-size-6|cf-size-7,45.0,109.99
shop-st-james.jp,https://shop-st-james.jp,shopify,False,0,1,,,0,0
shopaarel.com,https://shopaarel.com,shopify,True,5,1,,Pre Make-up|Pre Make-up,999.0,7999.0
shopbeyondborders.pk,https://shopbeyondborders.pk,shopify,True,5,1,,Skincare|The Ordinary|lip balm|lip gloss|lip oil|lip tint|Lips|Eyes|shiseido|Skincare,3800.0,29950.0
shopcaocao.com,https://shopcaocao.com,shopify,True,5,1,,fachadas|Nuevo|Pérgolas & Techos|Terrazas & Balcones|fachadas|Nuevo|Pérgolas & Techos|Terrazas & Balcones|fachadas|Nuevo,705.28,3758.4
shopconpatitas.com,https://shopconpatitas.com,shopify,True,5,1,,Juguetes|Perro Juguetes|Perros|Perro alimento humedo/snack|Perros|Snack Cachorros|Snackery|Perro alimento humedo/snack|Perros|Snack Cachorros,3.5,17.0
shopcoolkicks.com,https://shopcoolkicks.com,shopify,True,5,1,,Brand New|COPYT|store-owned|vending|COPYT|Pre-Owned|store-owned|COPYT|Pre-Owned|store-owned,200.0,675.0
shopelegancia.com,https://shopelegancia.com,shopify,True,5,1,,Chic|Eid collection|gem-encrusted|Heels|new arrival|Chic|Elegancia|new|new arrival|Party,3000.0,3590.0
shopella.it,https://shopella.it,shopify,True,5,1,,,39.95,39.95
shopfahrya.in,https://shopfahrya.in,shopify,True,5,1,,double layered|necklace|rosegold|bracelet|chain bracelet|ring cum bracelet|rosegold|necklace|silver|single chain,87.0,144.0
shopfemmenina.com,https://shopfemmenina.com,shopify,True,5,1,,,50.0,65.0
shopfootball.in,https://shopfootball.in,shopify,True,5,1,,Cricket Collection|tshirts|Cricket Collection|tshirts|Cricket Collection|tshirts|Cricket Collection|tshirts|Hoodie|sale,1499.0,1499.0
shopfragranceworld.com,https://shopfragranceworld.com,shopify,True,5,1,,,180.0,330.0
shopgulab.com,https://shopgulab.com,woocommerce,True,0,1,,,0,0
shophellomary.com,https://shophellomary.com,woocommerce,True,0,1,,,0,0
shopids.pk,https://shopids.pk,shopify,True,5,1,,Flat|Special Prices|summer 24|Flat|meta-size-chart-footwear|summer 24|heels|summer 24|Flat|meta-size-chart-footwear,2350.0,3699.0
shopinverse.com,https://shopinverse.com,shopify,True,5,1,,14-inch|14-inch bag|ST03 256GB - 1TB|Charger|Charger,8500.0,485000.0
shopjbr.com,https://shopjbr.com,shopify,True,5,1,,Collar necklaces,6230.0,18200.0
shopkhoi.com,https://shopkhoi.com,shopify,True,5,1,,4.10.26|__label: Less Than 5 Left|low stock|3.24.26|__label: Less Than 5 Left|low stock|3.27.26|__label: Less Than 5 Left|low stock|3.27.26,50.0,85.0
shopkshm.com,https://shopkshm.com,shopify,True,5,1,,Bold|Roomy|Shorts|Pants|Pants|Pants|work_travel|work_yoga,1579.0,2059.0
shopmakari.com,https://shopmakari.com,shopify,True,5,1,,klaviyo_reviews_exclude|Badge: New|Badge: New,0.98,129.2
shopmaksu.com,https://shopmaksu.com,shopify,True,5,1,,clothing|Full Price|new|party|SB-FITTED|clothing|Full Price|new|SB-OVERSIZED|SS26,120.0,260.0
shopmasakali.co,https://shopmasakali.co,shopify,True,5,1,,block print kurti|fusion fashion online|Gen Z kurti|halter kurti|Masakali short kurti|fusion fashion online|Gen Z kurti|halter kurti|Masakali short kurti|mint kurti,949.0,1050.0
shopmazton.com,https://shopmazton.com,shopify,True,5,1,,BYOB display|bundle|Products|Sale|bundle|Products|Sale|bundle|Products|Sale,4285.0,7988.0
shopmontigo.com,https://shopmontigo.com,shopify,True,5,1,,__label: Limited Edition|__label:New!|__label: Limited Edition|__label:New!|__label: Limited Edition|__label:New!,25.0,125.9
shopmurphy.in,https://shopmurphy.in,shopify,True,5,1,,Biggest Sale|Biggest Sale|Biggest Sale|Biggest Sale|Biggest Sale,280.0,4125.0
shopmyviolet.com,https://shopmyviolet.com,shopify,True,5,1,,010226|coat|current faves|hoodie|hoodie dress|062725|BFCM2025|cardigan|current faves|knit,42.0,98.0
shopnaked.st,https://shopnaked.st,woocommerce,True,0,1,,,0,0
shopnbuy.in,https://shopnbuy.in,shopify,True,5,1,,,399.0,499.0
shopnickre24h.com,https://shopnickre24h.com,woocommerce,True,0,1,,,0,0
shopoutsized.com,https://shopoutsized.com,shopify,True,5,1,,BASIC T-SHIRTS|BLANKS|MINOR FAULT|NEW IN|T-SHIRTS|BEST SELLERS|GRAPHIC T-SHIRTS|NEW IN|T-SHIRTS|TOPS,1190.0,2790.0
shoppersfortune.com,https://shoppersfortune.com,shopify,True,5,1,,16x16|16x16 inch|3d|cotton|cotton feel|16x16|16x16 inch|3d|cotton|cotton feel,798.0,898.0
shoppymize.com,https://shoppymize.com,shopify,True,5,1,,,699.0,3959.0
shoppz.in,https://shoppz.in,shopify,True,5,1,,,599.0,1199.0
shoprusset.com,https://shoprusset.com,shopify,True,5,1,,import_2022_03_13_091107|Pendants|spo-cs-disabled|spo-default|spo-disabled|bracelet|Bracelets|essential|bracelet|Bracelets,2800.0,8000.0
shopsquad.in,https://shopsquad.in,shopify,True,5,1,,,599.0,799.0
shopthescrublife.com,https://shopthescrublife.com,shopify,True,5,1,,,2750.0,2750.0
shopufs.com,https://shopufs.com,shopify,True,5,1,,,93.0,9999.0
shopwaynecollection.com,https://shopwaynecollection.com,shopify,True,5,1,,Card Holder|Cards|Clear|High Quility|Mag|recently-restocked-2|Bargain|Bin|Card|Cards,1.0,9.95
shopwithpraylady.com,https://shopwithpraylady.com,shopify,True,5,1,,sas pressure cooker|triply pressure cooker,1310.0,3667.0
shopwithus.co.in,https://shopwithus.co.in,shopify,True,5,1,,,3199.0,3599.0
sid-shop.com,https://sid-shop.com,magento,True,0,1,,,0,0
sigemart.com,https://sigemart.com,shopify,True,5,1,,Health &amp; Beauty|New Arrivals|New Arrivals 2026|Sync|Whitening Cream and Powder|Health &amp; Beauty|New Arrivals|New Arrivals 2026|Sync|Whitening Cream and Powder,3.0,59.0
sikkimgamex.com,https://sikkimgamex.com,woocommerce,True,0,1,,,0,0
silkandcotton.store,https://silkandcotton.store,shopify,True,5,1,,,0,0
sillageperfumes.in,https://sillageperfumes.in,shopify,True,5,1,,,249.0,3679.0
simegarden.com,https://simegarden.com,shopify,True,5,1,,Cespugli|piante|Piante a foglia caduca|piante da esterno|piante da giardino|Cespugli|piante|piante da esterno|piante da giardino|piante fiorite,8.95,37.99
simmonsbeautyrest.in,https://simmonsbeautyrest.in,shopify,True,5,1,,,10990.0,1319231.0
simplyfitness.com,https://simplyfitness.com,shopify,True,2,1,,,30.0,34.0
sixthdimension.shop,https://sixthdimension.shop,woocommerce,True,0,1,,,0,0
skincarepersonaltouch.com,https://skincarepersonaltouch.com,shopify,True,5,1,,ACNE PRONE|All Product|Gala|OILY SKIN|SERUM|60 Day Transformation|All Product|Combo|Combos|parent-hide,199.0,1699.0
skinfirstcosmetics.it,https://skinfirstcosmetics.it,shopify,True,5,1,,GIFT_PRODUCT|GIFT_PRODUCT,8.0,96.0
skizo.store,https://skizo.store,woocommerce,True,0,1,,,0,0
skoncosmetics.com,https://skoncosmetics.com,shopify,True,5,1,,Catalogo|Prodotto singolo|Catalogo|Prodotto singolo|Catalogo|Kit|Tripack,26.0,58.5
slsfashionworld.com,https://slsfashionworld.com,shopify,True,5,1,,,549.0,999.0
smarsjewelry.com,https://smarsjewelry.com,shopify,True,5,1,,,1250.0,1290.0
smartclothingpk.com,https://smartclothingpk.com,shopify,True,5,1,,Boys Short Sets|Girls Collection|Girls Short Sets|Short Sets|Boys Summer Sets|Boys Summers Sets|Summers Pajama Shirt Sets|Boys Summer Sets|Boys Summers Sets|Summers Pajama Shirt Sets,850.0,1499.0
smartsporter.nl,https://smartsporter.nl,shopify,True,5,1,,Premium Half Zip Sweater|Premium Beenwarmers|Losse Sokken (Excl. Powerbank)|Powerbank 10.000Mah|IGNITE™ Verwarmde Bodywarmer,14.95,59.95
smg4.store,https://smg4.store,shopify,True,5,1,,Poster|SMG4|MrPuzzles|Sticker Pack|WOTFI|Plush|Toomp|WOTFI|MrPuzzles|Plush,10.0,30.0
snackible.com,https://snackible.com,shopify,True,5,1,,carnival-offer|Immunity booster|No Refined Sugar|Source of Protein|Vegan|bd|carnival-offer|High In Fiber|No palm oil|No Preservatives,50.0,215.0
snackverse.com,https://snackverse.com,woocommerce,True,0,1,paypal,,0,0
societytea.com,https://societytea.com,shopify,True,5,1,,green tea|honey|lemon|leaf tea|bundles|dairy|bundles|dairy|bundles|dairy,79.0,378.0
soigear.vn,https://soigear.vn,shopify,True,5,1,,,3900000.0,9350000.0
solarballs.store,https://solarballs.store,shopify,True,5,1,,Accessories|baseball cap|earth|eco|hats|bundle|Plush|plushies|bundle|Plush,29.5,107.96
solivo.store,https://solivo.store,shopify,True,5,1,,promo-2x60k|antla_in_funnel|antla_in_funnel_1252|promo-2x60k|antla_in_funnel|antla_in_funnel_1252|promo-2x60k|antla_in_funnel|antla_in_funnel_1252|promo-2x60k,50000.0,50000.0
souqgadgets.ma,https://souqgadgets.ma,shopify,True,5,1,,cuisine|Cuisine facile,149.0,258.0
spoiledduckie.co.in,https://spoiledduckie.co.in,woocommerce,False,0,1,,,0,0
sportcenterstore.com.ua,https://sportcenterstore.com.ua,opencart,False,0,1,,,0,0
sportjatekshop.hu,https://sportjatekshop.hu,opencart,False,0,1,,,0,0
sportlife.cl,https://sportlife.cl,woocommerce,True,0,1,,,0,0
sportnewsky.com,https://sportnewsky.com,woocommerce,False,0,1,,,0,0
sportsbaazar.com,https://sportsbaazar.com,woocommerce,True,0,1,,,0,0
sportshop.com.ua,https://sportshop.com.ua,opencart,False,0,1,,,0,0
sportsnethost.com,https://sportsnethost.com,squarespace,True,0,1,,,0,0
sportsun.in,https://sportsun.in,shopify,True,5,1,,,590.0,749.0
srijeedecors.com,https://srijeedecors.com,shopify,True,5,1,,,999.0,1299.0
srimandir.store,https://srimandir.store,shopify,True,5,1,,,999.0,11000.0
ssnsports.com.tr,https://ssnsports.com.tr,opencart,True,0,1,,,0,0
stacjavapera.com,https://stacjavapera.com,woocommerce,False,0,1,,,0,0
standardgifts.co.za,https://standardgifts.co.za,shopify,True,5,1,,Cateringware|Cutlery|Cutlery Cateringware|knives|NA|Cateringware|Cutlery|Cutlery Cateringware|NA|Table Pride,311.0,580.0
stanwellskids.in,https://stanwellskids.in,shopify,True,5,1,,modification|_label_New Arrivals|_label_New Arrivals|_label_New Arrivals|_label_New Arrivals,2099.0,4235.0
steakmyhome.com.tw,https://steakmyhome.com.tw,woocommerce,True,0,1,,,0,0
steama.co,https://steama.co,squarespace,True,0,1,,,0,0
store1914.in,https://store1914.in,shopify,True,5,1,,,260.0,350.0
storecountry.com.br,https://storecountry.com.br,opencart,True,0,1,,,0,0
storeno6.com,https://storeno6.com,shopify,True,5,1,,BEST SELLER|BLOUSE|FESTIVE|GLAM|NEW ARRIVALS|BEST SELLER|BLOUSE|FESTIVE|NEW ARRIVALS|PASTELS,4700.0,9999.0
storeshi.com,https://storeshi.com,shopify,True,0,1,,,0,0
streetlifestore.com.br,https://streetlifestore.com.br,shopify,True,5,1,,,299.9,299.9
strenghtlevel.shop,https://strenghtlevel.shop,shopify,True,5,1,,,23400.0,99900.0
styleboutiqueni.com,https://styleboutiqueni.com,shopify,True,5,1,,NEWSS26|Pink26|SS26|SS26CASUAL|NEWSS26|SS26|SS26CASUAL|NEWSS26|Pink|Pink26,59.95,179.99
subiesupplyco.ca,https://subiesupplyco.ca,shopify,True,5,1,,2026+ OUTBACK EXTERIOR|NEW ITEMS|PREORDER|RALLY ARMOR|SpecialOrder:N|ClearanceItem:N|ENKEI|MPN:A423-0000SP|PREORDER|SpecialOrder:N,7.99,204.99
sugisugi-store.com,https://sugisugi-store.com,shopify,True,0,1,,,0,0
sundasclothing.store,https://sundasclothing.store,shopify,True,5,1,,Blessed Friday|Deal of the Day|dealoftheday|eid collection|embroidered|Blessed Friday|Deal of the Day|dealoftheday|eid collection|embroidered,2499.0,2499.0
sundbergamerica.com,https://sundbergamerica.com,magento,False,0,1,,,0,0
sunkids.com.br,https://sunkids.com.br,shopify,True,5,1,,adultos|adultosnovos|google|trafego|colecaoantiga|drop|estoqueantigo|google|oculosdesoltodos,89.9,97.9
sunnyherbals.in,https://sunnyherbals.in,shopify,True,5,1,,bogos-gift,100.0,357.0
sunwatch.tokyo,https://sunwatch.tokyo,shopify,True,5,1,,電池交換|ブルートゥース|電池交換|電池交換|電波時計|電波時計,12600.0,32700.0
superaudio.com.co,https://superaudio.com.co,woocommerce,True,0,1,,,0,0
supplementstore.rs,https://supplementstore.rs,opencart,True,0,1,,,0,0
supplysix.com,https://supplysix.com,shopify,True,5,1,,,320.0,1430.0
supremefurniture.co.in,https://supremefurniture.co.in,shopify,True,5,1,,Application|Categories|Popularity|Stools|unitTag-Stools|All|Application|Categories|NEW ARRIVAL|Popularity,1700.0,10200.0
surtibaby.com,https://surtibaby.com,shopify,True,5,1,,BASICOS BEBE|BODYS|colecciónequipos|ROPA Y ACCESORIOS|dropshipping|DROPSHIPPINGGRATIS-0|PARA COMER|PROMO_SILLACOMER_2025|SILLA PARA COMER|dropshipping,9990.0,601990.0
swave.shop,https://swave.shop,shopify,True,5,1,,,129.0,249.0
sweetcompass.shop,https://sweetcompass.shop,shopify,True,5,1,,NEW|NEW|NEW|NEW|NEW|TASAKI,128000.0,320000.0
sweetgarden.hu,https://sweetgarden.hu,prestashop,False,0,1,,,0,0
sweetgarden.ro,https://sweetgarden.ro,prestashop,False,0,1,,,0,0
swocclothing.com,https://swocclothing.com,shopify,True,5,1,,summer kurta set|Kurta Set|summer romper|Kurta Set|Frock,2800.0,9200.0
sws-cycling.com,https://sws-cycling.com,woocommerce,False,0,1,,,0,0
sycollections.shop,https://sycollections.shop,shopify,True,5,1,,,399.0,750.0
takajewellery.com.sg,https://takajewellery.com.sg,shopify,True,5,1,,916 Gold|Chains|New Arrivals|Rings|916 Gold|Bracelets|Charms|Heart|New Arrivals|916 Gold,238.0,1588.0
takeiteasyengineers.com,https://takeiteasyengineers.com,woocommerce,False,0,1,,,0,0
tama-shop.fr,https://tama-shop.fr,shopify,True,5,1,,NOUVEAUTES|ROBE|ROBES|robes & combi|TOUT VOIR|260401|ACCESSOIRES|BIJOUX|COLLIER|COLLIERS,14.9,39.9
tanaorjewelry.co.il,https://tanaorjewelry.co.il,shopify,True,5,1,,All Products|best sellers|Diamonds|Gold diamond|luxury-collection|All Products|best sellers|Diamonds|Gold|Gold diamond,559.0,11200.0
taraji-store.com,https://taraji-store.com,woocommerce,True,0,1,,,0,0
taylorfreelancestore.com,https://taylorfreelancestore.com,bigcommerce,False,0,1,,,0,0
teachnouvelle.com,https://teachnouvelle.com,woocommerce,True,0,1,,,0,0
teahouse.ua,https://teahouse.ua,woocommerce,True,0,1,,,0,0
tealer420.com,https://tealer420.com,shopify,True,5,1,,ADMIN: Test Best seller|Gummies Delta 9|Munchies|ADMIN: Test Best seller|Gummies Delta 9|Munchies|Non repertorie,14.9,24.9
teamengine.co.uk,https://teamengine.co.uk,squarespace,True,0,1,,,0,0
teapond.jp,https://teapond.jp,shopify,True,5,1,,2026年|アイスティー|ニルギリ|2026年|アイスティー|ニルギリ|2026年|アイスティー|ニルギリ|ギフト,432.0,3888.0
tebeenawears.com,https://tebeenawears.com,shopify,True,5,1,,BOYS (1-10Y)|GIRL (1-10Y)|LITTLE BOY (0-5Y)|LITTLE GIRL (0-5Y)|status_push|BOYS (1-10Y)|GIRL (1-10Y)|LITTLE BOY (0-5Y)|LITTLE GIRL (0-5Y)|status_push,1499.0,1699.0
tenapod.shop,https://tenapod.shop,opencart,False,0,1,,,0,0
tensports.store,https://tensports.store,shopify,True,5,1,,BACK IN STOCK|BACK IN STOCK|BACK IN STOCK|BACK IN STOCK|BACK IN STOCK,449.0,499.0
tharamclothing.com,https://tharamclothing.com,shopify,True,5,1,,,499.0,499.0
thayyilsports.in,https://thayyilsports.in,shopify,True,5,1,,BARCELONA|Embroidery|Messi|BRAZIL|FIVESLEEVE|oversized|Polo|PREMIUM|AJAX|CRUYFF,300.0,419.0
the-next-decor.com,https://the-next-decor.com,shopify,True,5,1,,[customized]|[customized]|hindu god|Hinduism|Pandurang Vittha|Vertical|Vertical Premium Acrylic Wall Art|hindu god|Hinduism|latest arrivals,1397.0,9599.0
thebootsshoponline.com,https://thebootsshoponline.com,shopify,True,5,1,,collonil|collonil|collonil|collonil|collonil,1760.0,13200.0
thecraftbazar.shop,https://thecraftbazar.shop,shopify,True,5,1,,,499.0,1249.0
thedermacosmetics.com,https://thedermacosmetics.com,shopify,True,5,1,,,1490.0,2000.0
thedriveclothing.com,https://thedriveclothing.com,shopify,True,5,1,,KOOZIE|NEW PANTIES|SKU SYSTEM-DO NOT REMOVE|flag|SKU SYSTEM-DO NOT REMOVE|NEW PANTIES|SKU SYSTEM-DO NOT REMOVE|decal|SKU SYSTEM-DO NOT REMOVE,4.5,25.0
theeliteshop.in,https://theeliteshop.in,shopify,True,5,1,,All|allproduct|All,199.0,1999.0
thefaceshop.in,https://thefaceshop.in,shopify,True,5,1,,Hidden recommendation|active|B5G3|Blemish|Buy10at50|Charcoal|Active|Ageing Skin|All Skin Type|All Skin Types,100.0,1590.0
thefashioncapital.in,https://thefashioncapital.in,shopify,True,5,1,,,499.0,899.0
thefashionhouse.pk,https://thefashionhouse.pk,shopify,True,5,1,,,1299.0,1399.0
thefitfuelnutrition.com,https://thefitfuelnutrition.com,shopify,True,5,1,,applied|Applied Nutrition Calcium & Vitamin K2|Applied Nutrition Magnesium & Vitamin D3 Capsules|Essentials|viatmins|Applied Nutrition Zinc Capsules|zinc|Pre Workout|RYSE Godzilla Pre-Workout,1339.0,5768.0
thegiftstudio.com,https://thegiftstudio.com,shopify,True,5,1,,7PM-Order|BYOH|BYOH-Coffee|BYOH-ROI|BYOH-Valentines|7PM-Order|BYOH|BYOH-Coffee|BYOH-ROI|BYOH-Valentines,450.0,1399.0
thegiftwholesalers.com,https://thegiftwholesalers.com,shopify,True,5,1,,action figures bulk supplier|plastic toys wholesale|toy distributor|action toys distributor|poseable figures wholesale|toy supplier bulk|action toys bulk|kids toys wholesale|toy supplier|wholesale distributor,1230.0,1720.0
theherbalist.co.za,https://theherbalist.co.za,shopify,True,5,1,,,64.95,2000.0
theindianbookstore.in,https://theindianbookstore.in,shopify,True,5,1,,Captain America|Captain America Action Figure|Captain America Avenger Action Figure|Captain America World War 2|Captain America World War 2 Avengers|BATMAN|Batman Action Figure|Batman Justice League Action Figure|Batman Justice League Avengers Action Figure|Batman Justice League Marvel Action Figure,899.0,4999.0
thelilium.shop,https://thelilium.shop,woocommerce,True,0,1,,,0,0
theluxuryfootwear.xyz,https://theluxuryfootwear.xyz,woocommerce,True,0,1,,,0,0
themasterperfumer.in,https://themasterperfumer.in,shopify,True,5,1,,Raw skin|Raw skinn|Titan|Soul|Soul of bali|Summer|Swiss Arabian|By the Fireplace|Fire palace|Fireplace,499.0,699.0
themoonbrand.com,https://themoonbrand.com,shopify,True,5,1,,Feeding Time|Highchairs|Feeding Time|Highchairs|mattress|pet stroller,222.0,570.48
thephonehub.in,https://thephonehub.in,woocommerce,True,0,1,,,0,0
theshopezzy.com,https://theshopezzy.com,shopify,True,5,1,,Liverpool|Man United|Manchester United|Real Madrid|Real Madrid|AC Milan,949.0,949.0
thespykegamepro.com,https://thespykegamepro.com,woocommerce,False,0,1,,,0,0
thevapestorepro.com,https://thevapestorepro.com,wix,False,0,1,,,0,0
thevintageclothing.pk,https://thevintageclothing.pk,shopify,True,5,1,,jhonnypolo|jhonnypolo|jhonnypolo|jhonnypolo|jhonnypolo,1499.0,1499.0
thriftwallet.in,https://thriftwallet.in,shopify,True,5,1,,Clearance sales|Wholesale|2026-03-26T19:53:17Z|affordable-fashion|all-season versatile|baggy-fit|bottomwear|2026-03-26T19:51:41Z|affordable-fashion|all-season versatile,594.0,999.0
thtruemart.vn,https://thtruemart.vn,magento,False,0,1,,,0,0
thuancomputer.com,https://thuancomputer.com,woocommerce,True,0,1,,,0,0
tiendapremium24h.es,https://tiendapremium24h.es,shopify,True,5,1,,,10.0,220.0
tieshop.com,https://tieshop.com,shopify,True,5,1,,Blogger|Chi Chi Slim|scarves|Blogger|Chi Chi Slim|scarves|Blogger|Chi Chi Slim|scarves|Blogger,185.0,185.0
timilla.shop,https://timilla.shop,shopify,True,5,1,,,149.0,299.0
titanwatches.com.bd,https://titanwatches.com.bd,shopify,True,5,1,,3246SM01|brand_Fastrack|Clasp|collection_Bare Basics|gender_Men|Brand_Sonata|Case Material_Metal|Case Shape_Round|Men|Metatag_Men's Watch,2096.25,6396.25
tmfragrance.com,https://tmfragrance.com,shopify,True,5,1,,airy sweet fragrance|airy sweet perfume trend|Amber|ambergris mineral scents.|ambergris scent,499.0,1599.0
tmgame99.com,https://tmgame99.com,woocommerce,True,0,1,,,0,0
toiveshop.com,https://toiveshop.com,shopify,True,5,1,,Alaosat|Housut|Naiset|Neutraalin sävyiset tuotteet|Uutuudet|Mekot|Neutraalin sävyiset tuotteet|Uutuudet|Yläosat|Naiset,64.0,84.0
tokyogamesrgh.com.br,https://tokyogamesrgh.com.br,wix,False,0,1,,,0,0
tokyoverdy.shop,https://tokyoverdy.shop,shopify,True,5,1,,NEW|PICK UP|RECOMMENDED ITEMS|ヴェルディ|ヴェルディ_アスレタヴェルディグッズ|NEW|PICK UP|RECOMMENDED ITEMS|ヴェルディ|ヴェルディ_アスレタヴェルディグッズ,8250.0,14000.0
tomiwatches.pk,https://tomiwatches.pk,shopify,True,5,1,,Branded watch|Business watch|Casual watch|Couple watch|Couple watches|Branded watch|Business watch|Casual watch|Couple watch|Couple watches,2390.0,3450.0
tomobile.store,https://tomobile.store,woocommerce,True,0,1,,,0,0
tonesfashion.com,https://tonesfashion.com,shopify,True,5,1,,Restocked|Restocked,999.0,1299.0
toolstore.com.co,https://toolstore.com.co,shopify,True,5,1,,COMBOS|ONLINE ABRIL 2026|COMBOS|ONLINE ABRIL 2026|COMBOS|ONLINE ABRIL 2026|COMBOS|ONLINE ABRIL 2026|COMBOS|ONLINE ABRIL 2026,399900.0,899900.0
top-shop.md,https://top-shop.md,woocommerce,False,0,1,,,0,0
toponegame.co.in,https://toponegame.co.in,woocommerce,True,0,1,,,0,0
topshoes.store,https://topshoes.store,shopify,True,5,1,,,870.0,1355.0
tougenanki-animestore.com,https://tougenanki-animestore.com,shopify,True,5,1,,_NEW|ur-favorite|予約商品|_NEW|ur-favorite|予約商品|_NEW|ur-favorite|予約商品|_NEW,880.0,7040.0
towelmuseum-shop.jp,https://towelmuseum-shop.jp,shopify,True,5,1,,5000〜10000円|cococibeauty|cococildk|アパレル|ギフト・ラッピング可商品|10001円〜|cococibeauty|cococildk|アパレル|ガーゼ,990.0,13200.0
townscapergame.com,https://townscapergame.com,magento,True,0,1,,,0,0
toyloft.in,https://toyloft.in,shopify,True,5,1,,LMI|LMI|LMI|LMI|LMI,899.0,1499.0
toynix.pk,https://toynix.pk,shopify,True,5,1,,4ft pool|baby pool|children pool|inflatable pool|Intex pool|color matching puzzle|kids educational puzzle|kids maze game Pakistan|magnetic board game kids|magnetic maze puzzle,220.0,6499.0
toyota-select.co.il,https://toyota-select.co.il,woocommerce,True,0,1,,,0,0
toys-india.com,https://toys-india.com,shopify,True,5,1,,1:64|BURAGO|CARS|EXCLUSIVES|FORD|1:64|BURAGO|CARS|EXCLUSIVES|FORD,1899.0,1999.0
toysforlittleminds.com,https://toysforlittleminds.com,woocommerce,True,0,1,,,0,0
toysrus.co.il,https://toysrus.co.il,shopify,True,5,1,,PriorityConnectorProduct|PriorityConnectorProduct|PriorityConnectorProduct|משחקי קופסא|PriorityConnectorProduct|משחקי קופסא|PriorityConnectorProduct,69.9,139.9
toystorey.in,https://toystorey.in,shopify,True,5,1,,Car|mini remote car|rc car|rc helicopter|remote|activity|beach|beach play|games|mould,99.0,1850.0
toyzzshop.bg,https://toyzzshop.bg,magento,True,0,1,,,0,0
toyzzz.rs,https://toyzzz.rs,woocommerce,False,0,1,,,0,0
tramboosports.com,https://tramboosports.com,shopify,True,5,1,,no-cod|nocod|no-cod|nocod|no-cod|nocod|noreturn|no-cod|nocod|ppcod,3499.0,42000.0
tree-stores.com,https://tree-stores.com,shopify,True,5,1,,amany 15|tree10|amany 15|tree10|amany 15|tree10|amany 15|tree10|amany 15|tree10,550.0,999.0
treko.shop,https://treko.shop,woocommerce,True,0,1,klarna,,0,0
tresfereshop.com,https://tresfereshop.com,shopify,True,5,1,,borse|new|borse|new|borse|new|borse|new|borse|new,6.8,6.8
trpwatchcollection.com,https://trpwatchcollection.com,shopify,True,5,1,,,1799.0,2599.0
tuateaferries.com,https://tuateaferries.com,woocommerce,True,0,1,,,0,0
tulipdesigner.com,https://tulipdesigner.com,shopify,True,5,1,,bridal guest lehenga|dupatta designer lehenga|dupatta festive lehenga|dupatta heavy lehenga|dupatta lehenga outfit|anarkali designer wear|anarkali embroidery work|anarkali festive wear|anarkali for bride|anarkali sequence work,1399.0,2999.0
twinfragrance.shop,https://twinfragrance.shop,shopify,True,5,1,,,60.0,500.0
ueirorganic.com,https://ueirorganic.com,shopify,True,5,1,,,97.0,167.0
ukfashions.pk,https://ukfashions.pk,shopify,True,5,1,,Silk|Summer Cotton|Bona Dora|Bona Dora|Chiffon,2500.0,5500.0
underattackapparel.com,https://underattackapparel.com,shopify,True,5,1,,Test|woo_import_1|Test|woo_import_1,1499.0,2249.0
unicorngadgetss.com,https://unicorngadgetss.com,shopify,True,5,1,,,1499.0,1499.0
uniqueclothings.com,https://uniqueclothings.com,shopify,True,5,1,,,950.0,1200.0
uniquestore.ro,https://uniquestore.ro,woocommerce,True,0,1,stripe,,0,0
unitedperfumesllc.com,https://unitedperfumesllc.com,bigcommerce,True,0,1,,,0,0
unlimitedfashionstore.com,https://unlimitedfashionstore.com,shopify,True,5,1,,Feeding Maxi 2XL (Size - 40)|Feeding Maxi L (Size -34)|Feeding Maxi XL (Size - 36)|Frock|Feeding Maxi XL (Size - 36)|Imai Jewels|Imai Jewels|Frock|Normal Maxi,299.0,345.0
urb.shop,https://urb.shop,shopify,True,5,1,,First Class|RESTRICTED_THCA_N|RESTRICTED_D9CBD_170_E|RESTRICTED_D9CBD_5_E|4-pack|RESTRICTED_D9CBD_50_E|RESTRICTED_D9CBD_5_E|6-pack|RESTRICTED_D9CBD_5_E|Hide From Frontend,17.49,99.99
urbanbeauty.pk,https://urbanbeauty.pk,shopify,True,5,1,,Beauty Tools|Flat 50% off|Makeup|Mascara|Beauty Tools|Flat 50% off|Makeup|Mascara|Flat 50% off|Mascara,239.0,299.0
urbanjungle.shop,https://urbanjungle.shop,shopify,True,5,1,,backpack|backpack|cat_accessories|cat_accessories|no-cod|personalization|plates|cat_accessories|no-cod|personalization,699.0,4495.0
urbanspacestore.in,https://urbanspacestore.in,shopify,True,5,1,,Bedsheets|fitted|Floral|King Fitted|King Size|Bedsheets|fitted|Floral|King Fitted|King Size,1799.0,1799.0
urvasiladiesnovelty.com,https://urvasiladiesnovelty.com,shopify,True,5,1,,,429.0,1079.0
uwears.store,https://uwears.store,shopify,True,5,1,,,350.0,599.0
valeriosfashion.com,https://valeriosfashion.com,shopify,True,5,1,,3/28|VD|VDEVENING|VDMAX|VDPARTY|3/28|VBLOUSES|vk|VSHIRTS|VSUMMERSHIRT,34.95,47.95
vanlife-store.com,https://vanlife-store.com,shopify,True,5,1,,"Batteries|collection ""Meilleures ventes / Promos""|Kits solaires|Pack électriques|Selection Vanlife Store|Batteries|collection ""Meilleures ventes / Promos""|Electricité|Kits solaires|Pack d'installation",139.0,1649.0
vapebatt.com,https://vapebatt.com,shopify,True,5,1,,Dab|Dab & Wax Vaporizers|Dab Pen|Dab Pen Battery|High Margin Item|510 Cartridge Battery|510 Thread Battery|Cart Battery|Cartridge Battery|cartridge vape,11.98,26.95
vapehaus.com.my,https://vapehaus.com.my,shopify,True,5,1,,,25.0,369.0
vapemall.pk,https://vapemall.pk,shopify,True,5,1,,coil|OXVA|Oxva Xlim|OXVA XLIM 3ml|Pods|1400mah vape|beginner vape kit|best pod vape 2026|compact vape kit|dual mesh pod,890.0,4490.0
vaperalia.es,https://vaperalia.es,prestashop,True,0,1,,,0,0
vapesinbangalore.in,https://vapesinbangalore.in,shopify,True,5,1,,salt|disposal|disposal|a3|g3 pro|g3 pro koko|gk2|disposal,1799.0,3999.0
vapevilla.in,https://vapevilla.in,shopify,True,5,1,,disposable|Juice|Juice & E-Liquid salt|Juice|Juice & E-Liquid salt|disposable|Reusable,899.0,4800.0
vapewh.com,https://vapewh.com,shopify,True,5,1,,ACTIVE|excise_nicotine|ACTIVE|excise_nicotine|notgbp|ACTIVE|excise_nicotine|notgbp|ACTIVE|excise_nicotine,0.01,1000.0
vapexlabs.in,https://vapexlabs.in,shopify,True,5,1,,14000 puffs|5% nicotine|disposable vape|rechargeable vape|type-c|30mL|40000 piffs|5% nicotine|850mAh battery|disposable vape,1400.0,3099.0
vasofashion.it,https://vasofashion.it,shopify,True,5,1,,bundle|2025|43811|ABBIGLIAMENTO|ABITI|Blu|ABITO|ABITOLUNGO|bomber|bundle,138.6,250.2
vaultroom.shop,https://vaultroom.shop,shopify,True,5,1,,,9900.0,55000.0
vedantu.store,https://vedantu.store,shopify,True,5,1,,CBSE Books|CBSE Books|NEW,305.0,1531.0
veggiegardenseeds.com.au,https://veggiegardenseeds.com.au,shopify,True,5,1,,Autumn|Flower Seeds|Not Large Item|Seeds|Spring|Flower Seeds|Not Large Item|Seeds|Spring|Summer,4.2,5.5
veriteshoes.com,https://veriteshoes.com,shopify,True,5,1,,ALAZKA|TENIS|TENIS|UTAH|MONTANA|TENIS|MONTANA|TENIS|MONTANA|TENIS,650.0,650.0
verymiss.shop,https://verymiss.shop,shopify,True,5,1,,eye|eyeliner|LINER|liquid|very miss|eye|eyeliner|LINER|liquid|very miss,1.0,233.0
viaanakidsstore.com,https://viaanakidsstore.com,shopify,True,5,1,,activity|Adult Money|Busy board|Education products|educational|Card games|Cards|Games|Harry Potter|Indoor Games,449.0,2999.0
viacondotti.store,https://viacondotti.store,shopify,True,5,1,,Accessori|Cerimonia|Novità|PE26|Accessori|Cerimonia|Novità|PE26|Accessori|Cerimonia,12.0,49.9
vicestreetwear.com,https://vicestreetwear.com,shopify,True,5,1,,,149.0,3599.0
victorsport.in,https://victorsport.in,shopify,True,0,1,,,0,0
videogamermedellin.com,https://videogamermedellin.com,woocommerce,True,0,1,,,0,0
vijayaartjewellery.com,https://vijayaartjewellery.com,shopify,True,5,1,,,950.0,5750.0
villagedecor.in,https://villagedecor.in,shopify,True,5,1,,Kalvam|Kitchen Tools|Mortar & Pestle Sets|New Arrivals|spreadr-hidden|Ammikal|Kitchen|Kitchen Tools|Mortar & Pestle Sets|spreadr-hidden,649.0,3699.0
villefashion.com,https://villefashion.com,shopify,True,5,1,,saree,999.0,1299.0
vim-beauty.com,https://vim-beauty.com,shopify,True,5,1,,TikTokShop接続|TikTokShop接続|TikTokShop接続,1760.0,3190.0
vintagestore.pk,https://vintagestore.pk,shopify,True,5,1,,,999.0,20000.0
vintagewatcholic.in,https://vintagewatcholic.in,shopify,True,5,1,,17 Jewels|Seiko 5|Seiko 5 MOD with Strap|Shop-all|vintage seiko|17 Jewels|HMT JANATA|Shop-all|35MM Case|HMT,750.0,5450.0
vitaminshoppeparaguay.com.py,https://vitaminshoppeparaguay.com.py,shopify,True,5,1,,spo-default|spo-disabled|Stim Free|Creatina|Creatina Monohidratada|spo-default|spo-disabled|Magnesio|Minerales|Nuevo,120000.0,259000.0
vivaiogardenforest.it,https://vivaiogardenforest.it,shopify,True,5,1,,,20.0,38.0
vivoonlinestore.com,https://vivoonlinestore.com,shopify,True,5,1,,Serie V|Cargadores|Serie V,22.5,699.0
voucherbd.com,https://voucherbd.com,woocommerce,True,0,1,,,0,0
voyageeyewear.com,https://voyageeyewear.com,shopify,True,5,1,,Green|K051PMG|Medium|Men|Polarized|Black|Blue|K051PMG|Medium|Men,1499.0,1499.0
vulcanorunning.com,https://vulcanorunning.com,shopify,True,5,1,,2026 (A)|Adulto|AW26|Bottom (C)|ColeccionCotidiano|2026 (A)|Accesorios (C)|Accesorios (UN)|Adulto|AW26,12990.0,199990.0
wallethr.com,https://wallethr.com,wix,False,0,1,,,0,0
wargosports.com,https://wargosports.com,shopify,True,5,1,,ATLETA|Fly Bundles|Pantalones Joggers Hombre|STREET JOGGERS|AMOR Y AMISTAD|ATLETA|ATLETAS|NO SUMMER SALE|NO WARGO WEEKEND|ATLETA,90000.0,270000.0
watchesreplicauk.to,https://watchesreplicauk.to,woocommerce,True,0,1,,,0,0
watchitmove.in,https://watchitmove.in,shopify,True,5,1,,,2000.0,7000.0
watchtopia.in,https://watchtopia.in,shopify,True,5,1,,nada-hidden|Pre Owned|Seiko|nada-hidden|Pre Owned|Seiko|nada-hidden|Pre Owned|Seiko|nada-hidden,6499.0,13400.0
watchtown.in,https://watchtown.in,woocommerce,True,0,1,,,0,0
watts-team.com,https://watts-team.com,shopify,True,5,1,,AH25|Homme|nouvelle co|PE26|Streetwear|AH25|Enfant|Femme|Homme|NEW CO,9.99,39.99
wayanadantouchgarden.com,https://wayanadantouchgarden.com,shopify,True,5,1,,,89.0,449.0
wearduds.com,https://wearduds.com,shopify,True,5,1,,baggy|comfortable|cotton|Duds|Gen-z|baggy|comfortable|cotton|Duds|Gen-z,499.0,2699.0
wearme.ua,https://wearme.ua,shopify,True,5,1,,2025|casual|new_2025_spting-summer|весна 2026|2026|весна 2026|2024|casual|classic|2026,302.0,1255.0
wearmedfit.com,https://wearmedfit.com,shopify,True,5,1,,accessories|basic|classic-women|men|prime|scrubs|basic|classic-women|men|prime,299.0,3999.0
wearyourwords.in,https://wearyourwords.in,shopify,True,5,1,,cf-size-26|cf-size-28|cf-size-30|cf-size-32|cf-size-34|cf-size-26|cf-size-28|cf-size-30|cf-size-32|cf-size-34,1999.0,1999.0
wellness-dining.com,https://wellness-dining.com,woocommerce,False,0,1,,,0,0
wellness-pro.com,https://wellness-pro.com,shopify,True,0,1,,,0,0
whatavitamin.com,https://whatavitamin.com,shopify,True,5,1,,,1419.0,2289.0
whatsupwellness.in,https://whatsupwellness.in,shopify,True,5,1,,sticky_variant|not-all|sticky_variant|booster_base|sticky_variant|sticky_variant|sticky_variant,299.0,2599.0
whey-protein.ch,https://whey-protein.ch,shopify,True,5,1,,Hautpflege Serum|Staffelrabatt 12% ab 3 Stk.,13.9,17.9
wholesalecatalogz.com,https://wholesalecatalogz.com,opencart,True,0,1,,,0,0
whooshmotorsports.com,https://whooshmotorsports.com,shopify,True,5,1,,Elantra N spare ecu|Elantra N tuning|Lap3|Lap3 Authentic Tuning|Lap3 Tuning|Elantra N spare ecu|Elantra N tuning|Lap3|Lap3 Authentic Tuning|Lap3 Tuning,79.99,3050.0
winepalacegoa.com,https://winepalacegoa.com,woocommerce,False,0,1,,,0,0
winklernutrition.cl,https://winklernutrition.cl,shopify,True,5,1,,Cápsulas|Keto Friendly|Libre de Gluten|Nutrición clínica|Vitamina|Aminoácidos|BCAAs|Fuerza y masa muscular|Informed Sports|Keto Friendly,9990.0,32990.0
wintersportweerman.nl,https://wintersportweerman.nl,woocommerce,True,0,1,,,0,0
wnc-cbd.com,https://wnc-cbd.com,bigcommerce,True,0,1,,,0,0
wonkycoffee.com,https://wonkycoffee.com,shopify,True,5,1,,,6.0,42.0
woolcraftstore.com,https://woolcraftstore.com,shopify,True,5,1,,Thread|Accessories|Accessories,20.0,550.0
xgamecenter.pl,https://xgamecenter.pl,woocommerce,False,0,1,,,0,0
xlncperfumery.com,https://xlncperfumery.com,shopify,True,5,1,,Amberwood|Black Pepper|Cedar|diptyque tam dao|dunhill icon|Elite Edition|perfume|Elite Edition|perfume|Elite Edition,499.0,1999.0
xwine.club,https://xwine.club,shopify,True,5,1,,스페인|pinard|레어|버건디|파타유|pinard|레어|버건디|파타유|lenseignedubordeaux,28.0,88.0
y2kphones.com,https://y2kphones.com,shopify,True,5,1,,alt mive|alt mive case|alt mive case buy|alt mive clear case|alt mive folder case|4G connectivity|4G LTE|Active lifestyle|Active tech|Adventure gear,19.99,209.99
yloshoes.com,https://yloshoes.com,shopify,True,5,1,,2x199.000|no outlet|tienda online|2x199.000|no outlet|PLATAFORMAS 2X199|Plataformas mujer|tienda online|bolso con iniciales|bolso personalizado iniciales,110000.0,190000.0
yusufbhaifragrances.in,https://yusufbhaifragrances.in,shopify,True,5,1,,fragrance_oil|Inspired by|perfume_oil|recreation|Victor Rolf|fragrance_oil|Inspired by|perfume_oil|recreation|Roberto Cavalli,1300.0,2100.0
yzerfashion.be,https://yzerfashion.be,shopify,True,5,1,,softtouch-226082|softtouch-247266|softtouch-247261|softtouch-247249|softtouch-247242,59.95,102.9
zacelectronic.com,https://zacelectronic.com,woocommerce,True,0,1,,,0,0
zamsh.shoes,https://zamsh.shoes,shopify,True,5,1,,דגמים-חדשים|00|best-sellers|נעלי-נוחות-לנשים|נעליים-שטוחות|סנדלים-לנשים|00|כפכפים-לנשים|נעלי-נוחות-לנשים|נעליים-שטוחות,149.0,349.0
zanywholesaleshub.com,https://zanywholesaleshub.com,woocommerce,True,0,1,,,0,0
zareefashion.com,https://zareefashion.com,shopify,True,5,1,,Pinterest Dress|Pinterest Top|Pinterest Dress|Pinterest Dress,879.0,1009.0
zariracollection.shop,https://zariracollection.shop,shopify,True,5,1,,,1750.0,1899.0
zayraapparel.com,https://zayraapparel.com,shopify,True,5,1,,,299.0,299.0
zdrave-proteiny.cz,https://zdrave-proteiny.cz,woocommerce,True,0,1,,,0,0
zenzperfumes.com.mx,https://zenzperfumes.com.mx,shopify,True,5,1,,LATTAFA|LATTAFA|LATTAFA|KAYALI|XERJOFF,105.0,1488.0
zillionsgift.ca,https://zillionsgift.ca,magento,True,0,1,,,0,0
zoroshop.store,https://zoroshop.store,shopify,True,5,1,,2u1 Aku Set - Bušilica i Brusilica 128V|2u1 ​Aku Set (128V): Bušilica i Brusilica|Aku brusilica|Aku busilica|brusilica|Aku mini motorna pila|Aku Motorka - Dvije Baterije 128V - s pomazivanjem|Aku motorna pila|Nordic|Prekrivac za kauc,29.0,109.0
zudiobeauty.com,https://zudiobeauty.com,shopify,True,5,1,,Bodycare|Drip Face Wash|Eyes|Volumizing & Lengthening Mascara|2-in-1 Lip Duo (Shimmer Lipstick + Lip colour)|Lips,0,0
foodwithlove.shop,https://foodwithlove.shop,shopify,True,5,1,,Kein Buch|Kochen MC|neu|Rabattfähig|Zubere﻿iten MC|Kein Buch|neu|reinigung|Zubehör Airfryer|Zubehör Kontaktgrill,8.9,75.9
hensel-store.com,https://hensel-store.com,woocommerce,False,0,1,,,0,0
omnifeedandsupply.com,https://omnifeedandsupply.com,shopify,True,5,1,,Brand_NaturVet|Category_Dog Health Supplements|Price_$10 to $30|Species_Dog|Brand_NaturVet|Category_Dog Health Supplements|Price_$10 to $30|Species_Dog|Cat Health & Wellness|Category_Cat Health Supplements,1.99,24.99
gamelady.net,https://gamelady.net,woocommerce,True,0,1,,,0,0
swanson-vitamins.com,https://swanson-vitamins.com,shopify,True,0,1,,,0,0
daiwa-store.ru,https://daiwa-store.ru,opencart,True,0,1,,,0,0
royalflushvape.co.uk,https://royalflushvape.co.uk,shopify,True,5,1,,Active|Active NEW|e-liquids:nicotine-salts|flavour:Fruits|multibuy:3 x E-Liquids for £9|Active|Active NEW|e-liquids:nicotine-salts|flavour:Fruits|multibuy:3 x E-Liquids for £9,3.99,3.99
dlv-shop.de,https://dlv-shop.de,magento,True,0,1,,,0,0
sportshawaii.com,https://sportshawaii.com,woocommerce,True,0,1,,,0,0
beautybulletin.com,https://beautybulletin.com,woocommerce,True,0,1,,,0,0
lloydsfamilyjewellery.co.uk,https://lloydsfamilyjewellery.co.uk,magento,True,0,1,,,0,0
izyshoes.gr,https://izyshoes.gr,magento,True,0,1,,,0,0
ultimatetattoosupply.com,https://ultimatetattoosupply.com,shopify,True,5,1,,"1.5"" cartridge grips|Brand:Ink Machines|cartridge grip|cartridge grips|Category_Default Category/New Arrivals|All Inks|black|black inks|Brand|ColorFamily:Black",7.49,99.99
sujaorganic.com,https://sujaorganic.com,shopify,True,5,1,,non_sellable|non_sellable|non_sellable|non_sellable|multipack,73.99,73.99
tabja.shop,https://tabja.shop,shopify,True,5,1,,All|eve|Mannequin Collection|All|eve|Mannequin Collection|All|eve|Mannequin Collection,697.5,1630.0
paylessfurnitureohio.com,https://paylessfurnitureohio.com,shopify,True,5,1,,bed-pillow|Brand_Ashley|Collection_Nectar Classic|Color_White|consumer-assembly_no-assembly-required|bed-pillow|Brand_Ashley|Collection_DreamCloudTM Classic|Color_White|consumer-assembly_no-assembly-required,59.99,1619.99
exodusrideshop.com,https://exodusrideshop.com,shopify,True,5,1,,Dunk|Excluded|Footwear|Footwear Men's Skate Shoes|Footwear: Men's Shoes|BTS|Footwear|Footwear Men's Skate Shoes|Footwear: Men's Shoes|Vans,64.95,120.0
continentalwindowfashions.com,https://continentalwindowfashions.com,shopify,True,5,1,,Additional Options:Select Size (rod length)|Projection|Cord Length|All Options:Mount Type|Select Size (rod length)|Select Color|Projection|Cord Length|Draw Type|Brand_Orion|IA03|Import Batch: 1710161815|Additional Options:Select Size (rod length)|Projection|Cord Length|All Options:Mount Type|Select Size (rod length)|Select Color|Projection|Cord Length|Draw Type|Brand_Orion|IA03|Import Batch: 1710161815,459.0,1790.0
motorbargh.shop,https://motorbargh.shop,woocommerce,True,0,1,,,0,0
siameyewear.com,https://siameyewear.com,woocommerce,True,0,1,,,0,0
urbankitsupply.com,https://urbankitsupply.com,shopify,True,5,1,,100-150|chrome-industries|EDC|EDC: Backpacks|EDC: Bags|100-150|chrome-industries|EDC|EDC: Backpacks|EDC: Bags,2.9,139.0
a2zclothing.com,https://a2zclothing.com,magento,True,0,1,,,0,0
balladesports.com,https://balladesports.com,shopify,True,5,1,,Brand_HKS|Make_Honda|Model_Civic Type R FK8|Brand_HKS|Make_Honda|Model_Civic Type R FK8|Brand_HKS|Make_Honda|Model_Civic Type R FK8|Brand_Mugen,19.0,1039.0
kitchenniche.ca,https://kitchenniche.ca,shopify,True,5,1,,Kitchen Cleaning Supplies|Electric Pepper & Salt Mills|Electric Pepper & Salt Mills|Electric Pepper & Salt Mills|Salt Mills,9.99,139.99
showtimeelectronics.com,https://showtimeelectronics.com,shopify,True,5,1,,"12 Volt|12V|14 Volt|14V|16 Volt|15"" Subwoofer|Brands/Kicker|Brands/Kicker/Subwoofers|SOLOX|Subwoofer Size_15-Inch",20.0,799.99
nutcrackerballetgifts.com,https://nutcrackerballetgifts.com,shopify,True,5,1,,15 Inch|15 inch nutcracker|Discount-Yes|maisonette|Nutcrackers|15 Inch|15 inch nutcracker|badge_Sold out|Discount-Yes|maisonette,14.99,36.99
mycigara.com,https://mycigara.com,shopify,True,5,1,,0-50W|0.8 Ohms|1000-1999mAh|Brand_OXVA|Built-in battery|2 for £9|6mg|9mg|Brand_NordicSpirit|Citrus,6.5,26.99
itipteam.com,https://itipteam.com,woocommerce,True,0,1,,,0,0
kingwoodkidney.com,https://kingwoodkidney.com,woocommerce,False,0,1,,,0,0
factionmotorsports.com,https://factionmotorsports.com,bigcommerce,True,0,1,,,0,0
furnituremood.com,https://furnituremood.com,magento,True,0,1,,,0,0
danformshoesvt.com,https://danformshoesvt.com,shopify,True,5,1,,Brand_Skechers|Category_Sneakers & Athletic Shoes|Closure_Elastic|Closure_Lace-up|Closure_Velcro/Hook and Loop|Brand_Josef Seibel|Category_Sandals|Closure_Buckle|Closure_Velcro/Hook and Loop|Discount Eligible,55.0,175.0
discreetsmoker.com,https://discreetsmoker.com,shopify,True,5,1,,Fulfilled by Crowdship|Portable Vaporizer|Randy's|Vaporizer|Vaporizer Battery|Fulfilled by Crowdship|Fulfilled by Crowdship|Fulfilled by Crowdship|Fulfilled by Crowdship,25.0,89.99
shopontheedge.com,https://shopontheedge.com,shopify,True,5,1,,100-150|birkenstock|Birkenstock clog|birkenstock clogs|Birkenstock Naples Wrapped|100-150|birkenstock|Birkenstock boots|Birkenstock Highwood Slip On|birkenstock slip-ons,94.95,124.95
loveboxperu.shop,https://loveboxperu.shop,shopify,True,5,1,,,79.0,97.0
jm-wholesale.co.uk,https://jm-wholesale.co.uk,shopify,True,5,1,,Bongs|Glass Bongs|PAR|SMOKING|Wholesale Glass Bongs|AS|ashtray|Grinders|SMOKING|Wholesale Grinders,2.45,70.0
taranakibeerfestival.co.nz,https://taranakibeerfestival.co.nz,woocommerce,False,0,1,,,0,0
hillsports.com.au,https://hillsports.com.au,wix,False,0,1,,,0,0
eleen.store,https://eleen.store,shopify,True,5,1,,,1299.0,1999.0
osmondsfurniture.com,https://osmondsfurniture.com,shopify,True,5,1,,all wood stools|ash wood|Bohemian|Boho|Brown Wood Stool|all wood stools|ash wood|Black wood Stool|Bohemian|Boho,473.91,499.98
turbokids.ca,https://turbokids.ca,shopify,True,5,1,,264_cm|Accessoires|Couleur_Bleu|Couleur_Noir|Couleur_Orange|(1200 Watts)|(2x500 Watts)|(2x500_Watts)|18a|52 Volts,59.95,5499.95
albagame.al,https://albagame.al,shopify,True,5,1,,NEW|Toys|Toys|Blind Box|Hobby & Fun|Toys|Availability_Pre-Order|Toys,399.0,2199.0
wearerocksax.com,https://wearerocksax.com,shopify,True,5,1,,artist: Coheed & Cambria|Coheed & Cambria|LP Vinyl|nada-hidden|New|artist: Moby|LP Vinyl|Moby|nada-hidden|New,31.99,55.99
corehomefitness.com,https://corehomefitness.com,shopify,True,5,1,,,24.99,649.97
supplyvan.com,https://supplyvan.com,bigcommerce,True,0,1,,,0,0
ironbrothers-shop.com,https://ironbrothers-shop.com,shopify,True,5,1,,_label_Neu|DHA|EPA|Essentials|Essentzielle Fettsäuren|CreaPure|Creatine Ultra Pure Monohydrate|Doppel Pack|Doppelpack|Dose,28.33,89.9
babyonline.co.nz,https://babyonline.co.nz,shopify,True,5,1,,b.box|b.box_disc|b.box_overstock|BottlesTraining Cups|brands_discontinued|Collection_Huggies_Wipes|collections_baby_wipes|huggies-range|wet-wipes-and-nappy-liners|app_feeding_soothing_health,13.99,23.99
asiansports.in,https://asiansports.in,shopify,True,5,1,,new arrival|new arrival|new arrival|Adjustable golf cap|best cap|Best golf cap|best golf caps|cap|Adjustable golf cap|best cap,839.0,1649.0
kidsinfy.in,https://kidsinfy.in,shopify,True,5,1,,499-999|age_46|age_68|char_car|color_multi|499-999|age_46|age_68|char_car|color_multi,799.0,799.0
chucksboots.com,https://chucksboots.com,woocommerce,True,0,1,,,0,0
colibriskincare.de,https://colibriskincare.de,shopify,True,5,1,,moon|sun|set|moon|Niacinamide|sun,8.95,70.07
swissphone.de,https://swissphone.de,woocommerce,False,0,1,,,0,0
shopfittingwarehouse.co.uk,https://shopfittingwarehouse.co.uk,bigcommerce,True,0,1,,,0,0
goodgamesnorth.com.au,https://goodgamesnorth.com.au,shopify,True,5,1,,Inventory Type: SINGLES|Location: Good Games North|Magic: The Gathering|Rarity: Rare|Set: Planar Chaos|Inventory Type: SINGLES|Location: Good Games North|Magic: The Gathering|Rarity: Rare|Set: Commander 2014,1.5,18.75
shopnoble.com,https://shopnoble.com,shopify,True,5,1,,adult|ash|black|canvas|new arrivals|adult|canvas|navy|navy blue|new arrivals,125.0,125.0
yvolve.shop,https://yvolve.shop,shopify,True,5,1,,Kollektion_Lieblingsbecher|Marke_yvolve|Preishammer|Produktkategorie_Tassen|Daily Deal|Difuzed Men T-shirt Regular fit|Geschlecht_Männer|Kategorie_Manga & Anime|Marke_Death Note|Kategorie_Manga & Anime,4.99,49.99
curvyswimwear.com.au,https://curvyswimwear.com.au,shopify,True,5,1,,10|12|14|16|18|10|12|14|16|18,50.0,139.95
ramfabeauty.com,https://ramfabeauty.com,shopify,True,5,1,,Aromatic|Basil|Bergamot|Cedar|Citrus|Amber|Ambroxan|Borntostandout|Citrus|Cumin,1290.0,28430.0
gellerlighting.com,https://gellerlighting.com,bigcommerce,True,0,1,,,0,0
classicboatsupplies.com,https://classicboatsupplies.com,bigcommerce,False,0,1,,,0,0
airsoftsports.de,https://airsoftsports.de,woocommerce,True,0,1,,,0,0
foothillsamishfurniture.com,https://foothillsamishfurniture.com,shopify,True,5,1,,Amish-Made|Bedroom|Hardwood|Night Stand|SC Madison Collection|Amish-Made|Bedroom|Hardwood|Night Stand|SC Madison Collection,0,0
elegantvapestore.com,https://elegantvapestore.com,woocommerce,True,0,1,,,0,0
abyssgamestore.ca,https://abyssgamestore.ca,shopify,True,5,1,,Artist_Joe Slucher|Brand_Magic the Gathering|Card Type_Creature|Color_Green|Color_Multicolor|Brand_Magic the Gathering|Card Type_Creature|Color_Blue|Color_Green|Color_Multicolor,0,0
goblingames.nz,https://goblingames.nz,shopify,True,5,1,,Brand_Magic the Gathering|Card Type_Creature|Color_White|Printing_Non-Foil|Rarity_Common|Brand_Magic the Gathering|Card Type_Creature|Color_White|Printing_Non-Foil|Rarity_Rare,0,0
havanna-shoes.dk,https://havanna-shoes.dk,shopify,True,5,1,,color-brown|flade sandaler|gaveindpakning|new|nyhed|color-brown|gaveindpakning|new|nyhed|sandal,639.96,899.0
noororganicq8.com,https://noororganicq8.com,shopify,True,5,1,,Hair Care|Hair Care,7.9,37.9
stealthride.co.nz,https://stealthride.co.nz,shopify,True,5,1,,Cables|Hurst|Shifters|Transmission & Driveline|Aeroflow Performance|Aeroflow Performance|Aeroflow Performance,26.85,180.17
westernwear.co.uk,https://westernwear.co.uk,shopify,True,5,1,,,135.0,185.0
jamesandjamesfurniture.com,https://jamesandjamesfurniture.com,shopify,True,5,1,,badge:Ready to Ship|collection: Ready to Ship|Collection: Ready to Ship Tables|Dining|espresso|badge::20% Off|Badge:Flash Sale|badge:Ready to Ship|Buy Now|dining,1040.0,5490.0
fortea.de,https://fortea.de,shopify,True,5,1,,noindex|noindex|noindex|noindex|noindex,32.49,149.97
californiaherbanlife.com,https://californiaherbanlife.com,woocommerce,False,0,1,,,0,0
myperfumeshop.co.za,https://myperfumeshop.co.za,woocommerce,True,0,1,,,0,0
migros-shop.de,https://migros-shop.de,shopify,True,5,1,,,2.01,11.99
boxofeverything.shop,https://boxofeverything.shop,woocommerce,True,0,1,,,0,0
sayebrand.com,https://sayebrand.com,shopify,True,5,1,,m89icon|njv|product:barefoot|product:new in|product:suede|m89icon|njv|product:barefoot|product:new in|product:suede,130.0,165.0
learning4kids.net,https://learning4kids.net,woocommerce,True,0,1,,,0,0
computersandco.com,https://computersandco.com,wix,False,0,1,,,0,0
ascateringsupplies.com,https://ascateringsupplies.com,magento,True,0,1,,,0,0
premiumxl.es,https://premiumxl.es,shopify,True,5,1,,,79.99,205.99
workbootwarehouse.com.au,https://workbootwarehouse.com.au,shopify,True,5,1,,,49.95,99.95
graceandcojewellery.co.uk,https://graceandcojewellery.co.uk,shopify,True,5,1,,Pandora|Top 150|Pandora|Top 150|Pandora|top 50|Pandora|Top 150|Pandora|Top 150,99.0,99.0
thepowertoolstore.com,https://thepowertoolstore.com,shopify,True,5,1,,076174835502|Accessories|Cabinet Installation|Clamp|Construction|076174835502|Accessories|Cabinet Installation|Clamp|Construction,14.99,460.0
jnlgame.com,https://jnlgame.com,shopify,True,5,1,,2003|2003-08|Action Adventure > Survival|KCET|Konami|2000|2000-12|Atlus|Persona|PlayStation 1,59.99,899.99
shoppriceless.com,https://shoppriceless.com,shopify,True,5,1,,_swatch_collection-angela-set|_swatch_color-#fff3c3|New Arrivals|New Arrivals|New Arrivals|_swatch_collection-adelita-top|_swatch_color-#FFFFFF|New Arrivals|New Arrivals,38.0,95.0
soccersportfitness.ca,https://soccersportfitness.ca,shopify,True,5,1,,"2026|5""|age_group_adult|Course à pied|DFW_Femme|2026|age_group_adult|chaussure|Chaussures|Chaussures de course hivernale pour femme",99.95,209.95
teachabags.com,https://teachabags.com,shopify,True,5,1,,sale_Carol_UA|sale_Carol_UA|sale_Daria_UA|sale_Daria_UA|sale_Mei_UA,24.97,399.99
sergejs-soap.com,https://sergejs-soap.com,shopify,True,5,1,,biscuits-bundle|female|male|male|male|male,49.99,99.99
hebu-shop.ch,https://hebu-shop.ch,woocommerce,True,0,1,,,0,0
beautytime.pro,https://beautytime.pro,magento,True,0,1,,,0,0
cosmetic-premium.com,https://cosmetic-premium.com,woocommerce,True,0,1,,,0,0
offset-nutrition.com,https://offset-nutrition.com,shopify,True,5,1,,new_product|protein meal|size down|Müsli|new_product|protein meal|size down|Bundle|new_product|size down,21.9,24.9
beautyindustrygroup.com,https://beautyindustrygroup.com,magento,True,0,1,,,0,0
secondnaturebrands.com,https://secondnaturebrands.com,shopify,True,5,1,,Sanders Candy-New|sanders dark chocolate|sanders sea salt caramel|sanders tub|seasonal|All Gifts|Gift Boxes|Gift Set|sanders all gifts|Sanders Candy-New,17.54,109.99
mylegacyfurniture.com,https://mylegacyfurniture.com,shopify,True,5,1,,bed-pillow|Brand_Ashley|Collection_Nectar Classic|Color_White|consumer-assembly_no-assembly-required|bed-pillow|Brand_Ashley|Collection_DreamCloudTM Classic|Color_White|consumer-assembly_no-assembly-required,59.0,1479.0
thejamesbrand.com,https://thejamesbrand.com,shopify,True,5,1,,pdp-use-api|spo-default|spo-disabled|pdp-use-api|spo-default|spo-disabled|pdp-use-api|spo-default|spo-disabled|AMBIDEXTROUS,12.95,449.0
tsucosmeticos.com.ar,https://tsucosmeticos.com.ar,woocommerce,True,0,1,,,0,0
oxygen-equipment.com,https://oxygen-equipment.com,woocommerce,True,0,1,,,0,0
giftomory.com,https://giftomory.com,shopify,True,5,1,,100-200|50-100|metal-framed-posters|size-40x60-cm-16x24|size-60x90-cm-24x36|100-200|50-100|botanical-and-floral-art|framed-posters|Luxury Wall Art,30.5,147.94
mydrinx.shop,https://mydrinx.shop,shopify,True,5,1,,whiskys|vodkas|rums|gins|vodkas,20.99,89.17
fitness.edu.au,https://fitness.edu.au,woocommerce,True,0,1,klarna,,0,0
chocolatesclavileno.com,https://chocolatesclavileno.com,woocommerce,False,0,1,,,0,0
raakachocolate.com,https://raakachocolate.com,shopify,True,5,1,,badge-limited|badge-other-1|badge-other-2|badge-other-3|Chocolate Bar|badge-limited|badge-other-1|badge-other-2|badge-other-3|Chocolate Bar,8.0,42.0
youniquefashion.com.au,https://youniquefashion.com.au,woocommerce,True,0,1,,,0,0
directtradesupplies.co.uk,https://directtradesupplies.co.uk,woocommerce,True,0,1,,,0,0
fixmytoys.com,https://fixmytoys.com,shopify,True,5,1,,CAID_10167293|TEST20250313|ZX1_ATV/UTV|ZX2_Body/Frame|ZX3_Windshield Other Parts|CAID_10450813|TEST20250313|ZX1_OPE|ZX2_Lawn Mower Parts & Accessories|ZX3_Lawn Mower Parts,4.0,334.99
perfumelive.com,https://perfumelive.com,magento,False,0,1,,,0,0
havteam.me,https://havteam.me,woocommerce,True,0,1,,,0,0
weiswesternwear.com,https://weiswesternwear.com,shopify,True,5,1,,New In|New In|New In|New In|New In,34.95,69.95
luckybrandonline.co.zw,https://luckybrandonline.co.zw,woocommerce,True,0,1,,,0,0
sportchief.com,https://sportchief.com,shopify,True,5,1,,Article qui se range|Black|Bleu|Corail|E26|1ere couche|2XL|3XL|Chasse|Couche de base,79.99,159.99
ataphotobooths.com,https://ataphotobooths.com,woocommerce,True,0,1,,,0,0
memoriasdoesporteoficial.com.br,https://memoriasdoesporteoficial.com.br,woocommerce,True,0,1,,,0,0
sizzthebrand.com,https://sizzthebrand.com,shopify,True,5,1,,badge_NEW|badge_PRE-ORDER|badge_NEW|badge_NEW|badge_NEW|badge_NEW|Tops,9.95,79.95
teacherabc.com,https://teacherabc.com,shopify,True,5,1,,special education|Last Day Of School|Original|Last Day Of School|Original|Original|special education|special education,23.99,23.99
evwsports.com,https://evwsports.com,woocommerce,True,0,1,,,0,0
santabarbarachocolate.com,https://santabarbarachocolate.com,bigcommerce,True,0,1,,,0,0
shopdonni.com,https://shopdonni.com,shopify,True,5,1,,ALL24|apparel|baby rib|babyrib|babyrib2025|ALL24|apparel|baby rib|babyrib|babyrib2025,98.0,124.0
simplythebesttoysandgifts.uk,https://simplythebesttoysandgifts.uk,shopify,True,5,1,,Age_Older Child|Age_Teen|Age_Thirty-Something|Age_Young Adult|Age_Young At Heart|Age_Older Child|Age_Teen|Age_Thirty-Something|Age_Young Adult|Age_Young At Heart,5.99,5.99
globo-lighting.pl,https://globo-lighting.pl,prestashop,True,0,1,,,0,0
notanotherbill.com,https://notanotherbill.com,shopify,True,5,1,,Alcohol|Alcohol Gifts|All Products Exc. Food & Drinks|Beach|Deliveroo_Modifier|All Products Exc. Food & Drinks|customily|For the Homebirds|homeware|Keyrings & Lanyards,3.46,62.0
moderntimewatch.io,https://moderntimewatch.io,opencart,True,0,1,,,0,0
giftoo.com.pk,https://giftoo.com.pk,woocommerce,False,0,1,,,0,0
vsfwatches.com,https://vsfwatches.com,woocommerce,False,0,1,,,0,0
youreshopcompany.com,https://youreshopcompany.com,shopify,True,1,1,,Blind Box|Collectibles|Exciting Macaron|Labubu|POP MART,41.06,236.59
kitchenpowerpopups.com,https://kitchenpowerpopups.com,shopify,True,5,1,,brand_lew-electric|in-stock-inventory|instock-wall|wall-20|wall-black|brand_lew-electric|in-stock-inventory|instock-wall|wall-20|wall-black,7.59,406.0
shopeagleeye.com,https://shopeagleeye.com,bigcommerce,True,0,1,paypal,,0,0
apexlighting.com,https://apexlighting.com,bigcommerce,True,0,1,,,0,0
toysfortrucks.com,https://toysfortrucks.com,opencart,False,0,1,,,0,0
sneaker10.cy,https://sneaker10.cy,prestashop,False,0,1,,,0,0
1234gorecords.shop,https://1234gorecords.shop,shopify,True,5,1,,April 2026|Green Tag|In Stock Now|Sale Ready|used|Available|Don Williams|lp|MAY 2026 pre-order|MAY 29 2026 release,27.99,40.99
yourwebdesigner.info,https://yourwebdesigner.info,woocommerce,True,0,1,,,0,0
utilitygift.co.uk,https://utilitygift.co.uk,magento,True,0,1,,,0,0
beautytime.ua,https://beautytime.ua,magento,True,0,1,,,0,0
chicagocitysports.com,https://chicagocitysports.com,shopify,True,5,1,,2026_Q1|adidas|APPAREL|BRAND_ADIDAS|color-white|2026_Q1|APPAREL|BRAND_ADIDAS|color-navy|color-white,25.0,495.0
vintagesportsfashion.com,https://vintagesportsfashion.com,magento,True,0,1,,,0,0
wholesaledancedress.com,https://wholesaledancedress.com,opencart,True,0,1,,,0,0
shopgoldenwarm.com,https://shopgoldenwarm.com,shopify,True,5,1,,Amount_1 Pack|Amount_10 pack|Amount_15 Pack|Amount_20 Pack|Amount_5 Pack|Amount_1 Pack|Amount_10 pack|Amount_15 Pack|Amount_20 Pack|Amount_5 Pack,3.99,229.99
cogstoysandgames.ie,https://cogstoysandgames.ie,shopify,True,5,1,,3-year|4-year|5-year|6-year|66 Piece Set|Brain Teaser|Kids Board Games|Logic Game|Minecraft|Puzzle Game,15.95,200.0
soaperschoice.com,https://soaperschoice.com,shopify,True,5,1,,Polysorbate|Polysorbate|Rice Bran Oil|Olive Oil|Canola Oil,15.19,76.89
bornclothing.ie,https://bornclothing.ie,shopify,True,5,1,,basics|Emily & Me|New Arrivals|office|Shop by Style_Trousers & Denim|basics|Emily & Me|New Arrivals|office|Shop by Style_Trousers & Denim,44.99,54.99
littlebirdelectronics.com.au,https://littlebirdelectronics.com.au,shopify,True,5,1,,education|raspberry-pi|raspberry-pi-4|raspberry-pi-board|stem,2.95,240.0
floridagifts.com,https://floridagifts.com,shopify,True,5,1,,565|9.99|CANDY-GUM|Category_Candy|Collection_Florida|565|9.99|CANDY-GUM|Category_Candy|Collection_Florida,6.99,49.99
brainbowtoys.de,https://brainbowtoys.de,woocommerce,True,0,1,,,0,0
bisgaardshoes.de,https://bisgaardshoes.de,shopify,True,5,1,,19-26|20|6403999190|boy|Cat_First step shoes|24-36|50|6403911190|AW25|badge_barefoot,52.48,74.95
gearaid.com,https://gearaid.com,shopify,True,5,1,,Lubricants|Care & Maintenance|Lubricants|New|Adhesives|Aquaseal|Kits|Kits|Sealants|Seam Grip,7.75,16.95
ukofficefurniture.co.uk,https://ukofficefurniture.co.uk,shopify,True,5,1,,chairs for your office|collection:Office Chairs|mesh office chair|mesh office chairs|office chair|chairs for your office|collection:Office Chairs|computer chairs|office chairs|chairs for your office,104.0,172.0
wineandcheeseplace.com,https://wineandcheeseplace.com,shopify,True,5,1,,Douro Valley|new-arrivals|Portugal|Wine Fortified|Chris Distillery|Herbal Liqueur|Liqueurs & Amaro|new-arrivals|Bourgogne|France Wine,16.99,39.99
toyteclifts.com,https://toyteclifts.com,magento,True,0,1,,,0,0
swisslifefashion.com,https://swisslifefashion.com,woocommerce,True,0,1,,,0,0
clairsupplements.com,https://clairsupplements.com,shopify,True,4,1,,ffrrfr,29.99,39.99
shopboutiquew.com,https://shopboutiquew.com,shopify,True,5,1,,,130.0,350.0
thelighting-company.co.uk,https://thelighting-company.co.uk,magento,True,0,1,,,0,0
thejapaneseshop.co.uk,https://thejapaneseshop.co.uk,shopify,True,5,1,,gift-wrap|gift-wrap|gift-wrap|Small Bowls|Soup Bowls|gift-wrap|gift-wrap|Small Bowls|Soup Bowls,9.0,30.0
rmtoys.co.uk,https://rmtoys.co.uk,shopify,True,5,1,,CAR|MOTORSPORT|CAR|CAR|BUS|CAR|F1|MOTORSPORT,14.99,79.99
sportsmirrorsaustralia.com.au,https://sportsmirrorsaustralia.com.au,woocommerce,True,0,1,,,0,0
avenscosmeticseg.com,https://avenscosmeticseg.com,shopify,True,5,1,,hairbundles|hairbundles|hairbundles,399.0,949.0
stayspiced.com,https://stayspiced.com,shopify,True,5,1,,,1.99,359.99
bigeasygames.net,https://bigeasygames.net,woocommerce,True,0,1,,,0,0
euroskateshop.se,https://euroskateshop.se,magento,True,0,1,,,0,0
novaclothing.co.uk,https://novaclothing.co.uk,shopify,True,5,1,,Blue|Diesel|Jeans|Latest|Male|Bally|Black|Female|Latest|Most Popular,35.0,56.0
outlet-pc.com,https://outlet-pc.com,shopify,False,0,1,,,0,0
robeezelectronics.com,https://robeezelectronics.com,opencart,True,0,1,,,0,0
thebeautycrop.com,https://thebeautycrop.com,shopify,True,5,1,,hidden|hidden|new in|no-sale|bundle-component|new in|new in|no-sale,10.0,18.0
truecolorwholesale.com,https://truecolorwholesale.com,shopify,True,5,1,,Back in Stock|Beauty Creation|Cosmetics|Eyebrow|pfs:label-Back in Stock|Back in Stock|Beauty Creation|pfs:label-Back in Stock|Skin care|Back in Stock,18.0,45.0
justwines.com.au,https://justwines.com.au,shopify,True,5,1,,Spirits|Vodka|Mixed Red Wines|Mixed Wines|Mixed Wines/Mixed Red Wines|Red Wine|simple,46.99,160.49
applebygames.co.nz,https://applebygames.co.nz,woocommerce,True,0,1,,,0,0
americanwestjewelry.com,https://americanwestjewelry.com,shopify,True,5,1,,Charoite|FlashSale4|INCLUDE IN SITEWIDE|leather|new 2026.03.31|concha|FlashSale4|Green Turquoise|INCLUDE IN SITEWIDE|new 2026.03.31,99.0,779.0
arawnaqperfume.com,https://arawnaqperfume.com,shopify,True,0,1,,,0,0
bestperfume.store,https://bestperfume.store,shopify,True,5,1,,citrus|fresh|musk|new|parfums de marly|aromatic|everyday|le labo|men|moderate,89.0,89.0
kalimeratzis-underwear.com,https://kalimeratzis-underwear.com,opencart,True,0,1,,,0,0
vioricacosmetic.ro,https://vioricacosmetic.ro,shopify,True,5,1,,Colecții --> Solar|Păr --> Spray-uri|Shop All Protecție Solară|Ten --> Îngrijire gene și sprâncene|Nou|Păr --> Necesități --> Îngrijire Scalp|Seturi --> Seturi pentru Ten|Ten --> Seruri pentru ten|Nou|Colecții --> #Story,79.9,159.0
organicmisr.com,https://organicmisr.com,shopify,True,0,1,,,0,0
prflorist.com.my,https://prflorist.com.my,shopify,True,5,1,,Deals|Gerbera|International Women's Day|Special Deal|Worth To get|Deals|Gerbera|International Women's Day|Special Deal|Worth To get,3.5,67.0
safrinskincare.com.pk,https://safrinskincare.com.pk,shopify,True,5,1,,acne skin|oil control|oily skin|dark spots|oxido|pigmentation|skin lightening|Eye Cream|oxido|new,1658.0,9308.0
seventhcircleaudio.com,https://seventhcircleaudio.com,wix,False,0,1,,,0,0
sexymenunderwear.com,https://sexymenunderwear.com,shopify,True,5,1,,BRAND_BREEDWELL|NOT-ON-SALE|SIZE_2XL|SIZE_L|SIZE_M|BRAND_BREEDWELL|NOT-ON-SALE|SIZE_2XL|SIZE_L|SIZE_M,47.95,55.95
gamekings.co.uk,https://gamekings.co.uk,shopify,True,5,1,,Easter25|GK23|Hot|PlayStation 5|PS4 and PS5|GK23|hardware|Hot|PlayStation 5|PS4 and PS5,64.99,479.99
thorogoodworkwear.com,https://thorogoodworkwear.com,shopify,True,5,1,,Apparel|Color_Denim Blue Railroad Stripe|Color_Iron Gate|Denim Blue Railroad Stripe|Iron Gate|Apparel|Black|Color_Black|Hoodie|Hoodies & Sweatshirts,34.99,79.99
diygiftly.com,https://diygiftly.com,shopify,True,5,1,,Accessories|Acrylic|Best Friend Gifts|Birthday|Car & Travel Accessories|Birthday|By Zodiac|Custom Name/Text|Desk Decoration|For Her,14.7,41.79
brandedcountrywear.com,https://brandedcountrywear.com,shopify,True,5,1,,Accessories|adjustable|Bull Ranch|felt|Felt hat|Ariat|Ariat classic fit|Ariat Logo|Button Down|Button Down Collar,59.95,146.0
mjfootwear.com,https://mjfootwear.com,shopify,True,5,1,,150-200|AERO|color-white|Gravel ContaGRIP®|handle:salomon-mens-aero-glide-4-grvl-running-shoe-l49174700-stormy-weather|100-150|color-taupe|comfort|features-waterproof|handle:sorel-womens-out-n-about-iv-chillz-waterproof-boot-taupe-black-2088131-264,49.99,159.99
millenniumgames.com,https://millenniumgames.com,shopify,True,5,1,,Event|Magic|Premier|Special|TCG Event|Event|Magic|Premier|Special|TCG Event,40.0,80.0
millstonenursery.com,https://millstonenursery.com,shopify,True,5,1,,,14.0,248.0
natureswear.com,https://natureswear.com,shopify,True,5,1,,Australian brand|Australian Design|Australian designed|AUTUMN AND WINTER SLEEPWEAR|comfortable|givoni|Long sleeve winter pyjama|Nursing Home|plus size|pyjama,79.95,104.95
shop.nc,https://shop.nc,magento,False,0,1,,,0,0
babymax.nl,https://babymax.nl,magento,True,0,1,,,0,0
skibiditoilet.shop,https://skibiditoilet.shop,shopify,True,5,1,,New_2.5.26|promo_april fools sale|SKB-0010|New_2.5.26|promo_april fools sale|SKB-0010|New_2.5.26|promo_april fools sale|SKB-0010|Accessories,15.0,30.0
littlecigarwarehouse.com,https://littlecigarwarehouse.com,magento,True,0,1,,,0,0
careshop.de,https://careshop.de,shopify,True,5,1,,__label:Neu|__label:Neu|__label:Neu|__label:Neu,66.8,465.99
bathwaredirect.com.au,https://bathwaredirect.com.au,shopify,True,5,1,,300-400|__variant:phoenix-vask-basin-mixer-brushed-gold|__variant:phoenix-vask-basin-mixer-brushed-nickel|__variant:phoenix-vask-basin-mixer-chrome|Basin Mixer Taps|300-400|__variant:phoenix-vask-basin-mixer-brushed-carbon|__variant:phoenix-vask-basin-mixer-brushed-nickel|__variant:phoenix-vask-basin-mixer-chrome|Basin Mixer Taps,246.0,405.0
yeswellness.com,https://yeswellness.com,shopify,True,5,1,,New Arrival|New Arrival|New Arrival|New Arrival,24.95,56.95
paristexasbrand.com,https://paristexasbrand.com,shopify,True,5,1,,__style:LIDIA MULE|_preorder|__style:DALLAS EMBELLISHED TOE ANKLE BOOT|_preorder|__style:LIDIA SLINGBACK|_preorder|__style:ALAIN LOAFER|_preorder|__style:VERA OPEN TOE MULE 105|_preorder,795.0,1090.0
hsdwholesale.com,https://hsdwholesale.com,shopify,True,5,1,,Aroma Brewer_with 134 Assorted Drinks Bundle|Automatic brewer_ for an office with 30 employees or fewer|Beverage Type:Coffee|Category_Coffee|Category_Coffee Machines|Aroma Brewer_with 134 Assorted Drinks Bundle|Automatic brewer_ for an office with 30 employees or fewer|Beverage Type:Coffee|Category_Coffee|Category_Coffee Machines,77.95,780.0
daladecor.com,https://daladecor.com,shopify,True,5,1,,ceiling lighting|Chandeliers|Colour_Gold|lighting|Material_Iron|Colour_Gold|lighting|lights|Material_Glass|new arrivals spring,218.0,1153.0
jaxmattress.com,https://jaxmattress.com,shopify,True,5,1,,500-1000|bed|bedroom|Brand_FOA|Collection_Kamalah|1000-1500|jax-mattress-jacksonville-fl|mattress|mattress-deals|bed-pillow,53.02,1395.0
killermotorsports.com,https://killermotorsports.com,magento,True,0,1,,,0,0
cnc-shopping.us,https://cnc-shopping.us,magento,True,0,1,,,0,0
curteaveche.ro,https://curteaveche.ro,opencart,True,0,1,,,0,0
northwayshoes.com,https://northwayshoes.com,shopify,True,5,1,,4.5 inch|Danner|Soft Toe|Uninsulated|Waterproof|Birkenstock|Birko-Flor|Granada|Carhartt|Socks,19.95,190.0
borgoshoes.com,https://borgoshoes.com,magento,False,0,1,,,0,0
lotos-pharma.com,https://lotos-pharma.com,woocommerce,True,0,1,,,0,0
petitmoi-shop.com,https://petitmoi-shop.com,shopify,True,5,1,,2024|CE2|CE3|January|2024|AE1|April|CE2|2023|AE2,170.0,230.0
urbangarden.rs,https://urbangarden.rs,woocommerce,False,0,1,,,0,0
running-point.co.uk,https://running-point.co.uk,shopify,True,0,1,,,0,0
patmenziesshoes.co.nz,https://patmenziesshoes.co.nz,shopify,True,5,1,,filter_colour:White|group:FC_POLCLOTH|product_style:Shoe Care|YGroup_FC_POLCLOTH|badge:New|filter_colour:Brown|filter_material:Sheepskin|gender:Womens|group:UG_TASMAN|filter_colour:Brown,8.5,320.0
gtgames.ca,https://gtgames.ca,shopify,True,5,1,,Dice|gt-games|in-stock|Magic Supplies|New Arrival|Brand_Riftbound|Number_110/219|Printing_Foil|Rarity_Rare|Set_Unleashed,27.99,27.99
gundam-store.dk,https://gundam-store.dk,shopify,True,5,1,,Cosmic Group|Manga/anime|Statue|merchandise|Toys|Warhammer|Marvel|merchandise|Toys|Manga & Anime,209.0,3838.0
langs.shoes,https://langs.shoes,magento,True,0,1,,,0,0
mistercigar.com,https://mistercigar.com,woocommerce,False,0,1,,,0,0
myautoparts.com.au,https://myautoparts.com.au,shopify,True,5,1,,,102.11,852.26
kpopomo.shop,https://kpopomo.shop,shopify,True,5,1,,J-L|le-sserafim|New Arrivals|new-arrival|under-25|J-L|le-sserafim|New Arrivals|new-arrival|under-25,21.99,99.99
parleycosmetics.com,https://parleycosmetics.com,shopify,True,5,1,,face wash|Nomark|parley face wash|face wash|Parley Cosmetics|parley face wash|scrub,70.0,1515.0
shopilya.com,https://shopilya.com,shopify,True,5,1,,anal beads|anal toys|b-vibe|bundles|butt plugs|clit|clit vibrator|female|g-spot|g-spot vibrators,820.0,19500.0
uscamerapro.com,https://uscamerapro.com,magento,True,0,1,,,0,0
bio-stetic.shop,https://bio-stetic.shop,shopify,True,5,1,,,179.0,197.0
thewineflyer.co.uk,https://thewineflyer.co.uk,bigcommerce,True,0,1,,,0,0
watchout.ec,https://watchout.ec,woocommerce,True,0,1,,,0,0
worldluxuryhousesitting.com,https://worldluxuryhousesitting.com,woocommerce,False,0,1,,,0,0
nyspiceshop.com,https://nyspiceshop.com,shopify,True,5,1,,candies|New Arrival|New Arrival|RICE|New Arrival|RICE|New Arrival|RICE|Infuser|New Arrival,7.99,69.99
jonessportsco.com,https://jonessportsco.com,shopify,True,5,1,,Curved Bills|End of Summer Sale|Hats|HW_discount|loop_headware|loop_rover_and_trouper|loop_trouper_3|product:trouper_3.0|loop_rover_and_trouper|loop_trouper_3,38.0,315.0
topbeautybrides.net,https://topbeautybrides.net,shopify,True,0,1,,,0,0
thailandoutdoorshop.com,https://thailandoutdoorshop.com,shopify,True,5,1,,Coleman|N2B|TOS|B2B|Thermacell|TOS|Coleman|N2B|TOS,750.0,3000.0
crimpsupply.com,https://crimpsupply.com,magento,False,0,1,,,0,0
learningtreetoys.com,https://learningtreetoys.com,shopify,True,5,1,,age range 3-7yr|age-3-4-years|age-4-5-years|age-5-6-years|age-6-7-years|age 0-1 years|age 1-2 years|age 2-3 years|age range 0-3yr|Books,9.99,18.99
anewearthmovement.org,https://anewearthmovement.org,woocommerce,True,0,1,,,0,0
chaserbrand.com,https://chaserbrand.com,shopify,True,5,1,,033126DEL|bestseller|Blue|Bottoms|Graphics|033126DEL|bestseller|Blue|Graphics|Long Sleeve,98.0,138.0
world4ufree.deals,https://world4ufree.deals,woocommerce,False,0,1,,,0,0
shoptech.co.ke,https://shoptech.co.ke,woocommerce,True,0,1,,,0,0
dreamhomefurniture.com,https://dreamhomefurniture.com,shopify,True,5,1,,Brand_TOV Furniture|Collection_Zubeda|color-large|color-small|Color_White|1500-2000|Brand_TOV Furniture|Collection_Zola|color-black|color-burgundy,149.99,1599.99
ergames.ca,https://ergames.ca,shopify,True,5,1,,Brand_Magic the Gathering|C|Card Type_Land|Color_Land|Printing_Non-Foil|Brand_Magic the Gathering|C|Card Type_Land|Color_Land|Printing_Non-Foil,0.42,13.89
jdfurniturenj.com,https://jdfurniturenj.com,shopify,True,5,1,,1000-1500|bed|bedroom|Brand_FOA|Collection_Kamalah|1500-2000|Brand_FOA|Collection_Wichita|color_distressed-dark-oak|foa-east,758.1,1955.1
shoprsd.com,https://shoprsd.com,shopify,True,5,1,,accessory|All Accessories|April|Baby|Camera|1948|1948 Leather|All 1948 Leather Bags|Autumn|Bag,19.0,229.0
jfybrand.com,https://jfybrand.com,shopify,True,5,1,,adjustable bracelet|bold bracelet|Boutique|Boutique Brands|Boutique Clothing|Boutique|Boutique Brands|Boutique Clothing|Fashion|independence day,12.98,21.98
sengear.com.my,https://sengear.com.my,woocommerce,False,0,1,,,0,0
monodsports.com,https://monodsports.com,shopify,True,5,1,,new-arrival|women|Women's - Bottoms - Casual Pants - Pants|women|Women's - Bottoms - Casual Pants - Pants|new-arrival|women|Women's - Footwear - Winter & Rain Boots - Winter Boots|Ski - Accessories - Goggles & Lenses - Goggles|Hike & Camp - Sleeping Bags & Pads - Sleeping Bags - Down Sleeping Bags,108.99,929.99
jansport.com.ph,https://jansport.com.ph,shopify,True,5,1,,Bags|Crossbody & Slings|New Arrivals|Bags|Crossbody & Slings|New Arrivals|Bags|Crossbody & Slings|New Arrivals|Bags,2790.0,2990.0
classydeals.store,https://classydeals.store,shopify,True,5,1,,Trending Now|Trending Now|Trending Now,999.0,1999.0
hollywoodhomefurniture.com,https://hollywoodhomefurniture.com,shopify,True,5,1,,bed-pillow|Brand_Ashley|Collection_Nectar Classic|Color_White|consumer-assembly_no-assembly-required|bed-pillow|Brand_Ashley|Collection_DreamCloudTM Classic|Color_White|consumer-assembly_no-assembly-required,39.99,279.99
soneesports.com,https://soneesports.com,shopify,True,5,1,,ladies|lady|nike-na-nov25-2|woman|women|adidas-aug-2025|adidas-jan-2025-3|man|mans|men,650.0,3495.0
luxurycowhides.com,https://luxurycowhides.com,shopify,True,5,1,,,199.0,249.0
empirechromeshop.com,https://empirechromeshop.com,shopify,True,5,1,,Exterior_Cab / Hood Trims|Exterior_Cab / Hood Trims|Exterior_Bumpers,6.99,899.0
farmhousekitchenandbath.com,https://farmhousekitchenandbath.com,shopify,True,5,1,,40 ranges|cf-size-40|cf-type-induction-range|cf-type-ranges|cf-vendor-ilve|40 ranges|cf-size-40|cf-type-induction-range|cf-type-ranges|cf-vendor-ilve,11120.0,11120.0
i-watch.co,https://i-watch.co,shopify,True,5,1,,DS|Men|Watch|WWTDS|DS|Men|Watch|WWTDS|DS|Watch,183.0,229.0
thaihomeshop.com,https://thaihomeshop.com,shopify,True,5,1,,Bamboo Pendant Light Shade|Captivating Light Fixture|Customizable Shade|Eco-friendly Design|Flexible Bamboo Design,4.99,199.99
kawaiifashionshop.com,https://kawaiifashionshop.com,woocommerce,False,0,1,,,0,0
insport.com.au,https://insport.com.au,shopify,True,5,1,,Adidas|CREATED-05-25|ERPLY-NEW|FOOTBALL BOOTS JUNIOR|Gender: Kids|20-03-10-25|Back to School|needs_gender_mapping|needs_size|not-bundle-deal,14.97,67.5
projectcloudshoes.com,https://projectcloudshoes.com,shopify,True,5,1,,Arch Support Women|Everyday Comfort Women|For Standing Jobs Women|Memory Foam Women|New Collection|Buy with Prime|casual|Durable Kids|Easy On/Off Kids|Kids,34.9,44.9
sportsmart.com.au,https://sportsmart.com.au,shopify,True,5,1,,1168691-DZLP|Hoka|1162011-SSTT|Hoka|1168690-TDRC|Hoka|MFCX30X|New Balance|GFCX8CH|New Balance,119.0,224.25
springfield-wellness.com,https://springfield-wellness.com,woocommerce,True,0,1,,,0,0
motherboard-world.com,https://motherboard-world.com,woocommerce,True,0,1,,,0,0
churchsupplywarehouse.com,https://churchsupplywarehouse.com,shopify,True,5,1,,New Arrival|New Arrival|New Arrival|New Arrival,36.0,160.0
phenomelitebrand.com,https://phenomelitebrand.com,shopify,True,5,1,,Academy|Black|DSG|Dune|Gold|Academy|Black|DSG|Dune|Gold,26.99,189.98
nargisfashion.com,https://nargisfashion.com,woocommerce,True,0,1,,,0,0
ourballsports.com,https://ourballsports.com,woocommerce,True,0,1,,,0,0
pressurewashersupply.com,https://pressurewashersupply.com,shopify,True,5,1,,,37.0,9999.0
21-vek.shop,https://21-vek.shop,opencart,False,0,1,,,0,0
golfapparelshop.com,https://golfapparelshop.com,shopify,True,5,1,,buysave|ECOFRIENDLY|EndofSeason|FullPriceEMP|Gender:Women's|Gender:Men's|Giftbyprice|Golf|master|Material:Poly Blend,29.98,85.0
nationalpharmacies.com.au,https://nationalpharmacies.com.au,woocommerce,True,0,1,,,0,0
shoplifestyle.com,https://shoplifestyle.com,shopify,True,5,1,,ewing-athletics|size-10|size-10-5|size-11|size-12|ewing-athletics|size-10|size-10-5|size-11|size-12,85.0,160.0
megamedusa-australia.com,https://megamedusa-australia.com,bigcommerce,False,0,1,,,0,0
dowfurniture.com,https://dowfurniture.com,shopify,True,5,1,,1000-1500|Best Sellers|dovr_syncoff|Fabric_Faux Leather|Fabric_Performance Fabric|500-1000|Best Sellers|dovr_syncoff|Fabric_Faux Leather|Fabric_Performance Fabric,999.0,2599.0
sportkind.de,https://sportkind.de,shopify,False,0,1,,,0,0
huntsbookshop.com,https://huntsbookshop.com,shopify,True,5,1,,preorder|preorder|preorder|preorder,9.99,124.0
gardencity.university,https://gardencity.university,woocommerce,False,0,1,,,0,0
bm-distribution.shop,https://bm-distribution.shop,shopify,True,5,1,,wechselrichter|batteriespeicher|batteriespeicher|batteriespeicher,319.0,8218.8
yangtzestore.com,https://yangtzestore.com,shopify,True,5,1,,Color_Blue|Material_Silk|neckerchief|Pattern_Classic Painting|Shape_Small Square|Color_Blue|Material_Silk|neckerchief|Pattern_Classic Painting|Shape_Small Square,15.99,16.99
globalkitchenjapan.com,https://globalkitchenjapan.com,shopify,True,5,1,,1500g to 2000g|2000g & above|New Arrivals|¥20000 & above|2000g & above|New Arrivals|¥20000 & above|2000g & above|New Arrivals|¥20000 & above,22220.0,72600.0
shophomemed.com,https://shophomemed.com,shopify,True,5,1,,Car Seat|car seat wedge|Replacement Parts|Replacement Parts|Replacement Parts|elevated leg rest|elevating leg rest|elevating leg rests|Invacare|leg rest,12.99,447.0
sunsetfashionb2b.com,https://sunsetfashionb2b.com,magento,True,0,1,,,0,0
giftclub.pro,https://giftclub.pro,woocommerce,False,0,1,,,0,0
officialracegear.com,https://officialracegear.com,shopify,True,5,1,,color_white|decal|flow-publish|m_salecode|nascar|collectible|color_black|m_salecode|novelties|outdoor,4.0,99.95
nudecosmetics.de,https://nudecosmetics.de,shopify,True,5,1,,,17.0,189.0
hannascandles.com,https://hannascandles.com,wix,False,0,1,,,0,0
starrwesternwear.com,https://starrwesternwear.com,shopify,True,5,1,,Blue|Brown|Kimes Ranch|Pink|T-Shirts|Blue|Jeans|Jeans 24|Jeans 25|Jeans 26,27.99,69.99
flexfitnesshartsville.com,https://flexfitnesshartsville.com,shopify,True,0,1,,,0,0
oakcityspiceblends.com,https://oakcityspiceblends.com,wix,False,0,1,,,0,0
bloomperfume.com,https://bloomperfume.com,shopify,True,5,1,,badge: exclusive|price: 2_4080|section: perfumes|set: no new|set: no smm|badge: exclusive|price: 2_4080|section: perfumes|set: no new|set: no smm,7.5,150.0
vuestorefront.io,https://vuestorefront.io,bigcommerce,False,0,1,,,0,0
brandiz.co.il,https://brandiz.co.il,woocommerce,True,0,1,,,0,0
easypestsupplies.com.au,https://easypestsupplies.com.au,shopify,True,5,1,,Flies|Fly Bait|Fly Traps|Garden|Insect Traps|Mice|Mouse Bait / Poison|over-10|Rat Bait / Poison|Rats,9.95,319.95
louilyjewelry.com,https://louilyjewelry.com,shopify,True,5,1,,3.0Ct-4.0Ct|3.5ct|925 Sterling Silver|Cushion Cut|Engagement Ring|4.0Ct-5.0Ct|5.0Ct|5.0Ct-6.0Ct|925 Sterling Silver|Engagement Ring,119.0,289.0
premiumropes.com,https://premiumropes.com,magento,True,0,1,,,0,0
gourmetkitchenanddining.com,https://gourmetkitchenanddining.com,woocommerce,True,0,1,,,0,0
watchobsession.co.uk,https://watchobsession.co.uk,shopify,True,5,1,,3513.50.00|39mm|50m|Automatic|Automatic Winding|20mm|20mm/16mm|22mm|22mm/20mm|Buckle_16mm,105.0,10950.0
oneupchocolatebars.co.uk,https://oneupchocolatebars.co.uk,woocommerce,True,0,1,,,0,0
ihearteyewear.com,https://ihearteyewear.com,shopify,True,5,1,,Color_Brown|Color_Pink|Frame Style_Square|Material_Plastic|Morecolors|Color_Green|Color_Red|Lens Style_Half Eye|Material_Plastic|Morecolors,24.0,24.0
genzeewear.shop,https://genzeewear.shop,shopify,True,5,1,,#smartwatch|hot|smartwatch for boys|smartwatch for men|watch|#smartwatch|#metal chain|#series9|#smartwatch|new,2200.0,5499.0
banksupplies.com,https://banksupplies.com,magento,True,0,1,,,0,0
mainclinicsupply.com,https://mainclinicsupply.com,shopify,True,5,1,,no_index|HACC|MAINT|HACC|MAINT|hidden|learn-more|no_index|HACC|MAINT,15.0,2853.0
planetbeer.net,https://planetbeer.net,woocommerce,False,0,1,,,0,0
arborwear.com,https://arborwear.com,woocommerce,True,0,1,,,0,0
rdxsports.pe,https://rdxsports.pe,shopify,True,5,1,,,379.0,519.0
toys4me.com,https://toys4me.com,shopify,True,5,1,,AGE:12+ years|AGE:4-12 years|GEN:Boys|GEN:Girls|New Arrivals,89.0,1799.0
levoil.de,https://levoil.de,woocommerce,False,0,1,,,0,0
windflowerflorist.com,https://windflowerflorist.com,shopify,True,5,1,,Congratulations|Orchid|Orchids|Shop Occasions|Thank You|Congratulations|Orchid|Orchids|Shop Occasions|Thank You,75.0,190.0
correasmartwatch.es,https://correasmartwatch.es,shopify,True,5,1,,ALLPRODUCTS|filtervariant-9646037-209|GARMIN|project-order-bandz-maart-2026|SILICONE|ALLPRODUCTS|filtervariant-9646037-712|GARMIN|project-order-bandz-maart-2026|SILICONE,15.99,15.99
gymproluxestore.com,https://gymproluxestore.com,shopify,True,5,1,,hide-in-usa|hide-in-uk|us-only|hide-in-usa,16.0,295.0
ism-store.com,https://ism-store.com,shopify,True,5,1,,NEW|NEW|NEW|NEW|NEW,69.99,135.0
droppinhzcaraudio.com,https://droppinhzcaraudio.com,shopify,True,5,1,,0 - 1500 Watts|1 Channel|1 ohm|Amplifiers|Ciare|0 - 1500 Watts|4 Channel|4 ohm|Amplifiers|Ciare,199.99,349.99
pinkblushmaternity.ca,https://pinkblushmaternity.ca,shopify,True,5,1,,$25 - $50|Charmo|Clearance : 0|Color: Green|colorgrp-32306|$25 - $50|Band Type: Elastic|Clearance : 0|Color: Black|colorgrp-51047,54.0,86.4
trainersport.ro,https://trainersport.ro,woocommerce,True,0,1,,,0,0
hughmcelvannamenswear.com,https://hughmcelvannamenswear.com,shopify,True,5,1,,Jack & Jones|Round Neck Tee|T-Shirts|Tee|Jack & Jones|Round Neck Tee|SS26|T-Shirts|Tee|Fashion Polo,15.0,53.99
woodpeckerscrafts.com,https://woodpeckerscrafts.com,shopify,True,5,1,,Baltic Birch Plywood B/BB Sheets|New|Rectangle And Square Cutouts|Baltic Birch Plywood B/BB Sheets|New|Rectangle And Square Cutouts|Chunky Wood Cutouts|Mother's Day|New|Shop By Season,0.99,64.69
broilkingbbq.com,https://broilkingbbq.com,shopify,True,5,1,,Accessories|Baron|Smoke|Accessories|Baron|Smoke|Deals|Gas Grills|Grills|Porta-Chef,8.99,699.0
mulaccosmetics.com,https://mulaccosmetics.com,shopify,True,5,1,,beslick|CAPELLI_Crespi|CAPELLI_Lisci|CAPELLI_Normali|Cura dei capelli|all|AZIONE_Allungante|AZIONE_Volumizzante|CARATTERISTICHE_Banda trasparente|ciglia finte,11.9,52.56
uturnaudio.com,https://uturnaudio.com,shopify,True,5,1,,,15.0,1128.0
yoekfashion.de,https://yoekfashion.de,shopify,True,5,1,,brand_yoek|collection_sweaters_cardigans|collection_tops|label_2026|material_cotton_mix|brand_yoek|collection_dresses|collection_dresses_dresses_dresses_other|label_2026|material_dolce,99.0,179.0
noorkids.com,https://noorkids.com,shopify,True,5,1,,Edu-Partner|Edu-Partner|Cancellation Offer|Character-building Program|Monthly|Book Bundles|Wholesale,6.99,598.8
supersportschools.com,https://supersportschools.com,woocommerce,False,0,1,,,0,0
supplynet.com,https://supplynet.com,magento,True,0,1,,,0,0
skipsboots.com,https://skipsboots.com,shopify,True,5,1,,bf23-20-off-deal|bfdeal23-brand|c:boot|c:cowboy-boot|c:work-boot|c:shirt|c:top|category-kids|cf-vendor-wrangler|color-tan,9.87,99.87
clubgame.app,https://clubgame.app,magento,True,0,1,,,0,0
shoppy-lk.tech,https://shoppy-lk.tech,woocommerce,True,0,1,klarna,,0,0
louzanfashion.com,https://louzanfashion.com,shopify,True,5,1,,50ML|Perfume|‏Eman Al Hemyari,357.0,1250.0
cube-store-goettingen.de,https://cube-store-goettingen.de,shopify,True,5,1,,equipment|Schutzblech MTB|Schutzbleche|Schutzblechsets|equipment|Fahrradteile|FlatpedaleMTB|Pedale|equipment|Fahrradteile,34.95,59.95
topshoes.gr,https://topshoes.gr,woocommerce,True,0,1,,,0,0
prohibited.shop,https://prohibited.shop,shopify,True,5,1,,knit|tanktop|bd|pants|bd|knit|bd|scarf|bd|knit,49.99,99.99
tagsportsgear.com,https://tagsportsgear.com,magento,True,0,1,,,0,0
vacayswimwear.com,https://vacayswimwear.com,shopify,True,5,1,,Final Sale|true to size|Final Sale|true to size|true to size|true to size|true to size,50.05,59.15
skincareblissy.com,https://skincareblissy.com,woocommerce,True,0,1,,,0,0
funwithsoap.co.za,https://funwithsoap.co.za,woocommerce,True,0,1,,,0,0
sportdirect.ca,https://sportdirect.ca,shopify,True,5,1,,Nouveaux produits|Classic outdoor fitness range|Equipment|Fitness|Matériel d'entraînement|Outdoor fitness|Accessoires Fitness|Classic outdoor fitness range|Equipment|Fitness,149.95,3850.0
canabeebaby.com,https://canabeebaby.com,shopify,True,5,1,,Caraz|Compare-At-Price-Zero|Govie|NEW-RMS-STYLE|Playmat & Gymini|Caraz|Compare-At-Price-Zero|Govie|NEW-RMS-STYLE|Playmat & Gymini,10.0,399.99
medicalwear.ro,https://medicalwear.ro,shopify,True,5,1,,barbati|BONETA|boneta medicala|boneta unisex|femei|barbati|BONETA|boneta medicala|boneta unisex|femei,25.0,159.0
memongadgets.com,https://memongadgets.com,shopify,True,5,1,,,180.0,550.0
mktgifts.com,https://mktgifts.com,shopify,True,5,1,,Bidón Sublimación|Jarras y Termos|ref:5341|Sublimación|Tazas|Hogar y Decoración|ref:22002|Vela Aromática|Hogar y Decoración|Lámpara,0.39,7.18
nanathebrand.com,https://nanathebrand.com,shopify,True,5,1,,Avril2026|Brown|Brun|exclusif|Femmes|Avril2026|Bas de bikini|Bas de bikinis|Bikini bottom|Brown,49.0,59.0
neora-store.com,https://neora-store.com,shopify,True,5,1,,N246|ID490|binnenverlichting|ID940|buitenverlichting|ID114|ID744,74.95,399.99
butlerschocolates.com,https://butlerschocolates.com,shopify,True,5,1,,Active|cat:Best Sellers|cat:Build a hamper|cat:Business|cat:Butlers Chocolate Café Merchandise|cat:Easter Chocolates|e:cat_1:ZZZ|e:cat_2:ZZZ|e:cat_3:WEB|e:click_and_collect:0,7.95,15.0
proffsport.no,https://proffsport.no,shopify,True,5,1,,2xu|idrettsklær|idrettstøy|Klær_proffsport|Proffsport|+mote|+size|+størrelser|100-1000|3XL,299.0,1899.0
gardenartisans.com,https://gardenartisans.com,bigcommerce,True,0,1,,,0,0
bootsschulex.de,https://bootsschulex.de,woocommerce,True,0,1,,,0,0
etoile-luxuryvintage.com,https://etoile-luxuryvintage.com,shopify,True,5,1,,RE-LV-B-449|Reestraat 24|Nieuwe Spiegelstraat 27|NS-LV-B-891|RE-LV-W-459|Reestraat 24|Nieuw Spiegelstraat 27|NS-LV-B-892|Nieuw Spiegelstraat 27|NS-LV-B-777,250.0,1175.0
ombwatch.org,https://ombwatch.org,shopify,True,0,1,,,0,0
aajewelry.com,https://aajewelry.com,shopify,True,5,1,,Category_Tools & Equipment/Brushes &amp; Wheels/Silicon Polishers|Category_Tools & Equipment/Polishing|Category_Tools & Equipment/Polishing/Buffs &amp; Felts|Category_Tools & Equipment/Polishing/Polishing Cloth/Gloves/Tumbling|Category_Tools & Equipment/Polishing/Polishing Compounds|Category_Tools & Equipment/Brushes &amp; Wheels/Silicon Polishers|Category_Tools & Equipment/Polishing|Category_Tools & Equipment/Polishing/Buffs &amp; Felts|Category_Tools & Equipment/Polishing/Polishing Cloth/Gloves/Tumbling|Category_Tools & Equipment/Polishing/Polishing Compounds,2.25,12.95
hemptoday.net,https://hemptoday.net,woocommerce,True,0,1,,,0,0
kite-clothing.de,https://kite-clothing.de,shopify,True,5,1,,_tab1_|_tab2_|_tab3_damen-grossentabellen|_tab4_lieferung|_tab5_rucksendungen|_tab1_|_tab2_|_tab3_damen-grossentabellen|_tab4_lieferung|_tab5_rucksendungen,40.0,100.0
tessi-supply.com,https://tessi-supply.com,shopify,True,5,1,,Juniper Organizer Set|Model Y Juniper Zubehör Set|Model Y Zubehör|Schlüsselkarte|BLE-Sensor Tesla|Model Y Standard Winterkompletträder|Räder META|Tesla Model Y Felgen ABE|Tesla Model Y Komplettrrad|BLE-Sensor Tesla,299.0,2450.0
gourmetgroceries.com,https://gourmetgroceries.com,woocommerce,True,0,1,,,0,0
broilking.co.nz,https://broilking.co.nz,woocommerce,True,0,1,,,0,0
gumiwebshop.hu,https://gumiwebshop.hu,opencart,True,0,1,,,0,0
bananagames.ca,https://bananagames.ca,shopify,True,5,1,,jp|psa|jp|psa|jp|psa|jp|psa|jp|psa,49.95,149.95
bristolapparelco.com,https://bristolapparelco.com,shopify,True,5,1,,38|Blazer|Brown|Inseam|Mens|38|Blazer|Brown|Inseam|Mens,60.48,99.12
pharmagrand.gr,https://pharmagrand.gr,opencart,True,0,1,,,0,0
svietdecor.com,https://svietdecor.com,woocommerce,True,0,1,,,0,0
titantoyz.com,https://titantoyz.com,shopify,True,5,1,,Arkham Knight|arkham night|Batman|DC|DC Multiverse|Card Games|Japanese|Pokemon|Pokemon Card|Card Games,35.99,179.99
unionlighting.com,https://unionlighting.com,shopify,True,5,1,,Brand_Dals|Category_Step Light|CDNMarketPricing|DiscoReduced|Finish_Black|Brand_Satco Canada|Bulbe base_T8|Category_Bulbs|CDNMarketPricing|DiscoReduced,16.0,144.0
vvsjewelry.com,https://vvsjewelry.com,shopify,True,5,1,,,105.0,509.0
audiobooksbee.com,https://audiobooksbee.com,woocommerce,True,0,1,,,0,0
camerax.com,https://camerax.com,woocommerce,True,0,1,,,0,0
shopandship.co.za,https://shopandship.co.za,shopify,True,5,1,,UAG Scout For Samsung Galaxy A57 Case - Black|UAG Scout For Samsung Galaxy A37 5G Case|Samsung Silicone Cover For Samsung Galaxy A57|Samsung Rugged Case For Samsung Galaxy A37 - Black|Samsung Silicone Cover For Samsung Galaxy A37 - Black,379.0,529.0
valerifurniture.com,https://valerifurniture.com,shopify,True,5,1,,500-1000|Brand_Jackson|chair|Color_Sandstone|material_upholstered|1000-1500|Brand_Jackson|Color_Cloud|material_upholstered|Room_Living Room,420.0,1000.0
brandwondenstichting.nl,https://brandwondenstichting.nl,woocommerce,True,0,1,,,0,0
commercialequipmentonline.com.au,https://commercialequipmentonline.com.au,shopify,True,5,1,,Intended Use_Commercial|Intended Use_Commercial,96.8,8405.65
dhsequipmentparts.com,https://dhsequipmentparts.com,bigcommerce,True,0,1,,,0,0
sport.com.mk,https://sport.com.mk,woocommerce,True,0,1,,,0,0
beautysociety.com,https://beautysociety.com,woocommerce,False,0,1,braintree,,0,0
citywatches.ca,https://citywatches.ca,shopify,True,5,1,,Men|Men|Men|Men,177.0,429.0
bestcoffee.guide,https://bestcoffee.guide,shopify,True,5,1,,All Cups & Saucers|Brand_Loveramics|Category_Latte Saucers|Colour_River Blue|Latte Cups|All Cups & Saucers|Brand_Loveramics|Category_Latte Saucers|Colour_Mint|Latte Cups,7.0,7.0
techntoys.com,https://techntoys.com,magento,True,0,1,,,0,0
camera.to,https://camera.to,shopify,False,0,1,,,0,0
worldofcoffee.org,https://worldofcoffee.org,magento,True,0,1,,,0,0
lifespankids.com.au,https://lifespankids.com.au,shopify,True,5,1,,Cubby Houses|ExpressVIC|Feat-GroundHeightCubbyHouses|ParentSKU|Size-SmallSizedCubbyHouses|Acce-TrampolineReplacementParts|ExpressVIC|ParentSKU|RegularPrice|Trampoline Parts,90.0,499.0
mensdesignershoe.com,https://mensdesignershoe.com,shopify,True,5,1,,30781|Alligator Shoes|Brown Shoes|Casual Shoes|Exotic Shoes|30780|Alligator Shoes|Casual Shoes|Exotic Shoes|Green Shoes,298.0,975.0
burchsshoes.com,https://burchsshoes.com,shopify,True,5,1,,100-200|615W SA ST|Adult|all|Female|100-200|121M CA SN|Adult|all|cole-haan,109.95,199.95
moonshotgamestore.com,https://moonshotgamestore.com,shopify,True,5,1,,meta-loyalty-eligible|meta-loyalty-eligible|cohub-full-count|Game Supplies|meta-loyalty-eligible|meta-non-mtg-single|meta-non-single|heavy|meta-loyalty-eligible|meta-non-mtg-single,2.99,26.99
westingames.com,https://westingames.com,woocommerce,False,0,1,,,0,0
nailwholesale.com,https://nailwholesale.com,bigcommerce,True,0,1,,,0,0
gonggarsports.com,https://gonggarsports.com,shopify,True,5,1,,1688|black|performance clothing|tops|w-tshirts&vests|1688|black|gray|MEN|navy,80.0,123.0
watchesoff5th.com,https://watchesoff5th.com,shopify,True,5,1,,Brand_Richard Mille|Price_on_Request|Brand_Audemars Piguet|Brand_Audemars Piguet|Brand_Audemars Piguet|Price_on_Request|Brand_Rolex,23000.0,500000.0
dynamo-shop.at,https://dynamo-shop.at,shopify,True,5,1,,badge:bestseller|cat:blackout|cat:cooking|cat:emergency|cat:light|badge:bestseller|cat:blackout|cat:filter|cat:outdoor|Ganzjährig,57.9,690.0
thewineshop.com,https://thewineshop.com,shopify,True,5,1,,,25.0,80.0
tntfashion.ca,https://tntfashion.ca,shopify,True,5,1,,CREWNECKS|gr03.30.26|gr03.31.26|iu03.12.26|KNIT|BOTTOMS|gr03.30.26|gr03.31.26|iu03.12.26|MENS,240.0,320.0
sarikhobbies.com,https://sarikhobbies.com,woocommerce,False,0,1,,,0,0
snokid.net,https://snokid.net,bigcommerce,False,0,1,,,0,0
computerwerke.net,https://computerwerke.net,woocommerce,False,0,1,,,0,0
planetcaravansmokeshop.com,https://planetcaravansmokeshop.com,shopify,True,5,1,,420 Savings|420 Savings|710-25-off|710-promo|BLKF25|collection:Flower_Supplies|420 Savings|Bong|Bongs|BPR,14.99,59.99
circuitbreakerwholesale.com,https://circuitbreakerwholesale.com,shopify,True,5,1,,9t75f|electrical transformers|Manufacturer_Square D|square d|9t2f|electrical transformers|Manufacturer_Square D|square d|9070el3d9|electrical transformers,0,0
lookofsport.com,https://lookofsport.com,magento,False,0,1,,,0,0
darcywine.co.uk,https://darcywine.co.uk,shopify,True,5,1,,10-20|event-tickets|tasting event|wine tasting|10-20|blind wine tasting|event-tickets|folkingtons|Mixers & Soft Drinks|darcy-wines,10.0,10.99
pygear.com,https://pygear.com,woocommerce,True,0,1,,,0,0
americanhomefurniture.com,https://americanhomefurniture.com,shopify,True,5,1,,brand-Hooker Furniture|Category-Furniture|Category-Living|category-Sale|color-Brown|brand-Hooker Furniture|category-Fullprice|Category-Furniture|Category-Living|color-Brown,181.0,2959.0
naturalwellnessmassagerenton.com,https://naturalwellnessmassagerenton.com,magento,True,0,1,,,0,0
audryrosejewelry.com,https://audryrosejewelry.com,shopify,True,5,1,,_unbridaled_order_invoice|_unbridaled_product|judgeme_excluded|Active|MalterTech|MalterTech_Sync|11/12/2023|_Color:Yellow Gold|_Stone:Diamond|_Type:Necklace,400.0,6500.0
smile-toys.ru,https://smile-toys.ru,woocommerce,True,0,1,,,0,0
blastoffequipment.com,https://blastoffequipment.com,woocommerce,False,0,1,,,0,0
thelittleluxury.com,https://thelittleluxury.com,shopify,True,5,1,,,11.99,129.99
italianluxurygroup.com.au,https://italianluxurygroup.com.au,shopify,True,5,1,,new-403358|Perfume for Women|new-403358|Perfume for Women|new-403358|Perfume for Women|new-403358|Perfume for Women|new-403358|Perfume for Women,81.0,191.0
livingearthbeauty.com,https://livingearthbeauty.com,shopify,True,5,1,,Addon|Brand_Routine.|Addon|Brand_Routine.|Addon|Brand_Routine.|Blemished Skin|Brand_Elaa|Dry Skin|Elaa,39.0,49.0
ballettodanceshop.com,https://ballettodanceshop.com,woocommerce,True,0,1,,,0,0
jpcmobileaccessories.com.au,https://jpcmobileaccessories.com.au,shopify,True,5,1,,Galaxy Tab Active 5 (X306)|Parts|Samsung|Screen Replacement|6.51 inch|AMPLUS|Australia|Brisbane|broken screen|4 Colours,26.9,127.2
64audio.com,https://64audio.com,shopify,True,5,1,,universal|premium-cable,199.0,2499.0
furnituremarket.com,https://furnituremarket.com,shopify,True,5,1,,Assembly:Assembly Required|Assembly_Assembly Required|Brand:Noble House|Brand_Noble House|Category:Chairs|Brand:Noble House|Brand_Noble House|Category:Chaises|Category:Outdoor|Category_Chaises,336.76,1076.1
kikwear.com,https://kikwear.com,shopify,True,5,1,,10 OFF|10OFF|Epik Chill|Jeans|super black rinse|Baggy Jeans|cargo|carpenter|Jeans|KIKWEAR X FLAMEHEAD,88.0,128.0
sneakerboxshop.ca,https://sneakerboxshop.ca,shopify,True,5,1,,Footwear|Men|Spring26|STX_Not_Matched|Footwear|Men|Spring26|STX_Not_Matched|Footwear|Men,145.0,260.0
nutmegstatenutrition.com,https://nutmegstatenutrition.com,shopify,True,5,1,,sale,16.89,48.89
fairwaygolfusa.shop,https://fairwaygolfusa.shop,shopify,True,5,1,,Drivers|Golf Clubs|gtin|Ladies|Golf Shoes|gtin|Mens Golf Shoes|Golf Shoes|gtin|Mens Golf Shoes,21.99,699.0
gearstar.com,https://gearstar.com,bigcommerce,True,0,1,,,0,0
hemphop.co,https://hemphop.co,shopify,True,5,1,,Puffco|Puffco|Puffco|Day|Delta-9 THC|Evening|High THCA|Indoor,12.0,300.0
massivemusicstore.com,https://massivemusicstore.com,shopify,True,5,1,,Bee Gees|C:M-|mmsUbi_null|POP|S:VG+|C:VGO|DISCO 70-80|mmsUbi_null|S:M-|Spagna,6.99,9.99
durawear.com,https://durawear.com,bigcommerce,True,0,1,,,0,0
bleuclothing.com,https://bleuclothing.com,bigcommerce,True,0,1,paypal,,0,0
bettcofurniture.com,https://bettcofurniture.com,shopify,True,5,1,,bed-pillow|Brand_Ashley|Collection_Nectar Classic|Color_White|consumer-assembly_no-assembly-required|bed-pillow|Brand_Ashley|Collection_DreamCloudTM Classic|Color_White|consumer-assembly_no-assembly-required,65.29,1896.0
theburntpeanut.store,https://theburntpeanut.store,shopify,True,5,1,,burntpeanut|no-size|theburntpeanut|twitch|burntpeanut|no-size|theburntpeanut|twitch|burntpeanut|cotton-t-shirt,35.0,35.0
netpharmacy.co.nz,https://netpharmacy.co.nz,shopify,True,5,1,,Discountable|enable-AMP|Ginger|Health Conditions|Supplements|Allergy|Allergy & Hayfever|Antihistamine|enable-AMP|ExcludeRewards,6.9,27.5
getglowingnowskincare.com,https://getglowingnowskincare.com,bigcommerce,True,0,1,,,0,0
spacefurniture.com.au,https://spacefurniture.com.au,shopify,True,5,1,,availability: Shop online|category-landing: Lighting|category: Pendant Lights|Commercial|country: The Netherlands|availability: Shop online|category-landing: Lighting|category: Pendant Lights|Commercial|country: The Netherlands,4000.0,13010.0
privatesneakers.com,https://privatesneakers.com,shopify,True,5,1,,03/26|20%|clothing|Mens|nike|03/26|20%|clothing|Mens|Olivia,8.0,48.0
vsoilmill.com,https://vsoilmill.com,woocommerce,True,0,1,,,0,0
sherpaadventuregear.com,https://sherpaadventuregear.com,shopify,True,5,1,,Organic Cotton|Recycled|recycled polyester|Travel|YGroup_Womens_Ghoral_Shorts|Organic Cotton|Recycled|recycled polyester|Travel|YGroup_Womens_Ghoral_Shorts,85.0,85.0
beauty-cosmetics.shop,https://beauty-cosmetics.shop,shopify,True,5,1,,cotton pads 120 pieces|dual texture cotton pads|Elmiplant makeup remover pads|embossed smooth cotton pads|gentle cleansing pads|anti-inflammatory|antiseptic|antispastic|antitussive|expectorant,4.0,17.0
yummicandles.com,https://yummicandles.com,shopify,True,5,1,,ALL-PRODUCTS-TAG|criteo-exclude|NO_PRIORITY_SHIP|shoelace-exclude|ALL-PRODUCTS-TAG|criteo-exclude|NO_PRIORITY_SHIP|shoelace-exclude|ALL-PRODUCTS-TAG|criteo-exclude,10.0,25.0
activenutritionstore.com,https://activenutritionstore.com,shopify,True,5,1,,cutoff|merch|tank|tank top,10.5,54.99
moonshineandlaceboutique.com,https://moonshineandlaceboutique.com,shopify,True,5,1,,boho top|boutique|boutique clothing|boutique style|casual layering top|2026|2604|boutique clothing|boutique style|bow tie,32.75,56.75
thatshoestore.com,https://thatshoestore.com,shopify,True,5,1,,CushionNeutral|CushionNeutral|CushionNeutral,129.98,160.0
brandstreettokyo.com,https://brandstreettokyo.com,shopify,True,5,1,,Shoulder Bags|W4_Mar_2026|W4_Mar_2026|W4_Mar_2026|W4_Mar_2026|Tote Bags|W4_Mar_2026,220.0,340.0
beautycos.pt,https://beautycos.pt,magento,True,0,1,,,0,0
diverge-sneakers.com,https://diverge-sneakers.com,shopify,True,5,1,,OriginalProductId_3936435699781|OriginalProductId_4363730518085|OriginalProductId_6628983767109|OriginalProductId_3937561018437|OriginalProductId_4568311955525,190.0,205.0
iphoneseplus.com,https://iphoneseplus.com,woocommerce,True,0,1,,,0,0
kirtongames.co.uk,https://kirtongames.co.uk,shopify,True,5,1,,Asmodee-Core|Avatar The Last Airbender|Magic the Gathering|Pre-Order|Accessories|Asmodee-Core|Star Wars|Asmodee-Core|Card Games|Asmodee-Core,13.49,69.99
missionwines.com,https://missionwines.com,magento,True,0,1,,,0,0
showsupply.com,https://showsupply.com,magento,True,0,1,,,0,0
team-outdoors.fr,https://team-outdoors.fr,opencart,True,0,1,,,0,0
th-store.cz,https://th-store.cz,opencart,False,0,1,,,0,0
thescholarssourcebookstore.co,https://thescholarssourcebookstore.co,shopify,True,5,1,,Shopify Collective|Wendell August Forge|ALEX AND ANI|Shopify Collective,19.0,175.0
vapedubailess.com,https://vapedubailess.com,shopify,True,5,1,,20%|Approx. Puffs_K20000 & More Puffs|Battery_Built In|Battery_Rechargeable|Brand_Al Fakher|20%|Approx. Puffs_K20000 & More Puffs|Battery_Built In|Battery_Rechargeable|Brand_Maskking,40.0,80.0
giftsinc2.com,https://giftsinc2.com,shopify,True,5,1,,Animal|BRAND_Roman Inc.|Christmas|Santas|STYLE_Animal|BRAND_Joseph Studio|BRAND_Roman|BRAND_Roman Inc.|BRAND_Roman Joseph Studio|Ornament,64.95,95.0
tornadoteamsport.de,https://tornadoteamsport.de,woocommerce,True,0,1,,,0,0
eclair-beauty.co.uk,https://eclair-beauty.co.uk,woocommerce,True,0,1,,,0,0
kiauraeyewear.com,https://kiauraeyewear.com,shopify,True,5,1,,NotTryNow|ALL|Bestseller|Lautner|Original LAUTNER|Popular|ALL|Bestseller|Lautner|Original LAUTNER,14.95,168.0
creationwatches.sg,https://creationwatches.sg,shopify,True,5,1,,Men|All Casio|Analog|Casio|Dress|Men|Men|All Orient|Automatic|Dress,58.0,861.0
dancewearcentral.co.uk,https://dancewearcentral.co.uk,shopify,True,5,1,,b2b|Leotards|Regular Discount|Women|Accessories|Dance Bags|Dance Gifts|Regular Discount|Stocking Filler|Crops,2.45,47.95
aumandsfurniture.com,https://aumandsfurniture.com,shopify,True,5,1,,bed-pillow|Brand_Ashley|Collection_Nectar Classic|color_white|consumer-assembly_no-assembly-required|bed-pillow|Brand_Ashley|Collection_DreamCloudTM Classic|color_white|consumer-assembly_no-assembly-required,79.77,2059.77
birthdayadjp.shop,https://birthdayadjp.shop,shopify,True,5,1,,【韓国】地下鉄・バス広告|ピョン・ウソク|韓国俳優|【韓国】地下鉄・バス広告|ピョン・ウソク|韓国俳優|【韓国】地下鉄・バス広告|ピョン・ウソク|韓国俳優|BABYMONSTER,0,0
ajsports.ca,https://ajsports.ca,shopify,True,5,1,,,25.0,1000.0
myshopville.com,https://myshopville.com,shopify,True,5,1,,BBHidden|Exception|New|not-on-sale|PlayStation|Card Games|Cyberpunk|DeSync|New|not-on-sale,29.99,239.95
buydecorativefilm.com,https://buydecorativefilm.com,shopify,True,5,1,,Application Type - Adhesive|Daytime visible|Dual pane compatible|Heat & Glare Control Films|Reflectivity - Moderate|Application Type - Adhesive|Dual pane compatible|Heat & Glare Control Films|MCF|Mirror film,33.99,508.99
gandlfurniture.ca,https://gandlfurniture.ca,shopify,True,5,1,,category:219-Living Room|category:226-Living Room Groups|filter:Brand:Benchcraft®|filter:Color:Taupe|filter:Consumer's Choice:Yes|category:219-Living Room|category:227-Love Seats|filter:Brand:Benchcraft®|filter:Color:Brown/Beige|filter:Consumer's Choice:Yes,289.0,999.0
47brand.mx,https://47brand.mx,shopify,True,5,1,,47 CLEAN UP|Ajustable|Algodón|B-GELTT12GWS|Béisbol|47 CLEAN UP|Ajustable|Algodón|B-GELTT02GWS|Boston Red Sox,749.0,1299.0
aafashionpk.com,https://aafashionpk.com,shopify,True,5,1,,,3900.0,4400.0
addiwears.com,https://addiwears.com,shopify,True,5,1,,Dhannak,4499.0,14999.0
adlibfashion.com,https://adlibfashion.com,shopify,True,5,1,,accessories|limited time|men|new arrival|non sale|accessories|good day|limited time|men|new arrival,399.0,399.0
agreemarket.com.ua,https://agreemarket.com.ua,opencart,False,0,1,,,0,0
ahanightwears.com,https://ahanightwears.com,shopify,True,5,1,,Frock Type Maxi|Side zip Maxi (Vertical side zip)|neck embroidery nighty|Without Zip nighhty|Without Zip nighhty|side zip feeding nighty,499.0,766.0
ainclothing.pk,https://ainclothing.pk,shopify,True,5,1,,ain kids|anayakids|ain kids|anayakids|ain kids|anayakids|ain kids|anayakids|ain kids|anayakids,5990.0,7890.0
alba-watches.co.in,https://alba-watches.co.in,shopify,True,5,1,,10 Bar|40 mm - 44mm|Active|Blue|Business Casual|34 mm - 39 mm|5 Bar|Business Casual|Classic/Dress|Crystals,8500.0,11500.0
aldoshoes.com.my,https://aldoshoes.com.my,shopify,True,5,1,,Accessories|Rings|Women|Accessories|Sunglasses|Women|Accessories|Sunglasses|Women|Accessories,69.0,339.0
alifthebookstore.com,https://alifthebookstore.com,shopify,True,5,1,,New arrivals|Quran|tafseer quran|urdu|books on personal develoment|English books|kids|New arrivals|planner|finger counter,499.0,1199.0
allsportsuniforms.net,https://allsportsuniforms.net,bigcommerce,False,0,1,,,0,0
alphaeshop.store,https://alphaeshop.store,shopify,True,5,1,,"4|53""|AP|BLDC Fan|Ceiling Fan|11.11|3|48""|AP|Atomberg",12500.0,23500.0
ambreenclothing.com,https://ambreenclothing.com,shopify,True,5,1,,Bin saeed|Bin saeed|Bin saeed,2800.0,2800.0
amfragrances.com,https://amfragrances.com,shopify,True,5,1,,30ml|30ml bottle|30ml bottles|30ml empty bottle|30ml perfume bottle|12ml attar box|attar box|attar packaging|Cylindrical|empty attar box,1680.0,105300.0
anaheimteamstore.com,https://anaheimteamstore.com,shopify,True,5,1,,,19.99,160.0
anikmakeup.com,https://anikmakeup.com,shopify,True,5,1,,Brochas y pinceles|ettos|Brochas y pinceles|ettos|Rostro|Rubores|kits|regalos,12000.0,110700.0
art-decor.org.ua,https://art-decor.org.ua,opencart,False,0,1,,,0,0
ashokchakranursery.com,https://ashokchakranursery.com,shopify,True,5,1,,,239.0,999.0
aumnicrafts.in,https://aumnicrafts.in,shopify,True,5,1,,AvailableOnSalesChannel:All|BackorderTime:backorder_10days|BaseSKU:jefs-stringlace-00309|BeadHoleStyle:|BeadsColorType:|AvailableOnSalesChannel:All|BackorderTime:backorder_10days|BaseSKU:jefs-stringlace-00309|BeadHoleStyle:|BeadsColorType:,65.0,89.0
ayazperfume.com,https://ayazperfume.com,shopify,True,5,1,,Attar|Citrus|Floral|Fresh|Fruity|Citrus|Floral|Fresh|Floral|Spicy,199.0,199.0
babylinoshop.com,https://babylinoshop.com,prestashop,True,0,1,paypal,,0,0
balkantrendshop.store,https://balkantrendshop.store,shopify,True,5,1,,,30.0,90.0
barrettsgardenfoods.com,https://barrettsgardenfoods.com,squarespace,True,0,1,,,0,0
beactivestore.cl,https://beactivestore.cl,shopify,True,5,1,,Bottom|Conjunto|Falda Short|FW26|negro|Bottom|celeste|Conjunto|Falda Short|FW26,13993.0,20993.0
beautyboost.com.co,https://beautyboost.com.co,shopify,True,5,1,,Facial|suscripcion|Bienestar,49900.0,535200.0
beautydressy.com,https://beautydressy.com,shopify,True,5,1,,blue prom dress|blue prom dresses|LONG PROM DRESS|LONG PROM DRESS|purple prom dress|purple prom dresses|HOMECOMING DRESS|homecoming dresses|SHORT PROM DRESS|short prom dresses,175.0,209.0
bemart.app,https://bemart.app,shopify,True,5,1,,اسفنج مكياج|جوانتي,23.0,289.0
big.store.ro,https://big.store.ro,shopify,True,5,1,,__tab1:garantie-milwaukee|Milwaukee|milwaukee_pt|mlw_martie2026|nou_2024|__tab1:garantie-milwaukee|Milwaukee|milwaukee_pt|mlw_martie2026|nou_2024,6660.0,10219.0
biororganics.com,https://biororganics.com,shopify,True,5,1,,2026年3月キャンペーン商品|bundle-builder-dummy|bundle-builder-dummy-latest|2026年3月キャンペーン商品|2026年3月キャンペーン商品,990.0,9900.0
blakc.store,https://blakc.store,shopify,True,5,1,,knitted|Low Stock|knitted|Low Stock|knitted|Low Stock|Low Stock,499.0,1290.0
blameitonfashion.in,https://blameitonfashion.in,woocommerce,True,0,1,stripe,,0,0
blubellebaby.com,https://blubellebaby.com,shopify,True,5,1,,"39"" X 39""|Atelier Choux|LE GATEAU|NO SALE|Organic cotton|Atelier Choux|Cotton|finalsale|HOT AIR-CAROUSEL BLU|NO SALE",74.0,285.0
booktoy.com.br,https://booktoy.com.br,opencart,True,0,1,,,0,0
brandedwearbyfatima.com,https://brandedwearbyfatima.com,shopify,True,5,1,,2 Piece|MARYAM & MARIA|ready TO WEAR|Ready to wear 3 Piece|Ready to wear Festive|3 piece|LAWN|MARYAM & MARIA|ready TO WEAR|Ready to wear 3 Piece,6500.0,7500.0
bssquirts.store,https://bssquirts.store,woocommerce,True,0,1,,,0,0
bubblegumkids.co.uk,https://bubblegumkids.co.uk,shopify,True,5,1,,,15.2,67.0
cb-fashion.shop,https://cb-fashion.shop,woocommerce,False,0,1,,,0,0
cbdoo.fr,https://cbdoo.fr,woocommerce,False,0,1,,,0,0
celloelectronics.com,https://celloelectronics.com,shopify,True,5,1,,,159.99,269.99
champioil.com,https://champioil.com,woocommerce,True,0,1,,,0,0
chavifashion.com,https://chavifashion.com,shopify,True,5,1,,Chiffon dupatta|pure cotton|hand block print|pure cotton|Mulmul Dupatta|Summer Collection|Mulmul Dupatta|Summer Collection|Mulmul Dupatta|Summer Collection,899.0,1199.0
cifffurniturefair.com,https://cifffurniturefair.com,woocommerce,False,0,1,,,0,0
cocobeestore.com,https://cocobeestore.com,woocommerce,True,0,1,,,0,0
collectionbyrehan.shop,https://collectionbyrehan.shop,shopify,True,5,1,,,1799.0,1849.0
comfowear.com,https://comfowear.com,shopify,True,5,1,,,450.0,750.0
customizekaralo.in,https://customizekaralo.in,shopify,True,5,1,,Enamel Name Pendant|Stone Bracelet|Personalize Bracelet & Kada|Stone Bracelet,1099.0,1899.0
custompacifiers.com,https://custompacifiers.com,shopify,True,5,1,,,13.5,13.5
dandyhats.shop,https://dandyhats.shop,shopify,True,0,1,,,0,0
danon-jewellery.co.il,https://danon-jewellery.co.il,shopify,True,5,1,,50123|50054|1527|1520|1520,119.2,171.75
deluxura.shop,https://deluxura.shop,shopify,True,5,1,,Medicube Deep Vita C Capsule Cream,1413.0,4999.0
draffanwellness.com,https://draffanwellness.com,shopify,True,5,1,,bundles|gifting bundle|Shop All|bundles|gifting bundle|Shop All|bundles|gifting bundle|Shop All|Women Health & Wellness,2149.0,10999.0
dualtron-store.com,https://dualtron-store.com,woocommerce,False,0,1,,,0,0
dudabikestore.com.br,https://dudabikestore.com.br,shopify,True,5,1,,acessoriodeciclismo|bermudadeciclismo|bike|calcadeciclismo|camisadeciclismo|acessoriodeciclismo|bermudadeciclismo|bike|calcadeciclismo|camisadeciclismo,169.0,429.0
edicolaonline.store,https://edicolaonline.store,shopify,True,5,1,,,3.9,150.0
egycomputers.com,https://egycomputers.com,woocommerce,True,0,1,,,0,0
esrafashions.com,https://esrafashions.com,shopify,True,5,1,,Embroided|Ready to Wear|SALE|STITCHED|Embroided|Ready to Wear|SALE|STITCHED|New Arrivals|New Arrivals,5691.0,12885.0
evathelabel.shop,https://evathelabel.shop,shopify,True,5,1,,BEST SELLING|Cool Collection|HOT SELLING|Ideal Collection|Kurta Set|Designer Gown|Embroidered Gown|Ethnic Wear|Faux Georgette|Fully Stitched,2100.0,3300.0
fantasitoto2.store,https://fantasitoto2.store,shopify,True,0,1,,,0,0
fashiontex.in,https://fashiontex.in,shopify,True,5,1,,,299.0,1825.0
fashlyclothing.com,https://fashlyclothing.com,shopify,True,5,1,,fkurti|FMseries|MKURTIS ZIPPER|fkurti|FMseries|MKURTIS ZIPPER|Designer-Non feeding|NEWCOLLECTION|newnfdress|Feeding Gowns,750.0,1250.0
fillinvape.com,https://fillinvape.com,shopify,True,5,1,,,200.0,1100.0
findfamiliarspirits.com,https://findfamiliarspirits.com,shopify,True,5,1,,Find Familiar Spirits|Shopify Collective|Find Familiar Spirits|Shopify Collective,40.0,129.99
flamingobabyandchild.com,https://flamingobabyandchild.com,shopify,True,5,1,,Cat_Custom|Cat_Gift|Cat_Gifts|Cat_Wicker|Gift Packages|Baby Girl|Cat_Custom|Cat_Gift|Cat_Gift Packages|Cat_Gifts,32.0,100.0
flamingogifts.in,https://flamingogifts.in,shopify,True,5,1,,address stamp|business stamp|company stamp|custom logo stamp|custom stamp india|3mm acrylic keychain|acrylic engraving keychain|acrylic keychain India|bulk keychain order|business branding keychain,59.0,10999.0
flora-shop.com.ua,https://flora-shop.com.ua,woocommerce,True,0,1,,,0,0
floristika.com.my,https://floristika.com.my,shopify,True,5,1,,fresh cut flowers|roses|WM|48 Hours CNY|chinese new year collection|clearance|CNY|pussy willow|48 Hours CNY|chinese new year collection,24.9,61.2
gadgetlane.co.in,https://gadgetlane.co.in,shopify,True,5,1,,99store|All|Allproduct|Cable|Charging|All|allproduct,199.0,1999.0
gamegifts.ir,https://gamegifts.ir,woocommerce,True,0,1,,,0,0
gamekey98.ir,https://gamekey98.ir,woocommerce,True,0,1,,,0,0
gamesub.net,https://gamesub.net,woocommerce,True,0,1,,,0,0
garamcina.store,https://garamcina.store,wix,False,0,1,,,0,0
gearfoxauto.com,https://gearfoxauto.com,wix,False,0,1,,,0,0
giligappa.shop,https://giligappa.shop,shopify,True,5,1,,,199.0,799.0
goodies-nutrition.com,https://goodies-nutrition.com,shopify,True,5,1,,spo-cs-disabled|spo-default|spo-disabled|spo-notify-me-disabled|spo-cs-disabled|spo-default|spo-disabled|spo-notify-me-disabled|spo-cs-disabled|spo-default,605.0,1210.0
goods-store.net,https://goods-store.net,shopify,True,5,1,,20250619|2026年3月新商品|いたずらぐまのグルーミー|20250619|2026年3月新商品|いたずらぐまのグルーミー|20250619|2026年3月新商品|いたずらぐまのグルーミー|20250619,440.0,550.0
goral-shoes.co.uk,https://goral-shoes.co.uk,shopify,True,5,1,,Arrival_In-Stock|Construction_Blake-Stitch|discount|lock-product|mystery|Arrival_Made-To-Order|Arrival_Pre-Order|collection_Sneakers|Colour_Navy|Construction_Blake-Stitch,150.0,305.0
gottagoluxury.com,https://gottagoluxury.com,wix,False,0,1,,,0,0
greendecor.com.ua,https://greendecor.com.ua,opencart,True,0,1,,,0,0
gusvillajewelry.com,https://gusvillajewelry.com,shopify,True,5,1,,Rolex|Watch|Rolex|Watch|Rolex|Watch|Watch,8000.0,55000.0
healthstores.in,https://healthstores.in,shopify,True,5,1,,,399.0,2999.0
herbalgem.fr,https://herbalgem.fr,shopify,True,5,1,,HBG|HBG|HBG|HBG|HBG,11.97,33.85
herbiotics.pk,https://herbiotics.pk,shopify,True,5,1,,All Products|All Products|All Products|best selling|All Products|Beauty,1650.0,6500.0
highway66.store,https://highway66.store,woocommerce,True,0,1,,,0,0
hikarispirits.com,https://hikarispirits.com,shopify,True,5,1,,Dec25|Dec25|Nov25|Nov25|Nov25,35.0,135.0
hipkids.pk,https://hipkids.pk,shopify,True,5,1,,0 - 3 Months|All season|Baby Boy|BBSS-0-24|Summer|0 - 3 Months|All season|Baby Boy|BBSS-0-24|Summer,3790.0,5590.0
honeyimhomeaccessories.com,https://honeyimhomeaccessories.com,shopify,True,5,1,,,1650.0,5650.0
housenutrition.tn,https://housenutrition.tn,shopify,False,0,1,,,0,0
iafafurniture.com,https://iafafurniture.com,shopify,True,5,1,,Gaming Chair|Gaming Chairs|Gaming Chair|Gaming Chairs|Gaming Chair|Gaming Chairs|Mid Back|Office Chairs|Mid Back|Office Chairs,2899.0,12999.0
icicleboutique.co.uk,https://icicleboutique.co.uk,shopify,True,5,1,,christmas|dress|new in|bottoms|denim|Holiday|new in|shorts|Holiday|new arrival,10.0,32.0
idealinnerwear.in,https://idealinnerwear.in,shopify,True,5,1,,breathable daily innerwear|breathable modal innerwear|comfort fit|comfortable ladies panties|cotton feel modal panties|Angel plain panty cotton|Angel plain panty pack|Angel plain panty price|Angel plain panty review|Angel plain panty sale,66.0,3598.0
imdfashion.in,https://imdfashion.in,shopify,True,5,1,,,1450.0,1450.0
ingsport.co.il,https://ingsport.co.il,shopify,True,5,1,,new-on|new-on|b_1+1|new-on|b_1+1|new-on|b_1+1|new-on,340.0,1062.5
invogue.shop,https://invogue.shop,shopify,True,5,1,,bare|bare-bodysuit|bare|bare-bodysuit|intense|size-chart-3,999.0,2299.0
isracosmetics.com,https://isracosmetics.com,woocommerce,True,0,1,,,0,0
iwettefashion.pl,https://iwettefashion.pl,shopify,True,0,1,,,0,0
jafperfumes.com,https://jafperfumes.com,shopify,True,5,1,,10ML|all products|GIft Set|Men|WFragrances|100ML|10ML|all products|GIft Set|Men,200.0,19999.0
jbwatchmods.com.au,https://jbwatchmods.com.au,shopify,True,5,1,,automatic_watch|chronograph|custom_seiko|custom_watch|daytona|automatic_watch|chronograph|custom_seiko|custom_watch|daytona,429.0,469.0
jellybeanzkids.com,https://jellybeanzkids.com,shopify,True,5,1,,Dress|Dress|Footie|footies|Footie|footies|Footie|footies,55.0,147.0
jewellerybazaar.pk,https://jewellerybazaar.pk,shopify,True,5,1,,,799.0,2799.0
juniquefashion.be,https://juniquefashion.be,shopify,True,5,1,,,25.0,45.0
kashmirorganicnuts.com,https://kashmirorganicnuts.com,shopify,True,5,1,,,455.0,2999.0
kehyla-beauty.com,https://kehyla-beauty.com,shopify,True,5,1,,,32.0,74.0
kiddikind.com,https://kiddikind.com,shopify,True,5,1,,bundle|Chewboo|bundle|Chewboo|bundle|Chewboo,299.0,1349.0
kidipoo.com,https://kidipoo.com,shopify,True,5,1,,__label:New Arrival|__label:New Arrival|__label:New Arrival|__label:New Arrival|__label:New Arrival,895.0,1295.0
kidsbestie.com,https://kidsbestie.com,shopify,True,5,1,,new|New Arrivals|SHOP BY AGE|SHOP BY PRICE|shopbyage|299 Bestie|6+|8 years +|Best Of Bestie|critical thinking,139.0,299.0
kirobrands.com,https://kirobrands.com,shopify,True,5,1,,,9.99,109.99
kitamurak2-shop.com,https://kitamurak2-shop.com,shopify,True,5,1,,0320sale|ショルダーバッグ|シーンで選ぶ|ファスナー付|メンズ|0320sale|ショルダーバッグ|シーンで選ぶ|レディース|先行セール,17600.0,34100.0
kitchenexpress.sg,https://kitchenexpress.sg,shopify,True,5,1,,Chest Freezer|promo|201|basin|promo|sink|201|basin|promo|sink,165.0,519.0
kladechildren.com,https://kladechildren.com,shopify,True,5,1,,SS26|TOP|SS26|TOP|SS26|TOP|SKIRT|SS26|DRESS|SS26,49.5,88.0
kohana.shop,https://kohana.shop,shopify,True,5,1,,100size|110|120|26SM|80size|26SM|60size|70size|80size|K_MADE,3490.0,4990.0
konnybaby.tw,https://konnybaby.tw,shopify,True,5,1,,2603-bib|2603baby|26SS|baby|babyclothing|0401baby|0401baby-set|26SS|baby|babyclothing,270.0,2990.0
koopsbrand.com,https://koopsbrand.com,shopify,True,5,1,,KAI KIDS|KAI KIDS|KAI KIDS|KAI KIDS|KAI KIDS,69.0,69.0
laceupshoestore.com,https://laceupshoestore.com,shopify,True,5,1,,best selling|heels|new arrival|best selling|heels|new arrival|best selling|heels|new arrival|best selling,2225.0,2225.0
ladiesonlineshopping.com,https://ladiesonlineshopping.com,shopify,True,5,1,,2 piece|coord set|2 piece|coord set|3pc|3pc|embroidered3pc|embroidered3pc,3047.0,5549.0
ladyroyalhairandbeauty.com,https://ladyroyalhairandbeauty.com,shopify,True,5,1,,Brown Butter Melt|Camille rose|camillerose|Cocoa butter|hair balm|Argan|Arganolja|Creme of nature|Gloss|hair mist,55.0,175.0
lafary.shop,https://lafary.shop,shopify,True,5,1,,mine|レッグウォーマー|レッグカバー|地雷|地雷系|mine|付け襟|地雷|地雷系|mine,1650.0,6600.0
learningcornerandcrafts.com,https://learningcornerandcrafts.com,woocommerce,False,0,1,,,0,0
lepetitperfumes.com,https://lepetitperfumes.com,shopify,True,5,1,,ALMAZ - KAJAL|Ambar|Floral|Acuática|Aromatico|Fourguere|SILVER MOUNTAIN WATER - CREED|Ambar|Floral|PARADOX - PRADA,24000.0,80000.0
letsgoaudio.com,https://letsgoaudio.com,shopify,True,0,1,,,0,0
liquidation.store,https://liquidation.store,shopify,True,5,1,,,3.99,8.99
lishop.store,https://lishop.store,opencart,False,0,1,,,0,0
lojagogowear.com.br,https://lojagogowear.com.br,opencart,True,0,1,,,0,0
loshfashion.com,https://loshfashion.com,shopify,True,5,1,,2-04|VK|VT|2-04|VK|VTOPS|2-04|HK|HTOPS|2-04,189.99,199.99
losratones.shop,https://losratones.shop,shopify,True,5,1,,Season 1|Season 2|Season 2|Stockholm,35.0,70.0
luma-cosmetics.com,https://luma-cosmetics.com,shopify,True,5,1,,,24.9,29.9
m3toto2daftar.store,https://m3toto2daftar.store,shopify,True,0,1,,,0,0
maazsafder.store,https://maazsafder.store,shopify,True,5,1,,All|men|Top Seller|All|Top Seller|women|All|Top Seller|women|All,200.0,4900.0
macaronikids.com,https://macaronikids.com,shopify,True,5,1,,boy|kid|shirt|SS26|sundays best|girl|Girls|kid|polo|SS26,58.99,91.99
madniperfumers.com,https://madniperfumers.com,woocommerce,True,0,1,,,0,0
mammothheadwear.com,https://mammothheadwear.com,shopify,True,5,1,,blue|Classic|Curved Brim|logo|NOREVIEW|Classic|Curved Brim|logo|NOREVIEW|performance hats,54.99,54.99
masia.shop,https://masia.shop,shopify,True,5,1,,Air/Oil Separator|Air/Oil Separator|Air/Oil Separator|Air/Oil Separator|Air/Oil Separator,912.65,912.65
masutakitchen.com,https://masutakitchen.com,shopify,True,5,1,,,59.99,199.0
meevyy.store,https://meevyy.store,shopify,True,5,1,,,599.0,1099.0
melonpark.shop,https://melonpark.shop,shopify,True,5,1,,,450.0,1050.0
mgclothing.co.za,https://mgclothing.co.za,woocommerce,True,0,1,,,0,0
mgmgamers.store,https://mgmgamers.store,shopify,True,5,1,,currency-ars|material-pro|mgm_fp:6d99dca6db62b38298f028ef54c41908c8bdaed0e4635b2686d35|calidad-baja|currency-ars|material-pro|mgm_fp:db7a7adcc7786578cdcb0c12037e9ef671807a3d1e5a2c7274171|currency-ars|material-pro|mgm_fp:830009519b7522fe285eb5c1dce8398e010992c8d5feff09fe120,15000.0,54375.0
mi-store.sk,https://mi-store.sk,woocommerce,True,0,1,,,0,0
minibike-shop.cz,https://minibike-shop.cz,prestashop,True,0,1,,,0,0
miyoshisoap.co.jp,https://miyoshisoap.co.jp,shopify,True,5,1,,法人割引適用外|配送希望日時指定不可|つめかえ|つめかえ|つめかえ,187.0,1650.0
momsmilletorganics.com,https://momsmilletorganics.com,woocommerce,True,0,1,,,0,0
mstnutrition.ua,https://mstnutrition.ua,woocommerce,True,0,1,,,0,0
muthebrandstore.com,https://muthebrandstore.com,shopify,True,5,1,,B alternative_colour: Multicolor product: capri|Mujer|Zapatillas|Mujer|Zapatillas|Hombre|Zapatillas|A alternative_colour: Beige product: capri-beige|B alternative_colour: Multicolor product: capri|Mujer,8.0,159.0
mycustomheart.com,https://mycustomheart.com,shopify,True,5,1,,,55.0,55.0
nammakids.com,https://nammakids.com,shopify,True,5,1,,,299.0,499.0
neoporte-webshop.com,https://neoporte-webshop.com,shopify,True,5,1,,0期生|1期生|2025|2期生|3期生|0期生|1期生|2026|2期生|3期生,500.0,2200.0
neutralighting.co.uk,https://neutralighting.co.uk,shopify,True,5,1,,__with:people-canvas-art-pe442|artismore import|Artist_Ashley Bidot|Color_Beige|Color_Black|__with:people-canvas-art-pe441|artismore import|Artist_Ashley Bidot|Bright Painting|Color_Beige,173.0,3327.0
niharikafashion.in,https://niharikafashion.in,shopify,True,5,1,,,2699.0,3390.0
nili.shop,https://nili.shop,woocommerce,False,0,1,,,0,0
nlbeauty.bg,https://nlbeauty.bg,shopify,True,5,1,,gift_product|gift_product,5.62,21.47
nomabeauty.com.br,https://nomabeauty.com.br,shopify,True,5,1,,,49.9,139.9
o4ustore.shop,https://o4ustore.shop,shopify,True,5,1,,,289.9,698.9
onebonebrand.com,https://onebonebrand.com,shopify,True,5,1,,Made in China|size_guide_tops|Made in China|size_guide_tops|Made in China|size_guide_bottoms|spo-default|spo-disabled|spo-notify-me-disabled|Made in China,95.0,130.0
orbitalclothingbrand.com,https://orbitalclothingbrand.com,shopify,True,5,1,,,36.0,39.0
orixgame.ir,https://orixgame.ir,woocommerce,True,0,1,,,0,0
parichaydesigner.com,https://parichaydesigner.com,shopify,True,5,1,,best-sellers|jodhpuri|wedding|best-sellers|jodhpuri|wedding|best-sellers|jodhpuri|wedding|best-sellers,1450.0,1850.0
patinetestore.com,https://patinetestore.com,woocommerce,True,0,1,,,0,0
pepewatch.com,https://pepewatch.com,prestashop,True,0,1,,,0,0
peppy-kids.com,https://peppy-kids.com,woocommerce,False,0,1,,,0,0
personalize.pt,https://personalize.pt,shopify,True,5,1,,Novidades|padrinho|Padrinhos|Personalizados|kit|kit especial|Madrinha|Novidades|padrinho|kit,11.0,29.9
pharmacyskincare.com,https://pharmacyskincare.com,shopify,True,5,1,,,730.0,1900.0
plantifygarden.com,https://plantifygarden.com,shopify,True,5,1,,bestseller,540.0,999.0
polagoclothing.com,https://polagoclothing.com,shopify,True,5,1,,__label: Pre-Order|__label:New Arrivals|__label:Top Selling|MAXIS|pre-order|__label: Pre-Order|__label:New Arrivals|cotton denim|DRESSES|pre-order,2160.0,2600.0
ppcollectionsbrandowner.com,https://ppcollectionsbrandowner.com,woocommerce,True,0,1,,,0,0
primevape.ca,https://primevape.ca,shopify,True,5,1,,(NEW) Vuse Pods|FED|New|Pod System|Regular|Disposable|FED|New|Spin|Spin Disposable,15.49,34.99
prismosbeauty.com,https://prismosbeauty.com,shopify,True,5,1,,,610.0,1188.0
rafagamer.com,https://rafagamer.com,shopify,True,5,1,,,19.99,149.99
rajiskitchen.in,https://rajiskitchen.in,shopify,True,5,1,,Regular 999 combo,120.0,999.0
rangeenfashion.com,https://rangeenfashion.com,woocommerce,True,0,1,,,0,0
redington.market,https://redington.market,magento,True,0,1,,,0,0
regency-luxurysuites.com,https://regency-luxurysuites.com,wix,False,0,1,,,0,0
retailacuity.com,https://retailacuity.com,woocommerce,False,0,1,,,0,0
rjjewellerys.com,https://rjjewellerys.com,shopify,True,5,1,,,600.0,850.0
rzewatches.com,https://rzewatches.com,shopify,True,5,1,,_label_NEW|_label_NEW|_label_NEW,499.0,779.0
sahanestore.com,https://sahanestore.com,shopify,True,5,1,,3 Piece|chiffon|embroidered|festive|formals|3 Piece|chiffon|embroidered|festive|formals,14490.0,15990.0
sakuraherbs.com,https://sakuraherbs.com,woocommerce,False,0,1,,,0,0
sapphireonline.store,https://sapphireonline.store,shopify,True,5,1,,,3990.0,3990.0
shawwatches.in,https://shawwatches.in,shopify,True,5,1,,,700.0,2500.0
shoetowngroup.com,https://shoetowngroup.com,wix,False,0,1,,,0,0
shop-kandns.pk,https://shop-kandns.pk,woocommerce,True,0,1,,,0,0
shop-shibata.com,https://shop-shibata.com,shopify,True,5,1,,ギフト|焼菓子|バレンタイン|ギフト|サブレサンド|焼菓子|クッキー缶|新商品・シーズン|母の日|オススメ,1080.0,3996.0
shopaustin.in,https://shopaustin.in,shopify,True,5,1,,Plus Size T-Shirt|Plus Size T-Shirt|Plus Size T-Shirt|Men's Plus Size Summer Co-ord Set|Men's Plus Size Summer Co-ord Set,439.0,549.0
shopblissfulbeauty.com,https://shopblissfulbeauty.com,shopify,True,5,1,,All Products|All Products|All Products|Breakouts & Acne|Dark Spots & Discoloration|Dullness & Uneven tone|All Products|Breakouts & Acne|Serums,1500.0,2650.0
shopcorazon.com,https://shopcorazon.com,shopify,True,0,1,,,0,0
shopfiona.com,https://shopfiona.com,shopify,True,5,1,,AKGALLERIA|clothing|New arrivals|Sale|AKGALLERIA|clothing|New arrivals|Sale|AKGALLERIA|clothing,2490.0,10990.0
shopflightmodels.com,https://shopflightmodels.com,shopify,True,5,1,,,119.0,169.0
shopfood.cz,https://shopfood.cz,shopify,True,5,1,,,13.9,1951.58
shopgardenalchemy.com,https://shopgardenalchemy.com,shopify,True,5,1,,body oil|Floral|GA Signature|Latest Drop|new arrivals|body oil|Floral|fresh/green|GA Signature|Latest Drop,11.0,40.0
shopnext.co.in,https://shopnext.co.in,shopify,True,5,1,,8in1|Box|Cable|Charge|Compact,199.0,999.0
shopsorce.com,https://shopsorce.com,shopify,True,5,1,,aromatics|General Collection|gourmands|General Collection|smm|winter|General Collection|General Collection|General Collection,6.25,160.0
shoptabassum.com,https://shoptabassum.com,shopify,True,5,1,,2 pc|Best Seller|Black|Formal|New Arrivals|Accessories|Dupatta|Modern Maharani|New Arrivals|New In,700.0,25500.0
shopzoki.com,https://shopzoki.com,shopify,True,5,1,,plush,18.0,220.0
sianfabrics.shop,https://sianfabrics.shop,shopify,True,5,1,,,1650.0,1650.0
signaturecosmetics.co.za,https://signaturecosmetics.co.za,shopify,True,5,1,,Created by HexaSync|ECOMMERCE|Created by HexaSync|ECOMMERCE|Created by HexaSync|ECOMMERCE|NEW|Created by HexaSync|ECOMMERCE|NEW,18.0,180.0
skillotoys.com,https://skillotoys.com,shopify,True,5,1,,3-years-plus|child-safe-material|learning-toy-fallback|skillo-india|3-years-plus|child-safe-material|learning-toy-fallback|skillo-india|breakfast play set|creative play accessory,175.0,4345.0
smokeycocktail.com,https://smokeycocktail.com,shopify,True,5,1,,kids|Rakhi|RAKHI GIFT|RAKHIGIFT|side table|best seller|best selling|GD1|best seller|best selling,1499.0,29999.0
snake-gamesdz.com,https://snake-gamesdz.com,woocommerce,True,0,1,,,0,0
soapytwist.com,https://soapytwist.com,shopify,True,5,1,,Fragrance Oils|Fragrance Oils|Fragrance Oils|cosmetic bases|bases|cosmetic bases,289.0,10420.0
sonajerokids.com,https://sonajerokids.com,shopify,True,5,1,,bb niño ver 26|popys ver 26|ver 26|bb niña ver 26|popys ver 26|ver 26|bb niña ver 26|popys ver 26|ver 26|bb niña ver 26,32.95,43.95
sorvellaperfume.pl,https://sorvellaperfume.pl,shopify,True,5,1,,208|givenchi|givenchy|givenchy  le secret|Givenshi|club|jaz|jazz|klub|maison,34.9,149.0
sportingbrands.cl,https://sportingbrands.cl,shopify,True,5,1,,Black Sale|DSVOGUE|Pala VOGUE|Parolin|parolin2|DROP SHOT|Drop Shot PAdel|Dropshot|Dropshot padel|DS 2026,14990.0,19990.0
spykarshoes.com,https://spykarshoes.com,shopify,True,5,1,,Sandals|Spykar|Crok Footbed|Mens Shoes|Sandals|Spykar|Casual Shoes|Mens Shoes|Mens Sneakers|Outdoor Shoes,999.0,2999.0
sscustom.it,https://sscustom.it,shopify,True,5,1,,,9.99,299.99
stirlingsoap.com,https://stirlingsoap.com,shopify,True,5,1,,fragrance|fresh|men|old spice|shulton|fragrance|fresh|men|old spice|shulton,4.95,17.95
stopautoshop.rs,https://stopautoshop.rs,shopify,True,5,1,,menjač|ručica|ručica menjača|Ručice menjača|Bočni vetrobrani|Opel Astra K|Bočni vetrobrani|Chevrolet Aveo|mercedes|mercedes Benz Sprinter,1999.0,5720.0
sunnasupplements.com,https://sunnasupplements.com,shopify,True,5,1,,,19.99,99.99
superdeal.boutique,https://superdeal.boutique,shopify,True,5,1,,,19.99,29.95
supplemart.in,https://supplemart.in,shopify,True,5,1,,ON|on gold|on whey|Optimum Nutrition|woo_import_1|woo_import_1,299.0,12499.0
talleyandtwine.com,https://talleyandtwine.com,shopify,True,5,1,,316L Stainless Steel|46mm watch face|men|talley and twine|women|womensexclusive|womensleather|womensmetal|Brown Wallet Upsell|DBWalletUpsell,195.0,425.0
teacurry.com,https://teacurry.com,shopify,True,5,1,,,599.0,3099.0
teamnl.shop,https://teamnl.shop,shopify,True,5,1,,,89.99,139.99
teashop.by,https://teashop.by,woocommerce,True,0,1,,,0,0
techplusemart.com,https://techplusemart.com,woocommerce,True,0,1,,,0,0
tennesseewholesalenursery.com,https://tennesseewholesalenursery.com,shopify,True,5,1,,Live Stakes|Plants for California|Plants for Ohio|Plants for Pennsylvania|Plants for Tennessee|Plants for Texas|Live Stakes|Plants for California|Plants for Ohio|Plants for Pennsylvania,139.0,1900.0
tg88-game1.com,https://tg88-game1.com,woocommerce,True,0,1,,,0,0
theaffordabledesigners.com,https://theaffordabledesigners.com,shopify,True,5,1,,Kids|New|Eid Collection|Kids|Eid Collection|Kids|New|New|Semi Formal,1200.0,9000.0
thechocolatesmiths.com,https://thechocolatesmiths.com,shopify,True,5,1,,Filled bars|Filled bars,8.0,37.0
themedpharma.co.in,https://themedpharma.co.in,shopify,True,5,1,,,99.0,280.0
theperfumeproject.in,https://theperfumeproject.in,shopify,True,5,1,,Shop All,499.0,1499.0
theperfumex.com,https://theperfumex.com,shopify,True,5,1,,,219.0,1350.0
thepositiveteachercompany.co.uk,https://thepositiveteachercompany.co.uk,shopify,True,5,1,,ALL|custom_text:Name To Add To Personalised Product|limit_35|personalise|PERSONALISED|ALL|ALL|almost_gone|BF20|ALL,1.95,25.0
thesportscardzone.com,https://thesportscardzone.com,shopify,True,5,1,,2024/25|Basketball Boxes|Early Black Friday|2024/25|Basketball Boxes|new|Pokemon|Pokemon Boxes|2025|Early Black Friday,27.95,179.95
theultimatespirits.jp,https://theultimatespirits.jp,shopify,True,5,1,,コニャック|コニャック|ウィスキー|ウィスキー,23870.0,4350000.0
tiendaorbe.shop,https://tiendaorbe.shop,shopify,True,5,1,,,139800.0,199900.0
tmarat.store,https://tmarat.store,shopify,True,5,1,,بودر|فواكه|حراري|فواكه,69.0,429.0
tmperfumehouse.com,https://tmperfumehouse.com,shopify,True,5,1,,Aquatic|Casual|Daytime|Female|female perfume|bundle|Car Fragrance|Car Perfume|Designer Inspired|Executive Car Scent,449.0,1599.0
toyfps.com,https://toyfps.com,woocommerce,True,0,1,,,0,0
toyinpakistan.pk,https://toyinpakistan.pk,woocommerce,True,0,1,,,0,0
trumanboot.com,https://trumanboot.com,shopify,True,5,1,,_label_PRE ORDER|vip-product|10|10.5|11|11.5|12.5|12|12.5|6and2,399.0,579.0
tryboostiva.shop,https://tryboostiva.shop,shopify,True,5,1,,,15.0,127.5
twinklesonlinestore.com,https://twinklesonlinestore.com,shopify,True,5,1,,,100.0,360.0
vapemonk.in,https://vapemonk.in,woocommerce,True,0,1,,,0,0
velbettalter.store,https://velbettalter.store,magento,False,0,1,,,0,0
veliyathgarden.com,https://veliyathgarden.com,shopify,True,5,1,,,750.0,2500.0
vinayak.fashion,https://vinayak.fashion,shopify,True,5,1,,,600.0,1800.0
vital-procl.store,https://vital-procl.store,shopify,True,5,1,,,24990.0,27990.0
vitana.store,https://vitana.store,shopify,True,5,1,,,89.9,109.9
vivacuerpo-store.com,https://vivacuerpo-store.com,shopify,True,5,1,,,39.99,39.99
vozolpremium.com,https://vozolpremium.com,woocommerce,True,0,1,,,0,0
webstoreshops.com,https://webstoreshops.com,shopify,True,5,1,,Honor|Smartphone|Honor|Smartphone|Huawei|Smart Band|Huawei|Smart Band|Huawei|Smart Band,19.9,49.9
wholesalebodyjewellery.com,https://wholesalebodyjewellery.com,shopify,True,5,1,,,3.83,90.0
winbox-game.com,https://winbox-game.com,wix,False,0,1,,,0,0
winecow.com.au,https://winecow.com.au,shopify,True,5,1,,Australia|White Wine|Australia|White Wine|Australia|White Wine|Australia|White Wine|Australia|McLaren Vale,60.0,60.0
wizardlytees.store,https://wizardlytees.store,shopify,True,5,1,,d&d|dnd|fireball|Men's Clothing|T-shirts|bullets|d&d|dnd|gun|i cast,30.99,34.99
xpersonatoy.com,https://xpersonatoy.com,shopify,True,5,1,,bag|hugo|hugovlad|pre-sale|zenlesszonezero|acrylic charm|keychain|Pre-sale|tf|transformers,4.0,27.59
yengescosmetics.com,https://yengescosmetics.com,shopify,True,5,1,,all|NEW|лице|лице|лице,10.0,100.0
yourshoegenie.in,https://yourshoegenie.in,shopify,True,5,1,,,3099.0,3899.0
yychotchocolate.com,https://yychotchocolate.com,squarespace,True,0,1,,,0,0
zamzamperfumers.com,https://zamzamperfumers.com,shopify,True,5,1,,exclusive|size_12ml|size_6ml|women|20ml|elysian|floral|new|women|20ml,360.0,3000.0
zenmo.shop,https://zenmo.shop,shopify,True,5,1,,,1999.0,3499.0
zero7.shop,https://zero7.shop,shopify,True,0,1,,,0,0
zm-camping.de,https://zm-camping.de,shopify,True,5,1,,3D Druck|Camping Zubehör|Grand California|Grand California 600|Grand California 680|Camping Zubehör|Custom Cable|DELTA 3 Max Plus|DELTA 3 Ultra Plus|DELTA Pro,3.99,69.0
zomoky.shop,https://zomoky.shop,shopify,True,5,1,,,599.0,599.0
premiumvials.com,https://premiumvials.com,bigcommerce,True,0,1,,,0,0
hooraindesignerwear.com,https://hooraindesignerwear.com,shopify,True,5,1,,Blush Peach|Eid 2026 Pakistani suits UK|Formal|Mysie by Tahira|Mysie by Tahira Aurea Luxury Formals|Eid 2026 Pakistani suits UK|Formal|Long Gown|Mysie by Tahira|Mysie by Tahira Aurea Luxury Formals,1216.95,2744.95
proglobal-furniture.com,https://proglobal-furniture.com,magento,True,0,1,,,0,0
solfiregardens.com,https://solfiregardens.com,woocommerce,True,0,1,,,0,0
icueyewear.com,https://icueyewear.com,shopify,True,5,1,,bestsellers-resort|color-black|color-floral-black|Floral|magnification-1-25|bestsellers-resort|color-black|color-tortoise|magnification-1-25|magnification-1-50,20.99,32.99
customerdynamics.com,https://customerdynamics.com,magento,True,0,1,,,0,0
industrialcommerciallighting.com,https://industrialcommerciallighting.com,magento,True,0,1,paypal,,0,0
unheardofbrand.com,https://unheardofbrand.com,shopify,True,5,1,,Unheardof|Unheardof|UNHEARDOF BRAND,12.0,50.0
northfashionstore.com,https://northfashionstore.com,shopify,True,5,1,,08022023-06|anjun|Bestsellers|Dresses|Evergreen|2209|Bestsellers|Dresses|DressesSkirts|Evergreen,35.0,58.0
kcpmc.store,https://kcpmc.store,shopify,True,5,1,,Akola|Akomin|Broad Spectrum (Multiple Fungi)|Conventional|Fungicide|0:52:34|Conventional|ICL|Mkp|NEW,195.0,1500.0
officialfixdessertchocolate.com,https://officialfixdessertchocolate.com,woocommerce,True,0,1,,,0,0
apostasdesportivas.tv,https://apostasdesportivas.tv,woocommerce,False,0,1,,,0,0
ossineshoes.com,https://ossineshoes.com,magento,True,0,1,,,0,0
motea-shop.com,https://motea-shop.com,magento,True,0,1,,,0,0
britvapes.com,https://britvapes.com,shopify,True,0,1,,,0,0
shopenglishfactory.com,https://shopenglishfactory.com,shopify,True,5,1,,Avail Date: 07/31/2026|collar|KNIT|KNIT TOP|mastertag-tops|april 26|Avail Date: 04/30/2026|embellished|mastertag-tops|new-tops,68.0,178.0
lahorelectronics.com,https://lahorelectronics.com,woocommerce,True,0,1,,,0,0
shopcsntv.com,https://shopcsntv.com,magento,True,0,1,,,0,0
stambouljewelry.com,https://stambouljewelry.com,shopify,True,5,1,,,175.0,360.0
rhythmsnowsports.com.au,https://rhythmsnowsports.com.au,shopify,True,5,1,,attribute-colour|yellow|CoreProduct:No|Custom1:3|Custom2:D5532401 - 3|ImageIssue|attribute-colour|black|attribute-gender|Youth / Kids|CoreProduct:No|Custom1:HK082|Custom2:CARRYOVER-TEMPO KIDS NECKTUBE-Scarves & Neckwarmers-HK082-BLK,24.99,999.2
thejewelleryroom.com,https://thejewelleryroom.com,shopify,True,5,1,,__label:New In|category:Necklaces|certificates:Yes|collection:Tag|colour-filter:Blue|__label:New In|category:Necklaces|certificates:Yes|collection:Tag|colour-filter:Gold,23354.0,85938.0
gameshaventcg.com,https://gameshaventcg.com,shopify,True,5,1,,Blue|Foil|Future|Human Scientist|Legendary Creature|Black|Boar Rhino Mutant|Foil|Future|Green,0.1,5.9
shopwesternedge.com,https://shopwesternedge.com,shopify,True,5,1,,cotton-jungle-country-casuals|staging|under-25|25-50|bohemian-cowgirl|mens-clothing|25-50|bohemian-cowgirl|sale-womens-clothing|bling-a-gogo,18.0,38.0
teamrhfitness.com,https://teamrhfitness.com,shopify,True,5,1,,,19.99,34.99
belleslighting.com,https://belleslighting.com,shopify,True,5,1,,falw|nopros|quoizel|falw|nopros|quoizel|falw|nopros|quoizel|falw,110.01,999999.0
joessportinggoods.com,https://joessportinggoods.com,shopify,True,5,1,,AllowOnlineStore|B:helly hansen|N1:clothing|N2:mens clothing|N2:rain gear|AllowOnlineStore|B:reef|N1:footwear|N2:mens footwear|N3:mens sandals,35.0,95.0
marineshop.net,https://marineshop.net,woocommerce,True,0,1,,,0,0
likegifts.cl,https://likegifts.cl,woocommerce,True,0,1,,,0,0
honeysucklegarden.com.au,https://honeysucklegarden.com.au,shopify,True,5,1,,Web Tools & Accs|POTS,19.98,99.98
babyknihy.cz,https://babyknihy.cz,opencart,True,0,1,,,0,0
shopivet.com,https://shopivet.com,shopify,True,5,1,,automation|b2b.smbros.org|cat|CAT GROOMING SUPPLIES|corrected|pigeon|PIGEON MEDICATIONS & HEALTH|simpro|معوية|automation2,77.62,180.6
egmcigars.com,https://egmcigars.com,shopify,True,0,1,,,0,0
fitnessexperience.ca,https://fitnessexperience.ca,shopify,True,0,1,shopify_payments,,0,0
goliathgames.us,https://goliathgames.us,woocommerce,False,0,1,,,0,0
vapeonlinestore.co.uk,https://vapeonlinestore.co.uk,shopify,True,5,1,,10000|10000 Pods Refill The Bling Pro Max|10000 Pods The Bling Pro Max Refill|10000 puff|10000 puff vape|10000|10000 Nexay Crush Prefilled Pods|10000 Prefilled Nexay Crush Pods|10000 puff|10000 puff vape,6.99,19.99
august-shop.com,https://august-shop.com,shopify,True,5,1,,Apparel|Applique Hoodie|Casual Hoodie|Contemporary Streetwear Hoodie|Cotton French Terry Hoodie|1966 Ringer T Shirt|Apparel|Casual T Shirt|Classic White Tee|Comfortable T Shirt,50.0,140.0
martelius.com,https://martelius.com,magento,True,0,1,,,0,0
99perfume.com,https://99perfume.com,shopify,True,5,1,,brand_Jean Paul Gaultier|concentration_eau-de-parfum-intense|gender_men|jean-paul-gaultier|menu_Fragrance|brand_Gucci|concentration_eau-de-parfum-intense|gender_women|gucci|menu_Fragrance,169.99,339.99
integratedelectronicparts.com,https://integratedelectronicparts.com,bigcommerce,False,0,1,,,0,0
motosports.lv,https://motosports.lv,shopify,True,5,1,,Apavi|Moto|Moto zābaki/apavi un aksesuāri|Motobraukšanas zābaki|Aktīvā atpūta|Apavi un aksesuāri|Pārgājienu|Aktīvā atpūta|Apavi un aksesuāri|Pārgājienu,152.1,401.4
modern1furniture.com,https://modern1furniture.com,woocommerce,True,0,1,,,0,0
10naga-game.site,https://10naga-game.site,magento,True,0,1,,,0,0
babiesdecor.com,https://babiesdecor.com,shopify,True,5,1,,digital wall clock|large wall clock,449.0,1400.0
epoolsupply.com,https://epoolsupply.com,shopify,True,5,1,,,3.95,50.95
fashionwallpaper.co.uk,https://fashionwallpaper.co.uk,magento,True,0,1,,,0,0
teammotorcycle.com,https://teammotorcycle.com,shopify,True,5,1,,cruiser Helmet|Dual Sport Helmets|Ece 2205 Helmets|HJC|HJC Helmets|cruiser Helmet|Dual Sport Helmets|Ece 2205 Helmets|HJC|HJC Helmets,179.99,554.99
cochranesupply.com,https://cochranesupply.com,magento,True,0,1,,,0,0
ewines.co.il,https://ewines.co.il,shopify,True,5,1,,אחוז|ישראל|כשר|כשר לפסח|מדינה|אחוז|ישראל|כשר|כשר לפסח|מדינה,19.9,69.9
ktbazarbd.shop,https://ktbazarbd.shop,shopify,True,5,1,,automatic dustbin with cover|bathroom dustbin|bedroom mini dustbin|commercial dustbin|Durable Dustbin|automatic dustbin with cover|bathroom dustbin|bedroom mini dustbin|commercial dustbin|Durable Dustbin,400.0,6500.0
littlemarketdeli.com,https://littlemarketdeli.com,shopify,True,0,1,,,0,0
pablogiftshop.com,https://pablogiftshop.com,woocommerce,True,0,1,,,0,0
thegodofsports.com,https://thegodofsports.com,woocommerce,True,0,1,,,0,0
nyfurnituredirect.com,https://nyfurnituredirect.com,shopify,True,5,1,,Brand_Ashley|Collection_Janston|Color_Ivory/Gray/Tan|Consumer Assembly_No Assembly Required|Material_Fabric|Brand_Ashley|Chair|Collection_Calnita|Color_Sisal|Consumer Assembly_No Assembly Required,152.48,1838.25
tiledecor.com,https://tiledecor.com,woocommerce,True,0,1,,,0,0
scentrafragrance.store,https://scentrafragrance.store,shopify,True,5,1,,,3250.0,5300.0
tatvedherbal.com,https://tatvedherbal.com,woocommerce,False,0,1,,,0,0
storesgo.com,https://storesgo.com,shopify,True,0,1,,,0,0
walrusaudio.com,https://walrusaudio.com,shopify,True,5,1,,bf23|Blemished|bf23|Monument|Pedal|Tap Tempo|Tap Tremolo|b-stock|blemish|Blemished,109.99,637.49
lazygamer.net,https://lazygamer.net,woocommerce,False,0,1,,,0,0
mxwholesale.co.uk,https://mxwholesale.co.uk,shopify,True,5,1,,_missing-image|aov_micro (£2-£20)|Category_Home & Garden|Category_Home & Garden/Bags|L1|_missing-image|aov_high (£501-£2000)|Category_Food & Drink|Category_Gifts|Category_Gifts/Party Supplies,6.29,1680.99
highspeedgear.com,https://highspeedgear.com,shopify,True,5,1,,high speed gear|rifle mag|rifle mag pouch|asp handcuff carrier|asp handcuff holder|asp handcuff pouch|chained handcuff holder|chained handcuff pouch,31.0,65.0
phc-beauty.com,https://phc-beauty.com,shopify,True,5,1,,new_badge|YGroup_superlift-set|hidden|new_badge|YGroup_starter-set|YGroup_superlift-set|new_badge,15.9,105.2
totaldiabetessupply.com,https://totaldiabetessupply.com,shopify,True,5,1,,hidden|medications|Mens Health|total-diabetes-supply|hidden|medications|Mens Health|total-diabetes-supply|hidden|medications,6.99,275.25
thefashionfever.com,https://thefashionfever.com,shopify,True,5,1,,,6.96,45.68
ullenboom-baby.de,https://ullenboom-baby.de,shopify,True,5,1,,100x100|120x120|140x140|kefi_swatches|Krabbeldecke|100x100|120x120|140x140|Handgemalte Blüten|kefi_swatches,39.9,99.9
shopwired.co.uk,https://shopwired.co.uk,bigcommerce,False,0,1,,,0,0
schoolwearunited.co.uk,https://schoolwearunited.co.uk,bigcommerce,True,0,1,,,0,0
coffeefranchisehub.com,https://coffeefranchisehub.com,woocommerce,True,0,1,,,0,0
circulonkitchenware.com,https://circulonkitchenware.com,woocommerce,True,0,1,,,0,0
multisportonline.com,https://multisportonline.com,shopify,True,5,1,,Activewear|comfort|Fusion|New In|Run|Activewear|comfort|Fusion|gym|Mens,10.0,85.0
brandsdemocracy.com,https://brandsdemocracy.com,shopify,True,5,1,,Hombre|SS2026|Hombre|SS2026|Hombre|SS2026|FW2025|Hombre|ultimas-unidades|FW2025,110.5,389.0
case-custom.com,https://case-custom.com,magento,True,0,1,,,0,0
boutiqueretailer.com.au,https://boutiqueretailer.com.au,shopify,True,5,1,,,24.95,24.95
flysportsuk.com,https://flysportsuk.com,shopify,True,5,1,,default_variant_label|headgear|New|new26|Premium_open_face|default_variant_label|head guards|headgear|KNTPRM|New,260.0,360.0
gamepark.pk,https://gamepark.pk,woocommerce,True,0,1,,,0,0
shop4electrical.co.uk,https://shop4electrical.co.uk,prestashop,True,0,1,,,0,0
sportnahrung-wehle.de,https://sportnahrung-wehle.de,shopify,True,5,1,,Mönchspfeffer|NEW|pflanzenextrakte|Supplements|Vegan|Brokkoli|NEW|Sulforaphan|Supplements|Vegan,19.99,99.99
gamesplusmalta.com,https://gamesplusmalta.com,woocommerce,True,0,1,,,0,0
papelesdecorativos.com,https://papelesdecorativos.com,prestashop,True,0,1,,,0,0
german-car-accessories.com,https://german-car-accessories.com,shopify,True,5,1,,2023-bmw-g20-320i-esr4032151|2023-bmw-g20-330i-esr5397361|2023-bmw-g20-m340i-esr1674962|BMW|G20 LCI 3-Series|2019-2024-audi-f3-q3-esr4695523|2019-2024-audi-f3-sq3-esr6032822|Cold Air Intake|FS | Audi Q3/SQ3/RSQ3|Intakes,349.99,1499.99
brokenenglishjewelry.com,https://brokenenglishjewelry.com,shopify,True,5,1,,18k|cece|diamond|diamonds|gold|18k|cece|emerald|emeralds|gold,9842.4,13738.35
simplebikestore.eu,https://simplebikestore.eu,shopify,True,5,1,,Bikes|Cargo|Components|In store|Inner Tubes - Sealant|Tires & Tubes|Tubes 24|Bikes|Gravel|Bikes,10.0,7250.0
fymestore.com,https://fymestore.com,woocommerce,False,0,1,,,0,0
shopgraytools.com,https://shopgraytools.com,shopify,True,5,1,,Clearance|linemans-pliers|Needle & Flat Nose Pliers|Pliers|Set|Acetate|Clearance|Phillips|screwdriver-and-nut-driver|Screwdrivers,21.59,518.38
mainlandskateandsurf.com,https://mainlandskateandsurf.com,shopify,True,5,1,,green|Market|mens|short sleeve|Tees|black|Market|mens|short sleeve|Tees,49.99,169.99
wyrd-games.net,https://wyrd-games.net,squarespace,True,0,1,,,0,0
originalmagicart.store,https://originalmagicart.store,shopify,True,5,1,,Foglio Portfolio|Kaja Foglio|New Arrival|Portal|Print|1/1|Arabian Nights|Blue|Foglio Portfolio|Kaja Foglio,20.0,40.0
pharmateklabs.co,https://pharmateklabs.co,woocommerce,True,0,1,,,0,0
abacus-electronics.de,https://abacus-electronics.de,magento,True,0,1,,,0,0
measure-mart.com,https://measure-mart.com,shopify,True,5,1,,IN-STOCK|HIDE-IN-STOCK|HIDE-PRICE|IN-STOCK,1200.0,16000.0
bbbeauty.com.hk,https://bbbeauty.com.hk,shopify,True,5,1,,Europe|Maison Margiela|men perfume|new|perfume|Europe|Maison Margiela|men perfume|new|perfume,78.0,968.0
dfvmobile.store,https://dfvmobile.store,shopify,True,5,1,,Brown|Cover and Wallet Cases|DFVmobile|FESTIM|Brown|Cover and Wallet Cases|DFVmobile|FESTIM|Brown|Cover and Wallet Cases,38.95,38.95
martdiscover.com,https://martdiscover.com,woocommerce,True,0,1,,,0,0
acgamesonline.com,https://acgamesonline.com,shopify,True,5,1,,,39.99,49.99
autopartsmission.com,https://autopartsmission.com,woocommerce,True,0,1,,,0,0
nurserynisarga.in,https://nurserynisarga.in,woocommerce,True,0,1,,,0,0
riazcomputer.com,https://riazcomputer.com,woocommerce,True,0,1,,,0,0
safetygearpro.com,https://safetygearpro.com,woocommerce,True,0,1,,,0,0
shoehq.com.au,https://shoehq.com.au,shopify,True,5,1,,association:Black|Sparkle|23704|association:Blush|Sparkle|23706|association:Champagne |Sparkle|26968|association:Chocolate |28358|association:Navy|Sparkle|23705|association:Black|Sparkle|21905|association:Blush|Fabric|22629|association:Champagne |Fabric|27190|association:Chocolate |Fabric|28359|association:Grey|Sparkle|21907,4.95,179.95
himalayawellness.co.za,https://himalayawellness.co.za,shopify,True,5,1,,face care|Face Wash|face care|Face Creams|new|personal care|face care|Face Creams|personal care|digestive health,122.9,199.99
shopify.cn,https://shopify.cn,shopify,False,0,1,,,0,0
halibuyfashion.com,https://halibuyfashion.com,shopify,True,5,1,,bottoms|new|new20260331|dresses|fall|new20260331|dresses|fall|new20260331|new,39.99,99.99
customgear.com.au,https://customgear.com.au,magento,False,0,1,,,0,0
parfumi-shop.net,https://parfumi-shop.net,magento,True,0,1,,,0,0
vicsport.vn,https://vicsport.vn,woocommerce,False,0,1,,,0,0
outletshoesmx.com,https://outletshoesmx.com,shopify,True,5,1,,Calzado|Calzado Outlet|Hombre|lacoste|moda|Calzado Outlet|Hombre|lacoste|moda|MODA CABALLERO,2199.0,2599.0
shoppinkcreek.com,https://shoppinkcreek.com,shopify,True,5,1,,Dresses|New|New Arrivals|size-l|size-large|Everyday Tops|New|New Arrivals|size-l|size-large,55.0,219.0
furnituremall.co.ke,https://furnituremall.co.ke,woocommerce,True,0,1,,,0,0
pool-chlor-shop.de,https://pool-chlor-shop.de,shopify,True,5,1,,EOL|HMITF|Lagerartikel|AMZ Deal|EOL|HMITF|Lagerartikel|NON-FR|AMZ Deal|EOL,4.95,528.95
millarsshoestore.com,https://millarsshoestore.com,shopify,True,5,1,,brand_igi_co|wedge_sandals|women|womens_wedge_sandal|brand_igi_co|wedge_sandals|women|womens_wedge_sandal|brand_igi_co|wedge_sandals,74.99,89.99
shopnorivals.com,https://shopnorivals.com,shopify,True,5,1,,D2C|D2C|D2C|D2C|D2C,38.0,38.0
chicagochildrensmuseum.org,https://chicagochildrensmuseum.org,squarespace,True,0,1,,,0,0
red-equipment.co.uk,https://red-equipment.co.uk,shopify,True,5,1,,2026|Accessories|Drinkware|Equipment|Stackable Stainless Steel Drinking Cups|2026|collection-towels|Compact Adventure Towel|2026|collection-towels,14.95,14.95
shopneedlepointjunction.com,https://shopneedlepointjunction.com,shopify,True,5,1,,MINI TOTE|vng|MINI TOTE|vng|bluebird|floral|Flowers|kate-dickerson|Pillow|blueberry-point,78.0,255.0
keenfootwear.com.au,https://keenfootwear.com.au,shopify,True,5,1,,gifting-for-him|keen-days-feb|Mens-New|New-Arrivals|S25|BFCMM20|SS25|Warranty_Policy|BFCMM40|SS25,94.5,230.99
cameracrate.com,https://cameracrate.com,woocommerce,False,0,1,,,0,0
wholesalejanitorialsupply.com,https://wholesalejanitorialsupply.com,bigcommerce,True,0,1,,,0,0
sbsupply.de,https://sbsupply.de,magento,False,0,1,,,0,0
sportvorur.is,https://sportvorur.is,woocommerce,True,0,1,,,0,0
alpinepowersports.ca,https://alpinepowersports.ca,shopify,True,5,1,,ATV/UTV/Snowmobile Accessories|Brand_Kimpex|Category_ATV/UTV|Heated Grip Replacement Parts|ITGHide|ATV/UTV/Snowmobile Accessories|Brand_Kimpex|Category_ATV/UTV|Heated Grip Replacement Parts|ITGHide,15.29,251.99
pandafoxtoys.com,https://pandafoxtoys.com,shopify,True,5,1,,Aircraft_Boeing 777|Livery_Air France|Manufacturer_GeminiJets|Rare|Scale_1:200|Aircraft_BAC-111|Livery_Braniff|Manufacturer_JC Wings|Rare|Scale_1:200,97.56,289.95
shopmanycoolthings.com,https://shopmanycoolthings.com,shopify,True,5,1,,PlayStation 5|PS5 Games|PlayStation 5|PS5 Games|PlayStation 5|PS5 Games|PlayStation 5|PS5 Games|Xbox One / Series X Games|Xbox Series X Games,39.99,69.99
zeelclothing.com,https://zeelclothing.com,shopify,True,5,1,,Black|Chanderi|Festival|Lace|Lehenga|Festival|Georgette|Gown|Purple|Sequins Work,1699.0,2949.0
elitemalewellness.com,https://elitemalewellness.com,shopify,True,5,1,,accessories|Hydro|Hydromax,2.99,49.99
zinggadget.com,https://zinggadget.com,woocommerce,False,0,1,,,0,0
vlmotorsport.com,https://vlmotorsport.com,shopify,True,5,1,,KIT DE EMBRAGUE|kit embrague|RSX|RSX GRUPO VAG|autoblocante|RSX|RSX SUZUKI|suzuki|torsen|Corsa,6.51,1288.65
cozifurniture.com,https://cozifurniture.com,shopify,True,5,1,,bed-pillow|Brand_Ashley|Collection_Nectar Classic|Color_White|consumer-assembly_no-assembly-required|bed-pillow|Brand_Ashley|Collection_DreamCloudTM Classic|Color_White|consumer-assembly_no-assembly-required,65.06,1691.02
onlaptop.ro,https://onlaptop.ro,woocommerce,False,0,1,,,0,0
housegarden.com.au,https://housegarden.com.au,woocommerce,True,0,1,,,0,0
sawinery.net,https://sawinery.net,shopify,True,5,1,,,9.9,29.9
trymeshop.com,https://trymeshop.com,shopify,True,5,1,,Genere_Uomo|men|nero|new|New_feed|Abiti|bianco|D48EQ065ES8 - MF010 - ABITO - BIANCO OTTICO|Genere_donna|new,31.97,606.56
tracycosmetic.com,https://tracycosmetic.com,woocommerce,True,0,1,,,0,0
gameram.com,https://gameram.com,wix,False,0,1,,,0,0
sbsupply.eu,https://sbsupply.eu,magento,False,0,1,,,0,0
babydream.gr,https://babydream.gr,opencart,True,0,1,,,0,0
beautycarebag.com,https://beautycarebag.com,shopify,True,5,1,,sunscreen|sunscreen|sunscreen|sunscreen|sunscreen,12.91,12.91
directpetsuppliesperth.com.au,https://directpetsuppliesperth.com.au,opencart,True,0,1,,,0,0
srsport.com,https://srsport.com,bigcommerce,False,0,1,,,0,0
designitalianshoes.com,https://designitalianshoes.com,shopify,True,5,1,,312-ps|60%|anti-slip-ps|black-ps|deco-ps,68.0,83.0
spartanequipment.com,https://spartanequipment.com,bigcommerce,True,0,1,klarna|afterpay|square|adyen|authorize_net,,0,0
blueskycosmetics.co.uk,https://blueskycosmetics.co.uk,shopify,True,5,1,,< 30 DAYS|hema free|< 30 DAYS|hema free|180 DAYS|365 DAYS|hema free|shine|top|180 DAYS,4.99,14.99
genseebeauty.com,https://genseebeauty.com,shopify,True,5,1,,,42.0,88.0
noinsurancemedicalsupplies.com,https://noinsurancemedicalsupplies.com,shopify,True,5,1,,Nasal Mask|Battery Power Supply,24.95,1500.0
outsidesports.co.nz,https://outsidesports.co.nz,shopify,True,5,1,,activity:run|Clothing|New|on-sale|T-Shirts|activity:bike|Bike|Bike Helmets|Bike Protection|kids,55.99,482.99
seismicaudiospeakers.com,https://seismicaudiospeakers.com,shopify,True,5,1,,100-200|12 Channel Low Profile Circuit Board Snake Cables|12-channel|50|50-foot|100|100-foot|24 Channel Low Profile Circuit Board Snake Cables|24-channel|300-400,149.99,1649.99
kiddieboutiquebyclaire.co.uk,https://kiddieboutiquebyclaire.co.uk,bigcommerce,True,0,1,klarna,,0,0
kwiokids.com,https://kwiokids.com,shopify,True,5,1,,,19.9,249.9
thepharmacylife.com,https://thepharmacylife.com,woocommerce,True,0,1,,,0,0
watchguynyc.com,https://watchguynyc.com,shopify,True,5,1,,color-diamond|in-stock|mens|Nautilus|new-arrivals|band-type-jubilee|color-black|mens|new-arrivals|rolex,50800.0,50800.0
vapezonealex.com,https://vapezonealex.com,shopify,True,0,1,,,0,0
unclealstoys.com,https://unclealstoys.com,woocommerce,False,0,1,,,0,0
bangsshoes.com,https://bangsshoes.com,shopify,True,5,1,,New|new-shoe|no-returns|no-returns_inkybay_custom|pre-order|New|new-shoe|New|new-shoe|no-returns,14.0,115.0
marthas.co.nz,https://marthas.co.nz,shopify,True,5,1,,Accessories|Available Online|Trims|Accessories|Available Online|Trims|Category_All|Category_Curtaining|Category_Cushion Fabric|Category_Everyday Upholstery,55.0,1000.0
darkrain.store,https://darkrain.store,woocommerce,True,0,1,,,0,0
kidney.org.au,https://kidney.org.au,woocommerce,True,0,1,,,0,0
dinettesplusfurnitureny.com,https://dinettesplusfurnitureny.com,shopify,True,5,1,,Brand_Ashley|Cocktail Table|Collection_Alben|Color_Antique Gold|Consumer Assembly_No Assembly Required|Brand_Ashley|Cocktail Table|Collection_Brendalhouse|Color_Light Brown|Consumer Assembly_No Assembly Required,104.94,1174.88
ladybirdnursery.com.au,https://ladybirdnursery.com.au,shopify,True,5,1,,Fruit Trees & Edibles|Fruit Trees & Edibles > Herbs & Spice Plants|pickuponly|Fruit Trees & Edibles|Fruit Trees & Edibles > Herbs & Spice Plants|pickuponly|Groundcovers|Dwarf Fruit Trees|Fruit Trees & Edibles|Fruit Trees & Edibles > Herbs & Spice Plants,8.99,79.0
baketableandtea.com.au,https://baketableandtea.com.au,shopify,True,5,1,,Brand_Coast To Coast Home|Easter|Easter Sale 25|serving bowl|Brand_Essen|New|serving utensils|mug|tableware|tea accessories,19.95,44.95
sarecycling.com,https://sarecycling.com,woocommerce,True,0,1,,,0,0
customlogousa.com,https://customlogousa.com,shopify,True,5,1,,Color_Black|Color_Blue|Color_Green|Color_Grey|Color_Light Blue|BOLD_HIDDEN_PRODUCT|OPTIONS_HIDDEN_PRODUCT|apparel|bayside|Color_Black,2.99,80.0
bluemtnsrunningco.com.au,https://bluemtnsrunningco.com.au,shopify,True,5,1,,6mm|Compact Fire Trails|Discount Eligible|google trail|Ground Feel|Collagen Repair Protein|Discount Eligible|google nutrition|Mens|Nutrition,4.0,330.0
screwlooseshop.com,https://screwlooseshop.com,shopify,True,0,1,,,0,0
babychelle.com,https://babychelle.com,shopify,True,5,1,,B1|B2|B3|B4|B5|671|back to school|classics|color-pink|erica,1.65,64.0
thehempcollect.com,https://thehempcollect.com,shopify,True,5,1,,hardware|spo-cs-disabled|spo-default|spo-disabled|spo-notify-me-disabled|new-arrival|new-arrival|new-arrival,30.0,130.0
thegameexperts.com.au,https://thegameexperts.com.au,shopify,True,5,1,,Dark Green (Common)|Games|Mario Bros.|Nintendo|Super Nintendo|Games (Boxed)|Light Green (Uncommon)|Nintendo|Nintendo Gameboy|Other Brand,19.9,249.9
confluencerunning.com,https://confluencerunning.com,shopify,True,5,1,,best shoe for nurses|best sneaker for nurses|clogs|Cold weather running|Confluence Running|best shoe for nurses|best sneaker for nurses|clogs|Cold weather running|Confluence Running,29.99,179.99
shophoneybug.com,https://shophoneybug.com,shopify,True,5,1,,DS|Shopify Collective|Speedy Monkey LLC|DS|Shopify Collective|Speedy Monkey LLC|DS|Shopify Collective|Speedy Monkey LLC|DS,39.99,49.99
recycleboutique.co.nz,https://recycleboutique.co.nz,shopify,True,5,1,,38 NEW|ACTIVE|color-white|Location: Wellington|size-38-new|44 NEW|ACTIVE|color-white|Location: Wellington|size-44-new,115.0,747.5
simplysoundandlighting.co.uk,https://simplysoundandlighting.co.uk,shopify,True,5,1,,Active Speakers|out-of-stock-police|Sound & PA|Speakers|Active Speakers|out-of-stock-police|Sound & PA|Speakers|Active Speakers|out-of-stock-police,439.0,1729.0
indahclothing.com,https://indahclothing.com,shopify,True,5,1,,in-stock|klaviyo_reviews_exclude|ezcsv_update_2026_04_02_22_24_27|high inventory|in-stock|size-l|size-m|bottoms|ezcsv_update_2026_04_02_22_24_27|high inventory,0.98,242.0
shopify.com.au,https://shopify.com.au,shopify,False,0,1,,,0,0
stlartsupply.com,https://stlartsupply.com,shopify,True,5,1,,accessories|dip pens|made in japan|painting|studio supplies|accessories|dip pens|made in japan|painting|studio supplies,7.95,34.95
factorydirecthobbies.com,https://factorydirecthobbies.com,shopify,True,5,1,,AT250623|Last One!|Lightspeed|Scale_1:48|Type_Aircraft|BLOWOUT93025|ClearanceJan2026|fastshipping|FDH- FDT-|LB03252025,14.76,101.88
customchic.co.uk,https://customchic.co.uk,shopify,True,5,1,,mug|bestseller|wooden plaque|bestseller|leather belt|apparel|Neck Print T-Shirt|apparel|T Shirt,17.95,43.95
farro.shop,https://farro.shop,woocommerce,True,0,1,,,0,0
gocustom.com,https://gocustom.com,prestashop,True,0,1,,,0,0
masqueradestore.com,https://masqueradestore.com,shopify,True,5,1,,accessory|earrings|jewelry|accessory|earrings|jewelry|accessory|earrings|jewelry|couples,25.0,70.0
scabpharmacy.com,https://scabpharmacy.com,woocommerce,True,0,1,,,0,0
wmc.shop,https://wmc.shop,shopify,True,5,1,,CDs|g:Folk/Singer Songwriter|SYNCDATA20251001|Under 25|Under 50|CDs|g:Soundtrack|Music|New Arrivals|Pre-Order,16.99,55.99
electronicsforce.com,https://electronicsforce.com,shopify,True,5,1,,Motorola|Motorola|Motorola|Motorola|kyocera,109.95,318.99
sportcouture.ro,https://sportcouture.ro,shopify,True,5,1,,Barbati|christmas|Femei|INCALTAMINTE|L_14.08.2025|adidas by Stella McCartney|Femei|Flashsale|IMBRACAMINTE|Jachete,410.0,762.0
brando.no,https://brando.no,shopify,True,5,1,,1+lagerTrondheimTorg|Accessories|ansattrabatt|Brando|brando-no|1+lagerKidsAmanda|1+lagerKidsByporten|1+lagerKidsLagunen|1+lagerKidsStrømmen|1+lagerKidsVinterbro,179.95,799.0
teehobbies.us,https://teehobbies.us,woocommerce,True,0,1,,,0,0
notbranded.eu,https://notbranded.eu,shopify,True,5,1,,Available in store|discount_allowed_no|gender_women|Goud|Horloge|Bag charm|Cadeau|discount_allowed_yes|Goud|Hartjes,9.95,59.95
ascendlabs.store,https://ascendlabs.store,shopify,True,5,1,,NOREVIEW|NOREVIEW,1.99,115.24
affordabledesignerbrands.com,https://affordabledesignerbrands.com,magento,True,0,1,,,0,0
ameshop.gr,https://ameshop.gr,woocommerce,True,0,1,,,0,0
centralsport.online,https://centralsport.online,magento,True,0,1,,,0,0
shoprsa.com,https://shoprsa.com,shopify,True,5,1,,FB|imported|inhouse|jersey|MYS_College|FB|imported|inhouse|jersey|New Arrival,89.99,179.99
cocobeauty.com,https://cocobeauty.com,shopify,True,5,1,,bundle|Masks & Patches,27.9,49.0
anayadesignerstudio.com,https://anayadesignerstudio.com,shopify,True,5,1,,Designer Lehenga|Engagement Lehenga|Lehenga|New Arrival|Sangeet Lehenga|Designer Lehenga|Engagement Lehenga|Lehenga|New Arrival|Reception Lehenga,2699.0,5499.0
spoiledbrat.co.uk,https://spoiledbrat.co.uk,shopify,True,5,1,,90s|90s fashion|90s style|90s style clothes|90s trend|90s|90s fashion|90s style|90s style clothes|90s trend,5.99,40.0
adamshorsesupply.com,https://adamshorsesupply.com,magento,True,0,1,stripe|paypal,,0,0
kitchendance.com,https://kitchendance.com,shopify,True,5,1,,11oz|2 oz ramekins|2 oz. aluminum cups|4 oz cups|4 oz ramekins|baking pans|cake pans|disposable baking pans|disposable pans|disposable pans with lids,0.19,85.0
comorsports.com,https://comorsports.com,shopify,True,5,1,,pb|union|w26|women|pb|union|w26|women|co|specialized,54.99,369.99
intheknowcycling.com,https://intheknowcycling.com,woocommerce,False,0,1,,,0,0
tradesports.co.uk,https://tradesports.co.uk,shopify,True,5,1,,5.5|6.5|7.5|8.5|9.5|4.5|5|6.5|box lid|Nike,9.99,69.99
organicolivia.com,https://organicolivia.com,shopify,True,5,1,,Bundle|D2C|Hormonal Health|Hormone Balance|main_New Arrivals|Bundle|D2C|Hormonal Health|Hormone Balance|main_New Arrivals,0.01,113.4
moonwhiteshop.store,https://moonwhiteshop.store,shopify,True,5,1,,whop,26.95,59.95
indeshop.uk,https://indeshop.uk,magento,True,0,1,,,0,0
shop437.com,https://shop437.com,shopify,True,5,1,,COMBINED|COMBINED|COMBINED|COMBINED|COMBINED,35.0,145.0
babyfaschingskostuem.de,https://babyfaschingskostuem.de,shopify,True,0,1,,,0,0
yunutrition.com,https://yunutrition.com,shopify,True,5,1,,Top Bundles|Top Bundles|Top Bundles,6.49,194.0
aforum.shop,https://aforum.shop,magento,True,0,1,,,0,0
mam-shop.at,https://mam-shop.at,shopify,True,5,1,,Bestseller Instant Produkte,7.4,39.99
fotopharmacy.com,https://fotopharmacy.com,woocommerce,True,0,1,,,0,0
menswearr.com,https://menswearr.com,shopify,True,5,1,,10OFF|cavani|clearance|Formal|Leather|10OFF|cavani|clearance|Discount|Formal,29.99,199.0
arrowheadtacticalapparel.com,https://arrowheadtacticalapparel.com,shopify,True,5,1,,"exclude_rebuy|klaviyo_reviews_exclude|NOREVIEWS|8"" Inseam|Shopify Collective",1.98,86.99
herafinejewelry.com,https://herafinejewelry.com,shopify,True,5,1,,Cushion|East-west|Influencer|Low profile|Ring|Band|Engraved|Gems|Ring|show:new in,1850.0,2800.0
chocolatemoonshine.com,https://chocolatemoonshine.com,shopify,True,5,1,,Best Sellers|Flavor of the month|Fudge|Seasonal|Best Sellers|Flavor of the month|Best Sellers|Flavor of the month|COLLECTION|Easter,17.95,57.95
zenswines.com,https://zenswines.com,woocommerce,True,0,1,,,0,0
herbcottage.com.au,https://herbcottage.com.au,shopify,True,5,1,,0m - 0.5m|Cottage Herbs|Herb Plants|perennial|Scented Geraniums|Books|herb-books|Home|stok_updated|xmas2021,5.95,48.0
pharmamedical.be,https://pharmamedical.be,woocommerce,False,0,1,,,0,0
onlinepartysupplies.com.au,https://onlinepartysupplies.com.au,shopify,True,5,1,,bunnies|bunny|bunny rabbit|carrots|clearance|adult|adult Christmas gifts|adult novelty|adult party|adult party supplies,2.99,12.99
funfactorytoys.com,https://funfactorytoys.com,woocommerce,True,0,1,,,0,0
billowslightinganddesign.com,https://billowslightinganddesign.com,bigcommerce,True,0,1,,,0,0
beautycollection.gr,https://beautycollection.gr,shopify,True,5,1,,_tab_πολιτικη-αποστολων|_tab_πολιτικη-επιστροφων|Joyna|Joyna_ss26|onesize|_tab_πολιτικη-αποστολων|_tab_πολιτικη-επιστροφων|Joyna|Joyna_ss26|onesize,55.0,155.0
gamersgauntlet.net,https://gamersgauntlet.net,shopify,True,5,1,,MTG|MTG Sealed|Secret Lair|Secret Lair Sealed|Artifact|Brawl|Colorless|Commander|Duel|Black,0.55,55.0
helpmedicalsupplies.com,https://helpmedicalsupplies.com,shopify,True,5,1,,Do not track|Nasal Mask|Do not track|Do not track|Do not track|Nasal Cushion,33.0,1500.0
mohifashion.com,https://mohifashion.com,shopify,True,5,1,,Bridesmaid|hop|Lehenga|Sangeet|Bridesmaid|hop|Lehenga|Sangeet|Wedding|guest,13185.0,17285.0
mrshoesaccessories.com,https://mrshoesaccessories.com,shopify,True,5,1,,chaqueta|GYM|jacket|mujer|cloud|cloud 5|cloud tec|cloudtec|cloutec,2900.0,4998.0
newrealmgames.com,https://newrealmgames.com,shopify,True,5,1,,Booster Bundle|Pre-Order|Set_ME04: Chaos Rising|Build & Battle Kit|Pre-Order|Set_ME04: Chaos Rising|Booster Bundle|Pre-Order|Set_ME04: Chaos Rising|Pre-Order,8.95,49.95
officialwatches.com,https://officialwatches.com,shopify,True,5,1,,50000-90000|bracelet_mat_steel-and-rose-gold|brand_patek-philippe|case_mat_steel-and-rose-gold|case_size_40|bracelet_mat_white-gold|brand_patek-philippe|case_mat_white-gold|case_size_40|case_white-gold,76895.0,305895.0
pharmacie-monge.fr,https://pharmacie-monge.fr,prestashop,False,0,1,,,0,0
redriotgames.ca,https://redriotgames.ca,shopify,True,5,1,,Character|One Piece Card Game Single|One Piece Promotion Cards|OPPR|P115|Character|One Piece Card Game Single|One Piece Promotion Cards|OPPR|P115,2.54,81.9
wildfashion.ro,https://wildfashion.ro,shopify,True,5,1,,Crem|jucarii_sexuale|noutati|vibratoare_dildo|Crem|jucarii_sexuale|noutati|vibratoare_dildo|Alb|costume_tematice,14.99,89.98
lampe-shop.ch,https://lampe-shop.ch,magento,False,0,1,,,0,0
pickvitamin.com,https://pickvitamin.com,magento,True,0,1,,,0,0
teamscbasketball.com,https://teamscbasketball.com,shopify,True,0,1,,,0,0
bigdesigner.com.br,https://bigdesigner.com.br,woocommerce,False,0,1,,,0,0
generalgames.com.au,https://generalgames.com.au,shopify,True,5,1,,Adventure on Kami's Island|Adventure on Kami's Island Release Event|Common|Event|Former Roger Pirates|Adventure on Kami's Island|Adventure on Kami's Island Release Event|Character|Common|East Blue,0.3,24.0
rdxsports.co.uk,https://rdxsports.co.uk,shopify,True,5,1,,BRAVE|New|Small|BRAVE|New|Small|BRAVE|New|Small|BRAVE,30.99,37.99
bikemastergear.com,https://bikemastergear.com,woocommerce,True,0,1,,,0,0
thefurnituregallery.com.au,https://thefurnituregallery.com.au,shopify,True,5,1,,1 drawer nightstand|rattan bedside table|white bedside|round gold side table|chest of drawers|rattan chest|timber chest|timber chest of drawers|beige armchair|pebble accent chair,230.0,1499.0
onzokids.com,https://onzokids.com,woocommerce,True,0,1,,,0,0
auf1.shop,https://auf1.shop,shopify,True,5,1,,Heinrich|Ingrid|Kusch|silberschnur|Heinrich|Ingrid|Kusch|Heinrich|Ingrid|Kusch,27.9,47.9
easternskatesupply.com,https://easternskatesupply.com,magento,False,0,1,,,0,0
audioasap.com,https://audioasap.com,shopify,True,5,1,,auto accessories|car accessories|car stereo parts|auto accessories|car accessories|car stereo parts|siriusxm|Prestige|Remote starters|remote starters all,69.99,1499.95
aandjfuturefitness.co.uk,https://aandjfuturefitness.co.uk,woocommerce,False,0,1,,,0,0
9thstreetclothingco.com,https://9thstreetclothingco.com,shopify,True,5,1,,50-75|color-print-floral|dresses|length-maxi|neck-collared|25-50|color-brown|new-260401|occasion-casual|shoes-sandals,42.99,60.0
abbotsshoes.com,https://abbotsshoes.com,shopify,True,5,1,,Church's|Colour_Brown|Condition_Excellent|Gender_Men|Leather|Alfred Sargent|Colour_Brown|Colour_Tan|Condition_Excellent|Condition_Very Good,130.0,280.0
atgames.us,https://atgames.us,shopify,True,5,1,,cannot-cancel|gamepack|cannot-cancel|gamepack|cannot-cancel|gamepack|contains_addon|max_one|warranty_addon|cannot-cancel,6.0,1199.99
promotionalwears.com,https://promotionalwears.com,opencart,False,0,1,,,0,0
panilektriki-shop.gr,https://panilektriki-shop.gr,woocommerce,True,0,1,,,0,0
britelighting.co.za,https://britelighting.co.za,shopify,True,5,1,,GARDEN|Hedge Trimmers|HOUSEHOLD|Pole saw|POWER TOOLS|CEILING LIGHT|INDOOR LIGHTING|LIGHTING|Modern Lights|CEILING LIGHT,349.95,16999.95
dlatitudepharmacy.com,https://dlatitudepharmacy.com,woocommerce,True,0,1,,,0,0
toolboxsupply.com,https://toolboxsupply.com,shopify,True,5,1,,N/A|Out of Stock|FREEOVER35|In Stock|In Stock|N/A|In Stock|N/A,14.82,139.99
maplegifts.co.uk,https://maplegifts.co.uk,shopify,True,5,1,,By Brand_Park Lane|By Jewellery Type_Earrings|By Material_Gold|cubic zirconia|earring|By Brand_Park Lane|By Jewellery Type_Earrings|By Material_Gold|cubic zirconia|earring,10.99,10.99
kidshalloweencostumes.com,https://kidshalloweencostumes.com,shopify,True,5,1,,Age Group_Adult|Category_ Toys|Gender_unisex|Size Type_regular|Size_One-Size|Age Group_Adult|Category_ Costume Accessories|Gender_unisex|Size Type_regular|Size_One-Size,5.99,69.99
climbonequipment.com,https://climbonequipment.com,shopify,True,5,1,,camp sleep systems|camp sleeping bag|car camp|googleissue|regular price|alpine pack|camp packs and storage|clearance|sale|winter sports pack,3.95,1284.95
relevedancewear.com,https://relevedancewear.com,shopify,True,5,1,,A26|Backpack|Backpacks|Bag|Bags|Black|Black Bra Top|Black Crop Top|Black Crop Tops|Black Sports Bra,32.99,76.99
fonehaussupplies.com,https://fonehaussupplies.com,woocommerce,True,0,1,,,0,0
mamaclothing.com.au,https://mamaclothing.com.au,shopify,True,5,1,,Best-Seller|Bump-Feeding-Friendly|Bump-Friendly|Colour-White|Essentials|Faulty|Sample|Seconds|Accessories|allseasons,15.0,49.0
shinemore-sports.com,https://shinemore-sports.com,wix,False,0,1,,,0,0
simsgardenmachinery.co.uk,https://simsgardenmachinery.co.uk,woocommerce,False,0,1,,,0,0
allnurseryrhymes.com,https://allnurseryrhymes.com,woocommerce,True,0,1,,,0,0
chelseasupplies.com,https://chelseasupplies.com,woocommerce,False,0,1,klarna,,0,0
nash-cosmetics.com,https://nash-cosmetics.com,woocommerce,True,0,1,,,0,0
liketoyzab.click,https://liketoyzab.click,shopify,True,0,1,,,0,0
teatruaudio.com,https://teatruaudio.com,woocommerce,False,0,1,,,0,0
savannahcandy.com,https://savannahcandy.com,shopify,True,5,1,,BWR 2DY 1DY|easter-valassis|gifts-easter|gifts-occasion-springtime|mfship|BWR 2DY 1DY|mfship|shipnobake|wws|BWR 2DY 1DY,34.95,59.95
hoppekids.com,https://hoppekids.com,shopify,True,5,1,,Eco Blend|Custom Product|Outlet|Sengepakke|Custom Product|ECO Dream|Sengepakke|Custom Product|ECO Dream|Sengepakke,1847.23,8959.2
karlleimonwatches.com,https://karlleimonwatches.com,shopify,True,5,1,,_label_Limited Edition|KARL-LEIMON|MAJESTY AUTOMATIC|Majesty Strap ADDON|TOP SLIDE|_label_Limited Edition|KARL-LEIMON|MAJESTY AUTOMATIC|Majesty Strap ADDON|TOP SLIDE,36300.0,99000.0
aerofoils.de,https://aerofoils.de,shopify,True,5,1,,,249.0,349.0
luxurymenswear.com,https://luxurymenswear.com,bigcommerce,True,0,1,,,0,0
drumsupply.com,https://drumsupply.com,shopify,True,5,1,,"Best Selling Products|Drum Sticks|Meinl Big Apple|Brand_Pearl|Brand_Drum Supply|Category_Parts|Category_Tension Rods|Finish_Chrome|Size_165mm - 6-1/2""|Brand_Remo",3.78,242.99
gameadzone.com,https://gameadzone.com,woocommerce,True,0,1,,,0,0
yostar.store,https://yostar.store,shopify,True,5,1,,Azur Lane|Valentine's Day 2026|Azur Lane|Valentine's Day 2026|Azur Lane|Valentine's Day 2026|Azur Lane|Valentine's Day 2026|Azur Lane|Valentine's Day 2026,7.95,48.95
onebuttonphone.de,https://onebuttonphone.de,shopify,True,5,1,,B2b|hide-grid|B2b|hide-grid|B2b|hide-grid,19.9,4115.8
sextoysshop.com,https://sextoysshop.com,shopify,True,5,1,,LELO|Vibrators|Vibrators->Personal Massagers|LELO|Vibrators|Vibrators->Personal Massagers|LELO|Vibrators|Vibrators->Personal Massagers|Bondage & Kink,19.9,204.9
homegalleryfurniture.com,https://homegalleryfurniture.com,shopify,True,5,1,,category:219-Living Room|category:230-Occasional|category:379-Console Tables|filter:Assembly Required:No|filter:Brand:CoasterEssence|category:219-Living Room|category:230-Occasional|category:379-Console Tables|filter:Assembly Required:Yes|filter:Style:Mid-Century Modern,119.99,539.99
bernardofashions.com,https://bernardofashions.com,shopify,True,5,1,,collection_sportswear|Shop|collection_sportswear|Shop|collection_sportswear|Shop|collection_sportswear|Shop|collection_sportswear|Shop,58.0,118.0
lafitness.com.br,https://lafitness.com.br,woocommerce,True,0,1,,,0,0
datascanpharmacy.com,https://datascanpharmacy.com,woocommerce,False,0,1,,,0,0
protostargames.com,https://protostargames.com,woocommerce,False,0,1,,,0,0
cartersgardenmachinery.com,https://cartersgardenmachinery.com,opencart,True,0,1,,,0,0
njskateshop.com,https://njskateshop.com,shopify,True,5,1,,Brand_New Balance|Shoe|shoes|Skate Shoe|Brand_Anti Hero|Deck|skateshop day|Brand_Nike SB|Shoe|shoes,79.95,135.0
proteinchik.com.ua,https://proteinchik.com.ua,magento,False,0,1,,,0,0
buitragocigars.com,https://buitragocigars.com,bigcommerce,False,0,1,,,0,0
nebuluxury.com,https://nebuluxury.com,shopify,True,5,1,,bundles|business|Diffusers|large|large spaces|bundles|business|Diffusers|hvac|large,9.0,299.0
blueandcream.com,https://blueandcream.com,shopify,True,5,1,,Brand: FREECITY|Color: Grey|Cozy|Gender: Female|Product: Sweaters|Brand: FREECITY|Color: Green|Cozy|Gender: Female|Product: Sweaters,168.0,215.0
daisynailsupply.com,https://daisynailsupply.com,shopify,True,5,1,,Diva Nail Extension|Diva Nail Extension|Diva Nail Extension|Diva Nail Extension|Diva Nail Extension,7.5,7.5
esemblybaby.com,https://esemblybaby.com,shopify,True,5,1,,Bundle|Report_InnerOuterBundle|home|NO RET|no-returns|NO-TREET|YGroup_paperlesstowels|home|no-returns|DB,3.0,63.0
squaremilecoffee.com,https://squaremilecoffee.com,shopify,True,5,1,,book|gift|publication|book|book|book|gift|publication|book|gift,14.99,70.0
jrmsupplies.com,https://jrmsupplies.com,shopify,True,5,1,,,2.08,233.52
furnituredepot.com,https://furnituredepot.com,bigcommerce,False,0,1,,,0,0
triathletesports.com,https://triathletesports.com,bigcommerce,True,0,1,,,0,0
workwearunlimited.com,https://workwearunlimited.com,shopify,True,0,1,,,0,0
bathroomsandmorestore.co.uk,https://bathroomsandmorestore.co.uk,woocommerce,False,0,1,,,0,0
aztoyhobby.com,https://aztoyhobby.com,shopify,True,5,1,,manufacturer-AMT|scale-1/25|type-Automobile|type-Car|type-Scale Model Kit|manufacturer-AMT|scale-1/25|type-Automobile|type-Car|type-Scale Model Kit,29.95,58.65
midwestsupplyus.com,https://midwestsupplyus.com,shopify,True,5,1,,Backorder: IN STOCK|free-shipping:No|global-free-ship-exclusion:No|invalid-ship-methods:1 5 6 7 8 9 10 11 12 13 14 15 16|login-price|Backorder: IN STOCK|bhinstock|CO2 Measurement Accuracy_±30 ppm ±3% of measured value|CO2 Measurement Range_0 to 2000/5000 ppm (selectable)|CO2 Measurement Repeatability_±20 ppm ±1% of measured value,43.45,257.86
babyhoki.store,https://babyhoki.store,shopify,True,5,1,,2022_agustus_01|all-dress|alphabet|animal|atasan-panjang|all-girls-set|atasan-panjang|baru|bawahan panjang|beli_2509,95000.0,247597.0
englinsfinefootwear.com,https://englinsfinefootwear.com,bigcommerce,True,0,1,,,0,0
ads-coffee-supplies.co.uk,https://ads-coffee-supplies.co.uk,woocommerce,True,0,1,,,0,0
kyocera-jewelry-fair.com,https://kyocera-jewelry-fair.com,shopify,True,0,1,,,0,0
cocobeauty-hk.com,https://cocobeauty-hk.com,woocommerce,False,0,1,,,0,0
sicistroje-shop.cz,https://sicistroje-shop.cz,opencart,True,0,1,,,0,0
creationsmotorsport.com,https://creationsmotorsport.com,magento,True,0,1,,,0,0
tacticalgear.com.au,https://tacticalgear.com.au,shopify,True,5,1,,Fire Fighting Lights|Handheld Lights|Wearable Lights|Bladders|Hydration Accessories|Duty Gear|Out of stock|Radio / Phone Holders|Belt Keepers|Duty Gear,39.5,239.5
rocketscycling.com,https://rocketscycling.com,shopify,True,5,1,,Pre-order,14.99,29.95
dancessportinggoods.com,https://dancessportinggoods.com,bigcommerce,True,0,1,,,0,0
ziaoils.com,https://ziaoils.com,woocommerce,False,0,1,,,0,0
vapecave.ca,https://vapecave.ca,shopify,True,5,1,,Alpha 80K Puffs|Flavour Beast Alpha|Flavour Beast Disposables|48000 Puffs|Curved HD Screen|Disposables|Kraze|Kraze Mega X|Drip'n 63K Puffs|Drip'n Disposables,29.99,47.99
doshiautoparts.com,https://doshiautoparts.com,woocommerce,True,0,1,,,0,0
plazashoestore.com,https://plazashoestore.com,shopify,True,5,1,,2025-10-18|ALL BLACK|Athleisure|ATHLETIC|BLACK|2024-9-6|Arch Support|ArchSupport|CATIAN-LELIO|DRESS,169.99,219.95
yvettesports.de,https://yvettesports.de,shopify,True,5,1,,_related_romy|atmungsaktive sweatjacke|atmungsaktives sweatshirt|fitness sweatshirt|Fitnessjacke|2XL (D-F)|ausgefallener sport-bh|best sports bra|bester Sport-BH|fitness,39.9,84.9
cigar-coop.com,https://cigar-coop.com,woocommerce,False,0,1,,,0,0
sekoechocolates.com,https://sekoechocolates.com,woocommerce,True,0,1,,,0,0
glownaturalwellness.com,https://glownaturalwellness.com,shopify,True,5,1,,rx|supplies|telemedicine|rx|supplies|telemedicine|naltrexone-/-ldn|popular|telemedicine|hair-loss,8.0,35.0
caraudiocentre.co.uk,https://caraudiocentre.co.uk,shopify,True,5,1,,Brand_Pioneer|Category_ Category_Car Speakers|Category_Car Speakers|Category_Car Speakers and Subs|Category_Pioneer|Brand_Focal Car Audio|Category_Car Speakers|Category_Car Speakers and Subs|Category_Focal Car Audio|Model# 165AS3,52.85,244.0
griffinjewellery.com,https://griffinjewellery.com,shopify,True,5,1,,10kt|4|Christmas Flyer 2025|lab|lab grown|2|bolo bracelet|bracelets|Christmas Flyer 2024|created,149.99,689.99
mocosupplies.com,https://mocosupplies.com,woocommerce,True,0,1,,,0,0
liquorsquare.store,https://liquorsquare.store,woocommerce,False,0,1,,,0,0
shopthearena.com,https://shopthearena.com,shopify,True,5,1,,chart_New Era Strapback Cap|division_Unisex|from_New Era|product_Cap|productsub_Cap|chart_HH Baseball Cap|division_Unisex|from_Suditi|product_Cap|productsub_,999.0,3299.0
annexbookstore.com,https://annexbookstore.com,woocommerce,False,0,1,,,0,0
merrymanor.shop,https://merrymanor.shop,shopify,True,5,1,,2024|christmas|christmas ornament|ornament|2019|antiqued|Ball|christmas|christmas ornament|2019,8.75,19.99
teacher.bg,https://teacher.bg,woocommerce,False,0,1,,,0,0
24hourcrafts.com,https://24hourcrafts.com,shopify,True,5,1,,DIY Home Decor|Etched Wood Decor|Layered Shelf Sitter|Standing Wooden Decor|Unfinished Wooden Craft|DIY Home Decor|Etched Wood Decor|Layered Shelf Sitter|Standing Wooden Decor|Unfinished Wooden Craft,8.0,9.45
eyewearcurate.com,https://eyewearcurate.com,woocommerce,True,0,1,paypal,,0,0
fortbrands.com,https://fortbrands.com,prestashop,False,0,1,,,0,0
121shoes.co.uk,https://121shoes.co.uk,shopify,True,5,1,,ECCO|ECCO Leather Shoes|ECCO Turn Men's Leather Shoes Black Formal Lace Up Smart Casual Shoes|Leather Shoes|Men's|Boots|ECCO|ECCO Boots|Men|Men's boots,39.2,120.0
sprayersupplies.com,https://sprayersupplies.com,bigcommerce,True,0,1,,,0,0
speed-wear.net,https://speed-wear.net,prestashop,True,0,1,,,0,0
fanscustom.com,https://fanscustom.com,shopify,True,5,1,,Athletics|Basketball Set|Basketball Uniforms|Field Hockey|Font-White|Athletics|Basketball Set|Basketball Uniforms|Burgundy|Field Hockey,17.99,17.99
gearpowera.shop,https://gearpowera.shop,woocommerce,True,0,1,,,0,0
greathistorygifts.com,https://greathistorygifts.com,magento,True,0,1,,,0,0
prettygarden.com,https://prettygarden.com,shopify,True,5,1,,NEW ARRIVALS|Tops|Dress|NEW ARRIVALS|Dresses|NEW ARRIVALS|NEW ARRIVALS|Tops|Dress|NEW ARRIVALS,24.99,55.99
ab1supply.com,https://ab1supply.com,shopify,True,5,1,,nav:food|nav:food-service|nav:snacks|skinnydipped|medical-arts-press|nav:file-folders-portable-and-storage-box-files|nav:file-jackets-sleeves-wallets|nav:office|kimberly-clark-professional|nav:janitorial-and-sanitation,14.5,29.5
bazarcom.shop,https://bazarcom.shop,shopify,True,5,1,,meta-size-chart-steve-madden-guide|Mid_sesaon|new25|RD|steve madden|discount|FW|Outlet|penti|Upload,20.0,560.0
cigarettes.guru,https://cigarettes.guru,prestashop,True,0,1,,,0,0
lifestylefurniturehomestore.com,https://lifestylefurniturehomestore.com,shopify,True,5,1,,Counter Height Table|Materials_Wood|Price_Under $500|Shape_Rectangle|Size_Seats 4|barstool|Color_Brown|Dining Chairs|Materials_Wood|Price_Under $500,99.0,399.0
shoez.be,https://shoez.be,magento,False,0,1,,,0,0
shopstudio41.com,https://shopstudio41.com,woocommerce,False,0,1,,,0,0
watch-winder.store,https://watch-winder.store,magento,True,0,1,,,0,0
fiveflavorsherbs.com,https://fiveflavorsherbs.com,bigcommerce,True,0,1,,,0,0
jewelrymaya.com,https://jewelrymaya.com,woocommerce,True,0,1,,,0,0
medicalsupplypros.com,https://medicalsupplypros.com,shopify,True,5,1,,Vinyl Exam Gloves|Skin Protectants|Ave|Medline Ave Scrubs|Scrub Pants|Scrubs|Women|Walkers|Walking Aids|Blood Pressure Monitors,2.94,135.9
shoeclinic.co.nz,https://shoeclinic.co.nz,magento,True,0,1,,,0,0
donut-supplies.com,https://donut-supplies.com,shopify,True,5,1,,Edhard Filler Accessories|Edhard Units/ Bases|Filler Base Unit|Free Shipping|Floor Mixers|Free Shipping|Heavy Duty Mixer|Planetary Mixer|Thunderbird|Donut Robot Accessories,285.69,3083.42
hebronnutrition.com,https://hebronnutrition.com,shopify,True,5,1,,Drugstore|Microbiome Labs|Sleep Supplements|spreadr-hidden|us_converted_30_days|EltaMD|Face|Luxury Beauty|spreadr-hidden|dim,33.95,88.0
jewelrycandles.com,https://jewelrycandles.com,shopify,True,5,1,,,59.95,59.95
coliseumsports.com,https://coliseumsports.com,shopify,True,5,1,,ALL|apparel|Apparel: Jerseys|brand-nike|france|ALL|jersey|Local MLB GIANTS&A'S Apparel|Made For:Youth|MLB,15.99,179.99
hoefer-shop.de,https://hoefer-shop.de,shopify,True,5,1,,Eigenproduktion|HC_AT|HC_BE|HC_DE|HC_FR|Fremdbezug|HC_AT|HC_BE|HC_DE|HC_FR,6.95,100.95
vape-shop-dubai.com,https://vape-shop-dubai.com,shopify,True,5,1,,Best Flavors|Brand_Tokyo Juice|E-LIQUIDS|Flavor_Pomegranate|Flavor_White Pomegranate|Best Flavors|Brand_Tokyo Juice|E-LIQUIDS|Flavor_Pomegranate|Flavor_White Pomegranate,40.0,50.0
atlantickitchen.co.uk,https://atlantickitchen.co.uk,shopify,True,0,1,,,0,0
chu-togel.store,https://chu-togel.store,shopify,True,0,1,,,0,0
nicheperfumes.net,https://nicheperfumes.net,woocommerce,False,0,1,stripe,,0,0
conderwines.de,https://conderwines.de,magento,True,0,1,,,0,0
johnbullclothing.com,https://johnbullclothing.com,shopify,True,5,1,,feed-agegroup-adult|feed-cl4-new|feed-color-multicam|feed-cond-new|feed-gender-unisex|feed-agegroup-adult|feed-cl4-new|feed-color-multicam|feed-cond-new|feed-gender-unisex,31.95,149.95
davesrunning.com,https://davesrunning.com,magento,True,0,1,,,0,0
adbawebshop.com,https://adbawebshop.com,magento,True,0,1,,,0,0
angkasabetin.store,https://angkasabetin.store,shopify,True,0,1,,,0,0
arnabeer.com,https://arnabeer.com,woocommerce,True,0,1,,,0,0
balconiqa.shop,https://balconiqa.shop,woocommerce,True,0,1,,,0,0
beautyforyou.ma,https://beautyforyou.ma,shopify,True,5,1,,10-off|cheveux|masque|nouveautés|soin-capillaire|10-off|mes-besoins|nouveautés|protection-solaire|ramadan,64.0,681.0
bingo4dloli.shop,https://bingo4dloli.shop,woocommerce,True,0,1,,,0,0
blackholecoffeehouse.cfd,https://blackholecoffeehouse.cfd,shopify,True,0,1,,,0,0
browsersgames.online,https://browsersgames.online,woocommerce,True,0,1,,,0,0
casualsgames.online,https://casualsgames.online,woocommerce,True,0,1,,,0,0
chesscom.shop,https://chesscom.shop,shopify,True,5,1,,,8.99,14.99
cholonbilorganic.com,https://cholonbilorganic.com,woocommerce,True,0,1,,,0,0
comfortwears.online,https://comfortwears.online,shopify,True,5,1,,,2197.0,8896.0
dandanagourmet.com,https://dandanagourmet.com,woocommerce,True,0,1,,,0,0
dealoxy.store,https://dealoxy.store,shopify,True,5,1,,,499.0,599.0
decenthub.shop,https://decenthub.shop,shopify,True,5,1,,,1499.0,2000.0
everlygift.com,https://everlygift.com,shopify,True,5,1,,,29.95,54.95
frsassyluxlille.shop,https://frsassyluxlille.shop,shopify,True,5,1,,,49.9,169.99
gandi.net,https://gandi.net,prestashop,False,0,1,,,0,0
googledomains.com,https://googledomains.com,squarespace,False,0,1,,,0,0
ui.com,https://ui.com,shopify,True,168,1,,,0,0
intuit.com,https://intuit.com,bigcommerce,False,0,1,,,0,0
meraki.com,https://meraki.com,woocommerce,False,0,1,,,0,0
wyzecam.com,https://wyzecam.com,shopify,True,5,1,,Apartment Bundle|Basic Bundle|bundles-page|Apartment Bundle|bundles-page|Enhanced Bundle|Apartment Bundle|bundles-page|Pro Bundle|Basic Bundle,49.99,165.99
wix.com,https://wix.com,wix,False,0,1,,,0,0
squarespace.com,https://squarespace.com,squarespace,True,0,1,,,0,0
ubnt.com,https://ubnt.com,shopify,True,168,1,,,0,0
letsencrypt.org,https://letsencrypt.org,squarespace,False,0,1,,,0,0
weathernews.jp,https://weathernews.jp,shopify,False,0,1,,,0,0
tamildhool.tech,https://tamildhool.tech,woocommerce,False,0,1,,,0,0
threema.ch,https://threema.ch,bigcommerce,False,0,1,,,0,0
kargo.com,https://kargo.com,squarespace,False,0,1,,,0,0
dmac-solutions.net,https://dmac-solutions.net,wix,False,0,1,,,0,0
zemanta.com,https://zemanta.com,woocommerce,False,0,1,,,0,0
useinsider.com,https://useinsider.com,shopify,False,0,1,,,0,0
dondominio.com,https://dondominio.com,prestashop,False,0,1,,,0,0
sardinasystems.com,https://sardinasystems.com,woocommerce,True,0,1,,,0,0
nic.ai,https://nic.ai,wix,False,0,1,,,0,0
hellotalk8.com,https://hellotalk8.com,woocommerce,True,0,1,,,0,0
isc.org,https://isc.org,shopify,False,0,1,,,0,0
digitaltrends.com,https://digitaltrends.com,bigcommerce,False,0,1,,,0,0
visualcapitalist.com,https://visualcapitalist.com,woocommerce,False,0,1,,,0,0
kadencewp.com,https://kadencewp.com,woocommerce,False,0,1,,,0,0
rnp.br,https://rnp.br,woocommerce,False,0,1,,,0,0
diy.com,https://diy.com,shopify,False,0,1,,,0,0
codecanyon.net,https://codecanyon.net,prestashop,False,0,1,,,0,0
hku.hk,https://hku.hk,opencart,False,0,1,,,0,0
youradchoices.ca,https://youradchoices.ca,squarespace,False,0,1,,,0,0
superbthemes.com,https://superbthemes.com,woocommerce,False,0,1,,,0,0
podscribe.com,https://podscribe.com,magento,False,0,1,,,0,0
hentaihaven.xxx,https://hentaihaven.xxx,woocommerce,True,0,1,,,0,0
ukrainealarm.com,https://ukrainealarm.com,wix,False,0,1,,,0,0
hextom.com,https://hextom.com,woocommerce,False,0,1,,,0,0
digitaleast.mobi,https://digitaleast.mobi,woocommerce,False,0,1,,,0,0
nptel.ac.in,https://nptel.ac.in,shopify,False,0,1,,,0,0
acuityscheduling.com,https://acuityscheduling.com,squarespace,False,0,1,,,0,0
utoon.net,https://utoon.net,woocommerce,False,0,1,,,0,0
theorywellness.org,https://theorywellness.org,woocommerce,True,0,1,,,0,0
sweethoneyclothing.com,https://sweethoneyclothing.com,shopify,True,5,1,,4-8-26|charming|coming-soon|custom|EasterSale26|4-8-26|Baseball|charming|coming-soon|custom,25.0,45.0
mastersportdz.store,https://mastersportdz.store,woocommerce,True,0,1,,,0,0
shopstarship.com,https://shopstarship.com,magento,True,0,1,,,0,0
nimebrand.com,https://nimebrand.com,shopify,True,0,1,,,0,0
pangamajewelry.com,https://pangamajewelry.com,shopify,True,5,1,,pangama|Pink Teardrop Crystal Spacer Charm|pangama|Purple Teardrop Crystal Spacer Charm|Golden Airplane|pangama|Pink Suitcase & Passport Travel Dangle Charm|Cute Seal with Blue Heart Charm|pangama|pangama,27.99,31.99
michebeauty.com,https://michebeauty.com,shopify,True,5,1,,_label_BEST VALUE|_label_New|_label_New|_label_Pre-Order,25.0,115.0
perfumeshop.com.bd,https://perfumeshop.com.bd,woocommerce,True,0,1,,,0,0
pharmacy4pets.fr,https://pharmacy4pets.fr,magento,True,0,1,,,0,0
sportandleisure.com,https://sportandleisure.com,shopify,True,5,1,,,29.99,89.99
thefurniturecompanyga.com,https://thefurniturecompanyga.com,shopify,True,5,1,,filter:Assembly:Assembly Required|filter:Brand:Noble House|filter:Category:Outdoor|filter:Category:Outdoor Chairs|filter:Color:Beige|filter:Brand:Noble House|filter:Category:Outdoor|filter:Category:Outdoor Sets|filter:Color:Black|filter:Color:Dark Gray,269.99,909.99
shopcraft.dev,https://shopcraft.dev,shopify,True,0,1,,,0,0
macleodsfurniture.com.au,https://macleodsfurniture.com.au,shopify,True,5,1,,RE excluded,1299.0,2899.0
ultraluxuryprop.in,https://ultraluxuryprop.in,woocommerce,False,0,1,,,0,0
online-cigars.com,https://online-cigars.com,magento,True,0,1,,,0,0
pokeninjapan.store,https://pokeninjapan.store,shopify,True,5,1,,PSA10|PSA10|PSA10|PSA10|PSA10,6500.0,240000.0
rovebrand.com,https://rovebrand.com,shopify,True,5,1,,Mens|Military Green|Rove|Small|Style_T-Shirt|Black|Mens|Rove|Small|Style_T-Shirt,25.0,45.0
tseshop.com,https://tseshop.com,shopify,True,5,1,,GHcatalog|GHcatalog|GHcatalog|GHcatalog|GHcatalog,55.0,150.0
shop-rosemary.co.uk,https://shop-rosemary.co.uk,shopify,True,0,1,,,0,0
watchguys.com,https://watchguys.com,shopify,True,0,1,,,0,0
lithiumpowersports.com,https://lithiumpowersports.com,shopify,True,5,1,,FLParts|Surron Light Bee Body & Frame|Surron Light Bee OEM SIDE STAND / FOOTPEG|Surron Light Bee Parts|cutting height|LUBA mini AWD|mowing heights|robot lawn mower|Robotics|cutting height,1.29,3299.0
teeshoppen.dk,https://teeshoppen.dk,shopify,True,5,1,,all|alle|april|august|Category_T-shirt|alle|Color_Blå|FEB25-BDAY|Hele året|Købtilkost-juli-2024,169.0,349.0
onluxury.ru,https://onluxury.ru,woocommerce,False,0,1,,,0,0
shoewarehouse.com.au,https://shoewarehouse.com.au,shopify,True,5,1,,Age:Kids|Cat:Light Up|Cat:Sneakers|Depart:Sneakers|Gender:Girls|Age:Kids|Cat:Mary Janes|Cat:Mary-Jane|Depart:School|Gender:Girls,59.0,89.95
ugearsmodels.com,https://ugearsmodels.com,shopify,True,0,1,,,0,0
swybrand.si,https://swybrand.si,shopify,True,5,1,,40%|active discount|activediscount|all|bf|20%|active discount|activediscount|all|bf,25.0,44.0
megasport.co.il,https://megasport.co.il,shopify,True,5,1,,ADIDAS|APPAREL|DIVISION:APPAREL|DT:250526_2113|GENDER:נערות/ילדות|APPAREL|ARENA|ATAr0207|COLOR:כחול|DIVISION:APPAREL,71.94,199.9
pharmacie-prado-mermoz.com,https://pharmacie-prado-mermoz.com,prestashop,True,0,1,,,0,0
thebostonbrand.com,https://thebostonbrand.com,shopify,True,5,1,,cinco bolsillos|col_empleados|coleccion|coleccion 2|pantalones|cinco bolsillos|col_empleados|coleccion|coleccion 2|pantalones,29.99,39.99
twisteddough.shop,https://twisteddough.shop,shopify,True,0,1,,,0,0
marlasfashions.com,https://marlasfashions.com,shopify,True,5,1,,2025|color-black|color-lightgreen|color-lightgreen-sage|color-sage|2018|all-dresses|aum121123|cocktail|color-earth,269.0,504.0
sweetelaineboutique.com,https://sweetelaineboutique.com,shopify,True,5,1,,earrings|jewelry|shop all|bracelet|jewelry|shop all|bracelet|jewelry|shop all|bracelet,20.0,44.0
pertronixbrands.com,https://pertronixbrands.com,shopify,True,0,1,,,0,0
questionbeauty.com,https://questionbeauty.com,shopify,True,0,1,,,0,0
littlerootgames.com,https://littlerootgames.com,shopify,True,0,1,,,0,0
loyecosmetics.com,https://loyecosmetics.com,shopify,True,0,1,,,0,0
mairacosmetics.com,https://mairacosmetics.com,woocommerce,True,0,1,,,0,0
marmaladyclothingbar.com,https://marmaladyclothingbar.com,opencart,True,0,1,,,0,0
merodacosmetics.nl,https://merodacosmetics.nl,shopify,True,5,1,,badge:nieuw|BUNDLE|badge:nieuw|CORE PRODUCT|Single|badge:bestseller|BUNDLE|BUNDLE|CORE PRODUCT|LIVE,22.95,74.06
outletprime.co,https://outletprime.co,shopify,True,5,1,,,79900.0,99900.0
palladiumboots.fr,https://palladiumboots.fr,shopify,True,5,1,,ANKLE|BLACK|DELIVERY_20260201|DIM_M|FOOTWEAR|ANIMAL PRINT|ANKLE|DELIVERY_20260101|DIM_M|DUNELITE,70.0,120.0
pharmacie-cap3000.com,https://pharmacie-cap3000.com,prestashop,True,0,1,,,0,0
protein.com,https://protein.com,shopify,True,5,1,,all products|flavors|ingredients|wellbeing|disable SATCB|disable SATCB,17.99,99.99
retailbox.co.za,https://retailbox.co.za,shopify,True,5,1,,blonde|colour enhancer|colour enhancers|colour treated|dry|colour enhancer|colour enhancers|Leap Year|normal|REF,388.0,515.0
shepherdsfashions.com,https://shepherdsfashions.com,shopify,True,5,1,,02/04/2026|Barrel Jean|Denim|New Arrival|New Arrival Clothing|02/04/2026|New Arrival|New Arrival Clothing|S2026|S26,115.0,145.0
shopbazzar.com.pl,https://shopbazzar.com.pl,woocommerce,False,0,1,,,0,0
shopomag.com.ua,https://shopomag.com.ua,opencart,False,0,1,,,0,0
shopsante.ca,https://shopsante.ca,shopify,True,5,1,,1030|EEQ2025|Goodies|Hidden recommendation|NOTPOS|bundle|bundlegratuit|EEQ2025|gratuit|hide,2.0,24.99
skincareshop.com.bd,https://skincareshop.com.bd,woocommerce,True,0,1,,,0,0
sportfitness.co,https://sportfitness.co,shopify,True,5,1,,Buzo|Natación|Buzo|Natación|Discos|Fuerza,101900.0,4403600.0
streetgym.co.za,https://streetgym.co.za,woocommerce,False,0,1,,,0,0
stylishoe.com,https://stylishoe.com,shopify,True,5,1,,,19.95,24.95
theaudiostore.in,https://theaudiostore.in,shopify,True,5,1,,,499.0,234990.0
theirongear.com,https://theirongear.com,shopify,True,5,1,,Dry Fit|Men|mens-30|new|Slim Fit|new|Protein|Men|new|Regular Fit,1100.0,22500.0
tyremart.co.za,https://tyremart.co.za,woocommerce,False,0,1,,,0,0
vapevo.com,https://vapevo.com,shopify,False,0,1,,,0,0
velocityactivewear.com.au,https://velocityactivewear.com.au,shopify,True,5,1,,,62.0,86.0
mamma-shop.com,https://mamma-shop.com,shopify,True,5,1,,Baby på vej|Group:Haakaa_Pineapple_Frysebakke_til_Food_Feeder_Smagesut_|Madopstart|Orange|OUTLET|Baby på vej|Group:Haakaa_Pineapple_Frysebakke_til_Food_Feeder_Smagesut_|Madopstart|OUTLET|Rosa,89.0,239.0
therunningoutlet.co.uk,https://therunningoutlet.co.uk,shopify,True,5,1,,Men's|Men's Running Shoes|Neutral|New In|Running Shoes|Asics|Neutral|New In|Running Shoes|Running Shoes>>Women's,109.99,129.99
maplestore.com.au,https://maplestore.com.au,shopify,True,5,1,,Brain Dead|Clothing|Current|Mens|New Arrivals|Brain Dead|Clothing|Current|Mens|New Arrivals,45.0,270.0
tendenzestore.com,https://tendenzestore.com,shopify,True,0,1,,,0,0
tone.shop,https://tone.shop,shopify,True,5,1,,,10.0,42.0
suppliesforcandles.co.uk,https://suppliesforcandles.co.uk,woocommerce,False,0,1,,,0,0
sportfish.co.uk,https://sportfish.co.uk,magento,True,0,1,,,0,0
silverybrand.com,https://silverybrand.com,shopify,False,0,1,,,0,0
pogoswine.com,https://pogoswine.com,shopify,True,5,1,,PWSMigration|Sold Out|Spirits|Lightspeed|Liquor|Non-discountable|PWSMigration|Non-discountable|PWSMigration|Spirits,31.99,144.88
paprika-shopping.be,https://paprika-shopping.be,shopify,True,5,1,,,35.99,69.99
soraclothing.ca,https://soraclothing.ca,shopify,True,5,1,,Reupload|Reupload|Reupload|Reupload|Reupload|T-Shirts,45.0,220.0
wearlila.com,https://wearlila.com,shopify,True,5,1,,birth-gown|emeral|juliet-gown|lila-brand|Limited Time|birth-gown|laura-robe|lila-brand|pink poppy|birth-gown,30.0,79.99
pettihome.shop,https://pettihome.shop,shopify,True,5,1,,Cuscini Arredo in Tinta Unita Bicolore|Cuscini Divano|Cuscini Arredo in Tinta Unita Bicolore|Cuscini Divano|Cuscini Arredo in Tinta Unita Bicolore|Cuscini Divano|Cuscini Arredo in Tinta Unita Bicolore|Cuscini Divano|Cuscini Arredo in Tinta Unita Bicolore|Cuscini Divano,8.9,19.9
sorgentepharma.it,https://sorgentepharma.it,opencart,False,0,1,,,0,0
zoologistperfumes.com,https://zoologistperfumes.com,shopify,True,5,1,,Amber|Animalic|Aromatic|Floral|Leathery|Floral|Fresh|Fruity|Green|Tropical,200.0,274.0
rise-brand.com,https://rise-brand.com,shopify,True,5,1,,WET-0226|RFP-0226|RC-0226|GET-0226|GET-0226,1500.0,3500.0
zenergygame.com,https://zenergygame.com,wix,False,0,1,,,0,0
vapekit.co.uk,https://vapekit.co.uk,shopify,True,5,1,,50VG/50PG|E-Liquid|Freebase Nicotine|MTL (Mouth to Lung)|Tobacco|10ml|50VG/50PG|Bakery|Biscuit|Cookies,3.49,3.49
merodacosmetics.com,https://merodacosmetics.com,shopify,True,0,1,,,0,0
prettykittyfashion.co.uk,https://prettykittyfashion.co.uk,shopify,True,5,1,,Bow|Headbands|Headscarves|new|Red|Bridesmaid|Bridesmaid Dresses|Green|meta-size-chart-size2|new,4.99,64.99
nishikawa-store.com,https://nishikawa-store.com,shopify,True,5,1,,double|double-pad|ECセール|icon__2bbed0__NEW|icon__baaa7d__ネット限定|covering|covering-kake_cover|double|double-covering|ECセール,1210.0,71500.0
wineroute.co.il,https://wineroute.co.il,woocommerce,True,0,1,,,0,0
stretchitbodyjewellery.co.uk,https://stretchitbodyjewellery.co.uk,shopify,True,5,1,,15-off|double-flare|new_product|silicone|size-10mm-00g|15-off|double-flare|new_product|silicone|size-10mm-00g,5.0,10.0
wholesalemakeup.com,https://wholesalemakeup.com,shopify,True,5,1,,Beauty Creations|Concealer|Face|special|Kevin & Coco|Makeup|Mixed Boxes|special|lip gloss|Lips,62.4,771.12
truckandgear.com,https://truckandgear.com,opencart,True,0,1,,,0,0
military-shop.ro,https://military-shop.ro,shopify,True,5,1,,2080_2025|active|imbracaminte|Pentagon|autoaparare|autoaparare.ro|Boker|active|doar card|incaltaminte,59.0,619.0
perfumesdubai.com.au,https://perfumesdubai.com.au,shopify,True,5,1,,Aromatic|bestseller|Leather Wood|OrientalEDP|Tobacco Vanilla|Amber|Aromatic|Clone|Grapefruit|Hyacinth,24.95,59.95
sperky-eshop.sk,https://sperky-eshop.sk,prestashop,False,0,1,,,0,0
mrdiscountfurniture.com,https://mrdiscountfurniture.com,shopify,True,0,1,,,0,0
roba-kids.com,https://roba-kids.com,shopify,True,5,1,,color:GRAU|height:9.50|lenght:32.00|release:2025|typ:Outdoor FSC|color:TEAKHOLZ FARBEN|height:54.00|lenght:118.00|release:2025|typ:Outdoor FSC,14.9,179.9
thevapespot.pk,https://thevapespot.pk,woocommerce,True,0,1,,,0,0
tubeuse-cigarette-electrique.fr,https://tubeuse-cigarette-electrique.fr,woocommerce,False,0,1,,,0,0
superbikestore.in,https://superbikestore.in,shopify,True,0,1,,,0,0
rambosfurniture.com,https://rambosfurniture.com,shopify,True,0,1,,,0,0
wine-republic.co.uk,https://wine-republic.co.uk,shopify,True,5,1,,Bestsellers|Summer Offers|Bestsellers|Summer Offers,12.95,21.0
mijia-shop.com,https://mijia-shop.com,woocommerce,True,0,1,,,0,0
wearsinder.com,https://wearsinder.com,woocommerce,True,0,1,,,0,0
negativeapparel.com,https://negativeapparel.com,shopify,True,5,1,,Bottoms|flash|pants|Rwp Outlet|stock 26|dress|dresses|flash|Rwp Outlet|stock 26,2600.0,10400.0
redshedfurniture.com,https://redshedfurniture.com,shopify,True,5,1,,bed-pillow|Brand_Ashley|Collection_Nectar Classic|color_white|consumer-assembly_no-assembly-required|bed-pillow|Brand_Ashley|Collection_DreamCloudTM Classic|color_white|consumer-assembly_no-assembly-required,59.99,489.99
teaktuning.com,https://teaktuning.com,shopify,True,5,1,,barriers|distributorEligible|DistributorObstacle|faire|gray|barriers|faire|gray|grey|madeinroc,11.99,16.2
modernfurniture.com.au,https://modernfurniture.com.au,shopify,True,5,1,,Brand New|Color_Oak / Natural|Color_Walnut / Brown|Decor|Facebook|Apartment Furniture|Brand New|Bunnings|Coffee|coffee table,249.0,749.0
nationallocksupply.com,https://nationallocksupply.com,bigcommerce,True,0,1,,,0,0
mephisto-shoes.com,https://mephisto-shoes.com,prestashop,True,0,1,,,0,0
vapesale24.com,https://vapesale24.com,shopify,True,5,1,,5% Nicotine Vapes|Big Puff Vapes|Deals|Death Row 5000|Disposable Vapes|5% Nicotine Vapes|Big Puff Vapes|Deals|Death Row 7000|Disposable Vapes,9.62,19.0
mon-fourgon.shop,https://mon-fourgon.shop,woocommerce,False,0,1,,,0,0
mavin-wear.com,https://mavin-wear.com,shopify,True,5,1,,Black|bogo|bogo|bogo|Black|bogo|Black|bogo,550.0,900.0
neocomputer.md,https://neocomputer.md,opencart,False,0,1,,,0,0
nym-store.com,https://nym-store.com,shopify,True,5,1,,CAPOSPALLA|TSHIRT|TSHIRT|TSHIRT|GIACCA,29.9,49.9
okperfumes.com,https://okperfumes.com,shopify,True,0,1,,,0,0
vapesocietysupplies.com,https://vapesocietysupplies.com,woocommerce,True,0,1,,,0,0
vzduchotechnika-shop.sk,https://vzduchotechnika-shop.sk,opencart,True,0,1,,,0,0
wearebound.co.uk,https://wearebound.co.uk,shopify,True,5,1,,COLLECTION 19|Porto Archives|Shop|spo-cs-disabled|spo-default|COLLECTION 19|Porto Archives|Shop|spo-cs-disabled|spo-default,50.0,75.0
outletshopforkids.com.au,https://outletshopforkids.com.au,shopify,True,0,1,,,0,0
naturalsports.ca,https://naturalsports.ca,shopify,True,0,1,,,0,0
shopnpr.org,https://shopnpr.org,shopify,True,5,1,,Accessories|All Products|Accessories|All Products,4.0,22.0
regybeauty.com,https://regybeauty.com,woocommerce,True,0,1,,,0,0
martinnibeauty.com,https://martinnibeauty.com,woocommerce,False,0,1,,,0,0
wawwaclothing.com,https://wawwaclothing.com,shopify,True,5,1,,L-INSTOCK|M-INSTOCK|March Drop 2026|pre-order|XL-INSTOCK|L-INSTOCK|M-INSTOCK|March Drop 2026|pre-order|ZAPC,65.0,150.0
nomadicsupply.com,https://nomadicsupply.com,woocommerce,False,0,1,,,0,0
pharmaxtra.com,https://pharmaxtra.com,shopify,True,5,1,,Funnels|Australia|Canada|Dutch|English|French|Australia|Canada|Danish|Dutch,16.95,69.99
neuherbs.com,https://neuherbs.com,shopify,True,0,1,,,0,0
watchspree.com.sg,https://watchspree.com.sg,shopify,True,5,1,,Analog|Instock|Ladies|Leather|Quartz|Analog|Instock|Ladies|Quartz|Seiko,197.9,359.9
martindingman.com,https://martindingman.com,shopify,True,5,1,,"All Belts|Belt|belt_width:1⅜""|belts|casual|Fall25|No Sale|Socks|All Belts|belt_width:1⅜""",39.5,325.0
richeysfurniture.com,https://richeysfurniture.com,shopify,True,5,1,,category:219-Living Room|category:242-Recliners|filter:Assembly Required:No|filter:Brand:Signature Design by Ashley®|filter:Color:Brown/Beige|category:219-Living Room|category:318-Chairs|filter:Assembly Required:No|filter:Brand:Signature Design by Ashley®|filter:Color:Black/Gray,0,0
thesoapery.co.uk,https://thesoapery.co.uk,shopify,True,5,1,,,49.26,63.71
sacramentofurniturestore.co,https://sacramentofurniturestore.co,shopify,True,5,1,,Assembly_Assembly Required|Bedroom|Beds|Brand_Dreamland|Category_Bedroom|Assembly_Assembly Required|Beds|Brand_Dreamland|Category_Beds|Category_Kids & Teens,379.99,639.99
pioneerpowersports.com,https://pioneerpowersports.com,woocommerce,True,0,1,,,0,0
myshoes.vn,https://myshoes.vn,opencart,True,0,1,,,0,0
supplymaster.store,https://supplymaster.store,shopify,True,0,1,shopify_payments,,0,0
toys-for-fun.com,https://toys-for-fun.com,magento,True,0,1,,,0,0
skida.com,https://skida.com,shopify,True,5,1,,20-off-tubular|brimmed|calamityjane|coming-soon|Fly Fishing|ambassador|Athletes|Collabs|Cross Country Skiing|do-good,19.6,48.0
matsukazetea.com,https://matsukazetea.com,shopify,True,0,1,shopify_payments,,0,0
naturallywoodfurniturecenter.com,https://naturallywoodfurniturecenter.com,shopify,True,0,1,,,0,0
tufano.store,https://tufano.store,magento,True,0,1,,,0,0
toysland.lt,https://toysland.lt,prestashop,False,0,1,,,0,0
proswimwear.sg,https://proswimwear.sg,magento,False,0,1,paypal|adyen,,0,0
zivarafashion.com,https://zivarafashion.com,shopify,True,5,1,,all|ALLPRODUCTS|earrings|JHUMKA|NONKEMP|all|ALLPRODUCTS|earrings|JHUMKA|NONKEMP,599.0,1760.0
rioperfumes.co.za,https://rioperfumes.co.za,shopify,True,5,1,,Men|Stephane Humbert Lucas|Stéphane Humbert Lucas 777|Women|Men|Stephane Humbert Lucas|Stéphane Humbert Lucas 777|Women|Men|Stephane Humbert Lucas,170.0,4500.0
metroshoes.com.pk,https://metroshoes.com.pk,shopify,True,0,1,,,0,0
murphyfurniture.ie,https://murphyfurniture.ie,prestashop,False,0,1,klarna,,0,0
organictraveller.store,https://organictraveller.store,shopify,True,5,1,,dark lips|lip|lip pigmentation,1499.0,5490.0
rbtechngames.com,https://rbtechngames.com,woocommerce,True,0,1,,,0,0
thedecorkart.com,https://thedecorkart.com,shopify,True,0,1,,,0,0
tufinawatches.com,https://tufinawatches.com,shopify,True,5,1,,2 year warranty|2 years warranty|20 jewels|3 atm|automatic|17 stones|2 year warranty|2 years warranty|44 mm|5 atm,399.0,399.0
vaporider.deals,https://vaporider.deals,shopify,True,5,1,,FINAL OG ALL|All E-Liquid|E-Juice|NO SHIP: AR|NO SHIP: CA|NO SHIP: DENVER|All E-Liquid|E-Juice|NO SHIP: AR|NO SHIP: CA,9.95,19.95
vitaminbolt.hu,https://vitaminbolt.hu,woocommerce,False,0,1,,,0,0
mainstreetexchangeapparel.com,https://mainstreetexchangeapparel.com,shopify,True,0,1,shopify_payments,,0,0
thrashinsupply.com,https://thrashinsupply.com,shopify,True,5,1,,Hardware|Hardware|Hardware|Hardware,14.95,65.0
performanceaudio.com,https://performanceaudio.com,shopify,True,5,1,,,10.7,341.95
milivineboutique.com,https://milivineboutique.com,shopify,True,5,1,,,249.0,450.0
nextbrand.com,https://nextbrand.com,shopify,False,0,1,,,0,0
nivaleshop.com,https://nivaleshop.com,shopify,True,5,1,,armação|barato|grau|lente|oculos de grau|armação|barato|grau|lente|oculos de grau,39.9,105.97
wearthepeace.com,https://wearthepeace.com,shopify,True,5,1,,All Products|Heavyweight|New Arrivals|Not On Sale|shirt|All Products|Crewnecks|Donation|New Arrivals|Not On Sale,27.0,50.0
paprika-shopping.nl,https://paprika-shopping.nl,shopify,True,5,1,,,35.99,69.99
shopius.ro,https://shopius.ro,woocommerce,False,0,1,,,0,0
spcsports.com,https://spcsports.com,shopify,True,5,1,,Category_SPC Sports /Fastpitch|Category_SPC Sports /Training/Training|Category_SPC Sports /Training/Training/Fielder|SPC Sports|Category_SPC Sports /Fastpitch|Category_SPC Sports /Training/Training|Category_SPC Sports /Training/Training/Fielder|SPC Sports|Category_SPC Sports /Fastpitch|Category_SPC Sports /Training,59.99,479.95
vhcbrands.com,https://vhcbrands.com,shopify,True,5,1,,15.5x17|31 - Tabletop/Kitchen|April & Olive|Blue|Chair Pad|24x36|32 - Window|April & Olive|Blue|Cottage,27.0,101.25
revgear.com,https://revgear.com,bigcommerce,True,0,1,,,0,0
raytoys.ro,https://raytoys.ro,woocommerce,False,0,1,,,0,0
shopmanto.com,https://shopmanto.com,shopify,True,5,1,,Bracelet|kaavish kara|Kara|Restocked|New In|Odhni|odhnis|Scarves Stoles & Odhnis|Scarves-odhnis-stoles|New In,1950.0,4500.0
shopsecretcastle.com,https://shopsecretcastle.com,shopify,True,5,1,,Condition:CIB (Missing Manual)|Genre:Action & Adventure|Platform:Playstation 3|Rating:T|Recently Added|Condition:Complete|Genre:Action & Adventure|Platform:Nintendo Switch|Rating:T|Recently Added,9.99,39.99
profdecorativa.com.br,https://profdecorativa.com.br,woocommerce,False,0,1,,,0,0
skagen-clothing.dk,https://skagen-clothing.dk,shopify,True,5,1,,archivesale-mænd|archivesale-mænd|mystery-box-produkt|archivesale-mænd|archivesale-mænd|mystery-box-produkt|archivesale-mænd,149.0,299.0
toyotaklub.org.pl,https://toyotaklub.org.pl,woocommerce,False,0,1,,,0,0
marinamilitare-sportswear.com,https://marinamilitare-sportswear.com,magento,True,0,1,,,0,0
watchlocker.ng,https://watchlocker.ng,woocommerce,True,0,1,,,0,0
wild-spirit.store,https://wild-spirit.store,shopify,True,5,1,,abenteurer shirt|adventure clothing|adventure shirt|animal graphic shirt|berg shirt|abenteuer hoodie|adventure clothing|berg hoodie|berg kapuzenpullover|camper life,29.99,57.99
tillettsclothing.co.uk,https://tillettsclothing.co.uk,shopify,True,5,1,,country_paris|Product Group Code|BrushedLeopardSatinStyleScarf|Regular|size_one size|sub-type_scarf|country_paris|Product Group Code|KnittedArgyleNeckerchief|Regular|size_one size|sub-type_scarf,10.0,28.0
pixibeauty.co.uk,https://pixibeauty.co.uk,shopify,True,5,1,,cleanser|Exclusive Offers|Gifts|hide-notify-btn|quiz uk am|black_crow_do_not_cross_sell|black_crow_do_not_replenish|black_crow_do_not_show_in_history|black_crow_do_not_subscribe|bogos-gift,5.0,74.0
shopneon.com,https://shopneon.com,shopify,True,0,1,shopify_payments,,0,0
zoesuitting.store,https://zoesuitting.store,shopify,True,5,1,,Blessed Friday|Deal of the Day|dealoftheday|eid collection|embroidered|Blessed Friday|Deal of the Day|dealoftheday|eid collection|embroidered,2499.0,2499.0
ultimatehobbies.com.au,https://ultimatehobbies.com.au,shopify,True,5,1,,Phoenix Model|Spare parts|Phoenix Model|pnp arf kits|Phoenix Model|pnp arf kits|Phoenix Model|pnp arf kits,10.0,1600.0
macboot.com.br,https://macboot.com.br,shopify,True,5,1,,Low stock|model:fuga-01|model:Meia-CA|model:Meia-CL|model:Meia-CL|model:Meia-CA,34.9,449.9
watchesandwatches.com,https://watchesandwatches.com,shopify,True,5,1,,,3180.0,15500.0
puretimewatch88.io,https://puretimewatch88.io,magento,True,0,1,,,0,0
shoko-shop.com,https://shoko-shop.com,shopify,True,5,1,,annie|cute dress|day dress|dress|Dress Annie|all day pants|all denim|comfy pants|denim|denim blue,27.0,82.5
nationalsalonsupplies.com.au,https://nationalsalonsupplies.com.au,woocommerce,False,0,1,,,0,0
prbottleshop.com,https://prbottleshop.com,shopify,True,5,1,,2022|90+ Points|Bordeaux|Cabernet Sauvignon|France|2022|90+ Points|Bordeaux|France|Merlot,27.99,799.0
voyageursoapandcandle.com,https://voyageursoapandcandle.com,shopify,True,0,1,,,0,0
shopluu.com,https://shopluu.com,shopify,True,5,1,,green prom dress|long prom dress|lace prom dresses|pink prom dress|black prom dresses|long prom dress|tulle prom dress|burgundy prom dress|long prom dress|burgundy prom dress,176.0,199.0
shopvestirsi.com,https://shopvestirsi.com,shopify,True,5,1,,Vita Vissuta|Vita Vissuta|Vita Vissuta|Vita Vissuta|Vita Vissuta,379.0,449.0
rangeviewsports.ca,https://rangeviewsports.ca,woocommerce,True,0,1,,,0,0
only-games.co,https://only-games.co,shopify,True,5,1,,CLASS:Jet Fighter|Fighter Jet|Foxbat A|GENRE:Cold War|MiG-25P|CLASS:Jet Fighter|Fighter Jet|Foxbat A|GENRE:Cold War|MiG-25P,5.29,14.39
vapebazaar.pk,https://vapebazaar.pk,woocommerce,True,0,1,,,0,0
messersmilltownfurniture.com,https://messersmilltownfurniture.com,shopify,True,5,1,,bed-pillow|Brand_Ashley|Collection_Nectar Classic|color_white|consumer-assembly_no-assembly-required|bed-pillow|Brand_Ashley|Collection_DreamCloudTM Classic|color_white|consumer-assembly_no-assembly-required,68.0,1588.0
probikesupply.com,https://probikesupply.com,shopify,True,5,1,,$100 - $200|100-250|25ld-16|25racefaceldsale|27-5|2025racefaceholidaysale|24mem15|25ld-16|bikesframes831|bikesover3k,12.59,309.0
parkersartsupplies.com,https://parkersartsupplies.com,shopify,True,5,1,,,8.58,136.73
servicesport.com,https://servicesport.com,woocommerce,False,0,1,,,0,0
macustom.com,https://macustom.com,shopify,True,5,1,,Custom Photo|Custom Photo Gifts|Gifts For Veterans|Personalized Canvas Print|Gift For Mother|Mothers Day Gifts|Personalized plaques|T.Mak|Gifts For Mom|gotrending,29.95,109.95
mirageperfume.com,https://mirageperfume.com,shopify,True,0,1,,,0,0
theonlinelightingstore.co.uk,https://theonlinelightingstore.co.uk,bigcommerce,True,0,1,,,0,0
popsyclothing.co.uk,https://popsyclothing.co.uk,shopify,True,5,1,,Alternative Fashion|alternative tights|comfy tights|Everyday Tights|fashion tights|10|12|14|16|18,10.95,49.95
villagevitaminstore.ca,https://villagevitaminstore.ca,shopify,True,5,1,,liquidus|lowstock|mouthwash|oral care|Personal Care|food|lowstock|molasses|sweetener|tax-exempt,11.99,23.99
thobbies.com,https://thobbies.com,shopify,True,5,1,,ar1|ar1,22.99,32.99
moddys-watches.com,https://moddys-watches.com,shopify,True,5,1,,seiko-mod-santos-watch|stock-new-year|seiko-mod-nautilus|stock-new-year|seiko-mod-nautilus|stock-new-year|royal-oak-royal-blue|stock-new-year|royal-oak-royal-blue|stock-new-year,349.9,349.9
platinum-international.store,https://platinum-international.store,woocommerce,True,0,1,,,0,0
luxurycandlesupplies.co.uk,https://luxurycandlesupplies.co.uk,magento,True,0,1,,,0,0
perfumebox.com,https://perfumebox.com,shopify,True,5,1,,New Arrivals|Unisex|Best Seller|bundlesave|Category_Default Category/Men's Cologne|Category_Default Category/Men's Fragrances|Category_Default Category/Men's Fragrances/Cologne|Men's|New Arrivals|New Arrivals,29.95,60.49
unitedfurnitureco.com,https://unitedfurnitureco.com,woocommerce,True,0,1,,,0,0
musikalcol.store,https://musikalcol.store,shopify,True,5,1,,,79900.0,179900.0
samplestore.pl,https://samplestore.pl,woocommerce,True,0,1,,,0,0
undergoldapparel.com,https://undergoldapparel.com,shopify,True,5,1,,all|basics|buzos y chaquetas basic|buzos y chaquetas mujer|Linea26|all|basics|camisetas|camisetas linea|hombre,250000.0,420000.0
wine.com.mx,https://wine.com.mx,shopify,True,0,1,,,0,0
manteaux.com,https://manteaux.com,magento,True,0,1,,,0,0
quiabeauty.com,https://quiabeauty.com,shopify,True,0,1,,,0,0
thebath.es,https://thebath.es,shopify,True,5,1,,DescuentoES:10|DescuentoFR:5|DescuentoPT:10|Novedad|Packs|Envío Fábrica - Preparación 5-6|Muebles|Muebles auxiliares estrechos|Muebles auxiliares pequeños|Muebles con puertas,91.54,454.11
shopminnow.com,https://shopminnow.com,shopify,True,5,1,,Beach Market|easter filler|girls|holiday25|size-one-size|Beach Market|easter filler|easter26|girls|holiday25,20.0,247.0
moonveilgames.com,https://moonveilgames.com,shopify,True,5,1,,2|5 Color|5 colors|Changelings|Commander|accessories|convertible|Deck Box|gamegenic|Gamegenic Deck Box,26.99,205.99
shibaskitchen.de,https://shibaskitchen.de,woocommerce,False,0,1,,,0,0
playsportsnetwork.com,https://playsportsnetwork.com,magento,True,0,1,,,0,0
shopusahockey.com,https://shopusahockey.com,shopify,True,5,1,,color_white|discount_applicable|eligible_bfcm_discount|eligible_legends_discount|f&f|auto-accessories|car accessories|color_white|decal|decals,6.0,19.95
rowapparel.com,https://rowapparel.com,opencart,True,0,1,,,0,0
teapplix.com,https://teapplix.com,prestashop,False,0,1,,,0,0
wecarepharma.mx,https://wecarepharma.mx,shopify,True,5,1,,Lágrimas Artificiales|Medicamentos|Ojos|Patente|Agentes Antidiabéticos Y Agentes Hiperglicémicosdomingos Genéricos|Endocrinologia|Genéricos|Medicamentos|Estradiol|Medicamentos,102.24,1122.96
superpharmacyplus.com.au,https://superpharmacyplus.com.au,bigcommerce,True,0,1,,,0,0
sportscardsdirect.co.uk,https://sportscardsdirect.co.uk,shopify,True,5,1,,Margin Scheme|shared-inventory|Slab|Margin Scheme|shared-inventory|Slab|Margin Scheme|shared-inventory|Slab|Margin Scheme,29.99,599.99
shibevintagesports.com,https://shibevintagesports.com,shopify,True,5,1,,25-50|47-brand|adjustable|Archived|Baseball|25-50|47-brand|adjustable|Archived|Baseball,28.0,40.0
snapsupplements.com,https://snapsupplements.com,shopify,True,5,1,,standard-price|standard-price,27.95,119.85
onebranded.com,https://onebranded.com,woocommerce,False,0,1,,,0,0
thebootsmania.com,https://thebootsmania.com,woocommerce,False,0,1,,,0,0
ridgewallet.co.uk,https://ridgewallet.co.uk,shopify,True,5,1,,ACF: Tech|Everyday Charging Kit|MKBHD Tech Moment|recomatic-no|reminder: delete this pdp from all collections to not show in Loop|ACF: Tech|Everyday Charging Kit|MKBHD Tech Moment|recomatic-no|reminder: delete this pdp from all collections to not show in Loop,89.0,119.0
perfumesbogota.com.co,https://perfumesbogota.com.co,shopify,True,5,1,,Mujer|Nuevos|RIIFFS|Unisex|Arabiyat Prestige|Mujer|Nuevos|Arabiyat Prestige|Hombre|Mujer,244990.0,269990.0
sportmania.ch,https://sportmania.ch,magento,True,0,1,,,0,0
straighttohellapparel.com,https://straighttohellapparel.com,woocommerce,True,0,1,,,0,0
spiedagames.com,https://spiedagames.com,shopify,True,5,1,,Bandai Japan|Bandai Japan|Bandai Japan|Ravensburger,14.99,119.99
makotekcomputers.com,https://makotekcomputers.com,shopify,True,0,1,,,0,0
quatrogymnastics.com,https://quatrogymnastics.com,shopify,True,5,1,,Quatro X Collaboration|Vest|Welsh Fan Range|Welsh Gymnastics|welshfanrange|Federation Pro Shop|hidden|RTF|STG|2026,25.0,102.0
vperfume.vn,https://vperfume.vn,woocommerce,True,0,1,,,0,0
weare.net.ua,https://weare.net.ua,woocommerce,False,0,1,,,0,0
wootownfurniture.com,https://wootownfurniture.com,shopify,True,5,1,,500-1000|Bedroom Furniture|In Stock|woo-town-furniture-worcester-ma|500-1000|appliances|In Stock|Refrigerators|Used|appliances,325.0,529.0
megaofficesupplies.com.au,https://megaofficesupplies.com.au,shopify,True,0,1,,,0,0
shroomschocolatebars.com,https://shroomschocolatebars.com,woocommerce,True,0,1,,,0,0
thelightingoutlet.com.au,https://thelightingoutlet.com.au,shopify,True,5,1,,Beam Angle_360°|Clearance|Colour Temperature_3000k|CRI_>80|Current Discounts|6YW|Blade Material_ABS|Blade Pitch_11°|Ceiling Fans|Clearance,5.0,140.0
omijewelry.com,https://omijewelry.com,shopify,True,5,1,,10000-15000|5000-10000|nosearch|under-500|vdb_stock_id_164589156|vdb_stock_num_LGDRD100-34002|VDBRC|1000-2000|nosearch|vdb_stock_id_221417129,199.0,10500.0
mamasmateas.com,https://mamasmateas.com,shopify,True,0,1,,,0,0
medicinemarketplace.com,https://medicinemarketplace.com,woocommerce,False,0,1,,,0,0
mightykidssupplements.co.uk,https://mightykidssupplements.co.uk,woocommerce,True,0,1,,,0,0
nuvemkids.com.br,https://nuvemkids.com.br,woocommerce,True,0,1,,,0,0
ttjewelry.vn,https://ttjewelry.vn,woocommerce,False,0,1,,,0,0
yachty.shop,https://yachty.shop,shopify,True,5,1,,VOL2|VOL2|VOL2|VOL2|VOL2,28.0,35.0
woodartsupply.com,https://woodartsupply.com,shopify,True,5,1,,Categories|DQlVrillka|Furniture|futon1|Home & Kitchen|Categories|Furniture|futon1|Home & Kitchen|Living Room Furniture,159.99,239.99
pineforestjewelry.com,https://pineforestjewelry.com,shopify,True,0,1,,,0,0
pipe-decor.com,https://pipe-decor.com,shopify,True,5,1,,117440|3/4 in.|Black Malleable Iron|Fitting|FMBRLCO-34|1/2 in.|117439|Black Malleable Iron|Fitting|FMBRLCO-12,1.57,34.82
retrogamerepairshop.com,https://retrogamerepairshop.com,shopify,True,0,1,,,0,0
pharmatip.gr,https://pharmatip.gr,woocommerce,True,0,1,,,0,0
richkidbd.com,https://richkidbd.com,woocommerce,True,0,1,,,0,0
snackje.com,https://snackje.com,shopify,True,0,1,,,0,0
paintedautoparts.com,https://paintedautoparts.com,magento,True,0,1,,,0,0
super-baby.gr,https://super-baby.gr,shopify,True,0,1,,,0,0
tmgtestequipment.com.au,https://tmgtestequipment.com.au,woocommerce,True,0,1,,,0,0
paragonfootwear.com,https://paragonfootwear.com,shopify,True,5,1,,all|dewali-collection|men|men-brands-paragon|men-sandals|all|dewali-collection|men|men-brands-paragon|men-sandals,499.0,499.0
theteamakers.co.uk,https://theteamakers.co.uk,shopify,True,5,1,,badge: new|badge: new|badge: new|Assam|bfcm|breakfast tea|ceylon tea|easter gifts|free sample,14.95,14.95
organicgrunt.ru,https://organicgrunt.ru,woocommerce,False,0,1,,,0,0
onlinetoys.com.au,https://onlinetoys.com.au,woocommerce,True,0,1,,,0,0
mokshaaccessories.com,https://mokshaaccessories.com,woocommerce,True,0,1,,,0,0
scandic-shop.de,https://scandic-shop.de,magento,True,0,1,,,0,0
spicedivine.com,https://spicedivine.com,shopify,True,5,1,,repeat_cycle_30|repeat_cycle_30|repeat_cycle_30|repeat_cycle_30|repeat_cycle_30,2.85,5.71
sneakershokeen.com,https://sneakershokeen.com,woocommerce,True,0,1,,,0,0
onlinefiltersupply.com,https://onlinefiltersupply.com,shopify,True,5,1,,960810|National Comp.|OFS # 97-F9600-8K12B|Pleated Microglass Element|W0810LN|8302P2150SBPB|97-35-1747|FLOW EZY|industrial-filters|miscellaneous,36.32,319.2
warehousecraftsupplies.com,https://warehousecraftsupplies.com,opencart,True,0,1,,,0,0
petsupplies4less.com,https://petsupplies4less.com,shopify,True,0,1,,,0,0
pacersteamstore.com,https://pacersteamstore.com,shopify,True,5,1,,apparel|clothing|color-grey|color_grey|crew|apparel|clothing|color-black|fever|fever new era,40.0,80.0
perfume-empire.com,https://perfume-empire.com,shopify,True,5,1,,Cristiano Ronaldo|Men|New|Cristiano Ronaldo|Men|New|Armaf|Men|New|Armaf,30.04,57.06
salesdecor.com,https://salesdecor.com,woocommerce,True,0,1,,,0,0
recoilgunworks.com,https://recoilgunworks.com,bigcommerce,True,0,1,,,0,0
luxeperfumes.co.uk,https://luxeperfumes.co.uk,shopify,True,5,1,,Arab Scents|Arab Scents|Arab Scents|Arab Scents|Arab Scents,4.6,37.4
ric-toy.com,https://ric-toy.com,magento,True,0,1,,,0,0
thekitchencoach.co.il,https://thekitchencoach.co.il,woocommerce,True,0,1,,,0,0
underdog.shop,https://underdog.shop,shopify,True,5,1,,Vitroceramique|Pose Libre|Induction|Pose Libre|Vieillissement,279.0,819.0
pastorellisport.com,https://pastorellisport.com,woocommerce,False,0,1,,,0,0
toycompany.pk,https://toycompany.pk,shopify,True,5,1,,Toys|Toys for boys|Toys|Toys,899.0,3495.0
whoopikids.com,https://whoopikids.com,shopify,True,5,1,,girls accessories|ss26|girls accessories|ss26|girls accessories|ss26|girls accessories|ss26|girls accessories|ss26,34.0,34.0
ponsseshop.com,https://ponsseshop.com,magento,True,0,1,,,0,0
shopsteelcity.com,https://shopsteelcity.com,shopify,True,5,1,,black and gold|cbk|champions|champs|city of champions|84lumber|accessories_national|best_seller_national|general_hat|hats,32.0,68.0
zeloswatches.com,https://zeloswatches.com,shopify,True,0,1,,,0,0
themodernsportsman.com,https://themodernsportsman.com,woocommerce,True,0,1,,,0,0
running-point.com,https://running-point.com,shopify,True,0,1,,,0,0
playtimeco.store,https://playtimeco.store,shopify,True,5,1,,Accessories|All|Apparel|Doctor|Headwear|All|Apparel|April Fool's|Huggy Wuggy|All,24.0,54.0
watchcollector.ch,https://watchcollector.ch,magento,False,0,1,,,0,0
q8oils.com,https://q8oils.com,woocommerce,False,0,1,,,0,0
myfavouritethings-knitwear.com,https://myfavouritethings-knitwear.com,shopify,True,5,1,,English|Sweater|Dansk|Sweater|Svenska|Sweater|Norsk|Sweater|Français|French,55.0,55.0
otsosport.com,https://otsosport.com,shopify,True,0,1,shopify_payments,,0,0
luxuryofwatches.com,https://luxuryofwatches.com,bigcommerce,True,0,1,,,0,0
supersportscenter.com,https://supersportscenter.com,shopify,True,5,1,,League_NFL|Price_$100 To $199|Product Type_Photo|Sport_Football|Stock_Update|League_College|Player_Brett Favre|Price_$200 To $499|Product Type_Helmet|Sport_Football,199.99,599.99
perfumesteal.in,https://perfumesteal.in,shopify,True,0,1,,,0,0
vipbarbersupply.com,https://vipbarbersupply.com,shopify,True,0,1,shopify_payments,,0,0
splayshoes.com,https://splayshoes.com,shopify,True,5,1,,active|adults|barefoot|barefoot shoes|business casual|active|adults|barefoot|barefoot shoes|business casual,89.0,119.0
rebelromanceshop.com,https://rebelromanceshop.com,shopify,True,5,1,,Bondage|Lingerie Shop|Plus Lingerie Shop|Sale|Sheer|Juicy Bloom|Lingerie Shop|New|Summer|Juicy Bloom,16.0,65.0
saicreationswatches.com,https://saicreationswatches.com,shopify,True,5,1,,15% OFF|Bering|15% OFF|Bering|15% OFF|Bering|special25|15% OFF|Bering,7999.0,28950.0
teatrosluchana.es,https://teatrosluchana.es,woocommerce,False,0,1,,,0,0
westernequipments.com,https://westernequipments.com,woocommerce,False,0,1,,,0,0
littlestars-shop.de,https://littlestars-shop.de,magento,False,0,1,,,0,0
samstoy.in,https://samstoy.in,shopify,True,5,1,,outdoor toys|Water Gun|card games|Match Attax 2024-25|card games|Match Attax 2024-25|outdoor toys|Water Gun|outdoor toys|Water Gun,699.0,1999.0
raisingcanesgear.com,https://raisingcanesgear.com,shopify,True,5,1,,30OFF|Category_Bags|30OFF|Category_Bags|Category_Wearable|Category_Wearable|Category_Bags,6.99,36.99
tmrcustoms.com,https://tmrcustoms.com,shopify,True,5,1,,discounts_enabled|preorder|wholesale_rules_global|discounts_enabled|new_arrivals|preorder|wholesale_rules_global|discounts_enabled|preorder|wholesale_rules_global,40.99,164.99
thisisparallel.store,https://thisisparallel.store,shopify,True,5,1,,designer:matt|short sleeve tee|tshirt|W14-26|2-side|designer:matt|short sleeve tee|tshirt|W14-26|designer:matt,24.99,27.99
whiskers.shop,https://whiskers.shop,shopify,True,5,1,,brand_naomi|Dog Toys|Dogs|Toys_All|Toys_Balls & Fetch Toys|brand_naomi|Dog Toys|Dogs|Toys_All|Toys_Balls & Fetch Toys,246.0,393.0
stealplug.com.my,https://stealplug.com.my,shopify,True,5,1,,Accessory|bag|Supreme|Supreme Bag|Accessory|bag|Supreme|Supreme Bag|Accessory|bag,199.0,999.0
officialnasagear.com,https://officialnasagear.com,bigcommerce,True,0,1,,,0,0
majisports.com,https://majisports.com,shopify,True,5,1,,normal|SPO|att:Size: 24”x72”x5 mm thick|att:Turquoise|normal|SPO,49.95,169.95
westslopegear.com,https://westslopegear.com,shopify,True,5,1,,,28.0,268.99
shoplet.pl,https://shoplet.pl,prestashop,True,0,1,,,0,0
nigelbeauty.com,https://nigelbeauty.com,woocommerce,False,0,1,,,0,0
phoenixfoodequipment.com,https://phoenixfoodequipment.com,shopify,True,5,1,,"Brand_EFI|Size (Approx.)_51"" - 60""|Brand_EFI|Size (Approx.)_41"" - 50""|Brand_EFI|Size (Approx.)_31"" - 40""|Brand_EFI|Size (Approx.)_51"" - 60""|Brand_EFI|Size (Approx.)_41"" - 50""",4299.0,5999.0
theboys.store,https://theboys.store,shopify,True,5,1,,apparel|Brain Rot Worldwide|New|oversized|shop all|apparel|Brain Rot Worldwide|New|oversized|shop all,8.0,85.0
pgifts.co.za,https://pgifts.co.za,woocommerce,True,0,1,,,0,0
lightingathome.co.uk,https://lightingathome.co.uk,magento,True,0,1,,,0,0
nakshatrakids.com,https://nakshatrakids.com,shopify,True,5,1,,Below knee frock|BIRTHDAY FROCK|express shipping|Party wears|Ready to ship|Below knee frock|BIRTHDAY FROCK|express shipping|Party wears|Ready to ship,1899.0,3999.0
nestatoys.in,https://nestatoys.in,shopify,True,5,1,,Arts & Crafts|Educational,489.0,4999.0
outletsofadirect.fr,https://outletsofadirect.fr,prestashop,True,0,1,,,0,0
redecora.cl,https://redecora.cl,shopify,True,5,1,,REMATE|VENTA BODEGA|EX STOCK|LIQUIDACIÓN 2025|SOFA CAMA|sofas de stock|sofas de stock,699990.0,1521810.0
remorqueshop.fr,https://remorqueshop.fr,shopify,False,0,1,,,0,0
rippedupnutrition.com,https://rippedupnutrition.com,shopify,True,5,1,,5 Flavors|Muscle Building|60 Veg Caps|Recovery,285.0,3999.0
stitchcloset.shop,https://stitchcloset.shop,shopify,True,5,1,,2 Piece|3 Piece|shop,4190.0,5490.0
typsybeauty.com,https://typsybeauty.com,shopify,True,5,1,,active|draft|Faqs|group-gallery|guide|active|group-gallery|guide|howtouse|inside,799.0,1999.0
unitedfurnitureoutlets.co.za,https://unitedfurnitureoutlets.co.za,magento,True,0,1,,,0,0
vgrgardens.com,https://vgrgardens.com,woocommerce,True,0,1,,,0,0
watchrepublicshop.com,https://watchrepublicshop.com,shopify,True,5,1,,2026-04|3-Hand|40mm - 44mm|Black Dial|For Him|2026-04|3-Hand|40mm - 44mm|Blue Dial|For Him,2995.0,21295.0
qixskateshop.com.br,https://qixskateshop.com.br,shopify,True,0,1,,,0,0
phoner.in,https://phoner.in,woocommerce,True,0,1,,,0,0
safinebaby.com.br,https://safinebaby.com.br,woocommerce,True,0,1,,,0,0
storedj.com.au,https://storedj.com.au,shopify,True,5,1,,primary-category:01002|pronto-category:01002|pronto-parent-cat:01|pronto-parent-cat:01002|source:middleware|primary-category:12008|pronto-category:0200305|pronto-category:12008|pronto-parent-cat:02|pronto-parent-cat:02003,15.0,1999.0
profusioncosmetics.com,https://profusioncosmetics.com,shopify,True,5,1,,bundle|eyes|eyeshadow|eyeshadow palette|eyeshadow palettes|35-shade|artistry|eye shadow|Eyes|eyeshadow,9.49,15.8
meowcafeshop.com,https://meowcafeshop.com,shopify,True,5,1,,A5 Signature Series|Manifest Binder Pre Order|Signature A5 Extra Wide Binders|spo-default|spo-disabled|A5 Signature Series|Manifest Binder Pre Order|Signature A5 Wide Binders|spo-default|spo-disabled,44.99,44.99
samena-stores.com,https://samena-stores.com,shopify,True,0,1,,,0,0
shopusa.co.ke,https://shopusa.co.ke,shopify,True,5,1,,Gain Laundry Detergent|Laundry|Laundry Detergents|Diapering|Baby & Child Care|Baby Care|baby products|Dinnerware|Feeding,3995.0,130995.0
orangesherbet.com.au,https://orangesherbet.com.au,shopify,True,5,1,,Accessories|Sunglasses|Accessories|Sunglasses|16/12/25|__label:BACK IN STOCK|Blue|Bottoms|Denim|Bag Accessories,17.97,79.95
spicedubai.com,https://spicedubai.com,woocommerce,True,0,1,,,0,0
worldwidechocolate.com,https://worldwidechocolate.com,woocommerce,False,0,1,,,0,0
tooprettybrand.com,https://tooprettybrand.com,squarespace,True,0,1,,,0,0
martinomidali.com,https://martinomidali.com,magento,True,0,1,,,0,0
loveshop.pt,https://loveshop.pt,prestashop,False,0,1,,,0,0
wingsupply.com,https://wingsupply.com,magento,True,0,1,,,0,0
projerseysports.com,https://projerseysports.com,shopify,True,5,1,,100-200|BFCM-Exclude|BFCM21|carolina-panthers|googleshopping|100-200|BFCM-Exclude|chicago-cubs|custom-final-sale|googleshopping,129.99,159.99
morenutrition.com,https://morenutrition.com,shopify,True,5,1,,7mwst|all|appbundle|bundle|excludech|7mwst|all|appbundle|bundle|excludech,25.45,49.97
monumenthobbies.com,https://monumenthobbies.com,shopify,True,5,1,,weathering pigments|weathering pigments|weathering pigments|weathering pigments|weathering pigments,7.0,53.2
vapegateae.com,https://vapegateae.com,shopify,True,5,1,,20%|Approx. Puffs_K20000 & More Puffs|Battery_Built In|Battery_Rechargeable|Brand_Maskking|20%|Approx. Puffs_K20000 & More Puffs|Battery_Built In|Battery_Rechargeable|Brand_Al Fakher,40.0,80.0
wholesalexl.com,https://wholesalexl.com,shopify,True,0,1,,,0,0
mostwantedluxury.com,https://mostwantedluxury.com,shopify,True,5,1,,34 - 42|34 - 38|34 - 38|34 - 38|34 - 38,12.5,22.5
sukworkwear.com.au,https://sukworkwear.com.au,shopify,True,5,1,,b2b|Cropped Brumby|online|pos|range_ripstop|b2b|Last chance|online|pos|Style_Cropped Suits,55.0,140.0
medandbeauty.com,https://medandbeauty.com,woocommerce,False,0,1,,,0,0
s-wear.co.il,https://s-wear.co.il,magento,True,0,1,,,0,0
sensationfootwear.com,https://sensationfootwear.com,shopify,True,5,1,,FOOTWEAR|FW25|HEELS|OK|SS25|CLEAR|1111|BALLETFLATS|EIDGLAM|FLATS,1200.0,5500.0
shopwhitecoat.com,https://shopwhitecoat.com,shopify,True,5,1,,__label2:New|Hoodie|Women|__label2:ADAPT|Adapt|BYOS|Men|__label:PRO+|front_embroidery_options|PRO+,1895.0,3295.0
sportizmo.rs,https://sportizmo.rs,shopify,True,0,1,,,0,0
tesla-electronics.eu,https://tesla-electronics.eu,woocommerce,True,0,1,,,0,0
transparentgift.com,https://transparentgift.com,woocommerce,True,0,1,,,0,0
maxsport.com.co,https://maxsport.com.co,shopify,True,5,1,,addi-marketplace|Guayos y calzado Addi,62000.0,179900.0
naturebaby.co.nz,https://naturebaby.co.nz,shopify,True,5,1,,bundle|core|Ontempo-Style_NB11048|Ontempo-Uid_427535B4-F38D-492A-8A11-A8164C609592|bundle|Ontempo-Style_NB11182|Ontempo-Uid_FCEC0785-075F-451C-90A2-0D3EA4A4BFA2|Ontempo-Style_NB117172|Ontempo-Uid_77492B02-9AC7-45D0-A0F2-42967EEE3C14|bundle,20.0,99.95
mypharmacy.co.uk,https://mypharmacy.co.uk,woocommerce,True,0,1,,,0,0
weheartnutrition.com,https://weheartnutrition.com,shopify,True,5,1,,bundle&save|HIDE_IN_FABRIKATOR|bundle&save|HIDE_IN_FABRIKATOR|bundle&save|hide-preorder-btn|HIDE_IN_FABRIKATOR|Postmenopause|This groups|bundle&save,84.97,107.97
sub-shop.com,https://sub-shop.com,shopify,True,5,1,,3740|Below $100|Below $25|Below $50|clearance1995|8857|Below $100|Below $25|Below $50|blue,21.95,49.95
redlineautoparts.com,https://redlineautoparts.com,bigcommerce,True,0,1,,,0,0
shopbrumano.com,https://shopbrumano.com,shopify,True,5,1,,AKGBrumano|all-products|BRM-JNR-3588|getcottoncandy|jrss2024|AKGBrumano|all-products|BRM-JNR-3448|getcottoncandy|jrss2024,895.0,3894.0
zensupply.com,https://zensupply.com,bigcommerce,True,0,1,,,0,0
shoprumored.com,https://shoprumored.com,shopify,True,5,1,,#finalsale|donation2026|ffs|final|Final Sale|#finalsale|donation2026|ffs|Final Sale|Holiday,29.4,90.0
mallshoes.co.il,https://mallshoes.co.il,woocommerce,True,0,1,,,0,0
popabrand.com,https://popabrand.com,shopify,True,0,1,,,0,0
teathemes.net,https://teathemes.net,shopify,True,5,1,,Hair&Makeup|Lips|Makeup|Out-Of-Stock|sale|1|2|EU Compliant|Eyes|Gluten Free,10.49,21.97
zafraniglwcream.shop,https://zafraniglwcream.shop,shopify,True,4,1,,,1699.0,2099.0
voltecbd.com,https://voltecbd.com,woocommerce,False,0,1,,,0,0
lotto-sport.com.ua,https://lotto-sport.com.ua,opencart,False,0,1,,,0,0
tigerteamstore.com,https://tigerteamstore.com,shopify,True,5,1,,Brand_Nature Planet|Collection_Gifts & Accessories|Collection_Youth|Color_Black|Color_Gold|Collection_Men's|Color_Cream|Size_L|Size_M|Size_S,4.99,99.99
vapemate.co.uk,https://vapemate.co.uk,shopify,True,5,1,,Active|Active NEW|e-liquids:nicotine-salts|flavour:Fruits|multibuy:3 x E-Liquids for £9|Active|Active NEW|e-liquids:nicotine-salts|flavour:Fruits|multibuy:3 x E-Liquids for £9,3.99,3.99
thewashitapeshop.com,https://thewashitapeshop.com,shopify,True,5,1,,bogos-gift|Art|houses|Nature|nostalgia|original design|Art|houses|Nature|nostalgia,15.95,28.95
vidafurniture.store,https://vidafurniture.store,shopify,True,5,1,,bed-pillow|Brand_Ashley|Collection_Nectar Classic|color_white|consumer-assembly_no-assembly-required|bed-pillow|Brand_Ashley|Collection_DreamCloudTM Classic|color_white|consumer-assembly_no-assembly-required,104.46,2085.72
youteam.io,https://youteam.io,bigcommerce,True,0,1,,,0,0
uniquerustiqueboutique.com,https://uniquerustiqueboutique.com,shopify,True,5,1,,bed-pillow|Brand_Ashley|Collection_Nectar Classic|color_white|consumer-assembly_no-assembly-required|bed-pillow|Brand_Ashley|Collection_DreamCloudTM Classic|color_white|consumer-assembly_no-assembly-required,52.32,1412.07
nbathundershop.com,https://nbathundershop.com,shopify,True,5,1,,apparel|clothing|color_blue|gender_youth|infant|apparel|clothing|color_black|dress|gender_womens,40.0,89.99
theoneapparel.com,https://theoneapparel.com,shopify,True,5,1,,Bulk Uploading|Bulk Uploading|Bulk Uploading|Bulk Uploading|Bulk Uploading,1.99,52.78
workprotools.store,https://workprotools.store,shopify,True,5,1,,__label1:New|Batteries & Chargers|Power Tools|__label1:New|Garden Hand Tools|Lawn & Garden|Glue Gun|Power Tools|__label1:New|Garden Hand Tools,18.99,105.99
patoys.in,https://patoys.in,shopify,True,5,1,,New Arrivals|Non-Returnable items|New Arrivals|Push notification|New Arrivals|New Arrivals|Push notification|New Arrivals,1299.0,17999.0
scotvapes.com,https://scotvapes.com,woocommerce,True,0,1,,,0,0
theonewatches.ws,https://theonewatches.ws,opencart,True,0,1,,,0,0
proswimwear.es,https://proswimwear.es,magento,False,0,1,paypal|adyen,,0,0
vintagewholesalesupplyltd.com,https://vintagewholesalesupplyltd.com,shopify,True,5,1,,Branded|Unbranded|Branded|Unbranded|Unbranded,104.0,365.0
organicstrengthllc.com,https://organicstrengthllc.com,woocommerce,True,0,1,,,0,0
snugglehunnykids.com.au,https://snugglehunnykids.com.au,shopify,True,5,1,,active|BF50|black-friday-2025|BOX30|category_Baby Shower Gifts|active|BF70|BOX70|category_Baby Gifts Under $30|category_Beanies,7.47,29.97
magnumtattoosupplies.co.uk,https://magnumtattoosupplies.co.uk,shopify,True,5,1,,Black_Products|Brand_Proton|Color_Black|colour_black|Consumables|Black & Grey Inks|Bob tyrell|Brand_Intenze|Discount Code|feed-customproduct,4.79,93.59
schmidtspiele-shop.de,https://schmidtspiele-shop.de,magento,False,0,1,,,0,0
ubabybaby.com,https://ubabybaby.com,magento,True,0,1,,,0,0
ngoccuongcomputer.com,https://ngoccuongcomputer.com,woocommerce,True,0,1,,,0,0
sugesswatch.com,https://sugesswatch.com,shopify,True,5,1,,395|analog watch|black|fashion accessory|mechanical watch|401|analog watch|black|fashion accessory|mechanical watch,189.0,499.0
softari.store,https://softari.store,shopify,True,5,1,,collection-hidden|cart-hidden|collection-hidden|collection-hidden,2.99,35.99
toybeta.com,https://toybeta.com,shopify,True,5,1,,,13.86,195.0
skinwell.store,https://skinwell.store,shopify,True,5,1,,,999.0,1999.0
sahirajewelrydesign.com,https://sahirajewelrydesign.com,shopify,True,5,1,,belly chain|bellychain|belt|Body Chain|chain|Earring Studs|Earrings|Gold Earrings|statement earrings|TryNowAutomated,24.0,98.0
shopfares.com,https://shopfares.com,shopify,True,5,1,,Discount-Eligable|Jasmine|Modest Dresses|New Arrivals|RAMADAN2026|Discount-Eligable|Jasmine|Modest Dresses|New Arrivals|RAMADAN2026,105.0,120.0
vapershopbd.com,https://vapershopbd.com,woocommerce,True,0,1,,,0,0
murderapparel.com,https://murderapparel.com,shopify,True,5,1,,T-SHIRTS|CROP TOPS|HOODIES|SWEATSHIRTS|LONG SLEEVE SHIRTS,34.99,59.99
moderndesignerrugs.com,https://moderndesignerrugs.com,shopify,True,0,1,shopify_payments,,0,0
mmsports.com,https://mmsports.com,magento,True,0,1,,,0,0
shopkaraku.com,https://shopkaraku.com,shopify,True,5,1,,202601|hotseller|long sleeve|long TS|new|202504|aloha shirt|casual shirt|hotseller|new,43.99,98.99
vapeobservation.com,https://vapeobservation.com,woocommerce,False,0,1,,,0,0
shopecobambino.com,https://shopecobambino.com,shopify,True,0,1,,,0,0
omidsepahi1008.shop,https://omidsepahi1008.shop,woocommerce,True,0,1,,,0,0
otomax.store,https://otomax.store,shopify,True,5,1,,Mercedes Benz|Honda|Hyundai|Ioniq 5|Lexus|Mazda|Original|Original,2200000.0,15000000.0
samiwatches.com,https://samiwatches.com,woocommerce,True,0,1,,,0,0
stahlkitchens.com,https://stahlkitchens.com,shopify,True,0,1,,,0,0
trueshop.co,https://trueshop.co,shopify,True,0,1,,,0,0
roomanddecor.com,https://roomanddecor.com,shopify,True,5,1,,amazon|batch-23:2026-02-24|black+orange|black+orange - pc|china|batch-23:2026-02-24|cream white|cream white - white - dining room - classic|dateupdated-2026-02-24|dining chair and bench,209.99,349.99
olelectronics.in,https://olelectronics.in,woocommerce,True,0,1,,,0,0
ultimatesneakerstore.be,https://ultimatesneakerstore.be,woocommerce,False,0,1,,,0,0
peachesandcream.co.nz,https://peachesandcream.co.nz,shopify,True,5,1,,00 ADD|Anal Beads|Anal Toys|New In|Shots|00 ADD|Anal Beads|Anal Toys|New In|Shots,21.99,129.99
whitakerschocolates.com,https://whitakerschocolates.com,shopify,True,0,1,,,0,0
wearicy.com,https://wearicy.com,shopify,True,0,1,,,0,0
nextcigar.com,https://nextcigar.com,shopify,True,5,1,,Cubans|meta1a_Cigar Aficionado|meta1b_92|meta1c_Points|meta_yes|Cubans|meta1a_Cigar Aficionado|meta1b_94|meta1c_Points|meta2a_Cigars Lover Mag,420.0,1083.0
texasbootranch.net,https://texasbootranch.net,shopify,True,5,1,,,129.99,129.99
perfectvape.com,https://perfectvape.com,bigcommerce,False,0,1,,,0,0
shahriarpremium.com.bd,https://shahriarpremium.com.bd,shopify,True,0,1,,,0,0
tealula.com,https://tealula.com,shopify,True,0,1,,,0,0
probikeshop.de,https://probikeshop.de,shopify,True,0,1,shopify_payments,,0,0
uniquepiecefurniture.com,https://uniquepiecefurniture.com,shopify,True,0,1,shopify_payments,,0,0
nurturebeautyco.com,https://nurturebeautyco.com,woocommerce,True,0,1,,,0,0
oilcloth.com,https://oilcloth.com,shopify,True,5,1,,#Oneofakind|#recycle|#reusable|#Sustainable|#unique|50|50s|60|60s|70,10.0,31.0
shop-retrowave.at,https://shop-retrowave.at,shopify,True,5,1,,AB|hide|AB|hide|AB|hide|AB|hide|AB|hide,74.95,149.9
retail.org.au,https://retail.org.au,woocommerce,True,0,1,,,0,0
sportmann.no,https://sportmann.no,magento,True,0,1,,,0,0
organicwarehouse.ca,https://organicwarehouse.ca,woocommerce,True,0,1,,,0,0
supplementsolutions.co.uk,https://supplementsolutions.co.uk,magento,False,0,1,,,0,0
thehomestoreofgaylord.com,https://thehomestoreofgaylord.com,shopify,True,5,1,,bed-pillow|Brand_Ashley|Collection_Nectar Classic|color_white|consumer-assembly_no-assembly-required|bed-pillow|Brand_Ashley|Collection_DreamCloudTM Classic|color_white|consumer-assembly_no-assembly-required,79.99,1979.99
luxuryconfidence.com,https://luxuryconfidence.com,shopify,True,0,1,,,0,0
livyandkateclothing.com,https://livyandkateclothing.com,shopify,True,5,1,,Dresses|Floral|midi dress|new 3/31/26|Dresses|Floral|maxi dress|new 3/31/26|bottoms|Jeans,52.5,78.5
thesportstuff.in,https://thesportstuff.in,shopify,True,5,1,,Cricket Jersey|Cricket Jersey|Football Jersey|Cricket Jersey|Football Jersey,600.0,1125.0
teachlikeachampion.org,https://teachlikeachampion.org,woocommerce,True,0,1,,,0,0
lucymakeup.com,https://lucymakeup.com,shopify,True,5,1,,damaged hair|halloween24promo|Shampoo|bapr|damaged hair|Hair Conditioner|Hair Treatment|halloween24promo|bapr|baug,3.59,35.0
paylessfurniturenj.com,https://paylessfurniturenj.com,shopify,True,5,1,,Bed Pillow|Brand_Ashley|Collection_Nectar Classic|Color_White|Consumer Assembly_No Assembly Required|Bed Pillow|Brand_Ashley|Collection_DreamCloudTM Classic|Color_White|Consumer Assembly_No Assembly Required,70.18,1824.94
shopcmss.com,https://shopcmss.com,shopify,True,5,1,,raised sandbox|sand|sand & water|sand and water|sand box|fidget|Product Type_ Fidget Box,13.99,2190.82
uniformateam.com,https://uniformateam.com,shopify,True,5,1,,Shorts|Sport-Tek|YL|YM|Youth|2XL|3XL|4XL|L|M,15.99,34.99
mannatclothing.com,https://mannatclothing.com,shopify,True,5,1,,Chandni-Rat|New Arrivals'25|Chandni-Rat|ML|New Arrivals'25|Chandni-Rat|ML|New Arrivals'25|Chandni-Rat|New Arrivals'25,11999.0,19999.0
mavenwatches.com,https://mavenwatches.com,shopify,True,5,1,,40mm|Case Color_Silver|Case Size_40mm|Engraving|SAVE20|15OFF|Brut.|Case Color_Silver|Case Size_32mm|Leather Color_Brown,168.0,396.0
outletdelcafe.cl,https://outletdelcafe.cl,shopify,True,5,1,,84 Puntos|automatizado|Café 1 kilo|línea envasadora|Outlet del Café|Bundle|Cyber|Cyber OCT 2025|Mix Coffee|Outlet del Café,30500.0,849360.0
paolaparrinellojewellery.com,https://paolaparrinellojewellery.com,shopify,True,5,1,,Collezione Pasqua 26|Nuovi Arrivi|Orecchini a Bottone|Orecchini in Pizzo|Tutti Gli Orecchini|Collezione Pasqua 26|Nuovi Arrivi|Orecchini in Pizzo|Tutti Gli Orecchini|Tutti i Gioielli,30.0,180.0
pcnext.shop,https://pcnext.shop,shopify,True,5,1,,16GB|Windows11対応|デスクトップ|ハイエンド|法人|16GB|A4|over_60k|Windows11対応|ベストセラー,49800.0,87800.0
saferefacciones.shop,https://saferefacciones.shop,shopify,True,5,1,,100% ORIGINAL|auto_BMW|BMW|BOSCH|calidad_100% ORIGINAL|100% Original|auto_BMW|BMW|calidad_100% Original|categorías_Filtros,360.0,3545.0
saigucosmetics.com,https://saigucosmetics.com,shopify,True,0,1,,,0,0
shop-orange.info,https://shop-orange.info,shopify,True,5,1,,Tシャツ|アパレル|トップス|トヨタ|Bagポイント|p10/バックパック|Tシャツ|アパレル|トップス|Tシャツ,3850.0,8250.0
shopdop.in,https://shopdop.in,shopify,True,5,1,,hookah hose|hookah pipe|hookah silicone pipe|Hose|hoses|COCOYAYA Hookah|curious5|designer hookah|Diffuser Hookah|Fancy Hookah,799.0,8250.0
shoponcliq.com,https://shoponcliq.com,shopify,True,5,1,,_silicon_case|custom cover|Motorola Signature 5G|urlbrandchangescript|_silicon_case|custom cover|Motorola Signature 5G|urlbrandchangescript|_silicon_case|custom cover,399.0,399.0
twobrothermenwear.store,https://twobrothermenwear.store,shopify,True,5,1,,blessed friday|deal of the day|dealoftheday|eid collection|ladiessuting|blessed friday|deal of the day|dealoftheday|eid collection|ladiessuting,1750.0,1750.0
vapozoneshop.com,https://vapozoneshop.com,woocommerce,False,0,1,,,0,0
wosadobeauty.com,https://wosadobeauty.com,shopify,True,0,1,,,0,0
nawabishoesbd.com,https://nawabishoesbd.com,shopify,True,5,1,,899 TAKA|All Shoes|beaded mules|block heel mules|Block Heels|1199 TAKA|All Shoes|BEST SELLER|Block Heels|NEW,750.0,1199.0
nokidsstickers.ru,https://nokidsstickers.ru,woocommerce,True,0,1,,,0,0
noorcloset.store,https://noorcloset.store,shopify,True,0,1,,,0,0
osheaherbals.com,https://osheaherbals.com,shopify,True,5,1,,cleanser|cleanser|combos|New|New Launch|new-combos|old-combos|combos|new-combos|old-combos,450.0,1595.0
pipedreamfurniture.co.uk,https://pipedreamfurniture.co.uk,woocommerce,True,0,1,,,0,0
princesscosmeticsqa.com,https://princesscosmeticsqa.com,shopify,True,5,1,,,35.0,70.0
rideshop.cl,https://rideshop.cl,shopify,True,5,1,,Actividad_Ciclismo|Categoría_Ropa MTB|Marca_DMT|Productos_Nuevos|Tipo de Actividad_Ruta / Gravel|Actividad_Ciclismo|Categoría_Ropa MTB|Marca_DMT|Productos_Nuevos|Tipo de Actividad_Ruta / Gravel,42890.0,460000.0
shopfemmedebloom.com,https://shopfemmedebloom.com,shopify,True,5,1,,drop earrings,8.5,15.0
wineandbeyond.ca,https://wineandbeyond.ca,shopify,True,5,1,,,25.99,53.99
zuqo.shop,https://zuqo.shop,shopify,True,0,1,,,0,0
michailidisshoes.com,https://michailidisshoes.com,prestashop,True,0,1,,,0,0
osportas.lt,https://osportas.lt,shopify,False,0,1,,,0,0
tokyocrafts.jp,https://tokyocrafts.jp,shopify,True,5,1,,rental|一覧非表示|rental|一覧非表示|rental|一覧非表示|rental|一覧非表示|フィールドギア|新商品,1000.0,107910.0
scheidfamilywines.com,https://scheidfamilywines.com,shopify,True,0,1,,,0,0
vdl-sports.be,https://vdl-sports.be,magento,False,0,1,,,0,0
signaturemenswear.com,https://signaturemenswear.com,shopify,True,5,1,,1920|2PC|Basic|Blue|Classic|1920|2PC|Basic|Black|Classic,179.0,199.0
watchfactory.com.au,https://watchfactory.com.au,shopify,True,5,1,,__label1:New|Hardened Mineral|Leather|New|Olivia Burton|__label1:New|Gold|Hardened Mineral|Leather|New,183.0,263.0
theorganicpharmacy.com,https://theorganicpharmacy.com,bigcommerce,True,0,1,klarna,,0,0
todaysdiscountfurniture.net,https://todaysdiscountfurniture.net,shopify,True,5,1,,Brand_Poundex|color_beige|color_black|color_brown|color_chocolate|color_grey|Corduroy|lifestyle|manual_manual-recliner|Room_Living Room,299.99,1959.99
telxcomputers.com,https://telxcomputers.com,woocommerce,False,0,1,,,0,0
marketoy.com,https://marketoy.com,magento,True,0,1,,,0,0
orienticaperfumes.com,https://orienticaperfumes.com,shopify,True,5,1,,usa_Ajman Industrial 1|usa_Corner No.1|usa_Industrial Area 1|usa_UNITED STATES|usa_Ajman Industrial 1|usa_Corner No.1|usa_Industrial Area 1|usa_UNITED STATES|usa_Ajman Industrial 1|usa_Corner No.1,100.0,175.0
paris-store.com,https://paris-store.com,woocommerce,False,0,1,,,0,0
mysecretluxury.com,https://mysecretluxury.com,woocommerce,False,0,1,,,0,0
nutratea.co.uk,https://nutratea.co.uk,woocommerce,True,0,1,,,0,0
skyfiaudio.com,https://skyfiaudio.com,shopify,True,5,1,,Modern|New|New|Pre-Owned|Solid State|Vintage|Hybrid Drive|Modern|Pre-Owned|Pre-Owned,449.0,13364.0
tokki-shop.de,https://tokki-shop.de,shopify,True,5,1,,N1|POB|PRE-ORDER|N1|PRE-ORDER|N1|PRE-ORDER|N2|PRE-ORDER|N1,16.95,33.95
maxprofitness.in,https://maxprofitness.in,shopify,True,5,1,,treadmill|ai bike|Commercial Spin Bike|exercise bike|Maxpro Spin Bike|Spin bike|hide-price|Strength|Strength Equipment|hide-price,23999.0,65999.0
momperfume.in,https://momperfume.in,shopify,True,5,1,,,850.0,3650.0
naguirreshop.com.br,https://naguirreshop.com.br,shopify,True,5,1,,kit-enabled|kit-handle:macaquinho-regata-com-bolsos-midi-malha-fria-dani|kit-master|kit-enabled|kit-handle:vestido-verona|kit-master|kit-enabled|kit-handle:vestido-antonella-em-malha-confort-deluxe|kit-master,39.95,329.7
nextedgepk.store,https://nextedgepk.store,shopify,True,5,1,,,999.0,2999.0
perfumegyaan.com,https://perfumegyaan.com,woocommerce,False,0,1,,,0,0
ropestore.com.br,https://ropestore.com.br,shopify,True,5,1,,alvo para bola|equipamentos de condicionamento físico|medicine ball|wall ball|elevação pélvica|maquina para elevação|Strength|Sled|Trenó|bolsa de peso,278.1,19710.0
shopknotty.co,https://shopknotty.co,shopify,True,5,1,,Best Seller Underwear|EBFCM_Undies|RGroup_bechill|sale_undies|Singleundies|Best Seller Underwear|Briefs|EBFCM_Undies|old_spooky_undies|RGroup_bechill,5.0,20.0
thebrandsclub.com,https://thebrandsclub.com,shopify,True,5,1,,50OFF|AVANCE26|AZUL|BTG2026|BTS-GENERAL2026|30OFF|AVANCE26|AZUL|BTG2026|BTS-GENERAL2026,6990.0,11490.0
ventilatieshop.be,https://ventilatieshop.be,magento,True,0,1,,,0,0
vitaminnagyker.hu,https://vitaminnagyker.hu,woocommerce,False,0,1,,,0,0
wargameportal.com,https://wargameportal.com,shopify,True,5,1,,Basing|hexforge|Miniature Bases|printologylabs|Shopify Collective|AD0314|Black Library|Trade Program|AD0314|Black Library,0.75,21.5
wilsonsestatejewelry.com,https://wilsonsestatejewelry.com,shopify,True,5,1,,14k Gold|1910|Antique|Cabochon|Diamond|1950|Contemporary|Diamond|Engagement Rings|Modern,1950.0,3500.0
tomsonelectronics.com,https://tomsonelectronics.com,shopify,True,5,1,,12V to 5V USB|24V to 5V Converter|5V 2A Charger|DC-DC Step Down|New|H21A1|IR Switch|New|Optical Limit Switch|Opto Interrupter,3.0,199.0
us-elitegear.com,https://us-elitegear.com,shopify,True,5,1,,arcteryx-essentials|color-all-black|color-alu-deep-black|color-asphalt|color-black|new-release|smartwool|socks|spo-cs-disabled|spo-default,18.0,200.0
upscalehobbies.com,https://upscalehobbies.com,shopify,True,5,1,,Gundam|Gundam Paradise|MG|Armies of Chaos|Black Friday Minis|Chaos Space Marines|Combat Patrol|Start Here|Black Friday Minis|Forces Of The Emperor,39.95,255.0
onlinesupply.com,https://onlinesupply.com,magento,False,0,1,,,0,0
wurzelwerk-shop.com,https://wurzelwerk-shop.com,shopify,True,5,1,,Abobox|ADVK Einzel|April|Doppelgrabegabel einzeln|Druckeinkochtopf einzeln|Abobox|ADVK Einzel|Doppelgrabegabel einzeln|Druckeinkochtopf einzeln|Für den Balkon geeignet,4.49,29.99
shoestreet.pk,https://shoestreet.pk,shopify,True,5,1,,1mar2026|Air cooled memory foam|casual|custom_label|New Arrivals|1mar2026|Arch Fit|casual|cushioned luxe foam_women|custom_label,23580.0,30420.0
wigisfashion.com,https://wigisfashion.com,shopify,True,5,1,,"9""|all-direction|brunette-wig|brunette-wigs|character|10""|any-direction|brown-wig|brown-wigs|CS",51.35,117.0
shopevotech.de,https://shopevotech.de,shopify,True,5,1,,collection-hidden|search-hidden|collection-hidden|search-hidden,19.95,149.95
paluten.store,https://paluten.store,shopify,True,5,1,,Marke_Paluten|Produktkategorie_Kuscheltiere|continue selling|Marke_Paluten|Produktkategorie_Bücher|continue selling|Marke_Paluten|Produktkategorie_Bücher|Els PW 26454|Kategorie_YouTube,12.9,49.99
shopatkings.com,https://shopatkings.com,shopify,True,5,1,,10/28-BXR|BEANIE|beanies|HEADWEAR|NEW ARRIVAL|10/28-BXR|BEANIE|beanies|HAT|HATS,38.0,130.0
saltiregames.com,https://saltiregames.com,shopify,True,5,1,,dice|Dice & Game Aides|dnd dice|hymgho|new_260305|dice|Dice & Game Aides|dnd dice|hymgho|new_260305,9.99,19.99
serica-watches.com,https://serica-watches.com,shopify,True,5,1,,5330|6190|6190,100.0,1690.0
shopneighbour.com,https://shopneighbour.com,shopify,True,5,1,,Canada|clothing|denim womens|gastown|Neighbour|Canada|cawley|cawley studio|clothing|gastown,550.0,930.0
spiritstore.co.uk,https://spiritstore.co.uk,magento,False,0,1,,,0,0
snarkytea.com,https://snarkytea.com,shopify,True,5,1,,best sellers|Caffeine Free|Herbal Tea|best sellers|Green Tea|Medium Caffeine|TOTM|Caffeine Free|Herbal Tea,5.99,34.99
teamskiwear.com,https://teamskiwear.com,woocommerce,True,0,1,,,0,0
offe.market,https://offe.market,shopify,True,5,1,,april26-new|CATEGORY:Shoes|festivalszn|OFFE-OWNED|shoes|april26-new|CATEGORY:Shoes|OFFE-OWNED|shoes|springedit26,74.0,140.0
sandpipershoes.com,https://sandpipershoes.com,magento,True,0,1,,,0,0
organicnailbar.us,https://organicnailbar.us,woocommerce,True,0,1,,,0,0
watchesqatar.com,https://watchesqatar.com,shopify,True,5,1,,,550.0,1400.0
vbeltsupply.com,https://vbeltsupply.com,magento,True,0,1,,,0,0
teecommerce.shop,https://teecommerce.shop,shopify,True,5,1,,,143.65,550.0
reboots.com,https://reboots.com,shopify,True,5,1,,rent|rent-buyout|rent|rent-active|rent|rent|rent-buyout|rent|rent-active,50.0,1099.0
sportlava.com,https://sportlava.com,woocommerce,True,0,1,,,0,0
richardjacksonsgarden.co.uk,https://richardjacksonsgarden.co.uk,woocommerce,True,0,1,,,0,0
shopalexis.com,https://shopalexis.com,shopify,True,5,1,,Size_L|Size_M|Size_S|Size_XL|Size_XS|Size_L|Size_M|Size_S|Size_XS|Size_XXS,495.0,965.0
veinygalaxy.shop,https://veinygalaxy.shop,woocommerce,False,0,1,,,0,0
shopkynah.com,https://shopkynah.com,shopify,True,5,1,,4-6 Weeks|Final Sale|Made to Order|Neutrals|S|Final Sale|Ready to Ship|4-6 Weeks|Final Sale|Ready to Ship,74.0,835.0
marsupialgear.com,https://marsupialgear.com,shopify,True,5,1,,BFCMSpecial|Bino|new|Retail|ugly|Leupold|Retail|Sunglasses|UPS|Leupold,45.0,240.0
rockbrookcamera.com,https://rockbrookcamera.com,shopify,True,5,1,,Brand_Wandrd|Style_Sling Bags|Brand_Wandrd|Style_Sling Bags|Brand_Wandrd|Style_Sling Bags,64.95,179.0
pinglighting.com,https://pinglighting.com,prestashop,True,0,1,,,0,0
rococlothing.co.uk,https://rococlothing.co.uk,bigcommerce,True,0,1,,,0,0
minibikes.store,https://minibikes.store,opencart,True,0,1,,,0,0
petsupplementsdirect.com,https://petsupplementsdirect.com,woocommerce,True,0,1,,,0,0
thefurniture-nest.com,https://thefurniture-nest.com,shopify,True,5,1,,Assembly:Fully Assembled|Assembly_Fully Assembled|Bedroom|Beds|Brand:Signature Design By Ashley®|Assembly:Fully Assembled|Assembly_Fully Assembled|Bedroom|Brand:Signature Design By Ashley®|Brand_Signature Design By Ashley®,749.98,1169.98
vermontskiandsport.com,https://vermontskiandsport.com,shopify,True,5,1,,Brand_Swix|Condition_New|Discipline_Splitboard Touring|Gender_Men's|Gender_Unisex|Boot Soles_GripWalk|Brand_Kastle|Condition_New|Flex Index_100|Gender_Men's,199.99,399.99
unrealsnacks.com,https://unrealsnacks.com,shopify,True,5,1,,cyan|variety-pack|fair trade|gluten-free|kosher|non-gmo|red|pink,15.49,52.67
trewaudio.com,https://trewaudio.com,woocommerce,True,0,1,,,0,0
villagefurnitureny.com,https://villagefurnitureny.com,shopify,True,5,1,,bed-pillow|Brand_Ashley|Collection_Nectar Classic|Color_White|consumer-assembly_no-assembly-required|bed-pillow|Brand_Ashley|Collection_DreamCloudTM Classic|Color_White|consumer-assembly_no-assembly-required,66.96,1058.0
shopbrickcraft.com,https://shopbrickcraft.com,shopify,True,5,1,,Bundle|spo-cs-disabled|spo-default|spo-disabled|spo-notify-me-disabled|Bundle,5.99,24.99
npwines.com,https://npwines.com,shopify,True,5,1,,Best Value|Bottle Size|750ml|Bottles per Case|12|heinrich|homepage|Best Value|Bottle Size|750ml|Bottles per Case|12|Boxing_Day|Fall Favourites,320.4,416.4
my-shop.co.il,https://my-shop.co.il,woocommerce,False,0,1,,,0,0
tapxphone.com,https://tapxphone.com,woocommerce,False,0,1,,,0,0
smokefrostio.com,https://smokefrostio.com,woocommerce,True,0,1,,,0,0
satelliteteams.com,https://satelliteteams.com,woocommerce,False,0,1,,,0,0
samsungselfrepair.shop,https://samsungselfrepair.shop,magento,False,0,1,,,0,0
wardrobefashion.com,https://wardrobefashion.com,magento,True,0,1,,,0,0
sportdinaco.com,https://sportdinaco.com,bigcommerce,False,0,1,,,0,0
starfirebodyjewelry.com,https://starfirebodyjewelry.com,shopify,True,5,1,,autoclave|Basic|family|option-sizes|promos & sale eligible|autoclave|Basic|family|option-sizes|promos & sale eligible,33.0,99999.0
mojomotosport.com,https://mojomotosport.com,shopify,True,5,1,,ATV/UTV|UTV|UTV/ATV|ATV/UTV|UTV|UTV/ATV|ATV/UTV|UTV|UTV/ATV|ATV/UTV,119.99,291.99
medpak.shop,https://medpak.shop,shopify,True,5,1,,bath soap|cream|eye cream|face cream|lip balm|bath soap|cream|face cream|gift sets|Hair Cream,5.99,26.79
naoko-store.com,https://naoko-store.com,shopify,True,5,1,,INFINITY|Nakładka_Biała_BEST|Omnibus: Not on sale|shadesofinfinity|Sukienki i spódnice|długa sukienka|kolekcjapaula25|kolorowa sukienka|letnia sukienka|luźna sukienka,23.0,111.0
partysuppliesindia.com,https://partysuppliesindia.com,shopify,True,5,1,,Spiderman theme|Spiderman theme|Spiderman theme|Spiderman theme,999.0,6399.0
tucokids.com,https://tucokids.com,shopify,True,5,1,,don't show verifast|no-search|don't show verifast|no-search|don't show verifast|no-search|don't show verifast|no-search,150.0,315.0
wildgear.it,https://wildgear.it,shopify,True,5,1,,magnum|nuovi arrivi|Scarpe e Scarponi Militari|scarponi|magnum|nuovi arrivi|Scarpe e Scarponi Militari|scarponi|magnum|nuovi arrivi,70.0,135.0
winkbeauty.pl,https://winkbeauty.pl,woocommerce,True,0,1,,,0,0
xiaomi-store.co.ke,https://xiaomi-store.co.ke,woocommerce,True,0,1,,,0,0
missionerde.shop,https://missionerde.shop,shopify,True,5,1,,Aprilscherz|cream|Mission Erde|Nachhaltig|Oberteil|Herren|Hoodie|Kapuze|Kapuzenpullover|Mission Erde,35.0,89.0
procoffeegear.com,https://procoffeegear.com,shopify,True,5,1,,Below15|DNS|Low_Stock|mahlkonig|Mahlkonig Parts|Category_Accessories|EK43|EK43 S|EKK43|Grinder Model_EK43,8.99,168.99
rescue-supply.com,https://rescue-supply.com,shopify,True,5,1,,Brand_First Aid Only|Pack_size_10|Tag_Free-Ship|Type_ANSI Compliant|Type_First Aid Kits|Brand_Jorgensen Labs|Pack_size_5|Brand_Phillips Safety|Ships_5-7_Days|Type_Eyeglasses,55.95,202.95
sewingmachineshop.com,https://sewingmachineshop.com,woocommerce,True,0,1,,,0,0
selectshootingsupplies.com,https://selectshootingsupplies.com,bigcommerce,True,0,1,,,0,0
robertfranz.shop,https://robertfranz.shop,shopify,True,5,1,,Set,18.0,99.0
thebathroomaccessorycompany.com,https://thebathroomaccessorycompany.com,shopify,True,5,1,,Brand_McAlpine|Colour / Finish_Chrome|Material_Plastic|Style_Round|Type_Shower Traps Accessories|Brand_McAlpine|Colour / Finish_Brushed Brass|Material_Brass|Style_Round|Type_Basin Wastes,1.47,30.01
regenorganic.org,https://regenorganic.org,woocommerce,True,0,1,,,0,0
sukooonwellness.com,https://sukooonwellness.com,shopify,True,5,1,,bones & joints health|hypertension|relaxant|stress relief|hypertension|relaxant|stress relief|bones & joints health,1250.0,4500.0
rupertsfurniture.com,https://rupertsfurniture.com,shopify,True,5,1,,Assembly:Fully Assembled|Assembly_Fully Assembled|Bedroom|Beds|Brand:Signature Design By Ashley®|Assembly:Fully Assembled|Assembly_Fully Assembled|Bedroom|Beds|Brand:Signature Design By Ashley®,950.99,1500.99
synergymarketingmix.com,https://synergymarketingmix.com,woocommerce,False,0,1,,,0,0
mundofitness.es,https://mundofitness.es,magento,True,0,1,,,0,0
murisbrand.com,https://murisbrand.com,shopify,True,5,1,,Aruba|Aruba Mini|Mini|Shoes|Aruba|Aruba Mini|Mini|Shoes|Aruba|Aruba Mini,34.0,34.0
tcksports.com,https://tcksports.com,shopify,True,5,1,,collegiate|crew|new launch|tck-size-chart-all|uconn|basic|basketball|Color_Black|Color_White|crew,17.99,49.99
sportiger.de,https://sportiger.de,shopify,True,5,1,,22/23|Authentic|Bayern München|Bundesliga|Fc Bayern München|FC Liverpool - Sonstige|FC Liverpool - Sonstige|AC Florenz|Pre-Match|Trikot,29.75,119.9
winefolder.com,https://winefolder.com,shopify,True,5,1,,Rare Bourbon|Rare Bourbon|Instore|Instore,23.99,129.99
powerboatsupply.com,https://powerboatsupply.com,bigcommerce,True,0,1,,,0,0
mcielectronics.cl,https://mcielectronics.cl,woocommerce,False,0,1,,,0,0
whacksports.com.au,https://whacksports.com.au,shopify,True,5,1,,meta-filter-Brand-Reebok|meta-filter-Price-$150 to $200|meta-filter-Size-Senior|meta-filter-Type-EW Bat|meta-filter-Brand-Reebok|meta-filter-Price-$200 to $300|meta-filter-Size-Senior|meta-filter-Type-EW Bat|meta-filter-Brand-WHACK|meta-filter-Price-$300 to $500,169.0,357.0
nm-shop.by,https://nm-shop.by,opencart,False,0,1,,,0,0
seltmann-shop.de,https://seltmann-shop.de,magento,True,0,1,,,0,0
shop-seelenschmuck.at,https://shop-seelenschmuck.at,shopify,True,5,1,,birthstone-january|color-pink|color-rosegold|color-silver|color-yellowgold|Armband|Schwarzer Obsidian|Emperor Stein Tiger Auge|Schwarzer Obsidian|edelsteine bedeutung,6.9,59.9
plentyofgames.com.au,https://plentyofgames.com.au,shopify,True,5,1,,Booster Box|Grand Archive|releases 3/4/2026|Booster Box|Grand Archive|releases 3/4/2026|Booster Box|Grand Archive|releases 3/4/2026|Booster Box,14.0,70.0
superbrands.com,https://superbrands.com,woocommerce,True,0,1,,,0,0
maisondesigners.com,https://maisondesigners.com,woocommerce,True,0,1,paypal,,0,0
y2k-streetwear.com,https://y2k-streetwear.com,shopify,True,5,1,,Femme|Homme|Unisexe|Femme|Homme|Unisexe|Femme|Homme|Unisexe|Femme,21.99,196.99
thegreenbeautyconcept.com,https://thegreenbeautyconcept.com,shopify,True,5,1,,Antipodes|Champô|CrueltyFree|novida|Novidades|Amaciador|Antipodes|CrueltyFree|Cuidados de Cabelo|Novidades,37.0,48.0
roble.store,https://roble.store,shopify,True,5,1,,arvik|vitrina|Geneva|vitrina|Geneva|vitrina|Mesa de comedor|Mesa extensible|redonda|Aparador,890.0,1560.0
rrfurniturelv.com,https://rrfurniturelv.com,shopify,True,0,1,,,0,0
spacelifestore.in,https://spacelifestore.in,shopify,True,5,1,,,699.0,999.0
sportpacks.de,https://sportpacks.de,shopify,True,5,1,,privat|s|m|privat|m|privat|privat|xl|privat|s,38.0,78.0
smokeyhilldesigns.com,https://smokeyhilldesigns.com,shopify,True,5,1,,1.9drop|Angela's birthday|art scene|art scenes|birthday|1.9drop|Angela's birthday|art scene|art scenes|birthday,12.0,30.0
perfume-essence.com,https://perfume-essence.com,magento,False,0,1,,,0,0
teachbetweenthelines.org,https://teachbetweenthelines.org,woocommerce,True,0,1,,,0,0
socalbrewingsupply.com,https://socalbrewingsupply.com,shopify,True,5,1,,all-equipment|brewing-equipment|pump-plumbing|spike|all-equipment|brewing-equipment|pump-plumbing|spike|all-equipment|brewing-equipment,6.99,330.0
v2brand.it,https://v2brand.it,shopify,True,5,1,,donna|outlet|ss24|ss25|donna|olympic rainbow|ss26|suola-colorata|tessuto|abbigliamento,39.0,129.0
sprecherbrewery.com,https://sprecherbrewery.com,shopify,True,5,1,,Cans|Cans|Reduced Calories,37.99,37.99
tetongear.com,https://tetongear.com,shopify,True,5,1,,Above the Line|accessory|Amazon Only|canvas tent|Discounts Allowed|Above the Line|accessory|Amazon Only|bestsellers-resort|canvas tent,29.99,755.99
luksusbaby.no,https://luksusbaby.no,shopify,True,5,1,,PIM_CategoryId_1123|PIM_CategoryId_2123|PIM_CategoryId_2332|PIM_CategoryId_242|PIM_CategoryId_243|PIM_CategoryId_1078|PIM_CategoryId_127|PIM_CategoryId_131|PIM_CategoryId_2048|PIM_CategoryId_2076,97.0,969.0
marteye.ie,https://marteye.ie,wix,False,0,1,,,0,0
mightylancergames.co.uk,https://mightylancergames.co.uk,shopify,True,5,1,,2-5 players|Age 8+|ages 8+|all games|big potato games|2-5 players|6+|All Card Games|all games|big potato games,9.99,29.99
ochomefurniture.com,https://ochomefurniture.com,magento,False,0,1,,,0,0
omycosmetics.com,https://omycosmetics.com,shopify,True,5,1,,Non-Perso|subscription|Sur mesure|cleanse|Collection|Nettoyants|Non-Perso|subscripiton|exclude-recommendations|mini,13.99,349.99
rev9autosport.com,https://rev9autosport.com,magento,True,0,1,,,0,0
rubinokids.com,https://rubinokids.com,shopify,True,5,1,,134022882|2TBCT52|2TBCT52X88|Abbigliamento|Baby girl|10002391A04767|10002391A047672B020|137705965|2B020|Abbigliamento,55.0,183.0
stansshoes.com,https://stansshoes.com,shopify,True,5,1,,Dress|New|price-processed|Women's|Dress|New|price-processed|Women's|Casual|New,100.0,165.0
taylorswift-store.fr,https://taylorswift-store.fr,shopify,True,5,1,,holisnow|oli52|holitiny|oli52|holitiny|oli52|holitiny|oli52,44.99,90.0
teamtime.shop,https://teamtime.shop,shopify,True,5,1,,collection: Home page|collection: SO-CAL WILDFIRE RESPONSE 20497272|how-did-you-hear-about-us: Instagram|military|or Fire|collection: Home page|collection: SO-CAL WILDFIRE RESPONSE 20497272|how-did-you-hear-about-us: Instagram|military|or Fire,24.99,54.99
thelightingshoppe.ca,https://thelightingshoppe.ca,shopify,True,5,1,,Bulbs|Category_Bulbs|LED Bulbs|LED Bulb|LED Bulbs|Bulb|Bulbs|Category_Bulbs|LED Bulb|LED Bulbs,3.99,599.95
thissporty.com,https://thissporty.com,woocommerce,True,0,1,,,0,0
tuningsupply.com,https://tuningsupply.com,shopify,True,5,1,,CaseLotQuantity:1|ClearanceItem:N|LTL:N|MPN:GH-1226|Non-CARB:N|CaseLotQuantity:1|ClearanceItem:N|Drivetrain>Differential Install Kits|LTL:N|metafield_updated,145.16,1195.47
vascyclingboutique.com,https://vascyclingboutique.com,shopify,True,5,1,,2026|abus|2026|2026|gobikwarm26|2025|bfgobik40|gobikwarm25|newarrival|2025,80.0,2549.0
victordecor.com.br,https://victordecor.com.br,opencart,False,0,1,,,0,0
royalvapes.co.uk,https://royalvapes.co.uk,shopify,True,5,1,,Big Puff|Grape|Blueberry|NON|Apple|Watermelon|Apple|Cherry|Lemon|NON,2.99,12.0
theboardgamehut.co.uk,https://theboardgamehut.co.uk,shopify,True,5,1,,,3.0,119.76
toppedtoys.com,https://toppedtoys.com,shopify,True,5,1,,breaker|buttplug|Depth|Dildo|Inventory|exclude_rebuy|klaviyo_reviews_exclude|NOREVIEWS|Inventory|Monster,1.5,395.0
shopfactorylinks.com,https://shopfactorylinks.com,shopify,True,5,1,,2000|2001|2002|2003|2004|1989|1990|1991|1992|1993,25.0,34.0
tritex-games.co.uk,https://tritex-games.co.uk,woocommerce,True,0,1,,,0,0
panzerawatches.com,https://panzerawatches.com,shopify,True,5,1,,L43G|Rubber|strap-22|Straps|TIME MASTER 45 CHRONO STRAPS|L43G|Rubber|strap-22|Straps|L43G,110.0,130.0
moonlightandsageshop.com,https://moonlightandsageshop.com,shopify,True,5,1,,black_obsidian|crystal_carving|crystals,17.0,35.0
pharmaciedesteinfort.com,https://pharmaciedesteinfort.com,magento,True,0,1,,,0,0
shoplari.com,https://shoplari.com,shopify,True,5,1,,,24.99,49.99
torchhemp.com,https://torchhemp.com,shopify,True,5,1,,2.5g|Disposable|Indica|New|Sweet|2.5g|Disposable|Indica|New|Thc-A,26.99,26.99
solarway.shop,https://solarway.shop,shopify,True,5,1,,1800 Watt|balkonkraftwerk|ecoflow|mit-batterie|sale|kabel|zubehoer|g-ads|HIDDEN|idealo,21.99,1580.0
silixwear.com,https://silixwear.com,shopify,True,5,1,,,12.9,35.0
runningusa.org,https://runningusa.org,woocommerce,True,0,1,,,0,0
manggear.com,https://manggear.com,shopify,True,0,1,shopify_payments,,0,0
wool-bedding.com,https://wool-bedding.com,shopify,True,0,1,,,0,0
thegametree.co.nz,https://thegametree.co.nz,shopify,True,0,1,,,0,0
zarghoon.shop,https://zarghoon.shop,shopify,True,0,1,,,0,0
thegiftbux.com,https://thegiftbux.com,woocommerce,True,0,1,,,0,0
sxfitness.in,https://sxfitness.in,woocommerce,True,0,1,,,0,0
lifestylefurniture.co.nz,https://lifestylefurniture.co.nz,shopify,True,5,1,,__label:Easter-Sale|DRESSERS|google shopping|__label:Easter-Sale|CORNER SUITES|google shopping|LOUNGE SUITES|__label:Easter-Sale|CORNER SUITES|google shopping,149.0,1349.0
lightingdirect.co.nz,https://lightingdirect.co.nz,bigcommerce,False,0,1,,,0,0
likemoon.shop,https://likemoon.shop,shopify,True,5,1,,hair-care|hair-cream|hair-mask|hair-styling|likemoon-offers|Gift-Cards|Gift-Cards,47.86,3000.0
lilyandmeclothing.com,https://lilyandmeclothing.com,shopify,True,5,1,,Clothing|Colour Group: Brown|Colour: Mocha|Dresses|Dresses With Pockets|Clothing|Colour Group: Navy|Colour: Navy|Dresses|Dresses With Pockets,6.0,75.0
limans.shop,https://limans.shop,opencart,True,0,1,,,0,0
liogames.com,https://liogames.com,woocommerce,True,0,1,,,0,0
locomotivepartssupply.com,https://locomotivepartssupply.com,shopify,True,5,1,,Bells & Horns|Listing site - US|Used|Whistles|Bells & Horns|Listing site - US|Used|Whistles|Bells & Horns|Listing site - US,19.95,1749.95
lofloristsupplies.com,https://lofloristsupplies.com,bigcommerce,True,0,1,,,0,0
logitechstore.com.co,https://logitechstore.com.co,shopify,True,5,1,,939-002217|Accesorios para PC Gaming|Audífonos|Consolas y Videojuegos|Logitech|941-000111|Accesorios para PC Gaming|Computación|Controles para Gamers|Logitech,1359900.0,1859900.0
lojazayon.shop,https://lojazayon.shop,shopify,True,5,1,,detector de objetos ocultos|melhor oculos bloqueador de luz azul|melhores oculos anti luz azul|oculos anti azul|oculos anti azul funciona|birken|Birken Maibulun|medidas1|papete|sandalia masculina,137.9,249.9
londonbeauty.hu,https://londonbeauty.hu,shopify,True,5,1,,pro|pro|akciós|pro|pro|pro,990.0,26990.0
lottosport.in,https://lottosport.in,shopify,True,5,1,,Black|Flat|Footwear|Kids|Lace-Up|Flat|Footwear|Kids|Lace-Up|master,2099.0,2999.0
lotusfashions.in,https://lotusfashions.in,shopify,True,5,1,,Lounge wear|size-2xl|size-3xl|size-l|size-m|Maternity Wear|size-2xl|size-l|size-m|size-s,395.0,449.0
lovebrands.hu,https://lovebrands.hu,opencart,False,0,1,,,0,0
lovecraftgift.com,https://lovecraftgift.com,shopify,True,5,1,,200off|In a Frame|price & offer|200off|In a Frame|price & offer|200off|In a Frame|price & offer|200off,779.0,979.0
lovingcrafts.in,https://lovingcrafts.in,shopify,True,5,1,,album|Anniversary|anniversary album|anniversary gift|anniversary gifts|3d Miniature|best-seller|Birthday|Birthday Frame|birthday gift,300.0,3099.0
lucirajewelry.com,https://lucirajewelry.com,shopify,True,5,1,,14KT|18KT|Casual Rings|Comfort|Diamond rings|14KT|18KT|Casual Rings|Comfort|Diamond rings,23366.0,80237.0
luckykiddo.si,https://luckykiddo.si,shopify,True,5,1,,D50|December-30|FASHIONCOLLECTION|Jan-30|Kratke majice,8.39,21.69
luffytoys.cl,https://luffytoys.cl,shopify,True,5,1,,Sobre $100.000|Bandai|Bandai Hobby|Black 40|Cyber Monday 2025|Digimon|$10.000 - $19.990|Bandai Hobby|Cyber Day 40|Cyber Monday 2025,11992.0,599990.0
luxuryfashioncoco.com,https://luxuryfashioncoco.com,woocommerce,True,0,1,,,0,0
lysports.com,https://lysports.com,woocommerce,True,0,1,,,0,0
m-martin.fr,https://m-martin.fr,shopify,True,5,1,,cadeau,0.9,49.9
madofficialstore.shop,https://madofficialstore.shop,shopify,True,5,1,,summer tracksuit|summer tracksuit|summer tracksuit|summer tracksuit|summer tracksuit,2490.0,3990.0
maenwatches.com,https://maenwatches.com,shopify,True,5,1,,,39.0,1123.75
magnacosmetics.co,https://magnacosmetics.co,woocommerce,True,0,1,,,0,0
mahifashions.com,https://mahifashions.com,woocommerce,True,0,1,,,0,0
maisonpetiteandbold.com,https://maisonpetiteandbold.com,bigcommerce,True,0,1,,,0,0
mallewear.com,https://mallewear.com,shopify,True,5,1,,5% Tax|accessories|Socks|SS25OC109|accessories|Socks|SS25OC110|accessories|Socks|SS25OC108,349.0,349.0
mamymarket.com,https://mamymarket.com,shopify,True,5,1,,Bras|Brasieres|Health & Beauty|Trainer Vest|Vest|Health & Beauty|Health & Beauty|Household,19.99,46.99
manamchocolate.com,https://manamchocolate.com,shopify,True,5,1,,Hyderabad Workshop|easter|Hyderabad Workshop|World Chocolate Day|Delhi Workshop|easter|World Chocolate Day,100.0,2500.0
mardomdecor.com,https://mardomdecor.com,woocommerce,False,0,1,,,0,0
marketfuse.store,https://marketfuse.store,shopify,True,5,1,,,899.0,899.0
martclothing.com,https://martclothing.com,shopify,True,5,1,,4262267|4262267|4262270|4262270|4262271,109.0,129.0
martexgrup.com.ua,https://martexgrup.com.ua,woocommerce,False,0,1,,,0,0
marthalondon.com,https://marthalondon.com,shopify,True,5,1,,7-stock|W-Casual|W-Maxi|4-stock|W-Autumn|W-Sweaters|5-stock|W-Lounge|4-stock|W-Lounge,32.99,54.99
marticollection.pt,https://marticollection.pt,shopify,True,5,1,,bf-2025-15|drop-021025|fw25|ny_collection|SETS | TOTAL LOOK|_label:New|dresses|drop-210625|party_collection|Blouse | Shirt,32.5,89.9
martinecosmetics.com,https://martinecosmetics.com,shopify,True,5,1,,badge2_NEW|badge2_-50%|fonds de tiroir|badge2_-50%|fonds de tiroir|badge2_-50%|fonds de tiroir|badge2_-50%|fonds de tiroir,9.95,29.95
martinhome.gr,https://martinhome.gr,woocommerce,True,0,1,,,0,0
martiso.com,https://martiso.com,shopify,True,5,1,,cleaner brush|cleaning eraser|cleaning foam|cleaning kitchen sponge|cleaning materials|beauty products|body care products|callus remover|callus remover for feet|care skin care,699.0,899.0
martynotechnika.lt,https://martynotechnika.lt,opencart,False,0,1,,,0,0
maryjames-jewelry.com,https://maryjames-jewelry.com,shopify,True,5,1,,pearls|pearls|pearls|pearls|pearls,49.0,82.0
masarratmakeup.com,https://masarratmakeup.com,shopify,True,5,1,,bundle|lips|Spring Sale|bundle|lips|Spring Sale|lips|shop|sign lip liner|lips,1099.0,3567.0
maskmantoys.com,https://maskmantoys.com,shopify,True,5,1,,10km range drone|130 drone|4k drone|600 drone|8k drone|Camera fighter plane|Camera rc plane|Fighter jet|Fighter plane|Holi fighter het,1450.0,9900.0
matekitchen.com,https://matekitchen.com,woocommerce,False,0,1,,,0,0
maxifashion.bg,https://maxifashion.bg,shopify,True,5,1,,MagicNew|MagicNew23|MagicPantaloni|mcspring|novinki|MagicNew|MagicNew23|MagicPantaloni|novinki|MagicNew,24.99,59.99
maximawatches.com,https://maximawatches.com,shopify,True,5,1,,best smart watches|Buy Smart Watch|Buy Smart Watch Online|Buy Smart Watch Online at Best Prices|Buy Smartwatches Online in India at Best Prices|best smart watches|Buy Smart Watch|Buy Smart Watch Online|Buy Smart Watch Online at Best Prices|Buy Smartwatches Online in India at Best Prices,1799.0,8499.0
maxzoneclothing.com,https://maxzoneclothing.com,shopify,True,5,1,,Shorts,629.0,974.0
maycosmetics.nl,https://maycosmetics.nl,shopify,True,5,1,,bogos-gift,39.95,39.95
mayukitchen.com,https://mayukitchen.com,woocommerce,False,0,1,,,0,0
mcsgearup.com,https://mcsgearup.com,bigcommerce,False,0,1,,,0,0
mdlmake.shop,https://mdlmake.shop,shopify,True,5,1,,,100.0,350000.0
meerasplussizestore.com,https://meerasplussizestore.com,shopify,True,5,1,,Color_Mint Green|Fabric_Mul Chanderi|plus-size-clothing|plus-size-dresses|Price_?5000 - ?10000|AnarkaliSetFestive|AnarkaliSetSummer|Color_Green|Customised_Anarkali|Engagement_Anarkali,7950.0,14390.0
megagym.com.br,https://megagym.com.br,shopify,True,5,1,,100-500|equipamentos|equipamentos firnes|Mais Vendido|Mais vendidos|BIKE|condicionamento|equipamentos|equipamentos firnes|Importado,120.0,28766.67
megahomemarket.com,https://megahomemarket.com,woocommerce,True,0,1,,,0,0
megapaca.shop,https://megapaca.shop,shopify,True,5,1,,28/03/2026|328354|kimberly|Niño|NiñoDePacaBolsa|28/03/2026|328470|accesorio para cama|accesorio para cuarto|accesorio varios,250.0,300.0
megapaca.store,https://megapaca.store,shopify,True,5,1,,07/03/2026|327509|accesorio para camara|Accesorios para camara|camara|07/03/2026|327509|accesorio para camara|Accesorios para camara|camara,61.2,1702.55
megaproteinstore.gr,https://megaproteinstore.gr,opencart,True,0,1,,,0,0
melano-jewelry.com,https://melano-jewelry.com,shopify,True,5,1,,Goudkleurig|Melano|On Sale|Ringen|Rosékleurig|Globe|Melano|On Sale|Steentjes|Goudkleurig,5.0,172.0
melanopharma.store,https://melanopharma.store,shopify,True,5,1,,,72.5,290.0
melodyshoes.co.il,https://melodyshoes.co.il,woocommerce,False,0,1,,,0,0
melopetandgarden.com,https://melopetandgarden.com,shopify,True,5,1,,Fajas|salud-gato|salud-perro|Fajas|salud-gato|salud-perro|Fajas|salud-gato|salud-perro|Fajas,39.5,128.57
meltyfondue.shop,https://meltyfondue.shop,shopify,True,5,1,,ガーリー|トップス|ナチュラル|フレンチ|フレンチガーリー|new|シャツ|トップス|ピンク|フリル,6990.0,7490.0
mendozasport.com,https://mendozasport.com,magento,True,0,1,,,0,0
mens-wear.dk,https://mens-wear.dk,magento,True,0,1,,,0,0
meridianwatches.in,https://meridianwatches.in,shopify,True,5,1,,,3499.0,3699.0
merodacosmetics.eu,https://merodacosmetics.eu,shopify,True,5,1,,badge:new|bundle|badge:new|free|single|sample,22.95,74.06
metrocollectionshoes.com,https://metrocollectionshoes.com,shopify,True,5,1,,,5999.0,7499.0
mi-shop.kg,https://mi-shop.kg,woocommerce,False,0,1,,,0,0
mi-store.si,https://mi-store.si,shopify,True,5,1,,_badge_NOVO|_longtail_elkotex|_novo|Product type_Mobilni telefoni|_longtail_vama|Product type_Mobilni telefoni|_badge_NOVO|_longtail_elkotex|_novo|Product type_Mobilni telefoni,159.0,899.0
mi-store.uz,https://mi-store.uz,woocommerce,True,0,1,,,0,0
miaceiteadomicilio.com,https://miaceiteadomicilio.com,woocommerce,True,0,1,,,0,0
midwestfragranceco.com,https://midwestfragranceco.com,shopify,True,5,1,,Bakery|bundle|Clean|Feminine|Floral|Bakery|bundle|Clean|Feminine|Floral,25.69,154.79
millennium-chocolate.com,https://millennium-chocolate.com,shopify,True,5,1,,ERP_ID:305803012,64.0,1641.0
milletmaniaorganic.com,https://milletmaniaorganic.com,shopify,True,5,1,,Sweetener,49.0,875.0
mindcoco.shop,https://mindcoco.shop,shopify,True,5,1,,ADHD accessories|Funny Inner Voice Pin|Humorous Accessories|Sarcastic humor pin|ADHD accessories|Funny Inner Voice Pin|Humorous Accessories|Sarcastic humor pin|ADHD essentials|attention deficit humor,1.49,5.99
mintteanovel.com,https://mintteanovel.com,woocommerce,False,0,1,,,0,0
mirabellecosmetics.in,https://mirabellecosmetics.in,shopify,True,5,1,,,1784.0,4517.0
miriyam.store,https://miriyam.store,shopify,True,5,1,,,2850.0,3300.0
missblissperfumes.com,https://missblissperfumes.com,shopify,True,5,1,,bestseller|gift-set|Day To Evening Wear|Duos|Day To Evening Wear|Duos,349.0,996.0
mitiendietapaisa.shop,https://mitiendietapaisa.shop,shopify,True,5,1,,,59900.0,79900.0
mixsextoy.com,https://mixsextoy.com,opencart,True,0,1,,,0,0
mm2.shop,https://mm2.shop,shopify,True,5,1,,Knife|Knife|Gun|Gun|Knife,8.99,218.49
mmwear.in,https://mmwear.in,shopify,True,5,1,,,699.0,1799.0
mob-shop.rs,https://mob-shop.rs,woocommerce,True,0,1,,,0,0
mobilegoo.shop,https://mobilegoo.shop,shopify,True,5,1,,25001-50000|mobilegoo|refurbished|two_phones|Under-30000|10001-15000|globo-product-options|import_2022_11_21_171209|joined-description-fields|mobile,12099.0,76999.0
mobilestore.ec,https://mobilestore.ec,woocommerce,True,0,1,,,0,0
moderngifts.in,https://moderngifts.in,shopify,True,5,1,,A thoughtful gift for anniversaries|birthday hamper|love hamper|GST 5|Compact mini storage cylinder design|keychain with small storage container|portable mini container keychain|unique keychain gift|GST 5,99.0,2490.0
modo.store,https://modo.store,shopify,True,0,1,,,0,0
monatelier-jewelry.com,https://monatelier-jewelry.com,shopify,True,5,1,,coming_soon|K10|yg|ピアス|地金|coming_soon|K10|yg|ピアス|地金,29700.0,82500.0
montoccosmetictools.com,https://montoccosmetictools.com,shopify,True,5,1,,hotsale2026|hotsale2026|hotsale2026|hotsale2026|hotsale2026,5000.0,14000.0
monusfashions.com,https://monusfashions.com,woocommerce,True,0,1,,,0,0
moonbaby.pt,https://moonbaby.pt,shopify,True,5,1,,novidade|novidade|Outono/Inverno 2025|Primavera/Verão 2025|Primavera/Verão 2025|novidade,14.99,54.99
mophones.co,https://mophones.co,shopify,True,5,1,,jubilee agents|jubilee agents|jubilee agents|jubilee agents|jubilee agents,3099.0,52699.0
morevalue.shop,https://morevalue.shop,shopify,True,5,1,,ALLITEMS|BABY|w22|ALLITEMS|LADIES|m32|ALLITEMS|LADIES|m30|ALLITEMS,2980.0,9880.0
movashoes.com,https://movashoes.com,shopify,True,5,1,,women slippers|women slippers|women slippers|women slippers,3499.0,6499.0
movebaby.nl,https://movebaby.nl,shopify,True,5,1,,auto|autostoel|base|isofix|kinderwagen|Baby schommelbed,89.95,269.95
moxiebeauty.in,https://moxiebeauty.in,shopify,True,5,1,,Conditioner|Damage Repairing|Damage Repairing|Shampoo|Scalp Reviving|Serum|Scalp Reviving|Shampoo|Conditioner|Scalp Reviving,525.0,1425.0
mrmixer.store,https://mrmixer.store,squarespace,False,0,1,,,0,0
mrvapes.mx,https://mrvapes.mx,shopify,True,5,1,,desechable|desechables|disposable|Disposable Vape|Lo mas nuevo|Best Seller|desechable|desechables|Lo mas nuevo|desechable,150.0,930.0
multisport.md,https://multisport.md,shopify,True,5,1,,new|Женщины/Одежда/Верх|Женщины/Одежда/Футболки|new|Женщины/Одежда/Верх|Женщины/Одежда/Футболки|new|Мужчины/Одежда/Верх|Мужчины/Одежда/Футболки|new,378.0,505.0
mvpfitness.com.br,https://mvpfitness.com.br,opencart,True,0,1,,,0,0
my-day.shop,https://my-day.shop,shopify,True,5,1,,,8250.0,17600.0
mybbaskincare.com,https://mybbaskincare.com,shopify,True,5,1,,bogos-gift|bogos-gift|bogos-gift,549.0,549.0
myfashiondesign-on9.com,https://myfashiondesign-on9.com,shopify,True,5,1,,Warehouse Sales|Warehouse Sales|Warehouse Sales|Warehouse Sales|Warehouse Sales,13.9,59.0
myperfumes.ae,https://myperfumes.ae,shopify,True,5,1,,EDP|no-discount|PERFUME|EDP|no-discount|PERFUME|no-discount|Spicy|EDP|newlaunchh,190.0,399.0
mysparemarket.com,https://mysparemarket.com,shopify,True,5,1,,Fuel Tank|Fuel TankMetal Parts|KTM|Rc 390 gen 1 2014-2020|Rc 390 gen 2 Moto Gp 2021 onwards|DUKE 250 GEN 3|Duke 390 Gen 3 2024 Onwards|KTM|Plastic Parts|Shop By Bike,175.0,1475.0
n2nbodywear.com,https://n2nbodywear.com,shopify,True,5,1,,20Erotic|20Thong|26NEW|GX26|L|20Erotic|20Gym|22Swim|26NEW|BIKE,16.0,27.2
nails-beauty.co.za,https://nails-beauty.co.za,woocommerce,True,0,1,,,0,0
naima-jewellery.com.au,https://naima-jewellery.com.au,shopify,True,5,1,,Casual comfort|comfort earring|earring|holiday|earring|holiday|Holiday earrings|mini|stud|Casual comfort,499.0,1999.0
nakit-eshop.com.hr,https://nakit-eshop.com.hr,prestashop,False,0,1,,,0,0
nakit-eshop.si,https://nakit-eshop.si,prestashop,False,0,1,,,0,0
naklik.store,https://naklik.store,shopify,True,5,1,,,1290.0,1790.0
natarajjewellery.com,https://natarajjewellery.com,shopify,True,1,1,,,0,0
naturalicecreams.in,https://naturalicecreams.in,woocommerce,True,0,1,,,0,0
nayapurano.shop,https://nayapurano.shop,shopify,True,5,1,,Best deal|Categories|Latest|New|Popular|New|New|New|Best deal|Categories,13500.0,36299.0
neoluxwatch.com,https://neoluxwatch.com,shopify,True,5,1,,,269.0,289.0
neutralighting.fr,https://neutralighting.fr,shopify,True,5,1,,$300-$500|All Collection|All Pendant Lights|All Pendants|All Rooms|$300-$500|All Collection|All Pendant Lights|All Pendants|All Rooms,89.99,476.0
nevaeh-store.com,https://nevaeh-store.com,shopify,True,5,1,,group_Alea Numeral Stone Necklace|Jewellery|group_Onyx Pendant Bracelet|Jewellery|group_Barbed Wire Bangle Bracelet|Jewellery|group_Rounded Snake Chain Pearl Necklace|Jewellery|group_Buckle Bracelet|Jewellery,12.0,25.0
newdecoracion.com,https://newdecoracion.com,woocommerce,False,0,1,,,0,0
newerafurniture.us,https://newerafurniture.us,shopify,True,5,1,,Fabric|Smoke|Stripe Fabric| Black|Bedroom Set,0,0
newpoker.store,https://newpoker.store,woocommerce,False,0,1,,,0,0
nextearrings.com,https://nextearrings.com,magento,True,0,1,paypal,,0,0
nidhiiskincare.com,https://nidhiiskincare.com,shopify,True,5,1,,Sun Care|Hair Care|Hair Care,249.0,499.0
nisarabeauty.com,https://nisarabeauty.com,shopify,True,5,1,,amber|Date Night|edp|Female|floral|Combo|Female|For Her|For him|male,399.0,850.0
nmperfumerias.cl,https://nmperfumerias.cl,shopify,True,5,1,,Dupe|Edp|Hombre|Mast|Nuevo Ara|Dupe|Edp|Mast|Mujer|Nuevo Ara,23990.0,28990.0
noisestore.it,https://noisestore.it,shopify,True,5,1,,Camicia|Inserire descrizione|new|primavera/estate|Coordinato|Inserire descrizione|new|primavera/estate|Inserire descrizione|new,19.99,34.99
noorfashion.shop,https://noorfashion.shop,shopify,True,5,1,,Blessed Friday|Deal of the Day|dealoftheday|eid collection|embroidered|Blessed Friday|Deal of the Day|dealoftheday|eid collection|embroidered,2499.0,2499.0
northfitnessthailand.com,https://northfitnessthailand.com,woocommerce,True,0,1,,,0,0
nouecosmeticos.com.br,https://nouecosmeticos.com.br,shopify,True,5,1,,CAMPANHA OUTONO|OSB|CAMPANHA OUTONO|OSB|CAMPANHA OUTONO|OSB|CAMPANHA OUTONO|OSB|CAMPANHA OUTONO|OSB,297.69,384.23
novapet.cl,https://novapet.cl,shopify,True,5,1,,Adultos|Alergias|Alimento Seco|Gatos|Royal Canin|Adultos|Alimento Seco|Bravery|Perros|Sacos de Alimento,2890.0,47896.0
novaphone.hu,https://novaphone.hu,woocommerce,True,0,1,,,0,0
nowastearmy.nl,https://nowastearmy.nl,woocommerce,False,0,1,,,0,0
nteambl.com,https://nteambl.com,woocommerce,False,0,1,,,0,0
nubeowatches.com,https://nubeowatches.com,shopify,True,5,1,,Full Price|Limited Edition|new|Full Price|Limited Edition|new|Full Price|Limited Edition|new|Full Price,470.0,470.0
numb-wear.it,https://numb-wear.it,shopify,True,5,1,,drop11novembre|drop12marzo|drop5marzo|Jumper|knit|70% DISCOUNT|black month 25|BM atto II|BM atto III|drop12marzo,9.0,76.2
nutrelanutrition.com,https://nutrelanutrition.com,shopify,True,5,1,,GIFT_ONLY|giftbox|All Product|amazing grass protein superfood|Best Seller|bobs red mill protein powder|certified|powerofayurveda|powerofayurveda|powerofayurveda,92.0,700.0
nutritiondepot.com.bd,https://nutritiondepot.com.bd,woocommerce,True,0,1,,,0,0
nutritionpro.fr,https://nutritionpro.fr,shopify,True,5,1,,,11.99,24.99
nylaacrafts.com,https://nylaacrafts.com,shopify,True,5,1,,New|Raw materials|Stones|Bows|Fancy Beads|New|Fancy Beads|New|Round|Fancy Beads,23.0,32.0
nyota.shop,https://nyota.shop,shopify,True,5,1,,bride groom thank you card|custom wedding thank you note|floral indian wedding card|gift labeling|hindu wedding thank you card|wedding newspaper|AOV Bundle|designer paper bag for gifts|eco-friendly gift bag for weddings|festive paper bag,599.0,35999.0
nyrafashion.in,https://nyrafashion.in,shopify,True,5,1,,saree|New Arrival|saree|SAREES|NAS|New Arrival|saree|SAREES|best seller|new arrival,1499.0,1699.0
ob-watches.com,https://ob-watches.com,shopify,True,5,1,,all products|Casual|Elegant|Luminous|Luminous Hands|all products|Calendar Display|Casual|Luminous Hands|Men's,69.0,99.0
oc-shop.co.jp,https://oc-shop.co.jp,shopify,True,5,1,,OC|お菓子|その他ドリップ|ギフト|スイーツ|OC|その他レギュラー|コーヒー豆|再入荷通知除外|夏,500.0,5980.0
octaveclothing.com,https://octaveclothing.com,shopify,True,5,1,,accessories|socks|accessories|socks|accessories|socks|accessories|socks|accessories|socks,180.0,180.0
ofertaperfumes.cl,https://ofertaperfumes.cl,shopify,True,5,1,,,169900.0,169900.0
ogbeauty.in,https://ogbeauty.in,shopify,True,5,1,,Bestseller|Long lasting perfumes|luxury|men's perfume|OG Beauty Luxury|dupelist|fragrances|OG Beauty Luxury|perfume|dupelist,499.0,699.0
oh-wear.com,https://oh-wear.com,woocommerce,False,0,1,,,0,0
ohbabyhk.net,https://ohbabyhk.net,shopify,True,0,1,,,0,0
okidokiasianmarket.com,https://okidokiasianmarket.com,shopify,True,5,1,,Candies and Gummies|HJ 2026.03.09|New|Sweets and Snacks|Drinks|EMB 2026.04.01|Fruit Juices|Drinks|EMB 2026.04.01|PPS 2025.11.07,1.89,2.5
oksgear.com,https://oksgear.com,shopify,True,5,1,,Darwin's Paradox|Darwin's Paradox|Darwin's Paradox|Darwin's Paradox|Darwin's Paradox,24.99,55.0
olaroka.fashion,https://olaroka.fashion,woocommerce,True,0,1,,,0,0
onlyloveflorist.com,https://onlyloveflorist.com,prestashop,True,0,1,,,0,0
orangelakenursery.com,https://orangelakenursery.com,shopify,True,5,1,,Philodendron|TC|Philodendron|TC|Monstera|TC|Alocasia|TC|Other|TC,9.99,19.99
orderdeehergifts.com,https://orderdeehergifts.com,shopify,True,5,1,,,18.0,215.0
organiclivingss.online,https://organiclivingss.online,shopify,True,5,1,,,1499.0,2999.0
organicnationeg.com,https://organicnationeg.com,shopify,True,5,1,,Women's Health|Jam|Jam|Jam|Jam,100.0,775.0
organicpicks.pk,https://organicpicks.pk,shopify,True,5,1,,deals|pcos|weight-loss|weight-loss|weight-loss,1699.0,3999.0
organictattva.com,https://organictattva.com,shopify,True,5,1,,Spices & Masalas|Ready To Cook|yt-exclude|Ready To Cook|yt-exclude|Ready To Cook|yt-exclude|Ready To Cook|yt-exclude,99.0,295.0
oriba.shop,https://oriba.shop,shopify,True,5,1,,gift|gift|gift|gift,3580.0,12000.0
orientalaromaswholesale.com,https://orientalaromaswholesale.com,shopify,True,5,1,,,7.0,29.75
ottoclothing.in,https://ottoclothing.in,shopify,True,0,1,shopify_payments,,0,0
ouatedephoqueshop.com,https://ouatedephoqueshop.com,shopify,True,5,1,,,44.0,66.0
outletberry.ua,https://outletberry.ua,opencart,False,0,1,,,0,0
outletsbath.com,https://outletsbath.com,shopify,True,5,1,,Inodoros|Inodoros compactos|liquidación|MENOSDE10|oferta>60|Conjunto completos de baño|liquidación|muebles de baño|muebles de baño; Conjunto completos de baño|muebles suspendidos,149.0,225.0
overdosesport.com,https://overdosesport.com,shopify,True,5,1,,Nike|Nike|Adidas|Adidas|Nike,179.0,239.0
overe-shop.com,https://overe-shop.com,shopify,True,5,1,,ギフトラッピング|ショッパー|102サイズ対応|パネルラインニット|洗濯機OK|102サイズ対応|パネルラインニット|洗濯機OK|102サイズ対応|パネルラインニット,500.0,10260.0
p-gyms.jp,https://p-gyms.jp,wix,False,0,1,,,0,0
pagasencasaec.shop,https://pagasencasaec.shop,shopify,True,5,1,,,19.99,29.9
pakistanhandicrafts.com,https://pakistanhandicrafts.com,shopify,True,5,1,,Embroidered|Handicrafts|Handmade|Lawn|Pure|Embroidered|Handicrafts|Handmade|Lawn|Pure,4500.0,4500.0
palladiumboots.co.za,https://palladiumboots.co.za,shopify,True,5,1,,ALL SALE|BLACK FRIDAY|BLACKFRIDAY|BOOTS M|BOOTS W|74483|74483-008|ALL SALE|BLACK|BLACK FRIDAY,1299.5,1999.5
panacheapparels.com,https://panacheapparels.com,shopify,True,5,1,,Mommy & Me|New Arrival|Noore Eid Edit|Mommy & Me|New Arrival|Noore Eid Edit|Mommy & Me|New Arrival|Noore Eid Edit|Mommy & Me,14.0,27.0
panteazy.in,https://panteazy.in,shopify,True,5,1,,Accessories|Free Gift|Accessories|Free Gift|Accessories|Free Gift|Best Sellers - New|Jockstrap - New|stock|Men's lingerie,199.0,999.0
paradyseperfumes.in,https://paradyseperfumes.in,shopify,True,5,1,,qegiftboxhide|For Him|gift-999|For Him|For Him|For Him,549.0,749.0
paragfragrances.in,https://paragfragrances.in,shopify,True,5,1,,DHOOP CONES|JAVADHU|JAVADHU  DHOOP|javadhu dhoop cones|New Arrivals|JAVADHU  DHOOP|JAVADHU DHOOP STICKS|Natural Dhoop Sticks|New Arrivals|Parag Dhoop Sticks,89.0,2900.0
paragoncomputer.com,https://paragoncomputer.com,woocommerce,False,0,1,,,0,0
parapharmacie-chezmoi.fr,https://parapharmacie-chezmoi.fr,woocommerce,True,0,1,,,0,0
parksports.com.ph,https://parksports.com.ph,shopify,True,5,1,,FTW|MEN|NBB|S26|FTW|IB0018|LFS|MEN|PMD-PRK|APP,1000.0,11495.0
pazhassigarden.in,https://pazhassigarden.in,shopify,True,5,1,,FLOWERING CREEPERS|FLOWERING PLANT|Flowering Plants|Garden Plants|Rooted Plants|FLOWERING CREEPERS|FLOWERING PLANT|Flowering Plants|Garden Plants|Rooted Plants,95.0,590.0
peorajewellery.com,https://peorajewellery.com,shopify,True,5,1,,ethnic|Ethnic Wear|Fashion|fashion jewellery|Faux Kundan|Accessories|beads|Cubic Zirconia & Pearl|ethnic|Ethnic Wear,1200.0,3200.0
perfectfashion.gr,https://perfectfashion.gr,woocommerce,True,0,1,,,0,0
perfume-egypt.com,https://perfume-egypt.com,shopify,True,5,1,,حرب|ميرور|حرب|حديث|عطور النساء|عطور ننفرد بها|نساء,625.0,2750.0
perfumeoilcorner.com,https://perfumeoilcorner.com,shopify,True,5,1,,best seller|casual|Formal|Gucci  Edition Pour Femme|Gucci  Pour Femme|men|perfumeoilcorner-com|men|perfumeoilcorner-com|active,550.0,750.0
perfumeoils.co.za,https://perfumeoils.co.za,shopify,True,5,1,,April 2026|new|unisex|April 2026|new|unisex|April 2026|new|unisex|April 2026,14.65,7790.0
perfumeriaclass.com,https://perfumeriaclass.com,shopify,True,5,1,,perfumería|Perfumería Arabe|Perfumes|perfumes mujer|Perfumes Árabes|perfumería|Perfumería Arabe|Perfumes|perfumes hombre|perfumes mujer,55.0,439.99
perfumeriasublime.com,https://perfumeriasublime.com,shopify,True,5,1,,Citrico|Fresco|Lavanda|Atalcado|Citrico|Vainilla|Floral|Lavanda|Vainilla|Citrico,858.0,1742.0
perfumeroom.co.za,https://perfumeroom.co.za,woocommerce,True,0,1,,,0,0
personalizepharma.com.br,https://personalizepharma.com.br,shopify,True,5,1,,,84.9,84.9
pffpremium.com,https://pffpremium.com,shopify,True,5,1,,NEW ARRIVAL|NEW ARRIVAL|NEW ARRIVAL|NEW ARRIVAL|NEW ARRIVAL,3300.0,3300.0
pharmacyindia.co.in,https://pharmacyindia.co.in,woocommerce,False,0,1,,,0,0
pharmaflex.com,https://pharmaflex.com,shopify,True,5,1,,,49.9,699.7
pharmahealth.com.pk,https://pharmahealth.com.pk,shopify,True,5,1,,shop|ADOXA|AI500inall|allp|IU|Medical|Hair Care|shop|Skin Care|allp,242.1,1495.0
pharmapage.in,https://pharmapage.in,woocommerce,False,0,1,,,0,0
phoiboswatch.com,https://phoiboswatch.com,bigcommerce,True,0,1,,,0,0
phonelectrics.com,https://phonelectrics.com,shopify,True,5,1,,Pocophone|Pocophone,1699900.0,6199900.0
phonetify.com.co,https://phonetify.com.co,woocommerce,True,0,1,,,0,0
photogear.co.nz,https://photogear.co.nz,bigcommerce,True,0,1,,,0,0
pinkinkbeauty.com,https://pinkinkbeauty.com,bigcommerce,True,0,1,,,0,0
pinkyswearnyc.com,https://pinkyswearnyc.com,wix,False,0,1,,,0,0
pinupcloset.shop,https://pinupcloset.shop,shopify,True,5,1,,ALL|ALL|ALL|BEIGE|BLACK|BROWN|Enchanted Corset|#25AW|#26SS|#BLACK,5000.0,15880.0
pixelxyzgames.com,https://pixelxyzgames.com,wix,False,0,1,,,0,0
pixishoes.com,https://pixishoes.com,shopify,True,5,1,,High Heels|New Arrival|Pumps|Shoes|Summer026|High Heels|New Arrival|Pumps|Shoes|Summer026,1645.0,1995.0
playgamer.com.ar,https://playgamer.com.ar,woocommerce,True,0,1,,,0,0
playmoreherbs.com,https://playmoreherbs.com,woocommerce,True,0,1,,,0,0
playonlinegameh5.com,https://playonlinegameh5.com,bigcommerce,False,0,1,,,0,0
playretro.shop,https://playretro.shop,shopify,True,5,1,,,999.0,6499.0
plusotoha.shop,https://plusotoha.shop,shopify,True,5,1,,250930|251223|26spring|all|KNIT|260331|all|maenori|maenorisingle2025年6月上旬|new,6831.0,14850.0
pnn-nightwear.gr,https://pnn-nightwear.gr,woocommerce,True,0,1,,,0,0
polaricecream.co.za,https://polaricecream.co.za,woocommerce,False,0,1,,,0,0
polocom.store,https://polocom.store,shopify,True,5,1,,Blog|classique|Décodeur|Décodeur serrure|fine|Blog|Décodeur|Décodeur serrure|fine|habitations,49.99,1499.99
poojabooks.shop,https://poojabooks.shop,woocommerce,True,0,1,,,0,0
ppsupplement.cloud,https://ppsupplement.cloud,woocommerce,True,0,1,,,0,0
premiumxl.hu,https://premiumxl.hu,magento,False,0,1,,,0,0
prettyclickcosmetics.com,https://prettyclickcosmetics.com,shopify,True,5,1,,under 2000|under 500|under 500,225.0,22000.0
primeshoes.shop,https://primeshoes.shop,shopify,True,5,1,,DEPORTIVO KIDS NIÑA|DEPORTIVO KIDS NIÑO|DEPORTIVOS KIDS|VITA KIDS|VITAKIDS|DEPORTIVO KIDS NIÑA|DEPORTIVO KIDS NIÑO|DEPORTIVOS KIDS|VITA KIDS|VITAKIDS,26.99,57.99
primocustoms.co.in,https://primocustoms.co.in,shopify,True,5,1,,,1099.0,8499.0
primrosecottageshop.com,https://primrosecottageshop.com,shopify,True,5,1,,Always in season|Clearance|fabric|retail-only|Riley blake|Clearance|Linen Cupboard|moda fabric|Moda Fabrics|retail-only,0.97,0.97
profitsmoke.com,https://profitsmoke.com,shopify,True,5,1,,,7.5,10.0
protein.se,https://protein.se,magento,True,0,1,,,0,0
protonicnutrition.pk,https://protonicnutrition.pk,woocommerce,True,0,1,,,0,0
pspgamesland.com,https://pspgamesland.com,woocommerce,False,0,1,,,0,0
punjabhandicrafts.in,https://punjabhandicrafts.in,shopify,True,5,1,,Best katar for wedding|BEST SWORD FOR WEDDING|BEST WEDDING SWORD|ROYAL WEDDING SWORDS|talwar for wedding|dhal or talwar|dhal talwar|dhal talwar ka set|dhal Talwar set|New combo set,3295.0,4595.0
purenutrition.in,https://purenutrition.in,shopify,True,5,1,,,74.0,649.0
purevitaminshoes.com,https://purevitaminshoes.com,shopify,True,5,1,,ADV-24|HEELS|flats|LIQUIDACIÓN|flats|LIQUIDACIÓN|Sandalias|ADV-24|HEELS,19.0,182.0
purpuremakeup.com,https://purpuremakeup.com,shopify,True,5,1,,CAPILAR|TRATAMIENTOS|CAPILAR|SHAMPOO Y ACONDICIONADOR|CABELLO|CAPILAR|SHAMPOO Y ACONDICIONADOR|CORPORAL|CUIDADO CORPORAL PURPURE|PURPURE,26900.0,54000.0
qarshihealthshop.com,https://qarshihealthshop.com,shopify,True,5,1,,12 12 Sale|501-600|General Health|Health Supplements|Nervine Tonics|12 12 Sale|201-300|Men's Health|Personal Care|0-100,190.0,2000.0
qualial.shop,https://qualial.shop,shopify,True,5,1,,収納家具|置き畳|送料無料|チェスト・キャビネット|収納家具|送料無料|ダイニング|送料無料|ダイニング|ダイニングセット,3990.0,17990.0
qudobeauty.com,https://qudobeauty.com,woocommerce,True,0,1,,,0,0
quranteaching.com,https://quranteaching.com,woocommerce,False,0,1,,,0,0
quratulain.shop,https://quratulain.shop,shopify,True,5,1,,blessed friday|deal of the day|dealoftheday|ladiessuting|offer|blessed friday|deal of the day|dealoftheday|ladiessuting|offer,1850.0,1850.0
qutoys.com,https://qutoys.com,shopify,True,5,1,,dildo|LGBTQ|QUTOYS|realistic dildo|Replica Dildo|dildo|LGBTQ|QUTOYS|realistic dildo|LGBTQ,86.99,108.99
rajangamenterang.online,https://rajangamenterang.online,shopify,True,0,1,,,0,0
ramito-store.com,https://ramito-store.com,shopify,True,5,1,,,79.9,89.9
randaldrip.store,https://randaldrip.store,shopify,True,5,1,,,75.0,134.99
rasluxuryoils.com,https://rasluxuryoils.com,shopify,True,5,1,,bogos-gift|HS_CART_BAR_HIDDEN_PRODUCT|bogos-gift|HS_CART_BAR_HIDDEN_PRODUCT|HS_CART_BAR_HIDDEN_PRODUCT,1.0,350.0
ratiowatches.com,https://ratiowatches.com,shopify,True,5,1,,Men|Men|Men|Men|Men,118.0,225.0
rayhaanperfumes.com,https://rayhaanperfumes.com,shopify,True,5,1,,,90.0,150.0
raypath-shop.com,https://raypath-shop.com,shopify,True,5,1,,suplementy|biały nova|beżowy|biały|biały nova|ekspres|podłoga|biały do ciała|kosmetyki|żółty do ciała,15.0,3022.0
rdrgiftsdecor.com,https://rdrgiftsdecor.com,shopify,True,5,1,,,9.99,14.99
rebranded.it,https://rebranded.it,shopify,True,5,1,,AS|H4SC18|AS|H4SQ06|AS|H4ST12|AS|H4SF05|AS|H4SF02,51.0,117.0
redragon.shop,https://redragon.shop,shopify,True,5,1,,klawiatura mechaniczna|klawiatura mechaniczna|klawiatura|klawiatura|klawiatura mechaniczna|Biuro|zestaw,89.0,399.0
refreshoes.com,https://refreshoes.com,shopify,True,5,1,,183401|18340103|bolso|Casual|Cordón|183401|18340102|bolso|Casual|Cordón,29.95,39.95
regalshoes.in,https://regalshoes.in,shopify,True,5,1,,10|11|6|7|8|10|11|6|7|8,1990.0,2590.0
removestore.it,https://removestore.it,woocommerce,False,0,1,,,0,0
ren-webshop.com,https://ren-webshop.com,shopify,True,5,1,,ALL PRODUCTS|BAG|HALLIE|pickup-mini|PIG|ALL PRODUCTS|BAG|HALLIE|pickup-mini|PIG,4950.0,9900.0
republiccosmetics.com,https://republiccosmetics.com,shopify,True,5,1,,Descontinuado,113.4,371.4
republiccustomsstore.com,https://republiccustomsstore.com,shopify,True,5,1,,ap1 clone helmet|ap1 lego|Blocks|Clone Trooper|Clone Wars|Hell diver|Helldivers|Blocks|cal kestis lego|cal kestis master,0.5,29.0
republicwomenswear.com,https://republicwomenswear.com,shopify,True,5,1,,12-Mar-26|Basics Vol 1 '26|dhlcode:6104 1900|dhldes:Ladies Embroidered Kurta Shalwar and Dupatta|Glace|12-Mar-26|Basics Vol 1 '26|Delivery Timeline|dhlcode:6104 1900|dhldes:Ladies Embroidered Kurta Shalwar and Dupatta,16550.0,18950.0
resinncraftsuppliers.com,https://resinncraftsuppliers.com,shopify,True,5,1,,silicon mould|SOAP BASE|silicon mould|silicon mould|silicon mould|silicon mould,139.0,499.0
retailfieldmetrics.com,https://retailfieldmetrics.com,woocommerce,False,0,1,,,0,0
retrogameplace.com,https://retrogameplace.com,magento,True,0,1,,,0,0
ridgelineclothing.co.uk,https://ridgelineclothing.co.uk,shopify,True,5,1,,gilet|gillet|Full Price|NEWSS26|SS26|Full Price|NEWSS26|SS26|COMINGSOONSS26|Full Price,19.99,29.99
rieker-eshop.pl,https://rieker-eshop.pl,magento,True,0,1,,,0,0
rippletea.com,https://rippletea.com,shopify,True,5,1,,Dark Chocos|Hand Made Chocos|Offer-Percentage|Hand Made Chocos|White Chocos|Hand Made Chocos|Milk Chocos|Black Tea|Black Tea,60.0,471.75
rnrmenswear.com,https://rnrmenswear.com,shopify,True,5,1,,,499.0,1199.0
roaringtoyz33.com,https://roaringtoyz33.com,shopify,True,5,1,,Air Seat|Air Seat|Air Seat|Air Seat|Air Seat,1869.0,2299.0
romandbeauty.com,https://romandbeauty.com,shopify,True,5,1,,bogos-gift|bogos-gift|bogos-gift,10.0,15.0
root1887.shop,https://root1887.shop,shopify,True,5,1,,A4が入る|PCポケット|rocket-hide|和ックパック|軽量|A4が入る|PCポケット|和ックパック|軽量|＜コレクション＞habit,2970.0,37180.0
rootandsoil.in,https://rootandsoil.in,shopify,True,5,1,,baby care combo|On-Air|saver packs|On-Air|On-Air|On-Air,699.0,3861.4
rosadababy.com,https://rosadababy.com,shopify,True,5,1,,new|no-cod|nocod|not sale|Prepaid Only|continue selling 20-02-2025|End Of Season Sale|Express|GST 18|not sale,1090.0,2090.0
rosinjewellery.com,https://rosinjewellery.com,shopify,True,5,1,,,350.0,1620.0
rubiawear.com,https://rubiawear.com,shopify,True,5,1,,accessories|alina|green|lucky|retail-only|accessories|cora wrap|meadow|plum|porcelain plum,41.0,83.0
rubysorganics.in,https://rubysorganics.in,shopify,True,5,1,,all|FREE GIFT|hide-button|out-of-stock|_badge_30%_OFF|all|combo|_badge_24%_OFF|all|combo,723.0,1400.0
rujoboots.com,https://rujoboots.com,shopify,True,5,1,,smarttag_not_real_deal|smarttag_regular_price|smarttag_not_real_deal|smarttag_regular_price|klaviyo_reviews_exclude|smarttag_not_real_deal|smarttag_regular_price|smarttag_not_real_deal|smarttag_regular_price|smarttag_not_real_deal,6.98,79.5
rynoxgear.com,https://rynoxgear.com,shopify,True,5,1,,chest protector|Impact Protectors|Powertector Impact Protectors|Powertector Protector Inserts|Powertector Shoulder Armour,950.0,12950.0
sabhyataclothing.com,https://sabhyataclothing.com,shopify,True,5,1,,35 % off|Co-Ord Set|New IN|Women Top Wear|25 % off|Kurta|New In|Sale|Top Wear|35 % off,1675.0,3516.0
sabkophone.com,https://sabkophone.com,woocommerce,False,0,1,,,0,0
sagansinghmakeup.in,https://sagansinghmakeup.in,shopify,True,5,1,,,79.0,3750.0
salamancadetransportes.com,https://salamancadetransportes.com,woocommerce,True,0,1,,,0,0
salconelectronics.com,https://salconelectronics.com,woocommerce,True,0,1,,,0,0
sanmartinwatches.com,https://sanmartinwatches.com,woocommerce,True,0,1,,,0,0
sbnatural.shop,https://sbnatural.shop,shopify,True,5,1,,,1100.0,2500.0
sbwatches.in,https://sbwatches.in,shopify,True,5,1,,,1299.0,1299.0
sdsneakers.com,https://sdsneakers.com,shopify,True,5,1,,,79.99,89.99
seagullwatchofficial.com,https://seagullwatchofficial.com,shopify,True,5,1,,Business|Casual|evi_showorno|Fashion|Men|Business|Casual|Fashion|Men|Woman,449.0,1619.0
seasar-official.shop,https://seasar-official.shop,shopify,True,5,1,,,550.0,14300.0
segashoes.com,https://segashoes.com,woocommerce,True,0,1,,,0,0
seikowatches.co.in,https://seikowatches.co.in,shopify,True,5,1,,All_products|Automatic|Band Material_Stainless Steel|Case_Stainless Steel|Category_PROSPEX|All_products|Automatic|Band Material_Stainless Steel|Case_Stainless Steel|Category_NEW ARRIVAL,30000.0,150000.0
sekikagu-shop.jp,https://sekikagu-shop.jp,shopify,True,5,1,,NEW|配送希望日時指定不可|NEW|NEW|配送希望日時指定不可|配送希望日時指定不可|配送希望日時指定不可,18150.0,203500.0
selby.shop,https://selby.shop,shopify,True,5,1,,1.0～|4月|N|その他ブランド|ダイヤモンド|1.0～|4月|N|その他ブランド|ダイヤモンド,115000.0,265000.0
selinshoes.com,https://selinshoes.com,shopify,True,5,1,,0545|cdpgroup0545|indirimsiz|Kahve Süet|kalip3|0259|4|5 cm|Bağcıklı|Beyaz,999.9,2499.9
sensefit.shop,https://sensefit.shop,woocommerce,True,0,1,klarna,,0,0
sextoythailand.com,https://sextoythailand.com,shopify,True,5,1,,,470.0,10800.0
shanayaclothing.com,https://shanayaclothing.com,shopify,True,5,1,,Best Seller|Festive|New|Shanaya Special|Suit & Gowns|Best Seller|Festive|New|Shanaya Special|Suit & Gowns,2499.0,3099.0
sharifhomeopharmacy.com,https://sharifhomeopharmacy.com,prestashop,True,0,1,,,0,0
sharkperfume.in,https://sharkperfume.in,shopify,True,5,1,,retail|retail|retail|retail|retail,3350.0,6750.0
sharpknifeshop.com,https://sharpknifeshop.com,shopify,True,5,1,,all-knives|filter-composition--Stainless|filter-finish--Tsuchime|filter-knife--Petty Knife|filter-length--135 mm|all-knives|filter-composition--Stainless|filter-finish--Damascus|filter-finish--Tsuchime|filter-knife--Santoku,184.95,1424.88
sheaffercosmetics.com,https://sheaffercosmetics.com,shopify,True,5,1,,,1500.0,4300.0
shoebox.moda,https://shoebox.moda,shopify,True,5,1,,kampanja obuca zenska|Obuća|papuce|Ženska|kampanja obuca zenska|Obuća|papuce|Ženska|kampanja obuca zenska|Obuća,7225.0,9265.0
shoemart.gr,https://shoemart.gr,opencart,True,0,1,,,0,0
shoeroom.shoes,https://shoeroom.shoes,woocommerce,True,0,1,,,0,0
shoetique.hr,https://shoetique.hr,woocommerce,True,0,1,,,0,0
shop-iwellness.com,https://shop-iwellness.com,shopify,True,0,1,,,0,0
shop-novara.com,https://shop-novara.com,shopify,True,5,1,,,15.99,94.99
shop-reef.com.au,https://shop-reef.com.au,shopify,True,5,1,,BLACK|cf-size-10|cf-size-11|cf-size-5|cf-size-6|cf-size-10|cf-size-11|cf-size-5|cf-size-6|cf-size-7,45.0,109.99
shop-st-james.jp,https://shop-st-james.jp,shopify,False,0,1,,,0,0
shopaarel.com,https://shopaarel.com,shopify,True,5,1,,Pre Make-up|Pre Make-up,999.0,7999.0
shopbeyondborders.pk,https://shopbeyondborders.pk,shopify,True,5,1,,Skincare|The Ordinary|lip balm|lip gloss|lip oil|lip tint|Lips|Eyes|shiseido|Skincare,3800.0,29950.0
shopcaocao.com,https://shopcaocao.com,shopify,True,5,1,,fachadas|Nuevo|Pérgolas & Techos|Terrazas & Balcones|fachadas|Nuevo|Pérgolas & Techos|Terrazas & Balcones|fachadas|Nuevo,705.28,3758.4
shopconpatitas.com,https://shopconpatitas.com,shopify,True,5,1,,Juguetes|Perro Juguetes|Perros|Perro alimento humedo/snack|Perros|Snack Cachorros|Snackery|Perro alimento humedo/snack|Perros|Snack Cachorros,3.5,17.0
shopcoolkicks.com,https://shopcoolkicks.com,shopify,True,5,1,,Brand New|COPYT|store-owned|vending|COPYT|Pre-Owned|store-owned|COPYT|Pre-Owned|store-owned,200.0,675.0
shopelegancia.com,https://shopelegancia.com,shopify,True,5,1,,Chic|Eid collection|gem-encrusted|Heels|new arrival|Chic|Elegancia|new|new arrival|Party,3000.0,3590.0
shopella.it,https://shopella.it,shopify,True,5,1,,,39.95,39.95
shopfahrya.in,https://shopfahrya.in,shopify,True,5,1,,double layered|necklace|rosegold|bracelet|chain bracelet|ring cum bracelet|rosegold|necklace|silver|single chain,87.0,144.0
shopfemmenina.com,https://shopfemmenina.com,shopify,True,5,1,,,50.0,65.0
shopfootball.in,https://shopfootball.in,shopify,True,5,1,,Cricket Collection|tshirts|Cricket Collection|tshirts|Cricket Collection|tshirts|Cricket Collection|tshirts|Hoodie|sale,1499.0,1499.0
shopfragranceworld.com,https://shopfragranceworld.com,shopify,True,5,1,,,180.0,330.0
shopgulab.com,https://shopgulab.com,woocommerce,True,0,1,,,0,0
shophellomary.com,https://shophellomary.com,woocommerce,True,0,1,,,0,0
shopids.pk,https://shopids.pk,shopify,True,5,1,,Flat|Special Prices|summer 24|Flat|meta-size-chart-footwear|summer 24|heels|summer 24|Flat|meta-size-chart-footwear,2350.0,3699.0
shopinverse.com,https://shopinverse.com,shopify,True,5,1,,14-inch|14-inch bag|ST03 256GB - 1TB|Charger|Charger,8500.0,485000.0
shopjbr.com,https://shopjbr.com,shopify,True,5,1,,Collar necklaces,6230.0,18200.0
shopkhoi.com,https://shopkhoi.com,shopify,True,5,1,,4.10.26|__label: Less Than 5 Left|low stock|3.24.26|__label: Less Than 5 Left|low stock|3.27.26|__label: Less Than 5 Left|low stock|3.27.26,50.0,85.0
shopkshm.com,https://shopkshm.com,shopify,True,5,1,,Bold|Roomy|Shorts|Pants|Pants|Pants|work_travel|work_yoga,1579.0,2059.0
shopmakari.com,https://shopmakari.com,shopify,True,5,1,,klaviyo_reviews_exclude|Badge: New|Badge: New,0.98,129.2
shopmaksu.com,https://shopmaksu.com,shopify,True,5,1,,clothing|Full Price|new|party|SB-FITTED|clothing|Full Price|new|SB-OVERSIZED|SS26,120.0,260.0
shopmasakali.co,https://shopmasakali.co,shopify,True,5,1,,block print kurti|fusion fashion online|Gen Z kurti|halter kurti|Masakali short kurti|fusion fashion online|Gen Z kurti|halter kurti|Masakali short kurti|mint kurti,949.0,1050.0
shopmazton.com,https://shopmazton.com,shopify,True,5,1,,BYOB display|bundle|Products|Sale|bundle|Products|Sale|bundle|Products|Sale,4285.0,7988.0
shopmontigo.com,https://shopmontigo.com,shopify,True,5,1,,__label: Limited Edition|__label:New!|__label: Limited Edition|__label:New!|__label: Limited Edition|__label:New!,25.0,125.9
shopmurphy.in,https://shopmurphy.in,shopify,True,5,1,,Biggest Sale|Biggest Sale|Biggest Sale|Biggest Sale|Biggest Sale,280.0,4125.0
shopmyviolet.com,https://shopmyviolet.com,shopify,True,5,1,,010226|coat|current faves|hoodie|hoodie dress|062725|BFCM2025|cardigan|current faves|knit,42.0,98.0
shopnaked.st,https://shopnaked.st,woocommerce,True,0,1,,,0,0
shopnbuy.in,https://shopnbuy.in,shopify,True,5,1,,,399.0,499.0
shopnickre24h.com,https://shopnickre24h.com,woocommerce,True,0,1,,,0,0
shopoutsized.com,https://shopoutsized.com,shopify,True,5,1,,BASIC T-SHIRTS|BLANKS|MINOR FAULT|NEW IN|T-SHIRTS|BEST SELLERS|GRAPHIC T-SHIRTS|NEW IN|T-SHIRTS|TOPS,1190.0,2790.0
shoppersfortune.com,https://shoppersfortune.com,shopify,True,5,1,,16x16|16x16 inch|3d|cotton|cotton feel|16x16|16x16 inch|3d|cotton|cotton feel,798.0,898.0
shoppymize.com,https://shoppymize.com,shopify,True,5,1,,,699.0,3959.0
shoppz.in,https://shoppz.in,shopify,True,5,1,,,599.0,1199.0
shoprusset.com,https://shoprusset.com,shopify,True,5,1,,import_2022_03_13_091107|Pendants|spo-cs-disabled|spo-default|spo-disabled|bracelet|Bracelets|essential|bracelet|Bracelets,2800.0,8000.0
shopsquad.in,https://shopsquad.in,shopify,True,5,1,,,599.0,799.0
shopthescrublife.com,https://shopthescrublife.com,shopify,True,5,1,,,2750.0,2750.0
shopufs.com,https://shopufs.com,shopify,True,5,1,,,93.0,9999.0
shopwaynecollection.com,https://shopwaynecollection.com,shopify,True,5,1,,recently-restocked-2|Bargain|Bin|Card|Cards|Cheap|recently-restocked-2|Bargain|Bin|Card,1.0,9.95
shopwithpraylady.com,https://shopwithpraylady.com,shopify,True,5,1,,sas pressure cooker|triply pressure cooker,1310.0,3667.0
shopwithus.co.in,https://shopwithus.co.in,shopify,True,5,1,,,3199.0,3599.0
sid-shop.com,https://sid-shop.com,magento,True,0,1,,,0,0
sigemart.com,https://sigemart.com,shopify,True,5,1,,Health &amp; Beauty|New Arrivals|New Arrivals 2026|Sync|Whitening Cream and Powder|Health &amp; Beauty|New Arrivals|New Arrivals 2026|Sync|Whitening Cream and Powder,3.0,59.0
sikkimgamex.com,https://sikkimgamex.com,woocommerce,True,0,1,,,0,0
silkandcotton.store,https://silkandcotton.store,shopify,True,5,1,,,0,0
sillageperfumes.in,https://sillageperfumes.in,shopify,True,5,1,,,249.0,3679.0
simegarden.com,https://simegarden.com,shopify,True,5,1,,Cespugli|piante|Piante a foglia caduca|piante da esterno|piante da giardino|Cespugli|piante|piante da esterno|piante da giardino|piante fiorite,8.95,37.99
simmonsbeautyrest.in,https://simmonsbeautyrest.in,shopify,True,5,1,,,10990.0,1319231.0
simplyfitness.com,https://simplyfitness.com,shopify,True,2,1,,,30.0,34.0
sixthdimension.shop,https://sixthdimension.shop,woocommerce,True,0,1,,,0,0
skincarepersonaltouch.com,https://skincarepersonaltouch.com,shopify,True,5,1,,ACNE PRONE|All Product|Gala|OILY SKIN|SERUM|60 Day Transformation|All Product|Combo|Combos|parent-hide,199.0,1699.0
skinfirstcosmetics.it,https://skinfirstcosmetics.it,shopify,True,5,1,,GIFT_PRODUCT|GIFT_PRODUCT,8.0,96.0
skizo.store,https://skizo.store,woocommerce,True,0,1,,,0,0
skoncosmetics.com,https://skoncosmetics.com,shopify,True,5,1,,Catalogo|Prodotto singolo|Catalogo|Prodotto singolo|Catalogo|Kit|Tripack,26.0,58.5
slsfashionworld.com,https://slsfashionworld.com,shopify,True,5,1,,,549.0,999.0
smarsjewelry.com,https://smarsjewelry.com,shopify,True,5,1,,,1250.0,1290.0
smartclothingpk.com,https://smartclothingpk.com,shopify,True,5,1,,Boys Short Sets|Girls Collection|Girls Short Sets|Short Sets|Boys Summer Sets|Boys Summers Sets|Summers Pajama Shirt Sets|Boys Summer Sets|Boys Summers Sets|Summers Pajama Shirt Sets,850.0,1499.0
smartsporter.nl,https://smartsporter.nl,shopify,True,5,1,,Premium Half Zip Sweater|Premium Beenwarmers|Losse Sokken (Excl. Powerbank)|Powerbank 10.000Mah|IGNITE™ Verwarmde Bodywarmer,14.95,59.95
smg4.store,https://smg4.store,shopify,True,5,1,,Poster|SMG4|MrPuzzles|Sticker Pack|WOTFI|Plush|Toomp|WOTFI|MrPuzzles|Plush,10.0,30.0
snackible.com,https://snackible.com,shopify,True,5,1,,carnival-offer|Immunity booster|No Refined Sugar|Source of Protein|Vegan|bd|carnival-offer|High In Fiber|No palm oil|No Preservatives,50.0,215.0
snackverse.com,https://snackverse.com,woocommerce,True,0,1,paypal,,0,0
societytea.com,https://societytea.com,shopify,True,5,1,,green tea|honey|lemon|leaf tea|bundles|dairy|bundles|dairy|bundles|dairy,79.0,378.0
soigear.vn,https://soigear.vn,shopify,True,5,1,,,3900000.0,9350000.0
solarballs.store,https://solarballs.store,shopify,True,5,1,,Accessories|baseball cap|earth|eco|hats|bundle|Plush|plushies|bundle|Plush,29.5,107.96
solivo.store,https://solivo.store,shopify,True,5,1,,promo-2x60k|antla_in_funnel|antla_in_funnel_1252|promo-2x60k|antla_in_funnel|antla_in_funnel_1252|promo-2x60k|antla_in_funnel|antla_in_funnel_1252|promo-2x60k,50000.0,50000.0
souqgadgets.ma,https://souqgadgets.ma,shopify,True,5,1,,cuisine|Cuisine facile,149.0,258.0
spoiledduckie.co.in,https://spoiledduckie.co.in,woocommerce,False,0,1,,,0,0
sportcenterstore.com.ua,https://sportcenterstore.com.ua,opencart,False,0,1,,,0,0
sportjatekshop.hu,https://sportjatekshop.hu,opencart,False,0,1,,,0,0
sportlife.cl,https://sportlife.cl,woocommerce,True,0,1,,,0,0
sportnewsky.com,https://sportnewsky.com,woocommerce,False,0,1,,,0,0
sportsbaazar.com,https://sportsbaazar.com,woocommerce,True,0,1,,,0,0
sportshop.com.ua,https://sportshop.com.ua,opencart,False,0,1,,,0,0
sportsnethost.com,https://sportsnethost.com,squarespace,True,0,1,,,0,0
sportsun.in,https://sportsun.in,shopify,True,5,1,,,590.0,749.0
srijeedecors.com,https://srijeedecors.com,shopify,True,5,1,,,999.0,1299.0
srimandir.store,https://srimandir.store,shopify,True,5,1,,,999.0,11000.0
ssnsports.com.tr,https://ssnsports.com.tr,opencart,True,0,1,,,0,0
stacjavapera.com,https://stacjavapera.com,woocommerce,False,0,1,,,0,0
standardgifts.co.za,https://standardgifts.co.za,shopify,True,5,1,,Cateringware|Cutlery|Cutlery Cateringware|knives|NA|Cateringware|Cutlery|Cutlery Cateringware|NA|Table Pride,311.0,580.0
stanwellskids.in,https://stanwellskids.in,shopify,True,5,1,,modification|_label_New Arrivals|_label_New Arrivals|_label_New Arrivals|_label_New Arrivals,2099.0,4235.0
steakmyhome.com.tw,https://steakmyhome.com.tw,woocommerce,True,0,1,,,0,0
steama.co,https://steama.co,squarespace,True,0,1,,,0,0
store1914.in,https://store1914.in,shopify,True,5,1,,,260.0,350.0
storecountry.com.br,https://storecountry.com.br,opencart,True,0,1,,,0,0
storeno6.com,https://storeno6.com,shopify,True,5,1,,BEST SELLER|BLOUSE|FESTIVE|GLAM|NEW ARRIVALS|BEST SELLER|BLOUSE|FESTIVE|NEW ARRIVALS|PASTELS,4700.0,9999.0
storeshi.com,https://storeshi.com,shopify,True,0,1,,,0,0
streetlifestore.com.br,https://streetlifestore.com.br,shopify,True,5,1,,,299.9,299.9
strenghtlevel.shop,https://strenghtlevel.shop,shopify,True,5,1,,,23400.0,99900.0
styleboutiqueni.com,https://styleboutiqueni.com,shopify,True,5,1,,NEWSS26|Pink26|SS26|SS26CASUAL|NEWSS26|SS26|SS26CASUAL|NEWSS26|Pink|Pink26,59.95,179.99
subiesupplyco.ca,https://subiesupplyco.ca,shopify,True,5,1,,2026+ OUTBACK EXTERIOR|NEW ITEMS|PREORDER|RALLY ARMOR|SpecialOrder:N|ClearanceItem:N|ENKEI|MPN:A423-0000SP|PREORDER|SpecialOrder:N,7.99,204.99
sugisugi-store.com,https://sugisugi-store.com,shopify,True,0,1,,,0,0
sundasclothing.store,https://sundasclothing.store,shopify,True,5,1,,Blessed Friday|Deal of the Day|dealoftheday|eid collection|embroidered|Blessed Friday|Deal of the Day|dealoftheday|eid collection|embroidered,2499.0,2499.0
sundbergamerica.com,https://sundbergamerica.com,magento,False,0,1,,,0,0
sunkids.com.br,https://sunkids.com.br,shopify,True,5,1,,adultos|adultosnovos|google|trafego|colecaoantiga|drop|estoqueantigo|google|oculosdesoltodos,89.9,97.9
sunnyherbals.in,https://sunnyherbals.in,shopify,True,5,1,,bogos-gift,100.0,357.0
sunwatch.tokyo,https://sunwatch.tokyo,shopify,True,5,1,,電池交換|ブルートゥース|電池交換|電池交換|電波時計|電波時計,12600.0,32700.0
superaudio.com.co,https://superaudio.com.co,woocommerce,True,0,1,,,0,0
supplementstore.rs,https://supplementstore.rs,opencart,True,0,1,,,0,0
supplysix.com,https://supplysix.com,shopify,True,5,1,,,320.0,1430.0
supremefurniture.co.in,https://supremefurniture.co.in,shopify,True,5,1,,Application|Categories|Popularity|Stools|unitTag-Stools|All|Application|Categories|NEW ARRIVAL|Popularity,1700.0,10200.0
surtibaby.com,https://surtibaby.com,shopify,True,5,1,,BASICOS BEBE|BODYS|colecciónequipos|ROPA Y ACCESORIOS|dropshipping|DROPSHIPPINGGRATIS-0|PARA COMER|PROMO_SILLACOMER_2025|SILLA PARA COMER|dropshipping,9990.0,601990.0
swave.shop,https://swave.shop,shopify,True,5,1,,,129.0,249.0
sweetcompass.shop,https://sweetcompass.shop,shopify,True,5,1,,NEW|NEW|NEW|NEW|NEW|TASAKI,128000.0,320000.0
sweetgarden.hu,https://sweetgarden.hu,prestashop,False,0,1,,,0,0
sweetgarden.ro,https://sweetgarden.ro,prestashop,False,0,1,,,0,0
swocclothing.com,https://swocclothing.com,shopify,True,5,1,,summer kurta set|Kurta Set|summer romper|Kurta Set|Frock,2800.0,9200.0
sws-cycling.com,https://sws-cycling.com,woocommerce,False,0,1,,,0,0
sycollections.shop,https://sycollections.shop,shopify,True,5,1,,,399.0,750.0
takajewellery.com.sg,https://takajewellery.com.sg,shopify,True,5,1,,916 Gold|Chains|New Arrivals|Rings|916 Gold|Bracelets|Charms|Heart|New Arrivals|916 Gold,238.0,1588.0
takeiteasyengineers.com,https://takeiteasyengineers.com,woocommerce,False,0,1,,,0,0
tama-shop.fr,https://tama-shop.fr,shopify,True,5,1,,NOUVEAUTES|ROBE|ROBES|robes & combi|TOUT VOIR|260401|ACCESSOIRES|BIJOUX|COLLIER|COLLIERS,14.9,39.9
tanaorjewelry.co.il,https://tanaorjewelry.co.il,shopify,True,5,1,,All Products|best sellers|Diamonds|Gold diamond|luxury-collection|All Products|best sellers|Diamonds|Gold|Gold diamond,559.0,11200.0
taraji-store.com,https://taraji-store.com,woocommerce,True,0,1,,,0,0
taylorfreelancestore.com,https://taylorfreelancestore.com,bigcommerce,False,0,1,,,0,0
teachnouvelle.com,https://teachnouvelle.com,woocommerce,True,0,1,,,0,0
teahouse.ua,https://teahouse.ua,woocommerce,True,0,1,,,0,0
tealer420.com,https://tealer420.com,shopify,True,5,1,,ADMIN: Test Best seller|Gummies Delta 9|Munchies|ADMIN: Test Best seller|Gummies Delta 9|Munchies|Non repertorie,14.9,24.9
teamengine.co.uk,https://teamengine.co.uk,squarespace,True,0,1,,,0,0
teapond.jp,https://teapond.jp,shopify,True,5,1,,2026年|アイスティー|ニルギリ|2026年|アイスティー|ニルギリ|2026年|アイスティー|ニルギリ|ギフト,432.0,3888.0
tebeenawears.com,https://tebeenawears.com,shopify,True,5,1,,BOYS (1-10Y)|GIRL (1-10Y)|LITTLE BOY (0-5Y)|LITTLE GIRL (0-5Y)|status_push|BOYS (1-10Y)|GIRL (1-10Y)|LITTLE BOY (0-5Y)|LITTLE GIRL (0-5Y)|status_push,1499.0,1699.0
tenapod.shop,https://tenapod.shop,opencart,False,0,1,,,0,0
tensports.store,https://tensports.store,shopify,True,5,1,,BACK IN STOCK|BACK IN STOCK|BACK IN STOCK|BACK IN STOCK|BACK IN STOCK,449.0,499.0
tharamclothing.com,https://tharamclothing.com,shopify,True,5,1,,,499.0,499.0
thayyilsports.in,https://thayyilsports.in,shopify,True,5,1,,BARCELONA|Embroidery|Messi|BRAZIL|FIVESLEEVE|oversized|Polo|PREMIUM|AJAX|CRUYFF,300.0,419.0
the-next-decor.com,https://the-next-decor.com,shopify,True,5,1,,[customized]|[customized]|hindu god|Hinduism|Pandurang Vittha|Vertical|Vertical Premium Acrylic Wall Art|hindu god|Hinduism|latest arrivals,1397.0,9599.0
thebootsshoponline.com,https://thebootsshoponline.com,shopify,True,5,1,,collonil|collonil|collonil|collonil|collonil,1760.0,13200.0
thecraftbazar.shop,https://thecraftbazar.shop,shopify,True,5,1,,,499.0,1249.0
thedermacosmetics.com,https://thedermacosmetics.com,shopify,True,5,1,,,1490.0,2000.0
thedriveclothing.com,https://thedriveclothing.com,shopify,True,5,1,,KOOZIE|NEW PANTIES|SKU SYSTEM-DO NOT REMOVE|flag|SKU SYSTEM-DO NOT REMOVE|NEW PANTIES|SKU SYSTEM-DO NOT REMOVE|decal|SKU SYSTEM-DO NOT REMOVE,4.5,25.0
theeliteshop.in,https://theeliteshop.in,shopify,True,5,1,,All|allproduct|All,199.0,1999.0
thefaceshop.in,https://thefaceshop.in,shopify,True,5,1,,Hidden recommendation|active|B5G3|Blemish|Buy10at50|Charcoal|Active|Ageing Skin|All Skin Type|All Skin Types,100.0,1590.0
thefashioncapital.in,https://thefashioncapital.in,shopify,True,5,1,,,499.0,899.0
thefashionhouse.pk,https://thefashionhouse.pk,shopify,True,5,1,,,1299.0,1399.0
thefitfuelnutrition.com,https://thefitfuelnutrition.com,shopify,True,5,1,,applied|Applied Nutrition Calcium & Vitamin K2|Applied Nutrition Magnesium & Vitamin D3 Capsules|Essentials|viatmins|Applied Nutrition Zinc Capsules|zinc|Pre Workout|RYSE Godzilla Pre-Workout,1339.0,5768.0
thegiftstudio.com,https://thegiftstudio.com,shopify,True,5,1,,7PM-Order|BYOH|BYOH-Coffee|BYOH-ROI|BYOH-Valentines|7PM-Order|BYOH|BYOH-Coffee|BYOH-ROI|BYOH-Valentines,450.0,1399.0
thegiftwholesalers.com,https://thegiftwholesalers.com,shopify,True,5,1,,action figures bulk supplier|plastic toys wholesale|toy distributor|action toys distributor|poseable figures wholesale|toy supplier bulk|action toys bulk|kids toys wholesale|toy supplier|wholesale distributor,1230.0,1720.0
theherbalist.co.za,https://theherbalist.co.za,shopify,True,5,1,,,64.95,2000.0
theindianbookstore.in,https://theindianbookstore.in,shopify,True,5,1,,Captain America|Captain America Action Figure|Captain America Avenger Action Figure|Captain America World War 2|Captain America World War 2 Avengers|BATMAN|Batman Action Figure|Batman Justice League Action Figure|Batman Justice League Avengers Action Figure|Batman Justice League Marvel Action Figure,899.0,4999.0
thelilium.shop,https://thelilium.shop,woocommerce,True,0,1,,,0,0
theluxuryfootwear.xyz,https://theluxuryfootwear.xyz,woocommerce,True,0,1,,,0,0
themasterperfumer.in,https://themasterperfumer.in,shopify,True,5,1,,Raw skin|Raw skinn|Titan|Soul|Soul of bali|Summer|Swiss Arabian|By the Fireplace|Fire palace|Fireplace,499.0,699.0
themoonbrand.com,https://themoonbrand.com,shopify,True,5,1,,Feeding Time|Highchairs|Feeding Time|Highchairs|mattress|pet stroller,222.0,570.48
thephonehub.in,https://thephonehub.in,woocommerce,True,0,1,,,0,0
theshopezzy.com,https://theshopezzy.com,shopify,True,5,1,,Liverpool|Man United|Manchester United|Real Madrid|Real Madrid|AC Milan,949.0,949.0
thespykegamepro.com,https://thespykegamepro.com,woocommerce,False,0,1,,,0,0
thevapestorepro.com,https://thevapestorepro.com,wix,False,0,1,,,0,0
thevintageclothing.pk,https://thevintageclothing.pk,shopify,True,5,1,,jhonnypolo|jhonnypolo|jhonnypolo|jhonnypolo|jhonnypolo,1499.0,1499.0
thriftwallet.in,https://thriftwallet.in,shopify,True,5,1,,Clearance sales|Wholesale|2026-03-26T19:53:17Z|affordable-fashion|all-season versatile|baggy-fit|bottomwear|2026-03-26T19:51:41Z|affordable-fashion|all-season versatile,594.0,999.0
thtruemart.vn,https://thtruemart.vn,magento,False,0,1,,,0,0
thuancomputer.com,https://thuancomputer.com,woocommerce,True,0,1,,,0,0
tiendapremium24h.es,https://tiendapremium24h.es,shopify,True,5,1,,,10.0,220.0
tieshop.com,https://tieshop.com,shopify,True,5,1,,Blogger|Chi Chi Slim|scarves|Blogger|Chi Chi Slim|scarves|Blogger|Chi Chi Slim|scarves|Blogger,185.0,185.0
timilla.shop,https://timilla.shop,shopify,True,5,1,,,149.0,299.0
titanwatches.com.bd,https://titanwatches.com.bd,shopify,True,5,1,,3246SM01|brand_Fastrack|Clasp|collection_Bare Basics|gender_Men|Brand_Sonata|Case Material_Metal|Case Shape_Round|Men|Metatag_Men's Watch,2096.25,6396.25
tmfragrance.com,https://tmfragrance.com,shopify,True,5,1,,airy sweet fragrance|airy sweet perfume trend|Amber|ambergris mineral scents.|ambergris scent,499.0,1599.0
tmgame99.com,https://tmgame99.com,woocommerce,True,0,1,,,0,0
toiveshop.com,https://toiveshop.com,shopify,True,5,1,,Alaosat|Housut|Naiset|Neutraalin sävyiset tuotteet|Uutuudet|Mekot|Neutraalin sävyiset tuotteet|Uutuudet|Yläosat|Naiset,64.0,84.0
tokyogamesrgh.com.br,https://tokyogamesrgh.com.br,wix,False,0,1,,,0,0
tokyoverdy.shop,https://tokyoverdy.shop,shopify,True,5,1,,NEW|PICK UP|RECOMMENDED ITEMS|ヴェルディ|ヴェルディ_アスレタヴェルディグッズ|NEW|PICK UP|RECOMMENDED ITEMS|ヴェルディ|ヴェルディ_アスレタヴェルディグッズ,8250.0,14000.0
tomiwatches.pk,https://tomiwatches.pk,shopify,True,5,1,,Branded watch|Business watch|Casual watch|Couple watch|Couple watches|Branded watch|Business watch|Casual watch|Couple watch|Couple watches,2390.0,3450.0
tomobile.store,https://tomobile.store,woocommerce,True,0,1,,,0,0
tonesfashion.com,https://tonesfashion.com,shopify,True,5,1,,Restocked|Restocked,999.0,1299.0
toolstore.com.co,https://toolstore.com.co,shopify,True,5,1,,COMBOS|ONLINE ABRIL 2026|COMBOS|ONLINE ABRIL 2026|COMBOS|ONLINE ABRIL 2026|COMBOS|ONLINE ABRIL 2026|COMBOS|ONLINE ABRIL 2026,399900.0,899900.0
top-shop.md,https://top-shop.md,woocommerce,False,0,1,,,0,0
toponegame.co.in,https://toponegame.co.in,woocommerce,True,0,1,,,0,0
topshoes.store,https://topshoes.store,shopify,True,5,1,,,870.0,1355.0
tougenanki-animestore.com,https://tougenanki-animestore.com,shopify,True,5,1,,_NEW|ur-favorite|予約商品|_NEW|ur-favorite|予約商品|_NEW|ur-favorite|予約商品|_NEW,880.0,7040.0
towelmuseum-shop.jp,https://towelmuseum-shop.jp,shopify,True,5,1,,5000〜10000円|cococibeauty|cococildk|アパレル|ギフト・ラッピング可商品|10001円〜|cococibeauty|cococildk|アパレル|ガーゼ,990.0,13200.0
townscapergame.com,https://townscapergame.com,magento,True,0,1,,,0,0
toyloft.in,https://toyloft.in,shopify,True,5,1,,LMI|LMI|LMI|LMI|LMI,899.0,1499.0
toynix.pk,https://toynix.pk,shopify,True,5,1,,4ft pool|baby pool|children pool|inflatable pool|Intex pool|color matching puzzle|kids educational puzzle|kids maze game Pakistan|magnetic board game kids|magnetic maze puzzle,220.0,6499.0
toyota-select.co.il,https://toyota-select.co.il,woocommerce,True,0,1,,,0,0
toys-india.com,https://toys-india.com,shopify,True,5,1,,1:64|BURAGO|CARS|EXCLUSIVES|FORD|1:64|BURAGO|CARS|EXCLUSIVES|FORD,1899.0,1999.0
toysforlittleminds.com,https://toysforlittleminds.com,woocommerce,True,0,1,,,0,0
toysrus.co.il,https://toysrus.co.il,shopify,True,5,1,,PriorityConnectorProduct|PriorityConnectorProduct|PriorityConnectorProduct|משחקי קופסא|PriorityConnectorProduct|משחקי קופסא|PriorityConnectorProduct,69.9,139.9
toystorey.in,https://toystorey.in,shopify,True,5,1,,Car|mini remote car|rc car|rc helicopter|remote|activity|beach|beach play|games|mould,99.0,1850.0
toyzzshop.bg,https://toyzzshop.bg,magento,True,0,1,,,0,0
toyzzz.rs,https://toyzzz.rs,woocommerce,False,0,1,,,0,0
tramboosports.com,https://tramboosports.com,shopify,True,5,1,,no-cod|nocod|no-cod|nocod|no-cod|nocod|noreturn|no-cod|nocod|ppcod,3499.0,42000.0
tree-stores.com,https://tree-stores.com,shopify,True,5,1,,amany 15|tree10|amany 15|tree10|amany 15|tree10|amany 15|tree10|amany 15|tree10,550.0,999.0
treko.shop,https://treko.shop,woocommerce,True,0,1,klarna,,0,0
tresfereshop.com,https://tresfereshop.com,shopify,True,5,1,,borse|new|borse|new|borse|new|borse|new|borse|new,6.8,6.8
trpwatchcollection.com,https://trpwatchcollection.com,shopify,True,5,1,,,1799.0,2599.0
tuateaferries.com,https://tuateaferries.com,woocommerce,True,0,1,,,0,0
tulipdesigner.com,https://tulipdesigner.com,shopify,True,5,1,,bridal guest lehenga|dupatta designer lehenga|dupatta festive lehenga|dupatta heavy lehenga|dupatta lehenga outfit|anarkali designer wear|anarkali embroidery work|anarkali festive wear|anarkali for bride|anarkali sequence work,1399.0,2999.0
twinfragrance.shop,https://twinfragrance.shop,shopify,True,5,1,,,60.0,500.0
ueirorganic.com,https://ueirorganic.com,shopify,True,5,1,,,97.0,167.0
ukfashions.pk,https://ukfashions.pk,shopify,True,5,1,,Silk|Summer Cotton|Bona Dora|Bona Dora|Chiffon,2500.0,5500.0
underattackapparel.com,https://underattackapparel.com,shopify,True,5,1,,Test|woo_import_1|Test|woo_import_1,1499.0,2249.0
unicorngadgetss.com,https://unicorngadgetss.com,shopify,True,5,1,,,1499.0,1499.0
uniqueclothings.com,https://uniqueclothings.com,shopify,True,5,1,,,950.0,1200.0
uniquestore.ro,https://uniquestore.ro,woocommerce,True,0,1,stripe,,0,0
unitedperfumesllc.com,https://unitedperfumesllc.com,bigcommerce,True,0,1,,,0,0
unlimitedfashionstore.com,https://unlimitedfashionstore.com,shopify,True,5,1,,Feeding Maxi 2XL (Size - 40)|Feeding Maxi L (Size -34)|Feeding Maxi XL (Size - 36)|Frock|Feeding Maxi XL (Size - 36)|Imai Jewels|Imai Jewels|Frock|Normal Maxi,299.0,345.0
urb.shop,https://urb.shop,shopify,True,5,1,,First Class|RESTRICTED_THCA_N|RESTRICTED_D9CBD_170_E|RESTRICTED_D9CBD_5_E|4-pack|RESTRICTED_D9CBD_50_E|RESTRICTED_D9CBD_5_E|6-pack|RESTRICTED_D9CBD_5_E|Hide From Frontend,17.49,99.99
urbanbeauty.pk,https://urbanbeauty.pk,shopify,True,5,1,,Beauty Tools|Flat 50% off|Makeup|Mascara|Beauty Tools|Flat 50% off|Makeup|Mascara|Flat 50% off|Mascara,239.0,299.0
urbanjungle.shop,https://urbanjungle.shop,shopify,True,5,1,,backpack|backpack|cat_accessories|cat_accessories|no-cod|personalization|plates|cat_accessories|no-cod|personalization,699.0,4495.0
urbanspacestore.in,https://urbanspacestore.in,shopify,True,5,1,,Bedsheets|fitted|Floral|King Fitted|King Size|Bedsheets|fitted|Floral|King Fitted|King Size,1799.0,1799.0
urvasiladiesnovelty.com,https://urvasiladiesnovelty.com,shopify,True,5,1,,,429.0,1079.0
uwears.store,https://uwears.store,shopify,True,5,1,,,350.0,599.0
valeriosfashion.com,https://valeriosfashion.com,shopify,True,5,1,,3/28|VD|VDEVENING|VDMAX|VDPARTY|3/28|VBLOUSES|vk|VSHIRTS|VSUMMERSHIRT,34.95,47.95
vanlife-store.com,https://vanlife-store.com,shopify,True,5,1,,"Batteries|collection ""Meilleures ventes / Promos""|Kits solaires|Pack électriques|Selection Vanlife Store|Batteries|collection ""Meilleures ventes / Promos""|Electricité|Kits solaires|Pack d'installation",139.0,1649.0
vapebatt.com,https://vapebatt.com,shopify,True,5,1,,Dab|Dab & Wax Vaporizers|Dab Pen|Dab Pen Battery|High Margin Item|510 Cartridge Battery|510 Thread Battery|Cart Battery|Cartridge Battery|cartridge vape,11.98,26.95
vapehaus.com.my,https://vapehaus.com.my,shopify,True,5,1,,,59.0,369.0
vapemall.pk,https://vapemall.pk,shopify,True,5,1,,coil|OXVA|Oxva Xlim|OXVA XLIM 3ml|Pods|1400mah vape|beginner vape kit|best pod vape 2026|compact vape kit|dual mesh pod,890.0,4490.0
vaperalia.es,https://vaperalia.es,prestashop,True,0,1,,,0,0
vapesinbangalore.in,https://vapesinbangalore.in,shopify,True,5,1,,salt|disposal|disposal|a3|g3 pro|g3 pro koko|gk2|disposal,1799.0,3999.0
vapevilla.in,https://vapevilla.in,shopify,True,5,1,,disposable|Juice|Juice & E-Liquid salt|Juice|Juice & E-Liquid salt|disposable|Reusable,899.0,4800.0
vapewh.com,https://vapewh.com,shopify,True,5,1,,ACTIVE|excise_nicotine|ACTIVE|excise_nicotine|notgbp|ACTIVE|excise_nicotine|notgbp|ACTIVE|excise_nicotine,0.01,1000.0
vapexlabs.in,https://vapexlabs.in,shopify,True,5,1,,14000 puffs|5% nicotine|disposable vape|rechargeable vape|type-c|30mL|40000 piffs|5% nicotine|850mAh battery|disposable vape,1400.0,3099.0
vasofashion.it,https://vasofashion.it,shopify,True,5,1,,bundle|2025|43811|ABBIGLIAMENTO|ABITI|Blu|ABITO|ABITOLUNGO|bomber|bundle,138.6,250.2
vaultroom.shop,https://vaultroom.shop,shopify,True,5,1,,,9900.0,55000.0
vedantu.store,https://vedantu.store,shopify,True,5,1,,CBSE Books|CBSE Books|NEW,305.0,1531.0
veggiegardenseeds.com.au,https://veggiegardenseeds.com.au,shopify,True,5,1,,Autumn|Flower Seeds|Not Large Item|Seeds|Spring|Flower Seeds|Not Large Item|Seeds|Spring|Summer,4.2,5.5
veriteshoes.com,https://veriteshoes.com,shopify,True,5,1,,ALAZKA|TENIS|TENIS|UTAH|MONTANA|TENIS|MONTANA|TENIS|MONTANA|TENIS,650.0,650.0
verymiss.shop,https://verymiss.shop,shopify,True,5,1,,eye|eyeliner|LINER|liquid|very miss|eye|eyeliner|LINER|liquid|very miss,1.0,233.0
viaanakidsstore.com,https://viaanakidsstore.com,shopify,True,5,1,,activity|Adult Money|Busy board|Education products|educational|Card games|Cards|Games|Harry Potter|Indoor Games,449.0,2999.0
viacondotti.store,https://viacondotti.store,shopify,True,5,1,,Accessori|Cerimonia|Novità|PE26|Accessori|Cerimonia|Novità|PE26|Accessori|Cerimonia,12.0,49.9
vicestreetwear.com,https://vicestreetwear.com,shopify,True,5,1,,,149.0,3599.0
victorsport.in,https://victorsport.in,shopify,True,0,1,,,0,0
vijayaartjewellery.com,https://vijayaartjewellery.com,shopify,True,5,1,,,950.0,5750.0
villagedecor.in,https://villagedecor.in,shopify,True,5,1,,Kalvam|Kitchen Tools|Mortar & Pestle Sets|New Arrivals|spreadr-hidden|Ammikal|Kitchen|Kitchen Tools|Mortar & Pestle Sets|spreadr-hidden,649.0,3699.0
villefashion.com,https://villefashion.com,shopify,True,5,1,,saree,999.0,1299.0
vim-beauty.com,https://vim-beauty.com,shopify,True,5,1,,TikTokShop接続|TikTokShop接続|TikTokShop接続,1760.0,3190.0
vintagestore.pk,https://vintagestore.pk,shopify,True,5,1,,,999.0,20000.0
vintagewatcholic.in,https://vintagewatcholic.in,shopify,True,5,1,,17 Jewels|Seiko 5|Seiko 5 MOD with Strap|Shop-all|vintage seiko|17 Jewels|HMT JANATA|Shop-all|35MM Case|HMT,750.0,5450.0
vitaminshoppeparaguay.com.py,https://vitaminshoppeparaguay.com.py,shopify,True,5,1,,spo-default|spo-disabled|Stim Free|Creatina|Creatina Monohidratada|spo-default|spo-disabled|Magnesio|Minerales|Nuevo,120000.0,259000.0
vivaiogardenforest.it,https://vivaiogardenforest.it,shopify,True,5,1,,,20.0,38.0
vivoonlinestore.com,https://vivoonlinestore.com,shopify,True,5,1,,Serie V|Cargadores|Serie V,22.5,699.0
voucherbd.com,https://voucherbd.com,woocommerce,True,0,1,,,0,0
voyageeyewear.com,https://voyageeyewear.com,shopify,True,5,1,,Green|K051PMG|Medium|Men|Polarized|Black|Blue|K051PMG|Medium|Men,1499.0,1499.0
vulcanorunning.com,https://vulcanorunning.com,shopify,True,5,1,,2026 (A)|Adulto|AW26|Bottom (C)|ColeccionCotidiano|2026 (A)|Accesorios (C)|Accesorios (UN)|Adulto|AW26,12990.0,199990.0
wallethr.com,https://wallethr.com,wix,False,0,1,,,0,0
wargosports.com,https://wargosports.com,shopify,True,5,1,,ATLETA|Fly Bundles|Pantalones Joggers Hombre|STREET JOGGERS|AMOR Y AMISTAD|ATLETA|ATLETAS|NO SUMMER SALE|NO WARGO WEEKEND|ATLETA,90000.0,270000.0
watchesreplicauk.to,https://watchesreplicauk.to,woocommerce,True,0,1,,,0,0
watchitmove.in,https://watchitmove.in,shopify,True,5,1,,,2000.0,7000.0
watchtopia.in,https://watchtopia.in,shopify,True,5,1,,nada-hidden|Pre Owned|Seiko|nada-hidden|Pre Owned|Seiko|nada-hidden|Pre Owned|Seiko|nada-hidden,6499.0,13400.0
watchtown.in,https://watchtown.in,woocommerce,True,0,1,,,0,0
watts-team.com,https://watts-team.com,shopify,True,5,1,,AH25|Homme|nouvelle co|PE26|Streetwear|AH25|Enfant|Femme|Homme|NEW CO,9.99,39.99
wayanadantouchgarden.com,https://wayanadantouchgarden.com,shopify,True,5,1,,,89.0,449.0
wearduds.com,https://wearduds.com,shopify,True,5,1,,baggy|comfortable|cotton|Duds|Gen-z|baggy|comfortable|cotton|Duds|Gen-z,499.0,2699.0
wearme.ua,https://wearme.ua,shopify,True,5,1,,2025|casual|new_2025_spting-summer|весна 2026|2026|весна 2026|2024|casual|classic|2026,302.0,1255.0
wearmedfit.com,https://wearmedfit.com,shopify,True,5,1,,accessories|basic|classic-women|men|prime|scrubs|basic|classic-women|men|prime,299.0,3999.0
wearyourwords.in,https://wearyourwords.in,shopify,True,5,1,,cf-size-26|cf-size-28|cf-size-30|cf-size-32|cf-size-34|cf-size-26|cf-size-28|cf-size-30|cf-size-32|cf-size-34,1999.0,1999.0
webgameglobal.com,https://webgameglobal.com,bigcommerce,False,0,1,,,0,0
wellness-dining.com,https://wellness-dining.com,woocommerce,False,0,1,,,0,0
wellness-pro.com,https://wellness-pro.com,shopify,True,0,1,,,0,0
whatavitamin.com,https://whatavitamin.com,shopify,True,5,1,,,1419.0,2289.0
whatsupwellness.in,https://whatsupwellness.in,shopify,True,5,1,,sticky_variant|not-all|sticky_variant|booster_base|sticky_variant|sticky_variant|sticky_variant,299.0,2599.0
whey-protein.ch,https://whey-protein.ch,shopify,True,5,1,,Hautpflege Serum|Staffelrabatt 12% ab 3 Stk.,13.9,17.9
wholesalecatalogz.com,https://wholesalecatalogz.com,opencart,True,0,1,,,0,0
whooshmotorsports.com,https://whooshmotorsports.com,shopify,True,5,1,,Elantra N spare ecu|Elantra N tuning|Lap3|Lap3 Authentic Tuning|Lap3 Tuning|Elantra N spare ecu|Elantra N tuning|Lap3|Lap3 Authentic Tuning|Lap3 Tuning,79.99,3050.0
winepalacegoa.com,https://winepalacegoa.com,woocommerce,False,0,1,,,0,0
winklernutrition.cl,https://winklernutrition.cl,shopify,True,5,1,,Cápsulas|Keto Friendly|Libre de Gluten|Nutrición clínica|Vitamina|Aminoácidos|BCAAs|Fuerza y masa muscular|Informed Sports|Keto Friendly,9990.0,32990.0
wintersportweerman.nl,https://wintersportweerman.nl,woocommerce,True,0,1,,,0,0
wnc-cbd.com,https://wnc-cbd.com,bigcommerce,True,0,1,,,0,0
wonkycoffee.com,https://wonkycoffee.com,shopify,True,5,1,,,6.0,42.0
woolcraftstore.com,https://woolcraftstore.com,shopify,True,5,1,,Thread|Accessories|Accessories,20.0,550.0
xgamecenter.pl,https://xgamecenter.pl,woocommerce,False,0,1,,,0,0
xlncperfumery.com,https://xlncperfumery.com,shopify,True,5,1,,Amberwood|Black Pepper|Cedar|diptyque tam dao|dunhill icon|Elite Edition|perfume|Elite Edition|perfume|Elite Edition,499.0,1999.0
xwine.club,https://xwine.club,shopify,True,5,1,,스페인|pinard|레어|버건디|파타유|pinard|레어|버건디|파타유|lenseignedubordeaux,28.0,88.0
y2kphones.com,https://y2kphones.com,shopify,True,5,1,,alt mive|alt mive case|alt mive case buy|alt mive clear case|alt mive folder case|4G connectivity|4G LTE|Active lifestyle|Active tech|Adventure gear,19.99,209.99
yloshoes.com,https://yloshoes.com,shopify,True,5,1,,2x199.000|no outlet|tienda online|2x199.000|no outlet|PLATAFORMAS 2X199|Plataformas mujer|tienda online|bolso con iniciales|bolso personalizado iniciales,110000.0,190000.0
yusufbhaifragrances.in,https://yusufbhaifragrances.in,shopify,True,5,1,,fragrance_oil|Inspired by|perfume_oil|recreation|Victor Rolf|fragrance_oil|Inspired by|perfume_oil|recreation|Roberto Cavalli,1300.0,2100.0
yzerfashion.be,https://yzerfashion.be,shopify,True,5,1,,softtouch-226082|softtouch-247266|softtouch-247261|softtouch-247249|softtouch-247242,59.95,102.9
zacelectronic.com,https://zacelectronic.com,woocommerce,True,0,1,,,0,0
zamsh.shoes,https://zamsh.shoes,shopify,True,5,1,,דגמים-חדשים|00|best-sellers|נעלי-נוחות-לנשים|נעליים-שטוחות|סנדלים-לנשים|00|כפכפים-לנשים|נעלי-נוחות-לנשים|נעליים-שטוחות,149.0,349.0
zanywholesaleshub.com,https://zanywholesaleshub.com,woocommerce,True,0,1,,,0,0
zareefashion.com,https://zareefashion.com,shopify,True,5,1,,Pinterest Dress|Pinterest Top|Pinterest Dress|Pinterest Dress,879.0,1009.0
zariracollection.shop,https://zariracollection.shop,shopify,True,5,1,,,1750.0,1899.0
zayraapparel.com,https://zayraapparel.com,shopify,True,5,1,,,299.0,299.0
zdrave-proteiny.cz,https://zdrave-proteiny.cz,woocommerce,True,0,1,,,0,0
zenzperfumes.com.mx,https://zenzperfumes.com.mx,shopify,True,5,1,,LATTAFA|LATTAFA|LATTAFA|KAYALI|XERJOFF,105.0,1488.0
zillionsgift.ca,https://zillionsgift.ca,magento,True,0,1,,,0,0
zoroshop.store,https://zoroshop.store,shopify,True,5,1,,2u1 Aku Set - Bušilica i Brusilica 128V|2u1 ​Aku Set (128V): Bušilica i Brusilica|Aku brusilica|Aku busilica|brusilica|Aku mini motorna pila|Aku Motorka - Dvije Baterije 128V - s pomazivanjem|Aku motorna pila|Nordic|Prekrivac za kauc,29.0,109.0
zudiobeauty.com,https://zudiobeauty.com,shopify,True,5,1,,Bodycare|Drip Face Wash|Eyes|Volumizing & Lengthening Mascara|2-in-1 Lip Duo (Shimmer Lipstick + Lip colour)|Lips,0,0
omnifeedandsupply.com,https://omnifeedandsupply.com,shopify,True,5,1,,Brand_NaturVet|Category_Dog Health Supplements|Price_$10 to $30|Species_Dog|Brand_NaturVet|Category_Dog Health Supplements|Price_$10 to $30|Species_Dog|Cat Health & Wellness|Category_Cat Health Supplements,1.99,24.99
swanson-vitamins.com,https://swanson-vitamins.com,shopify,True,0,1,,,0,0
royalflushvape.co.uk,https://royalflushvape.co.uk,shopify,True,5,1,,Active|Active NEW|e-liquids:nicotine-salts|flavour:Fruits|multibuy:3 x E-Liquids for £9|Active|Active NEW|e-liquids:nicotine-salts|flavour:Fruits|multibuy:3 x E-Liquids for £9,3.99,3.99
sportshawaii.com,https://sportshawaii.com,woocommerce,True,0,1,,,0,0
lloydsfamilyjewellery.co.uk,https://lloydsfamilyjewellery.co.uk,magento,True,0,1,,,0,0
ultimatetattoosupply.com,https://ultimatetattoosupply.com,shopify,True,5,1,,"1.5"" cartridge grips|Brand:Ink Machines|cartridge grip|cartridge grips|Category_Default Category/New Arrivals|All Inks|black|black inks|Brand|ColorFamily:Black",7.49,99.99
sujaorganic.com,https://sujaorganic.com,shopify,True,5,1,,non_sellable|non_sellable|non_sellable|non_sellable|multipack,73.99,73.99
tabja.shop,https://tabja.shop,shopify,True,5,1,,All|eve|Mannequin Collection|All|eve|Mannequin Collection|All|eve|Mannequin Collection,697.5,1630.0
paylessfurnitureohio.com,https://paylessfurnitureohio.com,shopify,True,5,1,,bed-pillow|Brand_Ashley|Collection_Nectar Classic|Color_White|consumer-assembly_no-assembly-required|bed-pillow|Brand_Ashley|Collection_DreamCloudTM Classic|Color_White|consumer-assembly_no-assembly-required,59.99,1619.99
motorbargh.shop,https://motorbargh.shop,woocommerce,True,0,1,,,0,0
siameyewear.com,https://siameyewear.com,woocommerce,True,0,1,,,0,0
urbankitsupply.com,https://urbankitsupply.com,shopify,True,5,1,,100-150|chrome-industries|EDC|EDC: Backpacks|EDC: Bags|100-150|chrome-industries|EDC|EDC: Backpacks|EDC: Bags,2.9,139.0
showtimeelectronics.com,https://showtimeelectronics.com,shopify,True,5,1,,"12 Volt|12V|14 Volt|14V|16 Volt|15"" Subwoofer|Brands/Kicker|Brands/Kicker/Subwoofers|SOLOX|Subwoofer Size_15-Inch",20.0,799.99
nutcrackerballetgifts.com,https://nutcrackerballetgifts.com,shopify,True,5,1,,15 Inch|15 inch nutcracker|Discount-Yes|maisonette|Nutcrackers|15 Inch|15 inch nutcracker|badge_Sold out|Discount-Yes|maisonette,14.99,36.99
mycigara.com,https://mycigara.com,shopify,True,5,1,,0-50W|0.8 Ohms|1000-1999mAh|Brand_OXVA|Built-in battery|2 for £9|6mg|9mg|Brand_NordicSpirit|Citrus,6.5,26.99
shopontheedge.com,https://shopontheedge.com,shopify,True,5,1,,100-150|birkenstock|Birkenstock clog|birkenstock clogs|Birkenstock Naples Wrapped|100-150|birkenstock|Birkenstock boots|Birkenstock Highwood Slip On|birkenstock slip-ons,94.95,124.95
loveboxperu.shop,https://loveboxperu.shop,shopify,True,5,1,,,79.0,97.0
taranakibeerfestival.co.nz,https://taranakibeerfestival.co.nz,woocommerce,False,0,1,,,0,0
osmondsfurniture.com,https://osmondsfurniture.com,shopify,True,5,1,,all wood stools|ash wood|Bohemian|Boho|Brown Wood Stool|all wood stools|ash wood|Black wood Stool|Bohemian|Boho,473.91,499.98
turbokids.ca,https://turbokids.ca,shopify,True,5,1,,264_cm|Accessoires|Couleur_Bleu|Couleur_Noir|Couleur_Orange|(1200 Watts)|(2x500 Watts)|(2x500_Watts)|18a|52 Volts,59.95,5499.95
wearerocksax.com,https://wearerocksax.com,shopify,True,5,1,,artist: Coheed & Cambria|Coheed & Cambria|LP Vinyl|nada-hidden|New|artist: Moby|LP Vinyl|Moby|nada-hidden|New,31.99,55.99
supplyvan.com,https://supplyvan.com,bigcommerce,True,0,1,,,0,0
swissphone.de,https://swissphone.de,woocommerce,False,0,1,,,0,0
shopfittingwarehouse.co.uk,https://shopfittingwarehouse.co.uk,bigcommerce,True,0,1,,,0,0
shopnoble.com,https://shopnoble.com,shopify,True,5,1,,adult|ash|black|canvas|new arrivals|adult|canvas|navy|navy blue|new arrivals,125.0,125.0
yvolve.shop,https://yvolve.shop,shopify,True,5,1,,Kollektion_Lieblingsbecher|Marke_yvolve|Preishammer|Produktkategorie_Tassen|Daily Deal|Difuzed Men T-shirt Regular fit|Geschlecht_Männer|Kategorie_Manga & Anime|Marke_Death Note|Kategorie_Manga & Anime,4.99,49.99
ramfabeauty.com,https://ramfabeauty.com,shopify,True,5,1,,Aromatic|Basil|Bergamot|Cedar|Citrus|Amber|Ambroxan|Borntostandout|Citrus|Cumin,1290.0,28430.0
noororganicq8.com,https://noororganicq8.com,shopify,True,5,1,,Hair Care|Hair Care,7.9,37.9
stealthride.co.nz,https://stealthride.co.nz,shopify,True,5,1,,Cables|Hurst|Shifters|Transmission & Driveline|Aeroflow Performance|Aeroflow Performance|Aeroflow Performance,26.85,180.17
westernwear.co.uk,https://westernwear.co.uk,shopify,True,5,1,,,135.0,185.0
myperfumeshop.co.za,https://myperfumeshop.co.za,woocommerce,True,0,1,,,0,0
migros-shop.de,https://migros-shop.de,shopify,True,5,1,,,2.01,11.99
sayebrand.com,https://sayebrand.com,shopify,True,5,1,,m89icon|njv|product:barefoot|product:new in|product:suede|m89icon|njv|product:barefoot|product:new in|product:suede,130.0,165.0
premiumxl.es,https://premiumxl.es,shopify,True,5,1,,,79.99,205.99
workbootwarehouse.com.au,https://workbootwarehouse.com.au,shopify,True,5,1,,,49.95,99.95
thepowertoolstore.com,https://thepowertoolstore.com,shopify,True,5,1,,076174835502|Accessories|Cabinet Installation|Clamp|Construction|076174835502|Accessories|Cabinet Installation|Clamp|Construction,14.99,460.0
shoppriceless.com,https://shoppriceless.com,shopify,True,5,1,,_swatch_collection-angela-set|_swatch_color-#fff3c3|New Arrivals|New Arrivals|New Arrivals|_swatch_collection-adelita-top|_swatch_color-#FFFFFF|New Arrivals|New Arrivals,38.0,95.0
soccersportfitness.ca,https://soccersportfitness.ca,shopify,True,5,1,,"2026|5""|age_group_adult|Course à pied|DFW_Femme|2026|age_group_adult|chaussure|Chaussures|Chaussures de course hivernale pour femme",99.95,209.95
teachabags.com,https://teachabags.com,shopify,True,5,1,,sale_Carol_UA|sale_Carol_UA|sale_Daria_UA|sale_Daria_UA|sale_Mei_UA,24.97,399.99
sergejs-soap.com,https://sergejs-soap.com,shopify,True,5,1,,biscuits-bundle|female|male|male|male|male,49.99,99.99
offset-nutrition.com,https://offset-nutrition.com,shopify,True,5,1,,new_product|protein meal|size down|Müsli|new_product|protein meal|size down|Bundle|new_product|size down,21.9,24.9
secondnaturebrands.com,https://secondnaturebrands.com,shopify,True,5,1,,Sanders Candy-New|sanders dark chocolate|sanders sea salt caramel|sanders tub|seasonal|All Gifts|Gift Boxes|Gift Set|sanders all gifts|Sanders Candy-New,17.54,109.99
mylegacyfurniture.com,https://mylegacyfurniture.com,shopify,True,5,1,,bed-pillow|Brand_Ashley|Collection_Nectar Classic|Color_White|consumer-assembly_no-assembly-required|bed-pillow|Brand_Ashley|Collection_DreamCloudTM Classic|Color_White|consumer-assembly_no-assembly-required,59.0,1479.0
thejamesbrand.com,https://thejamesbrand.com,shopify,True,5,1,,pdp-use-api|spo-default|spo-disabled|pdp-use-api|spo-default|spo-disabled|pdp-use-api|spo-default|spo-disabled|AMBIDEXTROUS,12.95,449.0
tsucosmeticos.com.ar,https://tsucosmeticos.com.ar,woocommerce,True,0,1,,,0,0
oxygen-equipment.com,https://oxygen-equipment.com,woocommerce,True,0,1,,,0,0
mydrinx.shop,https://mydrinx.shop,shopify,True,5,1,,whiskys|vodkas|rums|gins|vodkas,20.99,89.17
raakachocolate.com,https://raakachocolate.com,shopify,True,5,1,,badge-limited|badge-other-1|badge-other-2|badge-other-3|Chocolate Bar|badge-limited|badge-other-1|badge-other-2|badge-other-3|Chocolate Bar,8.0,42.0
youniquefashion.com.au,https://youniquefashion.com.au,woocommerce,True,0,1,,,0,0
perfumelive.com,https://perfumelive.com,magento,False,0,1,,,0,0
weiswesternwear.com,https://weiswesternwear.com,shopify,True,5,1,,New In|New In|New In|New In|New In,34.95,69.95
luckybrandonline.co.zw,https://luckybrandonline.co.zw,woocommerce,True,0,1,,,0,0
sportchief.com,https://sportchief.com,shopify,True,5,1,,Article qui se range|Black|Bleu|Corail|E26|1ere couche|2XL|3XL|Chasse|Couche de base,79.99,159.99
memoriasdoesporteoficial.com.br,https://memoriasdoesporteoficial.com.br,woocommerce,True,0,1,,,0,0
sizzthebrand.com,https://sizzthebrand.com,shopify,True,5,1,,badge_NEW|badge_PRE-ORDER|badge_NEW|badge_NEW|badge_NEW|badge_NEW|Tops,9.95,79.95
teacherabc.com,https://teacherabc.com,shopify,True,5,1,,special education|Music|Art|special education|special education,23.99,23.99
santabarbarachocolate.com,https://santabarbarachocolate.com,bigcommerce,True,0,1,,,0,0
shopdonni.com,https://shopdonni.com,shopify,True,5,1,,ALL24|apparel|baby rib|babyrib|babyrib2025|ALL24|apparel|baby rib|babyrib|babyrib2025,98.0,124.0
simplythebesttoysandgifts.uk,https://simplythebesttoysandgifts.uk,shopify,True,5,1,,Age_Older Child|Age_Teen|Age_Thirty-Something|Age_Young Adult|Age_Young At Heart|Age_Older Child|Age_Teen|Age_Thirty-Something|Age_Young Adult|Age_Young At Heart,5.99,5.99
notanotherbill.com,https://notanotherbill.com,shopify,True,5,1,,Alcohol|Alcohol Gifts|All Products Exc. Food & Drinks|Beach|Deliveroo_Modifier|All Products Exc. Food & Drinks|customily|For the Homebirds|homeware|Keyrings & Lanyards,3.46,62.0
moderntimewatch.io,https://moderntimewatch.io,opencart,True,0,1,,,0,0
vsfwatches.com,https://vsfwatches.com,woocommerce,False,0,1,,,0,0
youreshopcompany.com,https://youreshopcompany.com,shopify,True,1,1,,Blind Box|Collectibles|Exciting Macaron|Labubu|POP MART,41.06,236.59
shopeagleeye.com,https://shopeagleeye.com,bigcommerce,True,0,1,paypal,,0,0
toysfortrucks.com,https://toysfortrucks.com,opencart,False,0,1,,,0,0
sneaker10.cy,https://sneaker10.cy,prestashop,False,0,1,,,0,0
yourwebdesigner.info,https://yourwebdesigner.info,woocommerce,True,0,1,,,0,0
utilitygift.co.uk,https://utilitygift.co.uk,magento,True,0,1,,,0,0
vintagesportsfashion.com,https://vintagesportsfashion.com,magento,True,0,1,,,0,0
shopgoldenwarm.com,https://shopgoldenwarm.com,shopify,True,5,1,,Amount_1 Pack|Amount_10 pack|Amount_15 Pack|Amount_20 Pack|Amount_5 Pack|Amount_1 Pack|Amount_10 pack|Amount_15 Pack|Amount_20 Pack|Amount_5 Pack,3.99,229.99
soaperschoice.com,https://soaperschoice.com,shopify,True,5,1,,Polysorbate|Polysorbate|Rice Bran Oil|Olive Oil|Canola Oil,15.19,76.89
littlebirdelectronics.com.au,https://littlebirdelectronics.com.au,shopify,True,5,1,,education|raspberry-pi|raspberry-pi-4|raspberry-pi-board|stem,2.95,240.0
ukofficefurniture.co.uk,https://ukofficefurniture.co.uk,shopify,True,5,1,,chairs for your office|collection:Office Chairs|mesh office chair|mesh office chairs|office chair|chairs for your office|collection:Office Chairs|computer chairs|office chairs|chairs for your office,104.0,172.0
wineandcheeseplace.com,https://wineandcheeseplace.com,shopify,True,5,1,,Douro Valley|new-arrivals|Portugal|Wine Fortified|Chris Distillery|Herbal Liqueur|Liqueurs & Amaro|new-arrivals|Bourgogne|France Wine,16.99,39.99
toyteclifts.com,https://toyteclifts.com,magento,True,0,1,,,0,0
swisslifefashion.com,https://swisslifefashion.com,woocommerce,True,0,1,,,0,0
shopboutiquew.com,https://shopboutiquew.com,shopify,True,5,1,,,130.0,350.0
thelighting-company.co.uk,https://thelighting-company.co.uk,magento,True,0,1,,,0,0
thejapaneseshop.co.uk,https://thejapaneseshop.co.uk,shopify,True,5,1,,gift-wrap|gift-wrap|gift-wrap|Small Bowls|Soup Bowls|gift-wrap|gift-wrap|Small Bowls|Soup Bowls,9.0,30.0
rmtoys.co.uk,https://rmtoys.co.uk,shopify,True,5,1,,CAR|MOTORSPORT|CAR|CAR|BUS|CAR|F1|MOTORSPORT,14.99,79.99
sportsmirrorsaustralia.com.au,https://sportsmirrorsaustralia.com.au,woocommerce,True,0,1,,,0,0
stayspiced.com,https://stayspiced.com,shopify,True,5,1,,,1.99,359.99
novaclothing.co.uk,https://novaclothing.co.uk,shopify,True,5,1,,Blue|Diesel|Jeans|Latest|Male|Bally|Black|Female|Latest|Most Popular,35.0,56.0
outlet-pc.com,https://outlet-pc.com,shopify,False,0,1,,,0,0
thebeautycrop.com,https://thebeautycrop.com,shopify,True,5,1,,hidden|hidden|new in|no-sale|bundle-component|new in|new in|no-sale,10.0,18.0
truecolorwholesale.com,https://truecolorwholesale.com,shopify,True,5,1,,Back in Stock|Beauty Creation|Cosmetics|Eyebrow|pfs:label-Back in Stock|Back in Stock|Beauty Creation|pfs:label-Back in Stock|Skin care|Back in Stock,18.0,45.0
vioricacosmetic.ro,https://vioricacosmetic.ro,shopify,True,5,1,,Colecții --> Solar|Păr --> Spray-uri|Shop All Protecție Solară|Ten --> Îngrijire gene și sprâncene|Nou|Păr --> Necesități --> Îngrijire Scalp|Seturi --> Seturi pentru Ten|Ten --> Seruri pentru ten|Nou|Colecții --> #Story,79.9,159.0
organicmisr.com,https://organicmisr.com,shopify,True,0,1,,,0,0
prflorist.com.my,https://prflorist.com.my,shopify,True,5,1,,Deals|Gerbera|International Women's Day|Special Deal|Worth To get|Deals|Gerbera|International Women's Day|Special Deal|Worth To get,3.5,67.0
safrinskincare.com.pk,https://safrinskincare.com.pk,shopify,True,5,1,,acne skin|oil control|oily skin|dark spots|oxido|pigmentation|skin lightening|Eye Cream|oxido|new,1658.0,9308.0
seventhcircleaudio.com,https://seventhcircleaudio.com,wix,False,0,1,,,0,0
sexymenunderwear.com,https://sexymenunderwear.com,shopify,True,5,1,,BRAND_BREEDWELL|NOT-ON-SALE|SIZE_2XL|SIZE_L|SIZE_M|BRAND_BREEDWELL|NOT-ON-SALE|SIZE_2XL|SIZE_L|SIZE_M,47.95,55.95
thorogoodworkwear.com,https://thorogoodworkwear.com,shopify,True,5,1,,Apparel|Color_Denim Blue Railroad Stripe|Color_Iron Gate|Denim Blue Railroad Stripe|Iron Gate|Apparel|Black|Color_Black|Hoodie|Hoodies & Sweatshirts,34.99,79.99
mjfootwear.com,https://mjfootwear.com,shopify,True,5,1,,150-200|AERO|color-white|Gravel ContaGRIP®|handle:salomon-mens-aero-glide-4-grvl-running-shoe-l49174700-stormy-weather|100-150|color-taupe|comfort|features-waterproof|handle:sorel-womens-out-n-about-iv-chillz-waterproof-boot-taupe-black-2088131-264,49.99,159.99
millenniumgames.com,https://millenniumgames.com,shopify,True,5,1,,Event|Magic|Premier|Special|TCG Event|Event|Magic|Premier|Special|TCG Event,40.0,80.0
millstonenursery.com,https://millstonenursery.com,shopify,True,5,1,,,14.0,248.0
natureswear.com,https://natureswear.com,shopify,True,5,1,,Australian brand|Australian Design|Australian designed|AUTUMN AND WINTER SLEEPWEAR|comfortable|givoni|Long sleeve winter pyjama|Nursing Home|plus size|pyjama,79.95,104.95
shop.nc,https://shop.nc,magento,False,0,1,,,0,0
skibiditoilet.shop,https://skibiditoilet.shop,shopify,True,5,1,,New_2.5.26|promo_april fools sale|SKB-0010|New_2.5.26|promo_april fools sale|SKB-0010|New_2.5.26|promo_april fools sale|SKB-0010|Accessories,15.0,30.0
littlecigarwarehouse.com,https://littlecigarwarehouse.com,magento,True,0,1,,,0,0
yeswellness.com,https://yeswellness.com,shopify,True,5,1,,New Arrival|New Arrival|New Arrival|New Arrival,24.95,56.95
paristexasbrand.com,https://paristexasbrand.com,shopify,True,5,1,,__style:LIDIA MULE|_preorder|__style:DALLAS EMBELLISHED TOE ANKLE BOOT|_preorder|__style:LIDIA SLINGBACK|_preorder|__style:ALAIN LOAFER|_preorder|__style:VERA OPEN TOE MULE 105|_preorder,795.0,1090.0
northwayshoes.com,https://northwayshoes.com,shopify,True,5,1,,4.5 inch|Danner|Soft Toe|Uninsulated|Waterproof|Birkenstock|Birko-Flor|Granada|Carhartt|Socks,19.95,190.0
lotos-pharma.com,https://lotos-pharma.com,woocommerce,True,0,1,,,0,0
petitmoi-shop.com,https://petitmoi-shop.com,shopify,True,5,1,,2024|CE2|CE3|January|2024|AE1|April|CE2|2023|AE2,170.0,230.0
urbangarden.rs,https://urbangarden.rs,woocommerce,False,0,1,,,0,0
running-point.co.uk,https://running-point.co.uk,shopify,True,0,1,,,0,0
patmenziesshoes.co.nz,https://patmenziesshoes.co.nz,shopify,True,5,1,,filter_colour:White|group:FC_POLCLOTH|product_style:Shoe Care|YGroup_FC_POLCLOTH|badge:New|filter_colour:Brown|filter_material:Sheepskin|gender:Womens|group:UG_TASMAN|filter_colour:Brown,8.5,320.0
mistercigar.com,https://mistercigar.com,woocommerce,False,0,1,,,0,0
myautoparts.com.au,https://myautoparts.com.au,shopify,True,5,1,,,102.11,852.26
parleycosmetics.com,https://parleycosmetics.com,shopify,True,5,1,,face wash|Nomark|parley face wash|face wash|Parley Cosmetics|parley face wash|scrub,70.0,1515.0
shopilya.com,https://shopilya.com,shopify,True,5,1,,anal beads|anal toys|b-vibe|bundles|butt plugs|clit|clit vibrator|female|g-spot|g-spot vibrators,820.0,19500.0
uscamerapro.com,https://uscamerapro.com,magento,True,0,1,,,0,0
thewineflyer.co.uk,https://thewineflyer.co.uk,bigcommerce,True,0,1,,,0,0
worldluxuryhousesitting.com,https://worldluxuryhousesitting.com,woocommerce,False,0,1,,,0,0
nyspiceshop.com,https://nyspiceshop.com,shopify,True,5,1,,candies|New Arrival|New Arrival|RICE|New Arrival|RICE|New Arrival|RICE|Infuser|New Arrival,7.99,69.99
topbeautybrides.net,https://topbeautybrides.net,shopify,True,0,1,,,0,0
thailandoutdoorshop.com,https://thailandoutdoorshop.com,shopify,True,5,1,,Coleman|N2B|TOS|B2B|Thermacell|TOS|Coleman|N2B|TOS,750.0,3000.0
world4ufree.deals,https://world4ufree.deals,woocommerce,False,0,1,,,0,0
shoptech.co.ke,https://shoptech.co.ke,woocommerce,True,0,1,,,0,0
shoprsd.com,https://shoprsd.com,shopify,True,5,1,,accessory|All Accessories|April|Baby|Camera|1948|1948 Leather|All 1948 Leather Bags|Autumn|Bag,19.0,229.0
sengear.com.my,https://sengear.com.my,woocommerce,False,0,1,,,0,0
monodsports.com,https://monodsports.com,shopify,True,5,1,,new-arrival|women|Women's - Bottoms - Casual Pants - Pants|women|Women's - Bottoms - Casual Pants - Pants|new-arrival|women|Women's - Footwear - Winter & Rain Boots - Winter Boots|Ski - Accessories - Goggles & Lenses - Goggles|Hike & Camp - Sleeping Bags & Pads - Sleeping Bags - Down Sleeping Bags,108.99,929.99
soneesports.com,https://soneesports.com,shopify,True,5,1,,ladies|lady|nike-na-nov25-2|woman|women|adidas-aug-2025|adidas-jan-2025-3|man|mans|men,650.0,3495.0
luxurycowhides.com,https://luxurycowhides.com,shopify,True,5,1,,,199.0,249.0
thaihomeshop.com,https://thaihomeshop.com,shopify,True,5,1,,Bamboo Pendant Light Shade|Captivating Light Fixture|Customizable Shade|Eco-friendly Design|Flexible Bamboo Design,4.99,199.99
projectcloudshoes.com,https://projectcloudshoes.com,shopify,True,5,1,,Arch Support Women|Everyday Comfort Women|For Standing Jobs Women|Memory Foam Women|New Collection|Buy with Prime|casual|Durable Kids|Easy On/Off Kids|Kids,34.9,44.9
sportsmart.com.au,https://sportsmart.com.au,shopify,True,5,1,,1168691-DZLP|Hoka|1162011-SSTT|Hoka|1168690-TDRC|Hoka|MFCX30X|New Balance|GFCX8CH|New Balance,119.0,224.25
springfield-wellness.com,https://springfield-wellness.com,woocommerce,True,0,1,,,0,0
motherboard-world.com,https://motherboard-world.com,woocommerce,True,0,1,,,0,0
phenomelitebrand.com,https://phenomelitebrand.com,shopify,True,5,1,,Academy|Black|DSG|Dune|Gold|Academy|Black|DSG|Dune|Gold,26.99,189.98
nargisfashion.com,https://nargisfashion.com,woocommerce,True,0,1,,,0,0
ourballsports.com,https://ourballsports.com,woocommerce,True,0,1,,,0,0
pressurewashersupply.com,https://pressurewashersupply.com,shopify,True,5,1,,,37.0,9999.0
nationalpharmacies.com.au,https://nationalpharmacies.com.au,woocommerce,True,0,1,,,0,0
shoplifestyle.com,https://shoplifestyle.com,shopify,True,5,1,,ewing-athletics|size-10|size-10-5|size-11|size-12|ewing-athletics|size-10|size-10-5|size-11|size-12,85.0,160.0
megamedusa-australia.com,https://megamedusa-australia.com,bigcommerce,False,0,1,,,0,0
sportkind.de,https://sportkind.de,shopify,False,0,1,,,0,0
yangtzestore.com,https://yangtzestore.com,shopify,True,5,1,,Color_Blue|Material_Silk|neckerchief|Pattern_Classic Painting|Shape_Small Square|Color_Blue|Material_Silk|neckerchief|Pattern_Classic Painting|Shape_Small Square,15.99,16.99
shophomemed.com,https://shophomemed.com,shopify,True,5,1,,Car Seat|car seat wedge|Replacement Parts|Replacement Parts|Replacement Parts|elevated leg rest|elevating leg rest|elevating leg rests|Invacare|leg rest,12.99,447.0
sunsetfashionb2b.com,https://sunsetfashionb2b.com,magento,True,0,1,,,0,0
officialracegear.com,https://officialracegear.com,shopify,True,5,1,,color_white|decal|flow-publish|m_salecode|nascar|collectible|color_black|m_salecode|novelties|outdoor,4.0,99.95
nudecosmetics.de,https://nudecosmetics.de,shopify,True,5,1,,,17.0,189.0
starrwesternwear.com,https://starrwesternwear.com,shopify,True,5,1,,Blue|Brown|Kimes Ranch|Pink|T-Shirts|Blue|Jeans|Jeans 24|Jeans 25|Jeans 26,27.99,69.99
oakcityspiceblends.com,https://oakcityspiceblends.com,wix,False,0,1,,,0,0
vuestorefront.io,https://vuestorefront.io,bigcommerce,False,0,1,,,0,0
louilyjewelry.com,https://louilyjewelry.com,shopify,True,5,1,,3.0Ct-4.0Ct|3.5ct|925 Sterling Silver|Cushion Cut|Engagement Ring|4.0Ct-5.0Ct|5.0Ct|5.0Ct-6.0Ct|925 Sterling Silver|Engagement Ring,119.0,289.0
premiumropes.com,https://premiumropes.com,magento,True,0,1,,,0,0
watchobsession.co.uk,https://watchobsession.co.uk,shopify,True,5,1,,3513.50.00|39mm|50m|Automatic|Automatic Winding|20mm|20mm/16mm|22mm|22mm/20mm|Buckle_16mm,105.0,10950.0
oneupchocolatebars.co.uk,https://oneupchocolatebars.co.uk,woocommerce,True,0,1,,,0,0
mainclinicsupply.com,https://mainclinicsupply.com,shopify,True,5,1,,no_index|HACC|MAINT|HACC|MAINT|hidden|learn-more|no_index|HACC|MAINT,15.0,2853.0
planetbeer.net,https://planetbeer.net,woocommerce,False,0,1,,,0,0
rdxsports.pe,https://rdxsports.pe,shopify,True,5,1,,,379.0,519.0
toys4me.com,https://toys4me.com,shopify,True,5,1,,AGE:12+ years|AGE:4-12 years|GEN:Boys|GEN:Girls|New Arrivals,89.0,1799.0
windflowerflorist.com,https://windflowerflorist.com,shopify,True,5,1,,Congratulations|Orchid|Orchids|Shop Occasions|Thank You|Congratulations|Orchid|Orchids|Shop Occasions|Thank You,75.0,190.0
pinkblushmaternity.ca,https://pinkblushmaternity.ca,shopify,True,5,1,,$25 - $50|Charmo|Clearance : 0|Color: Green|colorgrp-32306|$25 - $50|Band Type: Elastic|Clearance : 0|Color: Black|colorgrp-51047,54.0,86.4
trainersport.ro,https://trainersport.ro,woocommerce,True,0,1,,,0,0
woodpeckerscrafts.com,https://woodpeckerscrafts.com,shopify,True,5,1,,Baltic Birch Plywood B/BB Sheets|New|Rectangle And Square Cutouts|Baltic Birch Plywood B/BB Sheets|New|Rectangle And Square Cutouts|Chunky Wood Cutouts|Mother's Day|New|Shop By Season,0.99,64.69
mulaccosmetics.com,https://mulaccosmetics.com,shopify,True,5,1,,beslick|CAPELLI_Crespi|CAPELLI_Lisci|CAPELLI_Normali|Cura dei capelli|all|AZIONE_Allungante|AZIONE_Volumizzante|CARATTERISTICHE_Banda trasparente|ciglia finte,11.9,52.56
uturnaudio.com,https://uturnaudio.com,shopify,True,5,1,,,15.0,1128.0
yoekfashion.de,https://yoekfashion.de,shopify,True,5,1,,brand_yoek|collection_sweaters_cardigans|collection_tops|label_2026|material_cotton_mix|brand_yoek|collection_dresses|collection_dresses_dresses_dresses_other|label_2026|material_dolce,99.0,179.0
noorkids.com,https://noorkids.com,shopify,True,5,1,,Edu-Partner|Edu-Partner|Cancellation Offer|Character-building Program|Monthly|Book Bundles|Wholesale,6.99,598.8
supersportschools.com,https://supersportschools.com,woocommerce,False,0,1,,,0,0
supplynet.com,https://supplynet.com,magento,True,0,1,,,0,0
skipsboots.com,https://skipsboots.com,shopify,True,5,1,,bf23-20-off-deal|bfdeal23-brand|c:boot|c:cowboy-boot|c:work-boot|c:shirt|c:top|category-kids|cf-vendor-wrangler|color-tan,9.87,99.87
shoppy-lk.tech,https://shoppy-lk.tech,woocommerce,True,0,1,klarna,,0,0
louzanfashion.com,https://louzanfashion.com,shopify,True,5,1,,50ML|Perfume|‏Eman Al Hemyari,357.0,1250.0
topshoes.gr,https://topshoes.gr,woocommerce,True,0,1,,,0,0
prohibited.shop,https://prohibited.shop,shopify,True,5,1,,knit|tanktop|bd|pants|bd|knit|bd|scarf|bd|knit,49.99,99.99
tagsportsgear.com,https://tagsportsgear.com,magento,True,0,1,,,0,0
vacayswimwear.com,https://vacayswimwear.com,shopify,True,5,1,,Final Sale|true to size|Final Sale|true to size|true to size|true to size|true to size,50.05,59.15
skincareblissy.com,https://skincareblissy.com,woocommerce,True,0,1,,,0,0
sportdirect.ca,https://sportdirect.ca,shopify,True,5,1,,Nouveaux produits|Classic outdoor fitness range|Equipment|Fitness|Matériel d'entraînement|Outdoor fitness|Accessoires Fitness|Classic outdoor fitness range|Equipment|Fitness,149.95,3850.0
medicalwear.ro,https://medicalwear.ro,shopify,True,5,1,,barbati|BONETA|boneta medicala|boneta unisex|femei|barbati|BONETA|boneta medicala|boneta unisex|femei,25.0,159.0
memongadgets.com,https://memongadgets.com,shopify,True,5,1,,,180.0,550.0
mktgifts.com,https://mktgifts.com,shopify,True,5,1,,Bidón Sublimación|Jarras y Termos|ref:5341|Sublimación|Tazas|Hogar y Decoración|ref:22002|Vela Aromática|Hogar y Decoración|Lámpara,0.39,7.18
nanathebrand.com,https://nanathebrand.com,shopify,True,5,1,,Avril2026|Brown|Brun|exclusif|Femmes|Avril2026|Bas de bikini|Bas de bikinis|Bikini bottom|Brown,49.0,59.0
neora-store.com,https://neora-store.com,shopify,True,5,1,,N246|ID490|binnenverlichting|ID940|buitenverlichting|ID114|ID744,74.95,399.99
proffsport.no,https://proffsport.no,shopify,True,5,1,,2xu|idrettsklær|idrettstøy|Klær_proffsport|Proffsport|+mote|+size|+størrelser|100-1000|3XL,299.0,1899.0
ombwatch.org,https://ombwatch.org,shopify,True,0,1,,,0,0
tessi-supply.com,https://tessi-supply.com,shopify,True,5,1,,Juniper Organizer Set|Model Y Juniper Zubehör Set|Model Y Zubehör|Schlüsselkarte|BLE-Sensor Tesla|Model Y Standard Winterkompletträder|Räder META|Tesla Model Y Felgen ABE|Tesla Model Y Komplettrrad|BLE-Sensor Tesla,299.0,2450.0
pharmagrand.gr,https://pharmagrand.gr,opencart,True,0,1,,,0,0
svietdecor.com,https://svietdecor.com,woocommerce,True,0,1,,,0,0
titantoyz.com,https://titantoyz.com,shopify,True,5,1,,Arkham Knight|arkham night|Batman|DC|DC Multiverse|Card Games|Japanese|Pokemon|Pokemon Card|Card Games,35.99,179.99
unionlighting.com,https://unionlighting.com,shopify,True,5,1,,Brand_Dals|Category_Step Light|CDNMarketPricing|DiscoReduced|Finish_Black|Brand_Satco Canada|Bulbe base_T8|Category_Bulbs|CDNMarketPricing|DiscoReduced,16.0,144.0
vvsjewelry.com,https://vvsjewelry.com,shopify,True,5,1,,,105.0,509.0
shopandship.co.za,https://shopandship.co.za,shopify,True,5,1,,UAG Scout For Samsung Galaxy A57 Case - Black|UAG Scout For Samsung Galaxy A37 5G Case|Samsung Silicone Cover For Samsung Galaxy A57|Samsung Rugged Case For Samsung Galaxy A37 - Black|Samsung Silicone Cover For Samsung Galaxy A37 - Black,379.0,529.0
valerifurniture.com,https://valerifurniture.com,shopify,True,5,1,,500-1000|Brand_Jackson|chair|Color_Sandstone|material_upholstered|1000-1500|Brand_Jackson|Color_Cloud|material_upholstered|Room_Living Room,420.0,1000.0
sport.com.mk,https://sport.com.mk,woocommerce,True,0,1,,,0,0
techntoys.com,https://techntoys.com,magento,True,0,1,,,0,0
worldofcoffee.org,https://worldofcoffee.org,magento,True,0,1,,,0,0
lifespankids.com.au,https://lifespankids.com.au,shopify,True,5,1,,Cubby Houses|ExpressVIC|Feat-GroundHeightCubbyHouses|ParentSKU|Size-SmallSizedCubbyHouses|Acce-TrampolineReplacementParts|ExpressVIC|ParentSKU|RegularPrice|Trampoline Parts,90.0,499.0
mensdesignershoe.com,https://mensdesignershoe.com,shopify,True,5,1,,30781|Alligator Shoes|Brown Shoes|Casual Shoes|Exotic Shoes|30780|Alligator Shoes|Casual Shoes|Exotic Shoes|Green Shoes,298.0,975.0
moonshotgamestore.com,https://moonshotgamestore.com,shopify,True,5,1,,meta-loyalty-eligible|meta-loyalty-eligible|cohub-full-count|Game Supplies|meta-loyalty-eligible|meta-non-mtg-single|meta-non-single|heavy|meta-loyalty-eligible|meta-non-mtg-single,2.99,26.99
westingames.com,https://westingames.com,woocommerce,False,0,1,,,0,0
nailwholesale.com,https://nailwholesale.com,bigcommerce,True,0,1,,,0,0
watchesoff5th.com,https://watchesoff5th.com,shopify,True,5,1,,Brand_Richard Mille|Price_on_Request|Brand_Audemars Piguet|Brand_Audemars Piguet|Brand_Audemars Piguet|Price_on_Request|Brand_Rolex,23000.0,500000.0
thewineshop.com,https://thewineshop.com,shopify,True,5,1,,,25.0,80.0
tntfashion.ca,https://tntfashion.ca,shopify,True,5,1,,CREWNECKS|gr03.30.26|gr03.31.26|iu03.12.26|KNIT|BOTTOMS|gr03.30.26|gr03.31.26|iu03.12.26|MENS,240.0,320.0
sarikhobbies.com,https://sarikhobbies.com,woocommerce,False,0,1,,,0,0
snokid.net,https://snokid.net,bigcommerce,False,0,1,,,0,0
planetcaravansmokeshop.com,https://planetcaravansmokeshop.com,shopify,True,5,1,,420 Savings|420 Savings|710-25-off|710-promo|BLKF25|collection:Flower_Supplies|420 Savings|Bong|Bongs|BPR,14.99,59.99
lookofsport.com,https://lookofsport.com,magento,False,0,1,,,0,0
pygear.com,https://pygear.com,woocommerce,True,0,1,,,0,0
naturalwellnessmassagerenton.com,https://naturalwellnessmassagerenton.com,magento,True,0,1,,,0,0
smile-toys.ru,https://smile-toys.ru,woocommerce,True,0,1,,,0,0
thelittleluxury.com,https://thelittleluxury.com,shopify,True,5,1,,,11.99,129.99
livingearthbeauty.com,https://livingearthbeauty.com,shopify,True,5,1,,Addon|Brand_Routine.|Addon|Brand_Routine.|Addon|Brand_Routine.|Blemished Skin|Brand_Elaa|Dry Skin|Elaa,39.0,49.0
sneakerboxshop.ca,https://sneakerboxshop.ca,shopify,True,5,1,,Footwear|Men|Spring26|STX_Not_Matched|Footwear|Men|Spring26|STX_Not_Matched|Footwear|Men,145.0,260.0
nutmegstatenutrition.com,https://nutmegstatenutrition.com,shopify,True,5,1,,sale,16.89,48.89
massivemusicstore.com,https://massivemusicstore.com,shopify,True,5,1,,Bee Gees|C:M-|mmsUbi_null|POP|S:VG+|C:VGO|DISCO 70-80|mmsUbi_null|S:M-|Spagna,6.99,9.99
theburntpeanut.store,https://theburntpeanut.store,shopify,True,5,1,,burntpeanut|no-size|theburntpeanut|twitch|burntpeanut|no-size|theburntpeanut|twitch|burntpeanut|cotton-t-shirt,35.0,35.0
netpharmacy.co.nz,https://netpharmacy.co.nz,shopify,True,5,1,,Discountable|enable-AMP|Ginger|Health Conditions|Supplements|Allergy|Allergy & Hayfever|Antihistamine|enable-AMP|ExcludeRewards,6.9,27.5
spacefurniture.com.au,https://spacefurniture.com.au,shopify,True,5,1,,availability: Shop online|category-landing: Lighting|category: Pendant Lights|Commercial|country: The Netherlands|availability: Shop online|category-landing: Lighting|category: Pendant Lights|Commercial|country: The Netherlands,4000.0,13010.0
privatesneakers.com,https://privatesneakers.com,shopify,True,5,1,,03/26|20%|clothing|Mens|nike|03/26|20%|clothing|Mens|Olivia,8.0,48.0
vsoilmill.com,https://vsoilmill.com,woocommerce,True,0,1,,,0,0
sherpaadventuregear.com,https://sherpaadventuregear.com,shopify,True,5,1,,Organic Cotton|Recycled|recycled polyester|Travel|YGroup_Womens_Ghoral_Shorts|Organic Cotton|Recycled|recycled polyester|Travel|YGroup_Womens_Ghoral_Shorts,85.0,85.0
yummicandles.com,https://yummicandles.com,shopify,True,5,1,,ALL-PRODUCTS-TAG|criteo-exclude|NO_PRIORITY_SHIP|shoelace-exclude|ALL-PRODUCTS-TAG|criteo-exclude|NO_PRIORITY_SHIP|shoelace-exclude|ALL-PRODUCTS-TAG|criteo-exclude,10.0,25.0
moonshineandlaceboutique.com,https://moonshineandlaceboutique.com,shopify,True,5,1,,boho top|boutique|boutique clothing|boutique style|casual layering top|2026|2604|boutique clothing|boutique style|bow tie,32.75,56.75
thatshoestore.com,https://thatshoestore.com,shopify,True,5,1,,CushionNeutral|CushionNeutral|CushionNeutral,129.98,160.0
missionwines.com,https://missionwines.com,magento,True,0,1,,,0,0
showsupply.com,https://showsupply.com,magento,True,0,1,,,0,0
team-outdoors.fr,https://team-outdoors.fr,opencart,True,0,1,,,0,0
th-store.cz,https://th-store.cz,opencart,False,0,1,,,0,0
thescholarssourcebookstore.co,https://thescholarssourcebookstore.co,shopify,True,5,1,,Shopify Collective|Wendell August Forge|ALEX AND ANI|Shopify Collective,19.0,175.0
vapedubailess.com,https://vapedubailess.com,shopify,True,5,1,,20%|Approx. Puffs_K20000 & More Puffs|Battery_Built In|Battery_Rechargeable|Brand_Al Fakher|20%|Approx. Puffs_K20000 & More Puffs|Battery_Built In|Battery_Rechargeable|Brand_Maskking,40.0,80.0
tornadoteamsport.de,https://tornadoteamsport.de,woocommerce,True,0,1,,,0,0
myshopville.com,https://myshopville.com,shopify,True,5,1,,BBHidden|Exception|New|not-on-sale|PlayStation|Card Games|Cyberpunk|DeSync|New|not-on-sale,29.99,239.95
liquidation.store,https://liquidation.store,shopify,True,5,1,,,3.99,8.99
lishop.store,https://lishop.store,opencart,False,0,1,,,0,0
lojagogowear.com.br,https://lojagogowear.com.br,opencart,True,0,1,,,0,0
loshfashion.com,https://loshfashion.com,shopify,True,5,1,,2-04|VK|VT|2-04|VK|VTOPS|2-04|HK|HTOPS|2-04,189.99,199.99
losratones.shop,https://losratones.shop,shopify,True,5,1,,Season 1|Season 2|Season 2|Stockholm,35.0,70.0
luma-cosmetics.com,https://luma-cosmetics.com,shopify,True,5,1,,,24.9,29.9
m3toto2daftar.store,https://m3toto2daftar.store,shopify,True,0,1,,,0,0
maazsafder.store,https://maazsafder.store,shopify,True,5,1,,All|men|Top Seller|All|Top Seller|women|All|Top Seller|women|All,200.0,4900.0
macaronikids.com,https://macaronikids.com,shopify,True,5,1,,boy|kid|shirt|SS26|sundays best|girl|Girls|kid|polo|SS26,58.99,91.99
madniperfumers.com,https://madniperfumers.com,woocommerce,True,0,1,,,0,0
mammothheadwear.com,https://mammothheadwear.com,shopify,True,5,1,,blue|Classic|Curved Brim|logo|NOREVIEW|Classic|Curved Brim|logo|NOREVIEW|performance hats,54.99,54.99
masia.shop,https://masia.shop,shopify,True,5,1,,Air/Oil Separator|Air/Oil Separator|Air/Oil Separator|Air/Oil Separator|Air/Oil Separator,912.65,912.65
masutakitchen.com,https://masutakitchen.com,shopify,True,5,1,,,59.99,199.0
meevyy.store,https://meevyy.store,shopify,True,5,1,,,599.0,1099.0
melonpark.shop,https://melonpark.shop,shopify,True,5,1,,,450.0,1050.0
mgclothing.co.za,https://mgclothing.co.za,woocommerce,True,0,1,,,0,0
mgmgamers.store,https://mgmgamers.store,shopify,True,5,1,,calidad-baja|currency-ars|material-pro|mgm_fp:db7a7adcc7786578cdcb0c12037e9ef671807a3d1e5a2c7274171|currency-ars|material-pro|mgm_fp:830009519b7522fe285eb5c1dce8398e010992c8d5feff09fe120|currency-ars|material-pro|mgm_fp:a4a3872cb3889d3fcdbc79cdc4bed14f3b07106bfaec2ec62b078,15000.0,54375.0
mi-store.sk,https://mi-store.sk,woocommerce,True,0,1,,,0,0
minibike-shop.cz,https://minibike-shop.cz,prestashop,True,0,1,,,0,0
miyoshisoap.co.jp,https://miyoshisoap.co.jp,shopify,True,5,1,,法人割引適用外|配送希望日時指定不可|つめかえ|つめかえ|つめかえ,187.0,1650.0
momsmilletorganics.com,https://momsmilletorganics.com,woocommerce,True,0,1,,,0,0
mstnutrition.ua,https://mstnutrition.ua,woocommerce,True,0,1,,,0,0
muthebrandstore.com,https://muthebrandstore.com,shopify,True,5,1,,B alternative_colour: Multicolor product: capri|Mujer|Zapatillas|Mujer|Zapatillas|Hombre|Zapatillas|A alternative_colour: Beige product: capri-beige|B alternative_colour: Multicolor product: capri|Mujer,8.0,159.0
mycustomheart.com,https://mycustomheart.com,shopify,True,5,1,,,55.0,55.0
nammakids.com,https://nammakids.com,shopify,True,5,1,,,299.0,499.0
neoporte-webshop.com,https://neoporte-webshop.com,shopify,True,5,1,,0期生|1期生|2025|2期生|3期生|0期生|1期生|2026|2期生|3期生,500.0,2200.0
neutralighting.co.uk,https://neutralighting.co.uk,shopify,True,5,1,,__with:people-canvas-art-pe442|artismore import|Artist_Ashley Bidot|Color_Beige|Color_Black|__with:people-canvas-art-pe441|artismore import|Artist_Ashley Bidot|Bright Painting|Color_Beige,173.0,3327.0
niharikafashion.in,https://niharikafashion.in,shopify,True,5,1,,,2699.0,3390.0
nili.shop,https://nili.shop,woocommerce,False,0,1,,,0,0
nlbeauty.bg,https://nlbeauty.bg,shopify,True,5,1,,gift_product|gift_product,5.62,21.47
nomabeauty.com.br,https://nomabeauty.com.br,shopify,True,5,1,,,49.9,139.9
o4ustore.shop,https://o4ustore.shop,shopify,True,5,1,,,289.9,698.9
onebonebrand.com,https://onebonebrand.com,shopify,True,5,1,,Made in China|size_guide_tops|Made in China|size_guide_tops|Made in China|size_guide_bottoms|spo-default|spo-disabled|spo-notify-me-disabled|Made in China,95.0,130.0
orbitalclothingbrand.com,https://orbitalclothingbrand.com,shopify,True,5,1,,,36.0,39.0
orixgame.ir,https://orixgame.ir,woocommerce,True,0,1,,,0,0
parichaydesigner.com,https://parichaydesigner.com,shopify,True,5,1,,best-sellers|jodhpuri|wedding|best-sellers|jodhpuri|wedding|best-sellers|jodhpuri|wedding|best-sellers,1450.0,1850.0
patinetestore.com,https://patinetestore.com,woocommerce,True,0,1,,,0,0
pepewatch.com,https://pepewatch.com,prestashop,True,0,1,,,0,0
peppy-kids.com,https://peppy-kids.com,woocommerce,False,0,1,,,0,0
personalize.pt,https://personalize.pt,shopify,True,5,1,,Novidades|padrinho|Padrinhos|Personalizados|kit|kit especial|Madrinha|Novidades|padrinho|kit,11.0,29.9
pharmacyskincare.com,https://pharmacyskincare.com,shopify,True,5,1,,,730.0,1900.0
plantifygarden.com,https://plantifygarden.com,shopify,True,5,1,,bestseller,540.0,999.0
polagoclothing.com,https://polagoclothing.com,shopify,True,5,1,,__label: Pre-Order|__label:New Arrivals|__label:Top Selling|MAXIS|pre-order|__label: Pre-Order|__label:New Arrivals|cotton denim|DRESSES|pre-order,2160.0,2600.0
polipink.shop,https://polipink.shop,woocommerce,False,0,1,,,0,0
ppcollectionsbrandowner.com,https://ppcollectionsbrandowner.com,woocommerce,True,0,1,,,0,0
premiumxl.pl,https://premiumxl.pl,shopify,True,5,1,,,352.0,810.0
primevape.ca,https://primevape.ca,shopify,True,5,1,,(NEW) Vuse Pods|FED|New|Pod System|Regular|Disposable|FED|New|Spin|Spin Disposable,15.49,34.99
prismosbeauty.com,https://prismosbeauty.com,shopify,True,5,1,,,610.0,1188.0
rafagamer.com,https://rafagamer.com,shopify,True,5,1,,,19.99,149.99
rajiskitchen.in,https://rajiskitchen.in,shopify,True,5,1,,Regular 999 combo,120.0,999.0
rangeenfashion.com,https://rangeenfashion.com,woocommerce,True,0,1,,,0,0
regency-luxurysuites.com,https://regency-luxurysuites.com,wix,False,0,1,,,0,0
retailacuity.com,https://retailacuity.com,woocommerce,False,0,1,,,0,0
rjjewellerys.com,https://rjjewellerys.com,shopify,True,5,1,,,600.0,850.0
rzewatches.com,https://rzewatches.com,shopify,True,5,1,,_label_NEW|_label_NEW|_label_NEW,499.0,779.0
sahanestore.com,https://sahanestore.com,shopify,True,5,1,,3 Piece|chiffon|embroidered|festive|formals|3 Piece|chiffon|embroidered|festive|formals,14490.0,15990.0
sakuraherbs.com,https://sakuraherbs.com,woocommerce,False,0,1,,,0,0
sapphireonline.store,https://sapphireonline.store,shopify,True,5,1,,,3990.0,3990.0
shawwatches.in,https://shawwatches.in,shopify,True,5,1,,,700.0,2500.0
shoetowngroup.com,https://shoetowngroup.com,wix,False,0,1,,,0,0
shop-kandns.pk,https://shop-kandns.pk,woocommerce,True,0,1,,,0,0
shop-shibata.com,https://shop-shibata.com,shopify,True,5,1,,ギフト|焼菓子|バレンタイン|ギフト|サブレサンド|焼菓子|クッキー缶|新商品・シーズン|母の日|オススメ,1080.0,3996.0
shopaustin.in,https://shopaustin.in,shopify,True,5,1,,Plus Size T-Shirt|Plus Size T-Shirt|Plus Size T-Shirt|Men's Plus Size Summer Co-ord Set|Men's Plus Size Summer Co-ord Set,439.0,549.0
shopblissfulbeauty.com,https://shopblissfulbeauty.com,shopify,True,5,1,,All Products|All Products|All Products|Breakouts & Acne|Dark Spots & Discoloration|Dullness & Uneven tone|All Products|Breakouts & Acne|Serums,1500.0,2650.0
shopcorazon.com,https://shopcorazon.com,shopify,True,0,1,,,0,0
shopfiona.com,https://shopfiona.com,shopify,True,5,1,,AKGALLERIA|clothing|New arrivals|Sale|AKGALLERIA|clothing|New arrivals|Sale|AKGALLERIA|clothing,2490.0,10990.0
shopflightmodels.com,https://shopflightmodels.com,shopify,True,5,1,,,119.0,169.0
shopfood.cz,https://shopfood.cz,shopify,True,5,1,,,13.9,1951.58
shopgardenalchemy.com,https://shopgardenalchemy.com,shopify,True,5,1,,body oil|Floral|GA Signature|Latest Drop|new arrivals|body oil|Floral|fresh/green|GA Signature|Latest Drop,11.0,40.0
shopnext.co.in,https://shopnext.co.in,shopify,True,5,1,,8in1|Box|Cable|Charge|Compact,199.0,999.0
shopsorce.com,https://shopsorce.com,shopify,True,5,1,,aromatics|General Collection|gourmands|General Collection|smm|winter|General Collection|General Collection|General Collection,6.25,160.0
shoptabassum.com,https://shoptabassum.com,shopify,True,5,1,,2 pc|Best Seller|Black|Formal|New Arrivals|Accessories|Dupatta|Modern Maharani|New Arrivals|New In,700.0,25500.0
shopzoki.com,https://shopzoki.com,shopify,True,5,1,,plush,18.0,220.0
sianfabrics.shop,https://sianfabrics.shop,shopify,True,5,1,,,1650.0,1650.0
signaturecosmetics.co.za,https://signaturecosmetics.co.za,shopify,True,5,1,,Created by HexaSync|ECOMMERCE|Created by HexaSync|ECOMMERCE|Created by HexaSync|ECOMMERCE|NEW|Created by HexaSync|ECOMMERCE|NEW,18.0,180.0
skillotoys.com,https://skillotoys.com,shopify,True,5,1,,3-years-plus|child-safe-material|learning-toy-fallback|skillo-india|3-years-plus|child-safe-material|learning-toy-fallback|skillo-india|breakfast play set|creative play accessory,175.0,4345.0
smokeycocktail.com,https://smokeycocktail.com,shopify,True,5,1,,kids|Rakhi|RAKHI GIFT|RAKHIGIFT|side table|best seller|best selling|GD1|best seller|best selling,1499.0,29999.0
snake-gamesdz.com,https://snake-gamesdz.com,woocommerce,True,0,1,,,0,0
soapytwist.com,https://soapytwist.com,shopify,True,5,1,,Fragrance Oils|Fragrance Oils|Fragrance Oils|cosmetic bases|bases|cosmetic bases,289.0,10420.0
sonajerokids.com,https://sonajerokids.com,shopify,True,5,1,,bb niño ver 26|popys ver 26|ver 26|bb niña ver 26|popys ver 26|ver 26|bb niña ver 26|popys ver 26|ver 26|bb niña ver 26,32.95,43.95
sorvellaperfume.pl,https://sorvellaperfume.pl,shopify,True,5,1,,208|givenchi|givenchy|givenchy  le secret|Givenshi|club|jaz|jazz|klub|maison,34.9,149.0
sportingbrands.cl,https://sportingbrands.cl,shopify,True,5,1,,Black Sale|DSVOGUE|Pala VOGUE|Parolin|parolin2|DROP SHOT|Drop Shot PAdel|Dropshot|Dropshot padel|DS 2026,14990.0,19990.0
spykarshoes.com,https://spykarshoes.com,shopify,True,5,1,,Sandals|Spykar|Crok Footbed|Mens Shoes|Sandals|Spykar|Casual Shoes|Mens Shoes|Mens Sneakers|Outdoor Shoes,999.0,2999.0
sscustom.it,https://sscustom.it,shopify,True,5,1,,,9.99,299.99
stirlingsoap.com,https://stirlingsoap.com,shopify,True,5,1,,fragrance|fresh|men|old spice|shulton|fragrance|fresh|men|old spice|shulton,4.95,17.95
stopautoshop.rs,https://stopautoshop.rs,shopify,True,5,1,,menjač|ručica|ručica menjača|Ručice menjača|Bočni vetrobrani|Opel Astra K|Bočni vetrobrani|Chevrolet Aveo|mercedes|mercedes Benz Sprinter,1999.0,5720.0
sunnasupplements.com,https://sunnasupplements.com,shopify,True,5,1,,,19.99,99.99
superdeal.boutique,https://superdeal.boutique,shopify,True,5,1,,,19.99,29.95
supplemart.in,https://supplemart.in,shopify,True,5,1,,ON|on gold|on whey|Optimum Nutrition|woo_import_1|woo_import_1,299.0,12499.0
talleyandtwine.com,https://talleyandtwine.com,shopify,True,5,1,,316L Stainless Steel|46mm watch face|men|talley and twine|women|womensexclusive|womensleather|womensmetal|Brown Wallet Upsell|DBWalletUpsell,195.0,425.0
teacurry.com,https://teacurry.com,shopify,True,5,1,,,599.0,3099.0
teamnl.shop,https://teamnl.shop,shopify,True,5,1,,,89.99,139.99
teashop.by,https://teashop.by,woocommerce,True,0,1,,,0,0
techplusemart.com,https://techplusemart.com,woocommerce,True,0,1,,,0,0
tennesseewholesalenursery.com,https://tennesseewholesalenursery.com,shopify,True,5,1,,Live Stakes|Plants for California|Plants for Ohio|Plants for Pennsylvania|Plants for Tennessee|Plants for Texas|Live Stakes|Plants for California|Plants for Ohio|Plants for Pennsylvania,139.0,1900.0
tg88-game1.com,https://tg88-game1.com,woocommerce,True,0,1,,,0,0
theaffordabledesigners.com,https://theaffordabledesigners.com,shopify,True,5,1,,Kids|New|Eid Collection|Kids|Eid Collection|Kids|New|New|Semi Formal,1200.0,9000.0
thechocolatesmiths.com,https://thechocolatesmiths.com,shopify,True,5,1,,Filled bars|Filled bars,8.0,37.0
themedpharma.co.in,https://themedpharma.co.in,shopify,True,5,1,,,99.0,280.0
theperfumeproject.in,https://theperfumeproject.in,shopify,True,5,1,,Shop All,499.0,1499.0
theperfumex.com,https://theperfumex.com,shopify,True,5,1,,,219.0,1350.0
thepositiveteachercompany.co.uk,https://thepositiveteachercompany.co.uk,shopify,True,5,1,,ALL|custom_text:Name To Add To Personalised Product|limit_35|personalise|PERSONALISED|ALL|ALL|almost_gone|BF20|ALL,1.95,25.0
thesportscardzone.com,https://thesportscardzone.com,shopify,True,5,1,,2024/25|Basketball Boxes|Early Black Friday|2024/25|Basketball Boxes|new|Pokemon|Pokemon Boxes|2025|Early Black Friday,27.95,179.95
theultimatespirits.jp,https://theultimatespirits.jp,shopify,True,5,1,,コニャック|コニャック|ウィスキー|ウィスキー,23870.0,4350000.0
tiendaorbe.shop,https://tiendaorbe.shop,shopify,True,5,1,,,139800.0,199900.0
tmarat.store,https://tmarat.store,shopify,True,5,1,,بودر|فواكه|حراري|فواكه,69.0,429.0
tmperfumehouse.com,https://tmperfumehouse.com,shopify,True,5,1,,Aquatic|Casual|Daytime|Female|female perfume|bundle|Car Fragrance|Car Perfume|Designer Inspired|Executive Car Scent,449.0,1599.0
toyfps.com,https://toyfps.com,woocommerce,True,0,1,,,0,0
toyinpakistan.pk,https://toyinpakistan.pk,woocommerce,True,0,1,,,0,0
trumanboot.com,https://trumanboot.com,shopify,True,5,1,,_label_PRE ORDER|vip-product|10|10.5|11|11.5|12.5|12|12.5|6and2,399.0,579.0
tryboostiva.shop,https://tryboostiva.shop,shopify,True,5,1,,,15.0,127.5
twinklesonlinestore.com,https://twinklesonlinestore.com,shopify,True,5,1,,,100.0,360.0
vapemonk.in,https://vapemonk.in,woocommerce,True,0,1,,,0,0
velbettalter.store,https://velbettalter.store,magento,False,0,1,,,0,0
veliyathgarden.com,https://veliyathgarden.com,shopify,True,5,1,,,750.0,2500.0
vinayak.fashion,https://vinayak.fashion,shopify,True,5,1,,,600.0,1800.0
vital-procl.store,https://vital-procl.store,shopify,True,5,1,,,24990.0,27990.0
vitana.store,https://vitana.store,shopify,True,5,1,,,89.9,109.9
vivacuerpo-store.com,https://vivacuerpo-store.com,shopify,True,5,1,,,39.99,39.99
vozolpremium.com,https://vozolpremium.com,woocommerce,True,0,1,,,0,0
webstoreshops.com,https://webstoreshops.com,shopify,True,5,1,,Honor|Smartphone|Honor|Smartphone|Huawei|Smart Band|Huawei|Smart Band|Huawei|Smart Band,19.9,49.9
wholesalebodyjewellery.com,https://wholesalebodyjewellery.com,shopify,True,5,1,,,3.83,90.0
winbox-game.com,https://winbox-game.com,wix,False,0,1,,,0,0
winecow.com.au,https://winecow.com.au,shopify,True,5,1,,Australia|White Wine|Australia|White Wine|Australia|White Wine|Australia|White Wine|Australia|McLaren Vale,60.0,60.0
wizardlytees.store,https://wizardlytees.store,shopify,True,5,1,,d&d|dnd|fireball|Men's Clothing|T-shirts|bullets|d&d|dnd|gun|i cast,30.99,34.99
xpersonatoy.com,https://xpersonatoy.com,shopify,True,5,1,,bag|hugo|hugovlad|pre-sale|zenlesszonezero|acrylic charm|keychain|Pre-sale|tf|transformers,4.0,27.59
yengescosmetics.com,https://yengescosmetics.com,shopify,True,5,1,,all|NEW|лице|лице|лице,10.0,100.0
yourshoegenie.in,https://yourshoegenie.in,shopify,True,5,1,,,3099.0,3899.0
yychotchocolate.com,https://yychotchocolate.com,squarespace,True,0,1,,,0,0
zamzamperfumers.com,https://zamzamperfumers.com,shopify,True,5,1,,exclusive|size_12ml|size_6ml|women|20ml|elysian|floral|new|women|20ml,360.0,3000.0
zenmo.shop,https://zenmo.shop,shopify,True,5,1,,,1999.0,3499.0
zero7.shop,https://zero7.shop,shopify,True,0,1,,,0,0
zm-camping.de,https://zm-camping.de,shopify,True,5,1,,3D Druck|Camping Zubehör|Grand California|Grand California 600|Grand California 680|Camping Zubehör|Custom Cable|DELTA 3 Max Plus|DELTA 3 Ultra Plus|DELTA Pro,3.99,69.0
zomoky.shop,https://zomoky.shop,shopify,True,5,1,,,599.0,599.0
premiumvials.com,https://premiumvials.com,bigcommerce,True,0,1,,,0,0
proglobal-furniture.com,https://proglobal-furniture.com,magento,True,0,1,,,0,0
solfiregardens.com,https://solfiregardens.com,woocommerce,True,0,1,,,0,0
unheardofbrand.com,https://unheardofbrand.com,shopify,True,5,1,,Unheardof|Unheardof|UNHEARDOF BRAND,12.0,50.0
northfashionstore.com,https://northfashionstore.com,shopify,True,5,1,,08022023-06|anjun|Bestsellers|Dresses|Evergreen|2209|Bestsellers|Dresses|DressesSkirts|Evergreen,35.0,58.0
officialfixdessertchocolate.com,https://officialfixdessertchocolate.com,woocommerce,True,0,1,,,0,0
ossineshoes.com,https://ossineshoes.com,magento,True,0,1,,,0,0
motea-shop.com,https://motea-shop.com,magento,True,0,1,,,0,0
shopenglishfactory.com,https://shopenglishfactory.com,shopify,True,5,1,,Avail Date: 07/31/2026|collar|KNIT|KNIT TOP|mastertag-tops|april 26|Avail Date: 04/30/2026|embellished|mastertag-tops|new-tops,68.0,178.0
shopcsntv.com,https://shopcsntv.com,magento,True,0,1,,,0,0
stambouljewelry.com,https://stambouljewelry.com,shopify,True,5,1,,,175.0,360.0
rhythmsnowsports.com.au,https://rhythmsnowsports.com.au,shopify,True,5,1,,attribute-breathability_rating|15k|attribute-category|outerwear|attribute-category|snow jackets|attribute-colour|black|attribute-fabric/material|dwr|attribute-colour|yellow|attribute-gender|Womens|CoreProduct:No|Custom1:ADFLCK24154|Custom2:New,24.99,999.2
thejewelleryroom.com,https://thejewelleryroom.com,shopify,True,5,1,,__label:New In|category:Necklaces|certificates:Yes|collection:Tag|colour-filter:Blue|__label:New In|category:Necklaces|certificates:Yes|collection:Tag|colour-filter:Gold,23354.0,85938.0
shopwesternedge.com,https://shopwesternedge.com,shopify,True,5,1,,cotton-jungle-country-casuals|staging|under-25|25-50|bohemian-cowgirl|mens-clothing|25-50|bohemian-cowgirl|sale-womens-clothing|bling-a-gogo,18.0,38.0
teamrhfitness.com,https://teamrhfitness.com,shopify,True,5,1,,,19.99,34.99
marineshop.net,https://marineshop.net,woocommerce,True,0,1,,,0,0
likegifts.cl,https://likegifts.cl,woocommerce,True,0,1,,,0,0
shopivet.com,https://shopivet.com,shopify,True,5,1,,automation|b2b.smbros.org|cat|CAT GROOMING SUPPLIES|corrected|pigeon|PIGEON MEDICATIONS & HEALTH|simpro|معوية|automation2,77.62,180.6
vapeonlinestore.co.uk,https://vapeonlinestore.co.uk,shopify,True,5,1,,10000|10000 Pods Refill The Bling Pro Max|10000 Pods The Bling Pro Max Refill|10000 puff|10000 puff vape|10000|10000 Nexay Crush Prefilled Pods|10000 Prefilled Nexay Crush Pods|10000 puff|10000 puff vape,6.99,19.99
martelius.com,https://martelius.com,magento,True,0,1,,,0,0
motosports.lv,https://motosports.lv,shopify,True,5,1,,Apavi|Moto|Moto zābaki/apavi un aksesuāri|Motobraukšanas zābaki|Aktīvā atpūta|Apavi un aksesuāri|Pārgājienu|Aktīvā atpūta|Apavi un aksesuāri|Pārgājienu,152.1,401.4
modern1furniture.com,https://modern1furniture.com,woocommerce,True,0,1,,,0,0
teammotorcycle.com,https://teammotorcycle.com,shopify,True,5,1,,cruiser Helmet|Dual Sport Helmets|Ece 2205 Helmets|HJC|HJC Helmets|cruiser Helmet|Dual Sport Helmets|Ece 2205 Helmets|HJC|HJC Helmets,179.99,554.99
littlemarketdeli.com,https://littlemarketdeli.com,shopify,True,0,1,,,0,0
pablogiftshop.com,https://pablogiftshop.com,woocommerce,True,0,1,,,0,0
thegodofsports.com,https://thegodofsports.com,woocommerce,True,0,1,,,0,0
nyfurnituredirect.com,https://nyfurnituredirect.com,shopify,True,5,1,,Brand_Ashley|Collection_Janston|Color_Ivory/Gray/Tan|Consumer Assembly_No Assembly Required|Material_Fabric|Brand_Ashley|Chair|Collection_Calnita|Color_Sisal|Consumer Assembly_No Assembly Required,152.48,1838.25
tiledecor.com,https://tiledecor.com,woocommerce,True,0,1,,,0,0
scentrafragrance.store,https://scentrafragrance.store,shopify,True,5,1,,,3250.0,5300.0
tatvedherbal.com,https://tatvedherbal.com,woocommerce,False,0,1,,,0,0
storesgo.com,https://storesgo.com,shopify,True,0,1,,,0,0
walrusaudio.com,https://walrusaudio.com,shopify,True,5,1,,bf23|Blemished|bf23|Monument|Pedal|Tap Tempo|Tap Tremolo|b-stock|blemish|Blemished,109.99,637.49
mxwholesale.co.uk,https://mxwholesale.co.uk,shopify,True,5,1,,_missing-image|aov_micro (£2-£20)|Category_Home & Garden|Category_Home & Garden/Bags|L1|_missing-image|aov_high (£501-£2000)|Category_Food & Drink|Category_Gifts|Category_Gifts/Party Supplies,6.29,1680.99
phc-beauty.com,https://phc-beauty.com,shopify,True,5,1,,new_badge|YGroup_superlift-set|hidden|new_badge|YGroup_starter-set|YGroup_superlift-set|new_badge,15.9,105.2
totaldiabetessupply.com,https://totaldiabetessupply.com,shopify,True,5,1,,hidden|medications|Mens Health|total-diabetes-supply|hidden|medications|Mens Health|total-diabetes-supply|hidden|medications,6.99,275.25
thefashionfever.com,https://thefashionfever.com,shopify,True,5,1,,,6.96,45.68
ullenboom-baby.de,https://ullenboom-baby.de,shopify,True,5,1,,100x100|120x120|140x140|kefi_swatches|Krabbeldecke|100x100|120x120|140x140|Handgemalte Blüten|kefi_swatches,39.9,99.9
shopwired.co.uk,https://shopwired.co.uk,bigcommerce,False,0,1,,,0,0
schoolwearunited.co.uk,https://schoolwearunited.co.uk,bigcommerce,True,0,1,,,0,0
multisportonline.com,https://multisportonline.com,shopify,True,5,1,,Activewear|comfort|Fusion|New In|Run|Activewear|comfort|Fusion|gym|Mens,10.0,85.0
shop4electrical.co.uk,https://shop4electrical.co.uk,prestashop,True,0,1,,,0,0
sportnahrung-wehle.de,https://sportnahrung-wehle.de,shopify,True,5,1,,Mönchspfeffer|NEW|pflanzenextrakte|Supplements|Vegan|Brokkoli|NEW|Sulforaphan|Supplements|Vegan,19.99,99.99
papelesdecorativos.com,https://papelesdecorativos.com,prestashop,True,0,1,,,0,0
simplebikestore.eu,https://simplebikestore.eu,shopify,True,5,1,,Bikes|Cargo|Components|In store|Inner Tubes - Sealant|Tires & Tubes|Tubes 24|Bikes|Gravel|Bikes,10.0,7250.0
shopgraytools.com,https://shopgraytools.com,shopify,True,5,1,,Clearance|linemans-pliers|Needle & Flat Nose Pliers|Pliers|Set|Acetate|Clearance|Phillips|screwdriver-and-nut-driver|Screwdrivers,21.59,518.38
mainlandskateandsurf.com,https://mainlandskateandsurf.com,shopify,True,5,1,,green|Market|mens|short sleeve|Tees|black|Market|mens|short sleeve|Tees,49.99,169.99
wyrd-games.net,https://wyrd-games.net,squarespace,True,0,1,,,0,0
originalmagicart.store,https://originalmagicart.store,shopify,True,5,1,,Foglio Portfolio|Kaja Foglio|New Arrival|Portal|Print|1/1|Arabian Nights|Blue|Foglio Portfolio|Kaja Foglio,20.0,40.0
pharmateklabs.co,https://pharmateklabs.co,woocommerce,True,0,1,,,0,0
measure-mart.com,https://measure-mart.com,shopify,True,5,1,,IN-STOCK|HIDE-IN-STOCK|HIDE-PRICE|IN-STOCK,1200.0,16000.0
martdiscover.com,https://martdiscover.com,woocommerce,True,0,1,,,0,0
nurserynisarga.in,https://nurserynisarga.in,woocommerce,True,0,1,,,0,0
riazcomputer.com,https://riazcomputer.com,woocommerce,True,0,1,,,0,0
safetygearpro.com,https://safetygearpro.com,woocommerce,True,0,1,,,0,0
shoehq.com.au,https://shoehq.com.au,shopify,True,5,1,,association:Black|Sparkle|23704|association:Blush|Sparkle|23706|association:Champagne |Sparkle|26968|association:Chocolate |28358|association:Navy|Sparkle|23705|association:Black|Sparkle|21905|association:Blush|Fabric|22629|association:Champagne |Fabric|27190|association:Chocolate |Fabric|28359|association:Grey|Sparkle|21907,4.95,179.95
shopify.cn,https://shopify.cn,shopify,False,0,1,,,0,0
parfumi-shop.net,https://parfumi-shop.net,magento,True,0,1,,,0,0
vicsport.vn,https://vicsport.vn,woocommerce,False,0,1,,,0,0
outletshoesmx.com,https://outletshoesmx.com,shopify,True,5,1,,Calzado|Calzado Outlet|Hombre|lacoste|moda|Calzado Outlet|Hombre|lacoste|moda|MODA CABALLERO,2199.0,2599.0
shoppinkcreek.com,https://shoppinkcreek.com,shopify,True,5,1,,Dresses|New|New Arrivals|size-l|size-large|Everyday Tops|New|New Arrivals|size-l|size-large,55.0,219.0
pool-chlor-shop.de,https://pool-chlor-shop.de,shopify,True,5,1,,EOL|HMITF|Lagerartikel|AMZ Deal|EOL|HMITF|Lagerartikel|NON-FR|AMZ Deal|EOL,4.95,528.95
millarsshoestore.com,https://millarsshoestore.com,shopify,True,5,1,,brand_igi_co|wedge_sandals|women|womens_wedge_sandal|brand_igi_co|wedge_sandals|women|womens_wedge_sandal|brand_igi_co|wedge_sandals,74.99,89.99
shopnorivals.com,https://shopnorivals.com,shopify,True,5,1,,D2C|D2C|D2C|D2C|D2C,38.0,38.0
red-equipment.co.uk,https://red-equipment.co.uk,shopify,True,5,1,,2026|Accessories|Drinkware|Equipment|Stackable Stainless Steel Drinking Cups|2026|collection-towels|Compact Adventure Towel|2026|collection-towels,14.95,14.95
shopneedlepointjunction.com,https://shopneedlepointjunction.com,shopify,True,5,1,,MINI TOTE|vng|MINI TOTE|vng|bluebird|floral|Flowers|kate-dickerson|Pillow|blueberry-point,78.0,255.0
wholesalejanitorialsupply.com,https://wholesalejanitorialsupply.com,bigcommerce,True,0,1,,,0,0
sbsupply.de,https://sbsupply.de,magento,False,0,1,,,0,0
sportvorur.is,https://sportvorur.is,woocommerce,True,0,1,,,0,0
pandafoxtoys.com,https://pandafoxtoys.com,shopify,True,5,1,,Aircraft_Boeing 777|Livery_Air France|Manufacturer_GeminiJets|Rare|Scale_1:200|Aircraft_BAC-111|Livery_Braniff|Manufacturer_JC Wings|Rare|Scale_1:200,97.56,289.95
shopmanycoolthings.com,https://shopmanycoolthings.com,shopify,True,5,1,,PlayStation 5|PS5 Games|PlayStation 5|PS5 Games|PlayStation 5|PS5 Games|PlayStation 5|PS5 Games|Xbox One / Series X Games|Xbox Series X Games,39.99,69.99
zeelclothing.com,https://zeelclothing.com,shopify,True,5,1,,Festival|Georgette|Gown|Purple|Sequins Work|Georgette|Gown|Maroon|Sequins Work|Thread Embroidery,1699.0,6899.0
zinggadget.com,https://zinggadget.com,woocommerce,False,0,1,,,0,0
vlmotorsport.com,https://vlmotorsport.com,shopify,True,5,1,,KIT DE EMBRAGUE|kit embrague|RSX|RSX GRUPO VAG|autoblocante|RSX|RSX SUZUKI|suzuki|torsen|Corsa,6.51,1288.65
onlaptop.ro,https://onlaptop.ro,woocommerce,False,0,1,,,0,0
sawinery.net,https://sawinery.net,shopify,True,5,1,,,9.9,29.9
trymeshop.com,https://trymeshop.com,shopify,True,5,1,,Genere_Uomo|men|nero|new|New_feed|Abiti|bianco|D48EQ065ES8 - MF010 - ABITO - BIANCO OTTICO|Genere_donna|new,31.97,606.56
sbsupply.eu,https://sbsupply.eu,magento,False,0,1,,,0,0
srsport.com,https://srsport.com,bigcommerce,False,0,1,,,0,0
spartanequipment.com,https://spartanequipment.com,bigcommerce,True,0,1,klarna|afterpay|square|adyen|authorize_net,,0,0
noinsurancemedicalsupplies.com,https://noinsurancemedicalsupplies.com,shopify,True,5,1,,Nasal Mask|Battery Power Supply,24.95,1500.0
outsidesports.co.nz,https://outsidesports.co.nz,shopify,True,5,1,,activity:run|Clothing|New|on-sale|T-Shirts|activity:bike|Bike|Bike Helmets|Bike Protection|kids,55.99,482.99
seismicaudiospeakers.com,https://seismicaudiospeakers.com,shopify,True,5,1,,100-200|12 Channel Low Profile Circuit Board Snake Cables|12-channel|50|50-foot|100|100-foot|24 Channel Low Profile Circuit Board Snake Cables|24-channel|300-400,149.99,1649.99
thepharmacylife.com,https://thepharmacylife.com,woocommerce,True,0,1,,,0,0
watchguynyc.com,https://watchguynyc.com,shopify,True,5,1,,color-diamond|in-stock|mens|Nautilus|new-arrivals|band-type-jubilee|color-black|mens|new-arrivals|rolex,50800.0,50800.0
vapezonealex.com,https://vapezonealex.com,shopify,True,0,1,,,0,0
unclealstoys.com,https://unclealstoys.com,woocommerce,False,0,1,,,0,0
marthas.co.nz,https://marthas.co.nz,shopify,True,5,1,,Accessories|Available Online|Trims|Accessories|Available Online|Trims|Category_All|Category_Curtaining|Category_Cushion Fabric|Category_Everyday Upholstery,55.0,1000.0
sarecycling.com,https://sarecycling.com,woocommerce,True,0,1,,,0,0
screwlooseshop.com,https://screwlooseshop.com,shopify,True,0,1,,,0,0
thehempcollect.com,https://thehempcollect.com,shopify,True,5,1,,hardware|spo-cs-disabled|spo-default|spo-disabled|spo-notify-me-disabled|new-arrival|new-arrival|new-arrival,30.0,130.0
thegameexperts.com.au,https://thegameexperts.com.au,shopify,True,5,1,,Dark Green (Common)|Games|Mario Bros.|Nintendo|Super Nintendo|Games (Boxed)|Light Green (Uncommon)|Nintendo|Nintendo Gameboy|Other Brand,19.9,249.9
shophoneybug.com,https://shophoneybug.com,shopify,True,5,1,,DS|Shopify Collective|Speedy Monkey LLC|DS|Shopify Collective|Speedy Monkey LLC|DS|Shopify Collective|Speedy Monkey LLC|DS,39.99,49.99
recycleboutique.co.nz,https://recycleboutique.co.nz,shopify,True,5,1,,38 NEW|ACTIVE|color-white|Location: Wellington|size-38-new|44 NEW|ACTIVE|color-white|Location: Wellington|size-44-new,115.0,747.5
simplysoundandlighting.co.uk,https://simplysoundandlighting.co.uk,shopify,True,5,1,,Active Speakers|out-of-stock-police|Sound & PA|Speakers|Active Speakers|out-of-stock-police|Sound & PA|Speakers|Active Speakers|out-of-stock-police,439.0,1729.0
shopify.com.au,https://shopify.com.au,shopify,False,0,1,,,0,0
stlartsupply.com,https://stlartsupply.com,shopify,True,5,1,,accessories|dip pens|made in japan|painting|studio supplies|art books|books|books|art books|books,7.95,34.95
masqueradestore.com,https://masqueradestore.com,shopify,True,5,1,,accessory|earrings|jewelry|accessory|earrings|jewelry|accessory|earrings|jewelry|couples,25.0,70.0
wmc.shop,https://wmc.shop,shopify,True,5,1,,CDs|g:Folk/Singer Songwriter|SYNCDATA20251001|Under 25|Under 50|CDs|g:Soundtrack|Music|New Arrivals|Pre-Order,16.99,55.99
sportcouture.ro,https://sportcouture.ro,shopify,True,5,1,,Barbati|christmas|Femei|INCALTAMINTE|L_14.08.2025|adidas by Stella McCartney|Femei|Flashsale|IMBRACAMINTE|Jachete,410.0,762.0
teehobbies.us,https://teehobbies.us,woocommerce,True,0,1,,,0,0
notbranded.eu,https://notbranded.eu,shopify,True,5,1,,Available in store|discount_allowed_no|gender_women|Goud|Horloge|Bag charm|Cadeau|discount_allowed_yes|Goud|Hartjes,9.95,59.95
shoprsa.com,https://shoprsa.com,shopify,True,5,1,,FB|imported|inhouse|jersey|MYS_College|FB|imported|inhouse|jersey|New Arrival,89.99,179.99
spoiledbrat.co.uk,https://spoiledbrat.co.uk,shopify,True,5,1,,90s|90s fashion|90s style|90s style clothes|90s trend|90s|90s fashion|90s style|90s style clothes|90s trend,5.99,40.0
tradesports.co.uk,https://tradesports.co.uk,shopify,True,5,1,,5.5|6.5|7.5|8.5|9.5|4.5|5|6.5|box lid|Nike,9.99,69.99
organicolivia.com,https://organicolivia.com,shopify,True,5,1,,Bundle|D2C|Hormonal Health|Hormone Balance|main_New Arrivals|Bundle|D2C|Hormonal Health|Hormone Balance|main_New Arrivals,0.01,113.4
moonwhiteshop.store,https://moonwhiteshop.store,shopify,True,5,1,,whop,26.95,59.95
shop437.com,https://shop437.com,shopify,True,5,1,,COMBINED|COMBINED|COMBINED|COMBINED|COMBINED,35.0,145.0
yunutrition.com,https://yunutrition.com,shopify,True,5,1,,Top Bundles|Top Bundles|Top Bundles,6.49,194.0
mam-shop.at,https://mam-shop.at,shopify,True,5,1,,Bestseller Instant Produkte,7.4,39.99
menswearr.com,https://menswearr.com,shopify,True,5,1,,10OFF|cavani|clearance|Formal|Leather|10OFF|cavani|clearance|Discount|Formal,29.99,199.0
zenswines.com,https://zenswines.com,woocommerce,True,0,1,,,0,0
pharmamedical.be,https://pharmamedical.be,woocommerce,False,0,1,,,0,0
onlinepartysupplies.com.au,https://onlinepartysupplies.com.au,shopify,True,5,1,,bunnies|bunny|bunny rabbit|carrots|clearance|adult|adult Christmas gifts|adult novelty|adult party|adult party supplies,2.99,12.99
mohifashion.com,https://mohifashion.com,shopify,True,5,1,,Bridesmaid|hop|Lehenga|Sangeet|Bridesmaid|hop|Lehenga|Sangeet|Wedding|guest,13185.0,17285.0
mrshoesaccessories.com,https://mrshoesaccessories.com,shopify,True,5,1,,chaqueta|GYM|jacket|mujer|cloud|cloud 5|cloud tec|cloudtec|cloutec,2900.0,4998.0
newrealmgames.com,https://newrealmgames.com,shopify,True,5,1,,Booster Bundle|Pre-Order|Set_ME04: Chaos Rising|Build & Battle Kit|Pre-Order|Set_ME04: Chaos Rising|Booster Bundle|Pre-Order|Set_ME04: Chaos Rising|Pre-Order,8.95,49.95
officialwatches.com,https://officialwatches.com,shopify,True,5,1,,50000-90000|bracelet_mat_steel-and-rose-gold|brand_patek-philippe|case_mat_steel-and-rose-gold|case_size_40|bracelet_mat_white-gold|brand_patek-philippe|case_mat_white-gold|case_size_40|case_white-gold,76895.0,305895.0
pharmacie-monge.fr,https://pharmacie-monge.fr,prestashop,False,0,1,,,0,0
redriotgames.ca,https://redriotgames.ca,shopify,True,5,1,,Character|One Piece Card Game Single|One Piece Promotion Cards|OPPR|P115|Character|One Piece Card Game Single|One Piece Promotion Cards|OPPR|P115,2.54,81.9
wildfashion.ro,https://wildfashion.ro,shopify,True,5,1,,Crem|jucarii_sexuale|noutati|vibratoare_dildo|Crem|jucarii_sexuale|noutati|vibratoare_dildo|Alb|costume_tematice,14.99,89.98
pickvitamin.com,https://pickvitamin.com,magento,True,0,1,,,0,0
teamscbasketball.com,https://teamscbasketball.com,shopify,True,0,1,,,0,0
rdxsports.co.uk,https://rdxsports.co.uk,shopify,True,5,1,,BRAVE|New|Small|BRAVE|New|Small|BRAVE|New|Small|BRAVE,30.99,37.99
thefurnituregallery.com.au,https://thefurnituregallery.com.au,shopify,True,5,1,,1 drawer nightstand|rattan bedside table|white bedside|round gold side table|chest of drawers|rattan chest|timber chest|timber chest of drawers|beige armchair|pebble accent chair,230.0,1499.0
onzokids.com,https://onzokids.com,woocommerce,True,0,1,,,0,0
promotionalwears.com,https://promotionalwears.com,opencart,False,0,1,,,0,0
panilektriki-shop.gr,https://panilektriki-shop.gr,woocommerce,True,0,1,,,0,0
toolboxsupply.com,https://toolboxsupply.com,shopify,True,5,1,,N/A|Out of Stock|FREEOVER35|In Stock|In Stock|N/A|In Stock|N/A,14.82,139.99
maplegifts.co.uk,https://maplegifts.co.uk,shopify,True,5,1,,By Brand_Park Lane|By Jewellery Type_Earrings|By Material_Gold|cubic zirconia|earring|By Brand_Park Lane|By Jewellery Type_Earrings|By Material_Gold|cubic zirconia|earring,10.99,10.99
relevedancewear.com,https://relevedancewear.com,shopify,True,5,1,,A26|Backpack|Backpacks|Bag|Bags|Black|Black Bra Top|Black Crop Top|Black Crop Tops|Black Sports Bra,32.99,76.99
mamaclothing.com.au,https://mamaclothing.com.au,shopify,True,5,1,,Best-Seller|Bump-Feeding-Friendly|Bump-Friendly|Colour-White|Essentials|Faulty|Sample|Seconds|Accessories|allseasons,15.0,49.0
shinemore-sports.com,https://shinemore-sports.com,wix,False,0,1,,,0,0
simsgardenmachinery.co.uk,https://simsgardenmachinery.co.uk,woocommerce,False,0,1,,,0,0
vbamgames.com,https://vbamgames.com,woocommerce,True,0,1,,,0,0
shopjfi.com,https://shopjfi.com,magento,True,0,1,,,0,0
samtoycn.com,https://samtoycn.com,woocommerce,False,0,1,,,0,0
thesethreeboutique.com,https://thesethreeboutique.com,shopify,True,5,1,,,72.0,96.0
revivalclothing.de,https://revivalclothing.de,shopify,True,5,1,,New|New|New|New|New,49.9,69.9
nash-cosmetics.com,https://nash-cosmetics.com,woocommerce,True,0,1,,,0,0
liketoyzab.click,https://liketoyzab.click,shopify,True,0,1,,,0,0
teatruaudio.com,https://teatruaudio.com,woocommerce,False,0,1,,,0,0
savannahcandy.com,https://savannahcandy.com,shopify,True,5,1,,BWR 2DY 1DY|easter-valassis|gifts-easter|gifts-occasion-springtime|mfship|BWR 2DY 1DY|mfship|shipnobake|wws|BWR 2DY 1DY,34.95,59.95
luxurymenswear.com,https://luxurymenswear.com,bigcommerce,True,0,1,,,0,0
yostar.store,https://yostar.store,shopify,True,5,1,,Azur Lane|Valentine's Day 2026|Azur Lane|Valentine's Day 2026|Azur Lane|Valentine's Day 2026|Azur Lane|Valentine's Day 2026|Azur Lane|Valentine's Day 2026,7.95,48.95
onebuttonphone.de,https://onebuttonphone.de,shopify,True,5,1,,B2b|hide-grid|B2b|hide-grid|B2b|hide-grid,19.9,4115.8
sextoysshop.com,https://sextoysshop.com,shopify,True,5,1,,LELO|Vibrators|Vibrators->Personal Massagers|LELO|Vibrators|Vibrators->Personal Massagers|LELO|Vibrators|Vibrators->Personal Massagers|Bondage & Kink,19.9,204.9
protostargames.com,https://protostargames.com,woocommerce,False,0,1,,,0,0
njskateshop.com,https://njskateshop.com,shopify,True,5,1,,Brand_New Balance|Shoe|shoes|Skate Shoe|Brand_Anti Hero|Deck|skateshop day|Brand_Nike SB|Shoe|shoes,79.95,135.0
proteinchik.com.ua,https://proteinchik.com.ua,magento,False,0,1,,,0,0
nebuluxury.com,https://nebuluxury.com,shopify,True,5,1,,bundles|business|Diffusers|large|large spaces|bundles|business|Diffusers|hvac|large,9.0,299.0
squaremilecoffee.com,https://squaremilecoffee.com,shopify,True,5,1,,book|gift|publication|book|book|book|gift|publication|book|gift,14.99,70.0
triathletesports.com,https://triathletesports.com,bigcommerce,True,0,1,,,0,0
workwearunlimited.com,https://workwearunlimited.com,shopify,True,0,1,,,0,0
midwestsupplyus.com,https://midwestsupplyus.com,shopify,True,5,1,,Backorder: IN STOCK|free-shipping:No|global-free-ship-exclusion:No|invalid-ship-methods:1 5 6 7 8 9 10 11 12 13 14 15 16|login-price|Backorder: IN STOCK|bhinstock|CO2 Measurement Accuracy_±30 ppm ±3% of measured value|CO2 Measurement Range_0 to 2000/5000 ppm (selectable)|CO2 Measurement Repeatability_±20 ppm ±1% of measured value,43.45,257.86
sicistroje-shop.cz,https://sicistroje-shop.cz,opencart,True,0,1,,,0,0
tacticalgear.com.au,https://tacticalgear.com.au,shopify,True,5,1,,Fire Fighting Lights|Handheld Lights|Wearable Lights|Bladders|Hydration Accessories|Duty Gear|Out of stock|Radio / Phone Holders|Belt Keepers|Duty Gear,39.5,239.5
rocketscycling.com,https://rocketscycling.com,shopify,True,5,1,,Pre-order,14.99,29.95
ziaoils.com,https://ziaoils.com,woocommerce,False,0,1,,,0,0
vapecave.ca,https://vapecave.ca,shopify,True,5,1,,Alpha 80K Puffs|Flavour Beast Alpha|Flavour Beast Disposables|48000 Puffs|Curved HD Screen|Disposables|Kraze|Kraze Mega X|Drip'n 63K Puffs|Drip'n Disposables,29.99,47.99
plazashoestore.com,https://plazashoestore.com,shopify,True,5,1,,2025-10-18|ALL BLACK|Athleisure|ATHLETIC|BLACK|2024-9-6|Arch Support|ArchSupport|CATIAN-LELIO|DRESS,169.99,219.95
yvettesports.de,https://yvettesports.de,shopify,True,5,1,,_related_romy|atmungsaktive sweatjacke|atmungsaktives sweatshirt|fitness sweatshirt|Fitnessjacke|2XL (D-F)|ausgefallener sport-bh|best sports bra|bester Sport-BH|fitness,39.9,84.9
sekoechocolates.com,https://sekoechocolates.com,woocommerce,True,0,1,,,0,0
mocosupplies.com,https://mocosupplies.com,woocommerce,True,0,1,,,0,0
shopthearena.com,https://shopthearena.com,shopify,True,5,1,,chart_New Era Strapback Cap|division_Unisex|from_New Era|product_Cap|productsub_Cap|chart_HH Baseball Cap|division_Unisex|from_Suditi|product_Cap|productsub_,999.0,3299.0
merrymanor.shop,https://merrymanor.shop,shopify,True,5,1,,2024|christmas|christmas ornament|ornament|2019|antiqued|Ball|christmas|christmas ornament|2019,8.75,19.99
teacher.bg,https://teacher.bg,woocommerce,False,0,1,,,0,0
sprayersupplies.com,https://sprayersupplies.com,bigcommerce,True,0,1,,,0,0
speed-wear.net,https://speed-wear.net,prestashop,True,0,1,,,0,0
prettygarden.com,https://prettygarden.com,shopify,True,5,1,,NEW ARRIVALS|Tops|Dress|NEW ARRIVALS|Dresses|NEW ARRIVALS|NEW ARRIVALS|Tops|Dress|NEW ARRIVALS,24.99,55.99
lifestylefurniturehomestore.com,https://lifestylefurniturehomestore.com,shopify,True,5,1,,Counter Height Table|Materials_Wood|Price_Under $500|Shape_Rectangle|Size_Seats 4|barstool|Color_Brown|Dining Chairs|Materials_Wood|Price_Under $500,99.0,399.0
shoez.be,https://shoez.be,magento,False,0,1,,,0,0
shopstudio41.com,https://shopstudio41.com,woocommerce,False,0,1,,,0,0
watch-winder.store,https://watch-winder.store,magento,True,0,1,,,0,0
medicalsupplypros.com,https://medicalsupplypros.com,shopify,True,5,1,,Vinyl Exam Gloves|Skin Protectants|Ave|Medline Ave Scrubs|Scrub Pants|Scrubs|Women|Walkers|Walking Aids|Blood Pressure Monitors,2.94,135.9
shoeclinic.co.nz,https://shoeclinic.co.nz,magento,True,0,1,,,0,0
vape-shop-dubai.com,https://vape-shop-dubai.com,shopify,True,5,1,,Best Flavors|Brand_Tokyo Juice|E-LIQUIDS|Flavor_Pomegranate|Flavor_White Pomegranate|Best Flavors|Brand_Tokyo Juice|E-LIQUIDS|Flavor_Pomegranate|Flavor_White Pomegranate,40.0,50.0
nicheperfumes.net,https://nicheperfumes.net,woocommerce,False,0,1,stripe,,0,0
ui.com,https://ui.com,shopify,True,168,1,,,0,0
meraki.com,https://meraki.com,woocommerce,False,0,1,,,0,0
wyzecam.com,https://wyzecam.com,shopify,True,5,1,,Apartment Bundle|Basic Bundle|bundles-page|Apartment Bundle|bundles-page|Enhanced Bundle|Apartment Bundle|bundles-page|Pro Bundle|Basic Bundle,49.99,165.99
wix.com,https://wix.com,wix,False,0,1,,,0,0
squarespace.com,https://squarespace.com,squarespace,True,0,1,,,0,0
ubnt.com,https://ubnt.com,shopify,True,168,1,,,0,0
weathernews.jp,https://weathernews.jp,shopify,False,0,1,,,0,0
tamildhool.tech,https://tamildhool.tech,woocommerce,False,0,1,,,0,0
threema.ch,https://threema.ch,bigcommerce,False,0,1,,,0,0
zemanta.com,https://zemanta.com,woocommerce,False,0,1,,,0,0
useinsider.com,https://useinsider.com,shopify,False,0,1,,,0,0
sardinasystems.com,https://sardinasystems.com,woocommerce,True,0,1,,,0,0
nic.ai,https://nic.ai,wix,False,0,1,,,0,0
trouble-free.net,https://trouble-free.net,prestashop,False,0,1,authorize_net,,0,0
mysterium.network,https://mysterium.network,wix,False,0,1,,,0,0
visualcapitalist.com,https://visualcapitalist.com,woocommerce,False,0,1,,,0,0
nanit.com,https://nanit.com,shopify,True,5,1,,Core Product|quantity_threshold::3|Bundles|product-with-pro-camera-campaign|product-with-sound-light-campaign|YGroup_nanit-pro|Partner Products|YBlocklist|clearance|Code Support,12.6,373.15
mediarithmics.com,https://mediarithmics.com,bigcommerce,False,0,1,,,0,0
uadns.com,https://uadns.com,wix,False,0,1,,,0,0
tradedoubler.com,https://tradedoubler.com,wix,False,0,1,,,0,0
wiki.gg,https://wiki.gg,wix,False,0,1,,,0,0
rnp.br,https://rnp.br,woocommerce,False,0,1,,,0,0
youradchoices.ca,https://youradchoices.ca,squarespace,False,0,1,,,0,0
pair.com,https://pair.com,woocommerce,False,0,1,,,0,0
superbthemes.com,https://superbthemes.com,woocommerce,False,0,1,,,0,0
podscribe.com,https://podscribe.com,magento,False,0,1,,,0,0
ukrainealarm.com,https://ukrainealarm.com,wix,False,0,1,,,0,0
linkplay.com,https://linkplay.com,squarespace,True,0,1,,,0,0
nptel.ac.in,https://nptel.ac.in,shopify,False,0,1,,,0,0
skole.hr,https://skole.hr,woocommerce,False,0,1,,,0,0
mangaread.org,https://mangaread.org,woocommerce,True,0,1,,,0,0
monetixads.com,https://monetixads.com,wix,False,0,1,,,0,0
utoon.net,https://utoon.net,woocommerce,False,0,1,,,0,0
tpmn.co.kr,https://tpmn.co.kr,wix,False,0,1,,,0,0
truper.com,https://truper.com,magento,True,0,1,,,0,0
zellbury.com,https://zellbury.com,shopify,True,5,1,,Tunics|wtunic|Tunics|wtunic|Tunics|wtunic|Co-Ord Set|SHALWAR KAMEEZ|shalwar-kameez-SimplifiedSizechart,2690.0,4490.0
mobizil.com,https://mobizil.com,woocommerce,False,0,1,,,0,0
saya.pk,https://saya.pk,shopify,True,5,1,,24272|30% OFF|ColorName=DEEP GREEN | Updated|DEEP GREEN|Discounted|25513|April|ColorName=GREEN | Updated|For Sale Tab > 2024|FORMALS,1699.0,11999.0
zaiim.com,https://zaiim.com,woocommerce,False,0,1,,,0,0
tpmn.io,https://tpmn.io,wix,False,0,1,,,0,0
loox.io,https://loox.io,shopify,False,0,1,,,0,0
templatemonster.com,https://templatemonster.com,shopify,False,0,1,,,0,0
pawns.app,https://pawns.app,woocommerce,False,0,1,,,0,0
tcl.com,https://tcl.com,shopify,True,0,1,,,0,0
timmehosting.de,https://timmehosting.de,prestashop,False,0,1,,,0,0
theme-fusion.com,https://theme-fusion.com,woocommerce,True,0,1,,,0,0
xanimu.com,https://xanimu.com,woocommerce,False,0,1,,,0,0
snap.com,https://snap.com,shopify,False,0,1,,,0,0
solodeportes.com.ar,https://solodeportes.com.ar,magento,True,0,1,,,0,0
weglot.com,https://weglot.com,bigcommerce,False,0,1,,,0,0
nfcube.com,https://nfcube.com,magento,True,0,1,,,0,0
palmonas.com,https://palmonas.com,shopify,True,5,1,,B242222|Demifine_Earrings|Factory_53|FLASHMAR45|LD_27_02_2026|kwikcart-freebie|show|FREE_BIE|MTO|MTO_Coins,2029.0,46929.32
printix.net,https://printix.net,woocommerce,False,0,1,,,0,0
nosto.com,https://nosto.com,bigcommerce,False,0,1,,,0,0
staffbase.com,https://staffbase.com,bigcommerce,False,0,1,,,0,0
uoguelph.ca,https://uoguelph.ca,bigcommerce,False,0,1,,,0,0
xmission.com,https://xmission.com,woocommerce,True,0,1,,,0,0
tidio.co,https://tidio.co,bigcommerce,False,0,1,,,0,0
oberlo.com,https://oberlo.com,shopify,False,0,1,,,0,0
poynter.org,https://poynter.org,woocommerce,False,0,1,,,0,0
podtrac.com,https://podtrac.com,squarespace,True,0,1,,,0,0
technolutions.net,https://technolutions.net,magento,True,0,1,,,0,0
vesync.com,https://vesync.com,magento,True,0,1,,,0,0
lithub.com,https://lithub.com,shopify,False,0,1,,,0,0
sensibo.com,https://sensibo.com,shopify,True,5,1,,,15.0,185.0
pastemagazine.com,https://pastemagazine.com,woocommerce,False,0,1,,,0,0
xtemos.com,https://xtemos.com,woocommerce,True,0,1,,,0,0
outcomes.net,https://outcomes.net,magento,True,0,1,,,0,0
nixplay.com,https://nixplay.com,shopify,True,5,1,,409[amz]B07V9QZVW1|filter-ultra|MCF|nixplay-frame|screen-2k|add-on-product|BYO|MCF|nixplay-frame|screen-HD,29.99,299.99
skystone.games,https://skystone.games,wix,False,0,1,,,0,0
travix.com,https://travix.com,woocommerce,False,0,1,,,0,0
onthe.io,https://onthe.io,wix,False,0,1,,,0,0
viqeo.tv,https://viqeo.tv,prestashop,False,0,1,,,0,0
pydata.org,https://pydata.org,woocommerce,False,0,1,,,0,0
ppy.sh,https://ppy.sh,squarespace,False,0,1,,,0,0
positivepsychology.com,https://positivepsychology.com,woocommerce,False,0,1,,,0,0
zahid.host,https://zahid.host,prestashop,False,0,1,,,0,0
sanmar.com,https://sanmar.com,bigcommerce,False,0,1,,,0,0
uff.br,https://uff.br,woocommerce,False,0,1,,,0,0
programmaticx.ai,https://programmaticx.ai,wix,False,0,1,,,0,0
zwift.com,https://zwift.com,shopify,False,0,1,,,0,0
wp-royal-themes.com,https://wp-royal-themes.com,woocommerce,False,0,1,,,0,0
upsellit.com,https://upsellit.com,bigcommerce,False,0,1,,,0,0
nishatlinen.com,https://nishatlinen.com,shopify,True,5,1,,18%|2-apr-uns-sorting|26-mar-2026-uns|26-Mar-TO-Updated-Uns|3pc|18%|2-apr-uns-sorting|26-mar-2026-uns|26-Mar-TO-Updated-Uns|2pc,3590.0,9990.0
myschool.ng,https://myschool.ng,bigcommerce,False,0,1,,,0,0
society6.com,https://society6.com,shopify,True,5,1,,creative-24023526|digital|ink|leaves|pattern|7s|balance|creative-24050283|digital|earthy,30.0,275.0
teltonika-networks.com,https://teltonika-networks.com,wix,False,0,1,,,0,0
nanoleaf.me,https://nanoleaf.me,shopify,False,0,1,,,0,0
stability.ai,https://stability.ai,magento,False,0,1,,,0,0
spacenews.com,https://spacenews.com,woocommerce,False,0,1,,,0,0
midea.com,https://midea.com,shopify,True,0,1,,,0,0
punishworld.com,https://punishworld.com,woocommerce,False,0,1,,,0,0
trackad.ai,https://trackad.ai,woocommerce,False,0,1,,,0,0
sammobile.com,https://sammobile.com,woocommerce,False,0,1,,,0,0
meater.com,https://meater.com,shopify,False,0,1,,,0,0
lockly.com,https://lockly.com,shopify,True,5,1,,Accessories|regular-priced|bundle|bundle|classics|Deadbolt|everygreen promo|for rental|new|Accessories,19.99,349.99
videowise.com,https://videowise.com,shopify,False,0,1,,,0,0
thefederalist.com,https://thefederalist.com,shopify,False,0,1,,,0,0
westside.com,https://westside.com,shopify,True,0,1,,,0,0
whoi.edu,https://whoi.edu,shopify,False,0,1,,,0,0
sdsys.ru,https://sdsys.ru,woocommerce,False,0,1,,,0,0
manhwaden.com,https://manhwaden.com,woocommerce,True,0,1,,,0,0
manhuahot.com,https://manhuahot.com,woocommerce,False,0,1,,,0,0
zapvi.in,https://zapvi.in,woocommerce,True,0,1,,,0,0
peachmode.com,https://peachmode.com,shopify,True,5,1,,Abstract Print|Brand:Peachmode|casual|dress material|dress material pink|Black|Brand:Peachmode|dress material|Embroidered|festive,1199.0,1749.0
lws.fr,https://lws.fr,prestashop,False,0,1,,,0,0
prestashop-project.org,https://prestashop-project.org,prestashop,False,0,1,,,0,0
middleeastmonitor.com,https://middleeastmonitor.com,bigcommerce,False,0,1,,,0,0
writable.com,https://writable.com,woocommerce,True,0,1,,,0,0
lws-hosting.com,https://lws-hosting.com,prestashop,False,0,1,,,0,0
namirial.it,https://namirial.it,woocommerce,False,0,1,,,0,0
littleboxindia.com,https://littleboxindia.com,shopify,True,5,1,,Just In|MEASUREMENT_TROUSERS|new in|newly_launched|trousers|Just In|MEASUREMENT_TOPS|new in|newly_launched|tops,549.0,1399.0
redtape.com,https://redtape.com,shopify,False,0,1,shopify_payments,,0,0
ok-doujinx.com,https://ok-doujinx.com,woocommerce,True,0,1,,,0,0
nzxt.com,https://nzxt.com,shopify,True,5,1,,New Product Records|New Product Records|New Product Records|New Product Records|New Product Records,1410.0,4730.0
toon-y.com,https://toon-y.com,woocommerce,False,0,1,,,0,0
rossko.ru,https://rossko.ru,shopify,False,0,1,,,0,0
sirv.com,https://sirv.com,prestashop,False,0,1,,,0,0
towebs.com,https://towebs.com,prestashop,False,0,1,,,0,0
x3m.biz,https://x3m.biz,woocommerce,False,0,1,,,0,0
quboworld.com,https://quboworld.com,magento,True,0,1,razorpay,,0,0
papacambridge.com,https://papacambridge.com,woocommerce,True,0,1,,,0,0
trustedsite.com,https://trustedsite.com,bigcommerce,False,0,1,,,0,0
outkick.com,https://outkick.com,shopify,False,0,1,,,0,0
seeedstudio.com,https://seeedstudio.com,magento,False,0,1,,,0,0
quotidiano.net,https://quotidiano.net,prestashop,False,0,1,,,0,0
looti.org,https://looti.org,woocommerce,False,0,1,,,0,0
web4u.cz,https://web4u.cz,prestashop,False,0,1,,,0,0
vamtam.com,https://vamtam.com,woocommerce,True,0,1,,,0,0
mosbatesabz.com,https://mosbatesabz.com,woocommerce,False,0,1,,,0,0
omniconvert.com,https://omniconvert.com,bigcommerce,False,0,1,,,0,0
vaku.in,https://vaku.in,shopify,True,5,1,,wireless earbuds|hands-free phone holder|phone pouch|selfie stick tripod|earbuds|wireless earbuds,1999.0,3499.0
orchisasia.org,https://orchisasia.org,woocommerce,False,0,1,,,0,0
themefreesia.com,https://themefreesia.com,woocommerce,False,0,1,,,0,0
nic.sbs,https://nic.sbs,bigcommerce,False,0,1,,,0,0
saveetha.com,https://saveetha.com,magento,True,0,1,,,0,0
neat.no,https://neat.no,bigcommerce,True,0,1,braintree,,0,0
proen.co.th,https://proen.co.th,woocommerce,False,0,1,,,0,0
vwthemes.com,https://vwthemes.com,shopify,True,5,1,,,40.0,40.0
protected.net,https://protected.net,magento,True,0,1,,,0,0
teltonika.lt,https://teltonika.lt,wix,False,0,1,,,0,0
lucushost.com,https://lucushost.com,prestashop,False,0,1,,,0,0
playflux.co,https://playflux.co,woocommerce,True,0,1,,,0,0
przelewy24.pl,https://przelewy24.pl,prestashop,False,0,1,,,0,0
sury.org,https://sury.org,prestashop,False,0,1,,,0,0
nrao.edu,https://nrao.edu,woocommerce,True,0,1,,,0,0
nic.feedback,https://nic.feedback,magento,True,0,1,,,0,0
themewagon.com,https://themewagon.com,woocommerce,True,0,1,,,0,0
webspace-verkauf.de,https://webspace-verkauf.de,woocommerce,True,0,1,,,0,0
wholefoodsmarket.co.uk,https://wholefoodsmarket.co.uk,magento,True,0,1,,,0,0
rebounce.ai,https://rebounce.ai,wix,False,0,1,,,0,0
nusa.net.id,https://nusa.net.id,woocommerce,True,0,1,,,0,0
squidapp.co,https://squidapp.co,woocommerce,True,0,1,,,0,0
stevemadden.com,https://stevemadden.com,shopify,True,5,1,,#tracie-black-crocodile|#tracie-black-leather|#tracie-black-suede|#tracie-brown-crocodile|#tracie-chestnut-suede|#sherman-black-leather|#sherman-chestnut-suede|#sherman-snake-multi|*sherman*|almond toe,39.99,129.95
shrinetheme.com,https://shrinetheme.com,shopify,True,3,1,,dropshipping|Dropshippingtheme|Shopifytheme|theme,20.0,349.0
transcy.io,https://transcy.io,shopify,False,0,1,,,0,0
woah.org,https://woah.org,woocommerce,True,0,1,,,0,0
meteolive.it,https://meteolive.it,woocommerce,False,0,1,,,0,0
stanley1913.com,https://stanley1913.com,shopify,True,5,1,,Barware|Beer|Beer + Spirits|Camp Cookware|camping|Camp Cookware|camping|Cold Drinks|Drinkware|Hydration,35.0,110.0
zigpoll.com,https://zigpoll.com,bigcommerce,False,0,1,,,0,0
thewalrus.ca,https://thewalrus.ca,woocommerce,False,0,1,,,0,0
smbc-comics.com,https://smbc-comics.com,shopify,False,0,1,,,0,0
sigsauer.com,https://sigsauer.com,magento,True,0,1,,,0,0
wildix.com,https://wildix.com,woocommerce,True,0,1,,,0,0
sidefx.com,https://sidefx.com,shopify,False,0,1,,,0,0
m5stack.com,https://m5stack.com,shopify,False,0,1,,,0,0
zonos.com,https://zonos.com,bigcommerce,False,0,1,,,0,0
modat.io,https://modat.io,wix,False,0,1,,,0,0
new-rus.tv,https://new-rus.tv,opencart,False,0,1,,,0,0
compactaprint.com.br,,woocommerce,True,0,4,,,,
victoriapublicmarket.com,,woocommerce,True,0,1,,,,
californiahomeschool.net,,woocommerce,True,0,5,,,,
eloghomes.com,,woocommerce,True,0,2,,,,
cegroncare.co.uk,,woocommerce,True,0,2,,,,
artexplore.net,,shopify,True,3,5,,,,
primeorganic.asia,,woocommerce,True,0,6,,,,
frenchbeauty.cl,,woocommerce,True,0,2,,,,
americandentalcare.org,,woocommerce,True,0,3,,,,
make.toys,,shopify,True,0,1,,,,
belmontebikes.com,,shopify,True,3,5,,,,
coastarts.org,,woocommerce,True,0,3,,,,
cassart.co.uk,,bigcommerce,True,0,1,,,,
oxytech.au,,shopify,True,3,5,,,,
mysmartbazaar.com,,shopify,True,3,5,,,,
darivianakis-fishingstore.gr,,shopify,True,3,5,,,,
familywatch.org,,woocommerce,True,0,3,,,,
cardcosmos.de,,shopify,True,3,5,,,,
koonbooks.com,,shopify,True,3,5,,,,
caraudiodirect.co.uk,,shopify,True,3,5,,,,
hulalahome.com,,shopify,True,3,5,,,,
carou.com,,magento,True,0,2,,,,
stretta-music.uk,,shopify,True,0,1,,,,
theflowersociety.net,,shopify,True,3,5,,,,
jvzshop.com,,shopify,True,3,5,,,,
haramainfoods.com,,shopify,True,3,5,,,,
mv.health,,shopify,True,0,4,,,,
onlinesmart.net,,woocommerce,True,0,2,,,,
kellerheartt.com,,shopify,True,3,5,,,,
cfmotousaparts.com,,woocommerce,True,0,2,,,,
hawaii-seafood.org,,woocommerce,True,0,2,,,,
carbonneutral.com.au,,woocommerce,True,0,7,,,,
relanhome.com.ar,,shopify,True,3,5,,,,
dutchopendarts.nl,,woocommerce,True,0,1,,,,
bike-room.com,,shopify,True,0,2,,,,
netforhealth.com,,woocommerce,True,0,6,,,,
barkhazstore.com,,shopify,True,3,5,,,,
petspark.pk,,shopify,True,3,5,,,,
theseatshop.com,,shopify,True,3,5,,,,
anuashop.jp,,shopify,True,3,5,,,,
apohealth.de,,shopify,True,3,5,,,,
anartxy.com,,shopify,True,3,5,,,,
vindastore.com,,woocommerce,True,0,3,,,,
playtech.co.nz,,shopify,True,3,5,,,,
divoboutique.com,,shopify,True,3,5,,,,
partywinkel.be,,shopify,True,3,5,,,,
decorai.io,,woocommerce,True,0,1,,,,
greekartworks.com,,woocommerce,True,0,5,,,,
pcmarket.ba,,woocommerce,True,0,1,,,,
stonecaredirect.co.uk,,woocommerce,True,0,4,,,,
fabheavyparts.com,,shopify,True,3,5,,,,
myhomestyle.pk,,shopify,True,3,5,,,,
beewellcbd.info,,ecwid,True,0,2,,,,
applianceparts4all.com,,magento,True,0,1,,,,
materialhandlingcarts.com,,magento,True,0,1,,,,
nitrotech.info,,shopify,True,0,4,,,,
babymonitorsdirect.co.uk,,woocommerce,True,0,3,,,,
ilumeloutlet.com,,shopify,True,0,4,,,,
bizcochodeyogurshop.com,,shopify,True,3,5,,,,
tradingcardsxxx.fr,,shopify,True,3,5,,,,
musicstreet.co.uk,,shopify,True,3,5,,,,
abcautowreckingaz.com,,woocommerce,True,0,4,,,,
spartasche.de,,shopify,True,3,5,,,,
partysharty.pk,,shopify,True,3,5,,,,
mahnazfood.com,,shopify,True,3,5,,,,
kokettohome.com,,shopify,True,3,5,,,,
djiindiashop.com,,shopify,True,3,5,,,,
k-parts.de,,magento,True,0,5,,,,
diorboutique-il.com,,shopify,True,3,5,,,,
huntercardtcg.com,,woocommerce,True,0,2,,,,
procmart.com,,woocommerce,True,0,4,,,,
hlwatches.co.uk,,woocommerce,True,0,5,,,,
malkorganics.com,,shopify,True,3,5,,,,
autohaus-digital.de,,woocommerce,True,0,1,,,,
onlinereplicastore.com,,shopify,True,3,5,,,,
boomalli.com.au,,woocommerce,True,0,1,,,,
gympietech.com.au,,woocommerce,True,0,1,,,,
sixteensshop.com,,shopify,True,3,5,,,,
bikester.be,,shopify,True,3,5,,,,
beemart.vn,,shopify,True,3,5,,,,
techytalk.info,,magento,True,0,2,,,,
thecharityclothingco.org,,woocommerce,True,0,1,,,,
smallbusinesstips.us,,woocommerce,True,0,1,,,,
potterycrafts.co.uk,,shopify,True,3,5,,,,
educarpersonas.com,,woocommerce,True,0,1,,,,
superbikeschool.com,,woocommerce,True,0,6,,,,
robinsonsjewelers.com,,shopify,True,3,5,,,,
cartridgeworld.gr,,magento,True,0,8,,,,
artnailshop.com,,woocommerce,True,0,1,,,,
makemydeal.dev,,woocommerce,True,0,2,,,,
dellstore.com,,magento,True,0,4,,,,
emmalousboutique.com,,shopify,True,3,5,,,,
homestory.pt,,shopify,True,3,5,,,,
novahome.al,,shopify,True,3,5,,,,
mrstore.com.pk,,shopify,True,3,5,,,,
highwayandheavyparts.com,,woocommerce,True,0,1,,,,
diamondart.uk,,shopify,True,3,5,,,,
bikester.at,,shopify,True,3,5,,,,
honorstore.ec,,shopify,True,3,5,,,,
importbike.mx,,shopify,True,0,2,,,,
vigoshop.gr,,woocommerce,True,0,3,,,,
gussmarket.com,,woocommerce,True,0,6,,,,
graduationoutlet.com,,magento,True,0,5,,,,
hummibikes.com,,woocommerce,True,0,4,,,,
edtechagency.net,,woocommerce,True,0,2,,,,
mammashop.dk,,shopify,True,3,5,,,,
beinart.org,,shopify,True,3,5,,,,
artflora.ro,,woocommerce,True,0,1,,,,
globaltransmissionparts.com,,bigcommerce,True,0,1,,,,
cathome.pet,,woocommerce,True,0,2,,,,
thinkscarpa.com,,shopify,True,3,5,,,,
sylviejewels.co,,shopify,True,3,5,,,,
ayushcare.in,,shopify,True,3,5,,,,
humehealth.de,,shopify,True,3,5,,,,
evenbetterbuy.com,,shopify,True,3,5,,,,
artklim.com,,shopify,True,3,5,,,,
indianartvilla.in,,shopify,True,3,5,,,,
theliquorshop.com.sg,,shopify,True,3,5,,,,
dearheartdesigns.com,,shopify,True,3,5,,,,
vigoshop.bg,,woocommerce,True,0,3,,,,
ontechcontrol.com,,woocommerce,True,0,4,,,,
kantocards.com,,shopify,True,3,5,,,,
theyamazakihome-europe.com,,shopify,True,3,5,,,,
compartir.org,,woocommerce,True,0,1,,,,
cbdforlife.us,,shopify,True,3,5,,,,
bagruart.com,,shopify,True,3,5,,,,
darkmarketlist.info,,woocommerce,True,0,1,,,,
healthmote.com,,woocommerce,True,0,3,,,,
fishbook.co.za,,woocommerce,True,0,3,,,,
soorploomclothier.com,,shopify,True,3,5,,,,
1sourcetool.com,,shopify,True,3,5,,,,
oeparts24.com,,opencart,True,0,7,,,,
pitterpattershop.com,,shopify,True,3,5,,,,
travellershome.com.au,,woocommerce,True,0,1,,,,
omni.pet,,shopify,True,3,5,,,,
hamzamothercare.pk,,shopify,True,3,5,,,,
houseofvapeslondon.co.uk,,shopify,True,3,5,,,,
sourceboardshop.com,,prestashop,True,0,3,,,,
foodexpo.gr,,woocommerce,True,0,3,,,,
buywiseappliances.co.uk,,magento,True,0,7,,,,
labyrinthbooks.com,,bigcommerce,True,0,1,,,,
moulinroty-maboutique.com,,magento,True,0,6,,,,
amixstore.com,,shopify,True,3,5,,,,
otomstore.com,,shopify,True,3,5,,,,
laboutiquedeloseventos.com,,shopify,True,3,5,,,,
urbancarptackle.co.uk,,shopify,True,0,2,,,,
marketonweb.fr,,magento,True,0,4,,,,
currentboutique.com,,shopify,True,3,5,,,,
gvgmall.com.br,,shopify,True,3,5,,,,
pandorashop.ma,,magento,True,0,3,,,,
vigoshop.it,,woocommerce,True,0,3,,,,
pricecrashfurniture.co.uk,,shopify,True,3,5,,,,
digitalwerksautomation.com,,woocommerce,True,0,3,,,,
danielsmartmfg.com,,shopify,True,3,5,,,,
frenchpadelshop.com,,woocommerce,True,0,3,,,,
chicagofaucetshoppe.com,,bigcommerce,True,0,1,,,,
class8truckparts.com,,magento,True,0,3,,,,
turramusic.com.au,,shopify,True,3,5,,,,
clovecart.in,,shopify,True,3,5,,,,
stuffboutique.it,,shopify,True,3,5,,,,
cyberbazaar.org,,shopify,True,3,5,,,,
chopshopstore.com,,shopify,True,3,5,,,,
srstore.in,,shopify,True,3,5,,,,
craftingwithmychis.com,,shopify,True,3,5,,,,
omegashop.ba,,woocommerce,True,0,4,,,,
inc5shop.com,,shopify,True,3,5,,,,
diy-artclub.com,,shopify,True,3,5,,,,
abelbooks.ru,,woocommerce,True,0,3,,,,
alharamainmart.com,,woocommerce,True,0,8,,,,
dartgarage.at,,shopify,True,3,5,,,,
gripedgetools.com,,shopify,True,3,5,,,,
maggiesorganics.com,,bigcommerce,True,0,1,,,,
bricklanebikes.co.uk,,magento,True,0,1,,,,
motrparts.com,,woocommerce,True,0,2,,,,
megafoodstunter.nl,,woocommerce,True,0,1,,,,
almoosahealthgroup.org,,woocommerce,True,0,2,,,,
margbooks.com,,opencart,True,0,2,,,,
diyprojectsforhome.net,,woocommerce,True,0,1,,,,
kingsgrovesports.com.au,,shopify,True,0,1,,,,
booknook.de,,shopify,True,0,2,,,,
soltech.com,,shopify,True,0,2,,,,
therugbyshop.co.uk,,woocommerce,True,0,1,,,,
galicianparts.com,,woocommerce,True,0,5,,,,
tsigaridasbooks.gr,,magento,True,0,2,,,,
ad-medientechnik.de,,woocommerce,True,0,2,,,,
rptools.net,,woocommerce,True,0,2,,,,
hanfgartenshop.de,,magento,True,0,1,,,,
interiorhomescapes.com,,bigcommerce,True,0,1,,,,
panjnadshop.com,,shopify,True,0,2,,,,
rueduprint.fr,,woocommerce,True,0,2,,,,
lightmart.com,,bigcommerce,True,0,1,,,,
smartrecovery.org.uk,,woocommerce,True,0,5,,,,
yourgolfsuperstore.com,,woocommerce,True,0,6,,,,
inventstore.in,,woocommerce,True,0,5,,,,
excelsports.org,,woocommerce,True,0,2,,,,
vadebike.org,,woocommerce,True,0,1,,,,
ecarrito.com.mx,,shopify,True,0,2,,,,
ravijewellers.lk,,woocommerce,True,0,3,,,,
autobrinca.com,,woocommerce,True,0,2,,,,
lespetitescantines.org,,ecwid,True,0,2,,,,
etchcraftemporium.in,,shopify,True,0,2,,,,
metrohomecentre.com,,woocommerce,True,0,1,,,,
somashome.nl,,woocommerce,True,0,1,,,,
artsholic.com,,woocommerce,True,0,3,,,,
lasershop.net,,woocommerce,True,0,2,,,,
fb-flowers.com,,woocommerce,True,0,2,,,,
lectricebikes.com,,shopify,True,3,5,,,,
printers.lk,,woocommerce,True,0,4,,,,
competitions.online,,woocommerce,True,0,2,,,,
partial.ly,,woocommerce,True,0,18,,,,
stretta-music.dk,,shopify,True,0,1,,,,
homedics.co.uk,,bigcommerce,True,0,1,,,,
carloscaixeta.com.br,,woocommerce,True,0,2,,,,
ibrokemygadget.co.uk,,woocommerce,True,0,4,,,,
pet-centar.hr,,shopify,True,3,5,,,,
trafficshop.gr,,woocommerce,True,0,2,,,,
faytech.us,,woocommerce,True,0,3,,,,
reliableaftermarketparts.com,,shopify,True,3,5,,,,
offgridstores.com,,shopify,True,3,5,,,,
skapetze.com,,shopify,True,3,5,,,,
impressioncart.com,,shopify,True,0,2,,,,
rodarte.net,,shopify,True,0,2,,,,
ontechsmartservices.com,,shopify,True,3,5,,,,
ramart.org,,woocommerce,True,0,1,,,,
amourart.fr,,shopify,True,3,5,,,,
wonkeedonkeetools.co.uk,,woocommerce,True,0,1,,,,
nativehealth.org,,woocommerce,True,0,1,,,,
english-heritageshop.org.uk,,magento,True,0,4,,,,
razoremporium.com,,bigcommerce,True,0,2,,,,
watchessales.top,,woocommerce,True,0,7,,,,
firstprintable.com,,woocommerce,True,0,4,,,,
x-car.com.au,,shopify,True,3,5,,,,
alankaranastore.com,,shopify,True,3,5,,,,
vegostore.net,,shopify,True,0,3,,,,
meetshop.it,,shopify,True,3,5,,,,
solarthermalworld.org,,woocommerce,True,0,1,,,,
autoladenver.com,,opencart,True,0,2,,,,
penncotech.edu,,woocommerce,True,0,2,,,,
peoplesstore.de,,shopify,True,3,5,,,,
ozcarparts.com.au,,shopify,True,3,5,,,,
babiesstore.pk,,shopify,True,0,2,,,,
aldertech.com,,bigcommerce,True,0,1,,,,
bikestop.co.uk,,magento,True,0,1,,,,
bankicards.ru,,woocommerce,True,0,1,,,,
sweethome-va.com,,shopify,True,0,2,,,,
sportguru.uk,,opencart,True,0,6,,,,
cbd-one.co.uk,,woocommerce,True,0,2,,,,
artsnprints.com,,woocommerce,True,0,3,,,,
gartenwelt.de,,magento,True,0,7,,,,
iheartkpopaus.com.au,,shopify,True,3,5,,,,
alba-books.com,,opencart,True,0,4,,,,
animecartoonstickers.net,,shopify,True,3,5,,,,
petshrimp.com,,woocommerce,True,0,4,,,,
inkarto.com,,shopify,True,3,5,,,,
healthyeatsbd.com,,woocommerce,True,0,6,,,,
urbanshop.co.in,,shopify,True,0,3,,,,
northtexasperformingarts.org,,woocommerce,True,0,5,,,,
vsddiscountstore.co.uk,,shopify,True,3,5,,,,
easy-clothes.com,,shopify,True,3,5,,,,
buzistore.com,,woocommerce,True,0,3,,,,
xoxostore.co,,shopify,True,3,5,,,,
buykiwi.co.nz,,shopify,True,3,5,,,,
dollardealers.co.nz,,woocommerce,True,0,4,,,,
vmart.pk,,shopify,True,3,5,,,,
caravans.net,,woocommerce,True,0,1,,,,
automap.io,,woocommerce,True,0,2,,,,
printcounts.net,,woocommerce,True,0,5,,,,
olivarte.es,,shopify,True,3,5,,,,
canadiensboutique.com,,shopify,True,0,2,,,,
pettec.de,,shopify,True,3,5,,,,
arturbane.com,,shopify,True,3,5,,,,
buybhangonline.com,,shopify,True,3,5,,,,
smartkoshk.com,,shopify,True,3,5,,,,
303diecastshop.in,,shopify,True,3,5,,,,
americanbrickstore.com,,bigcommerce,True,0,1,,,,
luxeartisanship.com,,shopify,True,3,5,,,,
heyshopabide.com,,shopify,True,3,5,,,,
droidshop.vn,,woocommerce,True,0,4,,,,
ferrismusic.com,,shopify,True,3,5,,,,
termicraft.com,,woocommerce,True,0,5,,,,
buyweedpacks.co,,woocommerce,True,0,1,,,,
armstrongmusic.co.uk,,shopify,True,3,5,,,,
boutiqueluck.com,,shopify,True,3,5,,,,
healthybonesco.com,,shopify,True,3,5,,,,
bharattech.co.in,,magento,True,0,1,,,,
mercier-auto.com,,woocommerce,True,0,1,,,,
bodleianshop.co.uk,,shopify,True,3,5,,,,
wallart-direct.co.uk,,shopify,True,0,2,,,,
huarenstore.com,,magento,True,0,2,,,,
jupitershop.com,,shopify,True,3,5,,,,
cartographyassets.com,,woocommerce,True,0,3,,,,
yourarticles.co.uk,,woocommerce,True,0,6,,,,
karkitechs.com,,woocommerce,True,0,1,,,,
thebodyshop.rs,,magento,True,0,6,,,,
wmart.co.in,,woocommerce,True,0,3,,,,
thesoccerstore.com,,magento,True,0,5,,,,
delozastore.de,,shopify,True,3,5,,,,
mygardenparty.com.au,,woocommerce,True,0,5,,,,
soundandmusic.org,,woocommerce,True,0,1,,,,
sebastoautoradio.net,,magento,True,0,4,,,,
planetcare.org,,shopify,True,3,5,,,,
betterdeals.cw,,shopify,True,3,5,,,,
dulhanjewels.com,,shopify,True,3,5,,,,
orchardshop.com,,shopify,True,3,5,,,,
celestiajewels.in,,shopify,True,3,5,,,,
petallush.com,,magento,True,0,4,,,,
thefurnaceoutlet.com,,shopify,True,3,5,,,,
techcity.cloud,,woocommerce,True,0,1,,,,
magicyclebike.com,,shopify,True,3,5,,,,
scottishsocialistparty.org,,woocommerce,True,0,1,,,,
morgancomputers.co.uk,,bigcommerce,True,0,2,,,,
newmarketinc.com,,woocommerce,True,0,1,,,,
windowcleanersmarketplace.co.uk,,woocommerce,True,0,6,,,,
focarmeta.com.br,,woocommerce,True,0,4,,,,
bloxystores.com,,shopify,True,3,5,,,,
homeandbeyondstore.com,,shopify,True,0,3,,,,
kent-automotive.com,,shopify,True,3,5,,,,
primevapes.co.uk,,shopify,True,3,5,,,,
cookiesforkidscancer.org,,shopify,True,3,5,,,,
hermanshome.com,,shopify,True,0,3,,,,
buybakson.com,,shopify,True,3,5,,,,
organicaromas.com,,woocommerce,True,0,2,,,,
artisans.coop,,shopify,True,0,2,,,,
finefoodspecialist.co.uk,,shopify,True,0,2,,,,
ozokart.com,,shopify,True,3,5,,,,
beerenberg.com.au,,shopify,True,3,5,,,,
gtechniq.co.uk,,woocommerce,True,0,3,,,,
jewelina.de,,shopify,True,3,5,,,,
homesweethome.gr,,magento,True,0,5,,,,
artslaw.com.au,,woocommerce,True,0,7,,,,
markethack.net,,woocommerce,True,0,5,,,,
pedealgodao.com.br,,shopify,True,3,5,,,,
francesconibike.com,,shopify,True,0,2,,,,
doubletopdartshop.com,,shopify,True,3,5,,,,
bobbinbikes.com,,shopify,True,3,5,,,,
itoolmax.com,,shopify,True,3,5,,,,
printkick.com,,magento,True,0,4,,,,
omaksshop.com.ua,,woocommerce,True,0,2,,,,
gatewayworkshops.co.uk,,shopify,True,3,5,,,,
artimagesgallery.com.au,,shopify,True,3,5,,,,
poxet.beauty,,woocommerce,True,0,1,,,,
ecybertech.com,,magento,True,0,3,,,,
discoverystore.cl,,shopify,True,3,5,,,,
eli.health,,shopify,True,3,5,,,,
allforfood.com,,magento,True,0,2,,,,
runthejewels.net,,shopify,True,0,2,,,,
autopluswreckers.com.au,,shopify,True,3,5,,,,
huntbikewheels.com,,shopify,True,3,5,,,,
sulliejewels.com,,shopify,True,3,5,,,,
cubedarts.de,,shopify,True,3,5,,,,
bookhero.co.nz,,shopify,True,3,5,,,,
vavoomshop.co.kr,,woocommerce,True,0,4,,,,
giantbradleyssweetshop.com,,shopify,True,3,5,,,,
mooiehome.com,,shopify,True,3,5,,,,
remarkablefurniture.com.au,,shopify,True,3,5,,,,
ruthbancroftgarden.org,,woocommerce,True,0,7,,,,
campomarket.cl,,woocommerce,True,0,5,,,,
somethingfromhome.co.nz,,shopify,True,3,5,,,,
lightstoreusa.com,,shopify,True,3,5,,,,
morealishop.it,,shopify,True,3,5,,,,
ink-prints.co.uk,,magento,True,0,5,,,,
musicmarket.com.pe,,shopify,True,3,5,,,,
aracajucard.com.br,,woocommerce,True,0,1,,,,
thepillowhome.com,,shopify,True,3,5,,,,
xoanstore.vn,,shopify,True,3,5,,,,
alexandersstore.com,,woocommerce,True,0,4,,,,
tramas-home.com,,shopify,True,3,5,,,,
atlanticbooks.com,,shopify,True,3,5,,,,
bru-boutique.fr,,shopify,True,0,2,,,,
pareyshop.de,,magento,True,0,5,,,,
mallet.com,,shopify,True,0,2,,,,
visitdartmoor.co.uk,,woocommerce,True,0,2,,,,
motogeniusstore.com,,shopify,True,3,5,,,,
sleepingorganic.com,,woocommerce,True,0,7,,,,
shop.bl.uk,,shopify,True,3,5,,,,
songmicshome.co.uk,,shopify,True,3,5,,,,
cabfoods.co.za,,woocommerce,True,0,3,,,,
a1cashandcarry.com,,shopify,True,3,5,,,,
decortoadore.net,,woocommerce,True,0,1,,,,
steadfastlutherans.org,,snipcart,True,0,3,,,,
artvinescort.info,,woocommerce,True,0,2,,,,
maiashop.es,,shopify,True,3,5,,,,
honeybeehealthcoalition.org,,woocommerce,True,0,6,,,,
mistorechile.cl,,woocommerce,True,0,6,,,,
alkhabeer.org,,woocommerce,True,0,1,,,,
goldenhomeoh.com,,shopify,True,3,5,,,,
orderprinterpro.com,,shopify,True,0,2,,,,
karakubuy.com,,shopify,True,3,5,,,,
dermotiendashopping.com,,shopify,True,3,5,,,,
cartylabs.com,,shopify,True,0,5,,,,
carbotecnia.info,,woocommerce,True,0,1,,,,
klassyshop.com,,shopify,True,3,5,,,,
24home.bg,,woocommerce,True,0,3,,,,
songmicshome.nl,,shopify,True,3,5,,,,
tvoutlet.ca,,shopify,True,3,5,,,,
lifearts.co.uk,,woocommerce,True,0,1,,,,
londonprints.in,,shopify,True,3,5,,,,
craftbuddyshop.com,,shopify,True,3,5,,,,
tokyobike.co.uk,,shopify,True,3,5,,,,
costumeboutique.co.uk,,woocommerce,True,0,1,,,,
palucart.it,,woocommerce,True,0,2,,,,
liquimolystore.com,,shopify,True,3,5,,,,
shopify.com.br,,shopify,True,0,3,,,,
healthcheckbox.com,,woocommerce,True,0,1,,,,
bangkokbikethailandchallenge.com,,woocommerce,True,0,1,,,,
gemhomeaccesories.com,,shopify,True,3,5,,,,
homeandroost.co.uk,,shopify,True,3,5,,,,
elitecellparts.com,,woocommerce,True,0,5,,,,
bioboutiquelarosacanina.it,,woocommerce,True,0,2,,,,
organiccottonplus.com,,shopify,True,3,5,,,,
techritual.com,,woocommerce,True,0,1,,,,
careline.co.uk,,shopify,True,0,2,,,,
velotricbike.com,,shopify,True,3,5,,,,
mothersearth.com,,shopify,True,3,5,,,,
mashroostore.com,,shopify,True,3,5,,,,
terrahealthessentials.com,,shopify,True,3,5,,,,
pixocart.com,,woocommerce,True,0,8,,,,
pets-mall.net,,woocommerce,True,0,1,,,,
technoant.co,,shopify,True,3,5,,,,
entropiapaperstore.com,,shopify,True,3,5,,,,
bikemanperformance.com,,shopify,True,3,5,,,,
blacksunstore.com,,shopify,True,3,5,,,,
marketparket.rs,,woocommerce,True,0,2,,,,
fashionary.org,,shopify,True,3,5,,,,
buylsdonline.io,,woocommerce,True,0,5,,,,
livecarmodel.com,,bigcommerce,True,0,1,,,,
thebritishcrafthouse.co.uk,,woocommerce,True,0,2,,,,
heritagebooks.org,,bigcommerce,True,0,1,,,,
amperecart.com,,woocommerce,True,0,5,,,,
artquarell.com,,shopify,True,3,5,,,,
fomostore.in,,shopify,True,3,5,,,,
mittechreview.com.br,,woocommerce,True,0,2,,,,
fitelostore.co,,shopify,True,3,5,,,,
ascensionearth.net,,shopify,True,0,5,,,,
boxrstore.com,,shopify,True,3,5,,,,
outsidersstore.com,,shopify,True,3,5,,,,
uwumarket.us,,shopify,True,3,5,,,,
partsology.com,,shopify,True,3,5,,,,
thesinkboutique.com,,shopify,True,3,5,,,,
magdashop.is,,shopify,True,3,5,,,,
porcelainsuperstore.co.uk,,shopify,True,3,5,,,,
tech-gate.org,,woocommerce,True,0,1,,,,
myspartanhelmets.com,,woocommerce,True,0,2,,,,
toolnation.de,,magento,True,0,6,,,,
bshopzone.it,,shopify,True,3,5,,,,
piano-composer-teacher-london.co.uk,,woocommerce,True,0,5,,,,
drmartens.co.kr,,shopify,True,3,5,,,,
armaastorepk.com,,shopify,True,3,5,,,,
peonlyshop.com,,shopify,True,3,5,,,,
petsdomain.com.au,,shopify,True,3,5,,,,
carat.ch,,magento,True,0,2,,,,
fantasiacards.de,,shopify,True,3,5,,,,
liveocare.de,,shopify,True,3,5,,,,
codectechnologies.in,,woocommerce,True,0,6,,,,
lgbtqiahealtheducation.org,,woocommerce,True,0,3,,,,
vitalitycbd.co.uk,,shopify,True,3,5,,,,
lightspacetechnologies.com,,magento,True,0,4,,,,
hjgstore.com,,shopify,True,3,5,,,,
streamarts.ru,,woocommerce,True,0,4,,,,
galashop.rs,,shopify,True,3,5,,,,
cabezadealfiler.cl,,shopify,True,3,5,,,,
outofdarts.com,,shopify,True,3,5,,,,
onenessboutique.com,,shopify,True,3,5,,,,
medshop.com.au,,shopify,True,0,1,,,,
qdstores.co.uk,,shopify,True,3,5,,,,
vitusbikes.com,,shopify,True,3,5,,,,
famiprints.com,,shopify,True,3,5,,,,
nubiamart.com,,magento,True,0,4,,,,
healthletic.io,,shopify,True,3,5,,,,
retrocomputermuseum.co.uk,,woocommerce,True,0,3,,,,
lafamiliastore.com,,woocommerce,True,0,7,,,,
themythicstore.com,,shopify,True,3,5,,,,
vapejuicenorge.com,,woocommerce,True,0,5,,,,
vibetoolsng.com,,shopify,True,3,5,,,,
smartbid.co,,woocommerce,True,0,1,,,,
startsafety.uk,,shopify,True,3,5,,,,
competitionfox.com,,woocommerce,True,0,1,,,,
theryostore.com,,shopify,True,3,5,,,,
d2card.com,,shopify,True,3,5,,,,
dermashop.pe,,shopify,True,3,5,,,,
homekode.com,,shopify,True,3,5,,,,
artjoyprint.com,,woocommerce,True,0,3,,,,
dynamicbikecare.com,,shopify,True,3,5,,,,
xtistore.com,,shopify,True,3,5,,,,
newsprints.co.uk,,bigcommerce,True,0,1,,,,
rvpartshop.com,,shopify,True,3,5,,,,
omniastores.com,,woocommerce,True,0,2,,,,
buykud.com,,shopify,True,3,5,,,,
aslanchristianbooks.com,,shopify,True,3,5,,,,
devshoppe.com,,shopify,True,3,5,,,,
epetice.com,,shopify,True,3,5,,,,
devatechs.com,,woocommerce,True,0,2,,,,
laboutiqueduhauttalon.fr,,prestashop,True,0,5,,,,
tangyshop.com,,shopify,True,3,5,,,,
ashop.bg,,opencart,True,0,3,,,,
doutlet.com,,shopify,True,3,5,,,,
home-connect.co.za,,woocommerce,True,0,4,,,,
cribofart.com,,shopify,True,3,5,,,,
autoaukcije.com,,woocommerce,True,0,6,,,,
trucklinerparts.com,,shopify,True,3,5,,,,
bikethomson.com,,woocommerce,True,0,2,,,,
california-arts.com,,shopify,True,3,5,,,,
smartship.in,,opencart,True,0,2,,,,
dubuypk.com,,shopify,True,3,5,,,,
mybudgetstore.in,,shopify,True,3,5,,,,
beingjewelled.com,,woocommerce,True,0,5,,,,
mrpbike.com,,shopify,True,3,5,,,,
reflexionsstore.pk,,woocommerce,True,0,5,,,,
leadersrpmshop.com,,bigcommerce,True,0,1,,,,
techniverse.net,,woocommerce,True,0,3,,,,
bayauto.com,,woocommerce,True,0,4,,,,
encarguelo.com,,opencart,True,0,1,,,,
antmallru.com,,opencart,True,0,4,,,,
getsprints.com,,shopify,True,3,5,,,,
bnlmediaartfestival.org,,woocommerce,True,0,5,,,,
mrjewels.in,,shopify,True,3,5,,,,
chargebikes.com,,shopify,True,3,5,,,,
mazahitools.com,,woocommerce,True,0,1,,,,
carbontree.com,,shopify,True,3,5,,,,
azucardulcerias.com,,shopify,True,3,5,,,,
buydoujinshi.com,,woocommerce,True,0,4,,,,
murphysdieselstore.com,,shopify,True,3,5,,,,
earthbornpaints.co.uk,,shopify,True,3,5,,,,
umall.com.au,,shopify,True,3,5,,,,
artveraprint.com,,shopify,True,3,5,,,,
smarterpguide.com,,woocommerce,True,0,3,,,,
passionfruitshop.com.au,,shopify,True,3,5,,,,
mydarknetmarket.info,,woocommerce,True,0,1,,,,
reekon.tools,,shopify,True,3,5,,,,
modeautoconcepts.com,,shopify,True,3,5,,,,
cardcenter.no,,shopify,True,3,5,,,,
technim.nl,,woocommerce,True,0,3,,,,
bartelt.at,,woocommerce,True,0,3,,,,
partidulaur.ro,,woocommerce,True,0,2,,,,
lamborghinistore.com,,shopify,True,3,5,,,,
summarybook.online,,woocommerce,True,0,2,,,,
theshowerheadstore.com,,shopify,True,3,5,,,,
moysesflowers.co.uk,,bigcommerce,True,0,1,,,,
natureshealthbox.co.uk,,shopify,True,3,5,,,,
xtool.eu,,shopify,True,3,5,,,,
partyworld.ie,,bigcommerce,True,0,1,,,,
betterhealthinternational.com,,shopify,True,3,5,,,,
market99.com,,shopify,True,3,5,,,,
baccarat.com.au,,shopify,True,0,2,,,,
cocooncare.in,,shopify,True,3,5,,,,
vietmusic.vn,,shopify,True,3,5,,,,
lusthome.com,,shopify,True,3,5,,,,
kimeratechnologies.com,,woocommerce,True,0,1,,,,
isktechnologies.com,,magento,True,0,4,,,,
gmlautokeys.co.uk,,woocommerce,True,0,1,,,,
drugstore2door.biz,,woocommerce,True,0,2,,,,
propelbikes.com,,woocommerce,True,0,5,,,,
carltonlondon.co.in,,shopify,True,3,5,,,,
radpowerbikes.eu,,shopify,False,0,5,,,,
smartweb.am,,opencart,True,0,1,,,,
books4people.co.uk,,shopify,True,3,5,,,,
amctheatresshop.com,,shopify,True,3,5,,,,
cambioautomaticodobrasil.com.br,,woocommerce,True,0,1,,,,
meedenart.com,,shopify,True,3,5,,,,
planetoutlet.es,,woocommerce,True,0,5,,,,
cartouche.com,,magento,True,0,5,,,,
alluringartprints.com,,shopify,True,3,5,,,,
mas34shop.com,,shopify,True,3,5,,,,
fudgekitchen.co.uk,,shopify,True,3,5,,,,
half-earthproject.org,,woocommerce,True,0,4,,,,
thewreathshop.com,,shopify,True,3,5,,,,
jabloshop.cz,,opencart,True,0,2,,,,
jackpotzcompetitions.com,,woocommerce,True,0,5,,,,
ceramall.ro,,magento,True,0,2,,,,
manageathome.co.uk,,shopify,True,3,5,,,,
trainingtech.academy,,woocommerce,True,0,2,,,,
bertoldoshop.it,,shopify,True,3,5,,,,
stanhome.fr,,shopify,True,3,5,,,,
bikester.ch,,shopify,True,3,5,,,,
smartsaat.com,,shopify,True,3,5,,,,
worldofrcparts.com,,shopify,True,3,5,,,,
a1allcars.co.uk,,woocommerce,True,0,4,,,,
themjewelersny.com,,shopify,True,3,5,,,,
vapeengrosnorge.com,,woocommerce,True,0,5,,,,
stovesupermarket.co.uk,,shopify,True,3,5,,,,
mechanicsuperstore.com,,shopify,True,3,5,,,,
gagebeasleyshop.com,,shopify,True,3,5,,,,
mambastore.pt,,shopify,True,3,5,,,,
99bikes.co.uk,,shopify,True,3,5,,,,
media24shop.com,,woocommerce,True,0,2,,,,
gustharts.com,,shopify,True,3,5,,,,
autoclint.com,,shopify,True,3,5,,,,
ivanajewels.com,,shopify,True,3,5,,,,
discountpartywarehouse.com.au,,bigcommerce,True,0,2,,,,
gcshopeg.com,,shopify,True,3,5,,,,
replicarolexexpert.io,,woocommerce,True,0,2,,,,
martystuart.net,,shopify,True,3,5,,,,
colorsofearth.in,,shopify,True,3,5,,,,
technocart.com,,shopify,True,3,5,,,,
techtonics.in,,woocommerce,True,0,6,,,,
unitedrvparts.com,,shopify,True,3,5,,,,
mahoneswallpapershop.com,,shopify,True,3,5,,,,
cardotaku.com,,shopify,True,3,5,,,,
boozyshop.fr,,shopify,True,3,5,,,,
lapetitesomptueuse.com,,shopify,True,3,5,,,,
tools4trade.co.uk,,shopify,True,3,5,,,,
deckshop.de,,shopify,True,3,5,,,,
2017oscar.us,,woocommerce,True,0,1,,,,
indiansoccermart.in,,shopify,True,3,5,,,,
aldahome.com,,magento,True,0,6,,,,
koreafoods.co.uk,,woocommerce,True,0,2,,,,
irwinsmegastore.ie,,shopify,True,3,5,,,,
garten.schule,,woocommerce,True,0,1,,,,
carepeopleuk.co.uk,,woocommerce,True,0,5,,,,
catalystshop.com,,bigcommerce,True,0,1,,,,
partify.ca,,shopify,True,3,5,,,,
tempetedelouest.fr,,woocommerce,True,0,3,,,,
advancedtruckparts.com,,shopify,True,3,5,,,,
paynshop.in,,shopify,True,3,5,,,,
shreemall.com,,shopify,True,3,5,,,,
electricclassiccars.co.uk,,shopify,True,3,5,,,,
houseofcars.nl,,woocommerce,True,0,6,,,,
techforgoodinstitute.org,,woocommerce,True,0,1,,,,
autosparks.co.uk,,magento,True,0,2,,,,
dirtsstore.com,,shopify,True,3,5,,,,
steinershopping.de,,magento,True,0,2,,,,
omobikes.com,,shopify,True,3,5,,,,
tractorpartsag.com,,shopify,True,3,5,,,,
oneloveorganics.com,,shopify,True,3,5,,,,
drapemall.com,,shopify,True,3,5,,,,
beybladeartshop.com,,shopify,True,3,5,,,,
auberginefoods.com,,shopify,True,3,5,,,,
alldarknetmarkets.info,,woocommerce,True,0,1,,,,
oxygenboutique.com,,shopify,True,3,5,,,,
homecleaningfamily.com,,woocommerce,True,0,3,,,,
suspensionsuperstore.com,,bigcommerce,True,0,1,,,,
lstore.si,,shopify,True,3,5,,,,
nordlichtstore.com,,shopify,True,3,5,,,,
latestbuy.fr,,shopify,True,3,5,,,,
teomarket.ro,,opencart,True,0,4,,,,
buy2fix.co.uk,,shopify,True,3,5,,,,
dmarket.pk,,woocommerce,True,0,4,,,,
peterjacksons.com,,shopify,True,3,5,,,,
thesmartdresser.de,,shopify,True,3,5,,,,
synergyfitness.com.mk,,woocommerce,True,0,2,,,,
scarpa.net,,shopify,True,0,3,,,,
bdmusic28.run,,woocommerce,True,0,1,,,,
futurebikeitalia.it,,woocommerce,True,0,4,,,,
scientificbooks.net,,woocommerce,True,0,1,,,,
tehnoauto.rs,,woocommerce,True,0,4,,,,
projecthome.org,,shopify,True,0,2,,,,
hocoparts.co.uk,,woocommerce,True,0,5,,,,
artisanthemes.io,,woocommerce,True,0,1,,,,
kg-music.club,,woocommerce,True,0,1,,,,
figuredart.it,,shopify,True,3,5,,,,
thecardnetwork.com.au,,shopify,True,3,5,,,,
depstech.com,,shopify,True,3,5,,,,
tarpleymusic.com,,shopify,True,3,5,,,,
latestbuy.pt,,shopify,True,3,5,,,,
veritasgifts.co.uk,,woocommerce,True,0,1,,,,
wundertech.net,,woocommerce,True,0,1,,,,
petsdrugmart.ca,,shopify,True,3,5,,,,
booksetgo.com,,shopify,True,3,5,,,,
pelangibooks.com,,shopify,True,0,4,,,,
nationalbankcard.com,,woocommerce,True,0,2,,,,
autopack.co.uk,,woocommerce,True,0,2,,,,
lifeinbooks.net,,opencart,True,0,2,,,,
euro-standart.by,,woocommerce,True,0,2,,,,
withcar.hr,,magento,True,0,3,,,,
smartkhareedar.com,,shopify,True,3,5,,,,
health2000.co.nz,,shopify,True,3,5,,,,
philosophystore.it,,shopify,True,3,5,,,,
hanfihandicraft.com,,shopify,True,3,5,,,,
masonhome.in,,shopify,True,3,5,,,,
troovyfoods.com,,shopify,True,3,5,,,,
artofthemovies.co.uk,,shopify,True,3,5,,,,
bardsandcards.com,,shopify,True,3,5,,,,
foodmag.com.au,,woocommerce,True,0,1,,,,
cheapfood.co.uk,,bigcommerce,True,0,2,,,,
purauto.com,,shopify,True,3,5,,,,
familyleatheroutlet.com,,shopify,True,3,5,,,,
kindergartencrate.com,,shopify,True,3,5,,,,
crestoralbproshop.com,,magento,True,0,2,,,,
whitefoxboutique.ca,,shopify,True,3,5,,,,
britishhomesdirect.co.uk,,shopify,True,3,5,,,,
mothersearth.de,,shopify,True,3,5,,,,
firefoxbikes.com,,shopify,True,3,5,,,,
ssrmovies.coffee,,woocommerce,True,0,1,,,,
airvape.eu,,woocommerce,True,0,8,,,,
petpawz.com.au,,shopify,True,3,5,,,,
fromyouflowers.au,,shopify,True,3,5,,,,
bikepart.eu,,shopify,True,3,5,,,,
kimstore.com,,shopify,True,3,5,,,,
sailorshop.jp,,shopify,True,3,5,,,,
bookworks.org.uk,,woocommerce,True,0,4,,,,
pb2foods.com,,shopify,True,3,5,,,,
nqlnstore.com,,shopify,True,3,5,,,,
bilalmarth7.pk,,shopify,True,3,5,,,,
ancparty.co.ke,,woocommerce,True,0,4,,,,
organicawholefoods.com,,woocommerce,True,0,5,,,,
mlle-champetre.com,,shopify,True,3,5,,,,
houseofcarefoundation.org,,woocommerce,True,0,4,,,,
cococart.in,,shopify,True,3,5,,,,
aromacares.com,,shopify,True,3,5,,,,
xmart.jo,,shopify,True,3,5,,,,
bikespares.in,,shopify,True,3,5,,,,
carilec.org,,woocommerce,True,0,5,,,,
zonabiker.com.co,,shopify,True,3,5,,,,
woowebtools.com,,woocommerce,True,0,1,,,,
xtoolglobal.com,,shopify,True,3,5,,,,
jthomashome.com,,bigcommerce,True,0,1,,,,
partshnc.com,,magento,True,0,6,,,,
teachaccess.org,,woocommerce,True,0,5,,,,
contemposhop.co.za,,magento,True,0,3,,,,
marivellehome.com,,shopify,True,3,5,,,,
pemberleystore.com,,shopify,True,3,5,,,,
koroshishop.com,,shopify,True,3,5,,,,
homeofmillican.com,,shopify,True,3,5,,,,
interiorshome.com,,woocommerce,True,0,2,,,,
panchhipetha.com,,shopify,True,3,5,,,,
sievishop.fi,,shopify,True,3,5,,,,
crystalhealshop.com,,shopify,True,3,5,,,,
itechworld.com.au,,shopify,True,3,5,,,,
bizcareit.com,,woocommerce,True,0,7,,,,
rkstores.com,,woocommerce,True,0,7,,,,
carticenyc.com,,shopify,True,3,5,,,,
ixasport.com.ar,,woocommerce,True,0,1,,,,
iceheadshop.co.uk,,magento,True,0,3,,,,
smartcardalliance.org,,woocommerce,True,0,1,,,,
cullenwines.com.au,,shopify,True,3,5,,,,
nagaracarwash.com,,shopify,True,3,5,,,,
cottagefoodhomebakery.com,,shopify,True,0,4,,,,
emailtools.ru,,ecwid,True,0,1,,,,
sandandfoghome.com,,shopify,True,3,5,,,,
foodsconnected.com,,woocommerce,True,0,4,,,,
scarpedimaremma.com,,woocommerce,True,0,6,,,,
ausnaturalcare.com.au,,bigcommerce,True,0,1,,,,
tidalvape.co.uk,,shopify,True,3,5,,,,
renaissancejewel.com,,shopify,True,3,5,,,,
yokoyama-techno.net,,opencart,True,0,1,,,,
christianlouboutinshoesoutlet.org,,woocommerce,True,0,6,,,,
asheswithart.co.uk,,bigcommerce,True,0,1,,,,
stripesbeauty.com,,shopify,True,3,5,,,,
carloginn.com,,shopify,True,3,5,,,,
boutiquechicspot.com,,woocommerce,True,0,4,,,,
dartscorner.co.uk,,shopify,True,3,5,,,,
carpatic.win,,woocommerce,True,0,1,,,,
stockedfood.com,,shopify,True,3,5,,,,
seagullbooks.org,,shopify,True,3,5,,,,
thegoatwallart.com,,shopify,True,3,5,,,,
icarry.in,,woocommerce,True,0,7,,,,
alaindupetit.com,,shopify,True,3,5,,,,
technoworld.com,,magento,True,0,5,,,,
unionsportsmen.org,,woocommerce,True,0,5,,,,
fishingtackleshop.com.au,,bigcommerce,True,0,1,,,,
buyindusvalley.in,,shopify,True,3,5,,,,
bequeenboutique.com,,woocommerce,True,0,2,,,,
tashaboutique.com,,shopify,True,3,5,,,,
giftcardstore.com.au,,woocommerce,True,0,5,,,,
coverarts.in,,shopify,True,3,5,,,,
southernhemboutique.com,,shopify,True,0,5,,,,
striderbikes.com,,bigcommerce,True,0,1,,,,
ibuyeg.com,,shopify,True,3,5,,,,
nagijewelers.com,,shopify,True,3,5,,,,
hanfgarten.at,,magento,True,0,1,,,,
fumotvapebelgie.net,,woocommerce,True,0,5,,,,
viettishop.com,,shopify,True,3,5,,,,
ushopbd.com,,shopify,True,3,5,,,,
bikerecyclery.com,,bigcommerce,True,0,2,,,,
mummamall.com,,shopify,True,3,5,,,,
lgbthealtheducation.org,,woocommerce,True,0,2,,,,
mthorshop.com,,shopify,True,3,5,,,,
dmesuperstore.com,,shopify,True,3,5,,,,
cartridgesdirect.com.au,,bigcommerce,True,0,4,,,,
tinapeters.us,,woocommerce,True,0,5,,,,
desiregame.com.br,,woocommerce,True,0,5,,,,
emporiumpies.com,,shopify,True,3,5,,,,
memoncloth.com,,shopify,True,3,5,,,,
metalunastore.fr,,shopify,True,3,5,,,,
millcreekgardens.com,,woocommerce,True,0,2,,,,
spectracarefoundation.net,,woocommerce,True,0,3,,,,
auberginefoods.ca,,shopify,True,3,5,,,,
engagejewels.com,,shopify,True,3,5,,,,
supercartoons.net,,woocommerce,True,0,1,,,,
haircaresuperstore.com.au,,shopify,True,3,5,,,,
legendarydartmoor.co.uk,,woocommerce,True,0,1,,,,
nuhrhome.com,,shopify,True,3,5,,,,
dfworkshop.net,,woocommerce,True,0,2,,,,
vapeshop.me,,woocommerce,True,0,7,,,,
auto4style.com,,woocommerce,True,0,6,,,,
paintedautobodyparts.com,,magento,True,0,5,,,,
fetchshop.co.uk,,shopify,True,3,5,,,,
w1tech.xyz,,woocommerce,True,0,3,,,,
allfreshseafood.com,,shopify,True,3,5,,,,
dietechnik.de,,magento,True,0,2,,,,
sustainablefoodtrade.org,,woocommerce,True,0,4,,,,
hemppointcbd.co.uk,,woocommerce,True,0,4,,,,
titanemporium.co.za,,woocommerce,True,0,1,,,,
happygreenshop.com,,prestashop,True,0,1,,,,
dealsdirect.co.nz,,shopify,True,3,5,,,,
thebikesmiths.com,,shopify,True,3,5,,,,
house-of-books-pk.com,,shopify,True,3,5,,,,
grandseikoboutique.us,,shopify,True,3,5,,,,
4cars.pl,,opencart,True,0,1,,,,
shrewsshop.co.uk,,woocommerce,True,0,2,,,,
kaysershop.com,,shopify,True,3,5,,,,
electromarket.co.uk,,magento,True,0,5,,,,
artesta.es,,shopify,True,3,5,,,,
distefanoshop.com,,shopify,True,3,5,,,,
dittools.eu,,shopify,True,3,5,,,,
onparts.gr,,opencart,True,0,2,,,,
dealmonday.co.uk,,opencart,True,0,3,,,,
islandtechnologies.net,,woocommerce,True,0,11,,,,
epicthemusical.com,,shopify,True,3,5,,,,
kuchenstore.cyou,,woocommerce,True,0,1,,,,
carpeto.pl,,magento,True,0,1,,,,
cocopinkstore.com,,shopify,True,3,5,,,,
bravebooks.us,,shopify,True,3,5,,,,
gebotools.gr,,shopify,True,3,5,,,,
cardiffharlequins.cyou,,woocommerce,True,0,1,,,,
ebodycare.in,,shopify,True,3,5,,,,
latelierflowerbox.com,,prestashop,True,0,3,,,,
thepartnership.org,,woocommerce,True,0,1,,,,
themomstore.in,,shopify,True,3,5,,,,
dietsmoke.com,,shopify,True,3,5,,,,
bakbookim.com,,shopify,True,3,5,,,,
nowshopfun.com,,shopify,True,3,5,,,,
homeline.kg,,woocommerce,True,0,2,,,,
artinlee.org,,woocommerce,True,0,7,,,,
graceandtruthbooks.com,,woocommerce,True,0,1,,,,
yourlandstore.co.uk,,woocommerce,True,0,1,,,,
daburshop.com,,shopify,True,3,5,,,,
itembuying.com,,shopify,True,3,5,,,,
openfarmtech.org,,woocommerce,True,0,1,,,,
tooltown.ca,,magento,True,0,5,,,,
vapeuniverse.co.uk,,shopify,True,3,5,,,,
ezparts.eu,,woocommerce,True,0,2,,,,
techped.com.br,,woocommerce,True,0,5,,,,
printuy.com,,opencart,True,0,1,,,,
theshroomshop.co.uk,,shopify,True,3,5,,,,
aigroupfood.net,,woocommerce,True,0,6,,,,
sprintfit.co.nz,,opencart,True,0,4,,,,
osmiaorganics.com,,shopify,True,3,5,,,,
jeannelboutique.gr,,woocommerce,True,0,3,,,,
customboxesmarket.co.uk,,woocommerce,True,0,6,,,,
dematteohome.it,,woocommerce,True,0,6,,,,
instore.co.in,,shopify,True,3,5,,,,
muktiorganics.com,,shopify,True,3,5,,,,
engwe-bikes-eu.com,,shopify,True,3,5,,,,
artdesigna.com,,shopify,True,3,5,,,,
carenb.com,,shopify,True,3,5,,,,
relanhome.com.mx,,shopify,True,3,5,,,,
techrockstars.com,,woocommerce,True,0,3,,,,
varietyinfotech.com,,woocommerce,True,0,6,,,,
peterbiltparts.com,,shopify,True,3,5,,,,
mistore.com.tn,,woocommerce,True,0,2,,,,
gmadeals.com,,shopify,True,3,5,,,,
oliviagomezboutique.com,,shopify,True,3,5,,,,
craftpix.net,,woocommerce,True,0,1,,,,
smallstartour.com,,woocommerce,True,0,6,,,,
smartbuy-me.com,,shopify,True,3,5,,,,
tarohijewels.com,,shopify,True,3,5,,,,
yashstencilstore.in,,shopify,True,3,5,,,,
navitasorganics.com,,shopify,True,3,5,,,,
montaguebikes.com,,woocommerce,True,0,7,,,,
kozicarein.com,,shopify,True,3,5,,,,
hollywoodscriptshop.com,,woocommerce,True,0,2,,,,
home-run.co,,shopify,True,3,5,,,,
rasatechbd.com,,woocommerce,True,0,2,,,,
runderwear.co.uk,,shopify,True,3,5,,,,
cmginfotech.com,,shopify,True,0,3,,,,
pehnawastore.pk,,shopify,True,3,5,,,,
artworksforchange.org,,woocommerce,True,0,4,,,,
seurenhealth.com,,magento,True,0,1,,,,
nplusbikes.com,,shopify,True,3,5,,,,
toolsvoordelig.nl,,shopify,True,3,5,,,,
sockscarving.in,,shopify,True,3,5,,,,
ironheart.jp,,shopify,True,3,5,,,,
petpads.net,,shopify,True,3,5,,,,
act-print.ru,,woocommerce,True,0,2,,,,
realtorparty.realtor,,woocommerce,True,0,1,,,,
magneticforhealth.com,,prestashop,True,0,1,,,,
e78shop.com,,shopify,True,3,5,,,,
whitefoxboutique.co.uk,,shopify,True,3,5,,,,
carbinstore.com,,shopify,True,3,5,,,,
localfuckbook.org,,woocommerce,True,0,1,,,,
coffeehype.co.uk,,woocommerce,True,0,3,,,,
the157store.com,,shopify,True,3,5,,,,
storieshomes.com,,shopify,True,3,5,,,,
caretas.pe,,woocommerce,True,0,3,,,,
powertoolreplacementparts.com,,bigcommerce,True,0,1,,,,
technons.com,,woocommerce,True,0,3,,,,
carlightbulb.com,,shopify,True,3,5,,,,
zorgvooruitvaart.be,,woocommerce,True,0,5,,,,
mesonart.com,,shopify,True,3,5,,,,
vozolsepetin.com,,woocommerce,True,0,3,,,,
agjeansoutlet.com,,shopify,True,3,5,,,,
ritikart.com,,shopify,True,3,5,,,,
atomtech.co.jp,,shopify,True,0,2,,,,
cbdwellnesscentre.co.uk,,shopify,True,3,5,,,,
tattoocrafters.com,,woocommerce,True,0,1,,,,
aeliyamarinetech.com,,shopify,True,3,5,,,,
janaushadhistore.in,,woocommerce,True,0,2,,,,
eidparty.co.uk,,shopify,True,3,5,,,,
binzahidmarket.com,,shopify,True,3,5,,,,
studentstore.pk,,shopify,True,3,5,,,,
carzilla.ca,,shopify,True,3,5,,,,
startupper.gr,,woocommerce,True,0,1,,,,
tutunsepeti46.com,,woocommerce,True,0,5,,,,
uberbazaar.com,,shopify,True,3,5,,,,
lacasadelascarcasas.es,,shopify,True,0,1,,,,
tapetenshop.lv,,shopify,True,3,5,,,,
lazermusic.com.ph,,shopify,True,3,5,,,,
legacystore.pk,,shopify,True,3,5,,,,
bulkbuyerpro.com,,woocommerce,True,0,9,,,,
spidershoppe.com,,shopify,True,3,5,,,,
shopifyrebellion.gg,,shopify,True,3,5,,,,
jcardiecast.com,,shopify,True,3,5,,,,
expressionfiberarts.com,,bigcommerce,True,0,1,,,,
tradewindsorientalshop.co.uk,,shopify,True,3,5,,,,
protection-civile-martinique.org,,woocommerce,True,0,2,,,,
cardboardcathedral.org.nz,,shopify,True,3,5,,,,
smartmoda.com,,magento,True,0,9,,,,
goldenflyshop.com,,shopify,True,3,5,,,,
toyojp.net,,woocommerce,True,0,4,,,,
platformcraft.ru,,woocommerce,True,0,4,,,,
thetowelshop.co.uk,,bigcommerce,True,0,1,,,,
southparkshop.com,,shopify,True,3,5,,,,
ergodebooks.com,,shopify,True,3,5,,,,
recycledparts.com.ar,,woocommerce,True,0,3,,,,
roofingoutlet.co.uk,,shopify,True,3,5,,,,
mantracare.org,,woocommerce,True,0,4,,,,
portstores.com,,shopify,True,3,5,,,,
behomecasa.it,,woocommerce,True,0,4,,,,
hobbyshop.lt,,woocommerce,True,0,8,,,,
myfootshop.com,,shopify,True,3,5,,,,
icdauto.com,,woocommerce,True,0,2,,,,
carcajoutactical.com,,shopify,True,3,5,,,,
apothecare.in,,opencart,True,0,2,,,,
luxecarryme.com,,woocommerce,True,0,3,,,,
bazaari.in,,shopify,True,3,5,,,,
millenniumjewelery.com,,shopify,True,3,5,,,,
teassential.com.au,,woocommerce,True,0,6,,,,
aachifoods.com,,shopify,True,3,5,,,,
venushealthcentre.net,,ecwid,True,0,2,,,,
carolinegardner.com,,shopify,True,3,5,,,,
localfoodconnect.org.au,,woocommerce,True,0,2,,,,
despykboutique.gr,,woocommerce,True,0,7,,,,
99bikes.com.au,,shopify,True,3,5,,,,
duaparts.com,,bigcommerce,True,0,1,,,,
ourmusicworld.com,,woocommerce,True,0,3,,,,
rodeohome.com,,shopify,True,3,5,,,,
motorpartsjunction.in,,shopify,True,3,5,,,,
brics-craft.com,,shopify,True,3,5,,,,
smartcjm.com,,woocommerce,True,0,1,,,,
thatskyshop.com,,shopify,True,3,5,,,,
liveartuk.org,,woocommerce,True,0,3,,,,
bwatches.net,,woocommerce,True,0,7,,,,
humanastore.cl,,shopify,True,3,5,,,,
ushomefilter.com,,shopify,True,3,5,,,,
atlasgentech.co.nz,,magento,True,0,7,,,,
tartine.jp,,shopify,True,3,5,,,,
texashillcountrywineries.org,,shopify,True,3,5,,,,
bigheadstores.com,,shopify,True,3,5,,,,
damangamee.app,,woocommerce,True,0,4,,,,
toolweb.ca,,magento,True,0,5,,,,
alefjewels.co,,shopify,True,3,5,,,,
kiossesdecohome.gr,,woocommerce,True,0,6,,,,
theamericancareerguide.com,,woocommerce,True,0,4,,,,
homestyle.co.il,,shopify,True,3,5,,,,
sanskritibazaar.in,,opencart,True,0,4,,,,
revolutionhealth.org,,shopify,True,3,5,,,,
bahjacars.com,,woocommerce,True,0,1,,,,
airtoolpro.com,,bigcommerce,True,0,1,,,,
arttree.com.au,,bigcommerce,True,0,1,,,,
laprinta.de,,magento,True,0,6,,,,
shirtrangistore.com,,shopify,True,3,5,,,,
claudehome.com,,shopify,True,3,5,,,,
theclassiccompetitioncompany.com,,woocommerce,True,0,4,,,,
artika.ca,,shopify,True,3,5,,,,
leftonhome.com,,shopify,True,3,5,,,,
ososhomepatioarizona.com,,shopify,True,3,5,,,,
myhumehealth.com,,shopify,True,3,5,,,,
realdutchfood.com,,woocommerce,True,0,3,,,,
bicyclesuperstore.com.au,,shopify,True,3,5,,,,
pushbikes.co.nz,,shopify,True,3,5,,,,
gadgetkingsprs.com.au,,woocommerce,True,0,1,,,,
valeriahome.com,,prestashop,True,0,2,,,,
technews.bg,,woocommerce,True,0,1,,,,
carmats.co.uk,,shopify,True,3,5,,,,
keenhome.io,,shopify,True,3,5,,,,
bikmantech.com,,shopify,False,0,5,,,,
smallenginewarehouse.com,,bigcommerce,True,0,6,,,,
harpethtechonline.com,,woocommerce,True,0,1,,,,
europaart.co.za,,woocommerce,True,0,6,,,,
pattayastore.com,,woocommerce,True,0,6,,,,
europeart.es,,woocommerce,True,0,5,,,,
hirschvogel-autoteile.de,,magento,True,0,5,,,,
cooltools.us,,shopify,True,3,5,,,,
boutiquefdb.com,,shopify,True,3,5,,,,
themelidisjewels.com,,shopify,True,3,5,,,,
homesteadcs.org,,woocommerce,True,0,1,,,,
freedompet.com,,magento,True,0,6,,,,
centerautomotivo.xyz,,woocommerce,True,0,2,,,,
choicefineart.com,,shopify,True,3,5,,,,
melonistore.com,,bigcommerce,True,0,1,,,,
cabletimetech.com,,shopify,True,3,5,,,,
itabagshop.com,,shopify,True,3,5,,,,
harryhartog.com.au,,shopify,True,3,5,,,,
mybudgetart.com.au,,bigcommerce,True,0,1,,,,
delightoys.co.uk,,shopify,True,3,5,,,,
maltings4x4store.co.uk,,bigcommerce,True,0,2,,,,
rhbooks.com.ng,,woocommerce,True,0,2,,,,
fueltech.com.br,,shopify,True,3,5,,,,
earthful.me,,shopify,True,3,5,,,,
recyclerie-sportive.org,,woocommerce,True,0,5,,,,
belroshop.com,,shopify,True,3,5,,,,
velmart.ua,,woocommerce,True,0,2,,,,
tacticalworldstore.com,,shopify,True,3,5,,,,
santaelenashop.com,,shopify,True,3,5,,,,
louisemporium.com,,woocommerce,True,0,6,,,,
swagperformanceparts.com,,bigcommerce,True,0,1,,,,
biketexas.org,,woocommerce,True,0,2,,,,
smartpbx.io,,woocommerce,True,0,1,,,,
boutiquedesverts.fr,,shopify,True,3,5,,,,
playingcardshop.eu,,magento,True,0,10,,,,
collettsmodelshop.co.uk,,woocommerce,True,0,6,,,,
contarmarket.com,,shopify,True,3,5,,,,
gps-pamcary.com.br,,woocommerce,True,0,1,,,,
booksmoon.com,,woocommerce,True,0,4,,,,
perfecthomeshop.eu,,shopify,True,3,5,,,,
edragonmall.com,,shopify,True,3,5,,,,
kkmart.pk,,shopify,True,3,5,,,,
apoorvastore.com,,shopify,True,3,5,,,,
carniumbotanicals.hu,,shopify,True,3,5,,,,
poolstorecanada.ca,,shopify,True,3,5,,,,
cavinkart.com,,shopify,True,3,5,,,,
booksandbits.cl,,magento,True,0,1,,,,
usfabricshop.com,,shopify,True,3,5,,,,
meridianfarmmarket.ca,,shopify,True,3,5,,,,
sunwear.vn,,shopify,True,3,5,,,,
bharatjewel.com,,woocommerce,True,0,9,,,,
artuvate.co,,shopify,True,3,5,,,,
simply-cbd.co.uk,,shopify,True,3,5,,,,
healthextension.com,,shopify,True,3,5,,,,
firehuntertools.com,,shopify,True,3,5,,,,
flooringmarket.com,,shopify,True,3,5,,,,
autotuner.com,,shopify,True,3,5,,,,
vinnistore.ca,,magento,True,0,2,,,,
glockstore.org,,woocommerce,True,0,5,,,,
bitkart.com,,shopify,True,0,2,,,,
toolnation.es,,magento,True,0,6,,,,
stickystuffstore.com,,shopify,True,3,5,,,,
knowhowartcraft.com,,shopify,True,3,5,,,,
littlecraftplace.com,,shopify,True,3,5,,,,
locarl.de,,woocommerce,True,0,3,,,,
usafoods.com.au,,shopify,True,3,5,,,,
louisecarter-official.com,,shopify,True,3,5,,,,
ausomstore.eu,,shopify,True,3,5,,,,
srivarahafoods.com,,shopify,True,3,5,,,,
victostore.com,,shopify,True,3,5,,,,
thedesigncart.com,,shopify,True,3,5,,,,
amnesty-caribbean.org,,shopify,True,0,4,,,,
lstore.hr,,shopify,True,3,5,,,,
litbuy.fan,,woocommerce,True,0,1,,,,
craftmasterhardware.com,,magento,True,0,3,,,,
runandbike.com.ar,,magento,True,0,2,,,,
velascarves.com,,shopify,True,3,5,,,,
agarthicomics.ba,,woocommerce,True,0,1,,,,
awwalboutique.com,,shopify,True,3,5,,,,
happyhomesonline.com,,shopify,True,3,5,,,,
chromagbikes.com,,shopify,True,3,5,,,,
technic-achat.com,,prestashop,True,0,2,,,,
partsforvolvosonline.com,,woocommerce,True,0,5,,,,
maxi-pet.ro,,shopify,True,3,5,,,,
w3technic.com,,woocommerce,True,0,1,,,,
prestigehomefires.co.uk,,shopify,True,3,5,,,,
autonomedia.org,,woocommerce,True,0,6,,,,
opencartkurulum.xyz,,opencart,True,0,2,,,,
burbankcards.com,,shopify,True,3,5,,,,
craftclubco.com,,shopify,True,3,5,,,,
ndlprohealth.com,,shopify,True,3,5,,,,
tearaway.co.nz,,woocommerce,True,0,1,,,,
missadeals.com,,woocommerce,True,0,6,,,,
recreationstore.hu,,woocommerce,True,0,2,,,,
musiclily.com,,shopify,True,3,5,,,,
modboutiquevw.com,,shopify,True,3,5,,,,
smallenginesprodealer.com,,bigcommerce,True,0,2,,,,
inffieldshop.com,,woocommerce,True,0,7,,,,
bicyclekart.com,,shopify,True,3,5,,,,
homefire.co.uk,,shopify,True,3,5,,,,
healthsnap.io,,woocommerce,True,0,1,,,,
toptenmartltd.com,,shopify,True,3,5,,,,
lostvapenorge.com,,woocommerce,True,0,5,,,,
federatedtool.com,,bigcommerce,True,0,1,,,,
australiansportscamps.com.au,,shopify,True,3,5,,,,
deichbrise-jewelery.de,,shopify,True,0,3,,,,
chiragjewellers.com,,shopify,True,3,5,,,,
loveitfactorboutique.com,,shopify,True,3,5,,,,
beginningboutique.co.nz,,shopify,True,3,5,,,,
shopvoorgezondheid.nl,,shopify,True,3,5,,,,
cbdqueen.co.uk,,shopify,True,3,5,,,,
classichome.com,,shopify,True,3,5,,,,
printerspartsusa.com,,shopify,True,3,5,,,,
partypieces.co.uk,,shopify,True,3,5,,,,
unauto.es,,woocommerce,True,0,3,,,,
99mall.co.in,,shopify,True,0,3,,,,
coopsuperstores.ie,,shopify,True,3,5,,,,
arthjewels.com,,shopify,True,3,5,,,,
saralhome.com,,shopify,True,0,1,,,,
communitygarden.org.au,,woocommerce,True,0,1,,,,
carriermideaindia.com,,woocommerce,True,0,6,,,,
theskirtingboardshop.co.uk,,magento,True,0,4,,,,
teckinhome.com,,shopify,True,1,5,,,,
expoprint.io,,shopify,True,0,1,,,,
vetnpetdirect.com.au,,shopify,True,3,5,,,,
salwaartameez.com,,shopify,True,0,3,,,,
autonal.com,,woocommerce,True,0,3,,,,
mirrormirrormusic.com,,woocommerce,True,0,5,,,,
lichttechnik24.de,,shopify,True,3,5,,,,
autopumpkin.com,,shopify,True,3,5,,,,
valdezbaluarte.mx,,shopify,True,3,5,,,,
bumbokart.com,,shopify,True,3,5,,,,
nishatstore.com,,shopify,True,3,5,,,,
cardinalbags.gr,,woocommerce,True,0,4,,,,
skandishop.com,,shopify,True,3,5,,,,
finkmusic.net,,shopify,True,3,5,,,,
articlestone.com,,woocommerce,True,0,1,,,,
japexstore.net,,shopify,True,3,5,,,,
golfstarcompetitions.co.uk,,woocommerce,True,0,1,,,,
carbonoffsetsdaily.com,,woocommerce,True,0,1,,,,
inidanauto.ro,,woocommerce,True,0,3,,,,
shopmagic.app,,woocommerce,True,0,6,,,,
luxehomenj.com,,shopify,True,0,2,,,,
winstanleysbikes.co.uk,,magento,True,0,1,,,,
armstrongfineart.com,,shopify,True,0,3,,,,
nwtnhome.com,,shopify,True,0,2,,,,
crucialbmxshop.com,,magento,True,0,2,,,,
nandilathgmart.com,,woocommerce,True,0,1,,,,
texastechnologygroup.com,,woocommerce,True,0,3,,,,
petprovac.com,,shopify,True,3,5,,,,
carb-x.org,,woocommerce,True,0,1,,,,
thcvapekings.co.uk,,woocommerce,True,0,1,,,,
cake-sexshop.com,,shopify,True,3,5,,,,
paulthomasflowers.co.uk,,woocommerce,True,0,3,,,,
nessycar.fr,,prestashop,True,0,1,,,,
partsdiscount.com,,bigcommerce,True,0,1,,,,
americancandystore.com.au,,shopify,True,3,5,,,,
themayflowersociety.org,,woocommerce,True,0,3,,,,
booksfy.in,,shopify,True,3,5,,,,
allergyasthmatech.com,,magento,True,0,6,,,,
decarba.com,,shopify,True,0,1,,,,
homeimprovementvideo.net,,woocommerce,True,0,5,,,,
metvmall.com,,shopify,True,3,5,,,,
buywpthemes.net,,shopify,True,3,5,,,,
sperkyodpetry.cz,,woocommerce,True,0,6,,,,
art-most.com,,woocommerce,True,0,4,,,,
lowpricefoods.com,,shopify,True,3,5,,,,
problemsolversbike.com,,shopify,True,0,4,,,,
liefdeart.nl,,shopify,True,0,2,,,,
diogenistore.gr,,opencart,True,0,3,,,,
petrizzio.cl,,shopify,True,0,3,,,,
hyundaishop.com,,bigcommerce,True,0,1,,,,
yuyuwoodcarving.com,,woocommerce,True,0,4,,,,
mapetitelaine.com,,prestashop,True,0,1,,,,
dealerservices.eu,,woocommerce,True,0,1,,,,
khmtools.com.ph,,shopify,True,3,5,,,,
agrismart.co.nz,,woocommerce,True,0,1,,,,
dealsandcouponsonline.com,,woocommerce,True,0,1,,,,
carmensays.com,,shopify,True,0,1,,,,
bonpet.tech,,opencart,True,0,1,,,,
inno-tech.com,,woocommerce,True,0,3,,,,
hobbyhomebrew.com,,woocommerce,True,0,5,,,,
artemisialab.it,,woocommerce,True,0,2,,,,
thespidershop.co.uk,,woocommerce,True,0,2,,,,
napkinshop.co.uk,,woocommerce,True,0,2,,,,
imtiazbikerzstudio.pk,,shopify,True,3,5,,,,
sweetterstore.es,,shopify,True,3,5,,,,
engineparts.trade,,shopify,True,3,5,,,,
ora.organic,,shopify,True,0,2,,,,
dawahealthcare.biz,,shopify,True,0,1,,,,
parts4engines.com,,shopify,True,3,5,,,,
gunshop.cz,,woocommerce,True,0,5,,,,
rasoishop.com,,shopify,True,3,5,,,,
autoskauftmanbeikoch.de,,woocommerce,True,0,3,,,,
rebike.com,,shopify,True,3,5,,,,
carsbits.com,,woocommerce,True,0,4,,,,
communityfood.com,,magento,True,0,1,,,,
koalacloth-au.com,,shopify,True,3,5,,,,
discountstorepk.com,,shopify,True,0,2,,,,
crafteriaindia.com,,shopify,True,0,1,,,,
vishalprints.in,,shopify,True,3,5,,,,
arthur-aston.com,,shopify,True,3,5,,,,
stamprints.com,,shopify,True,3,5,,,,
linkcart.in,,shopify,True,0,1,,,,
sova-care.com,,shopify,True,0,3,,,,
lovetoytest.net,,woocommerce,True,0,5,,,,
bike-mailorder.de,,shopify,True,3,5,,,,
fatimaart.com,,shopify,True,3,5,,,,
actbestbike.com,,shopify,True,0,2,,,,
cruztools.com,,woocommerce,True,0,4,,,,
dtwtools.co.uk,,woocommerce,True,0,1,,,,
smartinsight.co,,woocommerce,True,0,1,,,,
koreanautoimports.com,,bigcommerce,True,0,2,,,,
medtechnika.com.ua,,magento,True,0,3,,,,
techtrendske.co.ke,,woocommerce,True,0,1,,,,
springkart.in,,shopify,True,3,5,,,,
xiaomistore.com.gt,,woocommerce,True,0,2,,,,
zanskarhealth.in,,shopify,True,3,5,,,,
carlislebrass.com,,magento,True,0,2,,,,
freebirdstores.com,,shopify,True,3,5,,,,
cbsdeals.com,,shopify,True,0,2,,,,
westernsportscentre.com.au,,shopify,True,3,5,,,,
magictoolbox.com,,woocommerce,True,0,7,,,,
houseofwine.lu,,woocommerce,True,0,1,,,,
peto.com.au,,bigcommerce,True,0,4,,,,
craftoria.com,,shopify,True,3,5,,,,
homedock.com.br,,shopify,True,3,5,,,,
vmglobalstore.com,,woocommerce,True,0,4,,,,
omgmediapartners.com,,woocommerce,True,0,4,,,,
carrera.pk,,shopify,True,0,2,,,,
carpetwarehouse.co.uk,,shopify,True,0,3,,,,
d-parts.de,,opencart,True,0,3,,,,
elanboutique.nl,,shopify,True,3,5,,,,
alcancarmais.com.br,,woocommerce,True,0,1,,,,
techi.lt,,woocommerce,True,0,3,,,,
homestylefurnishingsbolivar.com,,shopify,True,3,5,,,,
oboticario.pt,,shopify,True,3,5,,,,
autofurnish.com,,shopify,True,3,5,,,,
thecornishhamperstore.co.uk,,woocommerce,True,0,4,,,,
armedacarpet.ro,,woocommerce,True,0,5,,,,
pinkpossumboutique.com,,shopify,True,3,5,,,,
nitromall.com,,shopify,True,3,5,,,,
novelbike.com,,woocommerce,True,0,3,,,,
pacific-bike.com,,woocommerce,True,0,3,,,,
bikes.com.au,,shopify,True,0,2,,,,
hmemedicalshop.com,,magento,True,0,2,,,,
girnarcare.com,,woocommerce,True,0,1,,,,
exsmokers.eu,,shopify,True,3,5,,,,
easy-clothes.us,,shopify,True,3,5,,,,
autoricambix.com,,magento,True,0,2,,,,
sparqtools.org,,woocommerce,True,0,3,,,,
holz4home.de,,shopify,True,3,5,,,,
steinershopping.at,,magento,True,0,2,,,,
louboutinshoes.us,,magento,True,0,1,,,,
aswinishop.com,,shopify,True,3,5,,,,
swagstore.pt,,shopify,True,3,5,,,,
