domain,status,platform,has_products,product_count,ecom_signals,has_payment
0000-27.myshopify.com,http_404,,False,0,0,False
0000-9525.myshopify.com,http_404,,False,0,0,False
00000-niche.myshopify.com,active_ecommerce,shopify,True,0,3,False
00002b-6e.myshopify.com,http_402,,False,0,0,False
00008a-a7.myshopify.com,timeout,,False,0,0,False
0000b0-cb.myshopify.com,http_404,,False,0,0,False
0001-9637.myshopify.com,http_402,,False,0,0,False
0001-t.myshopify.com,active_ecommerce,shopify,True,0,4,False
000129-80.myshopify.com,http_402,,False,0,0,False
0001ac-5f.myshopify.com,timeout,,False,0,0,False
0002-merch.myshopify.com,http_404,,False,0,0,False
000246-2.myshopify.com,http_402,,False,0,0,False
0002a9-7e.myshopify.com,http_404,,False,0,0,False
0002b0-2.myshopify.com,active_ecommerce,shopify,True,3,5,False
0003bd-ca.myshopify.com,active_ecommerce,shopify,True,3,5,False
0003d0-ed.myshopify.com,http_402,,False,0,0,False
0003f3-c4.myshopify.com,active_ecommerce,shopify,True,3,5,False
0003f4-c5.myshopify.com,http_404,,False,0,0,False
00048d-2.myshopify.com,http_404,,False,0,0,False
0004ca-45.myshopify.com,active_ecommerce,shopify,True,3,5,False
000526-f7.myshopify.com,http_402,,False,0,0,False
000540-2.myshopify.com,http_404,,False,0,0,False
000550-a2.myshopify.com,http_402,,False,0,0,False
000553-3.myshopify.com,http_404,,False,0,0,False
0005ff-ac.myshopify.com,http_404,,False,0,0,False
000615-e6.myshopify.com,http_404,,False,0,0,False
00066b-54.myshopify.com,active_ecommerce,shopify,True,3,5,False
00067c-9c.myshopify.com,http_404,,False,0,0,False
00076b-2.myshopify.com,http_404,,False,0,0,False
000770-29.myshopify.com,http_404,,False,0,0,False
0007d4-7.myshopify.com,http_404,,False,0,0,False
0007ea-2.myshopify.com,http_404,,False,0,0,False
00081d-2.myshopify.com,timeout,,False,0,0,False
00088c-55.myshopify.com,http_404,,False,0,0,False
000892-79.myshopify.com,active_ecommerce,shopify,True,3,5,False
0008f4-1f.myshopify.com,active_ecommerce,shopify,True,2,5,False
000929-2.myshopify.com,timeout,,False,0,0,False
000987-3.myshopify.com,timeout,,False,0,0,False
000a3e-3.myshopify.com,timeout,,False,0,0,False
000a5a-6b.myshopify.com,timeout,,False,0,0,False
000a75-4.myshopify.com,http_404,,False,0,0,False
000a9b-2.myshopify.com,active_ecommerce,shopify,True,3,5,False
000b07-83.myshopify.com,http_404,,False,0,0,False
000bf4-e6.myshopify.com,active_ecommerce,shopify,True,3,5,False
000bfe-2.myshopify.com,http_404,,False,0,0,False
000c87-4.myshopify.com,http_402,,False,0,0,False
000cd3-3.myshopify.com,http_404,,False,0,0,False
000d1f-81.myshopify.com,http_404,,False,0,0,False
000d71-43.myshopify.com,http_402,,False,0,0,False
000dc4-a7.myshopify.com,http_404,,False,0,0,False
000dcb-ff.myshopify.com,timeout,,False,0,0,False
000de4-6f.myshopify.com,active_ecommerce,shopify,True,3,5,False
000de8-2.myshopify.com,active_ecommerce,shopify,True,3,5,False
000dfd-07.myshopify.com,http_404,,False,0,0,False
000e10-2.myshopify.com,timeout,,False,0,0,False
000e2a-2.myshopify.com,timeout,,False,0,0,False
000e2a-3e.myshopify.com,http_404,,False,0,0,False
000e9b-2.myshopify.com,timeout,,False,0,0,False
000ed4-2.myshopify.com,http_402,,False,0,0,False
000f1e-75.myshopify.com,timeout,,False,0,0,False
000f86-2.myshopify.com,timeout,,False,0,0,False
000fda-70.myshopify.com,timeout,,False,0,0,False
000fe4-2.myshopify.com,timeout,,False,0,0,False
001-yourchoice-products.myshopify.com,timeout,,False,0,0,False
0010a8-2.myshopify.com,timeout,,False,0,0,False
0011b2-ac.myshopify.com,timeout,,False,0,0,False
0011ea-2.myshopify.com,timeout,,False,0,0,False
0011eb-9e.myshopify.com,timeout,,False,0,0,False
001233-95.myshopify.com,timeout,,False,0,0,False
001236-74.myshopify.com,timeout,,False,0,0,False
00123b-d5.myshopify.com,timeout,,False,0,0,False
001244-26.myshopify.com,timeout,,False,0,0,False
001262-cf.myshopify.com,timeout,,False,0,0,False
001266-55.myshopify.com,timeout,,False,0,0,False
001277-72.myshopify.com,timeout,,False,0,0,False
001292-3.myshopify.com,timeout,,False,0,0,False
0012c0-41.myshopify.com,timeout,,False,0,0,False
0012db-03.myshopify.com,timeout,,False,0,0,False
001366-2.myshopify.com,timeout,,False,0,0,False
0013b4-2.myshopify.com,timeout,,False,0,0,False
0013d2-3.myshopify.com,timeout,,False,0,0,False
0013f1-4.myshopify.com,timeout,,False,0,0,False
00140e-23.myshopify.com,timeout,,False,0,0,False
001459-24.myshopify.com,timeout,,False,0,0,False
001485-ec.myshopify.com,timeout,,False,0,0,False
0014ff-3.myshopify.com,timeout,,False,0,0,False
001545-48.myshopify.com,timeout,,False,0,0,False
0015f6-3.myshopify.com,timeout,,False,0,0,False
0016aa-21.myshopify.com,timeout,,False,0,0,False
001738-3.myshopify.com,timeout,,False,0,0,False
001738-5.myshopify.com,timeout,,False,0,0,False
001771-2.myshopify.com,timeout,,False,0,0,False
001794-77.myshopify.com,timeout,,False,0,0,False
001797-12.myshopify.com,timeout,,False,0,0,False
0017a6-d3.myshopify.com,timeout,,False,0,0,False
0017da-3.myshopify.com,timeout,,False,0,0,False
0017f3-f8.myshopify.com,timeout,,False,0,0,False
001812-0a.myshopify.com,timeout,,False,0,0,False
001858-2.myshopify.com,timeout,,False,0,0,False
001867-fd.myshopify.com,timeout,,False,0,0,False
0018c8-2.myshopify.com,timeout,,False,0,0,False
00191c-27.myshopify.com,timeout,,False,0,0,False
001944-31.myshopify.com,timeout,,False,0,0,False
00196c-5f.myshopify.com,timeout,,False,0,0,False
001974-8f.myshopify.com,timeout,,False,0,0,False
0019d2-3.myshopify.com,timeout,,False,0,0,False
0019f5-ea.myshopify.com,timeout,,False,0,0,False
001a85-e8.myshopify.com,timeout,,False,0,0,False
001b10-04.myshopify.com,timeout,,False,0,0,False
001b11-27.myshopify.com,timeout,,False,0,0,False
001bce-fb.myshopify.com,timeout,,False,0,0,False
001c58-2.myshopify.com,timeout,,False,0,0,False
001d30-49.myshopify.com,timeout,,False,0,0,False
001d5d-80.myshopify.com,timeout,,False,0,0,False
001e7b-2.myshopify.com,timeout,,False,0,0,False
001e7f-2.myshopify.com,timeout,,False,0,0,False
001f7b-3.myshopify.com,timeout,,False,0,0,False
001fa4-4.myshopify.com,timeout,,False,0,0,False
00202c-aa.myshopify.com,timeout,,False,0,0,False
00207a-ab.myshopify.com,timeout,,False,0,0,False
0020e8-2.myshopify.com,timeout,,False,0,0,False
002101-eb.myshopify.com,timeout,,False,0,0,False
0021a2-2.myshopify.com,timeout,,False,0,0,False
0021c3-78.myshopify.com,timeout,,False,0,0,False
00224f-15.myshopify.com,timeout,,False,0,0,False
0022b3-95.myshopify.com,timeout,,False,0,0,False
0022df-c2.myshopify.com,timeout,,False,0,0,False
00237c-55.myshopify.com,timeout,,False,0,0,False
00238e-86.myshopify.com,timeout,,False,0,0,False
0023b2-2.myshopify.com,timeout,,False,0,0,False
0023c5-8.myshopify.com,timeout,,False,0,0,False
0023f3-2.myshopify.com,timeout,,False,0,0,False
002404-2.myshopify.com,timeout,,False,0,0,False
002415-84.myshopify.com,timeout,,False,0,0,False
00245f-2.myshopify.com,timeout,,False,0,0,False
00246d-8e.myshopify.com,timeout,,False,0,0,False
00248b-3.myshopify.com,timeout,,False,0,0,False
002532-3.myshopify.com,timeout,,False,0,0,False
00253a-15.myshopify.com,timeout,,False,0,0,False
00253e-2.myshopify.com,timeout,,False,0,0,False
00253f-19.myshopify.com,timeout,,False,0,0,False
00255c-6.myshopify.com,timeout,,False,0,0,False
002582-2.myshopify.com,timeout,,False,0,0,False
002590-e5.myshopify.com,timeout,,False,0,0,False
0025ca-ec.myshopify.com,timeout,,False,0,0,False
0025d8-98.myshopify.com,timeout,,False,0,0,False
002619-2.myshopify.com,timeout,,False,0,0,False
00263c-54.myshopify.com,timeout,,False,0,0,False
00264f-2.myshopify.com,timeout,,False,0,0,False
00266c-uj.myshopify.com,timeout,,False,0,0,False
002671-91.myshopify.com,timeout,,False,0,0,False
002678-2.myshopify.com,timeout,,False,0,0,False
002679-57.myshopify.com,timeout,,False,0,0,False
0026aa-31.myshopify.com,timeout,,False,0,0,False
0026bf-2.myshopify.com,timeout,,False,0,0,False
0026c8-ad.myshopify.com,timeout,,False,0,0,False
00277e-8f.myshopify.com,timeout,,False,0,0,False
0028e8-2.myshopify.com,timeout,,False,0,0,False
0028f0-6.myshopify.com,timeout,,False,0,0,False
002964-5.myshopify.com,timeout,,False,0,0,False
002983-5.myshopify.com,timeout,,False,0,0,False
002a07-1e.myshopify.com,timeout,,False,0,0,False
002a2b-2.myshopify.com,timeout,,False,0,0,False
002abf-4.myshopify.com,timeout,,False,0,0,False
002b19-fd.myshopify.com,timeout,,False,0,0,False
002bc7-78.myshopify.com,timeout,,False,0,0,False
002c37-32.myshopify.com,timeout,,False,0,0,False
002c3d-5f.myshopify.com,timeout,,False,0,0,False
002c52-3.myshopify.com,timeout,,False,0,0,False
002c76-3.myshopify.com,timeout,,False,0,0,False
002c90-2b.myshopify.com,timeout,,False,0,0,False
002cad-5.myshopify.com,timeout,,False,0,0,False
002d4c-77.myshopify.com,timeout,,False,0,0,False
002ddc-28.myshopify.com,timeout,,False,0,0,False
002e8d-9c.myshopify.com,timeout,,False,0,0,False
002f34-3b.myshopify.com,timeout,,False,0,0,False
002f3a-3d.myshopify.com,timeout,,False,0,0,False
002f70-82.myshopify.com,timeout,,False,0,0,False
003022-26.myshopify.com,timeout,,False,0,0,False
003070-2.myshopify.com,timeout,,False,0,0,False
0030c2-7e.myshopify.com,timeout,,False,0,0,False
0030e0-d9.myshopify.com,timeout,,False,0,0,False
0031-shop.myshopify.com,timeout,,False,0,0,False
00310f-2.myshopify.com,timeout,,False,0,0,False
0031a9-c3.myshopify.com,timeout,,False,0,0,False
00325e-44.myshopify.com,timeout,,False,0,0,False
0032a5-07.myshopify.com,timeout,,False,0,0,False
0032ca-12.myshopify.com,timeout,,False,0,0,False
0032cc-c1.myshopify.com,http_404,,False,0,0,False
00331c-c8.myshopify.com,http_404,,False,0,0,False
00336d-2.myshopify.com,http_402,,False,0,0,False
00337b-b6.myshopify.com,http_404,,False,0,0,False
0033ca-4.myshopify.com,http_404,,False,0,0,False
0033e7-8.myshopify.com,active_ecommerce,,True,0,2,False
003403-3.myshopify.com,active_ecommerce,shopify,True,0,4,False
00341d-3.myshopify.com,active_ecommerce,shopify,True,3,5,False
00349a-3.myshopify.com,active_ecommerce,shopify,True,3,5,False
0034ba-3e.myshopify.com,http_404,,False,0,0,False
0034bd-a0.myshopify.com,active_ecommerce,shopify,True,3,5,False
0034c9-38.myshopify.com,http_402,,False,0,0,False
0034f5-2.myshopify.com,http_404,,False,0,0,False
003520-2c.myshopify.com,active_ecommerce,shopify,True,3,5,False
00357f-ed.myshopify.com,http_404,,False,0,0,False
0035f4-2.myshopify.com,active_ecommerce,shopify,True,3,5,False
003639-2.myshopify.com,http_404,,False,0,0,False
003671-97.myshopify.com,active_ecommerce,shopify,True,3,5,False
003673-4.myshopify.com,active_ecommerce,shopify,True,3,5,False
0036b4-4.myshopify.com,active_ecommerce,shopify,True,0,4,True
0036d5-2.myshopify.com,http_404,,False,0,0,False
0036dc-9a.myshopify.com,http_402,,False,0,0,False
0036e7-b2.myshopify.com,http_402,,False,0,0,False
00374e-11.myshopify.com,active_ecommerce,shopify,True,3,5,False
00377e-11.myshopify.com,active_ecommerce,shopify,True,3,5,False
003819-2.myshopify.com,http_404,,False,0,0,False
003856-2.myshopify.com,timeout,,False,0,0,False
003865-2.myshopify.com,http_402,,False,0,0,False
003869-2.myshopify.com,active_ecommerce,shopify,True,3,5,False
003876-38.myshopify.com,http_402,,False,0,0,False
003894-2.myshopify.com,http_404,,False,0,0,False
0038ad-e6.myshopify.com,http_402,,False,0,0,False
003931-01.myshopify.com,http_404,,False,0,0,False
00393d-3.myshopify.com,active_ecommerce,shopify,True,3,5,False
0039aa-2.myshopify.com,http_404,,False,0,0,False
003a36-de.myshopify.com,http_402,,False,0,0,False
003a64-3.myshopify.com,active_ecommerce,shopify,True,3,5,False
003a6a-2.myshopify.com,http_404,,False,0,0,False
003a6c-2.myshopify.com,timeout,,False,0,0,False
003a7a-3.myshopify.com,timeout,,False,0,0,False
003b46-40.myshopify.com,timeout,,False,0,0,False
003b63-2.myshopify.com,timeout,,False,0,0,False
003b67-b4.myshopify.com,timeout,,False,0,0,False
003b92-2.myshopify.com,timeout,,False,0,0,False
003bf0-3.myshopify.com,active_ecommerce,shopify,True,3,5,False
003c5c-b1.myshopify.com,timeout,,False,0,0,False
003cb0-2.myshopify.com,http_404,,False,0,0,False
003d09-2.myshopify.com,http_404,,False,0,0,False
003d7e-3.myshopify.com,timeout,,False,0,0,False
003dc8-c2.myshopify.com,http_404,,False,0,0,False
003dd5-2.myshopify.com,timeout,,False,0,0,False
003dd7-3d.myshopify.com,timeout,,False,0,0,False
003de7-2.myshopify.com,timeout,,False,0,0,False
003de8-2.myshopify.com,timeout,,False,0,0,False
003e6d-2.myshopify.com,http_404,,False,0,0,False
003eac-2.myshopify.com,http_404,,False,0,0,False
003eeb-e2.myshopify.com,timeout,,False,0,0,False
003f19-12.myshopify.com,http_404,,False,0,0,False
003f36-2.myshopify.com,timeout,,False,0,0,False
003f8f-2.myshopify.com,http_404,,False,0,0,False
004058-2.myshopify.com,timeout,,False,0,0,False
0040ee-2.myshopify.com,timeout,,False,0,0,False
004121-2.myshopify.com,timeout,,False,0,0,False
004152-2f.myshopify.com,timeout,,False,0,0,False
004193-2.myshopify.com,timeout,,False,0,0,False
00419e-08.myshopify.com,timeout,,False,0,0,False
0041fc-3.myshopify.com,timeout,,False,0,0,False
00421d-14.myshopify.com,timeout,,False,0,0,False
004237-3a.myshopify.com,timeout,,False,0,0,False
00430d-2.myshopify.com,timeout,,False,0,0,False
004369-4b.myshopify.com,timeout,,False,0,0,False
004394-3.myshopify.com,timeout,,False,0,0,False
0043e3-2.myshopify.com,timeout,,False,0,0,False
00446d-c3.myshopify.com,timeout,,False,0,0,False
0044ae-cf.myshopify.com,timeout,,False,0,0,False
004523-3.myshopify.com,timeout,,False,0,0,False
0045e0-2.myshopify.com,timeout,,False,0,0,False
004622-ce.myshopify.com,timeout,,False,0,0,False
00462b-2.myshopify.com,timeout,,False,0,0,False
004659-2.myshopify.com,timeout,,False,0,0,False
004680-c0.myshopify.com,timeout,,False,0,0,False
00468e-2.myshopify.com,timeout,,False,0,0,False
0046a7-2.myshopify.com,timeout,,False,0,0,False
0046ba-2.myshopify.com,timeout,,False,0,0,False
0046d9-5.myshopify.com,timeout,,False,0,0,False
0047bd-e3.myshopify.com,timeout,,False,0,0,False
004809-2.myshopify.com,timeout,,False,0,0,False
004864-a8.myshopify.com,timeout,,False,0,0,False
00488c-2.myshopify.com,timeout,,False,0,0,False
0048a0-d0.myshopify.com,timeout,,False,0,0,False
0048b3-3.myshopify.com,timeout,,False,0,0,False
0049cb-4d.myshopify.com,timeout,,False,0,0,False
004ab0-3.myshopify.com,timeout,,False,0,0,False
004ad4-68.myshopify.com,timeout,,False,0,0,False
004b20-7f.myshopify.com,timeout,,False,0,0,False
004b21-2.myshopify.com,timeout,,False,0,0,False
004b3a-2.myshopify.com,timeout,,False,0,0,False
004bab-2.myshopify.com,timeout,,False,0,0,False
004be1-49.myshopify.com,timeout,,False,0,0,False
004bec-2.myshopify.com,timeout,,False,0,0,False
004ce4-78.myshopify.com,timeout,,False,0,0,False
004ced-2.myshopify.com,timeout,,False,0,0,False
004d0e-e7.myshopify.com,timeout,,False,0,0,False
004dc5-2.myshopify.com,timeout,,False,0,0,False
004e22-2.myshopify.com,timeout,,False,0,0,False
004ebe-3.myshopify.com,timeout,,False,0,0,False
004edc-d4.myshopify.com,timeout,,False,0,0,False
004f29-2.myshopify.com,timeout,,False,0,0,False
004f55-2.myshopify.com,timeout,,False,0,0,False
004f78-aa.myshopify.com,timeout,,False,0,0,False
004f8a-2.myshopify.com,timeout,,False,0,0,False
004fc4-2.myshopify.com,timeout,,False,0,0,False
004fd3-fc.myshopify.com,timeout,,False,0,0,False
004fde-70.myshopify.com,timeout,,False,0,0,False
0050da-bd.myshopify.com,timeout,,False,0,0,False
0050e5-2.myshopify.com,timeout,,False,0,0,False
00512a-29.myshopify.com,timeout,,False,0,0,False
0051f9-07.myshopify.com,timeout,,False,0,0,False
0051fc-de.myshopify.com,timeout,,False,0,0,False
0051fd-47.myshopify.com,timeout,,False,0,0,False
00522b-4c.myshopify.com,timeout,,False,0,0,False
00522e-c9.myshopify.com,timeout,,False,0,0,False
0052dc-03.myshopify.com,timeout,,False,0,0,False
005378-3.myshopify.com,timeout,,False,0,0,False
0053b8-45.myshopify.com,timeout,,False,0,0,False
0053e8-7c.myshopify.com,timeout,,False,0,0,False
005439-f1.myshopify.com,timeout,,False,0,0,False
005441-d7.myshopify.com,timeout,,False,0,0,False
00544c-e6.myshopify.com,timeout,,False,0,0,False
00545d-dc.myshopify.com,timeout,,False,0,0,False
0054b3-62.myshopify.com,timeout,,False,0,0,False
0054d4-e5.myshopify.com,timeout,,False,0,0,False
00554a-2.myshopify.com,timeout,,False,0,0,False
00556a-38.myshopify.com,timeout,,False,0,0,False
005599-41.myshopify.com,timeout,,False,0,0,False
005649-2.myshopify.com,timeout,,False,0,0,False
0056ef-j9.myshopify.com,timeout,,False,0,0,False
005738-bf.myshopify.com,timeout,,False,0,0,False
00574b-46.myshopify.com,timeout,,False,0,0,False
005784-3.myshopify.com,timeout,,False,0,0,False
005791-4.myshopify.com,timeout,,False,0,0,False
005792-1b.myshopify.com,timeout,,False,0,0,False
00583c-4.myshopify.com,timeout,,False,0,0,False
005897-3.myshopify.com,timeout,,False,0,0,False
00589a-2.myshopify.com,timeout,,False,0,0,False
00591b-2.myshopify.com,timeout,,False,0,0,False
005997-f1.myshopify.com,timeout,,False,0,0,False
00599f-83.myshopify.com,timeout,,False,0,0,False
005a65-10.myshopify.com,timeout,,False,0,0,False
005acd-cd.myshopify.com,timeout,,False,0,0,False
005ade-d5.myshopify.com,timeout,,False,0,0,False
005b34-e7.myshopify.com,timeout,,False,0,0,False
005b38-2.myshopify.com,timeout,,False,0,0,False
005bb3-a9.myshopify.com,timeout,,False,0,0,False
005bc1-2.myshopify.com,timeout,,False,0,0,False
005bc7-f0.myshopify.com,timeout,,False,0,0,False
005c2f-c6.myshopify.com,timeout,,False,0,0,False
005c30-2.myshopify.com,timeout,,False,0,0,False
005c38-7d.myshopify.com,timeout,,False,0,0,False
005c66-46.myshopify.com,timeout,,False,0,0,False
005c6c-2.myshopify.com,timeout,,False,0,0,False
005df6-16.myshopify.com,timeout,,False,0,0,False
005e60-50.myshopify.com,timeout,,False,0,0,False
005e7d-3.myshopify.com,timeout,,False,0,0,False
005ea6-2.myshopify.com,timeout,,False,0,0,False
005f1b-6c.myshopify.com,timeout,,False,0,0,False
005f33-2.myshopify.com,timeout,,False,0,0,False
005f7b-3.myshopify.com,timeout,,False,0,0,False
005f9e-ik.myshopify.com,timeout,,False,0,0,False
005f9f-2.myshopify.com,timeout,,False,0,0,False
005fff-3.myshopify.com,timeout,,False,0,0,False
00604b-be.myshopify.com,timeout,,False,0,0,False
0060d9-2.myshopify.com,timeout,,False,0,0,False
006143-8b.myshopify.com,timeout,,False,0,0,False
006159-8a.myshopify.com,timeout,,False,0,0,False
006223-4.myshopify.com,timeout,,False,0,0,False
006345-ea.myshopify.com,timeout,,False,0,0,False
006346-2.myshopify.com,timeout,,False,0,0,False
006352-2.myshopify.com,timeout,,False,0,0,False
0063cf-3.myshopify.com,timeout,,False,0,0,False
0063fd-2.myshopify.com,timeout,,False,0,0,False
006429-3.myshopify.com,timeout,,False,0,0,False
006446-3e.myshopify.com,timeout,,False,0,0,False
00646c-9d.myshopify.com,timeout,,False,0,0,False
00649b-31.myshopify.com,timeout,,False,0,0,False
0064a0-2.myshopify.com,timeout,,False,0,0,False
00650b-e7.myshopify.com,timeout,,False,0,0,False
00651c-ff.myshopify.com,timeout,,False,0,0,False
006529-3.myshopify.com,timeout,,False,0,0,False
00652c-4.myshopify.com,timeout,,False,0,0,False
00653b-3.myshopify.com,timeout,,False,0,0,False
006583-2c.myshopify.com,timeout,,False,0,0,False
00659a-1e.myshopify.com,timeout,,False,0,0,False
0065f0-6b.myshopify.com,timeout,,False,0,0,False
006607-2.myshopify.com,timeout,,False,0,0,False
006636-5f.myshopify.com,timeout,,False,0,0,False
00666e-c2.myshopify.com,timeout,,False,0,0,False
006690-29.myshopify.com,timeout,,False,0,0,False
006691-2.myshopify.com,timeout,,False,0,0,False
006706-2.myshopify.com,timeout,,False,0,0,False
006754-85.myshopify.com,timeout,,False,0,0,False
006785-22.myshopify.com,timeout,,False,0,0,False
00682c-d4.myshopify.com,timeout,,False,0,0,False
006870-4.myshopify.com,timeout,,False,0,0,False
00687e-2.myshopify.com,timeout,,False,0,0,False
0068a3-2.myshopify.com,timeout,,False,0,0,False
0068cf-2.myshopify.com,timeout,,False,0,0,False
0068cf-3.myshopify.com,timeout,,False,0,0,False
00690f-03.myshopify.com,timeout,,False,0,0,False
00693d-8e.myshopify.com,timeout,,False,0,0,False
00696b-05.myshopify.com,timeout,,False,0,0,False
006a06-f0.myshopify.com,timeout,,False,0,0,False
006a2d-7c.myshopify.com,timeout,,False,0,0,False
006a7b-2e.myshopify.com,timeout,,False,0,0,False
006aa5-2.myshopify.com,timeout,,False,0,0,False
006ab4-3.myshopify.com,timeout,,False,0,0,False
006b51-67.myshopify.com,timeout,,False,0,0,False
006b73-b5.myshopify.com,timeout,,False,0,0,False
006b99-2.myshopify.com,timeout,,False,0,0,False
006bb7-3.myshopify.com,timeout,,False,0,0,False
006bbe-a8.myshopify.com,timeout,,False,0,0,False
006c30-3.myshopify.com,timeout,,False,0,0,False
006c75-1c.myshopify.com,timeout,,False,0,0,False
006d36-98.myshopify.com,timeout,,False,0,0,False
006da1-c8.myshopify.com,timeout,,False,0,0,False
006e66-2.myshopify.com,timeout,,False,0,0,False
006f48-2.myshopify.com,timeout,,False,0,0,False
006f89-80.myshopify.com,timeout,,False,0,0,False
006fb7-c4.myshopify.com,timeout,,False,0,0,False
006fd0-2.myshopify.com,timeout,,False,0,0,False
007002-10.myshopify.com,timeout,,False,0,0,False
007054-2.myshopify.com,timeout,,False,0,0,False
007056-e7.myshopify.com,timeout,,False,0,0,False
00709f-ad.myshopify.com,timeout,,False,0,0,False
0070ac-73.myshopify.com,timeout,,False,0,0,False
0070b6-4.myshopify.com,timeout,,False,0,0,False
007141-b8.myshopify.com,timeout,,False,0,0,False
00717c-be.myshopify.com,timeout,,False,0,0,False
0071b9-79.myshopify.com,timeout,,False,0,0,False
007200-2.myshopify.com,timeout,,False,0,0,False
00721e-00.myshopify.com,timeout,,False,0,0,False
007251-1b.myshopify.com,timeout,,False,0,0,False
007253-2.myshopify.com,timeout,,False,0,0,False
0072ef-3.myshopify.com,timeout,,False,0,0,False
00736a-81.myshopify.com,timeout,,False,0,0,False
0073e6-3.myshopify.com,timeout,,False,0,0,False
007415-04.myshopify.com,timeout,,False,0,0,False
007422-2.myshopify.com,timeout,,False,0,0,False
007426-d8.myshopify.com,timeout,,False,0,0,False
00742f-2.myshopify.com,timeout,,False,0,0,False
0074d6-cf.myshopify.com,timeout,,False,0,0,False
0074fb-87.myshopify.com,timeout,,False,0,0,False
0074fb-a6.myshopify.com,timeout,,False,0,0,False
007518-b3.myshopify.com,timeout,,False,0,0,False
007593-57.myshopify.com,timeout,,False,0,0,False
0075f8-2.myshopify.com,timeout,,False,0,0,False
007667-3.myshopify.com,timeout,,False,0,0,False
0076cb-24.myshopify.com,timeout,,False,0,0,False
007740-3.myshopify.com,timeout,,False,0,0,False
007796-90.myshopify.com,timeout,,False,0,0,False
007809-c8.myshopify.com,timeout,,False,0,0,False
00781c-2.myshopify.com,timeout,,False,0,0,False
00786b-6b.myshopify.com,timeout,,False,0,0,False
0078b4-3.myshopify.com,timeout,,False,0,0,False
0078cf-06.myshopify.com,timeout,,False,0,0,False
007946-a1.myshopify.com,timeout,,False,0,0,False
0079c6-2.myshopify.com,timeout,,False,0,0,False
0079fe-dd.myshopify.com,timeout,,False,0,0,False
007a71-3.myshopify.com,timeout,,False,0,0,False
007ac1-dc.myshopify.com,timeout,,False,0,0,False
007af7-2.myshopify.com,timeout,,False,0,0,False
007b20-49.myshopify.com,timeout,,False,0,0,False
007b21-7d.myshopify.com,timeout,,False,0,0,False
007b44-36.myshopify.com,timeout,,False,0,0,False
007b49-7d.myshopify.com,timeout,,False,0,0,False
007b5e-2.myshopify.com,timeout,,False,0,0,False
007bf4-7f.myshopify.com,timeout,,False,0,0,False
007ca2-2.myshopify.com,timeout,,False,0,0,False
007ca3-7.myshopify.com,timeout,,False,0,0,False
007cf0-62.myshopify.com,timeout,,False,0,0,False
007d16-d9.myshopify.com,timeout,,False,0,0,False
007d19-9a.myshopify.com,timeout,,False,0,0,False
007d51-51.myshopify.com,timeout,,False,0,0,False
007daf-2.myshopify.com,timeout,,False,0,0,False
007e45-2.myshopify.com,timeout,,False,0,0,False
007e93-a5.myshopify.com,timeout,,False,0,0,False
007edb-e2.myshopify.com,timeout,,False,0,0,False
007f07-8b.myshopify.com,timeout,,False,0,0,False
007f12-3.myshopify.com,timeout,,False,0,0,False
007f68-2.myshopify.com,timeout,,False,0,0,False
007f79-2.myshopify.com,timeout,,False,0,0,False
007f9b-5.myshopify.com,timeout,,False,0,0,False
007fb4-2.myshopify.com,timeout,,False,0,0,False
007fcc-2.myshopify.com,timeout,,False,0,0,False
0080d7-2.myshopify.com,timeout,,False,0,0,False
008124-cf.myshopify.com,timeout,,False,0,0,False
008128-76.myshopify.com,timeout,,False,0,0,False
00825f-2.myshopify.com,timeout,,False,0,0,False
0082c7-3.myshopify.com,timeout,,False,0,0,False
008336-5.myshopify.com,timeout,,False,0,0,False
0083e5-3.myshopify.com,timeout,,False,0,0,False
00843e-ee.myshopify.com,timeout,,False,0,0,False
00849e-e7.myshopify.com,timeout,,False,0,0,False
008579-2.myshopify.com,timeout,,False,0,0,False
00859c-3.myshopify.com,timeout,,False,0,0,False
00859d-a9.myshopify.com,timeout,,False,0,0,False
00859e-df.myshopify.com,timeout,,False,0,0,False
0085df-3d.myshopify.com,timeout,,False,0,0,False
00861c-bb.myshopify.com,timeout,,False,0,0,False
00864f-2.myshopify.com,timeout,,False,0,0,False
008654-2.myshopify.com,timeout,,False,0,0,False
008695-4.myshopify.com,timeout,,False,0,0,False
0086d1-f2.myshopify.com,http_402,,False,0,0,False
008713-3.myshopify.com,active_ecommerce,shopify,True,3,5,False
00878b-3.myshopify.com,active_ecommerce,shopify,True,3,5,False
00878d-5e.myshopify.com,active_ecommerce,shopify,True,3,5,False
008791-2.myshopify.com,active_ecommerce,shopify,True,3,5,False
0087fc-c5.myshopify.com,http_404,,False,0,0,False
008837-3.myshopify.com,http_404,,False,0,0,False
00889d-d0.myshopify.com,active_ecommerce,shopify,False,0,5,False
0088c4-2.myshopify.com,active_ecommerce,shopify,True,3,5,False
0088f7-2.myshopify.com,http_404,,False,0,0,False
008913-2.myshopify.com,active_ecommerce,shopify,True,3,5,False
00894c-a6.myshopify.com,http_404,,False,0,0,False
00899f-d7.myshopify.com,http_404,,False,0,0,False
0089b2-2.myshopify.com,http_404,,False,0,0,False
0089b5-4.myshopify.com,timeout,,False,0,0,False
0089ce-3.myshopify.com,timeout,,False,0,0,False
0089d7-3.myshopify.com,timeout,,False,0,0,False
008a05-2.myshopify.com,timeout,,False,0,0,False
008a0e-94.myshopify.com,timeout,,False,0,0,False
008a80-78.myshopify.com,timeout,,False,0,0,False
008abf-2.myshopify.com,http_404,,False,0,0,False
008ae0-62.myshopify.com,active_ecommerce,shopify,True,3,5,False
008b9d-d8.myshopify.com,http_404,,False,0,0,False
008bc4-66.myshopify.com,active_ecommerce,shopify,True,3,5,False
008bd5-3b.myshopify.com,http_402,,False,0,0,False
008bef-75.myshopify.com,active_ecommerce,shopify,True,3,5,False
008c2d-c3.myshopify.com,active_ecommerce,shopify,True,3,5,False
008d03-2.myshopify.com,http_404,,False,0,0,False
008d24-3.myshopify.com,active_ecommerce,shopify,True,3,5,False
008d3b-2.myshopify.com,active_ecommerce,shopify,True,3,5,False
008d65-1e.myshopify.com,http_404,,False,0,0,False
008d68-2.myshopify.com,http_404,,False,0,0,False
008d7e-2.myshopify.com,http_404,,False,0,0,False
008d98-3.myshopify.com,http_404,,False,0,0,False
008da6-06.myshopify.com,timeout,,False,0,0,False
008dc0-ns.myshopify.com,http_404,,False,0,0,False
008dfb-c3.myshopify.com,http_404,,False,0,0,False
008e0b-2.myshopify.com,http_404,,False,0,0,False
008e22-29.myshopify.com,http_402,,False,0,0,False
008e60-6f.myshopify.com,http_402,,False,0,0,False
008ece-6e.myshopify.com,active_ecommerce,shopify,True,3,5,False
008efc-69.myshopify.com,active_ecommerce,shopify,True,3,5,False
008f4d-2.myshopify.com,http_404,,False,0,0,False
008f80-2.myshopify.com,http_404,,False,0,0,False
008fb1-de.myshopify.com,http_404,,False,0,0,False
008fd0-2.myshopify.com,active_ecommerce,shopify,True,3,5,False
008fd6-2.myshopify.com,http_404,,False,0,0,False
0090-h.myshopify.com,http_404,,False,0,0,False
00905f-71.myshopify.com,timeout,,False,0,0,False
009071-f9.myshopify.com,timeout,,False,0,0,False
009119-e8.myshopify.com,timeout,,False,0,0,False
009168-4e.myshopify.com,timeout,,False,0,0,False
0091e1-d6.myshopify.com,http_402,,False,0,0,False
00925a-d7.myshopify.com,timeout,,False,0,0,False
00927c-3.myshopify.com,timeout,,False,0,0,False
0092a3-fb.myshopify.com,timeout,,False,0,0,False
0093aa-9e.myshopify.com,timeout,,False,0,0,False
0093af-ee.myshopify.com,timeout,,False,0,0,False
0093e3-2.myshopify.com,timeout,,False,0,0,False
0093f3-7d.myshopify.com,http_402,,False,0,0,False
009465-12.myshopify.com,timeout,,False,0,0,False
009472-92.myshopify.com,http_404,,False,0,0,False
00952f-3.myshopify.com,timeout,,False,0,0,False
0095aa-d8.myshopify.com,timeout,,False,0,0,False
00961d-3.myshopify.com,timeout,,False,0,0,False
009621-2.myshopify.com,timeout,,False,0,0,False
0096d2-36.myshopify.com,timeout,,False,0,0,False
0096f3-93.myshopify.com,timeout,,False,0,0,False
00970e-c4.myshopify.com,timeout,,False,0,0,False
00972d-6c.myshopify.com,timeout,,False,0,0,False
009767-a0.myshopify.com,timeout,,False,0,0,False
009858-ca.myshopify.com,timeout,,False,0,0,False
00987f-5f.myshopify.com,timeout,,False,0,0,False
009882-2.myshopify.com,timeout,,False,0,0,False
0098a8-2.myshopify.com,timeout,,False,0,0,False
0098a9-88.myshopify.com,timeout,,False,0,0,False
0098c0-2.myshopify.com,timeout,,False,0,0,False
0098ce-ef.myshopify.com,timeout,,False,0,0,False
009966-2.myshopify.com,timeout,,False,0,0,False
009990-76.myshopify.com,timeout,,False,0,0,False
0099b3-2.myshopify.com,timeout,,False,0,0,False
009a36-23.myshopify.com,timeout,,False,0,0,False
009a52-2.myshopify.com,timeout,,False,0,0,False
009a83-2.myshopify.com,timeout,,False,0,0,False
009ab2-41.myshopify.com,timeout,,False,0,0,False
009ab8-27.myshopify.com,timeout,,False,0,0,False
009af9-2.myshopify.com,timeout,,False,0,0,False
009af9-71.myshopify.com,timeout,,False,0,0,False
009b00-3.myshopify.com,timeout,,False,0,0,False
009b99-c2.myshopify.com,timeout,,False,0,0,False
009ba3-d7.myshopify.com,timeout,,False,0,0,False
009cba-0c.myshopify.com,timeout,,False,0,0,False
009d09-3.myshopify.com,timeout,,False,0,0,False
009d4b-2.myshopify.com,timeout,,False,0,0,False
009e66-3.myshopify.com,timeout,,False,0,0,False
009e8a-52.myshopify.com,timeout,,False,0,0,False
009f30-fb.myshopify.com,timeout,,False,0,0,False
009fa6-4.myshopify.com,timeout,,False,0,0,False
009fe8-21.myshopify.com,timeout,,False,0,0,False
009ff2-e3.myshopify.com,timeout,,False,0,0,False
00a094-2.myshopify.com,timeout,,False,0,0,False
00a0c8-6b.myshopify.com,timeout,,False,0,0,False
00a0d5-3.myshopify.com,timeout,,False,0,0,False
00a0f3-f0.myshopify.com,timeout,,False,0,0,False
00a12d-3.myshopify.com,timeout,,False,0,0,False
00a156-3c.myshopify.com,timeout,,False,0,0,False
00a173-2.myshopify.com,timeout,,False,0,0,False
00a189-aa.myshopify.com,timeout,,False,0,0,False
00a203-2.myshopify.com,timeout,,False,0,0,False
00a25e-4.myshopify.com,timeout,,False,0,0,False
00a28f-fb.myshopify.com,timeout,,False,0,0,False
00a2a0-93.myshopify.com,timeout,,False,0,0,False
00a2e2-80.myshopify.com,timeout,,False,0,0,False
00a2f5-2.myshopify.com,timeout,,False,0,0,False
00a31a-db.myshopify.com,timeout,,False,0,0,False
00a367-3.myshopify.com,timeout,,False,0,0,False
00a373-2.myshopify.com,timeout,,False,0,0,False
00a37a-b0.myshopify.com,timeout,,False,0,0,False
00a389-2.myshopify.com,timeout,,False,0,0,False
00a43c-33.myshopify.com,timeout,,False,0,0,False
00a43e-3.myshopify.com,timeout,,False,0,0,False
00a492-94.myshopify.com,timeout,,False,0,0,False
00a4ef-f7.myshopify.com,timeout,,False,0,0,False
00a4fe-2.myshopify.com,timeout,,False,0,0,False
00a591-fb.myshopify.com,timeout,,False,0,0,False
00a59f-bd.myshopify.com,timeout,,False,0,0,False
00a5cb-3c.myshopify.com,timeout,,False,0,0,False
00a5f7-2.myshopify.com,timeout,,False,0,0,False
00a604-2.myshopify.com,timeout,,False,0,0,False
00a60a-2.myshopify.com,timeout,,False,0,0,False
00a60e-38.myshopify.com,timeout,,False,0,0,False
00a6c3-2.myshopify.com,timeout,,False,0,0,False
00a6db-2.myshopify.com,timeout,,False,0,0,False
00a73e-2.myshopify.com,timeout,,False,0,0,False
00a7e3-14.myshopify.com,timeout,,False,0,0,False
00a813-45.myshopify.com,timeout,,False,0,0,False
00a833-dc.myshopify.com,timeout,,False,0,0,False
00a86f-3.myshopify.com,timeout,,False,0,0,False
00a891-c4.myshopify.com,timeout,,False,0,0,False
00a8e5-2.myshopify.com,timeout,,False,0,0,False
00a916-2.myshopify.com,timeout,,False,0,0,False
00a921-64.myshopify.com,timeout,,False,0,0,False
00a9b5-0b.myshopify.com,timeout,,False,0,0,False
00a9ea-73.myshopify.com,timeout,,False,0,0,False
00aa2c-2.myshopify.com,timeout,,False,0,0,False
00aa74-2.myshopify.com,timeout,,False,0,0,False
00aa84-2.myshopify.com,timeout,,False,0,0,False
00aad8-3.myshopify.com,timeout,,False,0,0,False
00abe4-a7.myshopify.com,timeout,,False,0,0,False
00ac20-ca.myshopify.com,timeout,,False,0,0,False
00ac33-2.myshopify.com,timeout,,False,0,0,False
00ac65-2.myshopify.com,timeout,,False,0,0,False
00acb9-3.myshopify.com,timeout,,False,0,0,False
00accb-78.myshopify.com,timeout,,False,0,0,False
00acdb-05.myshopify.com,timeout,,False,0,0,False
00ace4-5c.myshopify.com,timeout,,False,0,0,False
00ad02-37.myshopify.com,timeout,,False,0,0,False
00ad19-ad.myshopify.com,timeout,,False,0,0,False
00ad2c-3.myshopify.com,timeout,,False,0,0,False
00ad68-6f.myshopify.com,timeout,,False,0,0,False
00ad69-d3.myshopify.com,timeout,,False,0,0,False
00adc9-12.myshopify.com,timeout,,False,0,0,False
00adf6-5a.myshopify.com,timeout,,False,0,0,False
00ae46-2.myshopify.com,timeout,,False,0,0,False
00ae6d-9c.myshopify.com,timeout,,False,0,0,False
00ae8e-2.myshopify.com,timeout,,False,0,0,False
00aeac-51.myshopify.com,timeout,,False,0,0,False
00aeb8-2.myshopify.com,timeout,,False,0,0,False
00aed7-xg.myshopify.com,timeout,,False,0,0,False
00afab-03.myshopify.com,timeout,,False,0,0,False
00afef-64.myshopify.com,timeout,,False,0,0,False
00b004-2.myshopify.com,timeout,,False,0,0,False
00b035-fa.myshopify.com,timeout,,False,0,0,False
00b03a-18.myshopify.com,timeout,,False,0,0,False
00b046-91.myshopify.com,timeout,,False,0,0,False
00b096-38.myshopify.com,timeout,,False,0,0,False
00b0a7-9b.myshopify.com,timeout,,False,0,0,False
00b0f9-2.myshopify.com,timeout,,False,0,0,False
00b1ed-3.myshopify.com,timeout,,False,0,0,False
00b230-c7.myshopify.com,timeout,,False,0,0,False
00b24c-2.myshopify.com,timeout,,False,0,0,False
00b292-8c.myshopify.com,timeout,,False,0,0,False
00b32c-72.myshopify.com,timeout,,False,0,0,False
00b390-4a.myshopify.com,timeout,,False,0,0,False
00b392-2.myshopify.com,timeout,,False,0,0,False
00b3cb-17.myshopify.com,timeout,,False,0,0,False
00b41b-e4.myshopify.com,timeout,,False,0,0,False
00b44f-5.myshopify.com,timeout,,False,0,0,False
00b49c-2.myshopify.com,timeout,,False,0,0,False
00b4a3-3.myshopify.com,timeout,,False,0,0,False
00b4a5-2.myshopify.com,timeout,,False,0,0,False
00b51a-96.myshopify.com,timeout,,False,0,0,False
00b536-2.myshopify.com,timeout,,False,0,0,False
00b538-13.myshopify.com,timeout,,False,0,0,False
00b5c4-05.myshopify.com,timeout,,False,0,0,False
00b62a-fb.myshopify.com,timeout,,False,0,0,False
00b638-2a.myshopify.com,timeout,,False,0,0,False
00b66a-57.myshopify.com,timeout,,False,0,0,False
00b689-d3.myshopify.com,timeout,,False,0,0,False
00b6c8-3.myshopify.com,timeout,,False,0,0,False
00b771-2.myshopify.com,timeout,,False,0,0,False
00b7d9-74.myshopify.com,timeout,,False,0,0,False
00b7ea-87.myshopify.com,timeout,,False,0,0,False
00b8f8-2.myshopify.com,timeout,,False,0,0,False
00b954-27.myshopify.com,timeout,,False,0,0,False
00b957-29.myshopify.com,timeout,,False,0,0,False
00b959-c6.myshopify.com,timeout,,False,0,0,False
00ba35-3.myshopify.com,timeout,,False,0,0,False
00baa1-b2.myshopify.com,timeout,,False,0,0,False
00bacd-2.myshopify.com,timeout,,False,0,0,False
00bacd-4.myshopify.com,timeout,,False,0,0,False
00bb4d-de.myshopify.com,timeout,,False,0,0,False
00bb5f-3c.myshopify.com,timeout,,False,0,0,False
00bb6a-bd.myshopify.com,timeout,,False,0,0,False
00bb72-38.myshopify.com,timeout,,False,0,0,False
00bc19-be.myshopify.com,timeout,,False,0,0,False
00bc83-cb.myshopify.com,timeout,,False,0,0,False
00bc8e-22.myshopify.com,timeout,,False,0,0,False
00bcf2-86.myshopify.com,timeout,,False,0,0,False
00bd17-2.myshopify.com,timeout,,False,0,0,False
00bd23-78.myshopify.com,timeout,,False,0,0,False
00bd2b-4.myshopify.com,timeout,,False,0,0,False
00bdac-13.myshopify.com,timeout,,False,0,0,False
00bdc0-2.myshopify.com,timeout,,False,0,0,False
00be03-a5.myshopify.com,timeout,,False,0,0,False
00be61-2.myshopify.com,timeout,,False,0,0,False
00beac-f8.myshopify.com,timeout,,False,0,0,False
00bec8-2.myshopify.com,timeout,,False,0,0,False
00becf-4d.myshopify.com,timeout,,False,0,0,False
00bed5-96.myshopify.com,timeout,,False,0,0,False
00bee6-b5.myshopify.com,timeout,,False,0,0,False
00bf36-1b.myshopify.com,timeout,,False,0,0,False
00bfa9-30.myshopify.com,timeout,,False,0,0,False
00c022-3.myshopify.com,timeout,,False,0,0,False
00c05a-2.myshopify.com,timeout,,False,0,0,False
00c08d-01.myshopify.com,timeout,,False,0,0,False
00c11a-40.myshopify.com,timeout,,False,0,0,False
00c1d0-57.myshopify.com,timeout,,False,0,0,False
00c1ea-2.myshopify.com,timeout,,False,0,0,False
00c272-b8.myshopify.com,timeout,,False,0,0,False
00c2a6-7e.myshopify.com,timeout,,False,0,0,False
00c2d0-24.myshopify.com,timeout,,False,0,0,False
00c2d6-30.myshopify.com,timeout,,False,0,0,False
00c38c-2.myshopify.com,timeout,,False,0,0,False
00c38c-47.myshopify.com,timeout,,False,0,0,False
00c3ad-3.myshopify.com,timeout,,False,0,0,False
00c3bc-4d.myshopify.com,timeout,,False,0,0,False
00c43c-4.myshopify.com,timeout,,False,0,0,False
00c47c-2.myshopify.com,timeout,,False,0,0,False
00c48f-1f.myshopify.com,timeout,,False,0,0,False
00c5ba-3.myshopify.com,timeout,,False,0,0,False
00c5e3-2.myshopify.com,timeout,,False,0,0,False
00c639-5.myshopify.com,timeout,,False,0,0,False
00c65c-4.myshopify.com,timeout,,False,0,0,False
00c66b-46.myshopify.com,timeout,,False,0,0,False
00c66f-2.myshopify.com,timeout,,False,0,0,False
00c66f-3.myshopify.com,timeout,,False,0,0,False
00c6e0-a6.myshopify.com,timeout,,False,0,0,False
00c711-2.myshopify.com,timeout,,False,0,0,False
00c7a9-3.myshopify.com,timeout,,False,0,0,False
00c7b8-1e.myshopify.com,timeout,,False,0,0,False
00c814-72.myshopify.com,timeout,,False,0,0,False
00c838-03.myshopify.com,timeout,,False,0,0,False
00c83c-2.myshopify.com,timeout,,False,0,0,False
00c84a-48.myshopify.com,timeout,,False,0,0,False
00c88a-63.myshopify.com,timeout,,False,0,0,False
00c94b-24.myshopify.com,timeout,,False,0,0,False
00c9a8-48.myshopify.com,timeout,,False,0,0,False
00c9df-3.myshopify.com,timeout,,False,0,0,False
00c9e8-2.myshopify.com,timeout,,False,0,0,False
00ca39-71.myshopify.com,timeout,,False,0,0,False
00ca72-9b.myshopify.com,timeout,,False,0,0,False
00cb00-4.myshopify.com,timeout,,False,0,0,False
00cb22-2.myshopify.com,timeout,,False,0,0,False
00cbb2-9d.myshopify.com,timeout,,False,0,0,False
00cc0b-a9.myshopify.com,timeout,,False,0,0,False
00cc2f-f9.myshopify.com,timeout,,False,0,0,False
00cc9f-2f.myshopify.com,timeout,,False,0,0,False
00cca7-6f.myshopify.com,timeout,,False,0,0,False
00ccd9-dd.myshopify.com,timeout,,False,0,0,False
00cd0f-30.myshopify.com,timeout,,False,0,0,False
00cd24-2.myshopify.com,timeout,,False,0,0,False
00cd45-2.myshopify.com,timeout,,False,0,0,False
00cd48-2.myshopify.com,timeout,,False,0,0,False
00cd58-a6.myshopify.com,timeout,,False,0,0,False
00cda4-b6.myshopify.com,timeout,,False,0,0,False
00ce26-2.myshopify.com,timeout,,False,0,0,False
00ce4b-7a.myshopify.com,timeout,,False,0,0,False
00ce94-12.myshopify.com,timeout,,False,0,0,False
00cf45-2.myshopify.com,timeout,,False,0,0,False
00cf46-2.myshopify.com,timeout,,False,0,0,False
00cf60-3.myshopify.com,timeout,,False,0,0,False
00cf60-e5.myshopify.com,timeout,,False,0,0,False
00cf99-2.myshopify.com,timeout,,False,0,0,False
00cffc-ca.myshopify.com,timeout,,False,0,0,False
00d068-75.myshopify.com,timeout,,False,0,0,False
00d08a-25.myshopify.com,timeout,,False,0,0,False
00d098-4.myshopify.com,timeout,,False,0,0,False
00d12e-e6.myshopify.com,timeout,,False,0,0,False
00d1f8-2.myshopify.com,timeout,,False,0,0,False
00d1fe-05.myshopify.com,timeout,,False,0,0,False
00d262-3.myshopify.com,timeout,,False,0,0,False
00d268-cc.myshopify.com,timeout,,False,0,0,False
00d2fd-2.myshopify.com,timeout,,False,0,0,False
00d314-3.myshopify.com,timeout,,False,0,0,False
00d32f-b9.myshopify.com,timeout,,False,0,0,False
00d333-3.myshopify.com,timeout,,False,0,0,False
00d33c-22.myshopify.com,timeout,,False,0,0,False
00d3f5-4.myshopify.com,timeout,,False,0,0,False
00d454-4b.myshopify.com,timeout,,False,0,0,False
00d45e-3f.myshopify.com,timeout,,False,0,0,False
00d467-4c.myshopify.com,timeout,,False,0,0,False
00d46c-4.myshopify.com,timeout,,False,0,0,False
00d4a2-77.myshopify.com,timeout,,False,0,0,False
00d4ea-74.myshopify.com,timeout,,False,0,0,False
00d50a-5.myshopify.com,timeout,,False,0,0,False
00d512-2.myshopify.com,timeout,,False,0,0,False
00d55f-2.myshopify.com,timeout,,False,0,0,False
00d5c8-f5.myshopify.com,timeout,,False,0,0,False
00d5e5-2.myshopify.com,timeout,,False,0,0,False
00d5f4-2.myshopify.com,timeout,,False,0,0,False
00d640-a5.myshopify.com,timeout,,False,0,0,False
00d65e-2.myshopify.com,timeout,,False,0,0,False
00d688-2.myshopify.com,timeout,,False,0,0,False
00d725-b8.myshopify.com,timeout,,False,0,0,False
00d7cf-53.myshopify.com,timeout,,False,0,0,False
00d8ee-21.myshopify.com,timeout,,False,0,0,False
00d91a-e6.myshopify.com,timeout,,False,0,0,False
00d93d-6b.myshopify.com,timeout,,False,0,0,False
00d94a-60.myshopify.com,timeout,,False,0,0,False
00d957-76.myshopify.com,timeout,,False,0,0,False
00d974-2.myshopify.com,timeout,,False,0,0,False
00da04-0d.myshopify.com,timeout,,False,0,0,False
00db44-2.myshopify.com,timeout,,False,0,0,False
00dc17-5.myshopify.com,timeout,,False,0,0,False
00dc88-2.myshopify.com,timeout,,False,0,0,False
00dce3-10.myshopify.com,timeout,,False,0,0,False
00dd93-ad.myshopify.com,timeout,,False,0,0,False
00ddfa-ee.myshopify.com,timeout,,False,0,0,False
00de07-69.myshopify.com,timeout,,False,0,0,False
00de21-7f.myshopify.com,timeout,,False,0,0,False
00df83-2.myshopify.com,timeout,,False,0,0,False
00df9e-1b.myshopify.com,timeout,,False,0,0,False
00dfb8-c5.myshopify.com,timeout,,False,0,0,False
00e032-2.myshopify.com,timeout,,False,0,0,False
00e037-56.myshopify.com,timeout,,False,0,0,False
00e038-2.myshopify.com,timeout,,False,0,0,False
00e04b-2.myshopify.com,timeout,,False,0,0,False
00e069-2.myshopify.com,timeout,,False,0,0,False
00e0a7-66.myshopify.com,timeout,,False,0,0,False
00e0e6-2.myshopify.com,timeout,,False,0,0,False
00e101-a0.myshopify.com,timeout,,False,0,0,False
00e106-3.myshopify.com,timeout,,False,0,0,False
00e185-e0.myshopify.com,timeout,,False,0,0,False
00e1b0-2.myshopify.com,timeout,,False,0,0,False
00e1b4-4c.myshopify.com,timeout,,False,0,0,False
00e1db-6f.myshopify.com,timeout,,False,0,0,False
00e1e5-4.myshopify.com,timeout,,False,0,0,False
00e2c7-64.myshopify.com,timeout,,False,0,0,False
00e2e6-8d.myshopify.com,timeout,,False,0,0,False
00e31a-6.myshopify.com,timeout,,False,0,0,False
00e3ed-2.myshopify.com,timeout,,False,0,0,False
00e41a-bc.myshopify.com,timeout,,False,0,0,False
00e42b-2.myshopify.com,timeout,,False,0,0,False
00e465-6.myshopify.com,active_ecommerce,shopify,True,0,2,False
00e4bc-2.myshopify.com,timeout,,False,0,0,False
00e554-25.myshopify.com,timeout,,False,0,0,False
00e674-ee.myshopify.com,timeout,,False,0,0,False
00e6ef-59.myshopify.com,active_ecommerce,shopify,True,0,2,False
00e7a5-fe.myshopify.com,http_402,,False,0,0,False
00e80c-b7.myshopify.com,http_404,,False,0,0,False
00e844-46.myshopify.com,http_404,,False,0,0,False
00e8f8-2.myshopify.com,http_404,,False,0,0,False
00e9c9-4.myshopify.com,active_ecommerce,shopify,True,3,5,False
00e9f3-56-2.myshopify.com,http_404,,False,0,0,False
00ea89-3.myshopify.com,active_ecommerce,shopify,True,3,5,False
00eab3-54.myshopify.com,http_404,,False,0,0,False
00eb8a-2.myshopify.com,http_404,,False,0,0,False
00ec3c-2.myshopify.com,http_423,,False,0,0,False
00ecc7-8f.myshopify.com,http_404,,False,0,0,False
00eceb-2.myshopify.com,active_ecommerce,shopify,True,3,5,False
00ed21-98.myshopify.com,active_ecommerce,shopify,True,0,4,True
00eda3-3.myshopify.com,http_404,,False,0,0,False
00edee-2.myshopify.com,http_404,,False,0,0,False
00ee20-3.myshopify.com,http_404,,False,0,0,False
00ef4e-3.myshopify.com,http_404,,False,0,0,False
00efb5-2.myshopify.com,http_404,,False,0,0,False
00efdb-bd.myshopify.com,http_404,,False,0,0,False
00f0f6-3.myshopify.com,http_404,,False,0,0,False
00f0fe-4e.myshopify.com,active_ecommerce,shopify,True,3,5,False
00f16a-2.myshopify.com,active_ecommerce,shopify,True,3,5,False
00f1b5-c2.myshopify.com,http_404,,False,0,0,False
00f1e4-3.myshopify.com,http_404,,False,0,0,False
00f250-2.myshopify.com,http_404,,False,0,0,False
00f257-4c.myshopify.com,active_ecommerce,shopify,True,3,5,False
00f25e-2.myshopify.com,active_ecommerce,shopify,False,0,5,False
00f2a9-37.myshopify.com,http_404,,False,0,0,False
00f2b8-66.myshopify.com,http_404,,False,0,0,False
00f2d8-3.myshopify.com,active_ecommerce,shopify,False,0,5,False
00f333-2.myshopify.com,timeout,,False,0,0,False
00f340-b1.myshopify.com,http_429,,False,0,0,False
00f3f6-02.myshopify.com,http_404,,False,0,0,False
00f575-2.myshopify.com,http_404,,False,0,0,False
00f5ab-13.myshopify.com,http_402,,False,0,0,False
00f5dd-2.myshopify.com,active_ecommerce,shopify,True,3,5,False
00f607-90.myshopify.com,active_ecommerce,shopify,True,3,5,False
00f612-2.myshopify.com,http_423,,False,0,0,False
00f627-2.myshopify.com,http_402,,False,0,0,False
00f6aa-0r.myshopify.com,http_402,,False,0,0,False
00f6af-12.myshopify.com,active_ecommerce,shopify,True,3,5,False
00f6da-8f.myshopify.com,http_404,,False,0,0,False
00f6f1-d5.myshopify.com,active_ecommerce,shopify,True,3,5,False
00f72c-2.myshopify.com,http_429,,False,0,0,False
00f758-32.myshopify.com,http_404,,False,0,0,False
00f783-4.myshopify.com,active_ecommerce,shopify,True,3,5,False
00f78a-9b.myshopify.com,active_ecommerce,shopify,True,3,5,False
00f7bd-3.myshopify.com,http_404,,False,0,0,False
00f871-3.myshopify.com,http_404,,False,0,0,False
00f88a-3.myshopify.com,dead,,False,0,0,False
00f8c9-75.myshopify.com,http_423,,False,0,0,False
00f8d6-2.myshopify.com,http_402,,False,0,0,False
00f8ff-fb.myshopify.com,active_ecommerce,shopify,True,3,5,False
00f932-b1.myshopify.com,http_404,,False,0,0,False
00f938-2.myshopify.com,http_404,,False,0,0,False
00f949-2.myshopify.com,http_404,,False,0,0,False
00f975-1a.myshopify.com,http_402,,False,0,0,False
00f978-5.myshopify.com,http_404,,False,0,0,False
00f9e9-3.myshopify.com,http_429,,False,0,0,False
00fa55-b2.myshopify.com,http_429,,False,0,0,False
00fa6c-dc.myshopify.com,http_402,,False,0,0,False
00fa9e-26.myshopify.com,http_429,,False,0,0,False
00fb0a-2.myshopify.com,http_429,,False,0,0,False
00fb34-26.myshopify.com,http_402,,False,0,0,False
00fb5d-2.myshopify.com,http_404,,False,0,0,False
00fb75-2.myshopify.com,http_429,,False,0,0,False
00fb8d-24.myshopify.com,dead,,False,0,0,False
00fba8-7a.myshopify.com,http_402,,False,0,0,False
00fbe1-3.myshopify.com,http_402,,False,0,0,False
00fbfe-86.myshopify.com,http_404,,False,0,0,False
00fc1d-2.myshopify.com,http_404,,False,0,0,False
00fc32-15.myshopify.com,http_402,,False,0,0,False
00fc37-e0.myshopify.com,http_429,,False,0,0,False
00fca6-85.myshopify.com,http_402,,False,0,0,False
00fcc9-5.myshopify.com,http_429,,False,0,0,False
00fcde-5.myshopify.com,http_429,,False,0,0,False
00fd4f-2.myshopify.com,http_429,,False,0,0,False
00fd9f-2.myshopify.com,http_429,,False,0,0,False
00fdfb-3.myshopify.com,http_429,,False,0,0,False
00fe11-a4.myshopify.com,http_429,,False,0,0,False
00fe48-f6.myshopify.com,http_429,,False,0,0,False
00feb5-9f.myshopify.com,http_429,,False,0,0,False
00fee4-a0.myshopify.com,http_429,,False,0,0,False
00ff20-2.myshopify.com,http_429,,False,0,0,False
00ff59-d4.myshopify.com,http_429,,False,0,0,False
00ff5e-dc.myshopify.com,http_429,,False,0,0,False
00ff7f-2.myshopify.com,http_429,,False,0,0,False
00ffdc-3.myshopify.com,http_429,,False,0,0,False
00ffde-2.myshopify.com,http_429,,False,0,0,False
00nzwq-2h.myshopify.com,timeout,,False,0,0,False
00p80v-4y.myshopify.com,timeout,,False,0,0,False
00penher.myshopify.com,http_429,,False,0,0,False
00percent-2.myshopify.com,http_429,,False,0,0,False
00pnbn-00.myshopify.com,http_429,,False,0,0,False
00press.myshopify.com,http_429,,False,0,0,False
00pt1c-st.myshopify.com,http_429,,False,0,0,False
00pv8v-yq.myshopify.com,http_429,,False,0,0,False
00q0pu-p8.myshopify.com,http_429,,False,0,0,False
00q1c1-8x.myshopify.com,http_429,,False,0,0,False
00q1v5-5w.myshopify.com,http_429,,False,0,0,False
00q41a-3y.myshopify.com,http_429,,False,0,0,False
00q4pu-dc.myshopify.com,http_429,,False,0,0,False
00q7ik-i6.myshopify.com,http_429,,False,0,0,False
00qa41-rc.myshopify.com,timeout,,False,0,0,False
00qiki-0a.myshopify.com,timeout,,False,0,0,False
00qiyi-yp.myshopify.com,timeout,,False,0,0,False
00qnuy-hy.myshopify.com,timeout,,False,0,0,False
00qqwu-fm.myshopify.com,http_429,,False,0,0,False
00qt4h-fv.myshopify.com,http_429,,False,0,0,False
00qu1f-h1.myshopify.com,http_429,,False,0,0,False
00qyu0-yi.myshopify.com,http_429,,False,0,0,False
00r077-ss.myshopify.com,http_429,,False,0,0,False
00r6bn-w7.myshopify.com,timeout,,False,0,0,False
00rcvr-ns.myshopify.com,http_429,,False,0,0,False
00rdte-ia.myshopify.com,http_429,,False,0,0,False
00re8w-vb.myshopify.com,http_429,,False,0,0,False
00rebk-q5.myshopify.com,http_429,,False,0,0,False
00s7uy-38.myshopify.com,http_429,,False,0,0,False
00saht-ck.myshopify.com,http_429,,False,0,0,False
00sfye-d4.myshopify.com,http_429,,False,0,0,False
00shja-ge.myshopify.com,http_429,,False,0,0,False
00sn4b-0v.myshopify.com,http_429,,False,0,0,False
00sp6t-5v.myshopify.com,http_429,,False,0,0,False
00sr64-3h.myshopify.com,http_429,,False,0,0,False
00st0u-jw.myshopify.com,http_429,,False,0,0,False
00studioclothing.myshopify.com,http_429,,False,0,0,False
00sx13-gj.myshopify.com,http_429,,False,0,0,False
00t0sz-y3.myshopify.com,http_429,,False,0,0,False
00t4sd-ey.myshopify.com,http_429,,False,0,0,False
00td77-ha.myshopify.com,http_429,,False,0,0,False
00tdbm-f2.myshopify.com,http_429,,False,0,0,False
00tem8-fc.myshopify.com,http_429,,False,0,0,False
00tpr7-mr.myshopify.com,http_429,,False,0,0,False
00ttyw-km.myshopify.com,http_429,,False,0,0,False
00tyiv-mu.myshopify.com,http_429,,False,0,0,False
00u4kt-d3.myshopify.com,http_429,,False,0,0,False
00u4v3-cn.myshopify.com,http_429,,False,0,0,False
00uceu-0i.myshopify.com,http_429,,False,0,0,False
00udc2-11.myshopify.com,http_429,,False,0,0,False
00ufmi-j2.myshopify.com,http_429,,False,0,0,False
00urud-cj.myshopify.com,http_429,,False,0,0,False
00uwcs-6d.myshopify.com,http_429,,False,0,0,False
00uwpx-mz.myshopify.com,http_429,,False,0,0,False
00v4cj-q4.myshopify.com,http_429,,False,0,0,False
00vckv-i4.myshopify.com,http_429,,False,0,0,False
00vcnr-zf.myshopify.com,http_429,,False,0,0,False
00vq18-u2.myshopify.com,http_429,,False,0,0,False
00vrtr-6n.myshopify.com,http_429,,False,0,0,False
00vssg-nh.myshopify.com,http_429,,False,0,0,False
00vy5s-pv.myshopify.com,http_429,,False,0,0,False
00vzab-mw.myshopify.com,http_429,,False,0,0,False
00w40v-kp.myshopify.com,timeout,,False,0,0,False
00w5qi-28.myshopify.com,timeout,,False,0,0,False
00w7ff-jb.myshopify.com,timeout,,False,0,0,False
00wbae-b0.myshopify.com,timeout,,False,0,0,False
00wjps-qd.myshopify.com,timeout,,False,0,0,False
00wkjc-qg.myshopify.com,timeout,,False,0,0,False
00wpgv-dj.myshopify.com,timeout,,False,0,0,False
00wq7n-rp.myshopify.com,timeout,,False,0,0,False
00wrpt-v0.myshopify.com,timeout,,False,0,0,False
00wvh3-sh.myshopify.com,timeout,,False,0,0,False
00x02h-02.myshopify.com,timeout,,False,0,0,False
00xb5e-17.myshopify.com,timeout,,False,0,0,False
00xckm-vz.myshopify.com,timeout,,False,0,0,False
00xjei-xq.myshopify.com,timeout,,False,0,0,False
00xmn4-az.myshopify.com,timeout,,False,0,0,False
00xpek-tx.myshopify.com,timeout,,False,0,0,False
00xyw0-1s.myshopify.com,timeout,,False,0,0,False
00xzrh-kh.myshopify.com,timeout,,False,0,0,False
00y40w-k8.myshopify.com,timeout,,False,0,0,False
00ybqk-vb.myshopify.com,timeout,,False,0,0,False
00ygbr-40.myshopify.com,timeout,,False,0,0,False
00yiqb-qb.myshopify.com,timeout,,False,0,0,False
00yknd-jf.myshopify.com,timeout,,False,0,0,False
00ysak-ii.myshopify.com,timeout,,False,0,0,False
00yt7u-xd.myshopify.com,timeout,,False,0,0,False
00ytdv-jd.myshopify.com,timeout,,False,0,0,False
00ytkx-ui.myshopify.com,timeout,,False,0,0,False
00yx.myshopify.com,timeout,,False,0,0,False
00z0dq-bd.myshopify.com,timeout,,False,0,0,False
00z1s8-z1.myshopify.com,timeout,,False,0,0,False
00z8mw-uw.myshopify.com,timeout,,False,0,0,False
00zd0m-gp.myshopify.com,timeout,,False,0,0,False
00zdsg-w0.myshopify.com,timeout,,False,0,0,False
00zeg00p.myshopify.com,timeout,,False,0,0,False
00zfid-ds.myshopify.com,timeout,,False,0,0,False
00ziqq-tk.myshopify.com,timeout,,False,0,0,False
00zkbz-rc.myshopify.com,timeout,,False,0,0,False
00zniv-z1.myshopify.com,timeout,,False,0,0,False
00ztsh-u6.myshopify.com,timeout,,False,0,0,False
00zu8g-9f.myshopify.com,timeout,,False,0,0,False
00zvg4-b5.myshopify.com,timeout,,False,0,0,False
01-0106aa-mol.myshopify.com,timeout,,False,0,0,False
01-0243aa-mol.myshopify.com,timeout,,False,0,0,False
01-0283aa-mol.myshopify.com,timeout,,False,0,0,False
01-0475aa-mol.myshopify.com,timeout,,False,0,0,False
01-0480aa-mol.myshopify.com,timeout,,False,0,0,False
01-18studios.myshopify.com,timeout,,False,0,0,False
01-3714aa-mol.myshopify.com,timeout,,False,0,0,False
01-drone-shop.myshopify.com,timeout,,False,0,0,False
01-home.myshopify.com,timeout,,False,0,0,False
01-kin-store.myshopify.com,timeout,,False,0,0,False
01-leggings-shop.myshopify.com,timeout,,False,0,0,False
010016-3.myshopify.com,timeout,,False,0,0,False
010063-3.myshopify.com,timeout,,False,0,0,False
0100ac-2.myshopify.com,timeout,,False,0,0,False
0100b9-2.myshopify.com,timeout,,False,0,0,False
0100e8-33.myshopify.com,timeout,,False,0,0,False
0100f2-4.myshopify.com,timeout,,False,0,0,False
0100xl.myshopify.com,timeout,,False,0,0,False
01013c.myshopify.com,timeout,,False,0,0,False
01016d-3.myshopify.com,timeout,,False,0,0,False
010178.myshopify.com,timeout,,False,0,0,False
010191.myshopify.com,timeout,,False,0,0,False
0101az-q2.myshopify.com,timeout,,False,0,0,False
0101be-2.myshopify.com,timeout,,False,0,0,False
0101d7-28.myshopify.com,timeout,,False,0,0,False
0101d8.myshopify.com,timeout,,False,0,0,False
0101dc-25.myshopify.com,timeout,,False,0,0,False
0101f8.myshopify.com,timeout,,False,0,0,False
010202.myshopify.com,timeout,,False,0,0,False
010241.myshopify.com,timeout,,False,0,0,False
010268-4.myshopify.com,timeout,,False,0,0,False
0102c2-2.myshopify.com,timeout,,False,0,0,False
0102cb-21.myshopify.com,timeout,,False,0,0,False
0102ub-yr.myshopify.com,timeout,,False,0,0,False
010306-b8.myshopify.com,timeout,,False,0,0,False
01033a.myshopify.com,timeout,,False,0,0,False
010345.myshopify.com,timeout,,False,0,0,False
010363-ea.myshopify.com,timeout,,False,0,0,False
0103b9.myshopify.com,timeout,,False,0,0,False
0103ee.myshopify.com,timeout,,False,0,0,False
0103jewelry.myshopify.com,timeout,,False,0,0,False
01047b-a4.myshopify.com,timeout,,False,0,0,False
01049b-2.myshopify.com,timeout,,False,0,0,False
0104a7-19.myshopify.com,timeout,,False,0,0,False
01052013maximos.myshopify.com,timeout,,False,0,0,False
010534-84.myshopify.com,timeout,,False,0,0,False
010542-d9.myshopify.com,timeout,,False,0,0,False
010559-40.myshopify.com,timeout,,False,0,0,False
010580.myshopify.com,timeout,,False,0,0,False
010582.myshopify.com,timeout,,False,0,0,False
0105c6.myshopify.com,timeout,,False,0,0,False
0105e9.myshopify.com,timeout,,False,0,0,False
0106-plus.myshopify.com,timeout,,False,0,0,False
010604-d0.myshopify.com,timeout,,False,0,0,False
010623-b1.myshopify.com,timeout,,False,0,0,False
010661-db.myshopify.com,timeout,,False,0,0,False
010677.myshopify.com,timeout,,False,0,0,False
010698-a2.myshopify.com,timeout,,False,0,0,False
0106a9.myshopify.com,timeout,,False,0,0,False
0106bf-39.myshopify.com,timeout,,False,0,0,False
0106c9-2.myshopify.com,timeout,,False,0,0,False
0106d1.myshopify.com,timeout,,False,0,0,False
0107e5-63.myshopify.com,timeout,,False,0,0,False
01087b-aa.myshopify.com,timeout,,False,0,0,False
0108ba-3.myshopify.com,timeout,,False,0,0,False
010915-a8.myshopify.com,timeout,,False,0,0,False
010975-2c.myshopify.com,timeout,,False,0,0,False
0109a2.myshopify.com,timeout,,False,0,0,False
0109c6.myshopify.com,timeout,,False,0,0,False
0109cb-6d.myshopify.com,timeout,,False,0,0,False
0109e9.myshopify.com,timeout,,False,0,0,False
010a1p-8i.myshopify.com,timeout,,False,0,0,False
010a20.myshopify.com,timeout,,False,0,0,False
010a2f-2.myshopify.com,timeout,,False,0,0,False
010a70.myshopify.com,timeout,,False,0,0,False
010aba-92.myshopify.com,timeout,,False,0,0,False
010ac2.myshopify.com,timeout,,False,0,0,False
010b0b.myshopify.com,timeout,,False,0,0,False
010b3n-it.myshopify.com,timeout,,False,0,0,False
010b45-2.myshopify.com,timeout,,False,0,0,False
010b63.myshopify.com,timeout,,False,0,0,False
010b6d-2.myshopify.com,timeout,,False,0,0,False
010b89-2.myshopify.com,timeout,,False,0,0,False
010b8a-18.myshopify.com,timeout,,False,0,0,False
010b98.myshopify.com,timeout,,False,0,0,False
010bab-72.myshopify.com,timeout,,False,0,0,False
010bdc-aa.myshopify.com,timeout,,False,0,0,False
010bde-0f.myshopify.com,timeout,,False,0,0,False
010c28.myshopify.com,timeout,,False,0,0,False
010c2c.myshopify.com,timeout,,False,0,0,False
010c5b-27.myshopify.com,timeout,,False,0,0,False
010c77-4.myshopify.com,timeout,,False,0,0,False
010c78-4.myshopify.com,timeout,,False,0,0,False
010c93.myshopify.com,timeout,,False,0,0,False
010d1a-3.myshopify.com,timeout,,False,0,0,False
010d29.myshopify.com,timeout,,False,0,0,False
010d33.myshopify.com,timeout,,False,0,0,False
010d4d.myshopify.com,timeout,,False,0,0,False
010d65-5.myshopify.com,timeout,,False,0,0,False
010d6e.myshopify.com,timeout,,False,0,0,False
010d84.myshopify.com,timeout,,False,0,0,False
010db1-4b.myshopify.com,timeout,,False,0,0,False
010dfb.myshopify.com,timeout,,False,0,0,False
010e01.myshopify.com,timeout,,False,0,0,False
010e0c.myshopify.com,timeout,,False,0,0,False
010e0e-fe.myshopify.com,timeout,,False,0,0,False
010e25-3.myshopify.com,timeout,,False,0,0,False
010e32-23.myshopify.com,timeout,,False,0,0,False
010e42-2.myshopify.com,timeout,,False,0,0,False
010e83-2.myshopify.com,timeout,,False,0,0,False
010f19-74.myshopify.com,timeout,,False,0,0,False
010f19.myshopify.com,timeout,,False,0,0,False
010fd3-a0.myshopify.com,timeout,,False,0,0,False
010fdc-2.myshopify.com,timeout,,False,0,0,False
010m9h-ur.myshopify.com,timeout,,False,0,0,False
010qb7-h0.myshopify.com,timeout,,False,0,0,False
010sj7-5f.myshopify.com,timeout,,False,0,0,False
010t1c-we.myshopify.com,timeout,,False,0,0,False
010tad-3w.myshopify.com,timeout,,False,0,0,False
011-express-torino.myshopify.com,timeout,,False,0,0,False
011008-2.myshopify.com,timeout,,False,0,0,False
01103f-2.myshopify.com,timeout,,False,0,0,False
011064.myshopify.com,timeout,,False,0,0,False
011075-5.myshopify.com,timeout,,False,0,0,False
01107b-4.myshopify.com,timeout,,False,0,0,False
011083-24.myshopify.com,timeout,,False,0,0,False
0110d5-ae.myshopify.com,timeout,,False,0,0,False
0110df-2.myshopify.com,timeout,,False,0,0,False
0110fv-bu.myshopify.com,timeout,,False,0,0,False
01114e-d2.myshopify.com,timeout,,False,0,0,False
01116c-2.myshopify.com,timeout,,False,0,0,False
01117f.myshopify.com,timeout,,False,0,0,False
0111f8-3.myshopify.com,timeout,,False,0,0,False
011237.myshopify.com,timeout,,False,0,0,False
01126a.myshopify.com,timeout,,False,0,0,False
01127c-92.myshopify.com,timeout,,False,0,0,False
01127e.myshopify.com,timeout,,False,0,0,False
0112a6.myshopify.com,timeout,,False,0,0,False
0112c8-61.myshopify.com,timeout,,False,0,0,False
0112d0-2.myshopify.com,timeout,,False,0,0,False
0112f5.myshopify.com,timeout,,False,0,0,False
011312.myshopify.com,timeout,,False,0,0,False
011343.myshopify.com,timeout,,False,0,0,False
011344.myshopify.com,timeout,,False,0,0,False
011349.myshopify.com,timeout,,False,0,0,False
011384.myshopify.com,timeout,,False,0,0,False
0113c2-5e.myshopify.com,timeout,,False,0,0,False
01144a-0c.myshopify.com,timeout,,False,0,0,False
011487-77.myshopify.com,timeout,,False,0,0,False
0114f1.myshopify.com,timeout,,False,0,0,False
01150e-2.myshopify.com,timeout,,False,0,0,False
01156f-fb.myshopify.com,timeout,,False,0,0,False
01157d-92.myshopify.com,timeout,,False,0,0,False
011586-15.myshopify.com,timeout,,False,0,0,False
0115ab-4.myshopify.com,timeout,,False,0,0,False
0115c7-9e.myshopify.com,timeout,,False,0,0,False
0115cb-be.myshopify.com,timeout,,False,0,0,False
01163e.myshopify.com,timeout,,False,0,0,False
011645-2.myshopify.com,timeout,,False,0,0,False
011653-31.myshopify.com,timeout,,False,0,0,False
011653.myshopify.com,timeout,,False,0,0,False
01166e.myshopify.com,timeout,,False,0,0,False
011689.myshopify.com,timeout,,False,0,0,False
0116a9.myshopify.com,timeout,,False,0,0,False
0116bb-c1.myshopify.com,timeout,,False,0,0,False
0116cc.myshopify.com,timeout,,False,0,0,False
011756.myshopify.com,timeout,,False,0,0,False
011773-2.myshopify.com,timeout,,False,0,0,False
0117ce.myshopify.com,timeout,,False,0,0,False
0117eb.myshopify.com,timeout,,False,0,0,False
01185f-2.myshopify.com,timeout,,False,0,0,False
0118bd-4.myshopify.com,timeout,,False,0,0,False
0118e5.myshopify.com,timeout,,False,0,0,False
0118ef-89.myshopify.com,timeout,,False,0,0,False
0118fc-28.myshopify.com,timeout,,False,0,0,False
01193f-2.myshopify.com,timeout,,False,0,0,False
011987-2.myshopify.com,timeout,,False,0,0,False
01198f.myshopify.com,timeout,,False,0,0,False
011a06-3.myshopify.com,timeout,,False,0,0,False
011a4d-37.myshopify.com,timeout,,False,0,0,False
011a8c-21.myshopify.com,timeout,,False,0,0,False
011a98-2.myshopify.com,timeout,,False,0,0,False
011ab0.myshopify.com,timeout,,False,0,0,False
011ad1-2.myshopify.com,timeout,,False,0,0,False
011af6-ea.myshopify.com,timeout,,False,0,0,False
011apn-9b.myshopify.com,timeout,,False,0,0,False
011bcb.myshopify.com,timeout,,False,0,0,False
011be8-2.myshopify.com,timeout,,False,0,0,False
011bxx-ne.myshopify.com,timeout,,False,0,0,False
011c87-16.myshopify.com,timeout,,False,0,0,False
011cc0-c6.myshopify.com,timeout,,False,0,0,False
011cec-2.myshopify.com,timeout,,False,0,0,False
011cqn-1f.myshopify.com,timeout,,False,0,0,False
011d07-2.myshopify.com,timeout,,False,0,0,False
011d23-71.myshopify.com,timeout,,False,0,0,False
011d23.myshopify.com,timeout,,False,0,0,False
011d31-e4.myshopify.com,timeout,,False,0,0,False
011d51-9a.myshopify.com,timeout,,False,0,0,False
011d90.myshopify.com,timeout,,False,0,0,False
011d9d.myshopify.com,timeout,,False,0,0,False
011dfa.myshopify.com,timeout,,False,0,0,False
011e20.myshopify.com,timeout,,False,0,0,False
011e34-ba.myshopify.com,timeout,,False,0,0,False
011e9c-3.myshopify.com,timeout,,False,0,0,False
011eec.myshopify.com,timeout,,False,0,0,False
011et0-ke.myshopify.com,timeout,,False,0,0,False
011f36.myshopify.com,timeout,,False,0,0,False
011f68-0a.myshopify.com,timeout,,False,0,0,False
011f7d.myshopify.com,timeout,,False,0,0,False
011fbt-qc.myshopify.com,timeout,,False,0,0,False
011fcb-3.myshopify.com,timeout,,False,0,0,False
011fnt-2i.myshopify.com,timeout,,False,0,0,False
011khh-0v.myshopify.com,timeout,,False,0,0,False
011nbv-yz.myshopify.com,timeout,,False,0,0,False
011qve-b1.myshopify.com,timeout,,False,0,0,False
011te1-8v.myshopify.com,timeout,,False,0,0,False
011tf0-kr.myshopify.com,timeout,,False,0,0,False
011x9f-5h.myshopify.com,timeout,,False,0,0,False
011z0x-tb.myshopify.com,timeout,,False,0,0,False
012001.myshopify.com,timeout,,False,0,0,False
01203c-64.myshopify.com,timeout,,False,0,0,False
01204a-27.myshopify.com,timeout,,False,0,0,False
01205c-da.myshopify.com,timeout,,False,0,0,False
01206m-x8.myshopify.com,timeout,,False,0,0,False
012072-fc.myshopify.com,timeout,,False,0,0,False
0120a3.myshopify.com,timeout,,False,0,0,False
0120b6-d5.myshopify.com,timeout,,False,0,0,False
0120c1.myshopify.com,timeout,,False,0,0,False
0120eb-54.myshopify.com,timeout,,False,0,0,False
0120y1-3v.myshopify.com,timeout,,False,0,0,False
012177-2.myshopify.com,timeout,,False,0,0,False
0121a3-0d.myshopify.com,timeout,,False,0,0,False
0121dd.myshopify.com,timeout,,False,0,0,False
0121f4-2.myshopify.com,timeout,,False,0,0,False
01222c.myshopify.com,timeout,,False,0,0,False
012234-09.myshopify.com,timeout,,False,0,0,False
012242-69.myshopify.com,timeout,,False,0,0,False
01224b.myshopify.com,timeout,,False,0,0,False
01226d-2.myshopify.com,timeout,,False,0,0,False
01226f-2.myshopify.com,timeout,,False,0,0,False
012282-3.myshopify.com,timeout,,False,0,0,False
012288-1d.myshopify.com,timeout,,False,0,0,False
01229a-3.myshopify.com,timeout,,False,0,0,False
0122a6-5a.myshopify.com,timeout,,False,0,0,False
0122b7-4.myshopify.com,timeout,,False,0,0,False
0122d0.myshopify.com,timeout,,False,0,0,False
0122d1.myshopify.com,timeout,,False,0,0,False
0122e9.myshopify.com,timeout,,False,0,0,False
0122f6-2.myshopify.com,timeout,,False,0,0,False
0123456789.myshopify.com,timeout,,False,0,0,False
01235b.myshopify.com,timeout,,False,0,0,False
012372.myshopify.com,timeout,,False,0,0,False
012387-2.myshopify.com,timeout,,False,0,0,False
012387.myshopify.com,timeout,,False,0,0,False
0123a7-2.myshopify.com,timeout,,False,0,0,False
0123b2-ce.myshopify.com,timeout,,False,0,0,False
0123c7.myshopify.com,timeout,,False,0,0,False
0123d6-b6.myshopify.com,timeout,,False,0,0,False
0123d7.myshopify.com,timeout,,False,0,0,False
01246a-kz.myshopify.com,timeout,,False,0,0,False
01246b-3.myshopify.com,timeout,,False,0,0,False
012473.myshopify.com,timeout,,False,0,0,False
01247b-4a.myshopify.com,timeout,,False,0,0,False
012493-2.myshopify.com,timeout,,False,0,0,False
0124c6.myshopify.com,timeout,,False,0,0,False
0124c8.myshopify.com,timeout,,False,0,0,False
0124ca-5.myshopify.com,timeout,,False,0,0,False
0124e1-8d.myshopify.com,timeout,,False,0,0,False
012504.myshopify.com,timeout,,False,0,0,False
01250a-3.myshopify.com,timeout,,False,0,0,False
012535-2.myshopify.com,timeout,,False,0,0,False
012572-3.myshopify.com,timeout,,False,0,0,False
0125dc-2.myshopify.com,timeout,,False,0,0,False
0125e2.myshopify.com,timeout,,False,0,0,False
01266a-5d.myshopify.com,timeout,,False,0,0,False
0126a3-fa.myshopify.com,timeout,,False,0,0,False
0126af-30.myshopify.com,timeout,,False,0,0,False
0126ee.myshopify.com,timeout,,False,0,0,False
0126rh-qa.myshopify.com,timeout,,False,0,0,False
012715smkr.myshopify.com,timeout,,False,0,0,False
012749-2.myshopify.com,timeout,,False,0,0,False
01276e-2.myshopify.com,timeout,,False,0,0,False
012783-f1.myshopify.com,timeout,,False,0,0,False
012796-3.myshopify.com,timeout,,False,0,0,False
01279a-2.myshopify.com,timeout,,False,0,0,False
0127a8-af.myshopify.com,timeout,,False,0,0,False
0127d7-9e.myshopify.com,timeout,,False,0,0,False
0127db-2.myshopify.com,timeout,,False,0,0,False
0127dd.myshopify.com,timeout,,False,0,0,False
0127e0-2.myshopify.com,timeout,,False,0,0,False
0127f3-c9.myshopify.com,timeout,,False,0,0,False
0127fe.myshopify.com,timeout,,False,0,0,False
01282d-7b.myshopify.com,timeout,,False,0,0,False
012855-4.myshopify.com,timeout,,False,0,0,False
01287a.myshopify.com,timeout,,False,0,0,False
01288c-2.myshopify.com,timeout,,False,0,0,False
0128d8-4.myshopify.com,timeout,,False,0,0,False
0128d8-85.myshopify.com,timeout,,False,0,0,False
0128eb-11.myshopify.com,timeout,,False,0,0,False
0128f0-27.myshopify.com,timeout,,False,0,0,False
01291f.myshopify.com,timeout,,False,0,0,False
012959-6c.myshopify.com,timeout,,False,0,0,False
012967-3.myshopify.com,timeout,,False,0,0,False
0129ca-2.myshopify.com,timeout,,False,0,0,False
0129fd.myshopify.com,timeout,,False,0,0,False
012a23-45.myshopify.com,timeout,,False,0,0,False
012a5d-2.myshopify.com,timeout,,False,0,0,False
012add-3.myshopify.com,timeout,,False,0,0,False
012ae0-3.myshopify.com,timeout,,False,0,0,False
012aed.myshopify.com,timeout,,False,0,0,False
012af9-2.myshopify.com,timeout,,False,0,0,False
012b70-52.myshopify.com,timeout,,False,0,0,False
012b77-4.myshopify.com,timeout,,False,0,0,False
012b84-fc.myshopify.com,timeout,,False,0,0,False
012ba9-2.myshopify.com,timeout,,False,0,0,False
012bad.myshopify.com,timeout,,False,0,0,False
012c7e-28.myshopify.com,timeout,,False,0,0,False
012c87-bc.myshopify.com,timeout,,False,0,0,False
012c90.myshopify.com,timeout,,False,0,0,False
012c9b.myshopify.com,timeout,,False,0,0,False
012cb3-2.myshopify.com,timeout,,False,0,0,False
012cc8-5.myshopify.com,timeout,,False,0,0,False
012cf0.myshopify.com,timeout,,False,0,0,False
012cfa-2.myshopify.com,timeout,,False,0,0,False
012d25-aa.myshopify.com,timeout,,False,0,0,False
012db4.myshopify.com,timeout,,False,0,0,False
012e62-2.myshopify.com,timeout,,False,0,0,False
012e69.myshopify.com,timeout,,False,0,0,False
012e6c-2.myshopify.com,timeout,,False,0,0,False
012e7c.myshopify.com,timeout,,False,0,0,False
012eb4-7f.myshopify.com,timeout,,False,0,0,False
012ec8-2.myshopify.com,timeout,,False,0,0,False
012f1b-70.myshopify.com,timeout,,False,0,0,False
012f49-78.myshopify.com,timeout,,False,0,0,False
012f51.myshopify.com,timeout,,False,0,0,False
012fcf-2.myshopify.com,timeout,,False,0,0,False
012ff4.myshopify.com,timeout,,False,0,0,False
012kna-sd.myshopify.com,timeout,,False,0,0,False
012m3h-mj.myshopify.com,timeout,,False,0,0,False
012nwk-1m.myshopify.com,timeout,,False,0,0,False
012t1c-7q.myshopify.com,timeout,,False,0,0,False
012tbn-cj.myshopify.com,timeout,,False,0,0,False
012wmb-ex.myshopify.com,timeout,,False,0,0,False
013037-56.myshopify.com,timeout,,False,0,0,False
013043-a4.myshopify.com,timeout,,False,0,0,False
013085-2.myshopify.com,timeout,,False,0,0,False
01308e-de.myshopify.com,timeout,,False,0,0,False
01309f-2.myshopify.com,timeout,,False,0,0,False
0130b2.myshopify.com,timeout,,False,0,0,False
0130cc.myshopify.com,timeout,,False,0,0,False
013194-2.myshopify.com,timeout,,False,0,0,False
0131e5-5.myshopify.com,timeout,,False,0,0,False
013201.myshopify.com,timeout,,False,0,0,False
013231-a6.myshopify.com,timeout,,False,0,0,False
01324b-2e.myshopify.com,timeout,,False,0,0,False
013253-2.myshopify.com,timeout,,False,0,0,False
0132ed-3.myshopify.com,timeout,,False,0,0,False
0132f3.myshopify.com,timeout,,False,0,0,False
0132f4-6e.myshopify.com,timeout,,False,0,0,False
013317-a6.myshopify.com,timeout,,False,0,0,False
013370-06.myshopify.com,timeout,,False,0,0,False
01339a.myshopify.com,timeout,,False,0,0,False
0133d5-b2.myshopify.com,timeout,,False,0,0,False
0133ea-ce.myshopify.com,timeout,,False,0,0,False
013405.myshopify.com,timeout,,False,0,0,False
01349f-2.myshopify.com,timeout,,False,0,0,False
0134d4.myshopify.com,timeout,,False,0,0,False
013527-b5.myshopify.com,timeout,,False,0,0,False
013554-2c.myshopify.com,timeout,,False,0,0,False
013580-44.myshopify.com,timeout,,False,0,0,False
01359d-2.myshopify.com,timeout,,False,0,0,False
0135c4-d8.myshopify.com,timeout,,False,0,0,False
0135c6-a4.myshopify.com,timeout,,False,0,0,False
0135d7-2.myshopify.com,timeout,,False,0,0,False
0135f1-c8.myshopify.com,timeout,,False,0,0,False
0135f8-cc.myshopify.com,timeout,,False,0,0,False
0136.myshopify.com,timeout,,False,0,0,False
013600.myshopify.com,timeout,,False,0,0,False
01360b.myshopify.com,timeout,,False,0,0,False
013614.myshopify.com,timeout,,False,0,0,False
01371d-4.myshopify.com,timeout,,False,0,0,False
013751-bd.myshopify.com,timeout,,False,0,0,False
0137fa-2.myshopify.com,timeout,,False,0,0,False
01382f-2.myshopify.com,timeout,,False,0,0,False
013894-2.myshopify.com,timeout,,False,0,0,False
0138e4-92.myshopify.com,timeout,,False,0,0,False
01390c.myshopify.com,timeout,,False,0,0,False
01393e.myshopify.com,timeout,,False,0,0,False
013940-2.myshopify.com,timeout,,False,0,0,False
013969-3.myshopify.com,timeout,,False,0,0,False
01397f.myshopify.com,timeout,,False,0,0,False
013988-ae.myshopify.com,timeout,,False,0,0,False
01399b-4.myshopify.com,timeout,,False,0,0,False
0139a1-5.myshopify.com,timeout,,False,0,0,False
0139ab.myshopify.com,timeout,,False,0,0,False
0139f9-ad.myshopify.com,timeout,,False,0,0,False
013a2e-39.myshopify.com,timeout,,False,0,0,False
013a3a.myshopify.com,timeout,,False,0,0,False
013aa5-4a.myshopify.com,timeout,,False,0,0,False
013ad2.myshopify.com,timeout,,False,0,0,False
013b15.myshopify.com,timeout,,False,0,0,False
013b20-01.myshopify.com,timeout,,False,0,0,False
013b24.myshopify.com,timeout,,False,0,0,False
013b27-6b.myshopify.com,timeout,,False,0,0,False
013b40-c3.myshopify.com,timeout,,False,0,0,False
013b6e-b1.myshopify.com,timeout,,False,0,0,False
013b95-ae.myshopify.com,timeout,,False,0,0,False
013ba7-2.myshopify.com,timeout,,False,0,0,False
013bb3-3.myshopify.com,timeout,,False,0,0,False
013bde.myshopify.com,timeout,,False,0,0,False
013be1.myshopify.com,timeout,,False,0,0,False
013c4d-2.myshopify.com,timeout,,False,0,0,False
013c4d.myshopify.com,timeout,,False,0,0,False
013d02-6b.myshopify.com,timeout,,False,0,0,False
013d7e-fc.myshopify.com,timeout,,False,0,0,False
013d9d.myshopify.com,timeout,,False,0,0,False
013daa.myshopify.com,timeout,,False,0,0,False
013e12-59.myshopify.com,timeout,,False,0,0,False
013e2f.myshopify.com,timeout,,False,0,0,False
013e71-2.myshopify.com,timeout,,False,0,0,False
013e77.myshopify.com,timeout,,False,0,0,False
013ec8-a3.myshopify.com,timeout,,False,0,0,False
013eed-f4.myshopify.com,timeout,,False,0,0,False
013f00-c2.myshopify.com,timeout,,False,0,0,False
013f71-fc.myshopify.com,timeout,,False,0,0,False
013ff9.myshopify.com,timeout,,False,0,0,False
013jft-1u.myshopify.com,timeout,,False,0,0,False
013vje-6e.myshopify.com,timeout,,False,0,0,False
01401b-e9.myshopify.com,timeout,,False,0,0,False
01402a.myshopify.com,timeout,,False,0,0,False
014040-3.myshopify.com,timeout,,False,0,0,False
014052.myshopify.com,timeout,,False,0,0,False
0140d8-f0.myshopify.com,timeout,,False,0,0,False
0140d9.myshopify.com,timeout,,False,0,0,False
01412c-5a.myshopify.com,timeout,,False,0,0,False
014152-05.myshopify.com,timeout,,False,0,0,False
014192.myshopify.com,timeout,,False,0,0,False
014194-2.myshopify.com,timeout,,False,0,0,False
0141a5-2.myshopify.com,timeout,,False,0,0,False
0141b3.myshopify.com,http_429,,False,0,0,False
0141xv-1b.myshopify.com,http_429,,False,0,0,False
01420e-1a.myshopify.com,http_429,,False,0,0,False
014213-2.myshopify.com,http_429,,False,0,0,False
014219-2.myshopify.com,http_429,,False,0,0,False
014233-a0.myshopify.com,http_429,,False,0,0,False
01432b-2.myshopify.com,http_429,,False,0,0,False
01435d.myshopify.com,http_429,,False,0,0,False
01435f-2.myshopify.com,http_429,,False,0,0,False
014367-5.myshopify.com,http_429,,False,0,0,False
01438d-3.myshopify.com,http_429,,False,0,0,False
014397-87.myshopify.com,http_429,,False,0,0,False
01439e-6d.myshopify.com,http_429,,False,0,0,False
0143c3.myshopify.com,http_429,,False,0,0,False
0143dc-e4.myshopify.com,http_429,,False,0,0,False
0143e8-3.myshopify.com,http_429,,False,0,0,False
0143ed-2.myshopify.com,http_429,,False,0,0,False
014423-3.myshopify.com,http_429,,False,0,0,False
014480.myshopify.com,http_429,,False,0,0,False
0144be-84.myshopify.com,http_429,,False,0,0,False
0144e0.myshopify.com,http_429,,False,0,0,False
0144e2.myshopify.com,http_429,,False,0,0,False
014518-3.myshopify.com,http_429,,False,0,0,False
01452b.myshopify.com,http_429,,False,0,0,False
01457a.myshopify.com,http_429,,False,0,0,False
0145a8-2.myshopify.com,http_429,,False,0,0,False
0145e0-3.myshopify.com,http_429,,False,0,0,False
01462a.myshopify.com,http_429,,False,0,0,False
014689.myshopify.com,http_429,,False,0,0,False
01468d-16.myshopify.com,http_429,,False,0,0,False
0146b9-e9.myshopify.com,timeout,,False,0,0,False
014724-01.myshopify.com,timeout,,False,0,0,False
014758.myshopify.com,timeout,,False,0,0,False
01477d-2.myshopify.com,timeout,,False,0,0,False
014790-77.myshopify.com,timeout,,False,0,0,False
0147b3.myshopify.com,timeout,,False,0,0,False
0147f0.myshopify.com,timeout,,False,0,0,False
01480b-2.myshopify.com,timeout,,False,0,0,False
014876-2.myshopify.com,http_429,,False,0,0,False
014885.myshopify.com,http_429,,False,0,0,False
0148b1.myshopify.com,http_429,,False,0,0,False
0148d7-bd.myshopify.com,http_429,,False,0,0,False
0148e6-3.myshopify.com,http_429,,False,0,0,False
014923-77.myshopify.com,http_429,,False,0,0,False
01493e-5b.myshopify.com,http_429,,False,0,0,False
01496a-09.myshopify.com,http_429,,False,0,0,False
0149e2-3.myshopify.com,http_429,,False,0,0,False
0149e7.myshopify.com,http_429,,False,0,0,False
014a72.myshopify.com,http_429,,False,0,0,False
014a98.myshopify.com,http_429,,False,0,0,False
014a9a-3.myshopify.com,http_429,,False,0,0,False
014aae-2.myshopify.com,http_429,,False,0,0,False
014ae1-1t.myshopify.com,timeout,,False,0,0,False
014ae4-6c.myshopify.com,timeout,,False,0,0,False
014afd-2.myshopify.com,http_429,,False,0,0,False
014axh-mw.myshopify.com,timeout,,False,0,0,False
014b3a-3.myshopify.com,http_429,,False,0,0,False
014b3c-2.myshopify.com,http_429,,False,0,0,False
014b51-61.myshopify.com,http_429,,False,0,0,False
014b74-4.myshopify.com,http_429,,False,0,0,False
014b7b-2.myshopify.com,http_429,,False,0,0,False
014bcd-d1.myshopify.com,http_429,,False,0,0,False
014beb-3.myshopify.com,http_429,,False,0,0,False
014c16-3.myshopify.com,http_429,,False,0,0,False
014c48-2.myshopify.com,http_429,,False,0,0,False
014c5d-d7.myshopify.com,http_429,,False,0,0,False
014c9a.myshopify.com,http_429,,False,0,0,False
014d04-df.myshopify.com,timeout,,False,0,0,False
014d31-5.myshopify.com,timeout,,False,0,0,False
014d57.myshopify.com,timeout,,False,0,0,False
014d9a-2.myshopify.com,timeout,,False,0,0,False
014da8.myshopify.com,timeout,,False,0,0,False
014dd0-5a.myshopify.com,timeout,,False,0,0,False
014de4-5.myshopify.com,timeout,,False,0,0,False
014dmp-ue.myshopify.com,timeout,,False,0,0,False
014e47.myshopify.com,timeout,,False,0,0,False
014e48.myshopify.com,timeout,,False,0,0,False
014e86-2.myshopify.com,timeout,,False,0,0,False
014eb6.myshopify.com,timeout,,False,0,0,False
014efe-12.myshopify.com,timeout,,False,0,0,False
014f66-2.myshopify.com,timeout,,False,0,0,False
014f6d-0a.myshopify.com,timeout,,False,0,0,False
014f7c-3.myshopify.com,timeout,,False,0,0,False
014fa9.myshopify.com,timeout,,False,0,0,False
014fff-2.myshopify.com,timeout,,False,0,0,False
014lutz-sells-7318.myshopify.com,timeout,,False,0,0,False
014m7k-di.myshopify.com,timeout,,False,0,0,False
014ybq-kt.myshopify.com,timeout,,False,0,0,False
015006-2.myshopify.com,timeout,,False,0,0,False
01504c-3.myshopify.com,timeout,,False,0,0,False
015056-4.myshopify.com,timeout,,False,0,0,False
015059-56.myshopify.com,timeout,,False,0,0,False
015060-2.myshopify.com,timeout,,False,0,0,False
015074-2.myshopify.com,timeout,,False,0,0,False
01508d-45.myshopify.com,timeout,,False,0,0,False
0150b7.myshopify.com,timeout,,False,0,0,False
01510b.myshopify.com,timeout,,False,0,0,False
01512f-2.myshopify.com,timeout,,False,0,0,False
01516a-2f.myshopify.com,timeout,,False,0,0,False
01516a-4.myshopify.com,timeout,,False,0,0,False
0151e6.myshopify.com,timeout,,False,0,0,False
015235-9e.myshopify.com,timeout,,False,0,0,False
01523e-ec.myshopify.com,timeout,,False,0,0,False
01524d.myshopify.com,timeout,,False,0,0,False
01527b-2.myshopify.com,timeout,,False,0,0,False
015339-e6.myshopify.com,timeout,,False,0,0,False
01535f-2.myshopify.com,timeout,,False,0,0,False
01536a.myshopify.com,timeout,,False,0,0,False
0153a9-77.myshopify.com,timeout,,False,0,0,False
0153be-2.myshopify.com,timeout,,False,0,0,False
0153d7-3d.myshopify.com,timeout,,False,0,0,False
01542b-a7.myshopify.com,timeout,,False,0,0,False
015433-b5.myshopify.com,timeout,,False,0,0,False
015443-2.myshopify.com,timeout,,False,0,0,False
015456-fc.myshopify.com,timeout,,False,0,0,False
01545c-5f.myshopify.com,timeout,,False,0,0,False
0154c4.myshopify.com,timeout,,False,0,0,False
01550d.myshopify.com,timeout,,False,0,0,False
015521-3.myshopify.com,timeout,,False,0,0,False
015540-16.myshopify.com,timeout,,False,0,0,False
01554f-94.myshopify.com,timeout,,False,0,0,False
015550-38.myshopify.com,timeout,,False,0,0,False
015568.myshopify.com,timeout,,False,0,0,False
015579-e2.myshopify.com,timeout,,False,0,0,False
01557d-1b.myshopify.com,timeout,,False,0,0,False
015588-ce.myshopify.com,timeout,,False,0,0,False
0155aa.myshopify.com,timeout,,False,0,0,False
0155b0.myshopify.com,timeout,,False,0,0,False
0155df-c7.myshopify.com,timeout,,False,0,0,False
0155e3-4.myshopify.com,timeout,,False,0,0,False
0155ef-04.myshopify.com,timeout,,False,0,0,False
0155f9-4a.myshopify.com,timeout,,False,0,0,False
01568a-2.myshopify.com,timeout,,False,0,0,False
015707-48.myshopify.com,timeout,,False,0,0,False
015725.myshopify.com,timeout,,False,0,0,False
015734.myshopify.com,timeout,,False,0,0,False
015760-7e.myshopify.com,timeout,,False,0,0,False
015770.myshopify.com,timeout,,False,0,0,False
0157a5-14.myshopify.com,timeout,,False,0,0,False
0157fa-07.myshopify.com,timeout,,False,0,0,False
0157ff-2.myshopify.com,timeout,,False,0,0,False
01581a.myshopify.com,timeout,,False,0,0,False
015843-ee.myshopify.com,timeout,,False,0,0,False
015847.myshopify.com,timeout,,False,0,0,False
015882.myshopify.com,timeout,,False,0,0,False
015898.myshopify.com,timeout,,False,0,0,False
0158a7-5.myshopify.com,timeout,,False,0,0,False
01591f.myshopify.com,timeout,,False,0,0,False
015940-4.myshopify.com,timeout,,False,0,0,False
01595b-ce.myshopify.com,timeout,,False,0,0,False
015971-2.myshopify.com,timeout,,False,0,0,False
0159e5-07.myshopify.com,timeout,,False,0,0,False
0159ec-22.myshopify.com,timeout,,False,0,0,False
0159ed.myshopify.com,timeout,,False,0,0,False
0159f2-20.myshopify.com,timeout,,False,0,0,False
015a0b-49.myshopify.com,timeout,,False,0,0,False
015a3b-cc.myshopify.com,timeout,,False,0,0,False
015a48-71.myshopify.com,timeout,,False,0,0,False
015a78-3.myshopify.com,timeout,,False,0,0,False
015aa9-5.myshopify.com,timeout,,False,0,0,False
015ab6-2.myshopify.com,timeout,,False,0,0,False
015acd.myshopify.com,timeout,,False,0,0,False
015afc-2.myshopify.com,timeout,,False,0,0,False
015b0d-3.myshopify.com,timeout,,False,0,0,False
015b0f.myshopify.com,timeout,,False,0,0,False
015b1c-48.myshopify.com,timeout,,False,0,0,False
015bb8-2.myshopify.com,timeout,,False,0,0,False
015bd2.myshopify.com,timeout,,False,0,0,False
015bd5-2.myshopify.com,timeout,,False,0,0,False
015be6.myshopify.com,timeout,,False,0,0,False
015bf6-91.myshopify.com,timeout,,False,0,0,False
015c07.myshopify.com,timeout,,False,0,0,False
015c3f-3a.myshopify.com,timeout,,False,0,0,False
015c85.myshopify.com,timeout,,False,0,0,False
015ca4.myshopify.com,timeout,,False,0,0,False
015d05-58.myshopify.com,timeout,,False,0,0,False
015d25-2.myshopify.com,timeout,,False,0,0,False
015d31-2.myshopify.com,timeout,,False,0,0,False
015d42.myshopify.com,timeout,,False,0,0,False
015d8c-2.myshopify.com,timeout,,False,0,0,False
015dd0.myshopify.com,timeout,,False,0,0,False
015delluf.myshopify.com,timeout,,False,0,0,False
015e10-b8.myshopify.com,timeout,,False,0,0,False
015e29.myshopify.com,timeout,,False,0,0,False
015ebf-12.myshopify.com,timeout,,False,0,0,False
015ee4-4.myshopify.com,timeout,,False,0,0,False
015ee6-26.myshopify.com,timeout,,False,0,0,False
015ef1-2.myshopify.com,timeout,,False,0,0,False
015f2a.myshopify.com,timeout,,False,0,0,False
015f7f.myshopify.com,timeout,,False,0,0,False
015f80-aa.myshopify.com,timeout,,False,0,0,False
015f9d-2b.myshopify.com,timeout,,False,0,0,False
015fab-2.myshopify.com,timeout,,False,0,0,False
015fb4-2c.myshopify.com,timeout,,False,0,0,False
015ff3.myshopify.com,timeout,,False,0,0,False
015hc4-td.myshopify.com,timeout,,False,0,0,False
015homestuffstore.myshopify.com,timeout,,False,0,0,False
015meu-t5.myshopify.com,timeout,,False,0,0,False
015puq-gs.myshopify.com,timeout,,False,0,0,False
015xvd-e8.myshopify.com,timeout,,False,0,0,False
016027-2.myshopify.com,timeout,,False,0,0,False
016059-af.myshopify.com,timeout,,False,0,0,False
0160c3.myshopify.com,timeout,,False,0,0,False
0160de.myshopify.com,timeout,,False,0,0,False
0160e5-4e.myshopify.com,timeout,,False,0,0,False
0160e5-74.myshopify.com,timeout,,False,0,0,False
01610c-08.myshopify.com,timeout,,False,0,0,False
01610c.myshopify.com,timeout,,False,0,0,False
016118.myshopify.com,timeout,,False,0,0,False
01611d-2.myshopify.com,timeout,,False,0,0,False
01612a-46.myshopify.com,timeout,,False,0,0,False
016184-2.myshopify.com,timeout,,False,0,0,False
016187-3.myshopify.com,timeout,,False,0,0,False
0161a6.myshopify.com,timeout,,False,0,0,False
0161b9-3.myshopify.com,timeout,,False,0,0,False
0161bd-2.myshopify.com,timeout,,False,0,0,False
0161festival.myshopify.com,timeout,,False,0,0,False
01623d.myshopify.com,timeout,,False,0,0,False
016242.myshopify.com,timeout,,False,0,0,False
016249.myshopify.com,timeout,,False,0,0,False
016258-55.myshopify.com,timeout,,False,0,0,False
01625b-2.myshopify.com,timeout,,False,0,0,False
016272-15.myshopify.com,timeout,,False,0,0,False
0162bc-2.myshopify.com,timeout,,False,0,0,False
01630b-05.myshopify.com,timeout,,False,0,0,False
016355-2.myshopify.com,timeout,,False,0,0,False
016366.myshopify.com,timeout,,False,0,0,False
016391-ea.myshopify.com,timeout,,False,0,0,False
016393-52.myshopify.com,timeout,,False,0,0,False
0163d3-59.myshopify.com,timeout,,False,0,0,False
016417-2.myshopify.com,timeout,,False,0,0,False
016420.myshopify.com,timeout,,False,0,0,False
01649e-8b.myshopify.com,timeout,,False,0,0,False
0164ae-96.myshopify.com,timeout,,False,0,0,False
016510-66.myshopify.com,timeout,,False,0,0,False
016565-2.myshopify.com,timeout,,False,0,0,False
0165fb-3b.myshopify.com,timeout,,False,0,0,False
01660f-3.myshopify.com,timeout,,False,0,0,False
016632-4b.myshopify.com,timeout,,False,0,0,False
016701-2.myshopify.com,timeout,,False,0,0,False
01670a.myshopify.com,timeout,,False,0,0,False
01677d-2.myshopify.com,timeout,,False,0,0,False
0167f1.myshopify.com,timeout,,False,0,0,False
0167ya-d4.myshopify.com,timeout,,False,0,0,False
01680a-2.myshopify.com,timeout,,False,0,0,False
016813-d3.myshopify.com,timeout,,False,0,0,False
01681d-2.myshopify.com,timeout,,False,0,0,False
01682a-e0.myshopify.com,timeout,,False,0,0,False
016834-2.myshopify.com,timeout,,False,0,0,False
01683c.myshopify.com,timeout,,False,0,0,False
01685b-2.myshopify.com,timeout,,False,0,0,False
016878-2.myshopify.com,timeout,,False,0,0,False
01689c-d9.myshopify.com,timeout,,False,0,0,False
016901-2.myshopify.com,timeout,,False,0,0,False
01693c.myshopify.com,timeout,,False,0,0,False
0169e6-4a.myshopify.com,timeout,,False,0,0,False
016a50-b0.myshopify.com,timeout,,False,0,0,False
016a69-72.myshopify.com,timeout,,False,0,0,False
016a71-d6.myshopify.com,timeout,,False,0,0,False
016a8a-b5.myshopify.com,timeout,,False,0,0,False
016ae5-b7.myshopify.com,timeout,,False,0,0,False
016b0a-2.myshopify.com,timeout,,False,0,0,False
016b77-18.myshopify.com,timeout,,False,0,0,False
016b91-3.myshopify.com,timeout,,False,0,0,False
016bbc-2.myshopify.com,timeout,,False,0,0,False
016bd3-2.myshopify.com,timeout,,False,0,0,False
016bd9.myshopify.com,timeout,,False,0,0,False
016c7b.myshopify.com,timeout,,False,0,0,False
016ccf-72.myshopify.com,timeout,,False,0,0,False
016cdf-5b.myshopify.com,timeout,,False,0,0,False
016ce4-4.myshopify.com,timeout,,False,0,0,False
016ce9.myshopify.com,timeout,,False,0,0,False
016cua-9s.myshopify.com,timeout,,False,0,0,False
016d22-2.myshopify.com,timeout,,False,0,0,False
016d37.myshopify.com,timeout,,False,0,0,False
016d88-2.myshopify.com,timeout,,False,0,0,False
016dd1-2.myshopify.com,timeout,,False,0,0,False
016ddb-42.myshopify.com,timeout,,False,0,0,False
016e22-6a.myshopify.com,timeout,,False,0,0,False
016e69.myshopify.com,timeout,,False,0,0,False
016e85.myshopify.com,timeout,,False,0,0,False
016e91.myshopify.com,timeout,,False,0,0,False
016eaa-3.myshopify.com,timeout,,False,0,0,False
016eb5-2.myshopify.com,timeout,,False,0,0,False
016ec8.myshopify.com,timeout,,False,0,0,False
016f03-1e.myshopify.com,timeout,,False,0,0,False
016f05-3.myshopify.com,timeout,,False,0,0,False
016f0b.myshopify.com,timeout,,False,0,0,False
016f21-16.myshopify.com,timeout,,False,0,0,False
016f45-ec.myshopify.com,timeout,,False,0,0,False
016f5f-f4.myshopify.com,timeout,,False,0,0,False
016f9f-04.myshopify.com,timeout,,False,0,0,False
016h1m-k1.myshopify.com,timeout,,False,0,0,False
016n4j-cv.myshopify.com,timeout,,False,0,0,False
01700a-97.myshopify.com,timeout,,False,0,0,False
017039.myshopify.com,timeout,,False,0,0,False
017064-f1.myshopify.com,timeout,,False,0,0,False
017173.myshopify.com,timeout,,False,0,0,False
0171d6-3.myshopify.com,timeout,,False,0,0,False
0428.mybigcommerce.com,timeout,,False,0,0,False
0520.mybigcommerce.com,timeout,,False,0,0,False
07032010.mybigcommerce.com,timeout,,False,0,0,False
1-800sprinkles.mybigcommerce.com,timeout,,False,0,0,False
1-covent-garden.mybigcommerce.com,timeout,,False,0,0,False
1-fabric-company-llc.mybigcommerce.com,timeout,,False,0,0,False
1-sky-media-big-commerce-test-site.mybigcommerce.com,timeout,,False,0,0,False
1000museumsbsa.mybigcommerce.com,timeout,,False,0,0,False
100degrees.mybigcommerce.com,timeout,,False,0,0,False
100hollandhospitalshop.mybigcommerce.com,timeout,,False,0,0,False
100percenthollywood-com.mybigcommerce.com,timeout,,False,0,0,False
101.mybigcommerce.com,timeout,,False,0,0,False
101-cool-gifts.mybigcommerce.com,timeout,,False,0,0,False
101inks1.mybigcommerce.com,timeout,,False,0,0,False
102bun.mybigcommerce.com,timeout,,False,0,0,False
102tat2.mybigcommerce.com,timeout,,False,0,0,False
10hoursoffashion.mybigcommerce.com,timeout,,False,0,0,False
10ofthose-uk-test.mybigcommerce.com,timeout,,False,0,0,False
10thdegreeweapons.mybigcommerce.com,timeout,,False,0,0,False
10x10.mybigcommerce.com,timeout,,False,0,0,False
1108boutique.mybigcommerce.com,timeout,,False,0,0,False
112261.mybigcommerce.com,timeout,,False,0,0,False
11plus.mybigcommerce.com,timeout,,False,0,0,False
121-clothing-co1.mybigcommerce.com,timeout,,False,0,0,False
121clothes.mybigcommerce.com,timeout,,False,0,0,False
121metre.mybigcommerce.com,timeout,,False,0,0,False
123.mybigcommerce.com,timeout,,False,0,0,False
12313test.mybigcommerce.com,timeout,,False,0,0,False
1232.mybigcommerce.com,timeout,,False,0,0,False
123456aiskacang.mybigcommerce.com,timeout,,False,0,0,False
123fixyourcamerayourself.mybigcommerce.com,timeout,,False,0,0,False
123pcandnetworksolutionslimited.mybigcommerce.com,timeout,,False,0,0,False
123shop.mybigcommerce.com,timeout,,False,0,0,False
123sitego.mybigcommerce.com,timeout,,False,0,0,False
123test1234.mybigcommerce.com,timeout,,False,0,0,False
123travel.mybigcommerce.com,timeout,,False,0,0,False
12833-n-cave-creek-rd.mybigcommerce.com,timeout,,False,0,0,False
142-tactical.mybigcommerce.com,timeout,,False,0,0,False
1441-engraving.mybigcommerce.com,timeout,,False,0,0,False
14k-company.mybigcommerce.com,timeout,,False,0,0,False
14links.mybigcommerce.com,timeout,,False,0,0,False
1510.mybigcommerce.com,timeout,,False,0,0,False
15shopstop.mybigcommerce.com,timeout,,False,0,0,False
1757-golf-club.mybigcommerce.com,timeout,,False,0,0,False
180-test-bed.mybigcommerce.com,timeout,,False,0,0,False
1800bunkbed.mybigcommerce.com,timeout,,False,0,0,False
1800jc.mybigcommerce.com,timeout,,False,0,0,False
1800toolrepair.mybigcommerce.com,timeout,,False,0,0,False
1888yummyfood.mybigcommerce.com,timeout,,False,0,0,False
18marchbigpay.mybigcommerce.com,timeout,,False,0,0,False
192.mybigcommerce.com,timeout,,False,0,0,False
192192.mybigcommerce.com,timeout,,False,0,0,False
1ball.mybigcommerce.com,timeout,,False,0,0,False
1choice4-17.mybigcommerce.com,timeout,,False,0,0,False
1choice4-19.mybigcommerce.com,timeout,,False,0,0,False
1choice4-29.mybigcommerce.com,timeout,,False,0,0,False
1choice4-74.mybigcommerce.com,timeout,,False,0,0,False
1choice4-79.mybigcommerce.com,timeout,,False,0,0,False
1choice4-91.mybigcommerce.com,timeout,,False,0,0,False
1choice4-99.mybigcommerce.com,timeout,,False,0,0,False
1crownbiz.mybigcommerce.com,timeout,,False,0,0,False
1da-sandbox1.mybigcommerce.com,timeout,,False,0,0,False
1da-sandbox2.mybigcommerce.com,timeout,,False,0,0,False
1da10.mybigcommerce.com,timeout,,False,0,0,False
1da11.mybigcommerce.com,timeout,,False,0,0,False
1da12.mybigcommerce.com,timeout,,False,0,0,False
1da13.mybigcommerce.com,timeout,,False,0,0,False
1da3.mybigcommerce.com,timeout,,False,0,0,False
1da4.mybigcommerce.com,timeout,,False,0,0,False
1da5.mybigcommerce.com,timeout,,False,0,0,False
1da6.mybigcommerce.com,timeout,,False,0,0,False
1da7.mybigcommerce.com,timeout,,False,0,0,False
1da8.mybigcommerce.com,timeout,,False,0,0,False
1digitalentsandbox.mybigcommerce.com,timeout,,False,0,0,False
1eighty-sandbox.mybigcommerce.com,timeout,,False,0,0,False
1ferretstreasures.mybigcommerce.com,timeout,,False,0,0,False
1healthymealplancom.mybigcommerce.com,timeout,,False,0,0,False
1isi.mybigcommerce.com,timeout,,False,0,0,False
1lovejerkhut.mybigcommerce.com,timeout,,False,0,0,False
1monarchglobal.mybigcommerce.com,timeout,,False,0,0,False
1oct.mybigcommerce.com,timeout,,False,0,0,False
1rspect-llc.mybigcommerce.com,timeout,,False,0,0,False
1sp.mybigcommerce.com,timeout,,False,0,0,False
1st.mybigcommerce.com,timeout,,False,0,0,False
1st-class-svadba9.mybigcommerce.com,timeout,,False,0,0,False
1st-trend-apparel517.mybigcommerce.com,timeout,,False,0,0,False
1store-8nwvww.mybigcommerce.com,timeout,,False,0,0,False
1testpen.mybigcommerce.com,timeout,,False,0,0,False
1worldsync.mybigcommerce.com,timeout,,False,0,0,False
2-healthy-living.mybigcommerce.com,timeout,,False,0,0,False
20-shekels-bread10.mybigcommerce.com,timeout,,False,0,0,False
2015solarroyal.mybigcommerce.com,timeout,,False,0,0,False
2017-mchenry-heroes-for-hope4.mybigcommerce.com,timeout,,False,0,0,False
2021.mybigcommerce.com,timeout,,False,0,0,False
2023-cedar-park-hs-baseball.mybigcommerce.com,timeout,,False,0,0,False
2025-kehe-holiday-show-1724270.mybigcommerce.com,timeout,,False,0,0,False
20x20.mybigcommerce.com,timeout,,False,0,0,False
21-drops.mybigcommerce.com,timeout,,False,0,0,False
212.mybigcommerce.com,timeout,,False,0,0,False
21century.mybigcommerce.com,timeout,,False,0,0,False
21drops.mybigcommerce.com,timeout,,False,0,0,False
21stcenturygoodsdev.mybigcommerce.com,timeout,,False,0,0,False
22-savile-row.mybigcommerce.com,timeout,,False,0,0,False
22-savile-row-boutique-demo.mybigcommerce.com,timeout,,False,0,0,False
22-savile-row-classic-demo.mybigcommerce.com,timeout,,False,0,0,False
22-savile-row-contemporary-demo.mybigcommerce.com,timeout,,False,0,0,False
22-savile-row-contrast-demo.mybigcommerce.com,timeout,,False,0,0,False
22-savile-row-demo.mybigcommerce.com,timeout,,False,0,0,False
222.mybigcommerce.com,timeout,,False,0,0,False
225968.mybigcommerce.com,timeout,,False,0,0,False
23race.mybigcommerce.com,timeout,,False,0,0,False
24-7-sign-co.mybigcommerce.com,timeout,,False,0,0,False
24-7babydaddy.mybigcommerce.com,timeout,,False,0,0,False
24-hour-direct2.mybigcommerce.com,timeout,,False,0,0,False
24-hour-meals.mybigcommerce.com,timeout,,False,0,0,False
243.mybigcommerce.com,timeout,,False,0,0,False
247-comfort-apparel4.mybigcommerce.com,timeout,,False,0,0,False
247-survival-gear.mybigcommerce.com,timeout,,False,0,0,False
247hcg.mybigcommerce.com,timeout,,False,0,0,False
247hcgcom.mybigcommerce.com,timeout,,False,0,0,False
24sport.mybigcommerce.com,timeout,,False,0,0,False
257asharrowvalraod.mybigcommerce.com,timeout,,False,0,0,False
26barsandaband.mybigcommerce.com,timeout,,False,0,0,False
26mileapi.mybigcommerce.com,timeout,,False,0,0,False
26miletestsite.mybigcommerce.com,timeout,,False,0,0,False
2737bc.mybigcommerce.com,timeout,,False,0,0,False
283west.mybigcommerce.com,timeout,,False,0,0,False
28june.mybigcommerce.com,timeout,,False,0,0,False
2blether-devandtest.mybigcommerce.com,timeout,,False,0,0,False
2c1h.mybigcommerce.com,timeout,,False,0,0,False
2checkout.mybigcommerce.com,timeout,,False,0,0,False
2cointegration.mybigcommerce.com,timeout,,False,0,0,False
2day-amp--039-s-moda.mybigcommerce.com,timeout,,False,0,0,False
2friendsdesigns.mybigcommerce.com,timeout,,False,0,0,False
2gorjis.mybigcommerce.com,timeout,,False,0,0,False
2have-it.mybigcommerce.com,timeout,,False,0,0,False
2nd-gearonlinestore.mybigcommerce.com,timeout,,False,0,0,False
2ndchanceroadster-com.mybigcommerce.com,timeout,,False,0,0,False
2ndezfundraising101.mybigcommerce.com,timeout,,False,0,0,False
2oct.mybigcommerce.com,timeout,,False,0,0,False
2redglobal.mybigcommerce.com,timeout,,False,0,0,False
2stayfly.mybigcommerce.com,timeout,,False,0,0,False
2sweetlips.mybigcommerce.com,timeout,,False,0,0,False
2ubiwstest.mybigcommerce.com,timeout,,False,0,0,False
2wjd.mybigcommerce.com,timeout,,False,0,0,False
2xhome.mybigcommerce.com,timeout,,False,0,0,False
2xist.mybigcommerce.com,timeout,,False,0,0,False
2xlpremiumangus.mybigcommerce.com,timeout,,False,0,0,False
2xtremeracing.mybigcommerce.com,timeout,,False,0,0,False
3-bahr-trading.mybigcommerce.com,timeout,,False,0,0,False
310solutions.mybigcommerce.com,timeout,,False,0,0,False
313artdesignstudio.mybigcommerce.com,timeout,,False,0,0,False
313design.mybigcommerce.com,timeout,,False,0,0,False
315walnut.mybigcommerce.com,timeout,,False,0,0,False
32-degree-cups3.mybigcommerce.com,timeout,,False,0,0,False
321-pizza.mybigcommerce.com,timeout,,False,0,0,False
321gogear.mybigcommerce.com,timeout,,False,0,0,False
321rockets-com.mybigcommerce.com,timeout,,False,0,0,False
321sleep.mybigcommerce.com,timeout,,False,0,0,False
33offsandbox.mybigcommerce.com,timeout,,False,0,0,False
33ranch2.mybigcommerce.com,timeout,,False,0,0,False
360-rings.mybigcommerce.com,timeout,,False,0,0,False
360souq.mybigcommerce.com,timeout,,False,0,0,False
365archery.mybigcommerce.com,timeout,,False,0,0,False
365lawn.mybigcommerce.com,timeout,,False,0,0,False
38shop.mybigcommerce.com,timeout,,False,0,0,False
3a2r.mybigcommerce.com,timeout,,False,0,0,False
3alababak77.mybigcommerce.com,timeout,,False,0,0,False
3archie7.mybigcommerce.com,timeout,,False,0,0,False
3b-tech.mybigcommerce.com,timeout,,False,0,0,False
3bg-supply-test.mybigcommerce.com,timeout,,False,0,0,False
3coconutmonkey.mybigcommerce.com,timeout,,False,0,0,False
3columndemo.mybigcommerce.com,timeout,,False,0,0,False
3d-anarchy.mybigcommerce.com,timeout,,False,0,0,False
3d-fun-printz.mybigcommerce.com,timeout,,False,0,0,False
3d-tech.mybigcommerce.com,timeout,,False,0,0,False
3dgeekycrafts.mybigcommerce.com,timeout,,False,0,0,False
3dlook4dalogo.mybigcommerce.com,timeout,,False,0,0,False
3dmagicfactory.mybigcommerce.com,timeout,,False,0,0,False
3dproducts-canada.mybigcommerce.com,timeout,,False,0,0,False
3dxtech.mybigcommerce.com,timeout,,False,0,0,False
3instore.mybigcommerce.com,timeout,,False,0,0,False
3plproducts.mybigcommerce.com,timeout,,False,0,0,False
3rexes.mybigcommerce.com,timeout,,False,0,0,False
3riversangler.mybigcommerce.com,timeout,,False,0,0,False
3seams.mybigcommerce.com,timeout,,False,0,0,False
3turnscrystaltackcom.mybigcommerce.com,timeout,,False,0,0,False
3wishes-sandbox.mybigcommerce.com,timeout,,False,0,0,False
3x86.mybigcommerce.com,timeout,,False,0,0,False
4-21.mybigcommerce.com,timeout,,False,0,0,False
4-4-printing.mybigcommerce.com,timeout,,False,0,0,False
4-element-lifestyle.mybigcommerce.com,timeout,,False,0,0,False
4-little-people.mybigcommerce.com,timeout,,False,0,0,False
4-paws-jewelry--amp-amp-amp--gift-company.mybigcommerce.com,timeout,,False,0,0,False
4-pets-unlimited10.mybigcommerce.com,timeout,,False,0,0,False
4-pumps.mybigcommerce.com,timeout,,False,0,0,False
4-x-4-tech-incorporated2.mybigcommerce.com,timeout,,False,0,0,False
4-your-type.mybigcommerce.com,timeout,,False,0,0,False
40andunderfree.mybigcommerce.com,timeout,,False,0,0,False
40k.mybigcommerce.com,timeout,,False,0,0,False
40m-u-l-e.mybigcommerce.com,timeout,,False,0,0,False
410.mybigcommerce.com,timeout,,False,0,0,False
411-waxys4.mybigcommerce.com,timeout,,False,0,0,False
413glassworks.mybigcommerce.com,timeout,,False,0,0,False
416store.mybigcommerce.com,timeout,,False,0,0,False
419smokeshop.mybigcommerce.com,timeout,,False,0,0,False
420greenbutterfly-com.mybigcommerce.com,timeout,,False,0,0,False
422grow.mybigcommerce.com,timeout,,False,0,0,False
42sol.mybigcommerce.com,timeout,,False,0,0,False
4455.mybigcommerce.com,timeout,,False,0,0,False
448longs.mybigcommerce.com,timeout,,False,0,0,False
44brookhill.mybigcommerce.com,timeout,,False,0,0,False
456.mybigcommerce.com,http_503,,False,0,0,False
48longstems.mybigcommerce.com,timeout,,False,0,0,False
48lsdemo.mybigcommerce.com,timeout,,False,0,0,False
499eyewear.mybigcommerce.com,timeout,,False,0,0,False
499eyewear2.mybigcommerce.com,timeout,,False,0,0,False
4amattress.mybigcommerce.com,timeout,,False,0,0,False
4beauty-com.mybigcommerce.com,timeout,,False,0,0,False
4beauty-international.mybigcommerce.com,timeout,,False,0,0,False
4beauty-international2.mybigcommerce.com,timeout,,False,0,0,False
4cornersconcealment.mybigcommerce.com,timeout,,False,0,0,False
4d-tech--inc.mybigcommerce.com,timeout,,False,0,0,False
4eva.mybigcommerce.com,timeout,,False,0,0,False
4everelectronics1.mybigcommerce.com,timeout,,False,0,0,False
4glte.mybigcommerce.com,timeout,,False,0,0,False
4ium.mybigcommerce.com,timeout,,False,0,0,False
4k-simple-hosting.mybigcommerce.com,timeout,,False,0,0,False
4mdstores-com.mybigcommerce.com,timeout,,False,0,0,False
4patriots-sandbox-2.mybigcommerce.com,timeout,,False,0,0,False
4petsusa.mybigcommerce.com,timeout,,False,0,0,False
4sleep.mybigcommerce.com,timeout,,False,0,0,False
4wfs-online-store.mybigcommerce.com,timeout,,False,0,0,False
4x4-paracord.mybigcommerce.com,timeout,,False,0,0,False
4x4-spares-depot.mybigcommerce.com,timeout,,False,0,0,False
4x4center4.mybigcommerce.com,timeout,,False,0,0,False
5-hour-uat-onlinestore.mybigcommerce.com,timeout,,False,0,0,False
5-stones4.mybigcommerce.com,timeout,,False,0,0,False
508-holsters.mybigcommerce.com,timeout,,False,0,0,False
50cal.mybigcommerce.com,timeout,,False,0,0,False
5150-plastics.mybigcommerce.com,timeout,,False,0,0,False
51deal.mybigcommerce.com,timeout,,False,0,0,False
5280-decks-and-apparel1.mybigcommerce.com,timeout,,False,0,0,False
531graphics.mybigcommerce.com,timeout,,False,0,0,False
55beta-chrisbfinal.mybigcommerce.com,timeout,,False,0,0,False
55beta-mitch.mybigcommerce.com,timeout,,False,0,0,False
57401.mybigcommerce.com,timeout,,False,0,0,False
5874-cornerstone.mybigcommerce.com,timeout,,False,0,0,False
5874-three6.mybigcommerce.com,timeout,,False,0,0,False
5874stagingtwo.mybigcommerce.com,timeout,,False,0,0,False
5imedia.mybigcommerce.com,timeout,,False,0,0,False
5m-farm-supplies.mybigcommerce.com,timeout,,False,0,0,False
5points.mybigcommerce.com,timeout,,False,0,0,False
5thavestore.mybigcommerce.com,timeout,,False,0,0,False
5thfoodsandbox.mybigcommerce.com,timeout,,False,0,0,False
60minutestrategicplan.mybigcommerce.com,timeout,,False,0,0,False
60x-custom-strings6.mybigcommerce.com,timeout,,False,0,0,False
60xcustom.mybigcommerce.com,timeout,,False,0,0,False
610greek.mybigcommerce.com,timeout,,False,0,0,False
64clicks.mybigcommerce.com,timeout,,False,0,0,False
6degreesmusic.mybigcommerce.com,timeout,,False,0,0,False
6dgr.mybigcommerce.com,timeout,,False,0,0,False
6levels.mybigcommerce.com,timeout,,False,0,0,False
6lishes.mybigcommerce.com,timeout,,False,0,0,False
6mmgaming.mybigcommerce.com,timeout,,False,0,0,False
7-furniture6.mybigcommerce.com,timeout,,False,0,0,False
7-soul.mybigcommerce.com,timeout,,False,0,0,False
7-star-virgin-hair.mybigcommerce.com,timeout,,False,0,0,False
707.mybigcommerce.com,timeout,,False,0,0,False
70e-solutions.mybigcommerce.com,timeout,,False,0,0,False
70test.mybigcommerce.com,timeout,,False,0,0,False
712.mybigcommerce.com,timeout,,False,0,0,False
71lbs.mybigcommerce.com,timeout,,False,0,0,False
7249-patio-st1.mybigcommerce.com,timeout,,False,0,0,False
72test.mybigcommerce.com,timeout,,False,0,0,False
7319test.mybigcommerce.com,timeout,,False,0,0,False
739test.mybigcommerce.com,timeout,,False,0,0,False
753216.mybigcommerce.com,timeout,,False,0,0,False
7amenfant.mybigcommerce.com,timeout,,False,0,0,False
7ent.mybigcommerce.com,timeout,,False,0,0,False
7ent2.mybigcommerce.com,timeout,,False,0,0,False
7eventhtimedown.mybigcommerce.com,timeout,,False,0,0,False
7grease.mybigcommerce.com,timeout,,False,0,0,False
7hobby.mybigcommerce.com,timeout,,False,0,0,False
7kdesigns.mybigcommerce.com,timeout,,False,0,0,False
7milebrewing.mybigcommerce.com,timeout,,False,0,0,False
7template2.mybigcommerce.com,timeout,,False,0,0,False
7th-heaven-demo.mybigcommerce.com,timeout,,False,0,0,False
7thspecialforces.mybigcommerce.com,timeout,,False,0,0,False
7thstreetsurfshop.mybigcommerce.com,timeout,,False,0,0,False
805hid.mybigcommerce.com,timeout,,False,0,0,False
808kidscom.mybigcommerce.com,timeout,,False,0,0,False
80kaudio.mybigcommerce.com,timeout,,False,0,0,False
81financial.mybigcommerce.com,timeout,,False,0,0,False
84v45v.mybigcommerce.com,timeout,,False,0,0,False
850marine.mybigcommerce.com,timeout,,False,0,0,False
852.mybigcommerce.com,timeout,,False,0,0,False
87-bikes-llc7.mybigcommerce.com,timeout,,False,0,0,False
888-hobbies.mybigcommerce.com,timeout,,False,0,0,False
888hobbies.mybigcommerce.com,timeout,,False,0,0,False
8bit-oasis-gaming8.mybigcommerce.com,timeout,,False,0,0,False
9005.mybigcommerce.com,timeout,,False,0,0,False
900mobile6.mybigcommerce.com,timeout,,False,0,0,False
911cellphonebank.mybigcommerce.com,timeout,,False,0,0,False
91481gadget.mybigcommerce.com,timeout,,False,0,0,False
99dollarart-com.mybigcommerce.com,timeout,,False,0,0,False
99estore.mybigcommerce.com,timeout,,False,0,0,False
99resumes.mybigcommerce.com,timeout,,False,0,0,False
9lineapparel.mybigcommerce.com,timeout,,False,0,0,False
9thwavegallery.mybigcommerce.com,timeout,,False,0,0,False
a-abad.mybigcommerce.com,timeout,,False,0,0,False
a-amp-amp-amp-a-motor-spare.mybigcommerce.com,timeout,,False,0,0,False
a-amp-j-racing.mybigcommerce.com,timeout,,False,0,0,False
a-breath-above-cpr.mybigcommerce.com,timeout,,False,0,0,False
a-bridge-for-life-art.mybigcommerce.com,timeout,,False,0,0,False
a-bunch-of-bows.mybigcommerce.com,timeout,,False,0,0,False
a-capp-center.mybigcommerce.com,timeout,,False,0,0,False
a-gear-notebook.mybigcommerce.com,timeout,,False,0,0,False
a-gift-to-africa.mybigcommerce.com,timeout,,False,0,0,False
a-hair-product-store.mybigcommerce.com,timeout,,False,0,0,False
a-jamais.mybigcommerce.com,timeout,,False,0,0,False
a-lady-shop5.mybigcommerce.com,timeout,,False,0,0,False
a-m-i--services.mybigcommerce.com,timeout,,False,0,0,False
a-monogrammery.mybigcommerce.com,timeout,,False,0,0,False
a-o-answers1.mybigcommerce.com,timeout,,False,0,0,False
a-pampered-life.mybigcommerce.com,timeout,,False,0,0,False
a-plus-school.mybigcommerce.com,timeout,,False,0,0,False
a-rise-pipe-support.mybigcommerce.com,timeout,,False,0,0,False
a-rita-special.mybigcommerce.com,timeout,,False,0,0,False
a-sock-line.mybigcommerce.com,timeout,,False,0,0,False
a-sophisticated-pair.mybigcommerce.com,timeout,,False,0,0,False
a-store.mybigcommerce.com,timeout,,False,0,0,False
a-tad-bit-off7.mybigcommerce.com,timeout,,False,0,0,False
a-taste-of-the-south.mybigcommerce.com,timeout,,False,0,0,False
a-to-z-supply-store.mybigcommerce.com,timeout,,False,0,0,False
a-v-geeks.mybigcommerce.com,timeout,,False,0,0,False
a-v4-vjb.mybigcommerce.com,timeout,,False,0,0,False
a-wrinkle-in-time.mybigcommerce.com,timeout,,False,0,0,False
a-z-deals-amp-amp-amp-dvds.mybigcommerce.com,timeout,,False,0,0,False
a1-4electronics.mybigcommerce.com,timeout,,False,0,0,False
a1-driveline.mybigcommerce.com,timeout,,False,0,0,False
a1-self-defense-rus.mybigcommerce.com,timeout,,False,0,0,False
a14electronics.mybigcommerce.com,timeout,,False,0,0,False
a1musicsupplystorecom.mybigcommerce.com,timeout,,False,0,0,False
a1pickupsatc2.mybigcommerce.com,timeout,,False,0,0,False
a1vacuumsales.mybigcommerce.com,timeout,,False,0,0,False
a2cbeauty4.mybigcommerce.com,timeout,,False,0,0,False
a2z-clothing-co-uk.mybigcommerce.com,timeout,,False,0,0,False
a2zone55.mybigcommerce.com,timeout,,False,0,0,False
a2zstores.mybigcommerce.com,timeout,,False,0,0,False
a2ztrade.mybigcommerce.com,timeout,,False,0,0,False
a3gdental.mybigcommerce.com,timeout,,False,0,0,False
a7education.mybigcommerce.com,timeout,,False,0,0,False
aaa-mercantile.mybigcommerce.com,timeout,,False,0,0,False
aaaa.mybigcommerce.com,timeout,,False,0,0,False
aaai.mybigcommerce.com,timeout,,False,0,0,False
aaavinyl.mybigcommerce.com,timeout,,False,0,0,False
aababyrentals.mybigcommerce.com,timeout,,False,0,0,False
aaco.mybigcommerce.com,timeout,,False,0,0,False
aaconcepts.mybigcommerce.com,timeout,,False,0,0,False
aacps-operations-supply-store.mybigcommerce.com,timeout,,False,0,0,False
aad-gaming3.mybigcommerce.com,timeout,,False,0,0,False
aadocr-2025-1694089.mybigcommerce.com,timeout,,False,0,0,False
aafaustin.mybigcommerce.com,timeout,,False,0,0,False
aafesattire.mybigcommerce.com,timeout,,False,0,0,False
aafesfoodcourt.mybigcommerce.com,timeout,,False,0,0,False
aafesuniforms.mybigcommerce.com,timeout,,False,0,0,False
aai-rejuvenation-clinic.mybigcommerce.com,timeout,,False,0,0,False
aaimetals.mybigcommerce.com,timeout,,False,0,0,False
aaj-annual-2024-1577026.mybigcommerce.com,timeout,,False,0,0,False
aakash.mybigcommerce.com,timeout,,False,0,0,False
aal-health-division.mybigcommerce.com,timeout,,False,0,0,False
aaliyah-ahmya.mybigcommerce.com,timeout,,False,0,0,False
aam.mybigcommerce.com,timeout,,False,0,0,False
aamps-gift-shop.mybigcommerce.com,timeout,,False,0,0,False
aandp-recycleing.mybigcommerce.com,timeout,,False,0,0,False
aapp.mybigcommerce.com,timeout,,False,0,0,False
aardvarkbay.mybigcommerce.com,timeout,,False,0,0,False
aarfpetcentral.mybigcommerce.com,timeout,,False,0,0,False
aaron-buys-gold-bullion-store.mybigcommerce.com,timeout,,False,0,0,False
aaron-de.mybigcommerce.com,timeout,,False,0,0,False
aaron-sandbox.mybigcommerce.com,timeout,,False,0,0,False
aaron-store.mybigcommerce.com,timeout,,False,0,0,False
aasgdecals.mybigcommerce.com,timeout,,False,0,0,False
aashik79.mybigcommerce.com,timeout,,False,0,0,False
aashopcouk10.mybigcommerce.com,timeout,,False,0,0,False
aasp-pa.mybigcommerce.com,timeout,,False,0,0,False
aau-inc.mybigcommerce.com,timeout,,False,0,0,False
aaw.mybigcommerce.com,timeout,,False,0,0,False
aaxatech123.mybigcommerce.com,timeout,,False,0,0,False
aaxiscommerce9.mybigcommerce.com,timeout,,False,0,0,False
abacus.mybigcommerce.com,timeout,,False,0,0,False
abbot-products-inc.mybigcommerce.com,timeout,,False,0,0,False
abbott1.mybigcommerce.com,timeout,,False,0,0,False
abbylou.mybigcommerce.com,timeout,,False,0,0,False
abbypointe.mybigcommerce.com,timeout,,False,0,0,False
abc.mybigcommerce.com,timeout,,False,0,0,False
abc-computer.mybigcommerce.com,timeout,,False,0,0,False
abc-fine-wine-spirits-sandbox-1.mybigcommerce.com,timeout,,False,0,0,False
abc-gifts-and-awards10.mybigcommerce.com,timeout,,False,0,0,False
abc-neckties.mybigcommerce.com,timeout,,False,0,0,False
abc123.mybigcommerce.com,timeout,,False,0,0,False
abc14.mybigcommerce.com,timeout,,False,0,0,False
abc2.mybigcommerce.com,timeout,,False,0,0,False
abc3.mybigcommerce.com,timeout,,False,0,0,False
abc5.mybigcommerce.com,timeout,,False,0,0,False
abcd.mybigcommerce.com,timeout,,False,0,0,False
abcde1.mybigcommerce.com,timeout,,False,0,0,False
abcessentials1.mybigcommerce.com,timeout,,False,0,0,False
abcgroup.mybigcommerce.com,timeout,,False,0,0,False
abcsupplyinc.mybigcommerce.com,timeout,,False,0,0,False
abcunderwear-store.mybigcommerce.com,timeout,,False,0,0,False
abdalla-antiques5.mybigcommerce.com,timeout,,False,0,0,False
abdul.mybigcommerce.com,timeout,,False,0,0,False
abdulmalik.mybigcommerce.com,timeout,,False,0,0,False
abeastsportsunltd-com.mybigcommerce.com,timeout,,False,0,0,False
abedgavin.mybigcommerce.com,timeout,,False,0,0,False
abedkh89.mybigcommerce.com,timeout,,False,0,0,False
abeillenola.mybigcommerce.com,timeout,,False,0,0,False
abelladonna.mybigcommerce.com,timeout,,False,0,0,False
abeodesigns.mybigcommerce.com,timeout,,False,0,0,False
aberdeen-demo.mybigcommerce.com,timeout,,False,0,0,False
abestproducts2.mybigcommerce.com,timeout,,False,0,0,False
abglovesandabrasivesstore.mybigcommerce.com,timeout,,False,0,0,False
abh.mybigcommerce.com,timeout,,False,0,0,False
abhaytrailstore.mybigcommerce.com,timeout,,False,0,0,False
abhaytrialstore21.mybigcommerce.com,timeout,,False,0,0,False
abhishek.mybigcommerce.com,timeout,,False,0,0,False
ability-gear-for-less.mybigcommerce.com,timeout,,False,0,0,False
abisha-store7.mybigcommerce.com,timeout,,False,0,0,False
abitofitall.mybigcommerce.com,timeout,,False,0,0,False
abl.mybigcommerce.com,timeout,,False,0,0,False
abl-tech.mybigcommerce.com,timeout,,False,0,0,False
able-wholesale10.mybigcommerce.com,timeout,,False,0,0,False
able-wholesale31.mybigcommerce.com,timeout,,False,0,0,False
able-wholesale7.mybigcommerce.com,timeout,,False,0,0,False
abm-business-machine10.mybigcommerce.com,timeout,,False,0,0,False
abnsat.mybigcommerce.com,timeout,,False,0,0,False
abodeinteriors.mybigcommerce.com,timeout,,False,0,0,False
aboriginaldots.mybigcommerce.com,timeout,,False,0,0,False
aboutblackbostononline-networks.mybigcommerce.com,timeout,,False,0,0,False
aboutwisdom.mybigcommerce.com,timeout,,False,0,0,False
above.mybigcommerce.com,timeout,,False,0,0,False
abovebeyond.mybigcommerce.com,timeout,,False,0,0,False
aboverubiesbookstore.mybigcommerce.com,timeout,,False,0,0,False
aboverubiescanada.mybigcommerce.com,timeout,,False,0,0,False
abpages.mybigcommerce.com,timeout,,False,0,0,False
abpages-elevate.mybigcommerce.com,timeout,,False,0,0,False
abpages-rise.mybigcommerce.com,timeout,,False,0,0,False
abpages-sandbox.mybigcommerce.com,timeout,,False,0,0,False
abpages-sandbox-3.mybigcommerce.com,timeout,,False,0,0,False
abpages-sandbox2.mybigcommerce.com,timeout,,False,0,0,False
abpages-sandbox6.mybigcommerce.com,timeout,,False,0,0,False
abpages-sandbox8.mybigcommerce.com,timeout,,False,0,0,False
abpages-sandbox9.mybigcommerce.com,timeout,,False,0,0,False
abpages2.mybigcommerce.com,timeout,,False,0,0,False
abpgraphics.mybigcommerce.com,timeout,,False,0,0,False
abpro-labs.mybigcommerce.com,timeout,,False,0,0,False
abraxas.mybigcommerce.com,timeout,,False,0,0,False
abriefchatcom3.mybigcommerce.com,timeout,,False,0,0,False
abruzzo.mybigcommerce.com,timeout,,False,0,0,False
abs.mybigcommerce.com,timeout,,False,0,0,False
absco-sheds.mybigcommerce.com,timeout,,False,0,0,False
absentstuff8.mybigcommerce.com,timeout,,False,0,0,False
absolar.mybigcommerce.com,timeout,,False,0,0,False
absolute.mybigcommerce.com,timeout,,False,0,0,False
absolute-ink-jet.mybigcommerce.com,timeout,,False,0,0,False
absolute-outdoor-living.mybigcommerce.com,timeout,,False,0,0,False
absolute-socks-demo6.mybigcommerce.com,timeout,,False,0,0,False
absolute-socks6.mybigcommerce.com,timeout,,False,0,0,False
absolute-usa.mybigcommerce.com,timeout,,False,0,0,False
absolute-vapor.mybigcommerce.com,timeout,,False,0,0,False
absolutegreen.mybigcommerce.com,timeout,,False,0,0,False
absolutelyfabulous.mybigcommerce.com,timeout,,False,0,0,False
absolutelyhomestore.mybigcommerce.com,timeout,,False,0,0,False
absolutelymusicinc.mybigcommerce.com,timeout,,False,0,0,False
absolutemarketing.mybigcommerce.com,timeout,,False,0,0,False
abst.mybigcommerce.com,timeout,,False,0,0,False
abstractpaintings.mybigcommerce.com,timeout,,False,0,0,False
abtestsite.mybigcommerce.com,timeout,,False,0,0,False
abulafia4.mybigcommerce.com,timeout,,False,0,0,False
abv-riles.mybigcommerce.com,timeout,,False,0,0,False
abweb.mybigcommerce.com,timeout,,False,0,0,False
abwoodenwatches.mybigcommerce.com,timeout,,False,0,0,False
ac-tactical1.mybigcommerce.com,timeout,,False,0,0,False
ac3wholesale.mybigcommerce.com,timeout,,False,0,0,False
academicsuperstore.mybigcommerce.com,timeout,,False,0,0,False
academy-granite--amp-amp-amp--marble.mybigcommerce.com,timeout,,False,0,0,False
academyfurniture1.mybigcommerce.com,timeout,,False,0,0,False
academyofarts1.mybigcommerce.com,timeout,,False,0,0,False
acadiana-gunworks-online-store.mybigcommerce.com,timeout,,False,0,0,False
acampx.mybigcommerce.com,timeout,,False,0,0,False
acard-technology10.mybigcommerce.com,timeout,,False,0,0,False
acasa.mybigcommerce.com,timeout,,False,0,0,False
acautotechnic-com.mybigcommerce.com,timeout,,False,0,0,False
acbl.mybigcommerce.com,timeout,,False,0,0,False
acc.mybigcommerce.com,timeout,,False,0,0,False
acc-2024-1589401.mybigcommerce.com,timeout,,False,0,0,False
acc-2025-1756961.mybigcommerce.com,timeout,,False,0,0,False
accelerant-solutions1.mybigcommerce.com,timeout,,False,0,0,False
accell-group-koga-poc10.mybigcommerce.com,timeout,,False,0,0,False
accellfitness.mybigcommerce.com,timeout,,False,0,0,False
accent-furniture-central.mybigcommerce.com,timeout,,False,0,0,False
accent-furniture-central1.mybigcommerce.com,timeout,,False,0,0,False
accent-furniture-central2.mybigcommerce.com,timeout,,False,0,0,False
accentarts.mybigcommerce.com,timeout,,False,0,0,False
accentfurniturecentral1.mybigcommerce.com,timeout,,False,0,0,False
access.mybigcommerce.com,timeout,,False,0,0,False
access-alliance-for-education.mybigcommerce.com,timeout,,False,0,0,False
accessinstanthealing.mybigcommerce.com,timeout,,False,0,0,False
accessories10.mybigcommerce.com,timeout,,False,0,0,False
accessorize-me.mybigcommerce.com,timeout,,False,0,0,False
accessorize-me-demo.mybigcommerce.com,timeout,,False,0,0,False
accessorize-you.mybigcommerce.com,timeout,,False,0,0,False
accessorizemylife.mybigcommerce.com,timeout,,False,0,0,False
accessorryworks.mybigcommerce.com,timeout,,False,0,0,False
accountablecareexpo.mybigcommerce.com,timeout,,False,0,0,False
accountol.mybigcommerce.com,timeout,,False,0,0,False
accrarestaurant3.mybigcommerce.com,timeout,,False,0,0,False
accruent.mybigcommerce.com,timeout,,False,0,0,False
accupublishing.mybigcommerce.com,timeout,,False,0,0,False
accurate-electronics.mybigcommerce.com,timeout,,False,0,0,False
accurateknowledge.mybigcommerce.com,timeout,,False,0,0,False
accuspire.mybigcommerce.com,timeout,,False,0,0,False
acd-distribution-llc-1-b2b.mybigcommerce.com,timeout,,False,0,0,False
acde.mybigcommerce.com,timeout,,False,0,0,False
ace-ejuice.mybigcommerce.com,timeout,,False,0,0,False
ace-one.mybigcommerce.com,timeout,,False,0,0,False
aceden-clothing-line.mybigcommerce.com,timeout,,False,0,0,False
aceitsportswear.mybigcommerce.com,timeout,,False,0,0,False
acelevel-deals1.mybigcommerce.com,timeout,,False,0,0,False
acelevel-deals68.mybigcommerce.com,timeout,,False,0,0,False
acelevel-deals8.mybigcommerce.com,timeout,,False,0,0,False
acer-mall.mybigcommerce.com,timeout,,False,0,0,False
aces.mybigcommerce.com,timeout,,False,0,0,False
acetoyz.mybigcommerce.com,timeout,,False,0,0,False
acf-greenhouses.mybigcommerce.com,timeout,,False,0,0,False
acfas-2025-1685330.mybigcommerce.com,timeout,,False,0,0,False
acfcs-sandbox.mybigcommerce.com,timeout,,False,0,0,False
acg-medical-supply-sandbox.mybigcommerce.com,timeout,,False,0,0,False
acgrace---hp.mybigcommerce.com,timeout,,False,0,0,False
achaux.mybigcommerce.com,timeout,,False,0,0,False
aclub.mybigcommerce.com,timeout,,False,0,0,False
acm.mybigcommerce.com,timeout,,False,0,0,False
acmedemo.mybigcommerce.com,timeout,,False,0,0,False
acmeoyster.mybigcommerce.com,timeout,,False,0,0,False
acmesource-arts.mybigcommerce.com,timeout,,False,0,0,False
acmeventuregroupllc.mybigcommerce.com,timeout,,False,0,0,False
acnetreatment.mybigcommerce.com,timeout,,False,0,0,False
acomfortinghand.mybigcommerce.com,timeout,,False,0,0,False
acorn-coding-lab5.mybigcommerce.com,timeout,,False,0,0,False
acornawards.mybigcommerce.com,timeout,,False,0,0,False
acowgirlspromisellc.mybigcommerce.com,timeout,,False,0,0,False
acp.mybigcommerce.com,timeout,,False,0,0,False
acpaintball.mybigcommerce.com,timeout,,False,0,0,False
acr.mybigcommerce.com,timeout,,False,0,0,False
acrylic-makeup-organizer-drawers.mybigcommerce.com,timeout,,False,0,0,False
acrylic-signs-us.mybigcommerce.com,timeout,,False,0,0,False
acsmedi.mybigcommerce.com,timeout,,False,0,0,False
actcleaners.mybigcommerce.com,timeout,,False,0,0,False
action-center-mobile-repair.mybigcommerce.com,timeout,,False,0,0,False
action-sports-cameras.mybigcommerce.com,timeout,,False,0,0,False
actionapparel.mybigcommerce.com,timeout,,False,0,0,False
actionarts-film-co.mybigcommerce.com,timeout,,False,0,0,False
actionfigureoutlet.mybigcommerce.com,timeout,,False,0,0,False
actionlighting-test.mybigcommerce.com,timeout,,False,0,0,False
actionselling.mybigcommerce.com,timeout,,False,0,0,False
actionvideocams.mybigcommerce.com,timeout,,False,0,0,False
actionwear.mybigcommerce.com,timeout,,False,0,0,False
activate.mybigcommerce.com,timeout,,False,0,0,False
active.mybigcommerce.com,timeout,,False,0,0,False
active-ankles.mybigcommerce.com,timeout,,False,0,0,False
active-digital.mybigcommerce.com,timeout,,False,0,0,False
activegarb5.mybigcommerce.com,timeout,,False,0,0,False
activehelmets.mybigcommerce.com,timeout,,False,0,0,False
activeheroesstore.mybigcommerce.com,timeout,,False,0,0,False
activemobility.mybigcommerce.com,timeout,,False,0,0,False
activeworldservplace-1655870.mybigcommerce.com,timeout,,False,0,0,False
activim1.mybigcommerce.com,timeout,,False,0,0,False
activities-to-teach10.mybigcommerce.com,timeout,,False,0,0,False
actnormal.mybigcommerce.com,timeout,,False,0,0,False
actofcommunication.mybigcommerce.com,timeout,,False,0,0,False
acts.mybigcommerce.com,timeout,,False,0,0,False
acumen.mybigcommerce.com,timeout,,False,0,0,False
acupaks.mybigcommerce.com,timeout,,False,0,0,False
ad-sandbox-connolly-music-theme-upgrade.mybigcommerce.com,timeout,,False,0,0,False
ad4market.mybigcommerce.com,timeout,,False,0,0,False
adailywalk.mybigcommerce.com,timeout,,False,0,0,False
adalies-jewelry.mybigcommerce.com,timeout,,False,0,0,False
adalily-creations.mybigcommerce.com,timeout,,False,0,0,False
adam-s-test-centre.mybigcommerce.com,timeout,,False,0,0,False
adamjamestaylor-gmail-com.mybigcommerce.com,timeout,,False,0,0,False
adamm4.mybigcommerce.com,timeout,,False,0,0,False
adamroryporter.mybigcommerce.com,timeout,,False,0,0,False
adamscableequipment.mybigcommerce.com,timeout,,False,0,0,False
adamspapersupplies.mybigcommerce.com,timeout,,False,0,0,False
adamwholesaler.mybigcommerce.com,timeout,,False,0,0,False
adamyatesstore.mybigcommerce.com,timeout,,False,0,0,False
adaptive-tech-solutions.mybigcommerce.com,timeout,,False,0,0,False
adaptivedisplays.mybigcommerce.com,timeout,,False,0,0,False
adaptpos.mybigcommerce.com,timeout,,False,0,0,False
adco.mybigcommerce.com,timeout,,False,0,0,False
adcraft.mybigcommerce.com,timeout,,False,0,0,False
addco-performance-swaybars6.mybigcommerce.com,timeout,,False,0,0,False
addessi-jewelers1.mybigcommerce.com,timeout,,False,0,0,False
addict-audio.mybigcommerce.com,timeout,,False,0,0,False
additude.mybigcommerce.com,timeout,,False,0,0,False
addon.mybigcommerce.com,timeout,,False,0,0,False
addon-demo.mybigcommerce.com,timeout,,False,0,0,False
address.mybigcommerce.com,timeout,,False,0,0,False
address-stress.mybigcommerce.com,timeout,,False,0,0,False
address-stress-us.mybigcommerce.com,timeout,,False,0,0,False
addrexx2.mybigcommerce.com,timeout,,False,0,0,False
addrexx3.mybigcommerce.com,timeout,,False,0,0,False
addrexx4.mybigcommerce.com,timeout,,False,0,0,False
addwatercom.mybigcommerce.com,timeout,,False,0,0,False
addyscloset.mybigcommerce.com,timeout,,False,0,0,False
adealatmyauction.mybigcommerce.com,timeout,,False,0,0,False
adecorty.mybigcommerce.com,timeout,,False,0,0,False
adele-sutton.mybigcommerce.com,timeout,,False,0,0,False
adelejewelry.mybigcommerce.com,timeout,,False,0,0,False
adelitasway.mybigcommerce.com,timeout,,False,0,0,False
ademain.mybigcommerce.com,timeout,,False,0,0,False
adeptiaconnect.mybigcommerce.com,timeout,,False,0,0,False
aderet.mybigcommerce.com,timeout,,False,0,0,False
ades.mybigcommerce.com,timeout,,False,0,0,False
adfamous.mybigcommerce.com,timeout,,False,0,0,False
adhere.mybigcommerce.com,timeout,,False,0,0,False
adhi-usa.mybigcommerce.com,timeout,,False,0,0,False
adhiyajna4.mybigcommerce.com,timeout,,False,0,0,False
adi.mybigcommerce.com,timeout,,False,0,0,False
adidasisihaine.mybigcommerce.com,timeout,,False,0,0,False
adidi.mybigcommerce.com,timeout,,False,0,0,False
adirondack-100-mile-store1.mybigcommerce.com,timeout,,False,0,0,False
adirondack-country-store.mybigcommerce.com,timeout,,False,0,0,False
adirondackfirearmsupplies.mybigcommerce.com,timeout,,False,0,0,False
adithya.mybigcommerce.com,timeout,,False,0,0,False
adjustable-beds-for-sale.mybigcommerce.com,timeout,,False,0,0,False
adknowledge.mybigcommerce.com,timeout,,False,0,0,False
admade5.mybigcommerce.com,timeout,,False,0,0,False
admin475.mybigcommerce.com,timeout,,False,0,0,False
admiral.mybigcommerce.com,timeout,,False,0,0,False
admission.mybigcommerce.com,timeout,,False,0,0,False
admk-jewelry.mybigcommerce.com,timeout,,False,0,0,False
adnan.mybigcommerce.com,timeout,,False,0,0,False
adorable.mybigcommerce.com,timeout,,False,0,0,False
adorable-baby.mybigcommerce.com,timeout,,False,0,0,False
adorable-tots-ltd.mybigcommerce.com,timeout,,False,0,0,False
adorablelifestyle.mybigcommerce.com,timeout,,False,0,0,False
adore.mybigcommerce.com,timeout,,False,0,0,False
adore-amp-muse.mybigcommerce.com,timeout,,False,0,0,False
adoviaspa.mybigcommerce.com,timeout,,False,0,0,False
adrenalinflies.mybigcommerce.com,timeout,,False,0,0,False
adrianprivate9.mybigcommerce.com,timeout,,False,0,0,False
adrians.mybigcommerce.com,timeout,,False,0,0,False
adrianxs-stockcouk7.mybigcommerce.com,timeout,,False,0,0,False
adsr-multimedia3.mybigcommerce.com,timeout,,False,0,0,False
adstrakt.mybigcommerce.com,timeout,,False,0,0,False
adult-themes.mybigcommerce.com,timeout,,False,0,0,False
adultprezzies.mybigcommerce.com,timeout,,False,0,0,False
adultsextoyscatalog.mybigcommerce.com,timeout,,False,0,0,False
adultthingscom.mybigcommerce.com,timeout,,False,0,0,False
adultthingscom1.mybigcommerce.com,timeout,,False,0,0,False
adultthingscom2.mybigcommerce.com,timeout,,False,0,0,False
advance.mybigcommerce.com,timeout,,False,0,0,False
advancedfishing-usa.mybigcommerce.com,timeout,,False,0,0,False
advancedintegrativetherapy.mybigcommerce.com,timeout,,False,0,0,False
advancedisplays.mybigcommerce.com,timeout,,False,0,0,False
advancedmart.mybigcommerce.com,timeout,,False,0,0,False
advancedmedicaltechnologies.mybigcommerce.com,timeout,,False,0,0,False
advancednutritionsystems.mybigcommerce.com,timeout,,False,0,0,False
advancedscientific.mybigcommerce.com,timeout,,False,0,0,False
advancedsiteproductsllc.mybigcommerce.com,timeout,,False,0,0,False
advancedwaterfilters-com.mybigcommerce.com,timeout,,False,0,0,False
advantaflooring.mybigcommerce.com,timeout,,False,0,0,False
advantagerestaurantequipment.mybigcommerce.com,timeout,,False,0,0,False
advantagewholesale.mybigcommerce.com,timeout,,False,0,0,False
advent.mybigcommerce.com,timeout,,False,0,0,False
adventure-52.mybigcommerce.com,timeout,,False,0,0,False
adventure-company-gear-shop.mybigcommerce.com,timeout,,False,0,0,False
adventurefriends.mybigcommerce.com,timeout,,False,0,0,False
adventurers-guild.mybigcommerce.com,timeout,,False,0,0,False
adventures.mybigcommerce.com,timeout,,False,0,0,False
adventuresportsusa.mybigcommerce.com,timeout,,False,0,0,False
adventuretoystore-com.mybigcommerce.com,timeout,,False,0,0,False
adventuretrends.mybigcommerce.com,timeout,,False,0,0,False
advise4life.mybigcommerce.com,timeout,,False,0,0,False
advmotomag.mybigcommerce.com,timeout,,False,0,0,False
advocatedigital.mybigcommerce.com,timeout,,False,0,0,False
ae-freund-sandbox28.mybigcommerce.com,timeout,,False,0,0,False
aebleskiver.mybigcommerce.com,timeout,,False,0,0,False
aegeanliving.mybigcommerce.com,timeout,,False,0,0,False
aegiscomics.mybigcommerce.com,timeout,,False,0,0,False
ael.mybigcommerce.com,timeout,,False,0,0,False
aeon-micro-inc.mybigcommerce.com,timeout,,False,0,0,False
aera-2025-1696928.mybigcommerce.com,timeout,,False,0,0,False
aerglocosmetics.mybigcommerce.com,timeout,,False,0,0,False
aerion-publishing.mybigcommerce.com,timeout,,False,0,0,False
aerion-publishing1.mybigcommerce.com,timeout,,False,0,0,False
aero-it1.mybigcommerce.com,timeout,,False,0,0,False
aerocet.mybigcommerce.com,timeout,,False,0,0,False
aerocooler.mybigcommerce.com,dead,,False,0,0,False
aerodinestore.mybigcommerce.com,timeout,,False,0,0,False
aerographs.mybigcommerce.com,timeout,,False,0,0,False
aeronet-seasonal.mybigcommerce.com,active_ecommerce,bigcommerce,True,0,1,False
aesecond1.mybigcommerce.com,timeout,,False,0,0,False
aesgroup.mybigcommerce.com,dead,,False,0,0,False
aessportswear.mybigcommerce.com,active_ecommerce,bigcommerce,True,0,1,False
aesthetics-at-illinois-eye-center.mybigcommerce.com,timeout,,False,0,0,False
aesthetics-systems6.mybigcommerce.com,timeout,,False,0,0,False
aetertek1.mybigcommerce.com,dead,,False,0,0,False
aether-amp--039-s-vapes.mybigcommerce.com,dead,,False,0,0,False
aetherpal.mybigcommerce.com,dead,,False,0,0,False
aewholesale.mybigcommerce.com,dead,,False,0,0,False
afastore.mybigcommerce.com,dead,,False,0,0,False
afc-express.mybigcommerce.com,timeout,,False,0,0,False
afcustomframes.mybigcommerce.com,timeout,,False,0,0,False
affiliated-sandbox.mybigcommerce.com,timeout,,False,0,0,False
affitnity.mybigcommerce.com,timeout,,False,0,0,False
affitnity-com.mybigcommerce.com,timeout,,False,0,0,False
affordable.mybigcommerce.com,timeout,,False,0,0,False
affordable-fluff.mybigcommerce.com,timeout,,False,0,0,False
affordable-hair.mybigcommerce.com,timeout,,False,0,0,False
affordable-hair-extensions10.mybigcommerce.com,timeout,,False,0,0,False
affordable-vaping.mybigcommerce.com,timeout,,False,0,0,False
affordablebats.mybigcommerce.com,timeout,,False,0,0,False
affordableink.mybigcommerce.com,timeout,,False,0,0,False
affordablepetsupply.mybigcommerce.com,timeout,,False,0,0,False
afillstoremarketdesale-1650039.mybigcommerce.com,timeout,,False,0,0,False
afimnyc.mybigcommerce.com,timeout,,False,0,0,False
afinishingtouchgifts1.mybigcommerce.com,timeout,,False,0,0,False
afkar-by-ideas.mybigcommerce.com,timeout,,False,0,0,False
afoi2.mybigcommerce.com,timeout,,False,0,0,False
africa-imports-sandbox.mybigcommerce.com,timeout,,False,0,0,False
african-arte.mybigcommerce.com,timeout,,False,0,0,False
african-hand-made-art.mybigcommerce.com,timeout,,False,0,0,False
africanamericanexchange.mybigcommerce.com,timeout,,False,0,0,False
africanartisans.mybigcommerce.com,timeout,,False,0,0,False
africanbotanics.mybigcommerce.com,timeout,,False,0,0,False
africantraditionaldress.mybigcommerce.com,timeout,,False,0,0,False
africasolarsuppliers.mybigcommerce.com,timeout,,False,0,0,False
africollection-com.mybigcommerce.com,timeout,,False,0,0,False
afridesia.mybigcommerce.com,timeout,,False,0,0,False
afrikan-clothing-co.mybigcommerce.com,timeout,,False,0,0,False
afrimart.mybigcommerce.com,timeout,,False,0,0,False
afsb2.mybigcommerce.com,timeout,,False,0,0,False
aftcreations.mybigcommerce.com,timeout,,False,0,0,False
after-school-and-summer-fun.mybigcommerce.com,timeout,,False,0,0,False
afterhourshop.mybigcommerce.com,timeout,,False,0,0,False
afterl1fe.mybigcommerce.com,timeout,,False,0,0,False
aftership8.mybigcommerce.com,timeout,,False,0,0,False
ag-aviation-2024-1586201.mybigcommerce.com,timeout,,False,0,0,False
ag-aviation-2025-1743652.mybigcommerce.com,timeout,,False,0,0,False
agarwal.mybigcommerce.com,timeout,,False,0,0,False
agathaandlouise.mybigcommerce.com,timeout,,False,0,0,False
agave.mybigcommerce.com,timeout,,False,0,0,False
agaveyhomeservices.mybigcommerce.com,timeout,,False,0,0,False
agcon3.mybigcommerce.com,timeout,,False,0,0,False
age-supplements.mybigcommerce.com,timeout,,False,0,0,False
agedguitarparts.mybigcommerce.com,timeout,,False,0,0,False
agedhealth.mybigcommerce.com,timeout,,False,0,0,False
agewell-vitamins.mybigcommerce.com,timeout,,False,0,0,False
agfxdesign.mybigcommerce.com,timeout,,False,0,0,False
aggie-layke-design.mybigcommerce.com,timeout,,False,0,0,False
aggiemeat.mybigcommerce.com,timeout,,False,0,0,False
aggressivegriptape.mybigcommerce.com,timeout,,False,0,0,False
aghdesigns.mybigcommerce.com,timeout,,False,0,0,False
agibaby10.mybigcommerce.com,timeout,,False,0,0,False
agift2africa.mybigcommerce.com,timeout,,False,0,0,False
agiliron.mybigcommerce.com,timeout,,False,0,0,False
agilironqa.mybigcommerce.com,timeout,,False,0,0,False
agloves.mybigcommerce.com,timeout,,False,0,0,False
aglovesite.mybigcommerce.com,timeout,,False,0,0,False
agnellinoshome.mybigcommerce.com,timeout,,False,0,0,False
agnes.mybigcommerce.com,timeout,,False,0,0,False
agpartsfirstllc.mybigcommerce.com,timeout,,False,0,0,False
ags-staging.mybigcommerce.com,timeout,,False,0,0,False
aguilar-amplification.mybigcommerce.com,timeout,,False,0,0,False
ahaaaaaaa.mybigcommerce.com,timeout,,False,0,0,False
ahaleyboutique-com.mybigcommerce.com,timeout,,False,0,0,False
aheadtek.mybigcommerce.com,timeout,,False,0,0,False
aheartsdelight.mybigcommerce.com,timeout,,False,0,0,False
ahh-design.mybigcommerce.com,timeout,,False,0,0,False
ahhnatural.mybigcommerce.com,timeout,,False,0,0,False
ahhprods1.mybigcommerce.com,timeout,,False,0,0,False
ahi.mybigcommerce.com,timeout,,False,0,0,False
ahima-2024-1577256.mybigcommerce.com,timeout,,False,0,0,False
ahima-2025-1755019.mybigcommerce.com,timeout,,False,0,0,False
ahmdi7.mybigcommerce.com,timeout,,False,0,0,False
ahmed.mybigcommerce.com,timeout,,False,0,0,False
ahmed-shafiq88-yahoo-com.mybigcommerce.com,timeout,,False,0,0,False
ahmelie.mybigcommerce.com,timeout,,False,0,0,False
ai-ml-technology-solutions.mybigcommerce.com,timeout,,False,0,0,False
ai-store.mybigcommerce.com,timeout,,False,0,0,False
aiaiamittlog.mybigcommerce.com,timeout,,False,0,0,False
aian-veterans-monument-fundraiser.mybigcommerce.com,timeout,,False,0,0,False
aibc.mybigcommerce.com,timeout,,False,0,0,False
aidance-skincare.mybigcommerce.com,timeout,,False,0,0,False
aidsfordailylivinginc.mybigcommerce.com,timeout,,False,0,0,False
aie-store.mybigcommerce.com,timeout,,False,0,0,False
aiglon.mybigcommerce.com,timeout,,False,0,0,False
aikensairplanes.mybigcommerce.com,timeout,,False,0,0,False
aikotrading.mybigcommerce.com,timeout,,False,0,0,False
aimanzshop.mybigcommerce.com,timeout,,False,0,0,False
aimeeshallmark.mybigcommerce.com,timeout,,False,0,0,False
www.3dcart.net,timeout,,False,0,0,False
011102025432.3dcart.net,timeout,,False,0,0,False
0111122162345.3dcart.net,timeout,,False,0,0,False
0111221144326.3dcart.net,timeout,,False,0,0,False
1012302963.3dcart.net,timeout,,False,0,0,False
1012304452.3dcart.net,timeout,,False,0,0,False
1012304753.3dcart.net,timeout,,False,0,0,False
1012308058.3dcart.net,timeout,,False,0,0,False
101230873.3dcart.net,timeout,,False,0,0,False
1012309265.3dcart.net,timeout,,False,0,0,False
1012314030.3dcart.net,timeout,,False,0,0,False
101231572.3dcart.net,timeout,,False,0,0,False
1012317309.3dcart.net,timeout,,False,0,0,False
111010598620.3dcart.net,timeout,,False,0,0,False
111010865155.3dcart.net,timeout,,False,0,0,False
111010968955.3dcart.net,timeout,,False,0,0,False
11101129208.3dcart.net,timeout,,False,0,0,False
111011335988.3dcart.net,timeout,,False,0,0,False
111011550543.3dcart.net,timeout,,False,0,0,False
111011691114.3dcart.net,timeout,,False,0,0,False
111011697785.3dcart.net,timeout,,False,0,0,False
111011708645.3dcart.net,timeout,,False,0,0,False
111011721293.3dcart.net,timeout,,False,0,0,False
111011805188.3dcart.net,timeout,,False,0,0,False
111011818236.3dcart.net,timeout,,False,0,0,False
111011845879.3dcart.net,timeout,,False,0,0,False
111011983528.3dcart.net,timeout,,False,0,0,False
111012368590.3dcart.net,timeout,,False,0,0,False
111012489654.3dcart.net,timeout,,False,0,0,False
111012529066.3dcart.net,timeout,,False,0,0,False
111012738785.3dcart.net,timeout,,False,0,0,False
11101435445.3dcart.net,timeout,,False,0,0,False
111014532623.3dcart.net,timeout,,False,0,0,False
111014952885.3dcart.net,timeout,,False,0,0,False
111014989893.3dcart.net,timeout,,False,0,0,False
111017174968.3dcart.net,timeout,,False,0,0,False
111017197933.3dcart.net,timeout,,False,0,0,False
111017257076.3dcart.net,timeout,,False,0,0,False
111017321178.3dcart.net,timeout,,False,0,0,False
111017341899.3dcart.net,timeout,,False,0,0,False
111017466502.3dcart.net,timeout,,False,0,0,False
111017497401.3dcart.net,timeout,,False,0,0,False
111017522777.3dcart.net,timeout,,False,0,0,False
111017549785.3dcart.net,timeout,,False,0,0,False
111017733455.3dcart.net,timeout,,False,0,0,False
111017772807.3dcart.net,timeout,,False,0,0,False
1110178037.3dcart.net,timeout,,False,0,0,False
1110178403.3dcart.net,timeout,,False,0,0,False
111019324413.3dcart.net,timeout,,False,0,0,False
111019671657.3dcart.net,timeout,,False,0,0,False
111020153118.3dcart.net,timeout,,False,0,0,False
111020172679.3dcart.net,timeout,,False,0,0,False
111020211910.3dcart.net,timeout,,False,0,0,False
11102025432.3dcart.net,timeout,,False,0,0,False
11102037853.3dcart.net,timeout,,False,0,0,False
111020426067.3dcart.net,timeout,,False,0,0,False
111020460338.3dcart.net,timeout,,False,0,0,False
111021243190.3dcart.net,timeout,,False,0,0,False
111021491969.3dcart.net,timeout,,False,0,0,False
111021544932.3dcart.net,timeout,,False,0,0,False
111021859095.3dcart.net,timeout,,False,0,0,False
111021966731.3dcart.net,timeout,,False,0,0,False
111022107357.3dcart.net,timeout,,False,0,0,False
111022152050.3dcart.net,timeout,,False,0,0,False
11102303582.3dcart.net,timeout,,False,0,0,False
11102316976.3dcart.net,timeout,,False,0,0,False
111023180309.3dcart.net,timeout,,False,0,0,False
111023472484.3dcart.net,timeout,,False,0,0,False
111023542949.3dcart.net,timeout,,False,0,0,False
111023690608.3dcart.net,timeout,,False,0,0,False
111023943476.3dcart.net,timeout,,False,0,0,False
11102415621.3dcart.net,timeout,,False,0,0,False
111024339870.3dcart.net,timeout,,False,0,0,False
111024369945.3dcart.net,timeout,,False,0,0,False
111024925349.3dcart.net,timeout,,False,0,0,False
111025434261.3dcart.net,timeout,,False,0,0,False
111025978663.3dcart.net,timeout,,False,0,0,False
11102611542.3dcart.net,timeout,,False,0,0,False
11102615896.3dcart.net,timeout,,False,0,0,False
111026240032.3dcart.net,timeout,,False,0,0,False
111026315090.3dcart.net,timeout,,False,0,0,False
11102635778.3dcart.net,timeout,,False,0,0,False
111026690471.3dcart.net,timeout,,False,0,0,False
11102685410.3dcart.net,timeout,,False,0,0,False
111026959437.3dcart.net,timeout,,False,0,0,False
11102734893.3dcart.net,timeout,,False,0,0,False
111027389858.3dcart.net,timeout,,False,0,0,False
11102746367.3dcart.net,timeout,,False,0,0,False
111027557780.3dcart.net,timeout,,False,0,0,False
111027654689.3dcart.net,timeout,,False,0,0,False
111027666804.3dcart.net,timeout,,False,0,0,False
111027708735.3dcart.net,timeout,,False,0,0,False
111027818644.3dcart.net,timeout,,False,0,0,False
111028500743.3dcart.net,timeout,,False,0,0,False
111028591868.3dcart.net,timeout,,False,0,0,False
11102919173.3dcart.net,timeout,,False,0,0,False
11102920900.3dcart.net,timeout,,False,0,0,False
111029456172.3dcart.net,timeout,,False,0,0,False
111030265682.3dcart.net,timeout,,False,0,0,False
111030620738.3dcart.net,timeout,,False,0,0,False
111031453014.3dcart.net,timeout,,False,0,0,False
11103153863.3dcart.net,timeout,,False,0,0,False
111031826136.3dcart.net,timeout,,False,0,0,False
11103245741.3dcart.net,timeout,,False,0,0,False
11103263430.3dcart.net,timeout,,False,0,0,False
11103334195.3dcart.net,timeout,,False,0,0,False
11103641296.3dcart.net,timeout,,False,0,0,False
11103900114.3dcart.net,timeout,,False,0,0,False
1110391838.3dcart.net,timeout,,False,0,0,False
11103994360.3dcart.net,timeout,,False,0,0,False
11104117829.3dcart.net,timeout,,False,0,0,False
11104257435.3dcart.net,timeout,,False,0,0,False
11104298906.3dcart.net,timeout,,False,0,0,False
11104332051.3dcart.net,timeout,,False,0,0,False
11104499905.3dcart.net,timeout,,False,0,0,False
11104687372.3dcart.net,timeout,,False,0,0,False
11104758983.3dcart.net,timeout,,False,0,0,False
11105539831.3dcart.net,timeout,,False,0,0,False
11105576689.3dcart.net,timeout,,False,0,0,False
11105854033.3dcart.net,timeout,,False,0,0,False
11106252463.3dcart.net,timeout,,False,0,0,False
11106283630.3dcart.net,timeout,,False,0,0,False
11106397608.3dcart.net,timeout,,False,0,0,False
11106661607.3dcart.net,timeout,,False,0,0,False
11106932534.3dcart.net,timeout,,False,0,0,False
11108110173.3dcart.net,timeout,,False,0,0,False
11108220153.3dcart.net,timeout,,False,0,0,False
11108252289.3dcart.net,timeout,,False,0,0,False
11108992167.3dcart.net,timeout,,False,0,0,False
11108997130.3dcart.net,timeout,,False,0,0,False
11110100877.3dcart.net,timeout,,False,0,0,False
11110225540.3dcart.net,timeout,,False,0,0,False
11110417887.3dcart.net,timeout,,False,0,0,False
11110856580.3dcart.net,timeout,,False,0,0,False
11110860256.3dcart.net,timeout,,False,0,0,False
111110488917.3dcart.net,timeout,,False,0,0,False
111110847300.3dcart.net,timeout,,False,0,0,False
111110870799.3dcart.net,timeout,,False,0,0,False
111111611262.3dcart.net,timeout,,False,0,0,False
11111255428.3dcart.net,timeout,,False,0,0,False
11111290202.3dcart.net,timeout,,False,0,0,False
11111335170.3dcart.net,timeout,,False,0,0,False
111113548106.3dcart.net,timeout,,False,0,0,False
11111360881.3dcart.net,timeout,,False,0,0,False
111114347759.3dcart.net,timeout,,False,0,0,False
111114432018.3dcart.net,timeout,,False,0,0,False
11111552257.3dcart.net,timeout,,False,0,0,False
11111690532.3dcart.net,timeout,,False,0,0,False
11111910273.3dcart.net,timeout,,False,0,0,False
111119618403.3dcart.net,timeout,,False,0,0,False
111119915904.3dcart.net,timeout,,False,0,0,False
111121770274.3dcart.net,timeout,,False,0,0,False
111122131750.3dcart.net,timeout,,False,0,0,False
111122162345.3dcart.net,timeout,,False,0,0,False
111122328622.3dcart.net,timeout,,False,0,0,False
111122341943.3dcart.net,timeout,,False,0,0,False
1111223784.3dcart.net,timeout,,False,0,0,False
111122752691.3dcart.net,timeout,,False,0,0,False
111122933451.3dcart.net,timeout,,False,0,0,False
11112341106.3dcart.net,timeout,,False,0,0,False
111123906607.3dcart.net,timeout,,False,0,0,False
111124304739.3dcart.net,timeout,,False,0,0,False
11112465156.3dcart.net,timeout,,False,0,0,False
11112595414.3dcart.net,timeout,,False,0,0,False
111126605545.3dcart.net,timeout,,False,0,0,False
111127869247.3dcart.net,timeout,,False,0,0,False
111130522208.3dcart.net,timeout,,False,0,0,False
11113275340.3dcart.net,timeout,,False,0,0,False
11113813273.3dcart.net,timeout,,False,0,0,False
11114161357.3dcart.net,timeout,,False,0,0,False
11114316829.3dcart.net,timeout,,False,0,0,False
1111446856.3dcart.net,timeout,,False,0,0,False
11114518458.3dcart.net,timeout,,False,0,0,False
11114902491.3dcart.net,timeout,,False,0,0,False
11116191188.3dcart.net,timeout,,False,0,0,False
11116246850.3dcart.net,timeout,,False,0,0,False
11116274544.3dcart.net,timeout,,False,0,0,False
11116336287.3dcart.net,timeout,,False,0,0,False
11116339060.3dcart.net,timeout,,False,0,0,False
11116375586.3dcart.net,timeout,,False,0,0,False
1111639914.3dcart.net,timeout,,False,0,0,False
11116477443.3dcart.net,timeout,,False,0,0,False
11116478388.3dcart.net,timeout,,False,0,0,False
11116580252.3dcart.net,timeout,,False,0,0,False
11116614919.3dcart.net,timeout,,False,0,0,False
11116711699.3dcart.net,timeout,,False,0,0,False
11116751229.3dcart.net,timeout,,False,0,0,False
11116796877.3dcart.net,timeout,,False,0,0,False
11116819364.3dcart.net,timeout,,False,0,0,False
11116830657.3dcart.net,timeout,,False,0,0,False
11116882399.3dcart.net,timeout,,False,0,0,False
11116972033.3dcart.net,timeout,,False,0,0,False
11116989937.3dcart.net,timeout,,False,0,0,False
11117454967.3dcart.net,timeout,,False,0,0,False
11117471217.3dcart.net,timeout,,False,0,0,False
11117645656.3dcart.net,timeout,,False,0,0,False
11118136699.3dcart.net,timeout,,False,0,0,False
11118533000.3dcart.net,timeout,,False,0,0,False
11118772136.3dcart.net,timeout,,False,0,0,False
11118925074.3dcart.net,timeout,,False,0,0,False
11119288799.3dcart.net,timeout,,False,0,0,False
11119491161.3dcart.net,timeout,,False,0,0,False
111216862213.3dcart.net,timeout,,False,0,0,False
111218691360.3dcart.net,timeout,,False,0,0,False
111221397990.3dcart.net,timeout,,False,0,0,False
111221492041.3dcart.net,timeout,,False,0,0,False
111221841497.3dcart.net,timeout,,False,0,0,False
111222387795.3dcart.net,timeout,,False,0,0,False
111223434581.3dcart.net,timeout,,False,0,0,False
111223856313.3dcart.net,timeout,,False,0,0,False
11122413330.3dcart.net,timeout,,False,0,0,False
11122458297.3dcart.net,timeout,,False,0,0,False
111224966293.3dcart.net,timeout,,False,0,0,False
111226310293.3dcart.net,timeout,,False,0,0,False
111226446773.3dcart.net,timeout,,False,0,0,False
111226650192.3dcart.net,timeout,,False,0,0,False
111226905706.3dcart.net,timeout,,False,0,0,False
111227721410.3dcart.net,timeout,,False,0,0,False
111227824761.3dcart.net,timeout,,False,0,0,False
111227936223.3dcart.net,timeout,,False,0,0,False
111228306052.3dcart.net,timeout,,False,0,0,False
111228482260.3dcart.net,timeout,,False,0,0,False
111228926249.3dcart.net,timeout,,False,0,0,False
111229149974.3dcart.net,timeout,,False,0,0,False
111229321755.3dcart.net,timeout,,False,0,0,False
111229365082.3dcart.net,timeout,,False,0,0,False
111229401571.3dcart.net,timeout,,False,0,0,False
111229439484.3dcart.net,timeout,,False,0,0,False
111229450272.3dcart.net,timeout,,False,0,0,False
111229630875.3dcart.net,timeout,,False,0,0,False
1112298317.3dcart.net,timeout,,False,0,0,False
111229833043.3dcart.net,timeout,,False,0,0,False
111229849951.3dcart.net,timeout,,False,0,0,False
111229981002.3dcart.net,timeout,,False,0,0,False
11123162523.3dcart.net,timeout,,False,0,0,False
11123198105.3dcart.net,timeout,,False,0,0,False
11123216363.3dcart.net,timeout,,False,0,0,False
11123233987.3dcart.net,timeout,,False,0,0,False
11123324728.3dcart.net,timeout,,False,0,0,False
11123334136.3dcart.net,timeout,,False,0,0,False
11123375794.3dcart.net,timeout,,False,0,0,False
11123451748.3dcart.net,timeout,,False,0,0,False
11123468633.3dcart.net,timeout,,False,0,0,False
11123488796.3dcart.net,timeout,,False,0,0,False
11123510744.3dcart.net,timeout,,False,0,0,False
11123599762.3dcart.net,timeout,,False,0,0,False
11123601058.3dcart.net,timeout,,False,0,0,False
1112364559.3dcart.net,timeout,,False,0,0,False
1112365021.3dcart.net,timeout,,False,0,0,False
11123674846.3dcart.net,timeout,,False,0,0,False
11123749223.3dcart.net,timeout,,False,0,0,False
1112380151.3dcart.net,timeout,,False,0,0,False
11123857185.3dcart.net,timeout,,False,0,0,False
11123917934.3dcart.net,timeout,,False,0,0,False
11126267218.3dcart.net,timeout,,False,0,0,False
11127768631.3dcart.net,timeout,,False,0,0,False
11128149573.3dcart.net,timeout,,False,0,0,False
11128324303.3dcart.net,timeout,,False,0,0,False
11128347474.3dcart.net,timeout,,False,0,0,False
11128667347.3dcart.net,timeout,,False,0,0,False
11128756052.3dcart.net,timeout,,False,0,0,False
11128800471.3dcart.net,timeout,,False,0,0,False
11128923648.3dcart.net,timeout,,False,0,0,False
11128938123.3dcart.net,timeout,,False,0,0,False
11128949306.3dcart.net,timeout,,False,0,0,False
11130160734.3dcart.net,timeout,,False,0,0,False
11130467222.3dcart.net,timeout,,False,0,0,False
11131379962.3dcart.net,timeout,,False,0,0,False
11131414588.3dcart.net,timeout,,False,0,0,False
11131682451.3dcart.net,timeout,,False,0,0,False
11151483.3dcart.net,timeout,,False,0,0,False
1115460.3dcart.net,timeout,,False,0,0,False
11157473.3dcart.net,timeout,,False,0,0,False
11181073.3dcart.net,timeout,,False,0,0,False
111814884.3dcart.net,timeout,,False,0,0,False
111815781.3dcart.net,timeout,,False,0,0,False
11181599.3dcart.net,timeout,,False,0,0,False
111823053.3dcart.net,timeout,,False,0,0,False
111824275.3dcart.net,timeout,,False,0,0,False
111830780.3dcart.net,timeout,,False,0,0,False
11183632.3dcart.net,timeout,,False,0,0,False
11183674.3dcart.net,timeout,,False,0,0,False
111842427.3dcart.net,timeout,,False,0,0,False
111851246.3dcart.net,timeout,,False,0,0,False
111857556.3dcart.net,timeout,,False,0,0,False
111859837.3dcart.net,timeout,,False,0,0,False
11186833.3dcart.net,timeout,,False,0,0,False
111876779.3dcart.net,timeout,,False,0,0,False
111878911.3dcart.net,timeout,,False,0,0,False
11189113.3dcart.net,timeout,,False,0,0,False
111892587.3dcart.net,timeout,,False,0,0,False
1118987.3dcart.net,timeout,,False,0,0,False
11210163631.3dcart.net,timeout,,False,0,0,False
112102222.3dcart.net,timeout,,False,0,0,False
1121025036.3dcart.net,timeout,,False,0,0,False
11210277882.3dcart.net,timeout,,False,0,0,False
11210279874.3dcart.net,timeout,,False,0,0,False
11210341790.3dcart.net,timeout,,False,0,0,False
11210490138.3dcart.net,timeout,,False,0,0,False
11210512976.3dcart.net,timeout,,False,0,0,False
11210520283.3dcart.net,timeout,,False,0,0,False
11210531299.3dcart.net,timeout,,False,0,0,False
11210540301.3dcart.net,timeout,,False,0,0,False
11210563764.3dcart.net,timeout,,False,0,0,False
11210576995.3dcart.net,timeout,,False,0,0,False
11210592893.3dcart.net,timeout,,False,0,0,False
11210703371.3dcart.net,timeout,,False,0,0,False
11210733766.3dcart.net,timeout,,False,0,0,False
11210782480.3dcart.net,timeout,,False,0,0,False
11210799343.3dcart.net,timeout,,False,0,0,False
11210852640.3dcart.net,timeout,,False,0,0,False
11210887952.3dcart.net,timeout,,False,0,0,False
11210977819.3dcart.net,timeout,,False,0,0,False
1121098518.3dcart.net,timeout,,False,0,0,False
11216137182.3dcart.net,timeout,,False,0,0,False
11216150938.3dcart.net,timeout,,False,0,0,False
11216181846.3dcart.net,timeout,,False,0,0,False
11216305107.3dcart.net,timeout,,False,0,0,False
11216423211.3dcart.net,timeout,,False,0,0,False
11216489508.3dcart.net,timeout,,False,0,0,False
11216493965.3dcart.net,timeout,,False,0,0,False
11216761988.3dcart.net,timeout,,False,0,0,False
11216774857.3dcart.net,timeout,,False,0,0,False
11216850918.3dcart.net,timeout,,False,0,0,False
11216909569.3dcart.net,timeout,,False,0,0,False
11220109049.3dcart.net,timeout,,False,0,0,False
11220164718.3dcart.net,timeout,,False,0,0,False
11220224208.3dcart.net,timeout,,False,0,0,False
1122027007.3dcart.net,timeout,,False,0,0,False
11220284213.3dcart.net,timeout,,False,0,0,False
1122035398.3dcart.net,timeout,,False,0,0,False
11220437673.3dcart.net,timeout,,False,0,0,False
11220458221.3dcart.net,timeout,,False,0,0,False
11220534805.3dcart.net,timeout,,False,0,0,False
11220564429.3dcart.net,timeout,,False,0,0,False
11220569716.3dcart.net,timeout,,False,0,0,False
11220611754.3dcart.net,timeout,,False,0,0,False
11220616661.3dcart.net,timeout,,False,0,0,False
11220631315.3dcart.net,timeout,,False,0,0,False
11220669823.3dcart.net,timeout,,False,0,0,False
11220672250.3dcart.net,timeout,,False,0,0,False
11220676913.3dcart.net,timeout,,False,0,0,False
11220714472.3dcart.net,timeout,,False,0,0,False
11220785462.3dcart.net,timeout,,False,0,0,False
11220902301.3dcart.net,timeout,,False,0,0,False
11221111843.3dcart.net,timeout,,False,0,0,False
11221303653.3dcart.net,timeout,,False,0,0,False
11221311691.3dcart.net,timeout,,False,0,0,False
11221351021.3dcart.net,timeout,,False,0,0,False
11221352213.3dcart.net,timeout,,False,0,0,False
1122140100.3dcart.net,timeout,,False,0,0,False
11221417489.3dcart.net,timeout,,False,0,0,False
11221470424.3dcart.net,timeout,,False,0,0,False
11221567991.3dcart.net,timeout,,False,0,0,False
11221749508.3dcart.net,timeout,,False,0,0,False
11221777425.3dcart.net,timeout,,False,0,0,False
11221896691.3dcart.net,timeout,,False,0,0,False
11222408593.3dcart.net,timeout,,False,0,0,False
11222687433.3dcart.net,timeout,,False,0,0,False
11227224218.3dcart.net,timeout,,False,0,0,False
11227318901.3dcart.net,timeout,,False,0,0,False
11227365520.3dcart.net,timeout,,False,0,0,False
11227425101.3dcart.net,timeout,,False,0,0,False
11227507505.3dcart.net,timeout,,False,0,0,False
11227543967.3dcart.net,timeout,,False,0,0,False
11227587269.3dcart.net,timeout,,False,0,0,False
11227648396.3dcart.net,timeout,,False,0,0,False
11227686972.3dcart.net,timeout,,False,0,0,False
11227694002.3dcart.net,timeout,,False,0,0,False
11227706849.3dcart.net,timeout,,False,0,0,False
11227717235.3dcart.net,timeout,,False,0,0,False
1122774271.3dcart.net,timeout,,False,0,0,False
11227759268.3dcart.net,timeout,,False,0,0,False
1122776533.3dcart.net,timeout,,False,0,0,False
11227855370.3dcart.net,timeout,,False,0,0,False
1122788813.3dcart.net,timeout,,False,0,0,False
1122791441.3dcart.net,timeout,,False,0,0,False
11227940330.3dcart.net,timeout,,False,0,0,False
11227955426.3dcart.net,timeout,,False,0,0,False
11227973396.3dcart.net,timeout,,False,0,0,False
11227999019.3dcart.net,timeout,,False,0,0,False
1122808883.3dcart.net,timeout,,False,0,0,False
1122869364.3dcart.net,timeout,,False,0,0,False
1124288496.3dcart.net,timeout,,False,0,0,False
1124451897.3dcart.net,timeout,,False,0,0,False
1124800766.3dcart.net,timeout,,False,0,0,False
1124877384.3dcart.net,timeout,,False,0,0,False
1124935330.3dcart.net,timeout,,False,0,0,False
1124996680.3dcart.net,timeout,,False,0,0,False
1126179087.3dcart.net,timeout,,False,0,0,False
1126285819.3dcart.net,timeout,,False,0,0,False
1126297228.3dcart.net,timeout,,False,0,0,False
1126528270.3dcart.net,timeout,,False,0,0,False
1126944678.3dcart.net,timeout,,False,0,0,False
1126964369.3dcart.net,timeout,,False,0,0,False
1131220617.3dcart.net,timeout,,False,0,0,False
113130030.3dcart.net,timeout,,False,0,0,False
1131314723.3dcart.net,timeout,,False,0,0,False
1131326212.3dcart.net,timeout,,False,0,0,False
1131359747.3dcart.net,timeout,,False,0,0,False
11314115219.3dcart.net,timeout,,False,0,0,False
1131415418.3dcart.net,timeout,,False,0,0,False
11314165016.3dcart.net,timeout,,False,0,0,False
1131423201.3dcart.net,timeout,,False,0,0,False
11314318927.3dcart.net,timeout,,False,0,0,False
11314344994.3dcart.net,timeout,,False,0,0,False
11314367538.3dcart.net,timeout,,False,0,0,False
11314459769.3dcart.net,timeout,,False,0,0,False
11314543582.3dcart.net,timeout,,False,0,0,False
11314556954.3dcart.net,timeout,,False,0,0,False
11314655998.3dcart.net,timeout,,False,0,0,False
11314828714.3dcart.net,timeout,,False,0,0,False
113148648.3dcart.net,timeout,,False,0,0,False
1131489705.3dcart.net,timeout,,False,0,0,False
11314898003.3dcart.net,timeout,,False,0,0,False
11314985238.3dcart.net,timeout,,False,0,0,False
1131735201.3dcart.net,timeout,,False,0,0,False
1131750773.3dcart.net,timeout,,False,0,0,False
1131774439.3dcart.net,timeout,,False,0,0,False
113180696.3dcart.net,timeout,,False,0,0,False
1131837329.3dcart.net,timeout,,False,0,0,False
11319164783.3dcart.net,timeout,,False,0,0,False
113192062.3dcart.net,timeout,,False,0,0,False
11319211735.3dcart.net,timeout,,False,0,0,False
11319228759.3dcart.net,timeout,,False,0,0,False
1131927863.3dcart.net,timeout,,False,0,0,False
1131932233.3dcart.net,timeout,,False,0,0,False
11319355866.3dcart.net,timeout,,False,0,0,False
11319384553.3dcart.net,timeout,,False,0,0,False
11319390593.3dcart.net,timeout,,False,0,0,False
11319414528.3dcart.net,timeout,,False,0,0,False
11319432614.3dcart.net,timeout,,False,0,0,False
11319452255.3dcart.net,timeout,,False,0,0,False
11319500871.3dcart.net,timeout,,False,0,0,False
11319597157.3dcart.net,timeout,,False,0,0,False
1131965049.3dcart.net,timeout,,False,0,0,False
11319667607.3dcart.net,timeout,,False,0,0,False
11319713727.3dcart.net,timeout,,False,0,0,False
11319733481.3dcart.net,timeout,,False,0,0,False
11319748981.3dcart.net,timeout,,False,0,0,False
11319750724.3dcart.net,timeout,,False,0,0,False
1131976598.3dcart.net,timeout,,False,0,0,False
11319859856.3dcart.net,timeout,,False,0,0,False
11319889839.3dcart.net,timeout,,False,0,0,False
11319918070.3dcart.net,timeout,,False,0,0,False
11322152934.3dcart.net,timeout,,False,0,0,False
11322182826.3dcart.net,timeout,,False,0,0,False
11322407517.3dcart.net,timeout,,False,0,0,False
11322484301.3dcart.net,timeout,,False,0,0,False
11322513784.3dcart.net,timeout,,False,0,0,False
11322636382.3dcart.net,timeout,,False,0,0,False
11322686913.3dcart.net,timeout,,False,0,0,False
11322805988.3dcart.net,timeout,,False,0,0,False
11322864342.3dcart.net,timeout,,False,0,0,False
11322951974.3dcart.net,timeout,,False,0,0,False
11328113507.3dcart.net,timeout,,False,0,0,False
11328120873.3dcart.net,timeout,,False,0,0,False
11328177044.3dcart.net,timeout,,False,0,0,False
11328177941.3dcart.net,timeout,,False,0,0,False
11328180834.3dcart.net,timeout,,False,0,0,False
1132819545.3dcart.net,timeout,,False,0,0,False
11328266059.3dcart.net,timeout,,False,0,0,False
11328276641.3dcart.net,timeout,,False,0,0,False
11328286812.3dcart.net,timeout,,False,0,0,False
11328366294.3dcart.net,timeout,,False,0,0,False
11328418873.3dcart.net,timeout,,False,0,0,False
11328424836.3dcart.net,timeout,,False,0,0,False
11328440117.3dcart.net,timeout,,False,0,0,False
11328458254.3dcart.net,timeout,,False,0,0,False
11328510714.3dcart.net,timeout,,False,0,0,False
11328534538.3dcart.net,timeout,,False,0,0,False
11328565185.3dcart.net,timeout,,False,0,0,False
1132860934.3dcart.net,timeout,,False,0,0,False
11328636524.3dcart.net,timeout,,False,0,0,False
11328645754.3dcart.net,timeout,,False,0,0,False
11328663451.3dcart.net,timeout,,False,0,0,False
11328668918.3dcart.net,timeout,,False,0,0,False
11328699326.3dcart.net,timeout,,False,0,0,False
11328710486.3dcart.net,timeout,,False,0,0,False
11328717472.3dcart.net,timeout,,False,0,0,False
11328747835.3dcart.net,timeout,,False,0,0,False
11328765031.3dcart.net,timeout,,False,0,0,False
11328825779.3dcart.net,timeout,,False,0,0,False
11328849055.3dcart.net,timeout,,False,0,0,False
11328878974.3dcart.net,timeout,,False,0,0,False
11328882395.3dcart.net,timeout,,False,0,0,False
11328892308.3dcart.net,timeout,,False,0,0,False
11328897936.3dcart.net,timeout,,False,0,0,False
11328909507.3dcart.net,timeout,,False,0,0,False
11328956918.3dcart.net,timeout,,False,0,0,False
1137159724.3dcart.net,timeout,,False,0,0,False
1137263338.3dcart.net,timeout,,False,0,0,False
113727828.3dcart.net,timeout,,False,0,0,False
1137345972.3dcart.net,timeout,,False,0,0,False
1137409980.3dcart.net,timeout,,False,0,0,False
1137480543.3dcart.net,timeout,,False,0,0,False
1137555772.3dcart.net,timeout,,False,0,0,False
1137563998.3dcart.net,timeout,,False,0,0,False
1137643927.3dcart.net,timeout,,False,0,0,False
1137704336.3dcart.net,timeout,,False,0,0,False
1137744681.3dcart.net,timeout,,False,0,0,False
1137759180.3dcart.net,timeout,,False,0,0,False
1137846336.3dcart.net,timeout,,False,0,0,False
1137932569.3dcart.net,timeout,,False,0,0,False
1137934342.3dcart.net,timeout,,False,0,0,False
1137955906.3dcart.net,timeout,,False,0,0,False
1137956496.3dcart.net,timeout,,False,0,0,False
11411107549.3dcart.net,timeout,,False,0,0,False
11411159945.3dcart.net,timeout,,False,0,0,False
1141116672.3dcart.net,timeout,,False,0,0,False
1141119049.3dcart.net,timeout,,False,0,0,False
11411216176.3dcart.net,timeout,,False,0,0,False
11411219313.3dcart.net,timeout,,False,0,0,False
11411250057.3dcart.net,timeout,,False,0,0,False
11411262966.3dcart.net,timeout,,False,0,0,False
11411289067.3dcart.net,timeout,,False,0,0,False
11411298234.3dcart.net,timeout,,False,0,0,False
11411299184.3dcart.net,timeout,,False,0,0,False
11411390130.3dcart.net,timeout,,False,0,0,False
11411395055.3dcart.net,timeout,,False,0,0,False
11411410968.3dcart.net,timeout,,False,0,0,False
11411412917.3dcart.net,timeout,,False,0,0,False
11411425593.3dcart.net,timeout,,False,0,0,False
11411448073.3dcart.net,timeout,,False,0,0,False
11411460118.3dcart.net,timeout,,False,0,0,False
11411478791.3dcart.net,timeout,,False,0,0,False
11411488304.3dcart.net,timeout,,False,0,0,False
11411535627.3dcart.net,timeout,,False,0,0,False
11411538838.3dcart.net,timeout,,False,0,0,False
11411562286.3dcart.net,timeout,,False,0,0,False
11411567666.3dcart.net,timeout,,False,0,0,False
11411630055.3dcart.net,timeout,,False,0,0,False
11411633672.3dcart.net,timeout,,False,0,0,False
11411645196.3dcart.net,timeout,,False,0,0,False
11411656883.3dcart.net,timeout,,False,0,0,False
11411758009.3dcart.net,timeout,,False,0,0,False
11411764337.3dcart.net,timeout,,False,0,0,False
11411796731.3dcart.net,timeout,,False,0,0,False
11411797449.3dcart.net,timeout,,False,0,0,False
1141180684.3dcart.net,timeout,,False,0,0,False
11411870255.3dcart.net,timeout,,False,0,0,False
11411871144.3dcart.net,timeout,,False,0,0,False
11411891080.3dcart.net,timeout,,False,0,0,False
11411910333.3dcart.net,timeout,,False,0,0,False
11411932587.3dcart.net,timeout,,False,0,0,False
11411949024.3dcart.net,timeout,,False,0,0,False
11423103598.3dcart.net,timeout,,False,0,0,False
11423106595.3dcart.net,timeout,,False,0,0,False
11423113147.3dcart.net,timeout,,False,0,0,False
11423116556.3dcart.net,timeout,,False,0,0,False
11423119311.3dcart.net,timeout,,False,0,0,False
11423123694.3dcart.net,timeout,,False,0,0,False
11423148025.3dcart.net,timeout,,False,0,0,False
11423170032.3dcart.net,timeout,,False,0,0,False
11423187317.3dcart.net,timeout,,False,0,0,False
11423216527.3dcart.net,timeout,,False,0,0,False
11423225319.3dcart.net,timeout,,False,0,0,False
11423244447.3dcart.net,timeout,,False,0,0,False
11423255776.3dcart.net,timeout,,False,0,0,False
11423322182.3dcart.net,timeout,,False,0,0,False
11423328407.3dcart.net,timeout,,False,0,0,False
1142333399.3dcart.net,timeout,,False,0,0,False
11423343511.3dcart.net,timeout,,False,0,0,False
11423350191.3dcart.net,timeout,,False,0,0,False
11423356513.3dcart.net,timeout,,False,0,0,False
11423364377.3dcart.net,timeout,,False,0,0,False
11423376078.3dcart.net,timeout,,False,0,0,False
1142339377.3dcart.net,timeout,,False,0,0,False
11423400040.3dcart.net,timeout,,False,0,0,False
11423445855.3dcart.net,timeout,,False,0,0,False
11423462722.3dcart.net,timeout,,False,0,0,False
11423480995.3dcart.net,timeout,,False,0,0,False
11423484270.3dcart.net,timeout,,False,0,0,False
11423496595.3dcart.net,timeout,,False,0,0,False
11423503566.3dcart.net,timeout,,False,0,0,False
11423504823.3dcart.net,timeout,,False,0,0,False
1142353390.3dcart.net,timeout,,False,0,0,False
11423540936.3dcart.net,timeout,,False,0,0,False
11423603147.3dcart.net,timeout,,False,0,0,False
11423616356.3dcart.net,timeout,,False,0,0,False
11423619564.3dcart.net,timeout,,False,0,0,False
11423637492.3dcart.net,timeout,,False,0,0,False
11423652725.3dcart.net,timeout,,False,0,0,False
11423652806.3dcart.net,timeout,,False,0,0,False
11423665712.3dcart.net,timeout,,False,0,0,False
11423667900.3dcart.net,timeout,,False,0,0,False
11423670374.3dcart.net,timeout,,False,0,0,False
11423706345.3dcart.net,timeout,,False,0,0,False
11423730753.3dcart.net,timeout,,False,0,0,False
11423737477.3dcart.net,timeout,,False,0,0,False
11423747208.3dcart.net,timeout,,False,0,0,False
11423768250.3dcart.net,timeout,,False,0,0,False
1142380738.3dcart.net,timeout,,False,0,0,False
1142380925.3dcart.net,timeout,,False,0,0,False
1142384999.3dcart.net,timeout,,False,0,0,False
11423857271.3dcart.net,timeout,,False,0,0,False
11423902875.3dcart.net,timeout,,False,0,0,False
11423922242.3dcart.net,timeout,,False,0,0,False
11423928236.3dcart.net,timeout,,False,0,0,False
11423929575.3dcart.net,timeout,,False,0,0,False
11423946916.3dcart.net,timeout,,False,0,0,False
11423959643.3dcart.net,timeout,,False,0,0,False
11423969454.3dcart.net,timeout,,False,0,0,False
11423995180.3dcart.net,timeout,,False,0,0,False
11423997346.3dcart.net,timeout,,False,0,0,False
11517105763.3dcart.net,timeout,,False,0,0,False
11517176575.3dcart.net,timeout,,False,0,0,False
11517176648.3dcart.net,timeout,,False,0,0,False
11517248671.3dcart.net,timeout,,False,0,0,False
11517281348.3dcart.net,timeout,,False,0,0,False
11517310388.3dcart.net,timeout,,False,0,0,False
11517358546.3dcart.net,timeout,,False,0,0,False
11517365485.3dcart.net,timeout,,False,0,0,False
11517374354.3dcart.net,timeout,,False,0,0,False
11517432411.3dcart.net,timeout,,False,0,0,False
11517464387.3dcart.net,timeout,,False,0,0,False
11517483504.3dcart.net,timeout,,False,0,0,False
11517533049.3dcart.net,timeout,,False,0,0,False
11517539751.3dcart.net,timeout,,False,0,0,False
1151769600.3dcart.net,timeout,,False,0,0,False
11517696066.3dcart.net,timeout,,False,0,0,False
11517747920.3dcart.net,timeout,,False,0,0,False
11517896456.3dcart.net,timeout,,False,0,0,False
11517906383.3dcart.net,timeout,,False,0,0,False
11517988971.3dcart.net,timeout,,False,0,0,False
11525119303.3dcart.net,timeout,,False,0,0,False
11525206102.3dcart.net,timeout,,False,0,0,False
11525206884.3dcart.net,timeout,,False,0,0,False
11525210950.3dcart.net,timeout,,False,0,0,False
11525218594.3dcart.net,timeout,,False,0,0,False
11525221696.3dcart.net,timeout,,False,0,0,False
11525223310.3dcart.net,timeout,,False,0,0,False
11525223672.3dcart.net,timeout,,False,0,0,False
11525253617.3dcart.net,timeout,,False,0,0,False
11525253841.3dcart.net,timeout,,False,0,0,False
11525268040.3dcart.net,timeout,,False,0,0,False
11525280581.3dcart.net,timeout,,False,0,0,False
11525282739.3dcart.net,timeout,,False,0,0,False
11525348554.3dcart.net,timeout,,False,0,0,False
11525432441.3dcart.net,timeout,,False,0,0,False
11525446670.3dcart.net,timeout,,False,0,0,False
11525525440.3dcart.net,timeout,,False,0,0,False
11525579471.3dcart.net,timeout,,False,0,0,False
11525673434.3dcart.net,timeout,,False,0,0,False
11525745394.3dcart.net,timeout,,False,0,0,False
11525830279.3dcart.net,timeout,,False,0,0,False
11525848084.3dcart.net,timeout,,False,0,0,False
11525857580.3dcart.net,timeout,,False,0,0,False
1152590947.3dcart.net,timeout,,False,0,0,False
11525920003.3dcart.net,timeout,,False,0,0,False
11525923484.3dcart.net,timeout,,False,0,0,False
11525977060.3dcart.net,timeout,,False,0,0,False
11525992447.3dcart.net,timeout,,False,0,0,False
11526193324.3dcart.net,timeout,,False,0,0,False
1152620884.3dcart.net,timeout,,False,0,0,False
11526288725.3dcart.net,timeout,,False,0,0,False
11526296452.3dcart.net,timeout,,False,0,0,False
11526358399.3dcart.net,timeout,,False,0,0,False
11526372015.3dcart.net,timeout,,False,0,0,False
11526433395.3dcart.net,timeout,,False,0,0,False
11526470787.3dcart.net,timeout,,False,0,0,False
11526585640.3dcart.net,timeout,,False,0,0,False
11526719086.3dcart.net,timeout,,False,0,0,False
11526832318.3dcart.net,timeout,,False,0,0,False
11526861027.3dcart.net,timeout,,False,0,0,False
11526862198.3dcart.net,timeout,,False,0,0,False
11526906218.3dcart.net,timeout,,False,0,0,False
11526909058.3dcart.net,timeout,,False,0,0,False
11526938903.3dcart.net,timeout,,False,0,0,False
11526991267.3dcart.net,timeout,,False,0,0,False
1153121392.3dcart.net,timeout,,False,0,0,False
1153132383.3dcart.net,timeout,,False,0,0,False
1153134777.3dcart.net,timeout,,False,0,0,False
1153151548.3dcart.net,timeout,,False,0,0,False
1153153840.3dcart.net,timeout,,False,0,0,False
1153155363.3dcart.net,timeout,,False,0,0,False
1153161974.3dcart.net,timeout,,False,0,0,False
1153172144.3dcart.net,timeout,,False,0,0,False
115318032.3dcart.net,timeout,,False,0,0,False
1153183149.3dcart.net,timeout,,False,0,0,False
1153184450.3dcart.net,timeout,,False,0,0,False
115319020.3dcart.net,timeout,,False,0,0,False
1153190685.3dcart.net,timeout,,False,0,0,False
1153198270.3dcart.net,timeout,,False,0,0,False
1153199119.3dcart.net,timeout,,False,0,0,False
1153215703.3dcart.net,timeout,,False,0,0,False
1153220814.3dcart.net,timeout,,False,0,0,False
1153239277.3dcart.net,timeout,,False,0,0,False
1153253976.3dcart.net,timeout,,False,0,0,False
1153254173.3dcart.net,timeout,,False,0,0,False
1153258715.3dcart.net,timeout,,False,0,0,False
1153260622.3dcart.net,timeout,,False,0,0,False
1153292843.3dcart.net,timeout,,False,0,0,False
1153319615.3dcart.net,timeout,,False,0,0,False
1153382429.3dcart.net,timeout,,False,0,0,False
1153463482.3dcart.net,timeout,,False,0,0,False
1153472216.3dcart.net,timeout,,False,0,0,False
115349217.3dcart.net,timeout,,False,0,0,False
1153524739.3dcart.net,timeout,,False,0,0,False
1153541057.3dcart.net,timeout,,False,0,0,False
1153549443.3dcart.net,timeout,,False,0,0,False
1153562190.3dcart.net,timeout,,False,0,0,False
1153625026.3dcart.net,timeout,,False,0,0,False
1153638079.3dcart.net,timeout,,False,0,0,False
1153639638.3dcart.net,timeout,,False,0,0,False
1153649477.3dcart.net,timeout,,False,0,0,False
115368047.3dcart.net,timeout,,False,0,0,False
1153689968.3dcart.net,timeout,,False,0,0,False
1153715333.3dcart.net,timeout,,False,0,0,False
1153718023.3dcart.net,timeout,,False,0,0,False
1153738937.3dcart.net,timeout,,False,0,0,False
115374498.3dcart.net,timeout,,False,0,0,False
1153747231.3dcart.net,timeout,,False,0,0,False
1153750358.3dcart.net,timeout,,False,0,0,False
1153756296.3dcart.net,timeout,,False,0,0,False
11537841.3dcart.net,timeout,,False,0,0,False
1153794407.3dcart.net,timeout,,False,0,0,False
1153812092.3dcart.net,timeout,,False,0,0,False
1153821669.3dcart.net,timeout,,False,0,0,False
1153836888.3dcart.net,timeout,,False,0,0,False
1153854412.3dcart.net,timeout,,False,0,0,False
1153861516.3dcart.net,timeout,,False,0,0,False
1153873235.3dcart.net,timeout,,False,0,0,False
115388672.3dcart.net,timeout,,False,0,0,False
1153890872.3dcart.net,timeout,,False,0,0,False
1153895436.3dcart.net,timeout,,False,0,0,False
1153916300.3dcart.net,timeout,,False,0,0,False
1153930594.3dcart.net,timeout,,False,0,0,False
1153958514.3dcart.net,timeout,,False,0,0,False
1153996916.3dcart.net,timeout,,False,0,0,False
11611122856.3dcart.net,timeout,,False,0,0,False
11611144655.3dcart.net,timeout,,False,0,0,False
11611152607.3dcart.net,timeout,,False,0,0,False
11611210236.3dcart.net,timeout,,False,0,0,False
11611212219.3dcart.net,timeout,,False,0,0,False
11611227880.3dcart.net,timeout,,False,0,0,False
11611234486.3dcart.net,timeout,,False,0,0,False
1161123915.3dcart.net,timeout,,False,0,0,False
11611356255.3dcart.net,timeout,,False,0,0,False
11611362304.3dcart.net,timeout,,False,0,0,False
1161136860.3dcart.net,timeout,,False,0,0,False
11611412719.3dcart.net,timeout,,False,0,0,False
11611423065.3dcart.net,timeout,,False,0,0,False
11611427195.3dcart.net,timeout,,False,0,0,False
11611467029.3dcart.net,timeout,,False,0,0,False
11611617634.3dcart.net,timeout,,False,0,0,False
11611727513.3dcart.net,timeout,,False,0,0,False
11611730642.3dcart.net,timeout,,False,0,0,False
11611768142.3dcart.net,timeout,,False,0,0,False
1161194614.3dcart.net,timeout,,False,0,0,False
11618178964.3dcart.net,timeout,,False,0,0,False
11618202064.3dcart.net,timeout,,False,0,0,False
11618224585.3dcart.net,timeout,,False,0,0,False
11618234328.3dcart.net,timeout,,False,0,0,False
11618271481.3dcart.net,timeout,,False,0,0,False
11618310176.3dcart.net,timeout,,False,0,0,False
11618573155.3dcart.net,timeout,,False,0,0,False
11618731431.3dcart.net,timeout,,False,0,0,False
11618758880.3dcart.net,timeout,,False,0,0,False
11618784949.3dcart.net,timeout,,False,0,0,False
11618861560.3dcart.net,timeout,,False,0,0,False
11618949629.3dcart.net,timeout,,False,0,0,False
11618954961.3dcart.net,timeout,,False,0,0,False
11623109989.3dcart.net,timeout,,False,0,0,False
11623130031.3dcart.net,timeout,,False,0,0,False
11623161732.3dcart.net,timeout,,False,0,0,False
1162317540.3dcart.net,timeout,,False,0,0,False
1162332205.3dcart.net,timeout,,False,0,0,False
11623357435.3dcart.net,timeout,,False,0,0,False
11623377455.3dcart.net,timeout,,False,0,0,False
11623381087.3dcart.net,timeout,,False,0,0,False
11623422427.3dcart.net,timeout,,False,0,0,False
11623569967.3dcart.net,timeout,,False,0,0,False
11623845133.3dcart.net,timeout,,False,0,0,False
11623864606.3dcart.net,timeout,,False,0,0,False
11623912874.3dcart.net,timeout,,False,0,0,False
11623926295.3dcart.net,timeout,,False,0,0,False
11623934660.3dcart.net,timeout,,False,0,0,False
11623974693.3dcart.net,timeout,,False,0,0,False
1162815548.3dcart.net,timeout,,False,0,0,False
11628163317.3dcart.net,timeout,,False,0,0,False
11628207251.3dcart.net,timeout,,False,0,0,False
11628237559.3dcart.net,timeout,,False,0,0,False
11628274542.3dcart.net,timeout,,False,0,0,False
116283649.3dcart.net,timeout,,False,0,0,False
11628450629.3dcart.net,timeout,,False,0,0,False
11628612714.3dcart.net,timeout,,False,0,0,False
11628737423.3dcart.net,timeout,,False,0,0,False
11628918373.3dcart.net,timeout,,False,0,0,False
11628986024.3dcart.net,timeout,,False,0,0,False
11661307.3dcart.net,timeout,,False,0,0,False
1166152424.3dcart.net,timeout,,False,0,0,False
1166212665.3dcart.net,timeout,,False,0,0,False
1166252668.3dcart.net,timeout,,False,0,0,False
1166354430.3dcart.net,timeout,,False,0,0,False
1166432053.3dcart.net,timeout,,False,0,0,False
1166534248.3dcart.net,timeout,,False,0,0,False
1166585165.3dcart.net,timeout,,False,0,0,False
1166599570.3dcart.net,timeout,,False,0,0,False
1166643670.3dcart.net,timeout,,False,0,0,False
1166673395.3dcart.net,timeout,,False,0,0,False
1166673898.3dcart.net,timeout,,False,0,0,False
1166682643.3dcart.net,timeout,,False,0,0,False
116668365.3dcart.net,timeout,,False,0,0,False
1166722135.3dcart.net,timeout,,False,0,0,False
1166805138.3dcart.net,timeout,,False,0,0,False
1166998709.3dcart.net,timeout,,False,0,0,False
1171116933.3dcart.net,timeout,,False,0,0,False
11711361252.3dcart.net,timeout,,False,0,0,False
11711484678.3dcart.net,timeout,,False,0,0,False
11711532447.3dcart.net,timeout,,False,0,0,False
1171184838.3dcart.net,timeout,,False,0,0,False
11711905439.3dcart.net,timeout,,False,0,0,False
11717244101.3dcart.net,timeout,,False,0,0,False
11717543637.3dcart.net,timeout,,False,0,0,False
11721297501.3dcart.net,timeout,,False,0,0,False
1172310487.3dcart.net,timeout,,False,0,0,False
11723981640.3dcart.net,timeout,,False,0,0,False
11727398585.3dcart.net,timeout,,False,0,0,False
11727701387.3dcart.net,timeout,,False,0,0,False
1173215282.3dcart.net,timeout,,False,0,0,False
1173223507.3dcart.net,timeout,,False,0,0,False
1173267042.3dcart.net,timeout,,False,0,0,False
1173304706.3dcart.net,timeout,,False,0,0,False
1173310955.3dcart.net,timeout,,False,0,0,False
1173371698.3dcart.net,timeout,,False,0,0,False
1173375943.3dcart.net,timeout,,False,0,0,False
117348085.3dcart.net,timeout,,False,0,0,False
1173492000.3dcart.net,timeout,,False,0,0,False
117350205.3dcart.net,timeout,,False,0,0,False
1173542617.3dcart.net,timeout,,False,0,0,False
1173585849.3dcart.net,timeout,,False,0,0,False
1173730743.3dcart.net,timeout,,False,0,0,False
1173792926.3dcart.net,timeout,,False,0,0,False
1173808398.3dcart.net,timeout,,False,0,0,False
1173934360.3dcart.net,timeout,,False,0,0,False
11823705705.3dcart.net,timeout,,False,0,0,False
11912127155.3dcart.net,timeout,,False,0,0,False
11912138192.3dcart.net,timeout,,False,0,0,False
11912309767.3dcart.net,timeout,,False,0,0,False
11912336049.3dcart.net,timeout,,False,0,0,False
1191239551.3dcart.net,timeout,,False,0,0,False
11912459943.3dcart.net,timeout,,False,0,0,False
11912502978.3dcart.net,timeout,,False,0,0,False
1191263628.3dcart.net,timeout,,False,0,0,False
11912678283.3dcart.net,timeout,,False,0,0,False
11912848452.3dcart.net,timeout,,False,0,0,False
11912912707.3dcart.net,timeout,,False,0,0,False
11912939531.3dcart.net,timeout,,False,0,0,False
11915422472.3dcart.net,timeout,,False,0,0,False
1191561453.3dcart.net,timeout,,False,0,0,False
11915814315.3dcart.net,timeout,,False,0,0,False
1191593339.3dcart.net,timeout,,False,0,0,False
11916401238.3dcart.net,timeout,,False,0,0,False
11916498466.3dcart.net,timeout,,False,0,0,False
11916758330.3dcart.net,timeout,,False,0,0,False
1191679873.3dcart.net,timeout,,False,0,0,False
11916863966.3dcart.net,timeout,,False,0,0,False
1191840412.3dcart.net,timeout,,False,0,0,False
11918459721.3dcart.net,timeout,,False,0,0,False
11918567817.3dcart.net,timeout,,False,0,0,False
11918766559.3dcart.net,timeout,,False,0,0,False
11918767109.3dcart.net,timeout,,False,0,0,False
11918780713.3dcart.net,timeout,,False,0,0,False
1191931400.3dcart.net,timeout,,False,0,0,False
11920142209.3dcart.net,timeout,,False,0,0,False
11920366262.3dcart.net,timeout,,False,0,0,False
11920446317.3dcart.net,timeout,,False,0,0,False
11920579549.3dcart.net,timeout,,False,0,0,False
11920625435.3dcart.net,timeout,,False,0,0,False
11920848580.3dcart.net,timeout,,False,0,0,False
11920853652.3dcart.net,timeout,,False,0,0,False
11920895244.3dcart.net,timeout,,False,0,0,False
1192097725.3dcart.net,timeout,,False,0,0,False
11921414530.3dcart.net,timeout,,False,0,0,False
11921568399.3dcart.net,timeout,,False,0,0,False
11921631214.3dcart.net,timeout,,False,0,0,False
11921802421.3dcart.net,timeout,,False,0,0,False
11925781632.3dcart.net,timeout,,False,0,0,False
11926130368.3dcart.net,timeout,,False,0,0,False
11926186475.3dcart.net,timeout,,False,0,0,False
11926292831.3dcart.net,timeout,,False,0,0,False
11926461693.3dcart.net,timeout,,False,0,0,False
11926627112.3dcart.net,timeout,,False,0,0,False
11927116156.3dcart.net,timeout,,False,0,0,False
11927228904.3dcart.net,timeout,,False,0,0,False
11927298041.3dcart.net,timeout,,False,0,0,False
11927306008.3dcart.net,timeout,,False,0,0,False
11927340737.3dcart.net,timeout,,False,0,0,False
11927371408.3dcart.net,timeout,,False,0,0,False
11927435471.3dcart.net,timeout,,False,0,0,False
11927468748.3dcart.net,timeout,,False,0,0,False
11927577008.3dcart.net,timeout,,False,0,0,False
11927602172.3dcart.net,timeout,,False,0,0,False
11927669227.3dcart.net,timeout,,False,0,0,False
11927669267.3dcart.net,timeout,,False,0,0,False
11927675523.3dcart.net,timeout,,False,0,0,False
11927705851.3dcart.net,timeout,,False,0,0,False
11927759817.3dcart.net,timeout,,False,0,0,False
11927787385.3dcart.net,timeout,,False,0,0,False
11927824364.3dcart.net,timeout,,False,0,0,False
11928170294.3dcart.net,timeout,,False,0,0,False
11928456490.3dcart.net,timeout,,False,0,0,False
11928531698.3dcart.net,timeout,,False,0,0,False
11928584365.3dcart.net,timeout,,False,0,0,False
1192860503.3dcart.net,timeout,,False,0,0,False
11928872985.3dcart.net,timeout,,False,0,0,False
11928984016.3dcart.net,timeout,,False,0,0,False
11928997041.3dcart.net,timeout,,False,0,0,False
11929393131.3dcart.net,timeout,,False,0,0,False
11929403921.3dcart.net,timeout,,False,0,0,False
11929603872.3dcart.net,timeout,,False,0,0,False
1192961324.3dcart.net,timeout,,False,0,0,False
11929681169.3dcart.net,timeout,,False,0,0,False
11929729370.3dcart.net,timeout,,False,0,0,False
11929984120.3dcart.net,timeout,,False,0,0,False
11930338491.3dcart.net,timeout,,False,0,0,False
11930836767.3dcart.net,timeout,,False,0,0,False
1196105260.3dcart.net,timeout,,False,0,0,False
1196428934.3dcart.net,timeout,,False,0,0,False
1196642651.3dcart.net,timeout,,False,0,0,False
1196714650.3dcart.net,timeout,,False,0,0,False
1196857519.3dcart.net,timeout,,False,0,0,False
1196966650.3dcart.net,timeout,,False,0,0,False
1197141334.3dcart.net,timeout,,False,0,0,False
1197166939.3dcart.net,timeout,,False,0,0,False
119740148.3dcart.net,timeout,,False,0,0,False
1197443152.3dcart.net,timeout,,False,0,0,False
1197997581.3dcart.net,timeout,,False,0,0,False
121010813161.3dcart.net,timeout,,False,0,0,False
121011162136.3dcart.net,timeout,,False,0,0,False
121012849853.3dcart.net,timeout,,False,0,0,False
12101338522.3dcart.net,timeout,,False,0,0,False
121013387599.3dcart.net,timeout,,False,0,0,False
121014149207.3dcart.net,timeout,,False,0,0,False
121017361426.3dcart.net,timeout,,False,0,0,False
121017413535.3dcart.net,timeout,,False,0,0,False
121020449606.3dcart.net,timeout,,False,0,0,False
12102138492.3dcart.net,timeout,,False,0,0,False
121023332971.3dcart.net,timeout,,False,0,0,False
121024602743.3dcart.net,timeout,,False,0,0,False
121028755575.3dcart.net,timeout,,False,0,0,False
121029612173.3dcart.net,timeout,,False,0,0,False
121030793106.3dcart.net,timeout,,False,0,0,False
121031575890.3dcart.net,timeout,,False,0,0,False
12103388260.3dcart.net,timeout,,False,0,0,False
12103476141.3dcart.net,timeout,,False,0,0,False
12104358730.3dcart.net,timeout,,False,0,0,False
12104758093.3dcart.net,timeout,,False,0,0,False
1210499799.3dcart.net,timeout,,False,0,0,False
12105714310.3dcart.net,timeout,,False,0,0,False
12106913874.3dcart.net,timeout,,False,0,0,False
12108692053.3dcart.net,timeout,,False,0,0,False
12110492488.3dcart.net,timeout,,False,0,0,False
12110661599.3dcart.net,timeout,,False,0,0,False
121110323751.3dcart.net,timeout,,False,0,0,False
121110718038.3dcart.net,timeout,,False,0,0,False
121111901194.3dcart.net,timeout,,False,0,0,False
121111909861.3dcart.net,timeout,,False,0,0,False
121113530676.3dcart.net,timeout,,False,0,0,False
12111575583.3dcart.net,timeout,,False,0,0,False
1211159679.3dcart.net,timeout,,False,0,0,False
121118673701.3dcart.net,timeout,,False,0,0,False
121119812378.3dcart.net,timeout,,False,0,0,False
121122386475.3dcart.net,timeout,,False,0,0,False
121122974701.3dcart.net,timeout,,False,0,0,False
121123439202.3dcart.net,timeout,,False,0,0,False
1211238027.3dcart.net,timeout,,False,0,0,False
121123851662.3dcart.net,timeout,,False,0,0,False
12112385717.3dcart.net,timeout,,False,0,0,False
12112418289.3dcart.net,timeout,,False,0,0,False
121127148285.3dcart.net,timeout,,False,0,0,False
121128128564.3dcart.net,timeout,,False,0,0,False
12112848236.3dcart.net,timeout,,False,0,0,False
121129155539.3dcart.net,timeout,,False,0,0,False
121130297257.3dcart.net,timeout,,False,0,0,False
12113130029.3dcart.net,timeout,,False,0,0,False
1211389595.3dcart.net,timeout,,False,0,0,False
12114152642.3dcart.net,timeout,,False,0,0,False
12114165558.3dcart.net,timeout,,False,0,0,False
12114608241.3dcart.net,timeout,,False,0,0,False
12114645300.3dcart.net,timeout,,False,0,0,False
12114657893.3dcart.net,timeout,,False,0,0,False
12114699315.3dcart.net,timeout,,False,0,0,False
12115128088.3dcart.net,timeout,,False,0,0,False
12115245233.3dcart.net,timeout,,False,0,0,False
12115249924.3dcart.net,timeout,,False,0,0,False
12115282344.3dcart.net,timeout,,False,0,0,False
12115360235.3dcart.net,timeout,,False,0,0,False
12115671127.3dcart.net,timeout,,False,0,0,False
1211673177.3dcart.net,timeout,,False,0,0,False
12117174520.3dcart.net,timeout,,False,0,0,False
12117273767.3dcart.net,timeout,,False,0,0,False
12117323207.3dcart.net,timeout,,False,0,0,False
12117773219.3dcart.net,timeout,,False,0,0,False
12117850438.3dcart.net,timeout,,False,0,0,False
12118221060.3dcart.net,timeout,,False,0,0,False
12118480658.3dcart.net,timeout,,False,0,0,False
121184844.3dcart.net,timeout,,False,0,0,False
1211849389.3dcart.net,timeout,,False,0,0,False
12118725500.3dcart.net,timeout,,False,0,0,False
12118753625.3dcart.net,timeout,,False,0,0,False
12119603221.3dcart.net,timeout,,False,0,0,False
12119619515.3dcart.net,timeout,,False,0,0,False
12120220117.3dcart.net,timeout,,False,0,0,False
12120687002.3dcart.net,timeout,,False,0,0,False
12120751922.3dcart.net,timeout,,False,0,0,False
12121039231.3dcart.net,timeout,,False,0,0,False
121210527553.3dcart.net,timeout,,False,0,0,False
12121113312.3dcart.net,timeout,,False,0,0,False
12121132050.3dcart.net,timeout,,False,0,0,False
121212194133.3dcart.net,timeout,,False,0,0,False
121212528773.3dcart.net,timeout,,False,0,0,False
1212133295.3dcart.net,timeout,,False,0,0,False
121213578481.3dcart.net,timeout,,False,0,0,False
12121377780.3dcart.net,timeout,,False,0,0,False
121213829529.3dcart.net,timeout,,False,0,0,False
12121503394.3dcart.net,timeout,,False,0,0,False
121215725760.3dcart.net,timeout,,False,0,0,False
121216374726.3dcart.net,timeout,,False,0,0,False
12121640529.3dcart.net,timeout,,False,0,0,False
121217668249.3dcart.net,timeout,,False,0,0,False
121217768346.3dcart.net,timeout,,False,0,0,False
12121847554.3dcart.net,timeout,,False,0,0,False
12121882557.3dcart.net,timeout,,False,0,0,False
12121892492.3dcart.net,timeout,,False,0,0,False
121219572152.3dcart.net,timeout,,False,0,0,False
121219699105.3dcart.net,timeout,,False,0,0,False
121220133449.3dcart.net,timeout,,False,0,0,False
121222623923.3dcart.net,timeout,,False,0,0,False
121223875679.3dcart.net,timeout,,False,0,0,False
12122412537.3dcart.net,timeout,,False,0,0,False
121224164712.3dcart.net,timeout,,False,0,0,False
12122476538.3dcart.net,timeout,,False,0,0,False
12122516704.3dcart.net,timeout,,False,0,0,False
12122668628.3dcart.net,timeout,,False,0,0,False
1212271270.3dcart.net,timeout,,False,0,0,False
121228160910.3dcart.net,timeout,,False,0,0,False
12122919423.3dcart.net,timeout,,False,0,0,False
121229717392.3dcart.net,timeout,,False,0,0,False
12123136209.3dcart.net,timeout,,False,0,0,False
12123227306.3dcart.net,timeout,,False,0,0,False
12123979828.3dcart.net,timeout,,False,0,0,False
1212404674.3dcart.net,timeout,,False,0,0,False
12124520135.3dcart.net,timeout,,False,0,0,False
12124702118.3dcart.net,timeout,,False,0,0,False
1212517508.3dcart.net,timeout,,False,0,0,False
12125203009.3dcart.net,timeout,,False,0,0,False
12125276383.3dcart.net,timeout,,False,0,0,False
1212538735.3dcart.net,timeout,,False,0,0,False
12125618890.3dcart.net,timeout,,False,0,0,False
1212568475.3dcart.net,timeout,,False,0,0,False
12125727209.3dcart.net,timeout,,False,0,0,False
12125967036.3dcart.net,timeout,,False,0,0,False
12126405940.3dcart.net,timeout,,False,0,0,False
12126448380.3dcart.net,timeout,,False,0,0,False
1212646342.3dcart.net,timeout,,False,0,0,False
12126538964.3dcart.net,timeout,,False,0,0,False
12126539819.3dcart.net,timeout,,False,0,0,False
12126858378.3dcart.net,timeout,,False,0,0,False
1212687259.3dcart.net,timeout,,False,0,0,False
12127361949.3dcart.net,timeout,,False,0,0,False
12127584793.3dcart.net,timeout,,False,0,0,False
12127703558.3dcart.net,timeout,,False,0,0,False
1212780170.3dcart.net,timeout,,False,0,0,False
12128303582.3dcart.net,timeout,,False,0,0,False
12128328696.3dcart.net,timeout,,False,0,0,False
12128360031.3dcart.net,timeout,,False,0,0,False
12128518868.3dcart.net,timeout,,False,0,0,False
12128520824.3dcart.net,timeout,,False,0,0,False
1212853933.3dcart.net,timeout,,False,0,0,False
12128648305.3dcart.net,timeout,,False,0,0,False
12128713811.3dcart.net,timeout,,False,0,0,False
12128799530.3dcart.net,timeout,,False,0,0,False
12128833211.3dcart.net,timeout,,False,0,0,False
12129148124.3dcart.net,timeout,,False,0,0,False
12129187073.3dcart.net,timeout,,False,0,0,False
12129422036.3dcart.net,timeout,,False,0,0,False
12129461548.3dcart.net,timeout,,False,0,0,False
121298301.3dcart.net,timeout,,False,0,0,False
12130262238.3dcart.net,timeout,,False,0,0,False
1214331122.3dcart.net,timeout,,False,0,0,False
121440223.3dcart.net,timeout,,False,0,0,False
1215829476.3dcart.net,timeout,,False,0,0,False
1216298486.3dcart.net,timeout,,False,0,0,False
1216816031.3dcart.net,timeout,,False,0,0,False
1216852595.3dcart.net,timeout,,False,0,0,False
1216910314.3dcart.net,timeout,,False,0,0,False
1217123536.3dcart.net,timeout,,False,0,0,False
1217220926.3dcart.net,timeout,,False,0,0,False
1217460083.3dcart.net,timeout,,False,0,0,False
1217575262.3dcart.net,timeout,,False,0,0,False
1217857308.3dcart.net,timeout,,False,0,0,False
1217889397.3dcart.net,timeout,,False,0,0,False
1218618129.3dcart.net,timeout,,False,0,0,False
1218847122.3dcart.net,timeout,,False,0,0,False
1219241547.3dcart.net,timeout,,False,0,0,False
121928316.3dcart.net,timeout,,False,0,0,False
1219529244.3dcart.net,timeout,,False,0,0,False
1219719050.3dcart.net,timeout,,False,0,0,False
1219891861.3dcart.net,timeout,,False,0,0,False
12210251367.3dcart.net,timeout,,False,0,0,False
12210483856.3dcart.net,timeout,,False,0,0,False
12210589239.3dcart.net,timeout,,False,0,0,False
12210950953.3dcart.net,timeout,,False,0,0,False
12211447978.3dcart.net,timeout,,False,0,0,False
12211533361.3dcart.net,timeout,,False,0,0,False
122116180.3dcart.net,timeout,,False,0,0,False
12211884247.3dcart.net,timeout,,False,0,0,False
1221216544.3dcart.net,timeout,,False,0,0,False
12212245642.3dcart.net,timeout,,False,0,0,False
12212753090.3dcart.net,timeout,,False,0,0,False
12212826976.3dcart.net,timeout,,False,0,0,False
12213287181.3dcart.net,timeout,,False,0,0,False
12213548119.3dcart.net,timeout,,False,0,0,False
12213712768.3dcart.net,timeout,,False,0,0,False
12213750692.3dcart.net,timeout,,False,0,0,False
12213846156.3dcart.net,timeout,,False,0,0,False
12213964926.3dcart.net,timeout,,False,0,0,False
12214223537.3dcart.net,timeout,,False,0,0,False
12214297679.3dcart.net,timeout,,False,0,0,False
1221447744.3dcart.net,timeout,,False,0,0,False
1221451183.3dcart.net,timeout,,False,0,0,False
12214769073.3dcart.net,timeout,,False,0,0,False
1221496292.3dcart.net,timeout,,False,0,0,False
12215308513.3dcart.net,timeout,,False,0,0,False
1221588128.3dcart.net,timeout,,False,0,0,False
1221610632.3dcart.net,timeout,,False,0,0,False
12216436321.3dcart.net,timeout,,False,0,0,False
12217216696.3dcart.net,timeout,,False,0,0,False
12218676504.3dcart.net,timeout,,False,0,0,False
12219141205.3dcart.net,timeout,,False,0,0,False
12219147088.3dcart.net,timeout,,False,0,0,False
12219181153.3dcart.net,timeout,,False,0,0,False
12219192399.3dcart.net,timeout,,False,0,0,False
12219257757.3dcart.net,timeout,,False,0,0,False
12219276103.3dcart.net,timeout,,False,0,0,False
12219277990.3dcart.net,timeout,,False,0,0,False
12219279367.3dcart.net,timeout,,False,0,0,False
12219290386.3dcart.net,timeout,,False,0,0,False
12219341512.3dcart.net,timeout,,False,0,0,False
12219404175.3dcart.net,timeout,,False,0,0,False
12219413336.3dcart.net,timeout,,False,0,0,False
12219456136.3dcart.net,timeout,,False,0,0,False
12219508098.3dcart.net,timeout,,False,0,0,False
12219516032.3dcart.net,timeout,,False,0,0,False
12219534719.3dcart.net,timeout,,False,0,0,False
12219537852.3dcart.net,timeout,,False,0,0,False
12219553747.3dcart.net,timeout,,False,0,0,False
12219558035.3dcart.net,timeout,,False,0,0,False
12219606438.3dcart.net,timeout,,False,0,0,False
12219615443.3dcart.net,timeout,,False,0,0,False
12219703873.3dcart.net,timeout,,False,0,0,False
12219708028.3dcart.net,timeout,,False,0,0,False
12219728476.3dcart.net,timeout,,False,0,0,False
12219745097.3dcart.net,timeout,,False,0,0,False
12219757070.3dcart.net,timeout,,False,0,0,False
12219762780.3dcart.net,timeout,,False,0,0,False
12219770040.3dcart.net,timeout,,False,0,0,False
1221980687.3dcart.net,timeout,,False,0,0,False
12219844018.3dcart.net,timeout,,False,0,0,False
1222045126.3dcart.net,timeout,,False,0,0,False
12220456126.3dcart.net,timeout,,False,0,0,False
1222057511.3dcart.net,timeout,,False,0,0,False
12220770620.3dcart.net,timeout,,False,0,0,False
1222166131.3dcart.net,timeout,,False,0,0,False
12222135265.3dcart.net,timeout,,False,0,0,False
12222254975.3dcart.net,timeout,,False,0,0,False
12222281241.3dcart.net,timeout,,False,0,0,False
12222287222.3dcart.net,timeout,,False,0,0,False
12222289465.3dcart.net,timeout,,False,0,0,False
12222342248.3dcart.net,timeout,,False,0,0,False
12222364284.3dcart.net,timeout,,False,0,0,False
12222515649.3dcart.net,timeout,,False,0,0,False
12222601662.3dcart.net,timeout,,False,0,0,False
12222735022.3dcart.net,timeout,,False,0,0,False
1222276295.3dcart.net,timeout,,False,0,0,False
1222277587.3dcart.net,timeout,,False,0,0,False
1222289010.3dcart.net,timeout,,False,0,0,False
12222925805.3dcart.net,timeout,,False,0,0,False
12223434897.3dcart.net,timeout,,False,0,0,False
1222360282.3dcart.net,timeout,,False,0,0,False
12223653387.3dcart.net,timeout,,False,0,0,False
12223699611.3dcart.net,timeout,,False,0,0,False
12223765997.3dcart.net,timeout,,False,0,0,False
12223823739.3dcart.net,timeout,,False,0,0,False
12223848336.3dcart.net,timeout,,False,0,0,False
12223921425.3dcart.net,timeout,,False,0,0,False
1222424554.3dcart.net,timeout,,False,0,0,False
12225150488.3dcart.net,timeout,,False,0,0,False
1222526130.3dcart.net,timeout,,False,0,0,False
1222530771.3dcart.net,timeout,,False,0,0,False
12225382050.3dcart.net,timeout,,False,0,0,False
12225533504.3dcart.net,timeout,,False,0,0,False
12225792639.3dcart.net,timeout,,False,0,0,False
12225996582.3dcart.net,timeout,,False,0,0,False
12226155590.3dcart.net,timeout,,False,0,0,False
12226183496.3dcart.net,timeout,,False,0,0,False
12226419815.3dcart.net,timeout,,False,0,0,False
12226729226.3dcart.net,timeout,,False,0,0,False
12226745904.3dcart.net,timeout,,False,0,0,False
12226961693.3dcart.net,timeout,,False,0,0,False
12227168235.3dcart.net,timeout,,False,0,0,False
12227221573.3dcart.net,timeout,,False,0,0,False
1222727222.3dcart.net,timeout,,False,0,0,False
12227410958.3dcart.net,timeout,,False,0,0,False
12227470739.3dcart.net,timeout,,False,0,0,False
12227495056.3dcart.net,timeout,,False,0,0,False
12227750207.3dcart.net,timeout,,False,0,0,False
12227824698.3dcart.net,timeout,,False,0,0,False
1222790755.3dcart.net,timeout,,False,0,0,False
1222940399.3dcart.net,timeout,,False,0,0,False
1223290538.3dcart.net,timeout,,False,0,0,False
1225128180.3dcart.net,timeout,,False,0,0,False
122527050.3dcart.net,timeout,,False,0,0,False
1225740413.3dcart.net,timeout,,False,0,0,False
1225863396.3dcart.net,timeout,,False,0,0,False
1225918040.3dcart.net,timeout,,False,0,0,False
122620822.3dcart.net,timeout,,False,0,0,False
1226605713.3dcart.net,timeout,,False,0,0,False
1226665227.3dcart.net,timeout,,False,0,0,False
1226756546.3dcart.net,timeout,,False,0,0,False
1227218929.3dcart.net,timeout,,False,0,0,False
1227833029.3dcart.net,timeout,,False,0,0,False
1228104050.3dcart.net,timeout,,False,0,0,False
1228255779.3dcart.net,timeout,,False,0,0,False
1228619253.3dcart.net,timeout,,False,0,0,False
1228692358.3dcart.net,timeout,,False,0,0,False
1228888219.3dcart.net,timeout,,False,0,0,False
1229239838.3dcart.net,timeout,,False,0,0,False
1229252280.3dcart.net,timeout,,False,0,0,False
1229325296.3dcart.net,timeout,,False,0,0,False
1229335290.3dcart.net,timeout,,False,0,0,False
1229445105.3dcart.net,timeout,,False,0,0,False
1229561438.3dcart.net,timeout,,False,0,0,False
1229603387.3dcart.net,timeout,,False,0,0,False
1229687371.3dcart.net,timeout,,False,0,0,False
1229723089.3dcart.net,timeout,,False,0,0,False
1229821084.3dcart.net,timeout,,False,0,0,False
1229938273.3dcart.net,timeout,,False,0,0,False
1229988211.3dcart.net,timeout,,False,0,0,False
12310181641.3dcart.net,timeout,,False,0,0,False
12310381994.3dcart.net,timeout,,False,0,0,False
1231042062.3dcart.net,timeout,,False,0,0,False
1231090613.3dcart.net,timeout,,False,0,0,False
123109441.3dcart.net,timeout,,False,0,0,False
123117757.3dcart.net,timeout,,False,0,0,False
12311785833.3dcart.net,timeout,,False,0,0,False
1231188787.3dcart.net,timeout,,False,0,0,False
12312127584.3dcart.net,timeout,,False,0,0,False
12312157039.3dcart.net,timeout,,False,0,0,False
1231215743.3dcart.net,timeout,,False,0,0,False
12312159923.3dcart.net,timeout,,False,0,0,False
12312169816.3dcart.net,timeout,,False,0,0,False
12312193167.3dcart.net,timeout,,False,0,0,False
12312206396.3dcart.net,timeout,,False,0,0,False
12312260494.3dcart.net,timeout,,False,0,0,False
12312266076.3dcart.net,timeout,,False,0,0,False
12312329061.3dcart.net,timeout,,False,0,0,False
1231233088.3dcart.net,timeout,,False,0,0,False
12312341172.3dcart.net,timeout,,False,0,0,False
12312341274.3dcart.net,timeout,,False,0,0,False
12312385381.3dcart.net,timeout,,False,0,0,False
1231239908.3dcart.net,timeout,,False,0,0,False
12312424698.3dcart.net,timeout,,False,0,0,False
12312445664.3dcart.net,timeout,,False,0,0,False
12312449590.3dcart.net,timeout,,False,0,0,False
12312492499.3dcart.net,timeout,,False,0,0,False
12312495738.3dcart.net,timeout,,False,0,0,False
12312552453.3dcart.net,timeout,,False,0,0,False
12312573151.3dcart.net,timeout,,False,0,0,False
1231257933.3dcart.net,timeout,,False,0,0,False
12312582855.3dcart.net,timeout,,False,0,0,False
1231259637.3dcart.net,timeout,,False,0,0,False
12312631310.3dcart.net,timeout,,False,0,0,False
12312635280.3dcart.net,timeout,,False,0,0,False
12312637314.3dcart.net,timeout,,False,0,0,False
12312640908.3dcart.net,timeout,,False,0,0,False
12312706093.3dcart.net,timeout,,False,0,0,False
12312708321.3dcart.net,timeout,,False,0,0,False
1231271508.3dcart.net,timeout,,False,0,0,False
12312781627.3dcart.net,timeout,,False,0,0,False
12312794759.3dcart.net,timeout,,False,0,0,False
12312833715.3dcart.net,timeout,,False,0,0,False
12312842926.3dcart.net,timeout,,False,0,0,False
12312885796.3dcart.net,timeout,,False,0,0,False
12312889914.3dcart.net,timeout,,False,0,0,False
1231292835.3dcart.net,timeout,,False,0,0,False
12312954544.3dcart.net,timeout,,False,0,0,False
12312957275.3dcart.net,timeout,,False,0,0,False
12312970236.3dcart.net,timeout,,False,0,0,False
12312974151.3dcart.net,timeout,,False,0,0,False
12312987528.3dcart.net,timeout,,False,0,0,False
12315401510.3dcart.net,timeout,,False,0,0,False
12315419027.3dcart.net,timeout,,False,0,0,False
12315505005.3dcart.net,timeout,,False,0,0,False
12315510183.3dcart.net,timeout,,False,0,0,False
12315552987.3dcart.net,timeout,,False,0,0,False
12315587097.3dcart.net,timeout,,False,0,0,False
12315600647.3dcart.net,timeout,,False,0,0,False
12315624350.3dcart.net,timeout,,False,0,0,False
123156324.3dcart.net,timeout,,False,0,0,False
12315639519.3dcart.net,timeout,,False,0,0,False
12315649226.3dcart.net,timeout,,False,0,0,False
12315669335.3dcart.net,timeout,,False,0,0,False
12315705663.3dcart.net,timeout,,False,0,0,False
12315755440.3dcart.net,timeout,,False,0,0,False
12315774099.3dcart.net,timeout,,False,0,0,False
12315850670.3dcart.net,timeout,,False,0,0,False
12315869201.3dcart.net,timeout,,False,0,0,False
1231595953.3dcart.net,timeout,,False,0,0,False
12315999537.3dcart.net,timeout,,False,0,0,False
12317519760.3dcart.net,timeout,,False,0,0,False
12319109767.3dcart.net,timeout,,False,0,0,False
12319126611.3dcart.net,timeout,,False,0,0,False
12319169272.3dcart.net,timeout,,False,0,0,False
12319234671.3dcart.net,timeout,,False,0,0,False
12319253673.3dcart.net,timeout,,False,0,0,False
12319255820.3dcart.net,timeout,,False,0,0,False
1231926834.3dcart.net,timeout,,False,0,0,False
12319279816.3dcart.net,timeout,,False,0,0,False
12319430167.3dcart.net,timeout,,False,0,0,False
1231948272.3dcart.net,timeout,,False,0,0,False
12319608495.3dcart.net,timeout,,False,0,0,False
1231964754.3dcart.net,timeout,,False,0,0,False
12319656733.3dcart.net,timeout,,False,0,0,False
1231966229.3dcart.net,timeout,,False,0,0,False
12319732503.3dcart.net,timeout,,False,0,0,False
12319748652.3dcart.net,timeout,,False,0,0,False
123198256.3dcart.net,timeout,,False,0,0,False
12319827825.3dcart.net,timeout,,False,0,0,False
12319947448.3dcart.net,timeout,,False,0,0,False
12319956198.3dcart.net,timeout,,False,0,0,False
12319963491.3dcart.net,timeout,,False,0,0,False
12319986013.3dcart.net,timeout,,False,0,0,False
12319997185.3dcart.net,timeout,,False,0,0,False
12320202663.3dcart.net,timeout,,False,0,0,False
12320220191.3dcart.net,timeout,,False,0,0,False
12320324960.3dcart.net,timeout,,False,0,0,False
12320495067.3dcart.net,timeout,,False,0,0,False
12320712072.3dcart.net,timeout,,False,0,0,False
12320735299.3dcart.net,timeout,,False,0,0,False
12320910269.3dcart.net,timeout,,False,0,0,False
12320950399.3dcart.net,timeout,,False,0,0,False
12325100902.3dcart.net,timeout,,False,0,0,False
12325129953.3dcart.net,timeout,,False,0,0,False
12325204194.3dcart.net,timeout,,False,0,0,False
1232522882.3dcart.net,timeout,,False,0,0,False
12325240113.3dcart.net,timeout,,False,0,0,False
12325275498.3dcart.net,timeout,,False,0,0,False
12325311209.3dcart.net,timeout,,False,0,0,False
12325335870.3dcart.net,timeout,,False,0,0,False
12325379771.3dcart.net,timeout,,False,0,0,False
12325390518.3dcart.net,timeout,,False,0,0,False
12325394949.3dcart.net,timeout,,False,0,0,False
12325428534.3dcart.net,timeout,,False,0,0,False
12325446239.3dcart.net,timeout,,False,0,0,False
12325485545.3dcart.net,timeout,,False,0,0,False
12325557063.3dcart.net,timeout,,False,0,0,False
12325577459.3dcart.net,timeout,,False,0,0,False
12325621358.3dcart.net,timeout,,False,0,0,False
12325653191.3dcart.net,timeout,,False,0,0,False
12325664866.3dcart.net,timeout,,False,0,0,False
12325727971.3dcart.net,timeout,,False,0,0,False
12325730327.3dcart.net,timeout,,False,0,0,False
1232575217.3dcart.net,timeout,,False,0,0,False
12325763558.3dcart.net,timeout,,False,0,0,False
12325773916.3dcart.net,timeout,,False,0,0,False
12325798370.3dcart.net,timeout,,False,0,0,False
12325935494.3dcart.net,timeout,,False,0,0,False
12325970840.3dcart.net,timeout,,False,0,0,False
12326115469.3dcart.net,timeout,,False,0,0,False
12326138688.3dcart.net,timeout,,False,0,0,False
12326173209.3dcart.net,timeout,,False,0,0,False
12326176520.3dcart.net,timeout,,False,0,0,False
12326217840.3dcart.net,timeout,,False,0,0,False
12326318116.3dcart.net,timeout,,False,0,0,False
12326475988.3dcart.net,timeout,,False,0,0,False
12326543722.3dcart.net,timeout,,False,0,0,False
12326742880.3dcart.net,timeout,,False,0,0,False
12326796138.3dcart.net,timeout,,False,0,0,False
12326796432.3dcart.net,timeout,,False,0,0,False
12326798269.3dcart.net,timeout,,False,0,0,False
12326840841.3dcart.net,timeout,,False,0,0,False
12326861626.3dcart.net,timeout,,False,0,0,False
12326972717.3dcart.net,timeout,,False,0,0,False
12328370870.3dcart.net,timeout,,False,0,0,False
12329100379.3dcart.net,timeout,,False,0,0,False
12329105424.3dcart.net,timeout,,False,0,0,False
12329106314.3dcart.net,timeout,,False,0,0,False
1232916638.3dcart.net,timeout,,False,0,0,False
12329397563.3dcart.net,timeout,,False,0,0,False
12329512426.3dcart.net,timeout,,False,0,0,False
12329616867.3dcart.net,timeout,,False,0,0,False
12329794744.3dcart.net,timeout,,False,0,0,False
12329809713.3dcart.net,timeout,,False,0,0,False
12329851812.3dcart.net,timeout,,False,0,0,False
12331202932.3dcart.net,timeout,,False,0,0,False
12331294902.3dcart.net,timeout,,False,0,0,False
12331395508.3dcart.net,timeout,,False,0,0,False
12331653998.3dcart.net,timeout,,False,0,0,False
12331675186.3dcart.net,timeout,,False,0,0,False
12331691656.3dcart.net,timeout,,False,0,0,False
12331731735.3dcart.net,timeout,,False,0,0,False
12331805273.3dcart.net,timeout,,False,0,0,False
12331998693.3dcart.net,timeout,,False,0,0,False
1234511664.3dcart.net,timeout,,False,0,0,False
1235107189.3dcart.net,timeout,,False,0,0,False
1235134756.3dcart.net,timeout,,False,0,0,False
1235141043.3dcart.net,timeout,,False,0,0,False
123514350.3dcart.net,timeout,,False,0,0,False
1235146292.3dcart.net,timeout,,False,0,0,False
1235148291.3dcart.net,timeout,,False,0,0,False
1235167520.3dcart.net,timeout,,False,0,0,False
1235177285.3dcart.net,timeout,,False,0,0,False
123520377.3dcart.net,timeout,,False,0,0,False
123521139.3dcart.net,timeout,,False,0,0,False
1235215048.3dcart.net,timeout,,False,0,0,False
1235230963.3dcart.net,timeout,,False,0,0,False
1235236741.3dcart.net,timeout,,False,0,0,False
1235255356.3dcart.net,timeout,,False,0,0,False
1235289221.3dcart.net,timeout,,False,0,0,False
1235300766.3dcart.net,timeout,,False,0,0,False
1235309762.3dcart.net,timeout,,False,0,0,False
1235322510.3dcart.net,timeout,,False,0,0,False
1235330667.3dcart.net,timeout,,False,0,0,False
1235338400.3dcart.net,timeout,,False,0,0,False
1235342952.3dcart.net,timeout,,False,0,0,False
1235363175.3dcart.net,timeout,,False,0,0,False
1235385278.3dcart.net,timeout,,False,0,0,False
1235401144.3dcart.net,timeout,,False,0,0,False
1235410503.3dcart.net,timeout,,False,0,0,False
1235426418.3dcart.net,timeout,,False,0,0,False
1235491296.3dcart.net,timeout,,False,0,0,False
1235492819.3dcart.net,timeout,,False,0,0,False
1235504324.3dcart.net,timeout,,False,0,0,False
1235508235.3dcart.net,timeout,,False,0,0,False
1235527222.3dcart.net,timeout,,False,0,0,False
123554252.3dcart.net,timeout,,False,0,0,False
1235560100.3dcart.net,timeout,,False,0,0,False
1235616817.3dcart.net,timeout,,False,0,0,False
1235621887.3dcart.net,timeout,,False,0,0,False
1235623205.3dcart.net,timeout,,False,0,0,False
1235627380.3dcart.net,timeout,,False,0,0,False
1235630010.3dcart.net,timeout,,False,0,0,False
1235643304.3dcart.net,timeout,,False,0,0,False
1235644836.3dcart.net,timeout,,False,0,0,False
1235658452.3dcart.net,timeout,,False,0,0,False
1235665213.3dcart.net,timeout,,False,0,0,False
1235671738.3dcart.net,timeout,,False,0,0,False
123569057.3dcart.net,timeout,,False,0,0,False
1235709051.3dcart.net,timeout,,False,0,0,False
1235720635.3dcart.net,timeout,,False,0,0,False
123572897.3dcart.net,timeout,,False,0,0,False
1235738030.3dcart.net,timeout,,False,0,0,False
1235764928.3dcart.net,timeout,,False,0,0,False
1235769969.3dcart.net,timeout,,False,0,0,False
123577475.3dcart.net,timeout,,False,0,0,False
1235776312.3dcart.net,timeout,,False,0,0,False
1235779632.3dcart.net,timeout,,False,0,0,False
1235791290.3dcart.net,timeout,,False,0,0,False
1235794673.3dcart.net,timeout,,False,0,0,False
1235815303.3dcart.net,timeout,,False,0,0,False
1235834450.3dcart.net,timeout,,False,0,0,False
1235838216.3dcart.net,timeout,,False,0,0,False
1235854848.3dcart.net,timeout,,False,0,0,False
1235866385.3dcart.net,timeout,,False,0,0,False
1235874013.3dcart.net,timeout,,False,0,0,False
123589731.3dcart.net,timeout,,False,0,0,False
1235908473.3dcart.net,timeout,,False,0,0,False
1235935814.3dcart.net,timeout,,False,0,0,False
1235940425.3dcart.net,timeout,,False,0,0,False
1235942910.3dcart.net,timeout,,False,0,0,False
1235948949.3dcart.net,timeout,,False,0,0,False
1235969106.3dcart.net,timeout,,False,0,0,False
1235991017.3dcart.net,timeout,,False,0,0,False
1235991130.3dcart.net,timeout,,False,0,0,False
123599300.3dcart.net,timeout,,False,0,0,False
123639384.3dcart.net,timeout,,False,0,0,False
1236513347.3dcart.net,timeout,,False,0,0,False
1236995951.3dcart.net,timeout,,False,0,0,False
1239952248.3dcart.net,timeout,,False,0,0,False
12411102530.3dcart.net,timeout,,False,0,0,False
12411254157.3dcart.net,timeout,,False,0,0,False
12411288169.3dcart.net,timeout,,False,0,0,False
12411420828.3dcart.net,timeout,,False,0,0,False
12411458161.3dcart.net,timeout,,False,0,0,False
12411480678.3dcart.net,timeout,,False,0,0,False
12411653601.3dcart.net,timeout,,False,0,0,False
1241166260.3dcart.net,timeout,,False,0,0,False
12411708084.3dcart.net,timeout,,False,0,0,False
12411723607.3dcart.net,timeout,,False,0,0,False
12411888192.3dcart.net,timeout,,False,0,0,False
12411934291.3dcart.net,timeout,,False,0,0,False
12411960373.3dcart.net,timeout,,False,0,0,False
12411975769.3dcart.net,timeout,,False,0,0,False
1241220913.3dcart.net,timeout,,False,0,0,False
12412620235.3dcart.net,timeout,,False,0,0,False
12412926193.3dcart.net,timeout,,False,0,0,False
12413231919.3dcart.net,timeout,,False,0,0,False
12413610072.3dcart.net,timeout,,False,0,0,False
12414158066.3dcart.net,timeout,,False,0,0,False
12414470287.3dcart.net,timeout,,False,0,0,False
12415113519.3dcart.net,timeout,,False,0,0,False
12415234909.3dcart.net,timeout,,False,0,0,False
12415623937.3dcart.net,timeout,,False,0,0,False
12416635234.3dcart.net,timeout,,False,0,0,False
1241670593.3dcart.net,timeout,,False,0,0,False
12418207428.3dcart.net,timeout,,False,0,0,False
12418244867.3dcart.net,timeout,,False,0,0,False
12418485850.3dcart.net,timeout,,False,0,0,False
12418615097.3dcart.net,timeout,,False,0,0,False
12418690863.3dcart.net,timeout,,False,0,0,False
12418743770.3dcart.net,timeout,,False,0,0,False
1241886874.3dcart.net,timeout,,False,0,0,False
12418911306.3dcart.net,timeout,,False,0,0,False
12418921975.3dcart.net,timeout,,False,0,0,False
12419677241.3dcart.net,timeout,,False,0,0,False
12419833379.3dcart.net,timeout,,False,0,0,False
12420108636.3dcart.net,timeout,,False,0,0,False
12420825378.3dcart.net,timeout,,False,0,0,False
12420868068.3dcart.net,timeout,,False,0,0,False
1242227341.3dcart.net,timeout,,False,0,0,False
1242229696.3dcart.net,timeout,,False,0,0,False
12422569098.3dcart.net,timeout,,False,0,0,False
1242275808.3dcart.net,timeout,,False,0,0,False
1242418511.3dcart.net,timeout,,False,0,0,False
1242418859.3dcart.net,timeout,,False,0,0,False
124244729.3dcart.net,timeout,,False,0,0,False
1242452530.3dcart.net,timeout,,False,0,0,False
1242500301.3dcart.net,timeout,,False,0,0,False
12425291329.3dcart.net,timeout,,False,0,0,False
124254727.3dcart.net,timeout,,False,0,0,False
12425571518.3dcart.net,timeout,,False,0,0,False
1242649468.3dcart.net,timeout,,False,0,0,False
124267908.3dcart.net,timeout,,False,0,0,False
1242705572.3dcart.net,timeout,,False,0,0,False
1242890753.3dcart.net,timeout,,False,0,0,False
1242967489.3dcart.net,timeout,,False,0,0,False
1244149802.3dcart.net,timeout,,False,0,0,False
1244321893.3dcart.net,timeout,,False,0,0,False
1244407706.3dcart.net,timeout,,False,0,0,False
1244502498.3dcart.net,timeout,,False,0,0,False
1244559219.3dcart.net,timeout,,False,0,0,False
1245371089.3dcart.net,timeout,,False,0,0,False
1245723048.3dcart.net,timeout,,False,0,0,False
1246390564.3dcart.net,timeout,,False,0,0,False
1246762192.3dcart.net,timeout,,False,0,0,False
1247132590.3dcart.net,timeout,,False,0,0,False
1247400498.3dcart.net,timeout,,False,0,0,False
1248376201.3dcart.net,timeout,,False,0,0,False
1248603921.3dcart.net,timeout,,False,0,0,False
1248619070.3dcart.net,timeout,,False,0,0,False
1248854393.3dcart.net,timeout,,False,0,0,False
1248943888.3dcart.net,timeout,,False,0,0,False
1248985875.3dcart.net,timeout,,False,0,0,False
1249179581.3dcart.net,timeout,,False,0,0,False
1249196021.3dcart.net,timeout,,False,0,0,False
1249392736.3dcart.net,timeout,,False,0,0,False
1249464148.3dcart.net,timeout,,False,0,0,False
1249637218.3dcart.net,timeout,,False,0,0,False
1249671229.3dcart.net,timeout,,False,0,0,False
1249802780.3dcart.net,timeout,,False,0,0,False
1249824193.3dcart.net,timeout,,False,0,0,False
12511473074.3dcart.net,timeout,,False,0,0,False
12512126328.3dcart.net,timeout,,False,0,0,False
12514106759.3dcart.net,timeout,,False,0,0,False
12514125692.3dcart.net,timeout,,False,0,0,False
12514140558.3dcart.net,timeout,,False,0,0,False
12514152400.3dcart.net,timeout,,False,0,0,False
12514197373.3dcart.net,timeout,,False,0,0,False
12514198523.3dcart.net,timeout,,False,0,0,False
12514222687.3dcart.net,timeout,,False,0,0,False
12514271539.3dcart.net,timeout,,False,0,0,False
12514333703.3dcart.net,timeout,,False,0,0,False
12514353424.3dcart.net,timeout,,False,0,0,False
12514354653.3dcart.net,timeout,,False,0,0,False
12514361512.3dcart.net,timeout,,False,0,0,False
12514365810.3dcart.net,timeout,,False,0,0,False
12514386139.3dcart.net,timeout,,False,0,0,False
12514428014.3dcart.net,timeout,,False,0,0,False
12514487305.3dcart.net,timeout,,False,0,0,False
1251451187.3dcart.net,timeout,,False,0,0,False
12514526360.3dcart.net,timeout,,False,0,0,False
12514601385.3dcart.net,timeout,,False,0,0,False
12514609126.3dcart.net,timeout,,False,0,0,False
12514672064.3dcart.net,timeout,,False,0,0,False
12514782217.3dcart.net,timeout,,False,0,0,False
1251487957.3dcart.net,timeout,,False,0,0,False
12514915766.3dcart.net,timeout,,False,0,0,False
1251493334.3dcart.net,timeout,,False,0,0,False
12514939949.3dcart.net,timeout,,False,0,0,False
12514982223.3dcart.net,timeout,,False,0,0,False
12516261241.3dcart.net,timeout,,False,0,0,False
12517200708.3dcart.net,timeout,,False,0,0,False
1251770018.3dcart.net,timeout,,False,0,0,False
12517726318.3dcart.net,timeout,,False,0,0,False
1251773889.3dcart.net,timeout,,False,0,0,False
1251778391.3dcart.net,timeout,,False,0,0,False
12517921807.3dcart.net,timeout,,False,0,0,False
12517993767.3dcart.net,timeout,,False,0,0,False
1252018271.3dcart.net,timeout,,False,0,0,False
12520798706.3dcart.net,timeout,,False,0,0,False
12521640493.3dcart.net,timeout,,False,0,0,False
12523169851.3dcart.net,timeout,,False,0,0,False
12523252008.3dcart.net,timeout,,False,0,0,False
12523499197.3dcart.net,timeout,,False,0,0,False
12523563365.3dcart.net,timeout,,False,0,0,False
12523745987.3dcart.net,timeout,,False,0,0,False
12525155249.3dcart.net,timeout,,False,0,0,False
12525481680.3dcart.net,timeout,,False,0,0,False
12525603293.3dcart.net,timeout,,False,0,0,False
12525736318.3dcart.net,timeout,,False,0,0,False
12528300934.3dcart.net,timeout,,False,0,0,False
12528648524.3dcart.net,timeout,,False,0,0,False
12530316260.3dcart.net,timeout,,False,0,0,False
12530336050.3dcart.net,timeout,,False,0,0,False
12530510269.3dcart.net,timeout,,False,0,0,False
12530628032.3dcart.net,timeout,,False,0,0,False
12530759911.3dcart.net,timeout,,False,0,0,False
12530843643.3dcart.net,timeout,,False,0,0,False
1258195990.3dcart.net,timeout,,False,0,0,False
125975034.3dcart.net,timeout,,False,0,0,False
1261124034.3dcart.net,timeout,,False,0,0,False
12613105541.3dcart.net,timeout,,False,0,0,False
12613218985.3dcart.net,timeout,,False,0,0,False
12613319992.3dcart.net,timeout,,False,0,0,False
12613364188.3dcart.net,timeout,,False,0,0,False
12613495326.3dcart.net,timeout,,False,0,0,False
12613575448.3dcart.net,timeout,,False,0,0,False
12613713553.3dcart.net,timeout,,False,0,0,False
12613857106.3dcart.net,timeout,,False,0,0,False
12616186529.3dcart.net,timeout,,False,0,0,False
12616419296.3dcart.net,timeout,,False,0,0,False
12616613170.3dcart.net,timeout,,False,0,0,False
12616740718.3dcart.net,timeout,,False,0,0,False
12616938166.3dcart.net,timeout,,False,0,0,False
12617910721.3dcart.net,timeout,,False,0,0,False
1262044229.3dcart.net,timeout,,False,0,0,False
12620560445.3dcart.net,timeout,,False,0,0,False
12621410956.3dcart.net,timeout,,False,0,0,False
12621840279.3dcart.net,timeout,,False,0,0,False
12623356878.3dcart.net,timeout,,False,0,0,False
12623943838.3dcart.net,timeout,,False,0,0,False
12628511312.3dcart.net,timeout,,False,0,0,False
12629219986.3dcart.net,timeout,,False,0,0,False
12629357993.3dcart.net,timeout,,False,0,0,False
12630394634.3dcart.net,timeout,,False,0,0,False
12630952141.3dcart.net,timeout,,False,0,0,False
1264422555.3dcart.net,timeout,,False,0,0,False
1264543808.3dcart.net,timeout,,False,0,0,False
1264957970.3dcart.net,timeout,,False,0,0,False
1265198343.3dcart.net,timeout,,False,0,0,False
1265389563.3dcart.net,timeout,,False,0,0,False
1265808822.3dcart.net,timeout,,False,0,0,False
1266192917.3dcart.net,timeout,,False,0,0,False
12710779368.3dcart.net,timeout,,False,0,0,False
1271170792.3dcart.net,timeout,,False,0,0,False
12711843963.3dcart.net,timeout,,False,0,0,False
1271286152.3dcart.net,timeout,,False,0,0,False
12714930664.3dcart.net,timeout,,False,0,0,False
12715746425.3dcart.net,timeout,,False,0,0,False
12718253464.3dcart.net,timeout,,False,0,0,False
12718480464.3dcart.net,timeout,,False,0,0,False
12719130367.3dcart.net,timeout,,False,0,0,False
12719131433.3dcart.net,timeout,,False,0,0,False
1271982129.3dcart.net,timeout,,False,0,0,False
1271987999.3dcart.net,timeout,,False,0,0,False
12720484048.3dcart.net,timeout,,False,0,0,False
12721275803.3dcart.net,timeout,,False,0,0,False
12721408229.3dcart.net,timeout,,False,0,0,False
12722364044.3dcart.net,timeout,,False,0,0,False
12722860466.3dcart.net,timeout,,False,0,0,False
12723788310.3dcart.net,timeout,,False,0,0,False
12725348257.3dcart.net,timeout,,False,0,0,False
1272625345.3dcart.net,timeout,,False,0,0,False
12726603719.3dcart.net,timeout,,False,0,0,False
12727653926.3dcart.net,timeout,,False,0,0,False
12728793356.3dcart.net,timeout,,False,0,0,False
12729440009.3dcart.net,timeout,,False,0,0,False
12729882833.3dcart.net,timeout,,False,0,0,False
12730371527.3dcart.net,timeout,,False,0,0,False
12730916100.3dcart.net,timeout,,False,0,0,False
1273876931.3dcart.net,timeout,,False,0,0,False
1274398978.3dcart.net,timeout,,False,0,0,False
1275165002.3dcart.net,timeout,,False,0,0,False
1275569016.3dcart.net,timeout,,False,0,0,False
1277293527.3dcart.net,timeout,,False,0,0,False
1277729208.3dcart.net,timeout,,False,0,0,False
1278735021.3dcart.net,timeout,,False,0,0,False
1279744836.3dcart.net,timeout,,False,0,0,False
12811374731.3dcart.net,timeout,,False,0,0,False
12811699117.3dcart.net,timeout,,False,0,0,False
12811873024.3dcart.net,timeout,,False,0,0,False
12813479019.3dcart.net,timeout,,False,0,0,False
1281612290.3dcart.net,timeout,,False,0,0,False
12816425609.3dcart.net,timeout,,False,0,0,False
12817104364.3dcart.net,timeout,,False,0,0,False
12822994735.3dcart.net,timeout,,False,0,0,False
12823167642.3dcart.net,timeout,,False,0,0,False
12823853154.3dcart.net,timeout,,False,0,0,False
12824174951.3dcart.net,timeout,,False,0,0,False
12825568939.3dcart.net,timeout,,False,0,0,False
12826724709.3dcart.net,timeout,,False,0,0,False
12827778417.3dcart.net,timeout,,False,0,0,False
12828517990.3dcart.net,timeout,,False,0,0,False
12829136679.3dcart.net,timeout,,False,0,0,False
1282922740.3dcart.net,timeout,,False,0,0,False
12829334634.3dcart.net,timeout,,False,0,0,False
12829514685.3dcart.net,timeout,,False,0,0,False
12829816686.3dcart.net,timeout,,False,0,0,False
1283718465.3dcart.net,timeout,,False,0,0,False
1286925850.3dcart.net,timeout,,False,0,0,False
1287460790.3dcart.net,timeout,,False,0,0,False
1287496658.3dcart.net,timeout,,False,0,0,False
1287908483.3dcart.net,timeout,,False,0,0,False
1289133612.3dcart.net,timeout,,False,0,0,False
1289148102.3dcart.net,timeout,,False,0,0,False
1289780432.3dcart.net,timeout,,False,0,0,False
129117050.3dcart.net,timeout,,False,0,0,False
12911978383.3dcart.net,timeout,,False,0,0,False
12912372354.3dcart.net,timeout,,False,0,0,False
12913116064.3dcart.net,timeout,,False,0,0,False
12915830119.3dcart.net,timeout,,False,0,0,False
1291702922.3dcart.net,timeout,,False,0,0,False
12918363622.3dcart.net,timeout,,False,0,0,False
1292037873.3dcart.net,timeout,,False,0,0,False
12920722860.3dcart.net,timeout,,False,0,0,False
12920864873.3dcart.net,timeout,,False,0,0,False
12921252284.3dcart.net,timeout,,False,0,0,False
12922783590.3dcart.net,timeout,,False,0,0,False
12923443939.3dcart.net,timeout,,False,0,0,False
12923750387.3dcart.net,timeout,,False,0,0,False
12925578990.3dcart.net,timeout,,False,0,0,False
12925895488.3dcart.net,timeout,,False,0,0,False
1292669347.3dcart.net,timeout,,False,0,0,False
12927563375.3dcart.net,timeout,,False,0,0,False
12928238755.3dcart.net,timeout,,False,0,0,False
12928353339.3dcart.net,timeout,,False,0,0,False
12928723916.3dcart.net,timeout,,False,0,0,False
1292929786.3dcart.net,timeout,,False,0,0,False
12929990321.3dcart.net,timeout,,False,0,0,False
12930441152.3dcart.net,timeout,,False,0,0,False
1293047616.3dcart.net,timeout,,False,0,0,False
1293092077.3dcart.net,timeout,,False,0,0,False
12930930491.3dcart.net,timeout,,False,0,0,False
1297239722.3dcart.net,timeout,,False,0,0,False
1297742528.3dcart.net,timeout,,False,0,0,False
1299165778.3dcart.net,timeout,,False,0,0,False
131010291497.3dcart.net,timeout,,False,0,0,False
131010524287.3dcart.net,timeout,,False,0,0,False
131011438699.3dcart.net,timeout,,False,0,0,False
131011949427.3dcart.net,timeout,,False,0,0,False
131012282543.3dcart.net,timeout,,False,0,0,False
131013395026.3dcart.net,timeout,,False,0,0,False
131014868935.3dcart.net,timeout,,False,0,0,False
131015444387.3dcart.net,timeout,,False,0,0,False
131015943176.3dcart.net,timeout,,False,0,0,False
131017243491.3dcart.net,timeout,,False,0,0,False
131018121359.3dcart.net,timeout,,False,0,0,False
1310182381.3dcart.net,timeout,,False,0,0,False
131018771032.3dcart.net,timeout,,False,0,0,False
131021572311.3dcart.net,timeout,,False,0,0,False
1310258240.3dcart.net,timeout,,False,0,0,False
131026556863.3dcart.net,timeout,,False,0,0,False
131027252498.3dcart.net,timeout,,False,0,0,False
131027711950.3dcart.net,timeout,,False,0,0,False
13102822594.3dcart.net,timeout,,False,0,0,False
13102912161.3dcart.net,timeout,,False,0,0,False
13102915102.3dcart.net,timeout,,False,0,0,False
13103658974.3dcart.net,timeout,,False,0,0,False
13103871527.3dcart.net,timeout,,False,0,0,False
13104367346.3dcart.net,timeout,,False,0,0,False
13105799965.3dcart.net,timeout,,False,0,0,False
13106105979.3dcart.net,timeout,,False,0,0,False
13106469742.3dcart.net,timeout,,False,0,0,False
13107228507.3dcart.net,timeout,,False,0,0,False
13108548376.3dcart.net,timeout,,False,0,0,False
13109782568.3dcart.net,timeout,,False,0,0,False
13110191925.3dcart.net,timeout,,False,0,0,False
13110424805.3dcart.net,timeout,,False,0,0,False
131111508843.3dcart.net,timeout,,False,0,0,False
131112780019.3dcart.net,timeout,,False,0,0,False
131117831670.3dcart.net,timeout,,False,0,0,False
131118174221.3dcart.net,timeout,,False,0,0,False
131119207617.3dcart.net,timeout,,False,0,0,False
13112131206.3dcart.net,timeout,,False,0,0,False
131121449845.3dcart.net,timeout,,False,0,0,False
131121736242.3dcart.net,timeout,,False,0,0,False
13112460424.3dcart.net,timeout,,False,0,0,False
131124731460.3dcart.net,timeout,,False,0,0,False
131124797389.3dcart.net,timeout,,False,0,0,False
131125171118.3dcart.net,timeout,,False,0,0,False
131126518835.3dcart.net,timeout,,False,0,0,False
13112688064.3dcart.net,timeout,,False,0,0,False
13112795511.3dcart.net,timeout,,False,0,0,False
13112802712.3dcart.net,timeout,,False,0,0,False
131128682687.3dcart.net,timeout,,False,0,0,False
13113716710.3dcart.net,timeout,,False,0,0,False
13114271057.3dcart.net,timeout,,False,0,0,False
13114611328.3dcart.net,timeout,,False,0,0,False
1311615830.3dcart.net,timeout,,False,0,0,False
13116464105.3dcart.net,timeout,,False,0,0,False
13116902715.3dcart.net,timeout,,False,0,0,False
1311769555.3dcart.net,timeout,,False,0,0,False
13120173944.3dcart.net,timeout,,False,0,0,False
13120397225.3dcart.net,timeout,,False,0,0,False
131210939270.3dcart.net,timeout,,False,0,0,False
131211530899.3dcart.net,timeout,,False,0,0,False
13121350666.3dcart.net,timeout,,False,0,0,False
131213540238.3dcart.net,timeout,,False,0,0,False
131213914632.3dcart.net,timeout,,False,0,0,False
131214146216.3dcart.net,timeout,,False,0,0,False
131215127752.3dcart.net,timeout,,False,0,0,False
131217251901.3dcart.net,timeout,,False,0,0,False
131220709967.3dcart.net,timeout,,False,0,0,False
131221607229.3dcart.net,timeout,,False,0,0,False
13122486291.3dcart.net,timeout,,False,0,0,False
131225166998.3dcart.net,timeout,,False,0,0,False
131225333639.3dcart.net,timeout,,False,0,0,False
13122536576.3dcart.net,timeout,,False,0,0,False
131225483444.3dcart.net,timeout,,False,0,0,False
131225587489.3dcart.net,timeout,,False,0,0,False
13122715530.3dcart.net,timeout,,False,0,0,False
13122909768.3dcart.net,timeout,,False,0,0,False
131230404700.3dcart.net,timeout,,False,0,0,False
1312487518.3dcart.net,timeout,,False,0,0,False
13125413079.3dcart.net,timeout,,False,0,0,False
1312619512.3dcart.net,timeout,,False,0,0,False
13126401744.3dcart.net,timeout,,False,0,0,False
13127123755.3dcart.net,timeout,,False,0,0,False
13127561768.3dcart.net,timeout,,False,0,0,False
13127667531.3dcart.net,timeout,,False,0,0,False
13127965582.3dcart.net,timeout,,False,0,0,False
13128651937.3dcart.net,timeout,,False,0,0,False
13129738012.3dcart.net,timeout,,False,0,0,False
13130488152.3dcart.net,timeout,,False,0,0,False
13131518240.3dcart.net,timeout,,False,0,0,False
1316487860.3dcart.net,timeout,,False,0,0,False
1316556588.3dcart.net,timeout,,False,0,0,False
1316996496.3dcart.net,timeout,,False,0,0,False
13210131112.3dcart.net,timeout,,False,0,0,False
13210309368.3dcart.net,timeout,,False,0,0,False
13210416162.3dcart.net,timeout,,False,0,0,False
1321091446.3dcart.net,timeout,,False,0,0,False
13212142502.3dcart.net,timeout,,False,0,0,False
13212390335.3dcart.net,timeout,,False,0,0,False
13212650778.3dcart.net,timeout,,False,0,0,False
13212696243.3dcart.net,timeout,,False,0,0,False
13212789116.3dcart.net,timeout,,False,0,0,False
13212871176.3dcart.net,timeout,,False,0,0,False
1321350533.3dcart.net,timeout,,False,0,0,False
13213559225.3dcart.net,timeout,,False,0,0,False
1321410580.3dcart.net,timeout,,False,0,0,False
13215297128.3dcart.net,timeout,,False,0,0,False
13216548760.3dcart.net,timeout,,False,0,0,False
13216975382.3dcart.net,timeout,,False,0,0,False
13218180413.3dcart.net,timeout,,False,0,0,False
1321847791.3dcart.net,timeout,,False,0,0,False
13219378806.3dcart.net,timeout,,False,0,0,False
13219480874.3dcart.net,timeout,,False,0,0,False
1322115575.3dcart.net,timeout,,False,0,0,False
13223826757.3dcart.net,timeout,,False,0,0,False
1322426053.3dcart.net,timeout,,False,0,0,False
1322431603.3dcart.net,timeout,,False,0,0,False
13224375205.3dcart.net,timeout,,False,0,0,False
1322452170.3dcart.net,timeout,,False,0,0,False
13225316681.3dcart.net,timeout,,False,0,0,False
13225382394.3dcart.net,timeout,,False,0,0,False
13225752951.3dcart.net,timeout,,False,0,0,False
13227221746.3dcart.net,timeout,,False,0,0,False
13227286022.3dcart.net,timeout,,False,0,0,False
13227619665.3dcart.net,timeout,,False,0,0,False
13227783981.3dcart.net,timeout,,False,0,0,False
13228625249.3dcart.net,timeout,,False,0,0,False
1322968850.3dcart.net,timeout,,False,0,0,False
1323231705.3dcart.net,timeout,,False,0,0,False
1323762253.3dcart.net,timeout,,False,0,0,False
1324248328.3dcart.net,timeout,,False,0,0,False
1324898535.3dcart.net,timeout,,False,0,0,False
132492688.3dcart.net,timeout,,False,0,0,False
1324933080.3dcart.net,timeout,,False,0,0,False
1325594504.3dcart.net,timeout,,False,0,0,False
1326105388.3dcart.net,timeout,,False,0,0,False
1326251583.3dcart.net,timeout,,False,0,0,False
1327748586.3dcart.net,timeout,,False,0,0,False
1328216665.3dcart.net,timeout,,False,0,0,False
1328611275.3dcart.net,timeout,,False,0,0,False
13311133050.3dcart.net,timeout,,False,0,0,False
13311192572.3dcart.net,timeout,,False,0,0,False
13311281213.3dcart.net,timeout,,False,0,0,False
13311312679.3dcart.net,timeout,,False,0,0,False
1331357364.3dcart.net,timeout,,False,0,0,False
1331357959.3dcart.net,timeout,,False,0,0,False
13313771942.3dcart.net,timeout,,False,0,0,False
13314450982.3dcart.net,timeout,,False,0,0,False
1331456870.3dcart.net,timeout,,False,0,0,False
13315509537.3dcart.net,timeout,,False,0,0,False
13315631780.3dcart.net,timeout,,False,0,0,False
13315638947.3dcart.net,timeout,,False,0,0,False
13317466599.3dcart.net,timeout,,False,0,0,False
13317848366.3dcart.net,timeout,,False,0,0,False
13317989126.3dcart.net,timeout,,False,0,0,False
13319190622.3dcart.net,timeout,,False,0,0,False
13319783462.3dcart.net,timeout,,False,0,0,False
13319851125.3dcart.net,timeout,,False,0,0,False
1332119773.3dcart.net,timeout,,False,0,0,False
13321444373.3dcart.net,timeout,,False,0,0,False
13321797119.3dcart.net,timeout,,False,0,0,False
1332252018.3dcart.net,timeout,,False,0,0,False
133249323.3dcart.net,timeout,,False,0,0,False
13326387853.3dcart.net,timeout,,False,0,0,False
13326717385.3dcart.net,timeout,,False,0,0,False
13328442632.3dcart.net,timeout,,False,0,0,False
13328784127.3dcart.net,timeout,,False,0,0,False
13329716161.3dcart.net,timeout,,False,0,0,False
1334415996.3dcart.net,timeout,,False,0,0,False
1335509674.3dcart.net,timeout,,False,0,0,False
1335550940.3dcart.net,timeout,,False,0,0,False
1336943868.3dcart.net,timeout,,False,0,0,False
1338357690.3dcart.net,timeout,,False,0,0,False
1338584982.3dcart.net,timeout,,False,0,0,False
1339255565.3dcart.net,timeout,,False,0,0,False
1339267065.3dcart.net,timeout,,False,0,0,False
1339994094.3dcart.net,timeout,,False,0,0,False
13410131614.3dcart.net,timeout,,False,0,0,False
13412825768.3dcart.net,timeout,,False,0,0,False
13413819072.3dcart.net,timeout,,False,0,0,False
13413932287.3dcart.net,timeout,,False,0,0,False
13414175141.3dcart.net,timeout,,False,0,0,False
13414542608.3dcart.net,timeout,,False,0,0,False
13415105856.3dcart.net,timeout,,False,0,0,False
1341597007.3dcart.net,timeout,,False,0,0,False
1341799362.3dcart.net,timeout,,False,0,0,False
13418320384.3dcart.net,timeout,,False,0,0,False
13418498281.3dcart.net,timeout,,False,0,0,False
13418643188.3dcart.net,timeout,,False,0,0,False
13419570718.3dcart.net,timeout,,False,0,0,False
13419697744.3dcart.net,timeout,,False,0,0,False
13420354157.3dcart.net,timeout,,False,0,0,False
13421487738.3dcart.net,timeout,,False,0,0,False
13421997904.3dcart.net,timeout,,False,0,0,False
13422631577.3dcart.net,timeout,,False,0,0,False
1342367135.3dcart.net,timeout,,False,0,0,False
13423715007.3dcart.net,timeout,,False,0,0,False
1342478317.3dcart.net,timeout,,False,0,0,False
13426488168.3dcart.net,timeout,,False,0,0,False
13428399989.3dcart.net,timeout,,False,0,0,False
13429452866.3dcart.net,timeout,,False,0,0,False
1345262645.3dcart.net,timeout,,False,0,0,False
1345529855.3dcart.net,timeout,,False,0,0,False
1346144294.3dcart.net,timeout,,False,0,0,False
1346864059.3dcart.net,timeout,,False,0,0,False
1347726739.3dcart.net,timeout,,False,0,0,False
1347842217.3dcart.net,timeout,,False,0,0,False
1348774697.3dcart.net,timeout,,False,0,0,False
13510932719.3dcart.net,timeout,,False,0,0,False
13515802709.3dcart.net,timeout,,False,0,0,False
13519791678.3dcart.net,timeout,,False,0,0,False
13524694205.3dcart.net,timeout,,False,0,0,False
1353613409.3dcart.net,timeout,,False,0,0,False
1356245477.3dcart.net,timeout,,False,0,0,False
1357378881.3dcart.net,timeout,,False,0,0,False
1358577353.3dcart.net,timeout,,False,0,0,False
1359684158.3dcart.net,timeout,,False,0,0,False
13611357626.3dcart.net,timeout,,False,0,0,False
13611435863.3dcart.net,timeout,,False,0,0,False
13611558386.3dcart.net,timeout,,False,0,0,False
13611717474.3dcart.net,timeout,,False,0,0,False
13611991801.3dcart.net,timeout,,False,0,0,False
13612836144.3dcart.net,timeout,,False,0,0,False
13614281259.3dcart.net,timeout,,False,0,0,False
13615204812.3dcart.net,timeout,,False,0,0,False
13615798340.3dcart.net,timeout,,False,0,0,False
13615987340.3dcart.net,timeout,,False,0,0,False
13616166240.3dcart.net,timeout,,False,0,0,False
13616457286.3dcart.net,timeout,,False,0,0,False
1361679220.3dcart.net,timeout,,False,0,0,False
13617542272.3dcart.net,timeout,,False,0,0,False
13618834005.3dcart.net,timeout,,False,0,0,False
13619295600.3dcart.net,timeout,,False,0,0,False
13619747717.3dcart.net,timeout,,False,0,0,False
13619896907.3dcart.net,timeout,,False,0,0,False
13619994054.3dcart.net,timeout,,False,0,0,False
13620748269.3dcart.net,timeout,,False,0,0,False
1362115708.3dcart.net,timeout,,False,0,0,False
13622313787.3dcart.net,timeout,,False,0,0,False
13622818415.3dcart.net,timeout,,False,0,0,False
13624970388.3dcart.net,timeout,,False,0,0,False
13628268167.3dcart.net,timeout,,False,0,0,False
13628476161.3dcart.net,timeout,,False,0,0,False
13629319647.3dcart.net,timeout,,False,0,0,False
13629505056.3dcart.net,timeout,,False,0,0,False
13630235942.3dcart.net,timeout,,False,0,0,False
13630645699.3dcart.net,timeout,,False,0,0,False
1363871608.3dcart.net,timeout,,False,0,0,False
136390348.3dcart.net,timeout,,False,0,0,False
13716439189.3dcart.net,timeout,,False,0,0,False
13716566827.3dcart.net,timeout,,False,0,0,False
13717376796.3dcart.net,timeout,,False,0,0,False
13718898107.3dcart.net,timeout,,False,0,0,False
13721405177.3dcart.net,timeout,,False,0,0,False
13721622168.3dcart.net,timeout,,False,0,0,False
13724114630.3dcart.net,timeout,,False,0,0,False
13725108697.3dcart.net,timeout,,False,0,0,False
1372747593.3dcart.net,timeout,,False,0,0,False
13727676677.3dcart.net,timeout,,False,0,0,False
13728711523.3dcart.net,timeout,,False,0,0,False
13728808081.3dcart.net,timeout,,False,0,0,False
13729986260.3dcart.net,timeout,,False,0,0,False
13730967919.3dcart.net,timeout,,False,0,0,False
1374543935.3dcart.net,timeout,,False,0,0,False
1375679724.3dcart.net,timeout,,False,0,0,False
1377853597.3dcart.net,timeout,,False,0,0,False
1378676598.3dcart.net,timeout,,False,0,0,False
13815407098.3dcart.net,timeout,,False,0,0,False
13816317622.3dcart.net,timeout,,False,0,0,False
13816773117.3dcart.net,timeout,,False,0,0,False
1381821264.3dcart.net,timeout,,False,0,0,False
13818690745.3dcart.net,timeout,,False,0,0,False
13818736740.3dcart.net,timeout,,False,0,0,False
13819329215.3dcart.net,timeout,,False,0,0,False
13820948542.3dcart.net,timeout,,False,0,0,False
13821568100.3dcart.net,timeout,,False,0,0,False
13824573003.3dcart.net,timeout,,False,0,0,False
13826750695.3dcart.net,timeout,,False,0,0,False
13827364553.3dcart.net,timeout,,False,0,0,False
13828385371.3dcart.net,timeout,,False,0,0,False
13830239223.3dcart.net,timeout,,False,0,0,False
13830409583.3dcart.net,timeout,,False,0,0,False
1383409892.3dcart.net,timeout,,False,0,0,False
13834266.3dcart.net,timeout,,False,0,0,False
1385225347.3dcart.net,timeout,,False,0,0,False
1386109772.3dcart.net,timeout,,False,0,0,False
1387274545.3dcart.net,timeout,,False,0,0,False
1389312516.3dcart.net,timeout,,False,0,0,False
1389361171.3dcart.net,timeout,,False,0,0,False
13910100505.3dcart.net,timeout,,False,0,0,False
13910136094.3dcart.net,timeout,,False,0,0,False
13911207144.3dcart.net,timeout,,False,0,0,False
13912994659.3dcart.net,timeout,,False,0,0,False
13913588756.3dcart.net,timeout,,False,0,0,False
13913592978.3dcart.net,timeout,,False,0,0,False
13914159522.3dcart.net,timeout,,False,0,0,False
13914394033.3dcart.net,timeout,,False,0,0,False
13914437432.3dcart.net,timeout,,False,0,0,False
13914450099.3dcart.net,timeout,,False,0,0,False
13914481286.3dcart.net,timeout,,False,0,0,False
13914599508.3dcart.net,timeout,,False,0,0,False
13915342199.3dcart.net,timeout,,False,0,0,False
1391565522.3dcart.net,timeout,,False,0,0,False
1391719998.3dcart.net,timeout,,False,0,0,False
13917831612.3dcart.net,timeout,,False,0,0,False
13920172006.3dcart.net,timeout,,False,0,0,False
13921984426.3dcart.net,timeout,,False,0,0,False
13922938044.3dcart.net,timeout,,False,0,0,False
139248689.3dcart.net,timeout,,False,0,0,False
13927280523.3dcart.net,timeout,,False,0,0,False
13929465511.3dcart.net,timeout,,False,0,0,False
13929585892.3dcart.net,timeout,,False,0,0,False
13930784612.3dcart.net,timeout,,False,0,0,False
13930943603.3dcart.net,timeout,,False,0,0,False
139319201.3dcart.net,timeout,,False,0,0,False
1395263528.3dcart.net,timeout,,False,0,0,False
1396367992.3dcart.net,timeout,,False,0,0,False
1396540032.3dcart.net,timeout,,False,0,0,False
1399822856.3dcart.net,timeout,,False,0,0,False
141010189418.3dcart.net,timeout,,False,0,0,False
141010553416.3dcart.net,timeout,,False,0,0,False
141010914424.3dcart.net,timeout,,False,0,0,False
14101109020.3dcart.net,timeout,,False,0,0,False
141011108059.3dcart.net,timeout,,False,0,0,False
141012368541.3dcart.net,timeout,,False,0,0,False
141013159038.3dcart.net,timeout,,False,0,0,False
141014104061.3dcart.net,timeout,,False,0,0,False
141014130992.3dcart.net,timeout,,False,0,0,False
141014261424.3dcart.net,timeout,,False,0,0,False
141014383693.3dcart.net,timeout,,False,0,0,False
14101450365.3dcart.net,timeout,,False,0,0,False
141014623439.3dcart.net,timeout,,False,0,0,False
141015165935.3dcart.net,timeout,,False,0,0,False
14101580684.3dcart.net,timeout,,False,0,0,False
14101591670.3dcart.net,timeout,,False,0,0,False
141015937022.3dcart.net,timeout,,False,0,0,False
141016326228.3dcart.net,timeout,,False,0,0,False
141016892863.3dcart.net,timeout,,False,0,0,False
141016915049.3dcart.net,timeout,,False,0,0,False
141017208888.3dcart.net,timeout,,False,0,0,False
141017961.3dcart.net,timeout,,False,0,0,False
141018656505.3dcart.net,timeout,,False,0,0,False
141019166973.3dcart.net,timeout,,False,0,0,False
141019652690.3dcart.net,timeout,,False,0,0,False
14102043392.3dcart.net,timeout,,False,0,0,False
141020437511.3dcart.net,timeout,,False,0,0,False
141020724147.3dcart.net,timeout,,False,0,0,False
141022260860.3dcart.net,timeout,,False,0,0,False
141022560252.3dcart.net,timeout,,False,0,0,False
14102284709.3dcart.net,timeout,,False,0,0,False
141022868281.3dcart.net,timeout,,False,0,0,False
141026210887.3dcart.net,timeout,,False,0,0,False
14102936656.3dcart.net,timeout,,False,0,0,False
14103533855.3dcart.net,timeout,,False,0,0,False
14103927195.3dcart.net,timeout,,False,0,0,False
14105780818.3dcart.net,timeout,,False,0,0,False
14106345073.3dcart.net,timeout,,False,0,0,False
14106454524.3dcart.net,timeout,,False,0,0,False
14106902400.3dcart.net,timeout,,False,0,0,False
14107313075.3dcart.net,timeout,,False,0,0,False
14107318126.3dcart.net,timeout,,False,0,0,False
14107527690.3dcart.net,timeout,,False,0,0,False
14107597758.3dcart.net,timeout,,False,0,0,False
14107630107.3dcart.net,timeout,,False,0,0,False
1410789458.3dcart.net,timeout,,False,0,0,False
14108172069.3dcart.net,timeout,,False,0,0,False
14108181377.3dcart.net,timeout,,False,0,0,False
1410871483.3dcart.net,timeout,,False,0,0,False
14109322032.3dcart.net,timeout,,False,0,0,False
14109483730.3dcart.net,timeout,,False,0,0,False
14109815043.3dcart.net,timeout,,False,0,0,False
14111908120.3dcart.net,timeout,,False,0,0,False
1411603888.3dcart.net,timeout,,False,0,0,False
14118316880.3dcart.net,timeout,,False,0,0,False
1413620187.3dcart.net,timeout,,False,0,0,False
141482800.3dcart.net,timeout,,False,0,0,False
1414909628.3dcart.net,timeout,,False,0,0,False
1416816092.3dcart.net,timeout,,False,0,0,False
1418109345.3dcart.net,timeout,,False,0,0,False
14211399303.3dcart.net,timeout,,False,0,0,False
1421419564.3dcart.net,timeout,,False,0,0,False
14215945181.3dcart.net,timeout,,False,0,0,False
1421680629.3dcart.net,timeout,,False,0,0,False
14217224859.3dcart.net,timeout,,False,0,0,False
14219960500.3dcart.net,timeout,,False,0,0,False
14221139451.3dcart.net,timeout,,False,0,0,False
14222332327.3dcart.net,timeout,,False,0,0,False
14222872767.3dcart.net,timeout,,False,0,0,False
1422672480.3dcart.net,timeout,,False,0,0,False
14226879379.3dcart.net,timeout,,False,0,0,False
14227952505.3dcart.net,timeout,,False,0,0,False
14228889608.3dcart.net,timeout,,False,0,0,False
1429805365.3dcart.net,timeout,,False,0,0,False
14310176774.3dcart.net,timeout,,False,0,0,False
14312158514.3dcart.net,timeout,,False,0,0,False
14315634506.3dcart.net,timeout,,False,0,0,False
14316725274.3dcart.net,timeout,,False,0,0,False
14317308782.3dcart.net,timeout,,False,0,0,False
14317959676.3dcart.net,timeout,,False,0,0,False
14318439800.3dcart.net,timeout,,False,0,0,False
14322320108.3dcart.net,timeout,,False,0,0,False
14322795370.3dcart.net,timeout,,False,0,0,False
14325743591.3dcart.net,timeout,,False,0,0,False
14325803451.3dcart.net,timeout,,False,0,0,False
14327861029.3dcart.net,timeout,,False,0,0,False
14328200341.3dcart.net,timeout,,False,0,0,False
1432893575.3dcart.net,timeout,,False,0,0,False
14330315100.3dcart.net,timeout,,False,0,0,False
1436853836.3dcart.net,timeout,,False,0,0,False
1437980337.3dcart.net,timeout,,False,0,0,False
1438961859.3dcart.net,timeout,,False,0,0,False
1439365087.3dcart.net,timeout,,False,0,0,False
1439777258.3dcart.net,timeout,,False,0,0,False
14411623376.3dcart.net,timeout,,False,0,0,False
14412627467.3dcart.net,timeout,,False,0,0,False
14413621877.3dcart.net,timeout,,False,0,0,False
14413635982.3dcart.net,timeout,,False,0,0,False
14413642797.3dcart.net,timeout,,False,0,0,False
14413883825.3dcart.net,timeout,,False,0,0,False
14417454788.3dcart.net,timeout,,False,0,0,False
14418204300.3dcart.net,timeout,,False,0,0,False
14418334326.3dcart.net,timeout,,False,0,0,False
1441874182.3dcart.net,timeout,,False,0,0,False
14419629135.3dcart.net,timeout,,False,0,0,False
14420113653.3dcart.net,timeout,,False,0,0,False
14424974263.3dcart.net,timeout,,False,0,0,False
1442740081.3dcart.net,timeout,,False,0,0,False
1442770873.3dcart.net,timeout,,False,0,0,False
14427901927.3dcart.net,timeout,,False,0,0,False
14430433009.3dcart.net,timeout,,False,0,0,False
14430686961.3dcart.net,timeout,,False,0,0,False
1448399618.3dcart.net,timeout,,False,0,0,False
1448956065.3dcart.net,timeout,,False,0,0,False
1449329886.3dcart.net,timeout,,False,0,0,False
1449440908.3dcart.net,timeout,,False,0,0,False
14510418056.3dcart.net,timeout,,False,0,0,False
14515156459.3dcart.net,timeout,,False,0,0,False
14515474956.3dcart.net,timeout,,False,0,0,False
14516534953.3dcart.net,timeout,,False,0,0,False
14520146923.3dcart.net,timeout,,False,0,0,False
14525299465.3dcart.net,timeout,,False,0,0,False
14526266536.3dcart.net,timeout,,False,0,0,False
14530967845.3dcart.net,timeout,,False,0,0,False
14531612819.3dcart.net,timeout,,False,0,0,False
1454483806.3dcart.net,timeout,,False,0,0,False
1454633891.3dcart.net,timeout,,False,0,0,False
1458131588.3dcart.net,timeout,,False,0,0,False
1458411754.3dcart.net,timeout,,False,0,0,False
145852074.3dcart.net,timeout,,False,0,0,False
1461190694.3dcart.net,timeout,,False,0,0,False
1461245528.3dcart.net,timeout,,False,0,0,False
14612987177.3dcart.net,timeout,,False,0,0,False
14613669414.3dcart.net,timeout,,False,0,0,False
14615653026.3dcart.net,timeout,,False,0,0,False
14615873347.3dcart.net,timeout,,False,0,0,False
1461669337.3dcart.net,timeout,,False,0,0,False
14618455943.3dcart.net,timeout,,False,0,0,False
14618731913.3dcart.net,timeout,,False,0,0,False
14621690486.3dcart.net,timeout,,False,0,0,False
1462175634.3dcart.net,timeout,,False,0,0,False
14621815516.3dcart.net,timeout,,False,0,0,False
14621984568.3dcart.net,timeout,,False,0,0,False
14624211284.3dcart.net,timeout,,False,0,0,False
14624743617.3dcart.net,timeout,,False,0,0,False
1462676397.3dcart.net,timeout,,False,0,0,False
14627770289.3dcart.net,timeout,,False,0,0,False
1462856166.3dcart.net,timeout,,False,0,0,False
1463672252.3dcart.net,timeout,,False,0,0,False
1467319316.3dcart.net,timeout,,False,0,0,False
1469819712.3dcart.net,timeout,,False,0,0,False
14716142269.3dcart.net,timeout,,False,0,0,False
14716264354.3dcart.net,timeout,,False,0,0,False
1471645040.3dcart.net,timeout,,False,0,0,False
14716535808.3dcart.net,timeout,,False,0,0,False
14718476710.3dcart.net,timeout,,False,0,0,False
14719634273.3dcart.net,timeout,,False,0,0,False
1472161556.3dcart.net,timeout,,False,0,0,False
14723114437.3dcart.net,timeout,,False,0,0,False
14723960322.3dcart.net,timeout,,False,0,0,False
1472632304.3dcart.net,timeout,,False,0,0,False
1475919795.3dcart.net,timeout,,False,0,0,False
147621892.3dcart.net,timeout,,False,0,0,False
1478871272.3dcart.net,timeout,,False,0,0,False
14810929866.3dcart.net,timeout,,False,0,0,False
14822184520.3dcart.net,timeout,,False,0,0,False
14822556926.3dcart.net,timeout,,False,0,0,False
14824225154.3dcart.net,timeout,,False,0,0,False
14824242061.3dcart.net,timeout,,False,0,0,False
14824366466.3dcart.net,timeout,,False,0,0,False
14824978922.3dcart.net,timeout,,False,0,0,False
14825618648.3dcart.net,timeout,,False,0,0,False
14830687694.3dcart.net,timeout,,False,0,0,False
14910522258.3dcart.net,timeout,,False,0,0,False
14910554866.3dcart.net,timeout,,False,0,0,False
14918393947.3dcart.net,timeout,,False,0,0,False
14919952952.3dcart.net,timeout,,False,0,0,False
14921104976.3dcart.net,timeout,,False,0,0,False
14921280681.3dcart.net,timeout,,False,0,0,False
14925100261.3dcart.net,timeout,,False,0,0,False
1492517894.3dcart.net,timeout,,False,0,0,False
14925368282.3dcart.net,timeout,,False,0,0,False
14925495479.3dcart.net,timeout,,False,0,0,False
1492573116.3dcart.net,timeout,,False,0,0,False
14926942042.3dcart.net,timeout,,False,0,0,False
1492747741.3dcart.net,timeout,,False,0,0,False
1492882317.3dcart.net,timeout,,False,0,0,False
14928993022.3dcart.net,timeout,,False,0,0,False
1493067943.3dcart.net,timeout,,False,0,0,False
1495924113.3dcart.net,timeout,,False,0,0,False
1496536250.3dcart.net,timeout,,False,0,0,False
1499247463.3dcart.net,timeout,,False,0,0,False
2010100720.3dcart.net,timeout,,False,0,0,False
20101010027853.3dcart.net,timeout,,False,0,0,False
20101010047603.3dcart.net,timeout,,False,0,0,False
20101010065281.3dcart.net,timeout,,False,0,0,False
2010101024906.3dcart.net,timeout,,False,0,0,False
2010101090756.3dcart.net,timeout,,False,0,0,False
2010101105959.3dcart.net,timeout,,False,0,0,False
2010101166328.3dcart.net,timeout,,False,0,0,False
2010101189360.3dcart.net,timeout,,False,0,0,False
1080motion.com,active_ecommerce,shopify,True,3,5,False
2b2p.com,active,,False,0,0,False
2greenmonkeys.co,timeout,,False,0,0,False
2trendy.nl,active_ecommerce,shopify,True,3,5,False
3dprintsmiths.com,dead,,False,0,0,False
3rdphix.com,active,,False,0,0,False
4est.co,timeout,,False,0,0,False
4femm.de,active_ecommerce,shopify,True,3,5,False
4hardware.com,active,,False,0,0,False
4pens.com,timeout,,False,0,0,False
4wks.com,active_ecommerce,shopify,True,3,5,False
4x4at.com,active_ecommerce,magento,True,0,3,False
4xem.com,timeout,,False,0,0,False
7fishs.com,active_ecommerce,shopify,True,3,5,False
7terra.com,http_403,,False,0,0,False
7watts.net,active_ecommerce,shopify,True,3,5,False
8bitbyte.co,dead,,False,0,0,False
a-ok9.com,active_ecommerce,shopify,True,3,5,False
a4sheets.co,timeout,,False,0,0,False
aamed.com,timeout,,False,0,0,False
aashly.nl,active_ecommerce,shopify,True,3,5,False
ababy.com,active_ecommerce,shopify,True,3,5,False
abeeha.com,timeout,,False,0,0,False
abenin.at,active_ecommerce,shopify,True,3,5,False
abenin.fr,active_ecommerce,shopify,True,3,5,False
abenin.org,active_ecommerce,shopify,True,3,5,False
abenin.site,active_ecommerce,shopify,True,3,5,False
about.html,timeout,,False,0,0,False
aboutfacema.com,active_ecommerce,shopify,True,3,5,False
abox.ca,active_ecommerce,shopify,True,3,5,False
abramsandchronicle.co,dead,,False,0,0,False
accessjuiceworld.com,active,,False,0,1,False
acefm.us,http_403,,False,0,0,False
acemax.co,dead,,False,0,0,False
adalore.com,active,,False,0,1,False
adamandalice.co,dead,,False,0,0,False
addelm.us,active_ecommerce,shopify,True,3,5,False
addicteduk.co,dead,,False,0,0,False
adminshortcuts.com,active,,False,0,1,False
adornlaserclinic.com,timeout,,False,0,0,False
adozan.com,active_ecommerce,shopify,True,3,5,False
adri.com,http_403,,False,0,0,False
adrianos.ch,active_ecommerce,shopify,True,3,5,False
adultworldsexshop.com,timeout,,False,0,0,False
advantagebox.ca,active_ecommerce,shopify,True,3,5,False
advantagereportus.com,active,,False,0,0,False
agoge.com,active_ecommerce,shopify,True,3,5,False
agoraai.co,active,,False,0,0,False
agradi.at,active_ecommerce,shopify,True,0,1,False
ahbrass.co,timeout,,False,0,0,False
aiayu.com,active,,False,0,1,False
aiayu.dk,active,,False,0,1,False
aida.dk,timeout,,False,0,0,False
aigogo.com,timeout,,False,0,0,False
ailive.fr,timeout,,False,0,0,False
ailovi.com,timeout,,False,0,0,False
ainy.fr,timeout,,False,0,0,False
airbod.co,dead,,False,0,0,False
aircraftmodelstore.co,timeout,,False,0,0,False
airfiesta.co,timeout,,False,0,0,False
aitkens.co,timeout,,False,0,0,False
aiva.nz,timeout,,False,0,0,False
aiviq.se,timeout,,False,0,0,False
akinj.com,timeout,,False,0,0,False
akker.is,timeout,,False,0,0,False
akohub.com,active_ecommerce,shopify,True,0,4,False
akoo.com,timeout,,False,0,0,False
akses.fr,timeout,,False,0,0,False
aktuel.fr,timeout,,False,0,0,False
akuis.tech,timeout,,False,0,0,False
alfalab.com,timeout,,False,0,0,False
amongvape.co,timeout,,False,0,0,False
amsons.co,timeout,,False,0,0,False
anchorandlaunch.com,timeout,,False,0,0,False
andsons.us,timeout,,False,0,0,False
angerer.ch,timeout,,False,0,0,False
anihanalife.co,timeout,,False,0,0,False
annna.co,timeout,,False,0,0,False
antsig.com,timeout,,False,0,0,False
apexo.net,timeout,,False,0,0,False
apilets.com,timeout,,False,0,0,False
apis.com,timeout,,False,0,0,False
aquavape.co,timeout,,False,0,0,False
ardistributors.co,timeout,,False,0,0,False
arken.se,timeout,,False,0,0,False
arkleyfineart.co,timeout,,False,0,0,False
armeson.co,timeout,,False,0,0,False
armortek.co,timeout,,False,0,0,False
armstronglighting.co,timeout,,False,0,0,False
arnio.co,timeout,,False,0,0,False
arozzi.se,timeout,,False,0,0,False
arpshop.ca,timeout,,False,0,0,False
artcraftdental.com,timeout,,False,0,0,False
artevo.nz,timeout,,False,0,0,False
artrat.us,timeout,,False,0,0,False
arush.ca,timeout,,False,0,0,False
arven.no,timeout,,False,0,0,False
arwani.ae,timeout,,False,0,0,False
as-emf.com,timeout,,False,0,0,False
asadoreselbarril.co,timeout,,False,0,0,False
asamodo.se,timeout,,False,0,0,False
asantestudios.co,timeout,,False,0,0,False
ashaircare.com,timeout,,False,0,0,False
asmmc.no,timeout,,False,0,0,False
astis.com,timeout,,False,0,0,False
astretto.com,timeout,,False,0,0,False
aswatersports.co,timeout,,False,0,0,False
aszo.co,timeout,,False,0,0,False
ateliernash.co,timeout,,False,0,0,False
atlantissleep.com,timeout,,False,0,0,False
atlio.io,timeout,,False,0,0,False
atmooz.com,timeout,,False,0,0,False
atmorganics.co,timeout,,False,0,0,False
atompacks.co,timeout,,False,0,0,False
atozgrocersonline.co,timeout,,False,0,0,False
audazstudio.com,timeout,,False,0,0,False
aulze.com,timeout,,False,0,0,False
aumori.com,timeout,,False,0,0,False
aurelo.com,timeout,,False,0,0,False
aurlys.com,timeout,,False,0,0,False
aurumjewels.com,timeout,,False,0,0,False
aurumliving.com,timeout,,False,0,0,False
ausadventure.com,timeout,,False,0,0,False
aussiecaravanawnings.com,timeout,,False,0,0,False
aussiejointhealth.com,timeout,,False,0,0,False
aussiepacific.com,timeout,,False,0,0,False
aussiepharmadirect.com,timeout,,False,0,0,False
aussiesavingsspot.com,timeout,,False,0,0,False
aussieties.com,dead,,False,0,0,False
aussietraveller.com,active,,False,0,0,False
australiancoffeeculture.com,active_ecommerce,shopify,True,0,1,False
australiantowspares.com,dead,,False,0,0,False
australife.com,active_ecommerce,,True,0,7,False
autumnrooms.com,active,,False,0,0,False
avalla.com,active_ecommerce,shopify,True,0,2,False
avaly.au,active_ecommerce,shopify,True,0,4,False
avart.ch,active_ecommerce,,True,0,2,False
avasya.com,active_ecommerce,shopify,True,0,4,False
avayos.com,active_ecommerce,shopify,True,0,2,False
aveliy.com,active_ecommerce,shopify,True,3,5,False
avexdesigns.com,timeout,,False,0,0,False
avinao.com,timeout,,False,0,0,False
avurer.com,timeout,,False,0,0,False
awacoffee.co,timeout,,False,0,0,False
awe-tuning.co,timeout,,False,0,0,False
awful.jp,active_ecommerce,shopify,True,0,2,False
awnluxawnings.com,timeout,,False,0,0,False
awraaf.com,active_ecommerce,shopify,True,0,2,False
b-hall.it,active,,False,0,1,False
backloglab.com,active,,False,0,1,False
backpackbazaar.co,dead,,False,0,0,False
badhabitsapparel.co,timeout,,False,0,0,False
badmintonmart.com,active,,False,0,0,False
bagboy.com,timeout,,False,0,0,False
baggagefactory.co,dead,,False,0,0,False
baija.com,active_ecommerce,shopify,True,3,5,False
balancekitchenmcr.co,timeout,,False,0,0,False
baldacci.com,active,,False,0,0,False
ballarattoyworld.com,dead,,False,0,0,False
balmoralhamperclub.com,timeout,,False,0,0,False
balte.com,timeout,,False,0,0,False
balticapparel.co,timeout,,False,0,0,False
bankruptbikeparts.co,timeout,,False,0,0,False
bar-fridges-australia.com,timeout,,False,0,0,False
barbertonpro.co,timeout,,False,0,0,False
barbicanbullion.co,timeout,,False,0,0,False
bareearthyogaessentials.com,timeout,,False,0,0,False
bareen.se,timeout,,False,0,0,False
bareface.io,timeout,,False,0,0,False
barefootcoffee.com,timeout,,False,0,0,False
bareminerals.co,timeout,,False,0,0,False
bargainbuyz.co,timeout,,False,0,0,False
barhion.com,timeout,,False,0,0,False
barrelny.com,timeout,,False,0,0,False
barzenhome.co,timeout,,False,0,0,False
baturebrewery.com,timeout,,False,0,0,False
bboom.com,timeout,,False,0,0,False
bbq-bits.co,timeout,,False,0,0,False
bbsoccer.co,timeout,,False,0,0,False
bcbsales.com,timeout,,False,0,0,False
bcppg.com,timeout,,False,0,0,False
beantownbedding.com,timeout,,False,0,0,False
beasthealth.co,timeout,,False,0,0,False
beautylux.com,timeout,,False,0,0,False
beautyofnewyork.com,timeout,,False,0,0,False
bebimo.ch,timeout,,False,0,0,False
bebly.com,timeout,,False,0,0,False
bedeen.com,timeout,,False,0,0,False
bedframestore.co,timeout,,False,0,0,False
bedsonlinestore.co,timeout,,False,0,0,False
beeandsnail.com,timeout,,False,0,0,False
beercartel.com,timeout,,False,0,0,False
beerhug.co,timeout,,False,0,0,False
beerplz.se,timeout,,False,0,0,False
beewildoutside.com,timeout,,False,0,0,False
berkstrout.co,timeout,,False,0,0,False
bernum.ca,timeout,,False,0,0,False
bessette.co,timeout,,False,0,0,False
besteveryday-living.com,timeout,,False,0,0,False
bestpolicy.co,timeout,,False,0,0,False
bestultrasonic.co,timeout,,False,0,0,False
betaprep.ca,timeout,,False,0,0,False
betiyon.se,timeout,,False,0,0,False
betsim.io,timeout,,False,0,0,False
betterdigital.co,timeout,,False,0,0,False
betterwalls.co,timeout,,False,0,0,False
bettylane.com,timeout,,False,0,0,False
blinkbox.com,timeout,,False,0,0,False
blockbluelight.com,timeout,,False,0,0,False
bloominforests.co,timeout,,False,0,0,False
bloomingales.com,timeout,,False,0,0,False
bloomydays.com,timeout,,False,0,0,False
bloqlabs.ch,timeout,,False,0,0,False
blucheez.fashio,timeout,,False,0,0,False
bluge.com,timeout,,False,0,0,False
blumenliebe.ch,timeout,,False,0,0,False
blumethelabel.com,timeout,,False,0,0,False
blushgin.co,timeout,,False,0,0,False
bmaw.co,timeout,,False,0,0,False
bodyl.com,timeout,,False,0,0,False
bohoma.co,timeout,,False,0,0,False
bonpatch.com,timeout,,False,0,0,False
bonzaz.se,timeout,,False,0,0,False
boo-bee.jp,timeout,,False,0,0,False
boofy.com,timeout,,False,0,0,False
bookreps.co,timeout,,False,0,0,False
bookwyrmpress.com,timeout,,False,0,0,False
boopme.ca,timeout,,False,0,0,False
boothandbooth.co,timeout,,False,0,0,False
bopro.ie,timeout,,False,0,0,False
bord.com,timeout,,False,0,0,False
bordproducts.com,timeout,,False,0,0,False
boredbugs.com,timeout,,False,0,0,False
boredwords.com,timeout,,False,0,0,False
borntechies.com,timeout,,False,0,0,False
bossredroo.com,timeout,,False,0,0,False
bossylingerieboutique.com,timeout,,False,0,0,False
bothwa.com,timeout,,False,0,0,False
boutiqueprint.co,timeout,,False,0,0,False
boxeroo.co,timeout,,False,0,0,False
bpwebsites.com,timeout,,False,0,0,False
brambleshop.co,timeout,,False,0,0,False
brandedhousehold.co,timeout,,False,0,0,False
brandhut.io,timeout,,False,0,0,False
brandzilla.com,timeout,,False,0,0,False
brassman.co,timeout,,False,0,0,False
braveheartedstore.com,timeout,,False,0,0,False
bro4.nl,timeout,,False,0,0,False
brookandbramble.co,timeout,,False,0,0,False
brownscraftshed.com,timeout,,False,0,0,False
bruhabrewing.co,timeout,,False,0,0,False
brunobed.nl,timeout,,False,0,0,False
btfy.com,timeout,,False,0,0,False
btpak.com,timeout,,False,0,0,False
buckhurstplanthire.co,timeout,,False,0,0,False
buddshirts.co,timeout,,False,0,0,False
budsandbeads.com,timeout,,False,0,0,False
bullconvert.com,timeout,,False,0,0,False
bulldogspares.com,timeout,,False,0,0,False
bumps.com,timeout,,False,0,0,False
buoy.co,timeout,,False,0,0,False
burdens.com,timeout,,False,0,0,False
busanastudios.com,timeout,,False,0,0,False
bushbycleaning.com,timeout,,False,0,0,False
butterlondon.co,timeout,,False,0,0,False
button.active,timeout,,False,0,0,False
buyecombrands.com,timeout,,False,0,0,False
buyems.net,timeout,,False,0,0,False
buyist.com,timeout,,False,0,0,False
buymeshop.com,timeout,,False,0,0,False
buytolet-furnishings.co,timeout,,False,0,0,False
bypoint.nl,timeout,,False,0,0,False
bythybeard.com,timeout,,False,0,0,False
caballitos.com,timeout,,False,0,0,False
cablz.com,timeout,,False,0,0,False
caci.co,timeout,,False,0,0,False
cadense.co,timeout,,False,0,0,False
caesarlovesava.com,timeout,,False,0,0,False
californiawalldesign.com,timeout,,False,0,0,False
calou.se,timeout,,False,0,0,False
camilohats.com,timeout,,False,0,0,False
canadainks.com,timeout,,False,0,0,False
candent.ca,timeout,,False,0,0,False
candyamerica.co,timeout,,False,0,0,False
canfem.com,timeout,,False,0,0,False
canlok.com,timeout,,False,0,0,False
caravansociety.com,timeout,,False,0,0,False
carbonpickleball.com,timeout,,False,0,0,False
cards-x.co,timeout,,False,0,0,False
careline.co,timeout,,False,0,0,False
carlaj.co,timeout,,False,0,0,False
carlazampatti.com,timeout,,False,0,0,False
carparksandroads.com,timeout,,False,0,0,False
carpetwarehouse.co,timeout,,False,0,0,False
carrywell.io,timeout,,False,0,0,False
cart8.com,timeout,,False,0,0,False
carthike.com,timeout,,False,0,0,False
cartigo.ca,timeout,,False,0,0,False
carvzn.com,timeout,,False,0,0,False
casiopanama.com,timeout,,False,0,0,False
cateringsale.com,timeout,,False,0,0,False
catlink.co,timeout,,False,0,0,False
catnets.co,timeout,,False,0,0,False
catnip.lol,timeout,,False,0,0,False
cauce.com,timeout,,False,0,0,False
cavani.co,timeout,,False,0,0,False
cayambe.de,timeout,,False,0,0,False
caznus.com,timeout,,False,0,0,False
cbsproducts.co,timeout,,False,0,0,False
ceking.co,timeout,,False,0,0,False
ceking.us,timeout,,False,0,0,False
celesteagency.com,timeout,,False,0,0,False
celiahopkins.co,timeout,,False,0,0,False
centaurpackaging.com,timeout,,False,0,0,False
cfbmud.com,timeout,,False,0,0,False
cgstraface.com,timeout,,False,0,0,False
charlestravers.com,timeout,,False,0,0,False
chenilleyarn.co,timeout,,False,0,0,False
chenora.com,timeout,,False,0,0,False
chi-ch.de,timeout,,False,0,0,False
chich.de,timeout,,False,0,0,False
chillzy.co,timeout,,False,0,0,False
christianauthorshop.com,timeout,,False,0,0,False
chronic.ch,timeout,,False,0,0,False
chwc.com,timeout,,False,0,0,False
cilla.com,timeout,,False,0,0,False
circle-one.co,timeout,,False,0,0,False
clickitai.com,timeout,,False,0,0,False
clickstore.com,timeout,,False,0,0,False
clickvideowise.com,timeout,,False,0,0,False
cliftonparkturf.com,timeout,,False,0,0,False
clinicdress.ch,timeout,,False,0,0,False
clinitas.co,timeout,,False,0,0,False
cliptn.com,timeout,,False,0,0,False
clomia.nl,timeout,,False,0,0,False
cloudaqua.co,timeout,,False,0,0,False
codeadx.com,timeout,,False,0,0,False
codeblackcoffee.com,timeout,,False,0,0,False
codereido.com,timeout,,False,0,0,False
collins.ca,timeout,,False,0,0,False
collinsandgreenart.co,timeout,,False,0,0,False
company.com,timeout,,False,0,0,False
completeskincareclinic.com,timeout,,False,0,0,False
composurelondon.co,timeout,,False,0,0,False
composureltd.co,timeout,,False,0,0,False
compoundinghealth.com,timeout,,False,0,0,False
concept-mep.co,timeout,,False,0,0,False
conceptize.io,timeout,,False,0,0,False
conceptualbrands.com,timeout,,False,0,0,False
concertav.com,timeout,,False,0,0,False
concile.de,timeout,,False,0,0,False
concretenation.com,timeout,,False,0,0,False
convertifyecom.com,timeout,,False,0,0,False
coolcatsclothing.co,timeout,,False,0,0,False
coore.no,timeout,,False,0,0,False
craftovator.co,timeout,,False,0,0,False
cravecafe.co,timeout,,False,0,0,False
creationfurniture.co,timeout,,False,0,0,False
cruzoo.com,timeout,,False,0,0,False
csil.ca,timeout,,False,0,0,False
csil.com,timeout,,False,0,0,False
cttmed.ch,timeout,,False,0,0,False
cubbly.co,timeout,,False,0,0,False
cuddlebond.com,timeout,,False,0,0,False
cue.com,timeout,,False,0,0,False
cultjar.co,timeout,,False,0,0,False
curvah.com,timeout,,False,0,0,False
cusrich.ai,timeout,,False,0,0,False
customnumberplateframes.com,timeout,,False,0,0,False
customwicks.co,timeout,,False,0,0,False
cutecute.co,timeout,,False,0,0,False
cutful.com,timeout,,False,0,0,False
cvdtech.ca,timeout,,False,0,0,False
cykelgruppen.dk,timeout,,False,0,0,False
d-oat.com,timeout,,False,0,0,False
d.almond,timeout,,False,0,0,False
d.includ,timeout,,False,0,0,False
dadszn.com,timeout,,False,0,0,False
daily-hush.com,timeout,,False,0,0,False
damejo.com,timeout,,False,0,0,False
damsons.co,timeout,,False,0,0,False
dan-davies.co,timeout,,False,0,0,False
dancebiz.co,timeout,,False,0,0,False
dant.us,timeout,,False,0,0,False
dapperfella.co,timeout,,False,0,0,False
dar-la.com,timeout,,False,0,0,False
darkstar.co,timeout,,False,0,0,False
dasbi.com,timeout,,False,0,0,False
data.filter,timeout,,False,0,0,False
dayanddune.com,timeout,,False,0,0,False
dcpackaging.co,timeout,,False,0,0,False
ddmusicgeek.co,timeout,,False,0,0,False
de-fi.com,timeout,,False,0,0,False
deadlyskincare.com,timeout,,False,0,0,False
deckhub.com,timeout,,False,0,0,False
decksydesigns.com,timeout,,False,0,0,False
decoluxe.co,timeout,,False,0,0,False
deepdrivendigital.com,timeout,,False,0,0,False
degaming.io,timeout,,False,0,0,False
degenmerch.io,timeout,,False,0,0,False
deilsy.com,timeout,,False,0,0,False
dekisforgedwheels.ch,timeout,,False,0,0,False
deliverysafe.com,timeout,,False,0,0,False
demura.nl,timeout,,False,0,0,False
denham.com,timeout,,False,0,0,False
dermaprime.com,timeout,,False,0,0,False
dermos.com,timeout,,False,0,0,False
derringers.com,timeout,,False,0,0,False
deshlaxue.co,timeout,,False,0,0,False
designerkitchensplashbacks.co,timeout,,False,0,0,False
designpiece.co,timeout,,False,0,0,False
desirejewels.co,timeout,,False,0,0,False
dessertkitchen.co,timeout,,False,0,0,False
deveni.com,timeout,,False,0,0,False
devonecoboutique.co,timeout,,False,0,0,False
dexusa.com,timeout,,False,0,0,False
dharmabums.com,timeout,,False,0,0,False
diavon.com,timeout,,False,0,0,False
digitalnovacore.com,timeout,,False,0,0,False
dilez.de,timeout,,False,0,0,False
dimour.com,timeout,,False,0,0,False
dimples.co,timeout,,False,0,0,False
dirtydevices.com,timeout,,False,0,0,False
disantinowater.com,timeout,,False,0,0,False
discountdtftransfers.com,timeout,,False,0,0,False
dmwindustries.com,timeout,,False,0,0,False
dnio.co,timeout,,False,0,0,False
do-art.co,timeout,,False,0,0,False
dobico.com,timeout,,False,0,0,False
doctorv.com,timeout,,False,0,0,False
document.getele,timeout,,False,0,0,False
dodooc.com,timeout,,False,0,0,False
doggyworld.ch,timeout,,False,0,0,False
doncolchon.com,timeout,,False,0,0,False
doomoo.com,timeout,,False,0,0,False
doorlab.co,timeout,,False,0,0,False
dors.com,timeout,,False,0,0,False
doton.co,timeout,,False,0,0,False
doton.io,timeout,,False,0,0,False
eandwcouture.co,timeout,,False,0,0,False
earlswoodglc.co,timeout,,False,0,0,False
earosacoustic.com,timeout,,False,0,0,False
easis.dk,timeout,,False,0,0,False
easybargains.com,timeout,,False,0,0,False
easygardens.co,timeout,,False,0,0,False
easyhorse.ch,timeout,,False,0,0,False
easyloc.com,timeout,,False,0,0,False
eataway.com,timeout,,False,0,0,False
eatenjoy.co,timeout,,False,0,0,False
eatmorevegans.com,timeout,,False,0,0,False
ebani.com,timeout,,False,0,0,False
ebikemad.co,timeout,,False,0,0,False
ec3d.nl,timeout,,False,0,0,False
ecofam.com,timeout,,False,0,0,False
ecogrit.com,timeout,,False,0,0,False
ecoloc.se,timeout,,False,0,0,False
ecommerceify.com,timeout,,False,0,0,False
ecomstar.co,timeout,,False,0,0,False
ecothrive.co,timeout,,False,0,0,False
effihome.com,timeout,,False,0,0,False
eidean.com,timeout,,False,0,0,False
eightheye.com,timeout,,False,0,0,False
ejandco.ca,timeout,,False,0,0,False
ekolla.fi,timeout,,False,0,0,False
el-grossisten.dk,timeout,,False,0,0,False
el-one.com,timeout,,False,0,0,False
el.parent,timeout,,False,0,0,False
electricgallery.co,timeout,,False,0,0,False
electricwaterheaters.co,timeout,,False,0,0,False
element.classl,timeout,,False,0,0,False
elevenshop.co,timeout,,False,0,0,False
email.includ,timeout,,False,0,0,False
embos.co,timeout,,False,0,0,False
emilg.io,timeout,,False,0,0,False
emilyjwilbur.com,timeout,,False,0,0,False
emma.com,timeout,,False,0,0,False
emmewasser.ch,timeout,,False,0,0,False
emmi-media.de,timeout,,False,0,0,False
empiremedical.co,timeout,,False,0,0,False
enabot.com,timeout,,False,0,0,False
enabot.jp,timeout,,False,0,0,False
enavi.co,timeout,,False,0,0,False
ence.gg,timeout,,False,0,0,False
encopr.com,timeout,,False,0,0,False
encut.us,timeout,,False,0,0,False
englaon.com,timeout,,False,0,0,False
engris.es,timeout,,False,0,0,False
enjoy-seconds.com,timeout,,False,0,0,False
enoleh.com,timeout,,False,0,0,False
ensurear.com,timeout,,False,0,0,False
entell.co,timeout,,False,0,0,False
entertainmentmasters.com,timeout,,False,0,0,False
envoyofbelfast.com,timeout,,False,0,0,False
equiport.co,timeout,,False,0,0,False
erkoos.com,timeout,,False,0,0,False
esarav.com,timeout,,False,0,0,False
evaathletic.com,timeout,,False,0,0,False
evagr.com,timeout,,False,0,0,False
eventsmadespecial.com,timeout,,False,0,0,False
evergreen-irrigation.co,timeout,,False,0,0,False
eversfield-organic.co,timeout,,False,0,0,False
eversfieldorganic.co,timeout,,False,0,0,False
everymirror.co,timeout,,False,0,0,False
everypromo.com,timeout,,False,0,0,False
evezone.com,timeout,,False,0,0,False
evilfruits.com,timeout,,False,0,0,False
evolvedelementsstore.com,timeout,,False,0,0,False
exceptionalvapes.co,timeout,,False,0,0,False
exenflooring.co,timeout,,False,0,0,False
exercisebooksdirect.co,timeout,,False,0,0,False
exesas.com,timeout,,False,0,0,False
exhalevape.co,timeout,,False,0,0,False
exitadvisorbroker.com,timeout,,False,0,0,False
exitflow.io,timeout,,False,0,0,False
expresspadel.co,timeout,,False,0,0,False
extons.co,timeout,,False,0,0,False
eyda.se,timeout,,False,0,0,False
ezeqe.com,timeout,,False,0,0,False
ezflow.com,timeout,,False,0,0,False
eztico.com,timeout,,False,0,0,False
ezydog.co,timeout,,False,0,0,False
fabao.ae,timeout,,False,0,0,False
fabretrading.co,timeout,,False,0,0,False
faced.com,timeout,,False,0,0,False
faceyoga.com,timeout,,False,0,0,False
fairplaypublishing.com,timeout,,False,0,0,False
fairyberry.com,timeout,,False,0,0,False
faithjewels.com,timeout,,False,0,0,False
falgun.co,timeout,,False,0,0,False
fallenandfelled.co,timeout,,False,0,0,False
fallows.co,timeout,,False,0,0,False
famousfinder.co,timeout,,False,0,0,False
fanak.ae,timeout,,False,0,0,False
fancee.com,timeout,,False,0,0,False
fantomsender.com,timeout,,False,0,0,False
faq-item.open,timeout,,False,0,0,False
farm0.org,timeout,,False,0,0,False
farmbot.io,timeout,,False,0,0,False
farranhardware.com,timeout,,False,0,0,False
fartherafield.com,timeout,,False,0,0,False
fashionbyjennifer.nl,timeout,,False,0,0,False
fastbundle.co,timeout,,False,0,0,False
favicon.svg,timeout,,False,0,0,False
fayarn.com,timeout,,False,0,0,False
fayded.com,timeout,,False,0,0,False
fdry.com,timeout,,False,0,0,False
febland.co,timeout,,False,0,0,False
feedyio.com,timeout,,False,0,0,False
feelgoodcreative.com,timeout,,False,0,0,False
feelgoodnest.com,timeout,,False,0,0,False
fejn.com,timeout,,False,0,0,False
fendiz.com,timeout,,False,0,0,False
feroz.com,timeout,,False,0,0,False
fiio.nl,timeout,,False,0,0,False
fileder.de,timeout,,False,0,0,False
fill-me.ch,timeout,,False,0,0,False
filmnote.com,timeout,,False,0,0,False
filtered.length,timeout,,False,0,0,False
filtered.slice,timeout,,False,0,0,False
filtered.sort,timeout,,False,0,0,False
findafloor.com,timeout,,False,0,0,False
findlayhats.com,timeout,,False,0,0,False
fineshave.co,timeout,,False,0,0,False
firstcreekwines.com,timeout,,False,0,0,False
fishdownunder.com,timeout,,False,0,0,False
fishingandoutdoorworld.com,timeout,,False,0,0,False
fishios.ca,timeout,,False,0,0,False
fishme.com,timeout,,False,0,0,False
fishwreckwraps.com,timeout,,False,0,0,False
fitpen.com,timeout,,False,0,0,False
fivex.com,timeout,,False,0,0,False
flameswhisperer.ch,timeout,,False,0,0,False
flashy.com,timeout,,False,0,0,False
flaskebusinesscollab.com,timeout,,False,0,0,False
fleetlinemarkers.com,timeout,,False,0,0,False
flexiblefit.co,timeout,,False,0,0,False
flexifelt.com,timeout,,False,0,0,False
flightblue.co,timeout,,False,0,0,False
floriea.co,timeout,,False,0,0,False
flowimports.co,timeout,,False,0,0,False
flowplusapp.com,timeout,,False,0,0,False
flox.co,timeout,,False,0,0,False
fonts.gstati,timeout,,False,0,0,False
fredericksrichmond.com,timeout,,False,0,0,False
freshdrink.ch,timeout,,False,0,0,False
freshfriday.com,timeout,,False,0,0,False
freshsqueezed.co,timeout,,False,0,0,False
frontmanagement.com,timeout,,False,0,0,False
frozora.ch,timeout,,False,0,0,False
fudigo.com,timeout,,False,0,0,False
fuego.io,timeout,,False,0,0,False
gabee.com,timeout,,False,0,0,False
gadgetsonline.co,timeout,,False,0,0,False
gallerydefi.io,timeout,,False,0,0,False
galponderopa.com,timeout,,False,0,0,False
gamingloot.co,timeout,,False,0,0,False
gardendepot.com,timeout,,False,0,0,False
gardie.com,timeout,,False,0,0,False
gardssallskapet.se,timeout,,False,0,0,False
gashx.com,timeout,,False,0,0,False
gaslab.com,timeout,,False,0,0,False
gazeboguys.com,timeout,,False,0,0,False
gazellebookservices.co,timeout,,False,0,0,False
gazzettaseo.com,timeout,,False,0,0,False
gcrad.com,timeout,,False,0,0,False
gdecor.co,timeout,,False,0,0,False
gelpax.com,timeout,,False,0,0,False
gemstonecreations.com,timeout,,False,0,0,False
getvitals.io,timeout,,False,0,0,False
getway.cl,timeout,,False,0,0,False
gever.com,timeout,,False,0,0,False
gfda.co,timeout,,False,0,0,False
ghhurt.com,timeout,,False,0,0,False
gibgi.com,timeout,,False,0,0,False
giftsec.com,timeout,,False,0,0,False
gigli.com,timeout,,False,0,0,False
gilchristsoames.com,timeout,,False,0,0,False
gillandra.com,timeout,,False,0,0,False
gimap.co,timeout,,False,0,0,False
gimex.fr,timeout,,False,0,0,False
gimmii.nl,timeout,,False,0,0,False
giomia.co,timeout,,False,0,0,False
glaize.co,timeout,,False,0,0,False
glama.co,timeout,,False,0,0,False
glampalm.com,timeout,,False,0,0,False
glanzs.com,timeout,,False,0,0,False
glassette.com,timeout,,False,0,0,False
glazeskin.com,timeout,,False,0,0,False
gleamcx.com,timeout,,False,0,0,False
glide.com,timeout,,False,0,0,False
glusen.com,timeout,,False,0,0,False
gmsvstore.com,timeout,,False,0,0,False
goapr.co,active,,False,0,0,False
gobaplay.co,timeout,,False,0,0,False
gobsn.com,timeout,,False,0,0,False
godetect.co,timeout,,False,0,0,False
goeelo.com,timeout,,False,0,0,False
gokickflip.com,timeout,,False,0,0,False
goldkueche.ch,timeout,,False,0,0,False
golemangear.co,timeout,,False,0,0,False
golfio.com,timeout,,False,0,0,False
gomichaelpro.co,dead,,False,0,0,False
goneel.com,timeout,,False,0,0,False
gonutriline.com,timeout,,False,0,0,False
goodcoffeeproject.com,timeout,,False,0,0,False
gopharmacywa.com,timeout,,False,0,0,False
goripples.com,timeout,,False,0,0,False
gosnells.co,timeout,,False,0,0,False
gosubwild.com,timeout,,False,0,0,False
gota.co,timeout,,False,0,0,False
gotrax.ca,timeout,,False,0,0,False
govida.nl,timeout,,False,0,0,False
govitaburwood.com,timeout,,False,0,0,False
gowarmly.com,timeout,,False,0,0,False
gpt4dtc.com,timeout,,False,0,0,False
grad.dk,timeout,,False,0,0,False
grandcruwineshop.com,timeout,,False,0,0,False
grasslands.co,timeout,,False,0,0,False
grav8y.com,timeout,,False,0,0,False
greasesolutions.co,timeout,,False,0,0,False
greatmerchandise.com,timeout,,False,0,0,False
greenandgable.co,timeout,,False,0,0,False
greenworkscoffee.co,timeout,,False,0,0,False
grenx.com,timeout,,False,0,0,False
grokepet.com,timeout,,False,0,0,False
grorite.co,timeout,,False,0,0,False
ground-guards.co,timeout,,False,0,0,False
groundswellwash.com,timeout,,False,0,0,False
growersespresso.com,timeout,,False,0,0,False
growndrinks.co,timeout,,False,0,0,False
guday.com,timeout,,False,0,0,False
guntraps.com,timeout,,False,0,0,False
gutly.com,timeout,,False,0,0,False
gutsyferments.com,timeout,,False,0,0,False
gutzbusta.co,timeout,,False,0,0,False
gwinganna.com,timeout,,False,0,0,False
gwisg.com,timeout,,False,0,0,False
gympack.us,timeout,,False,0,0,False
gymsphere.co,timeout,,False,0,0,False
gymzey.com,timeout,,False,0,0,False
h-supplier.ch,timeout,,False,0,0,False
h.hurt,timeout,,False,0,0,False
h2wow.com,timeout,,False,0,0,False
habc.dk,timeout,,False,0,0,False
habitual-home.co,timeout,,False,0,0,False
hadara.biz,timeout,,False,0,0,False
hagen.es,timeout,,False,0,0,False
hairlinkextensions.com,timeout,,False,0,0,False
hairsyrup.co,timeout,,False,0,0,False
halalthreads.co,timeout,,False,0,0,False
haleorganics.co,timeout,,False,0,0,False
hallandwall.co,timeout,,False,0,0,False
hallikeld.co,timeout,,False,0,0,False
handlehouse.com,timeout,,False,0,0,False
happenstancewhiskey.com,timeout,,False,0,0,False
happyhomewares.co,timeout,,False,0,0,False
happysocks.com,timeout,,False,0,0,False
harbourlifestyle.co,timeout,,False,0,0,False
harcor.com,timeout,,False,0,0,False
hasp.com,timeout,,False,0,0,False
havenbaby.co,timeout,,False,0,0,False
haverford.com,timeout,,False,0,0,False
havn.global,timeout,,False,0,0,False
hb-lab.ae,timeout,,False,0,0,False
headhugsleep.com,timeout,,False,0,0,False
healsway.io,timeout,,False,0,0,False
healthaceu.com,timeout,,False,0,0,False
healthproductsconnect.com,timeout,,False,0,0,False
healthprofessionalsolutions.com,timeout,,False,0,0,False
heatit.de,timeout,,False,0,0,False
heatup.ca,timeout,,False,0,0,False
heevey.nl,timeout,,False,0,0,False
hellosalam.com,timeout,,False,0,0,False
helloweekend.com,timeout,,False,0,0,False
helmetheads.co,timeout,,False,0,0,False
hemji.com,timeout,,False,0,0,False
heybenovel.com,timeout,,False,0,0,False
heycarson.com,timeout,,False,0,0,False
heych.com,timeout,,False,0,0,False
hgvnutrients.com,timeout,,False,0,0,False
hhtj.co,timeout,,False,0,0,False
hi-d.co,timeout,,False,0,0,False
hiatuscollection.com,timeout,,False,0,0,False
hibana.com,timeout,,False,0,0,False
hipstirrbelts.com,timeout,,False,0,0,False
hisong.io,timeout,,False,0,0,False
hizen.de,timeout,,False,0,0,False
hjcave.com,timeout,,False,0,0,False
hmscommerce.com,timeout,,False,0,0,False
hobbyco.com,timeout,,False,0,0,False
honeyandbeau.com,timeout,,False,0,0,False
honeyandtoast.co,timeout,,False,0,0,False
hongteckhin.com,timeout,,False,0,0,False
hop-suppliers.ch,timeout,,False,0,0,False
hopunionbrewery.co,timeout,,False,0,0,False
hornsbycomfyhips.com,timeout,,False,0,0,False
horse.com,timeout,,False,0,0,False
horsepowerdirect.co,timeout,,False,0,0,False
hortiscale.at,timeout,,False,0,0,False
hotelsuppliesltd.co,timeout,,False,0,0,False
houlihansofbrighton.com,timeout,,False,0,0,False
houndofficial.com,timeout,,False,0,0,False
houseofgolf.com,timeout,,False,0,0,False
houseofmatcha.com,timeout,,False,0,0,False
huskee.co,timeout,,False,0,0,False
idstone.com,timeout,,False,0,0,False
ieebee.com,timeout,,False,0,0,False
igenix.co,timeout,,False,0,0,False
igloohome.co,timeout,,False,0,0,False
ijoltz.com,timeout,,False,0,0,False
ilanakohn.com,timeout,,False,0,0,False
iluna.fr,timeout,,False,0,0,False
impel.se,timeout,,False,0,0,False
impressionslaserstudio.co,timeout,,False,0,0,False
indextop1.com,timeout,,False,0,0,False
indianengineeringaustralia.com,timeout,,False,0,0,False
indossa.se,timeout,,False,0,0,False
infire.de,timeout,,False,0,0,False
infratech-solutions.co,timeout,,False,0,0,False
inkedgarment.com,timeout,,False,0,0,False
inloff.com,timeout,,False,0,0,False
inov8.com,timeout,,False,0,0,False
inphaseaudio.co,timeout,,False,0,0,False
instantpushowl.com,timeout,,False,0,0,False
interlook.ch,timeout,,False,0,0,False
inthee.com,timeout,,False,0,0,False
inviid.com,timeout,,False,0,0,False
invohq.com,timeout,,False,0,0,False
iraira.co,timeout,,False,0,0,False
iroly.com,timeout,,False,0,0,False
iseira.com,timeout,,False,0,0,False
isfar.co,timeout,,False,0,0,False
ismp.org,timeout,,False,0,0,False
iss-surveyequipment.co,timeout,,False,0,0,False
ist.toggle,timeout,,False,0,0,False
itdomy.com,timeout,,False,0,0,False
j-kshop.no,timeout,,False,0,0,False
jaboo.io,timeout,,False,0,0,False
jafi.dk,timeout,,False,0,0,False
jagmeds.com,timeout,,False,0,0,False
jamaklab.com,timeout,,False,0,0,False
jarrahmedia.com,timeout,,False,0,0,False
jdawt.com,timeout,,False,0,0,False
jetpro.com,timeout,,False,0,0,False
jimmyrum.com,timeout,,False,0,0,False
jinjewellery.com,timeout,,False,0,0,False
jitrois.com,timeout,,False,0,0,False
jk-sci.com,timeout,,False,0,0,False
jkellerdesign.com,timeout,,False,0,0,False
jmsslt.com,timeout,,False,0,0,False
joinbioharmonic.com,timeout,,False,0,0,False
joinshoplift.co,timeout,,False,0,0,False
joinvibe.co,timeout,,False,0,0,False
jolika.co,timeout,,False,0,0,False
jonnyssister.co,timeout,,False,0,0,False
jorven.com,timeout,,False,0,0,False
joybis.com,timeout,,False,0,0,False
jparrboro.co,timeout,,False,0,0,False
jpsdesigner.com,timeout,,False,0,0,False
jtsecig.co,timeout,,False,0,0,False
jtxfitness.com,timeout,,False,0,0,False
juiceheadeliquid.co,timeout,,False,0,0,False
justartificial.co,timeout,,False,0,0,False
justbecauseclub.co,timeout,,False,0,0,False
kalads.com,timeout,,False,0,0,False
kandee.co,timeout,,False,0,0,False
kangaroonuts.com,timeout,,False,0,0,False
kaptura.de,timeout,,False,0,0,False
karee.co,timeout,,False,0,0,False
karolaandco.com,timeout,,False,0,0,False
kersengheng.com,timeout,,False,0,0,False
kess.co,timeout,,False,0,0,False
keune.co,timeout,,False,0,0,False
key-o.it,timeout,,False,0,0,False
kfsco.co,timeout,,False,0,0,False
khadi.es,timeout,,False,0,0,False
kiage.es,timeout,,False,0,0,False
kibys.com,timeout,,False,0,0,False
kiddyspace.com,timeout,,False,0,0,False
kidspix.co,timeout,,False,0,0,False
kidzandbellz.com,timeout,,False,0,0,False
kindredhomeco.com,timeout,,False,0,0,False
king-machinery.co,timeout,,False,0,0,False
king-machinery.com,timeout,,False,0,0,False
knobco.com,timeout,,False,0,0,False
knoc-k.com,timeout,,False,0,0,False
knosti.de,timeout,,False,0,0,False
knotte.co,timeout,,False,0,0,False
kolef.com,timeout,,False,0,0,False
komurr.com,timeout,,False,0,0,False
koravski.com,timeout,,False,0,0,False
koubla.com,timeout,,False,0,0,False
kovio.de,timeout,,False,0,0,False
kovna.nl,timeout,,False,0,0,False
kragu.com,timeout,,False,0,0,False
krishnacreations.com,timeout,,False,0,0,False
kristenwalkersmith.com,timeout,,False,0,0,False
krite.fr,timeout,,False,0,0,False
kroma.co,timeout,,False,0,0,False
krump.ae,timeout,,False,0,0,False
krvvy.com,timeout,,False,0,0,False
ks-sze.com,timeout,,False,0,0,False
ktjvca.com,timeout,,False,0,0,False
kvantlasers.co,timeout,,False,0,0,False
lambur.com,timeout,,False,0,0,False
lampp.io,timeout,,False,0,0,False
lanartalpaca.com,timeout,,False,0,0,False
lanude.com,timeout,,False,0,0,False
lapondo.de,timeout,,False,0,0,False
larevy.com,timeout,,False,0,0,False
largebox.com,timeout,,False,0,0,False
laserexpress.com,timeout,,False,0,0,False
laundrytalk.com,timeout,,False,0,0,False
lauragravestock.co,timeout,,False,0,0,False
lauraswholesomejunkfood.com,timeout,,False,0,0,False
laurie.se,timeout,,False,0,0,False
laurusedventures.com,timeout,,False,0,0,False
lausup.com,timeout,,False,0,0,False
lautux.de,timeout,,False,0,0,False
lavandy.nl,timeout,,False,0,0,False
leadbend.com,timeout,,False,0,0,False
leadingled.co,timeout,,False,0,0,False
leattmtb.com,timeout,,False,0,0,False
leau.com,timeout,,False,0,0,False
led-co.com,timeout,,False,0,0,False
leezza.com,timeout,,False,0,0,False
leilah.com,timeout,,False,0,0,False
leizus.co,timeout,,False,0,0,False
leklint.de,timeout,,False,0,0,False
lenciamorgan.com,timeout,,False,0,0,False
lenki.ch,timeout,,False,0,0,False
lenzy.co,timeout,,False,0,0,False
leprendo.com,timeout,,False,0,0,False
lesdeux.co,timeout,,False,0,0,False
letsmeattownsville.com,timeout,,False,0,0,False
letsupcycle.com,timeout,,False,0,0,False
letter-werk.ch,timeout,,False,0,0,False
levede.com,timeout,,False,0,0,False
leveldesignagency.com,timeout,,False,0,0,False
levita.com,timeout,,False,0,0,False
levitex.co,timeout,,False,0,0,False
levityhome.com,timeout,,False,0,0,False
levora.co,timeout,,False,0,0,False
licube.ca,timeout,,False,0,0,False
lielandlentz.com,timeout,,False,0,0,False
lifecolorplus.co,timeout,,False,0,0,False
lifestylelivinggriffith.com,timeout,,False,0,0,False
liftsets.co,timeout,,False,0,0,False
lighthousetattoo.co,timeout,,False,0,0,False
lightingales.com,timeout,,False,0,0,False
lilbee.ca,timeout,,False,0,0,False
lilcat.com,timeout,,False,0,0,False
linenconnections.com,timeout,,False,0,0,False
linkiri.io,timeout,,False,0,0,False
linklighting.co,timeout,,False,0,0,False
lion-energy.io,timeout,,False,0,0,False
liquidblox.com,timeout,,False,0,0,False
lisine.com,timeout,,False,0,0,False
lismoreclinic.com,timeout,,False,0,0,False
locatestore.com,timeout,,False,0,0,False
locoliving.com,timeout,,False,0,0,False
lodestarminiaturerailways.co,timeout,,False,0,0,False
logiaweatherstation.com,timeout,,False,0,0,False
lohy.pro,timeout,,False,0,0,False
lohypro.com,timeout,,False,0,0,False
loid.no,timeout,,False,0,0,False
lolaatelier.com,timeout,,False,0,0,False
lonelykidsclub.com,timeout,,False,0,0,False
lotusflowercandle.com,timeout,,False,0,0,False
louissmith.co,timeout,,False,0,0,False
loumet.com,timeout,,False,0,0,False
loutsa.fr,timeout,,False,0,0,False
loveannax.com,timeout,,False,0,0,False
lovebrandfactory.de,timeout,,False,0,0,False
lovelowcarb.com,timeout,,False,0,0,False
loveself.uk,timeout,,False,0,0,False
lovio.co,timeout,,False,0,0,False
lovne.dk,timeout,,False,0,0,False
lowrangeco.com,timeout,,False,0,0,False
loya.swiss,timeout,,False,0,0,False
lubs.de,timeout,,False,0,0,False
lucaffe.com,timeout,,False,0,0,False
lucanougat.com,timeout,,False,0,0,False
luggageland.com,timeout,,False,0,0,False
lullabuy.co,timeout,,False,0,0,False
lumeoutdoorliving.com,timeout,,False,0,0,False
lumerix.ch,timeout,,False,0,0,False
lunasun.co,timeout,,False,0,0,False
lunge.de,timeout,,False,0,0,False
lunore.fr,timeout,,False,0,0,False
luut.co,timeout,,False,0,0,False
luvsom.com,timeout,,False,0,0,False
luxoma.com,timeout,,False,0,0,False
luxonn.de,timeout,,False,0,0,False
luxotec.com,timeout,,False,0,0,False
luxuca.com,timeout,,False,0,0,False
luxurykulture.com,timeout,,False,0,0,False
luxwardrobe.com,timeout,,False,0,0,False
lvly.us,timeout,,False,0,0,False
lxmods.com,timeout,,False,0,0,False
lyfto.co,timeout,,False,0,0,False
lynden.de,timeout,,False,0,0,False
m.slice,timeout,,False,0,0,False
machine-era.com,timeout,,False,0,0,False
macinasac.co,timeout,,False,0,0,False
macjays.co,timeout,,False,0,0,False
macleodsfurniture.com,timeout,,False,0,0,False
macwork.co,timeout,,False,0,0,False
madebox.com,timeout,,False,0,0,False
madji.com,timeout,,False,0,0,False
maduem.com,timeout,,False,0,0,False
magicshop.co,timeout,,False,0,0,False
magpiette.co,timeout,,False,0,0,False
mainlineflatpacks.co,timeout,,False,0,0,False
mainslondon.com,timeout,,False,0,0,False
maisonspecial.co,timeout,,False,0,0,False
maisonzifan.com,timeout,,False,0,0,False
makershaven.co,timeout,,False,0,0,False
mapale.com,timeout,,False,0,0,False
mapsformoments.co,timeout,,False,0,0,False
marathonsports.com,timeout,,False,0,0,False
marchantsigns.com,timeout,,False,0,0,False
mareks.fi,timeout,,False,0,0,False
marineinnovations.co,timeout,,False,0,0,False
marineworks.co,timeout,,False,0,0,False
marketlane.com,timeout,,False,0,0,False
marokk.dk,timeout,,False,0,0,False
math.ceil,timeout,,False,0,0,False
math.max,timeout,,False,0,0,False
math.min,timeout,,False,0,0,False
mceone.io,timeout,,False,0,0,False
mcman.com,timeout,,False,0,0,False
melbmade.com,timeout,,False,0,0,False
melbournehifi.com,timeout,,False,0,0,False
melez.co,timeout,,False,0,0,False
melrosefuturelab.com,timeout,,False,0,0,False
memoriesandscents.nl,timeout,,False,0,0,False
mensland.com,timeout,,False,0,0,False
mezzano.com,timeout,,False,0,0,False
mgigolf.co,timeout,,False,0,0,False
mhsecofriendly.co,timeout,,False,0,0,False
mibed.co,timeout,,False,0,0,False
midibl.com,timeout,,False,0,0,False
migraciones.io,timeout,,False,0,0,False
mijndeekie.nl,timeout,,False,0,0,False
milburymodels.co,timeout,,False,0,0,False
millienme.com,timeout,,False,0,0,False
millikens.co,timeout,,False,0,0,False
millin.co,timeout,,False,0,0,False
millionaires.com,timeout,,False,0,0,False
minijumbuk.com,timeout,,False,0,0,False
minimascot.com,timeout,,False,0,0,False
minimum.dk,timeout,,False,0,0,False
miningsurplus.com,timeout,,False,0,0,False
minipakr.com,timeout,,False,0,0,False
minit.com,timeout,,False,0,0,False
minoux.com,timeout,,False,0,0,False
miomedico.de,timeout,,False,0,0,False
miops.com,timeout,,False,0,0,False
mirrorsbyreflect.com,timeout,,False,0,0,False
mishyssydney.com,timeout,,False,0,0,False
missbeads.com,timeout,,False,0,0,False
misslolo.co,timeout,,False,0,0,False
miufu.co,timeout,,False,0,0,False
miyyah.com,timeout,,False,0,0,False
mjsealants.co,timeout,,False,0,0,False
mlusc.com,timeout,,False,0,0,False
mm2.deals,timeout,,False,0,0,False
mmwines.com,timeout,,False,0,0,False
mntge.io,timeout,,False,0,0,False
mobie.com,timeout,,False,0,0,False
mobilebeat.com,timeout,,False,0,0,False
modelu3d.co,timeout,,False,0,0,False
mokee.fr,timeout,,False,0,0,False
momentsmagazine.co,timeout,,False,0,0,False
momera.com,timeout,,False,0,0,False
monocleapp.co,timeout,,False,0,0,False
montup.ca,timeout,,False,0,0,False
moooor.com,timeout,,False,0,0,False
morecottons.com,timeout,,False,0,0,False
morek.se,timeout,,False,0,0,False
morva.com,timeout,,False,0,0,False
moss.cl,timeout,,False,0,0,False
mosthelabel.com,timeout,,False,0,0,False
motorcycleperformancestore.co,timeout,,False,0,0,False
mr-pong.ch,timeout,,False,0,0,False
mr-pong.shop,timeout,,False,0,0,False
mr.boat,timeout,,False,0,0,False
mrboat.nl,timeout,,False,0,0,False
mrdavis.co,timeout,,False,0,0,False
mrfothergills.co,timeout,,False,0,0,False
mrfothergills.com,timeout,,False,0,0,False
mrsrogers.co,timeout,,False,0,0,False
mrsteps.co,timeout,,False,0,0,False
msg.style,timeout,,False,0,0,False
msg.textco,timeout,,False,0,0,False
mtbdirect.com,timeout,,False,0,0,False
mtbhq.com,timeout,,False,0,0,False
mtnstn.com,timeout,,False,0,0,False
muicksandy.co,timeout,,False,0,0,False
muya.net,timeout,,False,0,0,False
mvdusa.com,timeout,,False,0,0,False
mwasuperstore.com,timeout,,False,0,0,False
mwj-hull.co,timeout,,False,0,0,False
my-car.com,timeout,,False,0,0,False
my-mw.com,timeout,,False,0,0,False
mybos.ch,timeout,,False,0,0,False
mydivinehome.com,timeout,,False,0,0,False
myhairandbeauty.co,timeout,,False,0,0,False
myhairmagic.com,timeout,,False,0,0,False
myhouse.com,timeout,,False,0,0,False
myjam.co,timeout,,False,0,0,False
myjewellerystory.com,timeout,,False,0,0,False
myjoycollection.com,timeout,,False,0,0,False
mylaminationaustralia.com,timeout,,False,0,0,False
mylbl.co,timeout,,False,0,0,False
mynighty.com,timeout,,False,0,0,False
mynook.com,timeout,,False,0,0,False
myparcelis.com,timeout,,False,0,0,False
mysoy.de,timeout,,False,0,0,False
myyazstudio.co,timeout,,False,0,0,False
n.tolowe,timeout,,False,0,0,False
nakdbreeze.com,timeout,,False,0,0,False
nani.dk,timeout,,False,0,0,False
nationalsafetypassport.co,timeout,,False,0,0,False
nativeozbushfoods.com,timeout,,False,0,0,False
natori.com,timeout,,False,0,0,False
naturalcurlsclub.com,timeout,,False,0,0,False
naturalliving.co,timeout,,False,0,0,False
natureorigins.co,timeout,,False,0,0,False
neap.com,timeout,,False,0,0,False
neasdenhardware.co,timeout,,False,0,0,False
nector.io,timeout,,False,0,0,False
nelsonscnc.com,timeout,,False,0,0,False
neosolax.com,timeout,,False,0,0,False
neova.com,timeout,,False,0,0,False
neowall.co,timeout,,False,0,0,False
neuwbornethelabel.com,timeout,,False,0,0,False
nevedistributed.com,timeout,,False,0,0,False
neweybloomer.com,timeout,,False,0,0,False
newkee.de,timeout,,False,0,0,False
nitori.com,timeout,,False,0,0,False
nmkbh.com,timeout,,False,0,0,False
noah.com,timeout,,False,0,0,False
noahsarkwaterpark.com,timeout,,False,0,0,False
nudiesnacks.co,timeout,,False,0,0,False
numph.com,timeout,,False,0,0,False
numsy.nl,timeout,,False,0,0,False
numuu.com,timeout,,False,0,0,False
nycfactory.co,timeout,,False,0,0,False
nymzo.world,timeout,,False,0,0,False
oasispets.co,timeout,,False,0,0,False
odisia.com,timeout,,False,0,0,False
offgridecopower.com,timeout,,False,0,0,False
offx.com,timeout,,False,0,0,False
ohanamushrooms.com,timeout,,False,0,0,False
ohrlaf.com,timeout,,False,0,0,False
ohsofancy.co,timeout,,False,0,0,False
ondon.com,timeout,,False,0,0,False
oneforfun.co,timeout,,False,0,0,False
oneply.ca,timeout,,False,0,0,False
oneteaspoon.com,timeout,,False,0,0,False
onkaparinga.com,timeout,,False,0,0,False
online-bedrooms.co,timeout,,False,0,0,False
online-ceramics.com,timeout,,False,0,0,False
ontier.com,timeout,,False,0,0,False
ooh-aahinvitations.com,timeout,,False,0,0,False
ooinya.co,timeout,,False,0,0,False
opensi.fr,timeout,,False,0,0,False
optimizehydration.co,timeout,,False,0,0,False
oraana.com,timeout,,False,0,0,False
orcaembroidery.co,timeout,,False,0,0,False
orevia.fr,timeout,,False,0,0,False
organity.co,timeout,,False,0,0,False
ornatique.co,timeout,,False,0,0,False
osgig.com,timeout,,False,0,0,False
ottohouse.co,timeout,,False,0,0,False
ottoman-bed.co,timeout,,False,0,0,False
ouroutlet.com,timeout,,False,0,0,False
outbackers.com,timeout,,False,0,0,False
outbacksafetrack.com,timeout,,False,0,0,False
outcropaustralia.com,timeout,,False,0,0,False
outfitbuilderapp.com,timeout,,False,0,0,False
outreachwire.com,timeout,,False,0,0,False
outserve.co,timeout,,False,0,0,False
outsidemouldings.com,timeout,,False,0,0,False
ouxi.be,timeout,,False,0,0,False
ovulay.co,timeout,,False,0,0,False
ovvel.com,active_ecommerce,shopify,True,3,5,False
oxfordyarnstore.co,timeout,,False,0,0,False
ozcritter.com,timeout,,False,0,0,False
ozmoe.com,active_ecommerce,shopify,True,1,5,False
ozmosis.com,timeout,,False,0,0,False
ozweldingsupplies.com,timeout,,False,0,0,False
paani.ch,active_ecommerce,shopify,True,3,5,False
pacificiq.co,active,,False,0,1,False
padstowdistilling.co,timeout,,False,0,0,False
paintlikefrida.com,active_ecommerce,shopify,True,3,5,False
paintsprayer.co,timeout,,False,0,0,False
pakio.com,active,,False,0,0,False
palbea.com,active_ecommerce,shopify,True,3,5,False
panamy.ch,active_ecommerce,shopify,True,3,5,False
pandm.de,active_ecommerce,shopify,True,3,5,False
pandsdetail.co,timeout,,False,0,0,False
panik.design,active_ecommerce,shopify,True,3,5,False
parallelcoffee.co,timeout,,False,0,0,False
parir.co,active,,False,0,1,False
parkeandronen.com,timeout,,False,0,0,False
partnerwithbarrel.com,dead,,False,0,0,False
partstribe.com,active_ecommerce,,True,0,7,False
partydudes.co,dead,,False,0,0,False
pastastraws.com,active_ecommerce,shopify,True,0,2,False
pastrybooks.com,timeout,,False,0,0,False
patchmade.net,active_ecommerce,shopify,True,3,5,False
patchmadestaff.com,active_ecommerce,shopify,True,0,2,False
patternandhome.com,active_ecommerce,shopify,True,3,5,False
patzik.com,active_ecommerce,shopify,True,3,5,False
paulahalldesigns.com,timeout,,False,0,0,False
paulalab.com,timeout,,False,0,0,False
pauldavidjewellery.co,timeout,,False,0,0,False
pawsacrosstime.com,timeout,,False,0,0,False
peakycollectibles.co,timeout,,False,0,0,False
peekapaw.com,timeout,,False,0,0,False
peninsulapress.co,timeout,,False,0,0,False
perrysolutions.com,timeout,,False,0,0,False
petrainteriors.com,timeout,,False,0,0,False
petree.nl,timeout,,False,0,0,False
petz.ae,timeout,,False,0,0,False
pg.innerh,timeout,,False,0,0,False
pgtex.com,timeout,,False,0,0,False
pharmacuum.se,timeout,,False,0,0,False
phoeberose.co,timeout,,False,0,0,False
pibaby.com,timeout,,False,0,0,False
picklemychili.com,timeout,,False,0,0,False
pilotshop.co,timeout,,False,0,0,False
pixelconversions.io,timeout,,False,0,0,False
planetdoughnut.co,timeout,,False,0,0,False
planetneon.co,timeout,,False,0,0,False
plaqueswall.com,timeout,,False,0,0,False
platter.co,timeout,,False,0,0,False
plosia.com,timeout,,False,0,0,False
plouiseacademy.co,timeout,,False,0,0,False
plufdigital.com,timeout,,False,0,0,False
plumbed.io,timeout,,False,0,0,False
plusco.com,timeout,,False,0,0,False
pm-docs.com,timeout,,False,0,0,False
pmergonomics.com,timeout,,False,0,0,False
pmk-iwatsu.co,timeout,,False,0,0,False
pnuts.net,timeout,,False,0,0,False
podsforpurpose.co,timeout,,False,0,0,False
pokerider.com,timeout,,False,0,0,False
ponique.com,timeout,,False,0,0,False
poolexpress.com,timeout,,False,0,0,False
popcard.io,timeout,,False,0,0,False
poppaws.com,timeout,,False,0,0,False
popsixle-app.com,timeout,,False,0,0,False
poptex.com,timeout,,False,0,0,False
premoo.nl,timeout,,False,0,0,False
prestige-plates.co,timeout,,False,0,0,False
prestigeinteriorswa.com,timeout,,False,0,0,False
preventivefamilycare.com,timeout,,False,0,0,False
primoo.nl,timeout,,False,0,0,False
pstgems.com,timeout,,False,0,0,False
pulsepointrecovery.com,timeout,,False,0,0,False
pumabathrooms.co,timeout,,False,0,0,False
qafila.com,timeout,,False,0,0,False
quadria.ch,timeout,,False,0,0,False
qualitybearingsonline.co,timeout,,False,0,0,False
queensdelight.dk,timeout,,False,0,0,False
qurios.co,timeout,,False,0,0,False
racketcentral.com,timeout,,False,0,0,False
radhouse.co,timeout,,False,0,0,False
radiantelectricalsupplies.com,timeout,,False,0,0,False
raffertyrugs.com,timeout,,False,0,0,False
rag-bone.com,timeout,,False,0,0,False
raiselearning.com,timeout,,False,0,0,False
rakettiosake.com,timeout,,False,0,0,False
ralet.be,timeout,,False,0,0,False
ramseysfurniture.com,timeout,,False,0,0,False
raulde.co,timeout,,False,0,0,False
reachconsulting.co,timeout,,False,0,0,False
ready2gofurniture.co,timeout,,False,0,0,False
readycutvegies.com,timeout,,False,0,0,False
readypetgoshop.com,timeout,,False,0,0,False
readysetorganic.com,timeout,,False,0,0,False
rebelplants.co,timeout,,False,0,0,False
rebirthwellness.co,timeout,,False,0,0,False
rebussignetrings.co,timeout,,False,0,0,False
reciclajeintegral.com,timeout,,False,0,0,False
reclinerstore.com,timeout,,False,0,0,False
recurringo.com,timeout,,False,0,0,False
redbonepress.com,timeout,,False,0,0,False
reencle.com,timeout,,False,0,0,False
regulation-london.com,timeout,,False,0,0,False
rehabtechnology.com,timeout,,False,0,0,False
reignandwater.co,timeout,,False,0,0,False
reinventedreams.co,timeout,,False,0,0,False
rejuv.co,timeout,,False,0,0,False
renue.biz,timeout,,False,0,0,False
replenishedonline.co,timeout,,False,0,0,False
representafoundation.org,timeout,,False,0,0,False
retiredsets.co,timeout,,False,0,0,False
retrokids.com,timeout,,False,0,0,False
reuzel.de,timeout,,False,0,0,False
revalidationforms.co,timeout,,False,0,0,False
revivalnewyork.com,timeout,,False,0,0,False
revviesenergy.co,timeout,,False,0,0,False
rewearai.com,timeout,,False,0,0,False
rezzoli.ch,timeout,,False,0,0,False
rhinoshield-kr.com,timeout,,False,0,0,False
ricemill.co,timeout,,False,0,0,False
rideonebikes.co,timeout,,False,0,0,False
ripostewines.com,timeout,,False,0,0,False
riverviewcontracts.co,timeout,,False,0,0,False
rivusco.com,timeout,,False,0,0,False
rktbns.de,timeout,,False,0,0,False
rmcf.com,timeout,,False,0,0,False
rmqe.com,timeout,,False,0,0,False
ro-rox.com,timeout,,False,0,0,False
roamwilder.com,timeout,,False,0,0,False
roastingparty.co,timeout,,False,0,0,False
robblissexhaust.com,timeout,,False,0,0,False
robdove.co,timeout,,False,0,0,False
robincap.com,timeout,,False,0,0,False
rockcurl.com,timeout,,False,0,0,False
rockymounts.co,timeout,,False,0,0,False
rockymounts.com,timeout,,False,0,0,False
rollink.com,timeout,,False,0,0,False
rollmate.co,timeout,,False,0,0,False
romaniandrinks.co,timeout,,False,0,0,False
roofrack.co,timeout,,False,0,0,False
rooleo.co,timeout,,False,0,0,False
rorry.com,timeout,,False,0,0,False
rosamae.ch,timeout,,False,0,0,False
rosamae.co,timeout,,False,0,0,False
roseandfriends.co,timeout,,False,0,0,False
rosiepriestley.co,timeout,,False,0,0,False
rotaform.co,timeout,,False,0,0,False
rowi.dk,timeout,,False,0,0,False
royalbathrooms.co,timeout,,False,0,0,False
rs3d.us,timeout,,False,0,0,False
rugoo.com,timeout,,False,0,0,False
rugtribe.com,timeout,,False,0,0,False
russenergy.com,timeout,,False,0,0,False
russle.nl,timeout,,False,0,0,False
rvere.com,timeout,,False,0,0,False
ryandetails.co,timeout,,False,0,0,False
ryechocolates.co,timeout,,False,0,0,False
safes.co,timeout,,False,0,0,False
safetrayproducts.com,timeout,,False,0,0,False
saimaz.co,timeout,,False,0,0,False
salonexpress.co,timeout,,False,0,0,False
salonlibertinewest.co,timeout,,False,0,0,False
salonsupplies.co,timeout,,False,0,0,False
salonweardirect.co,timeout,,False,0,0,False
salsageandco.com,timeout,,False,0,0,False
saltworx.com,timeout,,False,0,0,False
salvinocards.com,timeout,,False,0,0,False
scale-jet.com,timeout,,False,0,0,False
scalviniracing.com,timeout,,False,0,0,False
scatt.com,timeout,,False,0,0,False
scentlife.com,timeout,,False,0,0,False
schots.com,timeout,,False,0,0,False
schtill.ch,timeout,,False,0,0,False
sciencestudio.co,timeout,,False,0,0,False
scoffsleeds.co,timeout,,False,0,0,False
scoreboardsonline.co,timeout,,False,0,0,False
screenz.com,timeout,,False,0,0,False
scvs.com,timeout,,False,0,0,False
seccit.com,timeout,,False,0,0,False
secend.ch,timeout,,False,0,0,False
secondhand.no,timeout,,False,0,0,False
seen.co,timeout,,False,0,0,False
selbraehouse.co,timeout,,False,0,0,False
selfmadetheme.com,timeout,,False,0,0,False
seton.com,timeout,,False,0,0,False
sevenled.co,timeout,,False,0,0,False
sexdream.com,timeout,,False,0,0,False
sextoy.com,timeout,,False,0,0,False
sheselectricthelabel.com,timeout,,False,0,0,False
sierracoffee.co,timeout,,False,0,0,False
sihoooffice.co,timeout,,False,0,0,False
siipet.com,timeout,,False,0,0,False
siliconsouk.co,timeout,,False,0,0,False
siliconvalleyconsulting.io,timeout,,False,0,0,False
sillou.com,timeout,,False,0,0,False
silverlandinn.com,timeout,,False,0,0,False
silversilver.co,timeout,,False,0,0,False
silvesterv8.co,timeout,,False,0,0,False
sing-it.co,timeout,,False,0,0,False
sinksandbowls.com,timeout,,False,0,0,False
sippyau.com,timeout,,False,0,0,False
sitcon.nl,timeout,,False,0,0,False
site-optimize.com,timeout,,False,0,0,False
site3dxtech.com,timeout,,False,0,0,False
sitegeardirect.com,timeout,,False,0,0,False
sizzix.com,timeout,,False,0,0,False
skinrelief.com,timeout,,False,0,0,False
sknife.com,timeout,,False,0,0,False
skood.fr,timeout,,False,0,0,False
skyboundsimulations.co,timeout,,False,0,0,False
skyhighvisions.com,timeout,,False,0,0,False
slap.co,timeout,,False,0,0,False
slaybeverages.com,timeout,,False,0,0,False
sleepcircle.com,timeout,,False,0,0,False
sleeprepublic.com,timeout,,False,0,0,False
sleepytot.co,timeout,,False,0,0,False
slice.map,timeout,,False,0,0,False
slift.co,timeout,,False,0,0,False
sloanewines.com,timeout,,False,0,0,False
smartcleanse.com,timeout,,False,0,0,False
smokevent.co,timeout,,False,0,0,False
smooth.ie,timeout,,False,0,0,False
snackitforward.com,timeout,,False,0,0,False
snap-rewards.com,timeout,,False,0,0,False
sneakersandjeans.com,timeout,,False,0,0,False
snugcarpets.co,timeout,,False,0,0,False
snugglehunnykids.com,timeout,,False,0,0,False
snuggtemp.com,timeout,,False,0,0,False
snugs.com,timeout,,False,0,0,False
socialpack.co,timeout,,False,0,0,False
solane.com,timeout,,False,0,0,False
solaryard.com,timeout,,False,0,0,False
solbeautyco.com,timeout,,False,0,0,False
solean.com,timeout,,False,0,0,False
soledrifter.com,timeout,,False,0,0,False
solid.com,timeout,,False,0,0,False
solina.com,timeout,,False,0,0,False
solk.com,timeout,,False,0,0,False
solthreehome.com,timeout,,False,0,0,False
solveralondon.co,timeout,,False,0,0,False
somarecovery.co,timeout,,False,0,0,False
sompex.de,timeout,,False,0,0,False
sondersites.com,timeout,,False,0,0,False
sonovo.co,timeout,,False,0,0,False
soojib.com,timeout,,False,0,0,False
soopl.com,timeout,,False,0,0,False
sopeshop.com,timeout,,False,0,0,False
sophiecooney.co,timeout,,False,0,0,False
sorrelli.com,timeout,,False,0,0,False
sotru.com,timeout,,False,0,0,False
soundfever.co,timeout,,False,0,0,False
soundtherapyshop.co,timeout,,False,0,0,False
southernsnow.com,timeout,,False,0,0,False
southjewellery.co,timeout,,False,0,0,False
southscent.com,timeout,,False,0,0,False
soxu.in,timeout,,False,0,0,False
soyclay.com,timeout,,False,0,0,False
spacetek.com,timeout,,False,0,0,False
spaceylon.co,timeout,,False,0,0,False
speednation.co,timeout,,False,0,0,False
splinkofficial.com,timeout,,False,0,0,False
splitlime.com,timeout,,False,0,0,False
stallpos.com,timeout,,False,0,0,False
starpackaging.com,timeout,,False,0,0,False
starsurfaces.com,timeout,,False,0,0,False
stashworld.com,timeout,,False,0,0,False
statewideapp.com,timeout,,False,0,0,False
stellings.com,timeout,,False,0,0,False
studiometz.co,timeout,,False,0,0,False
suilong.co,timeout,,False,0,0,False
suitlab.com,timeout,,False,0,0,False
t-mex.com,timeout,,False,0,0,False
t.filter,timeout,,False,0,0,False
t.includ,timeout,,False,0,0,False
t.replac,timeout,,False,0,0,False
t.tolowe,timeout,,False,0,0,False
taare.com,timeout,,False,0,0,False
taxzia.com,timeout,,False,0,0,False
taylrd.io,timeout,,False,0,0,False
tbody.innerh,timeout,,False,0,0,False
tccoe.com,timeout,,False,0,0,False
td.countr,timeout,,False,0,0,False
td.domain,timeout,,False,0,0,False
td.name,timeout,,False,0,0,False
teaassociates.com,timeout,,False,0,0,False
teambarrel.com,timeout,,False,0,0,False
teamgeardepot.com,timeout,,False,0,0,False
teamresonatecreatives.com,timeout,,False,0,0,False
teamuniformdirect.com,timeout,,False,0,0,False
teblix.com,timeout,,False,0,0,False
tecbuy.com,timeout,,False,0,0,False
techdomecorp.com,timeout,,False,0,0,False
techintention.com,timeout,,False,0,0,False
tgluck.com,timeout,,False,0,0,False
tgsbeautyandskin.com,timeout,,False,0,0,False
thatsfurniture.com,timeout,,False,0,0,False
theartistrystore.com,timeout,,False,0,0,False
thebeautycrop.co,timeout,,False,0,0,False
thebespokerider.com,timeout,,False,0,0,False
thebestecigarette.co,timeout,,False,0,0,False
thebiltongbaron.com,timeout,,False,0,0,False
thebookmongerbearsden.co,timeout,,False,0,0,False
thebooknookery.com,timeout,,False,0,0,False
thebridaledition.co,timeout,,False,0,0,False
thecaratclub.co,timeout,,False,0,0,False
theclearicecompany.com,timeout,,False,0,0,False
thecollie.com,timeout,,False,0,0,False
thecsfshop.com,timeout,,False,0,0,False
thedermacompany.co,timeout,,False,0,0,False
thedesigndepot.co,timeout,,False,0,0,False
theoilscompany.co,timeout,,False,0,0,False
thepackagingpeople.com,timeout,,False,0,0,False
theparfumclub.co,timeout,,False,0,0,False
thepurpleglo.com,timeout,,False,0,0,False
thequirkychair.com,timeout,,False,0,0,False
therapeuticclassrooms.co,timeout,,False,0,0,False
therapyathome.com,timeout,,False,0,0,False
theresinmill.co,timeout,,False,0,0,False
therideside.com,timeout,,False,0,0,False
therootist.com,timeout,,False,0,0,False
thesnuslife.com,timeout,,False,0,0,False
thespathecary.com,timeout,,False,0,0,False
thesquarepeg.com,timeout,,False,0,0,False
thestonemen.com,timeout,,False,0,0,False
thetechgeeks.com,timeout,,False,0,0,False
thetechnologystore.co,timeout,,False,0,0,False
thetilecollective.com,timeout,,False,0,0,False
theum.co,timeout,,False,0,0,False
thevintagesecret.com,timeout,,False,0,0,False
thewaterproofingshop.com,timeout,,False,0,0,False
thewonderpatch.co,timeout,,False,0,0,False
thewoodscyclery.co,timeout,,False,0,0,False
thewoodveneerhub.com,timeout,,False,0,0,False
theworkshopworld.com,timeout,,False,0,0,False
theworkwearshed.com,timeout,,False,0,0,False
thexbrace.com,timeout,,False,0,0,False
thisispattern.com,timeout,,False,0,0,False
thomastouring.co,timeout,,False,0,0,False
thompsonandcrowe.com,timeout,,False,0,0,False
threadboards.com,timeout,,False,0,0,False
tiegear.com,timeout,,False,0,0,False
tigrit.jp,timeout,,False,0,0,False
tileciti.com,timeout,,False,0,0,False
tilopay.com,timeout,,False,0,0,False
timond.co,timeout,,False,0,0,False
tinkable.com,timeout,,False,0,0,False
tinmanmerchandising.com,timeout,,False,0,0,False
tintledigitalmarketinghub.com,timeout,,False,0,0,False
tinytoesemporium.com,timeout,,False,0,0,False
tippytoescollective.com,timeout,,False,0,0,False
tishor.se,timeout,,False,0,0,False
titech.dk,timeout,,False,0,0,False
toaction.io,timeout,,False,0,0,False
toastytouch.com,timeout,,False,0,0,False
tobar.co,timeout,,False,0,0,False
tobefrankbakery.com,timeout,,False,0,0,False
tobycarveryshop.co,timeout,,False,0,0,False
tolago.se,timeout,,False,0,0,False
toms.ch,timeout,,False,0,0,False
tomsoutdoors.com,timeout,,False,0,0,False
tonyinaustralia.com,timeout,,False,0,0,False
tonysleads.com,timeout,,False,0,0,False
toolstogo.co,timeout,,False,0,0,False
toot.jp,timeout,,False,0,0,False
topsyo.com,timeout,,False,0,0,False
toriut.com,timeout,,False,0,0,False
totalchoice.com,timeout,,False,0,0,False
totalclothing.co,timeout,,False,0,0,False
touchsurfaces.com,timeout,,False,0,0,False
toysfirst.com,timeout,,False,0,0,False
trademax.co,timeout,,False,0,0,False
tranzparts.co,timeout,,False,0,0,False
traps.co,timeout,,False,0,0,False
treasuregurus.com,timeout,,False,0,0,False
trelisecooperonline.com,timeout,,False,0,0,False
tresl.co,timeout,,False,0,0,False
tricnutrition.co,timeout,,False,0,0,False
tridentcollectables.com,timeout,,False,0,0,False
triwa.com,timeout,,False,0,0,False
troika.de,timeout,,False,0,0,False
troya.com,timeout,,False,0,0,False
trycaddyfy.com,timeout,,False,0,0,False
tryzilch.com,timeout,,False,0,0,False
tslco.com,timeout,,False,0,0,False
tudungpeoplemelbourne.com,timeout,,False,0,0,False
tumbimowers.com,timeout,,False,0,0,False
tuom.com,timeout,,False,0,0,False
turbobits.co,timeout,,False,0,0,False
tuvoltio.com,timeout,,False,0,0,False
twinings.co,timeout,,False,0,0,False
twobeacons.co,timeout,,False,0,0,False
tybrixxaudits.com,timeout,,False,0,0,False
typof.com,timeout,,False,0,0,False
tyresupplies.co,timeout,,False,0,0,False
u-fo.com,timeout,,False,0,0,False
uasa.com,timeout,,False,0,0,False
unipot.ch,timeout,,False,0,0,False
uniqa.me,timeout,,False,0,0,False
uniquewholefood.com,timeout,,False,0,0,False
unitedbyapps.com,timeout,,False,0,0,False
unna.com,timeout,,False,0,0,False
unspun.io,timeout,,False,0,0,False
upperiscope.co,timeout,,False,0,0,False
uranusw.com,timeout,,False,0,0,False
urbanlivinginspections.com,timeout,,False,0,0,False
usboot.com,timeout,,False,0,0,False
va.tolowe,timeout,,False,0,0,False
value.tolowe,timeout,,False,0,0,False
vapelish.co,timeout,,False,0,0,False
vapemate.co,timeout,,False,0,0,False
vapesmoke.co,timeout,,False,0,0,False
vapeukhub.co,timeout,,False,0,0,False
varek.fr,timeout,,False,0,0,False
varietyfood.co,timeout,,False,0,0,False
varietyfoods.co,timeout,,False,0,0,False
vb.tolowe,timeout,,False,0,0,False
vdeals.com,timeout,,False,0,0,False
vectorsuspensions.com,timeout,,False,0,0,False
venicearsenal.com,timeout,,False,0,0,False
venturaliving.com,timeout,,False,0,0,False
ventureplay.co,timeout,,False,0,0,False
venuescape.com,timeout,,False,0,0,False
veovi.com,timeout,,False,0,0,False
veralishoes.com,timeout,,False,0,0,False
viiiactivewear.com,timeout,,False,0,0,False
vintrepid.com,timeout,,False,0,0,False
vinyl.ae,timeout,,False,0,0,False
vipek.com,timeout,,False,0,0,False
vitalblue.com,timeout,,False,0,0,False
vitaminquick.co,timeout,,False,0,0,False
vyne.co,timeout,,False,0,0,False
vyno.ca,timeout,,False,0,0,False
w3lead.com,timeout,,False,0,0,False
walcom.uk,timeout,,False,0,0,False
wanderoutdoors.com,timeout,,False,0,0,False
wanganbydms.com,timeout,,False,0,0,False
waoro.com,timeout,,False,0,0,False
warder.com,timeout,,False,0,0,False
warehousestorageproducts.co,timeout,,False,0,0,False
washok.nl,timeout,,False,0,0,False
waterlandscapesolutions.co,timeout,,False,0,0,False
waterman.house,timeout,,False,0,0,False
watersportsworld.co,timeout,,False,0,0,False
watsonsjewellers.com,timeout,,False,0,0,False
wavetrails.com,timeout,,False,0,0,False
wbctrading.co,timeout,,False,0,0,False
weareforged.com,timeout,,False,0,0,False
weareoloe.com,timeout,,False,0,0,False
wearetailored.com,timeout,,False,0,0,False
wearr.com,timeout,,False,0,0,False
webmbd.com,timeout,,False,0,0,False
webo2.com,timeout,,False,0,0,False
webprism.co,timeout,,False,0,0,False
weekbe.com,timeout,,False,0,0,False
weeup.com,timeout,,False,0,0,False
well-co.co,timeout,,False,0,0,False
weruva.com,timeout,,False,0,0,False
westerntiersdistillery.com,timeout,,False,0,0,False
wetakeflight.co,timeout,,False,0,0,False
wetdogandco.com,timeout,,False,0,0,False
wherk.co,timeout,,False,0,0,False
whey.com,timeout,,False,0,0,False
whitehothair.co,timeout,,False,0,0,False
whiteroseshop.co,timeout,,False,0,0,False
wholesale-blanks.co,timeout,,False,0,0,False
wholofoods.co,timeout,,False,0,0,False
whyteoak.com,timeout,,False,0,0,False
wilcoxsafety.com,timeout,,False,0,0,False
wildrabbitgifts.com,timeout,,False,0,0,False
wildwaffleproject.com,timeout,,False,0,0,False
wildwoodnursery.com,timeout,,False,0,0,False
wileyfarmandco.com,timeout,,False,0,0,False
wilfa.dk,timeout,,False,0,0,False
wilmasport.com,timeout,,False,0,0,False
windowanddoorsupplies.com,timeout,,False,0,0,False
withblocks.co,timeout,,False,0,0,False
withlooksy.com,timeout,,False,0,0,False
wizvape.co,timeout,,False,0,0,False
wkhgroup.co,timeout,,False,0,0,False
wmestore.co,timeout,,False,0,0,False
wojciechowskacosmetics.co,timeout,,False,0,0,False
womag.co,timeout,,False,0,0,False
womersleyfoods.co,timeout,,False,0,0,False
wonderpies.com,timeout,,False,0,0,False
wpeaustralia.com,timeout,,False,0,0,False
wrathx.com,timeout,,False,0,0,False
wstf.nl,timeout,,False,0,0,False
wteversth.com,timeout,,False,0,0,False
wtoolsdirect.co,timeout,,False,0,0,False
wuva.com,timeout,,False,0,0,False
www.mainsl,timeout,,False,0,0,False
www.thebes,timeout,,False,0,0,False
wylders.com,timeout,,False,0,0,False
xapix.io,timeout,,False,0,0,False
xdress.com,timeout,,False,0,0,False
xedor.com,timeout,,False,0,0,False
xforce.com,timeout,,False,0,0,False
xlash.co,timeout,,False,0,0,False
xpozer.com,timeout,,False,0,0,False
xrpnz.com,timeout,,False,0,0,False
yabbyoutdoors.com,timeout,,False,0,0,False
yalaretreat.com,timeout,,False,0,0,False
yalayallingup.com,timeout,,False,0,0,False
yarrumevets.com,timeout,,False,0,0,False
yossi.co,timeout,,False,0,0,False
youmoq.com,timeout,,False,0,0,False
yourjersey.com,timeout,,False,0,0,False
yummycards.com,timeout,,False,0,0,False
yvdh.com,timeout,,False,0,0,False
yycg.co,timeout,,False,0,0,False
zibaandco.com,timeout,,False,0,0,False
zishta.com,timeout,,False,0,0,False
znngo.com,timeout,,False,0,0,False
zoesage.com,timeout,,False,0,0,False
zokoko.com,timeout,,False,0,0,False
zolazola.com,timeout,,False,0,0,False
zommerce.co,timeout,,False,0,0,False
zontesfootstep.com,timeout,,False,0,0,False
zoomadog.co,timeout,,False,0,0,False
zorah.ca,timeout,,False,0,0,False
zspeed.com,timeout,,False,0,0,False
ztyn.co,timeout,,False,0,0,False
zumala.com,timeout,,False,0,0,False
zyrontech.com,timeout,,False,0,0,False
facebook.com,timeout,,False,0,0,False
akamaitech.net,timeout,,False,0,0,False
smartadserver.com,timeout,,False,0,0,False
steamstatic.com,timeout,,False,0,0,False
akamaitechnologies.com,timeout,,False,0,0,False
shopifycdn.com,timeout,,False,0,0,False
healthcare.gov,timeout,,False,0,0,False
supremecourt.gov,timeout,,False,0,0,False
homeoffice.gov.uk,timeout,,False,0,0,False
medicare.gov,timeout,,False,0,0,False
sportmail.ru,timeout,,False,0,0,False
dropboxstatic.com,timeout,,False,0,0,False
lightboxcdn.com,timeout,,False,0,0,False
secop.gov.co,timeout,,False,0,0,False
cartocdn.com,timeout,,False,0,0,False
digitallocker.gov.in,timeout,,False,0,0,False
mponline.gov.in,timeout,,False,0,0,False
boxcdn.net,timeout,,False,0,0,False
trade.gov,timeout,,False,0,0,False
homeaffairs.gov.au,timeout,,False,0,0,False
healthdirect.gov.au,timeout,,False,0,0,False
brandcdn.com,timeout,,False,0,0,False
digitalgov.gov,timeout,,False,0,0,False
customs.gov.cn,timeout,,False,0,0,False
passportindia.gov.in,timeout,,False,0,0,False
ecourts.gov.in,timeout,,False,0,0,False
ucarecdn.com,timeout,,False,0,0,False
sciencedirectassets.com,timeout,,False,0,0,False
food.gov.uk,timeout,,False,0,0,False
scholarships.gov.in,timeout,,False,0,0,False
direct.gov.uk,timeout,,False,0,0,False
mahaonline.gov.in,timeout,,False,0,0,False
automizely-analytics.com,timeout,,False,0,0,False
indiapostgdsonline.gov.in,timeout,,False,0,0,False
treasurydirect.gov,timeout,,False,0,0,False
nidirect.gov.uk,timeout,,False,0,0,False
digital.govt.nz,timeout,,False,0,0,False
digital.gov.eg,timeout,,False,0,0,False
fueleconomy.gov,timeout,,False,0,0,False
indianvisaonline.gov.in,timeout,,False,0,0,False
pornhubpremium.com,timeout,,False,0,0,False
arts.gov,timeout,,False,0,0,False
digital.gov,timeout,,False,0,0,False
bookcdn.com,timeout,,False,0,0,False
bundlecdn.com,timeout,,False,0,0,False
economia.gov.br,timeout,,False,0,0,False
tech1-cdn.com,timeout,,False,0,0,False
sport.gov.cn,timeout,,False,0,0,False
globalsiteanalytics.com,timeout,,False,0,0,False
salesanalytics.io,timeout,,False,0,0,False
ticaret.gov.tr,timeout,,False,0,0,False
printfleetcdn.com,timeout,,False,0,0,False
peacecorps.gov,timeout,,False,0,0,False
globalcdntech.com,timeout,,False,0,0,False
smartraveller.gov.au,timeout,,False,0,0,False
smartproxy.com,timeout,,False,0,0,False
facebook.com.br,timeout,,False,0,0,False
ecombdstatic.com,timeout,,False,0,0,False
packetcdn.me,timeout,,False,0,0,False
online.gov.vn,timeout,,False,0,0,False
cdnexpress.live,timeout,,False,0,0,False
teraboxcdn.com,timeout,,False,0,0,False
thefacebook.com,timeout,,False,0,0,False
insales-cdn.com,timeout,,False,0,0,False
moneysmart.gov.au,timeout,,False,0,0,False
netflixtechblog.com,timeout,,False,0,0,False
telegram-store.com,timeout,,False,0,0,False
glassboxcdn.com,timeout,,False,0,0,False
freshpaint-cdn.com,timeout,,False,0,0,False
myshiptracking.com,timeout,,False,0,0,False
floodsmart.gov,timeout,,False,0,0,False
scamwatch.gov.au,timeout,,False,0,0,False
mintransporte.gov.co,timeout,,False,0,0,False
apprenticeshipindia.gov.in,timeout,,False,0,0,False
capetown.gov.za,timeout,,False,0,0,False
medicareaustralia.gov.au,timeout,,False,0,0,False
skillindiadigital.gov.in,timeout,,False,0,0,False
whatsappbrand.com,timeout,,False,0,0,False
passport.gov.ph,timeout,,False,0,0,False
freshsexvideos.com,timeout,,False,0,0,False
epassport.gov.bd,timeout,,False,0,0,False
petsexvideos.com,timeout,,False,0,0,False
rtionline.gov.in,timeout,,False,0,0,False
teakcdn.com,timeout,,False,0,0,False
mecon.gov.ar,timeout,,False,0,0,False
startupindia.gov.in,timeout,,False,0,0,False
reconvert-cdn.com,timeout,,False,0,0,False
indigitall-cdn.com,timeout,,False,0,0,False
kviconline.gov.in,timeout,,False,0,0,False
customs.gov.az,timeout,,False,0,0,False
mrsgreenapple.com,timeout,,False,0,0,False
supremecourt.gov.bd,timeout,,False,0,0,False
netflixparty.com,timeout,,False,0,0,False
serviceonline.gov.in,timeout,,False,0,0,False
upsconline.gov.in,timeout,,False,0,0,False
digitalgujarat.gov.in,timeout,,False,0,0,False
swavlambancard.gov.in,timeout,,False,0,0,False
transport.wa.gov.au,timeout,,False,0,0,False
trade.gov.in,timeout,,False,0,0,False
teamtailor-cdn.com,timeout,,False,0,0,False
supremecourt.gov.np,timeout,,False,0,0,False
mahafood.gov.in,timeout,,False,0,0,False
trainingonline.gov.in,timeout,,False,0,0,False
transport.vic.gov.au,timeout,,False,0,0,False
digitalindia.gov.in,timeout,,False,0,0,False
haryanafood.gov.in,timeout,,False,0,0,False
identidadedigital.pr.gov.br,timeout,,False,0,0,False
jucesponline.sp.gov.br,timeout,,False,0,0,False
baltimorecountymd.gov,timeout,,False,0,0,False
etrade.gov.et,timeout,,False,0,0,False
foodstandards.gov.au,timeout,,False,0,0,False
customs.gov.my,timeout,,False,0,0,False
crbonline.gov.uk,timeout,,False,0,0,False
fcidepotonline.gov.in,timeout,,False,0,0,False
indiandigitalearningassets.com,timeout,,False,0,0,False
samarthpanchayat.gov.in,timeout,,False,0,0,False
captrader-tracking.de,timeout,,False,0,0,False
homedepot-static.com,timeout,,False,0,0,False
austrade.gov.au,timeout,,False,0,0,False
premiumcdn.net,timeout,,False,0,0,False
techcdn.com,timeout,,False,0,0,False
ecomparkour.io,timeout,,False,0,0,False
ebox.ca,timeout,,False,0,0,False
facebookvirtualassistant.com,timeout,,False,0,0,False
onlinebackupsolution.com,timeout,,False,0,0,False
stewart.net,timeout,,False,0,0,False
fusebox.fm,timeout,,False,0,0,False
ivecogroup.com,timeout,,False,0,0,False
autoid.com,timeout,,False,0,0,False
naturalizer.com,timeout,,False,0,0,False
boxmob.jp,timeout,,False,0,0,False
uangbox.win,timeout,,False,0,0,False
all-inbox.com,timeout,,False,0,0,False
sitemaji.com,timeout,,False,0,0,False
mydrinks.art,timeout,,False,0,0,False
isartec.de,timeout,,False,0,0,False
cmgdigital.com,timeout,,False,0,0,False
myecommercedns.com,timeout,,False,0,0,False
servedbysmart.com,timeout,,False,0,0,False
wpdigital.net,timeout,,False,0,0,False
digitalrevolution.nl,timeout,,False,0,0,False
netdirector.co.uk,timeout,,False,0,0,False
websitebox.com,timeout,,False,0,0,False
mycareersfuture.gov.sg,timeout,,False,0,0,False
sandboxol.cn,timeout,,False,0,0,False
orderprotection.com,timeout,,False,0,0,False
tcarrier.net,timeout,,False,0,0,False
polbox.tv,timeout,,False,0,0,False
nexpart.com,timeout,,False,0,0,False
vmo2digital.co.uk,timeout,,False,0,0,False
nabtrade.com.au,timeout,,False,0,0,False
autotrader.com.au,timeout,,False,0,0,False
zamusic.co.za,timeout,,False,0,0,False
datingdirect.com,timeout,,False,0,0,False
ignacioonline.com.ar,timeout,,False,0,0,False
hometownflirt.com,timeout,,False,0,0,False
disqotech.com,timeout,,False,0,0,False
webdiscount.net,timeout,,False,0,0,False
tartugi.pro,timeout,,False,0,0,False
digital-delivery.com,timeout,,False,0,0,False
delsamusic.com,timeout,,False,0,0,False
techlandonlineservices.com,timeout,,False,0,0,False
mtjonline.com,timeout,,False,0,0,False
wldmarket.com,timeout,,False,0,0,False
seatelecom.ru,timeout,,False,0,0,False
appshellbox.com,timeout,,False,0,0,False
sakhamusic.ir,timeout,,False,0,0,False
digitaledge.net,timeout,,False,0,0,False
nipotech.com.br,timeout,,False,0,0,False
diadem-tech.com,timeout,,False,0,0,False
starhome.io,timeout,,False,0,0,False
opassodaeconomia.com,timeout,,False,0,0,False
warehousestationery.co.nz,timeout,,False,0,0,False
directnic.io,timeout,,False,0,0,False
devtoolspro.online,timeout,,False,0,0,False
madrsa-online.com,timeout,,False,0,0,False
ipv4online.uk,timeout,,False,0,0,False
bankmuscatonline.com,timeout,,False,0,0,False
smart-stb.net,timeout,,False,0,0,False
icarcdn.com,timeout,,False,0,0,False
indiaonline.in,timeout,,False,0,0,False
diodecom.net,timeout,,False,0,0,False
supremecourtus.gov,timeout,,False,0,0,False
bundlemoviepumice.com,timeout,,False,0,0,False
express-connect.com,timeout,,False,0,0,False
radioonline.co.id,timeout,,False,0,0,False
asotools.io,timeout,,False,0,0,False
computech-rz.ch,timeout,,False,0,0,False
decocho.com,timeout,,False,0,0,False
economycloud.net,timeout,,False,0,0,False
tech2-cdn.com,timeout,,False,0,0,False
ubuy.com.pk,timeout,,False,0,0,False
greensex.ru,timeout,,False,0,0,False
investisdigital.com,timeout,,False,0,0,False
procraft.ua,timeout,,False,0,0,False
eztechglobal.com,timeout,,False,0,0,False
aspec-changanauto.ru,timeout,,False,0,0,False
exctech.ru,timeout,,False,0,0,False
stroeerdigitalmedia.de,timeout,,False,0,0,False
art.com.au,timeout,,False,0,0,False
ghammusic.ir,timeout,,False,0,0,False
navazmusics.com,timeout,,False,0,0,False
printtrackerpro.com,timeout,,False,0,0,False
samsungsmartappliance.com,timeout,,False,0,0,False
ctradercloud.com,timeout,,False,0,0,False
rtl-smart.tv,timeout,,False,0,0,False
home.kz,timeout,,False,0,0,False
driftracingonline.com,timeout,,False,0,0,False
admarketplace.net,timeout,,False,0,0,False
casino365online.one,timeout,,False,0,0,False
transport.qld.gov.au,timeout,,False,0,0,False
kabasakalonline.com,timeout,,False,0,0,False
techtrident.ru,timeout,,False,0,0,False
exposing-fields-data-recovery.com,timeout,,False,0,0,False
helloretailcdn.com,timeout,,False,0,0,False
tradecluballiance.com,timeout,,False,0,0,False
xparty.me,timeout,,False,0,0,False
lutech.vn,timeout,,False,0,0,False
ausport.gov.au,timeout,,False,0,0,False
cmtelecom.com,timeout,,False,0,0,False
lanfeitech.com,timeout,,False,0,0,False
hosting-minecraft.pro,timeout,,False,0,0,False
hjedesign.com,timeout,,False,0,0,False
allrecordhub.live,timeout,,False,0,0,False
onlinevkino.org,timeout,,False,0,0,False
gocardless-staging.io,timeout,,False,0,0,False
ufibox.com,timeout,,False,0,0,False
insightech.com,timeout,,False,0,0,False
pirateparty.gr,timeout,,False,0,0,False
reedunpack.com,timeout,,False,0,0,False
iwantgreatcare.org,timeout,,False,0,0,False
ideco.cloud,timeout,,False,0,0,False
greenwaystart.com,timeout,,False,0,0,False
cookieconfirm.com,timeout,,False,0,0,False
shipserv.com,timeout,,False,0,0,False
xcraft.ru,timeout,,False,0,0,False
sosonlinebackup.com,timeout,,False,0,0,False
krishnajewellers.com,timeout,,False,0,0,False
bestcontentfood.top,timeout,,False,0,0,False
utclonline.co.ug,timeout,,False,0,0,False
servers1mart.ir,timeout,,False,0,0,False
walmartimages.com.mx,timeout,,False,0,0,False
jpdirect.jp,timeout,,False,0,0,False
asalbanooshop.com,timeout,,False,0,0,False
bunnycart.com,timeout,,False,0,0,False
auroratelecom.ru,timeout,,False,0,0,False
hifitechindia.com,timeout,,False,0,0,False
tradeling.com,timeout,,False,0,0,False
sensishopping.com,timeout,,False,0,0,False
cloud4box.ru,timeout,,False,0,0,False
borderpark.ir,timeout,,False,0,0,False
ecotrust.ir,timeout,,False,0,0,False
acadisonline.com,timeout,,False,0,0,False
smartigaming.app,timeout,,False,0,0,False
bananaship.net,timeout,,False,0,0,False
partner-its.ru,timeout,,False,0,0,False
amuonline.ac.in,timeout,,False,0,0,False
mclaneco.com,timeout,,False,0,0,False
allpandaexpressmenu.com,timeout,,False,0,0,False
coverartarchive.org,timeout,,False,0,0,False
wwwart.com.au,timeout,,False,0,0,False
rogersdigitalmedia.com,timeout,,False,0,0,False
reddybook.live,timeout,,False,0,0,False
caripandawin.com,timeout,,False,0,0,False
acecounter.com,timeout,,False,0,0,False
radyotvonline.net,timeout,,False,0,0,False
rootonline.de,timeout,,False,0,0,False
recovermycart.com,timeout,,False,0,0,False
rangolistore.pk,timeout,,False,0,0,False
petir388milan.com,timeout,,False,0,0,False
azurecomm.net,timeout,,False,0,0,False
freepeopledirectory.com,timeout,,False,0,0,False
xiaomisale.com,timeout,,False,0,0,False
buildship.run,timeout,,False,0,0,False
freshclick.co.uk,timeout,,False,0,0,False
xhonline.live,timeout,,False,0,0,False
ktadigitalpgri.org,timeout,,False,0,0,False
edeal-soft.com,timeout,,False,0,0,False
midnsbox.net,timeout,,False,0,0,False
umart.com.au,timeout,,False,0,0,False
partizan.global,timeout,,False,0,0,False
thecourierguy.co.za,timeout,,False,0,0,False
bizindiabook.co.in,timeout,,False,0,0,False
mercari-shops-static.com,timeout,,False,0,0,False
digitalplat.org,timeout,,False,0,0,False
accessredbox.net,timeout,,False,0,0,False
trade.kg,timeout,,False,0,0,False
nielsenhomescansurveys.com,timeout,,False,0,0,False
tryretool.com,timeout,,False,0,0,False
4rabook.club,timeout,,False,0,0,False
artmug.kr,timeout,,False,0,0,False
buycard.ng,timeout,,False,0,0,False
deals-indian.com,timeout,,False,0,0,False
dreamdeal.co.in,timeout,,False,0,0,False
frontale-card-collection.com,timeout,,False,0,0,False
kpdelivery.com.br,timeout,,False,0,0,False
montedio-digitalcard-collection.com,timeout,,False,0,0,False
newtechnoengineers.in,timeout,,False,0,0,False
onlinefreenotes.com,timeout,,False,0,0,False
onlinesattaking.in,timeout,,False,0,0,False
orodesign.biz,timeout,,False,0,0,False
pataplusmarket.com,timeout,,False,0,0,False
paypayonline.vip,timeout,,False,0,0,False
puppyshop.dk,timeout,,False,0,0,False
rationcard.com.pk,timeout,,False,0,0,False
smartacademy-eg.com,timeout,,False,0,0,False
uranai-box.com,timeout,,False,0,0,False
vayamtech.com,timeout,,False,0,0,False
virtuedge-marketing.com,timeout,,False,0,0,False
vkdigital.co.in,timeout,,False,0,0,False
earthquakenetwork.it,timeout,,False,0,0,False
getdirectbonus.com,timeout,,False,0,0,False
petros04.com,timeout,,False,0,0,False
sonichealthcare.de,timeout,,False,0,0,False
freshstatus.io,timeout,,False,0,0,False
getsupernatural.com,timeout,,False,0,0,False
sitecountry.net,timeout,,False,0,0,False
alutech24.com,timeout,,False,0,0,False
zatechthing.com,timeout,,False,0,0,False
u-buy.co.uk,timeout,,False,0,0,False
atvtrader.com,timeout,,False,0,0,False
onecomm.bm,timeout,,False,0,0,False
gecompany.com,timeout,,False,0,0,False
ecoregistros.org,timeout,,False,0,0,False
bookingexpert.it,timeout,,False,0,0,False
widgetbox.top,timeout,,False,0,0,False
tradernet.com,timeout,,False,0,0,False
gurutech.cc,timeout,,False,0,0,False
techsurgeons.com,timeout,,False,0,0,False
duxiaomanfintech.com,timeout,,False,0,0,False
dadcdigital.com,timeout,,False,0,0,False
specoddns.net,timeout,,False,0,0,False
smart-4.ru,timeout,,False,0,0,False
petrovichapi.com,timeout,,False,0,0,False
stonecontact.com,timeout,,False,0,0,False
homecookingrocks.com,timeout,,False,0,0,False
texasguntrader.com,timeout,,False,0,0,False
digitalcx.com,timeout,,False,0,0,False
litecoinpool.org,timeout,,False,0,0,False
gensdeconfiance.com,timeout,,False,0,0,False
eva-online.cloud,timeout,,False,0,0,False
tracksale.co,timeout,,False,0,0,False
vismaonline.com,timeout,,False,0,0,False
cornercart.io,timeout,,False,0,0,False
emusprint.com,timeout,,False,0,0,False
adsmediabox.com,timeout,,False,0,0,False
musichic.com,timeout,,False,0,0,False
aa-mothership.com,timeout,,False,0,0,False
eehome.ru,timeout,,False,0,0,False
volcanoesandearthquakes.com,timeout,,False,0,0,False
photorecoverultra.com,timeout,,False,0,0,False
hostsrecord.com,timeout,,False,0,0,False
riseonlineworld.com,timeout,,False,0,0,False
dlhjakarta-pusat.org,timeout,,False,0,0,False
hawkeyecollege.edu,timeout,,False,0,0,False
saxotrader.com,timeout,,False,0,0,False
aposoft-online.de,timeout,,False,0,0,False
tagonline.com,timeout,,False,0,0,False
grahamdigital.com,timeout,,False,0,0,False
scalecomputing.com,timeout,,False,0,0,False
walmart-tadalafil.net,timeout,,False,0,0,False
checkbox.ua,timeout,,False,0,0,False
products.abbott,timeout,,False,0,0,False
hxgnsmartcloud.com,timeout,,False,0,0,False
springtools.de,timeout,,False,0,0,False
directmeds.com,timeout,,False,0,0,False
musics-mehr.com,timeout,,False,0,0,False
smarttoolspdfreader.com,timeout,,False,0,0,False
lika-online.hr,timeout,,False,0,0,False
islonline-mpc.com,timeout,,False,0,0,False
barak-online.net,timeout,,False,0,0,False
car.ir,timeout,,False,0,0,False
sky-borders.com,timeout,,False,0,0,False
lestetelecom.com.br,timeout,,False,0,0,False
tablecar92.com,timeout,,False,0,0,False
borderfree.com,timeout,,False,0,0,False
optechcloud.com,timeout,,False,0,0,False
inmusic.dev,timeout,,False,0,0,False
cheaperdomains.com.au,timeout,,False,0,0,False
pausejeans-online.com,timeout,,False,0,0,False
ecostruxureit.com,timeout,,False,0,0,False
ipg-online.com,timeout,,False,0,0,False
uniquedigitalcinema.com,timeout,,False,0,0,False
om-online.de,timeout,,False,0,0,False
svretail.ru,timeout,,False,0,0,False
printercloud15.com,timeout,,False,0,0,False
sydneytools.com.au,timeout,,False,0,0,False
sonline.su,timeout,,False,0,0,False
smartcric.ch,timeout,,False,0,0,False
jinjiangshipping.com,timeout,,False,0,0,False
savecom.net.tw,timeout,,False,0,0,False
mawartotovibes.com,timeout,,False,0,0,False
eclipsecontent.org,timeout,,False,0,0,False
icc-tech.ru,timeout,,False,0,0,False
xhonline.life,timeout,,False,0,0,False
monroecounty.gov,timeout,,False,0,0,False
scanqrcodedesign.live,timeout,,False,0,0,False
ecomsiam.com,timeout,,False,0,0,False
relevantech.com,timeout,,False,0,0,False
sepidmusic.com,timeout,,False,0,0,False
animesonline.io,timeout,,False,0,0,False
onecount.net,timeout,,False,0,0,False
whatbox.ca,timeout,,False,0,0,False
buhonline.ru,timeout,,False,0,0,False
tech20hub.site,timeout,,False,0,0,False
gocheapweb.com,timeout,,False,0,0,False
carbonatix.com,timeout,,False,0,0,False
ztehome.com.cn,timeout,,False,0,0,False
circolocorecords.com,timeout,,False,0,0,False
zacaris.com,timeout,,False,0,0,False
livecounts.io,timeout,,False,0,0,False
delivery-amazing.com,timeout,,False,0,0,False
flamecomics.xyz,timeout,,False,0,0,False
hebergement-online.com,timeout,,False,0,0,False
autoline.es,timeout,,False,0,0,False
x1eco.com,timeout,,False,0,0,False
onlinenow.com.ar,timeout,,False,0,0,False
boxt.one,timeout,,False,0,0,False
timebook.ru,timeout,,False,0,0,False
carfaxdns.net,timeout,,False,0,0,False
jocar.jp,timeout,,False,0,0,False
flickrprints.com,timeout,,False,0,0,False
terabox1024.com,timeout,,False,0,0,False
datarecoveryradical.live,timeout,,False,0,0,False
animationdigitalnetwork.com,timeout,,False,0,0,False
robart.cc,timeout,,False,0,0,False
ukuleqasforsalesre.com,timeout,,False,0,0,False
sitecook.kr,timeout,,False,0,0,False
artworks.ai,timeout,,False,0,0,False
stockfresh.com,timeout,,False,0,0,False
fellowshiplogs.com,timeout,,False,0,0,False
etagdigital.com,timeout,,False,0,0,False
staging-paymentsonline.io,timeout,,False,0,0,False
pro-telecom.net,timeout,,False,0,0,False
corporatecarsharing.net,timeout,,False,0,0,False
golfbox.com.au,timeout,,False,0,0,False
sosit-txartela.net,timeout,,False,0,0,False
allenonline.com,timeout,,False,0,0,False
ohcar2022.co.in,timeout,,False,0,0,False
share-a-cart.com,timeout,,False,0,0,False
sinpartycdn.com,timeout,,False,0,0,False
deco.site,timeout,,False,0,0,False
hellofresh.fr,timeout,,False,0,0,False
hikeorders.com,timeout,,False,0,0,False
91store.xyz,timeout,,False,0,0,False
smartology.co,timeout,,False,0,0,False
startstream.com,timeout,,False,0,0,False
withagecomeswisdom.live,timeout,,False,0,0,False
cfahome.com,timeout,,False,0,0,False
autoeq.top,timeout,,False,0,0,False
cekbansoskemensosonline.com,timeout,,False,0,0,False
smartsiteshost.com,timeout,,False,0,0,False
autofinancebank.ru,timeout,,False,0,0,False
admozartexchange.com,timeout,,False,0,0,False
econozi.com,timeout,,False,0,0,False
partsimg.com,timeout,,False,0,0,False
smartbackgroundchecks.com,timeout,,False,0,0,False
sitzung-online.de,timeout,,False,0,0,False
matricula-online.eu,timeout,,False,0,0,False
atdonline.com,timeout,,False,0,0,False
becoolcouriers.com.au,timeout,,False,0,0,False
psdeals.net,timeout,,False,0,0,False
karte-edge.io,timeout,,False,0,0,False
expressodanoticia.com,timeout,,False,0,0,False
rojadirectatv2.pl,timeout,,False,0,0,False
zoomcar.com,timeout,,False,0,0,False
imagecollect.com,timeout,,False,0,0,False
bigboxads.com,timeout,,False,0,0,False
thestalkingdirectory.co.uk,timeout,,False,0,0,False
crm-onebox.com,timeout,,False,0,0,False
bitemores.com,timeout,,False,0,0,False
artiburo.net,timeout,,False,0,0,False
green-internet.net,timeout,,False,0,0,False
seedbox.vip,timeout,,False,0,0,False
muzcraft.com,timeout,,False,0,0,False
bargainhosts.co.uk,timeout,,False,0,0,False
pancares.com,timeout,,False,0,0,False
box-urp-675w0.com,timeout,,False,0,0,False
snidigital.com,timeout,,False,0,0,False
luenecom.de,timeout,,False,0,0,False
careemdash.com,timeout,,False,0,0,False
cstechgroup.com,timeout,,False,0,0,False
gl-tech.io,timeout,,False,0,0,False
goodstream.one,timeout,,False,0,0,False
photorecoveryplus.com,timeout,,False,0,0,False
akprinthub.com,timeout,,False,0,0,False
aplandrecords.in,timeout,,False,0,0,False
boxally.in,timeout,,False,0,0,False
dressesdesigns.com,timeout,,False,0,0,False
ecotp.gov.za,timeout,,False,0,0,False
ecounselling.nic.in,timeout,,False,0,0,False
ipo138fresh.com,timeout,,False,0,0,False
kuonline.co.in,timeout,,False,0,0,False
mcdfoodforthoughts.com,timeout,,False,0,0,False
mironline.io,timeout,,False,0,0,False
onlinetnnmc.org,timeout,,False,0,0,False
quicksmartindia.com,timeout,,False,0,0,False
teachers.gov.jo,timeout,,False,0,0,False
tiredealersites.com,timeout,,False,0,0,False
tradepmr.com,timeout,,False,0,0,False
dtechonline.net,timeout,,False,0,0,False
partai83265.com,timeout,,False,0,0,False
turontelecom.uz,timeout,,False,0,0,False
i90rvandauto.com,timeout,,False,0,0,False
fatbikefix.es,timeout,,False,0,0,False
server-varta.energy,timeout,,False,0,0,False
one4alldigital.com,timeout,,False,0,0,False
blueprint.ai,timeout,,False,0,0,False
greentg.su,timeout,,False,0,0,False
onlinepg.net,timeout,,False,0,0,False
identitysandbox.gov,timeout,,False,0,0,False
veerotech.net,timeout,,False,0,0,False
on-telecom.ru,timeout,,False,0,0,False
outremer-telecom.fr,timeout,,False,0,0,False
earth2trust.com,timeout,,False,0,0,False
cybersmart.co.uk,timeout,,False,0,0,False
mtaonline.net,timeout,,False,0,0,False
photorecoveryfile.com,timeout,,False,0,0,False
tensorartassets.com,timeout,,False,0,0,False
packet-pushers.com,timeout,,False,0,0,False
homealtg.site,timeout,,False,0,0,False
marionline.sbs,timeout,,False,0,0,False
digitalpfizer.com,timeout,,False,0,0,False
autoly.in,timeout,,False,0,0,False
spartoo.ch,timeout,,False,0,0,False
namebox.ro,timeout,,False,0,0,False
tiktokglobalshopv.us,timeout,,False,0,0,False
sigmacare.com,timeout,,False,0,0,False
harrypottershop.jp,timeout,,False,0,0,False
wepartytt.com,timeout,,False,0,0,False
predicto-tech.ru,timeout,,False,0,0,False
yougreentube.com,timeout,,False,0,0,False
printgrad.ru,timeout,,False,0,0,False
boxyupdates.com,timeout,,False,0,0,False
books-library.com,timeout,,False,0,0,False
smart-nic.de,timeout,,False,0,0,False
scholarshipsads.com,timeout,,False,0,0,False
condecosoftware.com,timeout,,False,0,0,False
deliveroo.com.sg,timeout,,False,0,0,False
centrecom.com.au,timeout,,False,0,0,False
devharitraders.co.in,timeout,,False,0,0,False
thehornetonline.com,timeout,,False,0,0,False
missmecods.net,timeout,,False,0,0,False
border.gov.au,timeout,,False,0,0,False
partai83329.com,timeout,,False,0,0,False
tagbox.io,timeout,,False,0,0,False
technosysonline.in,timeout,,False,0,0,False
hdmtools.com,timeout,,False,0,0,False
staywellsolutionsonline.com,timeout,,False,0,0,False
musicful.ai,timeout,,False,0,0,False
bet6goonline.com,timeout,,False,0,0,False
cjsfoods.com,timeout,,False,0,0,False
home34617.com,timeout,,False,0,0,False
mcdphotobox.co.uk,timeout,,False,0,0,False
piasecondhand.ro,timeout,,False,0,0,False
greencloudvps.com,timeout,,False,0,0,False
bluecode.com,timeout,,False,0,0,False
ricardostatic.ch,timeout,,False,0,0,False
camsonline.com,timeout,,False,0,0,False
digitalresistance.dog,timeout,,False,0,0,False
happycart.io,timeout,,False,0,0,False
onlinesecurityext.com,timeout,,False,0,0,False
dxdelivery.com,timeout,,False,0,0,False
greentree.baby,timeout,,False,0,0,False
jntexpress.id,timeout,,False,0,0,False
salemove.eu,timeout,,False,0,0,False
greeninvoice.co.il,timeout,,False,0,0,False
global-trade23.ru,timeout,,False,0,0,False
shipmondo.com,timeout,,False,0,0,False
naturalint.com,timeout,,False,0,0,False
ckotech.co,timeout,,False,0,0,False
dreamzshop.net,timeout,,False,0,0,False
mawartotobuy.com,timeout,,False,0,0,False
mawartotonight.com,timeout,,False,0,0,False
smartbro.net,timeout,,False,0,0,False
ecombdvod.com,timeout,,False,0,0,False
18-video-terabox.lat,timeout,,False,0,0,False
18xx-videos-terabox.lat,timeout,,False,0,0,False
airbusexpress.uk,timeout,,False,0,0,False
asrithadiatech.in,timeout,,False,0,0,False
bento123freshfood.com,timeout,,False,0,0,False
caninecottage.scot,timeout,,False,0,0,False
chartkalyan.co.in,timeout,,False,0,0,False
concorsoeconomia.it,timeout,,False,0,0,False
directpathways.co.uk,timeout,,False,0,0,False
europackagingtechnology.in,timeout,,False,0,0,False
fajartoto064.com,timeout,,False,0,0,False
giocartreggiocalabria.it,timeout,,False,0,0,False
krishpackindustries.co.in,timeout,,False,0,0,False
lunchboxbento123.com,timeout,,False,0,0,False
maaltijdenbox.nl,timeout,,False,0,0,False
pjrcare.nl,timeout,,False,0,0,False
pobreflixonline.com,timeout,,False,0,0,False
residenceconte.it,timeout,,False,0,0,False
rojadirecta.org.pe,timeout,,False,0,0,False
shreesaipacking.in,timeout,,False,0,0,False
smartlaw.com.tr,timeout,,False,0,0,False
thegoldjewellers.in,timeout,,False,0,0,False
thiecommerce.com,timeout,,False,0,0,False
vndirect.com.vn,timeout,,False,0,0,False
polymart.org,timeout,,False,0,0,False
filerecoveryplus.com,timeout,,False,0,0,False
transtelecom.net,timeout,,False,0,0,False
smartinnovate.net,timeout,,False,0,0,False
bradecontrols.com,timeout,,False,0,0,False
intradesk.ru,timeout,,False,0,0,False
kaveh-art-studio.com,timeout,,False,0,0,False
design-b2b.com,timeout,,False,0,0,False
car.gov.br,timeout,,False,0,0,False
bmctech.co.in,timeout,,False,0,0,False
cardheroes.app,timeout,,False,0,0,False
autobazar.sk,timeout,,False,0,0,False
terabox.club,timeout,,False,0,0,False
pcl-direct.com,timeout,,False,0,0,False
exactonline.nl,timeout,,False,0,0,False
carillonfedserv.com,timeout,,False,0,0,False
peteralexander.com.au,timeout,,False,0,0,False
dex-trade.com,timeout,,False,0,0,False
joybuy.co.uk,timeout,,False,0,0,False
bulkbooks.com,timeout,,False,0,0,False
carebuzz.io,timeout,,False,0,0,False
carecorenational.com,timeout,,False,0,0,False
meetscoresonline.com,timeout,,False,0,0,False
cisiaonline.it,timeout,,False,0,0,False
paxtechnology.us,timeout,,False,0,0,False
prioritytelecom.net,timeout,,False,0,0,False
e2e4online.ru,timeout,,False,0,0,False
spaceship-cdn.com,timeout,,False,0,0,False
theparking-cars.co.uk,timeout,,False,0,0,False
meinonlinelager.de,timeout,,False,0,0,False
smart4k.me,timeout,,False,0,0,False
onlinepianist.com,timeout,,False,0,0,False
rapidrecon.com,timeout,,False,0,0,False
cheaphosta.com,timeout,,False,0,0,False
techminds.com.np,timeout,,False,0,0,False
hishopcider.com,timeout,,False,0,0,False
smarterspanel.com,timeout,,False,0,0,False
tpgtelecom.com.sg,timeout,,False,0,0,False
kbtelecom.net,timeout,,False,0,0,False
afasonline.com,timeout,,False,0,0,False
paymenttools.net,timeout,,False,0,0,False
directtalk.com.br,timeout,,False,0,0,False
gdjztech.com,timeout,,False,0,0,False
mailbox.net.uk,timeout,,False,0,0,False
eticaret.gov.tr,timeout,,False,0,0,False
inbox.eu,timeout,,False,0,0,False
sonline.hu,timeout,,False,0,0,False
threatbook.net,timeout,,False,0,0,False
atlantech.net,timeout,,False,0,0,False
nmarket.pro,timeout,,False,0,0,False
healthtechnologygroup.com,timeout,,False,0,0,False
livebuy.io,timeout,,False,0,0,False
bigtelecom.ru,timeout,,False,0,0,False
cheaphosting.com,timeout,,False,0,0,False
douyinmusicpromotion.com,timeout,,False,0,0,False
greenstuffworld.com,timeout,,False,0,0,False
online-python.com,timeout,,False,0,0,False
gk-ai4retail.cloud,timeout,,False,0,0,False
digitalclickstime.com,timeout,,False,0,0,False
serveronline.biz,timeout,,False,0,0,False
coherecomm.com,timeout,,False,0,0,False
themothership.net,timeout,,False,0,0,False
icar.gov.in,timeout,,False,0,0,False
decopy.ai,timeout,,False,0,0,False
homenet.ua,timeout,,False,0,0,False
dealercenterwsstatic.net,timeout,,False,0,0,False
peakdigital.cloud,timeout,,False,0,0,False
salessquad.co.uk,timeout,,False,0,0,False
greenhousegroup.com,timeout,,False,0,0,False
myplaceconnect.net,timeout,,False,0,0,False
ordernext.com,timeout,,False,0,0,False
techiemedia.net,timeout,,False,0,0,False
goodsrv.de,timeout,,False,0,0,False
autodarts.io,timeout,,False,0,0,False
torrentonline.cc,timeout,,False,0,0,False
trademo.com,timeout,,False,0,0,False
restartad.com,timeout,,False,0,0,False
exelaonline.com,timeout,,False,0,0,False
finbox.com,timeout,,False,0,0,False
spotifyforbrands.com,timeout,,False,0,0,False
boxofficeturkiye.com,timeout,,False,0,0,False
euautoteile.de,timeout,,False,0,0,False
febbox.com,timeout,,False,0,0,False
u-buy.com.au,timeout,,False,0,0,False
hubspaceconnect.com,timeout,,False,0,0,False
sarbatech.com,timeout,,False,0,0,False
cargorun.ru,timeout,,False,0,0,False
redirectdom.com,timeout,,False,0,0,False
verycheap.co.uk,timeout,,False,0,0,False
autodealersdigital.com,timeout,,False,0,0,False
mozzartbet.ro,timeout,,False,0,0,False
camshowrecordings.com,timeout,,False,0,0,False
idealsciences1.com,timeout,,False,0,0,False
deeperbydesign.com,timeout,,False,0,0,False
adnettelecom.ro,timeout,,False,0,0,False
traderfox.com,timeout,,False,0,0,False
simplecontacts.com,timeout,,False,0,0,False
boxnow.gr,timeout,,False,0,0,False
chinacar.com.cn,timeout,,False,0,0,False
kanbanbox.com,timeout,,False,0,0,False
muzmart.com,timeout,,False,0,0,False
autodoc.bg,timeout,,False,0,0,False
simpeco-parts.com,timeout,,False,0,0,False
photorecoverypicturerecovery.com,timeout,,False,0,0,False
telecomprodder.com,timeout,,False,0,0,False
usenetexpress.com,timeout,,False,0,0,False
imarketsolutions.com,timeout,,False,0,0,False
traderoost.com,timeout,,False,0,0,False
relicarus.com,timeout,,False,0,0,False
navi-tech.in,timeout,,False,0,0,False
bookbot.com,timeout,,False,0,0,False
goodsones.com,timeout,,False,0,0,False
smoltelecom.ru,timeout,,False,0,0,False
action-digital.ru,timeout,,False,0,0,False
digitalspaceportal.net,timeout,,False,0,0,False
trade-point.co.uk,timeout,,False,0,0,False
seniorsdiscountclub.com.au,timeout,,False,0,0,False
databytechile.com,timeout,,False,0,0,False
leartes.net,timeout,,False,0,0,False
antonline.com,timeout,,False,0,0,False
corgihomeplan.co.uk,timeout,,False,0,0,False
anytimemailbox.com,timeout,,False,0,0,False
recolorado.com,timeout,,False,0,0,False
atomecorp.com,timeout,,False,0,0,False
coolblue-production.eu,timeout,,False,0,0,False
vimcar.com,timeout,,False,0,0,False
bfd-online.de,timeout,,False,0,0,False
sitemana.com,timeout,,False,0,0,False
rbsdirect.com.br,timeout,,False,0,0,False
filmboxliveapp.net,timeout,,False,0,0,False
pleinoutlet.com,timeout,,False,0,0,False
quebecormedia.com,timeout,,False,0,0,False
autotradercdn.ca,timeout,,False,0,0,False
tradeskillmaster.xyz,timeout,,False,0,0,False
towngastelecom.com,timeout,,False,0,0,False
johome.com,timeout,,False,0,0,False
vfsvisaonline.com,timeout,,False,0,0,False
cardeasexml.com,timeout,,False,0,0,False
workshop-email-tracking.com,timeout,,False,0,0,False
production-ph-pipe.com,timeout,,False,0,0,False
autoexposure.co.uk,timeout,,False,0,0,False
azaronline.com,timeout,,False,0,0,False
advancedmarket.co,timeout,,False,0,0,False
chickencraft.nl,timeout,,False,0,0,False
gpadtool.com,timeout,,False,0,0,False
cardlink.link,timeout,,False,0,0,False
careercertified.com,timeout,,False,0,0,False
apprenticeship.gov,timeout,,False,0,0,False
digitalhost.com,timeout,,False,0,0,False
shipengine.com,timeout,,False,0,0,False
mandarin-print.ru,timeout,,False,0,0,False
appfunneldigital.com,timeout,,False,0,0,False
zebyinbox.com,timeout,,False,0,0,False
ymusic.io,timeout,,False,0,0,False
teraboxcdn.app,timeout,,False,0,0,False
atosbox.ru,timeout,,False,0,0,False
albiononline2d.com,timeout,,False,0,0,False
tartugi.net,timeout,,False,0,0,False
radioonlinehd.com,timeout,,False,0,0,False
digitalbusinesslounge.com,timeout,,False,0,0,False
compreconfie.com.br,timeout,,False,0,0,False
panelbox.net,timeout,,False,0,0,False
smartsaker.com,timeout,,False,0,0,False
nordstromcard.com,timeout,,False,0,0,False
bathnes.gov.uk,timeout,,False,0,0,False
procareonline.com,timeout,,False,0,0,False
cdnexpress.art,timeout,,False,0,0,False
dimeco.ru,timeout,,False,0,0,False
trade-a-plane.com,timeout,,False,0,0,False
tecoenergy.com,timeout,,False,0,0,False
ecohosting.cl,timeout,,False,0,0,False
recoverymasterpro.com,timeout,,False,0,0,False
cloudbox.ru,timeout,,False,0,0,False
telecom.lt,timeout,,False,0,0,False
vbtelecom.net.br,timeout,,False,0,0,False
socialshopwave.com,timeout,,False,0,0,False
epack-manager.com,timeout,,False,0,0,False
oraclecorp.com,timeout,,False,0,0,False
submissionthemecolonialism.com,timeout,,False,0,0,False
24digital.rs,timeout,,False,0,0,False
printwayy.com,timeout,,False,0,0,False
indianbikesspares.com,timeout,,False,0,0,False
greenland-outdoor.de,timeout,,False,0,0,False
sandbox-cresecure.net,timeout,,False,0,0,False
deliverysolutions.co,timeout,,False,0,0,False
tigerfintech.com,timeout,,False,0,0,False
wordsmarts.com,timeout,,False,0,0,False
techofs.com,timeout,,False,0,0,False
zdesecom.ru,timeout,,False,0,0,False
premierleaguedigital.com,timeout,,False,0,0,False
nddprint.com,timeout,,False,0,0,False
vam-auto.ru,timeout,,False,0,0,False
bqecore.com,timeout,,False,0,0,False
luckycart.com,timeout,,False,0,0,False
multicraft.network,timeout,,False,0,0,False
techfun.pl,timeout,,False,0,0,False
minecraft.buzz,timeout,,False,0,0,False
xbookcn.net,timeout,,False,0,0,False
simpeco.site,timeout,,False,0,0,False
simnetonline.com,timeout,,False,0,0,False
technet24.co,timeout,,False,0,0,False
webuy.io,timeout,,False,0,0,False
secureconnect.me,timeout,,False,0,0,False
disorderstatus.ru,timeout,,False,0,0,False
banno-production.com,timeout,,False,0,0,False
salesforce-ccaas.com,timeout,,False,0,0,False
carmodsaustralia.com.au,timeout,,False,0,0,False
alientech.to,timeout,,False,0,0,False
ipnxtelecoms.com,timeout,,False,0,0,False
myeasyorders.com,timeout,,False,0,0,False
jtexpress.vn,timeout,,False,0,0,False
tmgcard.com,timeout,,False,0,0,False
citychiconline.com,timeout,,False,0,0,False
floridavoterdirectory.com,timeout,,False,0,0,False
telecomid.ru,timeout,,False,0,0,False
imusic.se,timeout,,False,0,0,False
ixora-auto.ru,timeout,,False,0,0,False
clarodigital.net,timeout,,False,0,0,False
fanaptelecom.net,timeout,,False,0,0,False
sipteco.ru,timeout,,False,0,0,False
amitydigital.io,timeout,,False,0,0,False
directbooking.ro,timeout,,False,0,0,False
unitool.ai,timeout,,False,0,0,False
logisticexpresscompany.com,timeout,,False,0,0,False
janeladigital.com,timeout,,False,0,0,False
partsdepot.cz,timeout,,False,0,0,False
petolo.de,timeout,,False,0,0,False
itembox.cloud,timeout,,False,0,0,False
greenaspen.com,timeout,,False,0,0,False
smart-consulting.ru,timeout,,False,0,0,False
schoolcashonline.com,timeout,,False,0,0,False
kaminoretail.io,timeout,,False,0,0,False
telecom.li,timeout,,False,0,0,False
pluralonline.com,timeout,,False,0,0,False
i-netpartner.net,timeout,,False,0,0,False
onechartpatient.com,timeout,,False,0,0,False
bluecolored.de,timeout,,False,0,0,False
pulkovo-cargo.ru,timeout,,False,0,0,False
condecoconnect.com,timeout,,False,0,0,False
autosky.app,timeout,,False,0,0,False
appboxes.co,timeout,,False,0,0,False
smartstudy.co.kr,timeout,,False,0,0,False
discoverdirectly.com,timeout,,False,0,0,False
autovu.cloud,timeout,,False,0,0,False
redesigndaily.com,timeout,,False,0,0,False
sales-ninja.me,timeout,,False,0,0,False
sparta.cl,timeout,,False,0,0,False
letterrecoveryunplanted.com,timeout,,False,0,0,False
basecom.de,timeout,,False,0,0,False
httptoolkit.tech,timeout,,False,0,0,False
faratechdp.com,timeout,,False,0,0,False
hardonline.com.br,timeout,,False,0,0,False
unlocktool.net,timeout,,False,0,0,False
swiship.com,timeout,,False,0,0,False
innovamarketinsights360.com,timeout,,False,0,0,False
hdhome.org,timeout,,False,0,0,False
motr-online.com,timeout,,False,0,0,False
foodpicasso.com,timeout,,False,0,0,False
vibecodeapp.com,timeout,,False,0,0,False
ratemyapartments.com,timeout,,False,0,0,False
medexpress.co.uk,timeout,,False,0,0,False
truecoach.co,timeout,,False,0,0,False
packagist.com,timeout,,False,0,0,False
tendertech.ru,timeout,,False,0,0,False
joggen-online.de,timeout,,False,0,0,False
globalrecordings.net,timeout,,False,0,0,False
bhvronline.com,timeout,,False,0,0,False
hgfiukgliugbuyg.com,timeout,,False,0,0,False
aaa-autoclubgroup.com,timeout,,False,0,0,False
jtcargo.co.id,timeout,,False,0,0,False
editec-online.com,timeout,,False,0,0,False
usfood.com,timeout,,False,0,0,False
buyerads.com,timeout,,False,0,0,False
mtsretail.ru,timeout,,False,0,0,False
nativopartnerships.com,timeout,,False,0,0,False
tponlinepay.com,timeout,,False,0,0,False
mye2shop.com,timeout,,False,0,0,False
discountbank.co.il,timeout,,False,0,0,False
avenuecode.com,timeout,,False,0,0,False
fastbooking-services.com,timeout,,False,0,0,False
naturalsmokingleaf.com,timeout,,False,0,0,False
netbox.dev,timeout,,False,0,0,False
partseurope.eu,timeout,,False,0,0,False
apartmentlist.io,timeout,,False,0,0,False
kupotech.com,timeout,,False,0,0,False
getapkonline.com,timeout,,False,0,0,False
orangecaraibe.com,timeout,,False,0,0,False
freshstartinfo.org,timeout,,False,0,0,False
inwitelecom.net,timeout,,False,0,0,False
foodbegin.com,timeout,,False,0,0,False
firstcallonline.com,timeout,,False,0,0,False
dial4trade.com,timeout,,False,0,0,False
senator-telecom.ru,timeout,,False,0,0,False
shipup.co,timeout,,False,0,0,False
packdow.cc,timeout,,False,0,0,False
healthdirect.org.au,timeout,,False,0,0,False
economia.gob.mx,timeout,,False,0,0,False
xb-online.com,timeout,,False,0,0,False
washoecounty.gov,timeout,,False,0,0,False
kraseco24.ru,timeout,,False,0,0,False
gartic.com.br,timeout,,False,0,0,False
green-api.com,timeout,,False,0,0,False
expressone.hu,timeout,,False,0,0,False
trade.su,timeout,,False,0,0,False
gomusicads.com,timeout,,False,0,0,False
schueco.dev,timeout,,False,0,0,False
edadeal.io,timeout,,False,0,0,False
ozonline.com.au,timeout,,False,0,0,False
bikesales.com.au,timeout,,False,0,0,False
boxofficeindia.com,timeout,,False,0,0,False
klondike-online.com,timeout,,False,0,0,False
free-litecoin.com,timeout,,False,0,0,False
piatraonline.com,timeout,,False,0,0,False
tagdelivery.com,timeout,,False,0,0,False
membership.io,timeout,,False,0,0,False
tradetecglobal.com,timeout,,False,0,0,False
mindpackstudios.com,timeout,,False,0,0,False
online-teile.com,timeout,,False,0,0,False
careemapis.com,timeout,,False,0,0,False
aliiparty.com,timeout,,False,0,0,False
thedacare.org,timeout,,False,0,0,False
kcftech.com,timeout,,False,0,0,False
digitalnova.at,timeout,,False,0,0,False
lexiconfresh.com,timeout,,False,0,0,False
technopoint.kz,timeout,,False,0,0,False
appbox.ai,timeout,,False,0,0,False
3conline.com,timeout,,False,0,0,False
smarterauto.com,timeout,,False,0,0,False
aviobook.aero,timeout,,False,0,0,False
tecon.ru,timeout,,False,0,0,False
disneystore.fr,timeout,,False,0,0,False
tlc-direct.co.uk,timeout,,False,0,0,False
smartrmail.com,timeout,,False,0,0,False
aerusonline.com,timeout,,False,0,0,False
unitybox.de,timeout,,False,0,0,False
durakonline.ru,timeout,,False,0,0,False
seedboxes.cc,timeout,,False,0,0,False
newcastle-online.org,timeout,,False,0,0,False
reddigital.ru,timeout,,False,0,0,False
dramaboxskitsminiseries.com,timeout,,False,0,0,False
recoverypoint.net,timeout,,False,0,0,False
thecompanystore.com.my,timeout,,False,0,0,False
starttest.com,timeout,,False,0,0,False
smartz.com,timeout,,False,0,0,False
digitaltransgenderarchive.net,timeout,,False,0,0,False
makeronline.com,timeout,,False,0,0,False
rubiconredirect.com,timeout,,False,0,0,False
garstelecom.ru,timeout,,False,0,0,False
bikebros.co.jp,timeout,,False,0,0,False
cartajp.com,timeout,,False,0,0,False
adbox.lv,timeout,,False,0,0,False
heartlandhcm.com,timeout,,False,0,0,False
7artisan.cloud,timeout,,False,0,0,False
aemtech.ru,timeout,,False,0,0,False
greenwebspace.net,timeout,,False,0,0,False
okcountyrecords.com,timeout,,False,0,0,False
familyhomeplans.com,timeout,,False,0,0,False
moscow-cargo.com,timeout,,False,0,0,False
superworldbox.com,timeout,,False,0,0,False
eyeconic.com,timeout,,False,0,0,False
weatherhomeapp.com,timeout,,False,0,0,False
hipotecario.com.ar,timeout,,False,0,0,False
econovation.co.kr,timeout,,False,0,0,False
netdeal.com.br,timeout,,False,0,0,False
spiele-kostenlos-online.de,timeout,,False,0,0,False
proshoper.ru,timeout,,False,0,0,False
sviluppoeconomico.gov.it,timeout,,False,0,0,False
blackwiredesigns.com,timeout,,False,0,0,False
leafhomewatersolutions.com,timeout,,False,0,0,False
directus.app,timeout,,False,0,0,False
beart.ai,timeout,,False,0,0,False
blackstore.fr,timeout,,False,0,0,False
montieco.com,timeout,,False,0,0,False
directwoodflooring.co.uk,active,,False,0,0,False
luckincoffeecdn.com,dead,,False,0,0,False
unionmusical.es,http_403,,False,0,0,False
primetelecom.ro,active,,False,0,0,False
printconnect.org,dead,,False,0,0,False
autohelperbot.com,active,,False,0,0,False
allrecoverpro.com,active,,False,0,0,False
smartonecdn.com,active,,False,0,0,False
smartkom.ru,timeout,,False,0,0,False
macdiscount.com,active,,False,0,0,False
automatiq.com,active,,False,0,0,False
homeread.net,active,,False,0,0,False
thedigitalhost.com,timeout,,False,0,0,False
online-forum.net,active,,False,0,0,False
digitales-regal.de,active,,False,0,0,False
ukplanettools.co.uk,dead,,False,0,0,False
freshsales.io,active,,False,0,0,False
maisdeliveryempresas.com.br,active,,False,0,0,False
boxicons.com,active,,False,0,0,False
oem-parts.hu,http_403,,False,0,0,False
opposhop.cn,active,,False,0,0,False
ubldigital.com,active,,False,0,0,False
recomaticapp.com,dead,,False,0,0,False
dediseedbox.com,active,,False,0,0,False
autoguru.de,active,,False,0,0,False
voxtelecom.co.za,timeout,,False,0,0,False
admediasales.com,http_404,,False,0,0,False
skstore.eu,http_403,,False,0,0,False
hypecommerce.io,dead,,False,0,0,False
nedigital.sg,http_502,,False,0,0,False
vidbox.cc,http_403,,False,0,0,False
thecouponsave.com,timeout,,False,0,0,False
smartinstall.org,timeout,,False,0,0,False
webcam-record.com,timeout,,False,0,0,False
tommys-express-carwash.com,timeout,,False,0,0,False
dh-adtech.net,timeout,,False,0,0,False
alutech.by,timeout,,False,0,0,False
cubecobra.com,active,,False,0,0,False
parkingboxx.com,http_403,,False,0,0,False
fmonline.app,dead,,False,0,0,False
shipco.com,active,,False,0,0,False
artnet.com.pl,timeout,,False,0,0,False
bb-online.net,timeout,,False,0,0,False
caremarkrx.net,dead,,False,0,0,False
myhomeapps.com,active,,False,0,0,False
digital-adept.kz,timeout,,False,0,0,False
nowonline.com.br,timeout,,False,0,0,False
usautoforce.com,timeout,,False,0,0,False
onetelecom.od.ua,timeout,,False,0,0,False
cheapflights.co.za,timeout,,False,0,0,False
lovart.vip,timeout,,False,0,0,False
bytecon.com,timeout,,False,0,0,False
weatheronline.de,timeout,,False,0,0,False
natterbox.net,timeout,,False,0,0,False
moneyhome.biz,timeout,,False,0,0,False
das-onlinespiel.de,timeout,,False,0,0,False
smart2pay.com,timeout,,False,0,0,False
green-japan.com,timeout,,False,0,0,False
webintech.net,timeout,,False,0,0,False
bookys-ebooks.com,timeout,,False,0,0,False
fresh.casino,timeout,,False,0,0,False
sweepstakesalerts.com,timeout,,False,0,0,False
clubhouseonline-e3.com,timeout,,False,0,0,False
corteconstitucional.gov.co,timeout,,False,0,0,False
landstaronline.com,timeout,,False,0,0,False
playtechgaming.com,timeout,,False,0,0,False
lookuppublicrecords.com,timeout,,False,0,0,False
sitecontabil.com.br,timeout,,False,0,0,False
express.net.ua,timeout,,False,0,0,False
ordereze.net,timeout,,False,0,0,False
gold-telecom.com,timeout,,False,0,0,False
restart.auto,timeout,,False,0,0,False
nextbike.net,timeout,,False,0,0,False
tradevan.com.tw,timeout,,False,0,0,False
minsktelecom.by,timeout,,False,0,0,False
carpt.net,timeout,,False,0,0,False
eco-dns.net,timeout,,False,0,0,False
busonlineticket.com,timeout,,False,0,0,False
simpeco-tyres.com,timeout,,False,0,0,False
geely-auto-gtm.com,timeout,,False,0,0,False
rrproducts.com,timeout,,False,0,0,False
cybertech.ru,timeout,,False,0,0,False
seattlecolleges.edu,timeout,,False,0,0,False
timeco.com,timeout,,False,0,0,False
vetsmart.com.br,timeout,,False,0,0,False
onebigshop.ru,timeout,,False,0,0,False
falcon-sandbox.com,timeout,,False,0,0,False
sdcecom.ru,timeout,,False,0,0,False
mailtools.space,timeout,,False,0,0,False
mycashflowshop.com,timeout,,False,0,0,False
pandorashop.hr,timeout,,False,0,0,False
pokemon-home.com,timeout,,False,0,0,False
board-directory.net,timeout,,False,0,0,False
sanlamonline.co.za,timeout,,False,0,0,False
ringsidecollectibles.com,timeout,,False,0,0,False
packlink.com,timeout,,False,0,0,False
onlinescoutmanager.co.uk,timeout,,False,0,0,False
autoscout24.bg,timeout,,False,0,0,False
start.canon,timeout,,False,0,0,False
rollerdigital.com,timeout,,False,0,0,False
kvshop.com.ua,timeout,,False,0,0,False
livepackagetracker.co,timeout,,False,0,0,False
inboxpress-au.com,timeout,,False,0,0,False
wildpettykiwi.info,timeout,,False,0,0,False
nasauto.bg,timeout,,False,0,0,False
elandorderstarti.com,timeout,,False,0,0,False
brasildigital.net.br,timeout,,False,0,0,False
weatheronline.pl,timeout,,False,0,0,False
career.page,timeout,,False,0,0,False
piercecountywa.gov,timeout,,False,0,0,False
mscdirect.co.uk,timeout,,False,0,0,False
qhrtechnologies.com,timeout,,False,0,0,False
marketia.io,timeout,,False,0,0,False
dateonline.ru,timeout,,False,0,0,False
ubuy.ke,timeout,,False,0,0,False
intechs.gr,timeout,,False,0,0,False
shipworks.com,timeout,,False,0,0,False
ready2order.com,timeout,,False,0,0,False
maintenanceconnection.com,timeout,,False,0,0,False
onlinecomponents.com,timeout,,False,0,0,False
joefresh.com,timeout,,False,0,0,False
fart1.com,timeout,,False,0,0,False
greenfeed.io,timeout,,False,0,0,False
klikonline.nl,timeout,,False,0,0,False
thebikejunction.com,timeout,,False,0,0,False
management-records.tech,timeout,,False,0,0,False
autocheck24.net,timeout,,False,0,0,False
myhomeworkapp.com,timeout,,False,0,0,False
telecombusinessforme.net,timeout,,False,0,0,False
paycomonline.com,timeout,,False,0,0,False
notebookcheck.biz,timeout,,False,0,0,False
carvanaauction.com,timeout,,False,0,0,False
feastdesign.co,timeout,,False,0,0,False
vectorworks-online.de,timeout,,False,0,0,False
salem.kz,timeout,,False,0,0,False
surplusrecord.com,timeout,,False,0,0,False
thunderbike.de,timeout,,False,0,0,False
khorostech.com,timeout,,False,0,0,False
widebundle.com,timeout,,False,0,0,False
baptistonecare.org,timeout,,False,0,0,False
onlinemanualspdf.co,timeout,,False,0,0,False
resortonline.ru,timeout,,False,0,0,False
smarty.co.uk,timeout,,False,0,0,False
vtech.fr,timeout,,False,0,0,False
globecorp.net,timeout,,False,0,0,False
the-stockmarket.com,timeout,,False,0,0,False
greenocktelegraph.co.uk,timeout,,False,0,0,False
artlabs.ai,timeout,,False,0,0,False
tech12h.com,timeout,,False,0,0,False
zippyonline.com,timeout,,False,0,0,False
megabox.co.kr,timeout,,False,0,0,False
zollonline.com,timeout,,False,0,0,False
bookzone.ro,timeout,,False,0,0,False
g-wonlinetextbooks.com,timeout,,False,0,0,False
litecoinspace.org,timeout,,False,0,0,False
gibtelecom.net,timeout,,False,0,0,False
tucarro.com.ve,timeout,,False,0,0,False
network-box.com,timeout,,False,0,0,False
ctidigital.com,timeout,,False,0,0,False
lenovoappstore.com,timeout,,False,0,0,False
staybox.com.br,timeout,,False,0,0,False
iotworkshop.com,timeout,,False,0,0,False
indotrade.co,timeout,,False,0,0,False
newsquestdigital.co.uk,timeout,,False,0,0,False
ebox.net,timeout,,False,0,0,False
summitmedia-digital.com,timeout,,False,0,0,False
green-solutions.net,timeout,,False,0,0,False
salonline.com.br,timeout,,False,0,0,False
icarros.com,timeout,,False,0,0,False
dygdigital.com,timeout,,False,0,0,False
auapptech.com,timeout,,False,0,0,False
online-voice-recorder.com,timeout,,False,0,0,False
smartservers.com.au,timeout,,False,0,0,False
adtechapi.xyz,timeout,,False,0,0,False
careempartner.com,timeout,,False,0,0,False
onlinehosting.cz,timeout,,False,0,0,False
advisorstech.net,timeout,,False,0,0,False
edgecore.ru,timeout,,False,0,0,False
easyfoodstamps.com,timeout,,False,0,0,False
workshop-email-content.com,timeout,,False,0,0,False
dnsrecord.com.au,timeout,,False,0,0,False
tlecorp.com,timeout,,False,0,0,False
greenfelt.net,timeout,,False,0,0,False
techmaniacs.gr,timeout,,False,0,0,False
advbox.com.br,timeout,,False,0,0,False
outdoornebraska.gov,timeout,,False,0,0,False
carmax.net,timeout,,False,0,0,False
tagbox.com,timeout,,False,0,0,False
nsotelecom.ru,timeout,,False,0,0,False
fishingtoolsbox.com,timeout,,False,0,0,False
contentpack.org,timeout,,False,0,0,False
halalbooking.com,timeout,,False,0,0,False
fonciatech.net,timeout,,False,0,0,False
happymealdigital.com,timeout,,False,0,0,False
aspiredigital.cn,timeout,,False,0,0,False
onlinemountain.com,timeout,,False,0,0,False
onlinetestpad.net,timeout,,False,0,0,False
dcarimg.com,timeout,,False,0,0,False
nautos.de,timeout,,False,0,0,False
deutschebank-dbdirect.com,timeout,,False,0,0,False
invictastores.eu,timeout,,False,0,0,False
evxonline.net,timeout,,False,0,0,False
freshify.click,timeout,,False,0,0,False
onecommerce.io,timeout,,False,0,0,False
roboxquiz.com,timeout,,False,0,0,False
a5cloud-production.net,timeout,,False,0,0,False
serversmarket.gr,timeout,,False,0,0,False
timetracking-online.com,timeout,,False,0,0,False
smartnetwork.tw,timeout,,False,0,0,False
vinoshipper.com,timeout,,False,0,0,False
parspack.com,timeout,,False,0,0,False
caro.net,timeout,,False,0,0,False
carene.org,timeout,,False,0,0,False
beonlineboo.com,timeout,,False,0,0,False
ucarecd.net,timeout,,False,0,0,False
porsche-stuttgart-flughafen.de,timeout,,False,0,0,False
techincity.ru,timeout,,False,0,0,False
yourpracticeonline.com,timeout,,False,0,0,False
redirectify.app,timeout,,False,0,0,False
econsig.com.br,timeout,,False,0,0,False
betterme-home-yoga.com,timeout,,False,0,0,False
supercard.ch,timeout,,False,0,0,False
ecocart.io,timeout,,False,0,0,False
productserve.com,timeout,,False,0,0,False
shipexec.com,timeout,,False,0,0,False
brandanalytics.ru,timeout,,False,0,0,False
ozonpartners.ru,timeout,,False,0,0,False
ecofis.de,timeout,,False,0,0,False
migrosonline.com,timeout,,False,0,0,False
start.bg,timeout,,False,0,0,False
tutoronline.ru,timeout,,False,0,0,False
carde.io,timeout,,False,0,0,False
velocityautomotive.com,timeout,,False,0,0,False
gocardless-cicd.io,timeout,,False,0,0,False
vkpartner.ru,timeout,,False,0,0,False
autolookout.net,timeout,,False,0,0,False
digitalholding.ltd,timeout,,False,0,0,False
carouselsignage.net,timeout,,False,0,0,False
pogdesign.co.uk,timeout,,False,0,0,False
shipsy.io,timeout,,False,0,0,False
expresso.com,timeout,,False,0,0,False
lyvecom.com,timeout,,False,0,0,False
musicperec.ru,timeout,,False,0,0,False
seconddinnertech.com,timeout,,False,0,0,False
one4allcard.ca,timeout,,False,0,0,False
moontontech.net,timeout,,False,0,0,False
recodz.com,timeout,,False,0,0,False
officeassistantonline.com,timeout,,False,0,0,False
b2b-telecom.ru,timeout,,False,0,0,False
designbysi.se,timeout,,False,0,0,False
rdshop.ru,timeout,,False,0,0,False
powerplanetonline.com,timeout,,False,0,0,False
automat-ai.com,timeout,,False,0,0,False
superonlinecorporate.com,timeout,,False,0,0,False
gocardless.dev,timeout,,False,0,0,False
autosystem.cz,timeout,,False,0,0,False
worshiptogether.com,timeout,,False,0,0,False
bestproductsreviews.co.uk,timeout,,False,0,0,False
clicksrefresh.com,timeout,,False,0,0,False
caresoft.vn,timeout,,False,0,0,False
abcdesign.pro,timeout,,False,0,0,False
opensharecount.com,timeout,,False,0,0,False
printess.com,timeout,,False,0,0,False
smartmedia.net.id,timeout,,False,0,0,False
akinsofteticaret.com,timeout,,False,0,0,False
greendottt.net,timeout,,False,0,0,False
dogzonline.com.au,timeout,,False,0,0,False
goodsmileus.com,timeout,,False,0,0,False
imusic.uk,timeout,,False,0,0,False
automedsystems.com.au,timeout,,False,0,0,False
amizadecolorida.top,timeout,,False,0,0,False
leumi-card.co.il,timeout,,False,0,0,False
onlinesoccermanager.nl,timeout,,False,0,0,False
conecttelecom.com.br,timeout,,False,0,0,False
miteco.gob.es,timeout,,False,0,0,False
chartworld.com,timeout,,False,0,0,False
wparty.net,timeout,,False,0,0,False
ticketonline.de,timeout,,False,0,0,False
srpcdigital.com,timeout,,False,0,0,False
white-directory.com,timeout,,False,0,0,False
booking.page,timeout,,False,0,0,False
greenapi.org,timeout,,False,0,0,False
chilexpress.cl,timeout,,False,0,0,False
thinkcar.com,timeout,,False,0,0,False
galianostore.com,timeout,,False,0,0,False
pne-online.net,timeout,,False,0,0,False
smartsheetgov.com,timeout,,False,0,0,False
artifact.news,timeout,,False,0,0,False
wisdomtreeconnect.com,timeout,,False,0,0,False
autoscout24.com.ua,timeout,,False,0,0,False
directly.chat,timeout,,False,0,0,False
cartesia.ai,timeout,,False,0,0,False
readypayonline.com,timeout,,False,0,0,False
fumoshop.com,timeout,,False,0,0,False
spacecore.pro,timeout,,False,0,0,False
grifolsplasmaexpresskiosk.com,timeout,,False,0,0,False
ashleydirect.com,timeout,,False,0,0,False
amaonline.com,timeout,,False,0,0,False
recommendedpress.com,timeout,,False,0,0,False
mnet-online.de,timeout,,False,0,0,False
myecommercedns.net,timeout,,False,0,0,False
appliedonline.net,timeout,,False,0,0,False
onlinenotepad.org,timeout,,False,0,0,False
getcarrot.io,timeout,,False,0,0,False
akirabox.to,timeout,,False,0,0,False
codetools.in,timeout,,False,0,0,False
djibtelecom.dj,timeout,,False,0,0,False
ambientproptech.com,timeout,,False,0,0,False
econt.com,timeout,,False,0,0,False
smart-dns.com.au,timeout,,False,0,0,False
tvdigital.de,timeout,,False,0,0,False
citizensbankonline.com,timeout,,False,0,0,False
chimecove.club,timeout,,False,0,0,False
boxtal.com,timeout,,False,0,0,False
inbox.lt,timeout,,False,0,0,False
myhome.ge,timeout,,False,0,0,False
seodigital.cl,timeout,,False,0,0,False
alimart.ae,timeout,,False,0,0,False
online-begraafplaatsen.nl,timeout,,False,0,0,False
thecomet.net,timeout,,False,0,0,False
stores-apple.com,timeout,,False,0,0,False
shepetivka.com.ua,timeout,,False,0,0,False
carsaver.com,timeout,,False,0,0,False
bombparty.com,timeout,,False,0,0,False
gormanshop.com.au,timeout,,False,0,0,False
transportes.gov.br,timeout,,False,0,0,False
spdigital.cl,timeout,,False,0,0,False
metaship.ru,timeout,,False,0,0,False
i-elitech.com,timeout,,False,0,0,False
seamanship.eu,timeout,,False,0,0,False
tratoresecolheitadeiras.com.br,timeout,,False,0,0,False
distnashipenati.ru,timeout,,False,0,0,False
packback.co,timeout,,False,0,0,False
dailyorder.de,timeout,,False,0,0,False
smartrotation2.com,timeout,,False,0,0,False
entrematic-smartconnect.com,timeout,,False,0,0,False
hopbox.in,timeout,,False,0,0,False
issnetonline.com.br,timeout,,False,0,0,False
fboxtv.com,timeout,,False,0,0,False
upperdeckepack.com,timeout,,False,0,0,False
boatsonline.com.au,timeout,,False,0,0,False
ewarttechnologies.net,timeout,,False,0,0,False
top-minecrafter.com,timeout,,False,0,0,False
krackonline.com,timeout,,False,0,0,False
shippit.com,timeout,,False,0,0,False
techintgroup.net,timeout,,False,0,0,False
citrixonline.com,timeout,,False,0,0,False
caeddigital.net,timeout,,False,0,0,False
dropboxlegal.com,timeout,,False,0,0,False
eneco.be,timeout,,False,0,0,False
smartplacement.io,timeout,,False,0,0,False
depositocaravan.com,timeout,,False,0,0,False
designku.io,timeout,,False,0,0,False
superonline.com,timeout,,False,0,0,False
greenhost.net,timeout,,False,0,0,False
carbonhousedns.com,timeout,,False,0,0,False
carpathiahost.net,timeout,,False,0,0,False
trannybook.com,timeout,,False,0,0,False
salesstocker.com,timeout,,False,0,0,False
dts-online.net,timeout,,False,0,0,False
protoolszone.my,timeout,,False,0,0,False
bart.sk,timeout,,False,0,0,False
expressplay.com,timeout,,False,0,0,False
recordstrivia.com,timeout,,False,0,0,False
happinetonline.com,timeout,,False,0,0,False
t-tech.team,timeout,,False,0,0,False
duokanbox.com,timeout,,False,0,0,False
teachers.gov.bd,timeout,,False,0,0,False
smartrotation6.com,timeout,,False,0,0,False
finamtrade.ru,timeout,,False,0,0,False
carcodesms.com,timeout,,False,0,0,False
venntelecom.com,timeout,,False,0,0,False
bkmexpress.com.tr,timeout,,False,0,0,False
carsandcars.ca,timeout,,False,0,0,False
redeal.se,timeout,,False,0,0,False
stablewebtech.com,timeout,,False,0,0,False
smartrotation3.com,timeout,,False,0,0,False
frisbuy.com,timeout,,False,0,0,False
onlinefussballmanager.de,timeout,,False,0,0,False
thalesdigital.io,timeout,,False,0,0,False
twttonline.com,timeout,,False,0,0,False
exploreearth3d.com,timeout,,False,0,0,False
radiorecord.fm,timeout,,False,0,0,False
musicbrainz.eu,timeout,,False,0,0,False
productsafety.gov.au,timeout,,False,0,0,False
lassomarketing.io,timeout,,False,0,0,False
trade-server.net,timeout,,False,0,0,False
smiletech.vip,timeout,,False,0,0,False
acndigital.net,timeout,,False,0,0,False
roxashop.com,timeout,,False,0,0,False
tradeweb.com,timeout,,False,0,0,False
totaltraffictrader.com,timeout,,False,0,0,False
aptrade.ru,timeout,,False,0,0,False
ukrparts.com.ua,timeout,,False,0,0,False
jvsonline.fr,timeout,,False,0,0,False
online24.pm,timeout,,False,0,0,False
gmconline.com.br,timeout,,False,0,0,False
bookingexperts.nl,timeout,,False,0,0,False
techblog.page,timeout,,False,0,0,False
digidirect.com.au,timeout,,False,0,0,False
orderdeadline.com,timeout,,False,0,0,False
codecrafters.io,timeout,,False,0,0,False
alerosshop.it,timeout,,False,0,0,False
box8.co,timeout,,False,0,0,False
edit-pdf-online.com,timeout,,False,0,0,False
imobiliariaricardoparanhos.com,timeout,,False,0,0,False
pdfconverteronline.com,timeout,,False,0,0,False
startvpn.com,timeout,,False,0,0,False
zegotech.cn,timeout,,False,0,0,False
socarrao.com.br,timeout,,False,0,0,False
infotechna.hu,timeout,,False,0,0,False
beecompose.com,timeout,,False,0,0,False
goodsrepublic.com,timeout,,False,0,0,False
petrescue.com.au,timeout,,False,0,0,False
fibextelecom.net,timeout,,False,0,0,False
partprice.ru,timeout,,False,0,0,False
tradesmith.com,timeout,,False,0,0,False
mothership.co.nz,timeout,,False,0,0,False
freenotetech.com,timeout,,False,0,0,False
smsonline.cloud,timeout,,False,0,0,False
matajertech.com,timeout,,False,0,0,False
online.com.au,timeout,,False,0,0,False
freshbots.ai,timeout,,False,0,0,False
love2shop.co.uk,timeout,,False,0,0,False
artelecom.pt,timeout,,False,0,0,False
benchmarkdigital.com,timeout,,False,0,0,False
appodealx.com,timeout,,False,0,0,False
boatdealers.su,timeout,,False,0,0,False
pageroonline.com,timeout,,False,0,0,False
vttechfx.com,timeout,,False,0,0,False
etestsonline.org,timeout,,False,0,0,False
siteconciergemail.co,timeout,,False,0,0,False
smartbusiness.ae,timeout,,False,0,0,False
cursosycarreras.com.mx,timeout,,False,0,0,False
strykertech-interface.com,timeout,,False,0,0,False
multiscreenstore.com,timeout,,False,0,0,False
03online.com,timeout,,False,0,0,False
petfriendly.io,timeout,,False,0,0,False
greensboro-nc.gov,timeout,,False,0,0,False
steamcdn.com,timeout,,False,0,0,False
directs.com,timeout,,False,0,0,False
spmailtechno.com,timeout,,False,0,0,False
petspiration.com,timeout,,False,0,0,False
autoo.com.br,timeout,,False,0,0,False
musicleague.com,timeout,,False,0,0,False
v1digital.com,timeout,,False,0,0,False
pproduct.ru,timeout,,False,0,0,False
my-salesforce-community-live-preview.com,timeout,,False,0,0,False
skynettechnologies.us,timeout,,False,0,0,False
roveconcepts.com,timeout,,False,0,0,False
hrblockonline.ca,timeout,,False,0,0,False
senecops.com,timeout,,False,0,0,False
corelstore.com,timeout,,False,0,0,False
citonline.com,timeout,,False,0,0,False
startrack.com.au,timeout,,False,0,0,False
astrodigital.media,timeout,,False,0,0,False
happycards.ca,timeout,,False,0,0,False
showzstore.com,timeout,,False,0,0,False
yourpracticeonline.co,timeout,,False,0,0,False
yardsales.net,timeout,,False,0,0,False
autofixer.com,timeout,,False,0,0,False
smowltech.net,timeout,,False,0,0,False
readnaturally.com,timeout,,False,0,0,False
cityonlinebd.net,timeout,,False,0,0,False
appbundledownload.com,timeout,,False,0,0,False
carnivalcruiselineemail.com,timeout,,False,0,0,False
stripersonline.com,timeout,,False,0,0,False
hellofresh.ca,timeout,,False,0,0,False
technomarket.bg,timeout,,False,0,0,False
vcdelivery.com,timeout,,False,0,0,False
foodpanda.com.mm,timeout,,False,0,0,False
supercarros.com,timeout,,False,0,0,False
greenlight.me,timeout,,False,0,0,False
uhauldealer.com,timeout,,False,0,0,False
tupperbox.app,timeout,,False,0,0,False
pchshopping.com,timeout,,False,0,0,False
adpartners.io,timeout,,False,0,0,False
techtrident.sbs,timeout,,False,0,0,False
impetus.co.in,timeout,,False,0,0,False
mollyshomeguide.com,timeout,,False,0,0,False
youlishipin.com,timeout,,False,0,0,False
roboxchange.com,timeout,,False,0,0,False
weconnectu.co.za,timeout,,False,0,0,False
starline-online.ru,timeout,,False,0,0,False
autoera.lt,timeout,,False,0,0,False
ecoindustry.ru,timeout,,False,0,0,False
dbscar.com,timeout,,False,0,0,False
mos-tech.moscow,timeout,,False,0,0,False
rc-online.ru,timeout,,False,0,0,False
greenlight.guru,timeout,,False,0,0,False
zont-online.ru,timeout,,False,0,0,False
gedecomix.com,timeout,,False,0,0,False
contentdeliveries.com,timeout,,False,0,0,False
fintechnsk.ru,timeout,,False,0,0,False
famillecollet.com,timeout,,False,0,0,False
searetailplatform.com,timeout,,False,0,0,False
aiproducts.com,timeout,,False,0,0,False
svrauto.ru,timeout,,False,0,0,False
ed-partner.ru,timeout,,False,0,0,False
preproduct.io,timeout,,False,0,0,False
designarena.ai,timeout,,False,0,0,False
tiktokshops.eu,timeout,,False,0,0,False
smartassessor.co.uk,timeout,,False,0,0,False
onlinegwpay.com,timeout,,False,0,0,False
drakecomic.org,timeout,,False,0,0,False
craft-hosting.ru,timeout,,False,0,0,False
csecontrol.com,timeout,,False,0,0,False
ecositewebhost.com,timeout,,False,0,0,False
os-tech.ru,timeout,,False,0,0,False
customs.gov.ph,timeout,,False,0,0,False
adsbydesign.net,timeout,,False,0,0,False
midibox.org,timeout,,False,0,0,False
fbox360.com,timeout,,False,0,0,False
sabiotrade.com,timeout,,False,0,0,False
adasitecompliance.com,timeout,,False,0,0,False
e-digitalhosting.net,timeout,,False,0,0,False
browsecoherentunrefined.com,timeout,,False,0,0,False
cotecompare.com.br,timeout,,False,0,0,False
28degreescard.com.au,timeout,,False,0,0,False
autoklad.ua,timeout,,False,0,0,False
boxed.gg,timeout,,False,0,0,False
myecodns.com,timeout,,False,0,0,False
china-online.com.cn,timeout,,False,0,0,False
hitem3d.ai,timeout,,False,0,0,False
apjonlinecdn.com,timeout,,False,0,0,False
shipway.com,timeout,,False,0,0,False
directvps.nl,timeout,,False,0,0,False
dbztech.net,timeout,,False,0,0,False
inaturalist.ca,timeout,,False,0,0,False
smionecard.com,timeout,,False,0,0,False
sancharonline.net,timeout,,False,0,0,False
livebox.sk,timeout,,False,0,0,False
femalecook.com,timeout,,False,0,0,False
shopstyle-cdn.com,timeout,,False,0,0,False
vncare.vn,timeout,,False,0,0,False
bluproducts.com,timeout,,False,0,0,False
ubuy.com.py,timeout,,False,0,0,False
tools.sap,timeout,,False,0,0,False
pagostore.com,timeout,,False,0,0,False
online.tj.cn,timeout,,False,0,0,False
horseworldonline.net,timeout,,False,0,0,False
aatechdesign.com,timeout,,False,0,0,False
dellbackupandrecovery.com,timeout,,False,0,0,False
nodesdirect.com,timeout,,False,0,0,False
ubuy.com.ro,timeout,,False,0,0,False
upsellingtech.com,timeout,,False,0,0,False
online-cmcc.cn,timeout,,False,0,0,False
tradezero.com,timeout,,False,0,0,False
agc-tech.net,timeout,,False,0,0,False
passiveincomeconsultingllc.com,timeout,,False,0,0,False
simpeco.tech,timeout,,False,0,0,False
timrecompensas.com.br,timeout,,False,0,0,False
myplannedparenthoodchart.org,timeout,,False,0,0,False
petdrugsonline.co.uk,timeout,,False,0,0,False
alltimediscounts.com,timeout,,False,0,0,False
mypackagetrack.com,timeout,,False,0,0,False
datahome2026.com,timeout,,False,0,0,False
mobtelecom.com.br,timeout,,False,0,0,False
d1-online.com,timeout,,False,0,0,False
trade.gov.tw,timeout,,False,0,0,False
worldtool.ru,timeout,,False,0,0,False
analyzecorona.com,timeout,,False,0,0,False
sw-online-check.de,timeout,,False,0,0,False
fviainboxes.com,timeout,,False,0,0,False
economic.bg,timeout,,False,0,0,False
careco.co.uk,timeout,,False,0,0,False
printme.com,timeout,,False,0,0,False
combcompetition.com,timeout,,False,0,0,False
pethouse.ua,timeout,,False,0,0,False
legendonlineservices.co.uk,timeout,,False,0,0,False
remi-online.ro,timeout,,False,0,0,False
freshemail.io,timeout,,False,0,0,False
techcloudly.com,timeout,,False,0,0,False
hub-box.com,timeout,,False,0,0,False
kks-telecom.ru,timeout,,False,0,0,False
borrowbox.com,timeout,,False,0,0,False
images-weatheronline.com,timeout,,False,0,0,False
wbuy.com.br,timeout,,False,0,0,False
cabotelecom.com.br,timeout,,False,0,0,False
globaleco.app,timeout,,False,0,0,False
startapi.win,timeout,,False,0,0,False
monaco-telecom.mc,timeout,,False,0,0,False
racetelecom.net,timeout,,False,0,0,False
prohealthcare.org,timeout,,False,0,0,False
videoitaliaproduction.it,timeout,,False,0,0,False
beepbox.co,timeout,,False,0,0,False
gidonline.eu,timeout,,False,0,0,False
bookscovers.es,timeout,,False,0,0,False
idealo.cloud,timeout,,False,0,0,False
simpshopifyapps.com,timeout,,False,0,0,False
smartfit.online,timeout,,False,0,0,False
myinsales.kz,timeout,,False,0,0,False
shamrockfoods.com,timeout,,False,0,0,False
fordpartsgiant.com,timeout,,False,0,0,False
bcexpress.ru,timeout,,False,0,0,False
e1-card.ru,timeout,,False,0,0,False
techfu.co.za,timeout,,False,0,0,False
nocarbschallenge.com,timeout,,False,0,0,False
joysonshops.ru,timeout,,False,0,0,False
ecosweb.com.br,timeout,,False,0,0,False
emanualonline.com,timeout,,False,0,0,False
bikeboard.at,timeout,,False,0,0,False
shippypro.com,timeout,,False,0,0,False
baseconnect.in,timeout,,False,0,0,False
lgatelecom.net,timeout,,False,0,0,False
mxrecord.mx,timeout,,False,0,0,False
bretagnetelecom.fr,timeout,,False,0,0,False
getdirecto.com,timeout,,False,0,0,False
ubuy.is,timeout,,False,0,0,False
bike24.fr,timeout,,False,0,0,False
assecobs.pl,timeout,,False,0,0,False
gftech.ru,timeout,,False,0,0,False
packageconciergeadmin.com,timeout,,False,0,0,False
lestrades.com,timeout,,False,0,0,False
textbox.app,timeout,,False,0,0,False
azeronline.com,timeout,,False,0,0,False
ekwamarketing.com,timeout,,False,0,0,False
ekklisiaonline.gr,timeout,,False,0,0,False
cruiseshipcenters.com,timeout,,False,0,0,False
plurabellebooks.com,timeout,,False,0,0,False
organiccdn.io,timeout,,False,0,0,False
allfacebook.com,timeout,,False,0,0,False
smartbuys.ru,timeout,,False,0,0,False
tech-arms.io,timeout,,False,0,0,False
csgpmarketplace.com,timeout,,False,0,0,False
imcparts.net,timeout,,False,0,0,False
cheapestsmmpanels.com,timeout,,False,0,0,False
krastelecom.com,timeout,,False,0,0,False
photorecovermax.com,timeout,,False,0,0,False
periboxquest.net,timeout,,False,0,0,False
borzodelivery.com,timeout,,False,0,0,False
naturaltracking.com,timeout,,False,0,0,False
econet.co.ls,timeout,,False,0,0,False
livecomm.net,timeout,,False,0,0,False
ingressodigital.com,timeout,,False,0,0,False
mirabelsmarketingmanager.com,timeout,,False,0,0,False
mayahenryjewelers.com,timeout,,False,0,0,False
exactonline.be,timeout,,False,0,0,False
simpeco.pro,timeout,,False,0,0,False
rcbconlinebanking.com,timeout,,False,0,0,False
carbonite.co.za,timeout,,False,0,0,False
lovedeco.ro,timeout,,False,0,0,False
cybersmart.co.za,timeout,,False,0,0,False
divxonline.info,timeout,,False,0,0,False
autocab.net,timeout,,False,0,0,False
match-trade.com,timeout,,False,0,0,False
carprice.auction,timeout,,False,0,0,False
earthlight.co.nz,timeout,,False,0,0,False
greenradar.com,timeout,,False,0,0,False
foodpanda.tw,timeout,,False,0,0,False
onlinecamscanner.com,timeout,,False,0,0,False
vparts.se,timeout,,False,0,0,False
equipoutdoors.co.nz,timeout,,False,0,0,False
mijnpartnergroep.nl,timeout,,False,0,0,False
bikeleasing.de,timeout,,False,0,0,False
icetrade.by,timeout,,False,0,0,False
bcitelecom.ru,timeout,,False,0,0,False
jsecoin.com,timeout,,False,0,0,False
7stardigitalnetwork.com,timeout,,False,0,0,False
dqecom.com,timeout,,False,0,0,False
lunchbox.io,timeout,,False,0,0,False
bigbox.com.ar,timeout,,False,0,0,False
gonlinesites.com,timeout,,False,0,0,False
sdlproducts.com,timeout,,False,0,0,False
econjobrumors.com,timeout,,False,0,0,False
one4alldigital.ie,timeout,,False,0,0,False
ksecosys.com,timeout,,False,0,0,False
online-schule.saarland,timeout,,False,0,0,False
granadadigital.es,timeout,,False,0,0,False
ecounterp.net,timeout,,False,0,0,False
viart.com,timeout,,False,0,0,False
schoolstore.net,timeout,,False,0,0,False
royalgreenwich.gov.uk,timeout,,False,0,0,False
bestflashcard.com,timeout,,False,0,0,False
carrierpoint.com,timeout,,False,0,0,False
liga3-online.de,timeout,,False,0,0,False
francetelecom.fr,timeout,,False,0,0,False
playwonderbox.com.br,timeout,,False,0,0,False
homebuddy.com,timeout,,False,0,0,False
mobitech-content.xyz,timeout,,False,0,0,False
online.io,timeout,,False,0,0,False
pescare.com.ar,timeout,,False,0,0,False
yelsterdigital.com,timeout,,False,0,0,False
convbox.ai,timeout,,False,0,0,False
mutuionline.it,timeout,,False,0,0,False
wetteronline.ch,timeout,,False,0,0,False
anotaai-platform-production.com,timeout,,False,0,0,False
buysellcyprus.com,timeout,,False,0,0,False
krogerfamilycareers.com,timeout,,False,0,0,False
visdeal.nl,timeout,,False,0,0,False
cardcrush.com,timeout,,False,0,0,False
kometsales.com,timeout,,False,0,0,False
green-spoon.jp,timeout,,False,0,0,False
technoinfotech.com,timeout,,False,0,0,False
virtusonline.org,timeout,,False,0,0,False
economist.kg,timeout,,False,0,0,False
salesdish.com,timeout,,False,0,0,False
mastercard.org,timeout,,False,0,0,False
autofarba.com,timeout,,False,0,0,False
motivtelecom.ru,timeout,,False,0,0,False
cedsdigital.it,timeout,,False,0,0,False
directlot.ru,timeout,,False,0,0,False
usawmembership.com,timeout,,False,0,0,False
cvauto.ru,timeout,,False,0,0,False
image-tech-storage.com,timeout,,False,0,0,False
intellishop.cloud,timeout,,False,0,0,False
orderflowtrading.net,timeout,,False,0,0,False
onguardonline.gov,timeout,,False,0,0,False
shippingeasy.com,timeout,,False,0,0,False
astech.com,timeout,,False,0,0,False
discounto.de,timeout,,False,0,0,False
soshcaraibe.fr,timeout,,False,0,0,False
getuscart.com,timeout,,False,0,0,False
tabtrader.com,timeout,,False,0,0,False
maxonline.de,timeout,,False,0,0,False
taleamusic.com,timeout,,False,0,0,False
selfbook.com,timeout,,False,0,0,False
deckbox.org,timeout,,False,0,0,False
collectiblesonlinedaily.com,timeout,,False,0,0,False
customs.gov.vn,timeout,,False,0,0,False
iowatelecom.net,timeout,,False,0,0,False
texture-packs.com,timeout,,False,0,0,False
provaltech.com,timeout,,False,0,0,False
farmfoods.co.uk,timeout,,False,0,0,False
onedriveconsole.com,timeout,,False,0,0,False
comintech.net,timeout,,False,0,0,False
tickettool.xyz,timeout,,False,0,0,False
colourbox.dk,timeout,,False,0,0,False
descargasdd.org,timeout,,False,0,0,False
online-fonts.com,timeout,,False,0,0,False
wpsorders.com,timeout,,False,0,0,False
cleanertoolboxonline.live,timeout,,False,0,0,False
motionartify.com,timeout,,False,0,0,False
jdeco.net,timeout,,False,0,0,False
artklen.ru,timeout,,False,0,0,False
mydesignation.com,timeout,,False,0,0,False
asretelecom.com,timeout,,False,0,0,False
indianeconomicobserver.com,timeout,,False,0,0,False
ffzy-online4.com,timeout,,False,0,0,False
tech.gov.sg,timeout,,False,0,0,False
pixelstarships.com,timeout,,False,0,0,False
schmoozecom.com,timeout,,False,0,0,False
saleemfabrics.pk,timeout,,False,0,0,False
instocktrades.com,timeout,,False,0,0,False
dopingtech.net,timeout,,False,0,0,False
techappapp.com,timeout,,False,0,0,False
ecosio-hub.com,timeout,,False,0,0,False
orderlogicapp.com,timeout,,False,0,0,False
procares.in,timeout,,False,0,0,False
paretodeals.com,timeout,,False,0,0,False
hosterbox.com,timeout,,False,0,0,False
roberthalfonline.com,timeout,,False,0,0,False
friendshipcars.com,timeout,,False,0,0,False
padrepauloricardo.org,timeout,,False,0,0,False
smartnet.kz,timeout,,False,0,0,False
staff-clothes.com,timeout,,False,0,0,False
intertech.com.tr,timeout,,False,0,0,False
myipadbox.com,timeout,,False,0,0,False
altcointrader.co.za,timeout,,False,0,0,False
techsp.cc,timeout,,False,0,0,False
cablecom.net,timeout,,False,0,0,False
online-apteka.com.ua,timeout,,False,0,0,False
educarm.es,timeout,,False,0,0,False
accuristechnologies.ca,timeout,,False,0,0,False
spartoo.com.hr,timeout,,False,0,0,False
nerdpart.com,timeout,,False,0,0,False
bydauto.com.tr,timeout,,False,0,0,False
redvisiontech.com,timeout,,False,0,0,False
ridersdeal.com,timeout,,False,0,0,False
bookingkit.com,timeout,,False,0,0,False
cgpbooks.co.uk,timeout,,False,0,0,False
sonauto.ai,timeout,,False,0,0,False
navigatingcare.com,timeout,,False,0,0,False
taku-adtech.com,timeout,,False,0,0,False
signalpet.com,timeout,,False,0,0,False
wiautomation.com,timeout,,False,0,0,False
southernonline.net,timeout,,False,0,0,False
royalcaribbeanmarketing.com,timeout,,False,0,0,False
viversaudavelhojeonline.online,timeout,,False,0,0,False
petrus.pl,timeout,,False,0,0,False
fastadsonline.com,timeout,,False,0,0,False
musicgpt.com,timeout,,False,0,0,False
yabancidizibox.com,timeout,,False,0,0,False
racingdealma.com.ar,timeout,,False,0,0,False
passports.gov.au,timeout,,False,0,0,False
electrobike.fi,timeout,,False,0,0,False
ubuy.com.br,timeout,,False,0,0,False
ebox.co.nz,timeout,,False,0,0,False
ubuy.com.kw,timeout,,False,0,0,False
scentbox.com,timeout,,False,0,0,False
hellofresh.com.au,timeout,,False,0,0,False
frionline.com.br,timeout,,False,0,0,False
mihanstore.net,timeout,,False,0,0,False
gofoexpress.com,timeout,,False,0,0,False
engagecore.com,timeout,,False,0,0,False
tesseradigital.com,timeout,,False,0,0,False
autobarn.com.au,timeout,,False,0,0,False
leafhomeenhancements.com,timeout,,False,0,0,False
ketabonline.com,timeout,,False,0,0,False
cybernet-telecom.com,timeout,,False,0,0,False
rusbitech.ru,timeout,,False,0,0,False
luckparty.com,timeout,,False,0,0,False
barsyonline.com,timeout,,False,0,0,False
azgunbuy.com,timeout,,False,0,0,False
ticaretsicil.gov.tr,timeout,,False,0,0,False
timecorns.com,timeout,,False,0,0,False
car-2rent.com,timeout,,False,0,0,False
minecraftonline.com,timeout,,False,0,0,False
chthibox.net,timeout,,False,0,0,False
cartsguru.io,timeout,,False,0,0,False
cursosonlineeduca.com.br,timeout,,False,0,0,False
dubaitrade.ae,timeout,,False,0,0,False
blindsdirect.co.uk,timeout,,False,0,0,False
buildkiteassets.com,timeout,,False,0,0,False
booksfer.net,timeout,,False,0,0,False
digitalwest.net,timeout,,False,0,0,False
box.co.uk,timeout,,False,0,0,False
wartungsverbund.de,timeout,,False,0,0,False
homelabvet.com,timeout,,False,0,0,False
teensexonline.com,timeout,,False,0,0,False
toproducts.co.uk,timeout,,False,0,0,False
sitecockpit.com,timeout,,False,0,0,False
matrade.gov.my,timeout,,False,0,0,False
skybox.xyz,timeout,,False,0,0,False
petpoint.com,timeout,,False,0,0,False
hs-salescrm-engage.com,timeout,,False,0,0,False
itecoserv.ro,timeout,,False,0,0,False
newxboxone.ru,timeout,,False,0,0,False
itecoserv.com,timeout,,False,0,0,False
freshthyme.com,timeout,,False,0,0,False
wow-petguide.com,timeout,,False,0,0,False
ecomdata.cloud,timeout,,False,0,0,False
ship24.com,timeout,,False,0,0,False
bancodeprecos.com.br,timeout,,False,0,0,False
kartago.sk,timeout,,False,0,0,False
maxstores.gr,timeout,,False,0,0,False
soytechno.com,timeout,,False,0,0,False
litecoinblockexplorer.net,timeout,,False,0,0,False
jptrade.ru,timeout,,False,0,0,False
allianzdirect.com,timeout,,False,0,0,False
fortradev.com,timeout,,False,0,0,False
sapbydesign.com,timeout,,False,0,0,False
techvisionjoy.com,timeout,,False,0,0,False
thecollective.in,timeout,,False,0,0,False
dealerslink.com,timeout,,False,0,0,False
aviasales.uz,timeout,,False,0,0,False
automann.com,timeout,,False,0,0,False
seriebox.com,timeout,,False,0,0,False
luxuryproxy.net,timeout,,False,0,0,False
bundleb2b.net,timeout,,False,0,0,False
digitalims.net,timeout,,False,0,0,False
petrol.si,timeout,,False,0,0,False
tecobi.com,timeout,,False,0,0,False
freshmarketer.eu,timeout,,False,0,0,False
orderhost.ir,timeout,,False,0,0,False
earthviewsatellitemaps.com,timeout,,False,0,0,False
elbierzodigital.com,timeout,,False,0,0,False
arranfoods.scot,timeout,,False,0,0,False
imagedeliveries.com,timeout,,False,0,0,False
smartsyntax1.ru,timeout,,False,0,0,False
foodgenius.de,timeout,,False,0,0,False
bookzip.online,timeout,,False,0,0,False
myautoleap.com,timeout,,False,0,0,False
pierce-ecom.com,timeout,,False,0,0,False
justdice-product.info,timeout,,False,0,0,False
aviaonline.fun,timeout,,False,0,0,False
online-string.com,timeout,,False,0,0,False
printerland.co.uk,timeout,,False,0,0,False
7fresh.com,timeout,,False,0,0,False
replicaonline.ro,timeout,,False,0,0,False
logitech.com.cn,timeout,,False,0,0,False
maersk-digital.net,timeout,,False,0,0,False
cofactordigital.com,timeout,,False,0,0,False
aeropartner.aero,timeout,,False,0,0,False
caravansitefinder.co.uk,timeout,,False,0,0,False
petiak.ca,timeout,,False,0,0,False
jackbox.fun,timeout,,False,0,0,False
deliveroo.hk,timeout,,False,0,0,False
ecozaym24.ru,timeout,,False,0,0,False
salesforceresearch.ai,timeout,,False,0,0,False
livefresh.de,timeout,,False,0,0,False
cheapestinindia.com,timeout,,False,0,0,False
amityonline.com,timeout,,False,0,0,False
atelecom.pro,timeout,,False,0,0,False
myaccountviewonline.com,timeout,,False,0,0,False
yamareco.info,timeout,,False,0,0,False
sonartech.io,timeout,,False,0,0,False
jocar.com.br,timeout,,False,0,0,False
videsigns-staging.co.uk,timeout,,False,0,0,False
tradeboss.com,timeout,,False,0,0,False
economiafinancas.com,timeout,,False,0,0,False
qsoftdesigns.com,timeout,,False,0,0,False
autoblog.com.ar,timeout,,False,0,0,False
lemontech.com.br,timeout,,False,0,0,False
myhealthchart.com,timeout,,False,0,0,False
cellshop.com.py,timeout,,False,0,0,False
bookbyaliens.com,timeout,,False,0,0,False
visualcare.com.au,timeout,,False,0,0,False
carblicity.com,timeout,,False,0,0,False
eadmart.com.br,timeout,,False,0,0,False
indotrade.com,timeout,,False,0,0,False
icandesignapp.com,timeout,,False,0,0,False
scholarshipowl.com,timeout,,False,0,0,False
business-online.ru,timeout,,False,0,0,False
procarecloudservices.com,timeout,,False,0,0,False
unecon.ru,timeout,,False,0,0,False
deliverhelix.com,timeout,,False,0,0,False
internet-box.ch,timeout,,False,0,0,False
noticiasdecoimbra.pt,timeout,,False,0,0,False
bensbargains.com,timeout,,False,0,0,False
marketsnare.net,timeout,,False,0,0,False
knickersboxersglory.com,timeout,,False,0,0,False
cleandigitals.live,timeout,,False,0,0,False
smartfunnelads.com,timeout,,False,0,0,False
centeredgeonline.com,timeout,,False,0,0,False
totalonlinesolutions.com,timeout,,False,0,0,False
finanzasdigital.com,timeout,,False,0,0,False
onlinedogshows.eu,timeout,,False,0,0,False
fowlersparts.co.uk,timeout,,False,0,0,False
floathomes.com,timeout,,False,0,0,False
haymarketmedia.com,timeout,,False,0,0,False
imusic.pt,timeout,,False,0,0,False
book-family.de,timeout,,False,0,0,False
magecomp.us,timeout,,False,0,0,False
worldofwarships.jp,timeout,,False,0,0,False
expressmailguard.com,timeout,,False,0,0,False
i-teco.ru,timeout,,False,0,0,False
tgjonesonline.co.uk,timeout,,False,0,0,False
smatwebdesign.com,timeout,,False,0,0,False
artsites.ca,timeout,,False,0,0,False
propertytaxdirect.com,timeout,,False,0,0,False
mykelseyonline.com,timeout,,False,0,0,False
welcomehomesoftware.com,timeout,,False,0,0,False
tarahanbartarserver22.ir,timeout,,False,0,0,False
strengonline.uk,timeout,,False,0,0,False
sourcecraft.dev,timeout,,False,0,0,False
dealer-leads.ca,timeout,,False,0,0,False
digital-kaos.co.uk,timeout,,False,0,0,False
algerie-eco.com,timeout,,False,0,0,False
recordbate.com,timeout,,False,0,0,False
boatsales.com.au,timeout,,False,0,0,False
dgshipping.gov.in,timeout,,False,0,0,False
lawyersonline.co.uk,timeout,,False,0,0,False
continiaonline.com,timeout,,False,0,0,False
naotempreco.com.br,timeout,,False,0,0,False
mainpacket.com,timeout,,False,0,0,False
zvukbook.com,timeout,,False,0,0,False
tuner-online.com,timeout,,False,0,0,False
liveconnect.me,timeout,,False,0,0,False
bgfoodsinc.net,timeout,,False,0,0,False
instacare.pk,timeout,,False,0,0,False
greenlightwebsites.com,timeout,,False,0,0,False
amongus-online.net,timeout,,False,0,0,False
careporthealth.com,timeout,,False,0,0,False
emp-online.fr,timeout,,False,0,0,False
iskratelecom.ru,timeout,,False,0,0,False
southindiajewels.com,timeout,,False,0,0,False
smartwool.eu,timeout,,False,0,0,False
freshtel.ru,timeout,,False,0,0,False
teksideconnect.com,timeout,,False,0,0,False
nortonhealthcare.org,timeout,,False,0,0,False
internationaldelivers.com,timeout,,False,0,0,False
servicecore.com,timeout,,False,0,0,False
ubuy.com.kh,timeout,,False,0,0,False
purwakartakab.go.id,timeout,,False,0,0,False
orderexperience.net,timeout,,False,0,0,False
thesettlersonline.com,timeout,,False,0,0,False
momentdigital.fi,timeout,,False,0,0,False
oruzjeonline.com,timeout,,False,0,0,False
financialexpressdigital.com,timeout,,False,0,0,False
vaiadigital.net,timeout,,False,0,0,False
minetools.eu,timeout,,False,0,0,False
backpacktf.com,timeout,,False,0,0,False
chilecom.net,timeout,,False,0,0,False
worldofwarships.ru,timeout,,False,0,0,False
homeflow.co.uk,timeout,,False,0,0,False
foodyas.com,timeout,,False,0,0,False
onlineviewer.net,timeout,,False,0,0,False
productsup.io,timeout,,False,0,0,False
ecoflowukraine.com,timeout,,False,0,0,False
mga-officialstore.com,timeout,,False,0,0,False
ghostship.dk,timeout,,False,0,0,False
cutechin.com,timeout,,False,0,0,False
cinemabox.team,timeout,,False,0,0,False
directorz.jp,timeout,,False,0,0,False
autofusion.com,timeout,,False,0,0,False
thomsoncarter.com,timeout,,False,0,0,False
kawancara.com,timeout,,False,0,0,False
guatemaladigital.com,timeout,,False,0,0,False
tennisrecord.com,timeout,,False,0,0,False
galaxydigital.io,timeout,,False,0,0,False
starhomecrm.com,timeout,,False,0,0,False
utech.edu.jm,timeout,,False,0,0,False
maquinadigital.net,timeout,,False,0,0,False
productmarketingcloud.com,timeout,,False,0,0,False
ftvpartnercontent.com,timeout,,False,0,0,False
labtestsonline.org.uk,timeout,,False,0,0,False
digitalgrounds.info,timeout,,False,0,0,False
ibooked.cn,timeout,,False,0,0,False
deliveroo.ae,timeout,,False,0,0,False
craftlime.net,timeout,,False,0,0,False
zaptrade.ru,timeout,,False,0,0,False
bafoeg-digital.de,timeout,,False,0,0,False
bbwheelsonline.com,timeout,,False,0,0,False
deltaforcetools.gg,timeout,,False,0,0,False
ibbsonline.com,timeout,,False,0,0,False
mafretailproxy.com,timeout,,False,0,0,False
digitalhybrid.net.au,timeout,,False,0,0,False
scarletwhisper.com,timeout,,False,0,0,False
infodesign.ru,timeout,,False,0,0,False
nubox.com,timeout,,False,0,0,False
weatheronline.gr,timeout,,False,0,0,False
mcdashonline.com,timeout,,False,0,0,False
zbusinessonline.co.nz,timeout,,False,0,0,False
lakecountyil.gov,timeout,,False,0,0,False
saltlakecounty.gov,timeout,,False,0,0,False
apextraderpartners.com,timeout,,False,0,0,False
jtexpress.com.br,timeout,,False,0,0,False
vipboxtv.sk,timeout,,False,0,0,False
woodfloorwarehouse.co.uk,timeout,,False,0,0,False
gofoodmerchant.co.id,timeout,,False,0,0,False
kora-online.cc,timeout,,False,0,0,False
acskidd.gov.ua,timeout,,False,0,0,False
cargus.ro,timeout,,False,0,0,False
beststartinlife.gov.uk,timeout,,False,0,0,False
packaging-systems.ru,timeout,,False,0,0,False
bestonlinereviews.in,timeout,,False,0,0,False
chart-kalyan.in,timeout,,False,0,0,False
ddeedshop.net,timeout,,False,0,0,False
ezectech.com.br,timeout,,False,0,0,False
filter303fresh.com,timeout,,False,0,0,False
foododisha.in,timeout,,False,0,0,False
green-growths.com,timeout,,False,0,0,False
home34047.com,timeout,,False,0,0,False
kingauto.vip,timeout,,False,0,0,False
ksouonlinestudy.com,timeout,,False,0,0,False
lancar138-link.com,timeout,,False,0,0,False
mantrishop.in,timeout,,False,0,0,False
naturali.co.in,timeout,,False,0,0,False
onlinejs.com,timeout,,False,0,0,False
pilartoto.org,timeout,,False,0,0,False
pimedigital.com,timeout,,False,0,0,False
rojadirectafhd.com,timeout,,False,0,0,False
techcrusader.in,timeout,,False,0,0,False
techyindia.xyz,timeout,,False,0,0,False
thejujutsukaisenonline.com,timeout,,False,0,0,False
wallheart.in,timeout,,False,0,0,False
analisisdigital.com.ar,timeout,,False,0,0,False
abrtelecom.com.br,timeout,,False,0,0,False
tecob.com,timeout,,False,0,0,False
ecoms.com,timeout,,False,0,0,False
multitech.net,timeout,,False,0,0,False
petra.gov.jo,timeout,,False,0,0,False
articleskill.com,timeout,,False,0,0,False
quinbook.com,timeout,,False,0,0,False
bn-online.net,timeout,,False,0,0,False
bigamart.com,timeout,,False,0,0,False
softwareexpress.com,timeout,,False,0,0,False
expressobeans.com,timeout,,False,0,0,False
unixauto.hu,timeout,,False,0,0,False
inaturalist.nz,timeout,,False,0,0,False
smartcapitalcenter.com,timeout,,False,0,0,False
autoeco.ro,timeout,,False,0,0,False
discrepancy-records.com.au,timeout,,False,0,0,False
weezeronline.com,timeout,,False,0,0,False
liveboxserver.com,timeout,,False,0,0,False
packdraw.com,timeout,,False,0,0,False
kartinkof.club,timeout,,False,0,0,False
digitaladvertisingalliance.org,timeout,,False,0,0,False
ctonline.mx,timeout,,False,0,0,False
koronacard.ru,timeout,,False,0,0,False
card-corner.de,timeout,,False,0,0,False
remoterocketship.com,timeout,,False,0,0,False
loopaautomate.com,timeout,,False,0,0,False
digital-eliteboard.com,timeout,,False,0,0,False
backpacktf.trade,timeout,,False,0,0,False
hostonline.dk,timeout,,False,0,0,False
flagshiphost.co.uk,timeout,,False,0,0,False
sunexpress.biz,timeout,,False,0,0,False
takecomic.jp,timeout,,False,0,0,False
nwtelecom.ru,timeout,,False,0,0,False
techmersion.com,timeout,,False,0,0,False
ghconline.gov.in,timeout,,False,0,0,False
virtualhostingdigital.com,timeout,,False,0,0,False
tradew.com,timeout,,False,0,0,False
airasiatech.com,timeout,,False,0,0,False
toxsales1.com,timeout,,False,0,0,False
ddbook.com.au,timeout,,False,0,0,False
aera-online.de,timeout,,False,0,0,False
zebratelecom.ru,timeout,,False,0,0,False
autopro.com.vn,timeout,,False,0,0,False
chartercom.com,timeout,,False,0,0,False
prestashop.sh,timeout,,False,0,0,False
frigidaireapplianceparts.com,timeout,,False,0,0,False
onehotbook.cz,timeout,,False,0,0,False
reggionline.com,timeout,,False,0,0,False
carenet.org,timeout,,False,0,0,False
idlespacetech.com,timeout,,False,0,0,False
protecht.com,timeout,,False,0,0,False
funfoodscentral.com,timeout,,False,0,0,False
musicchoiceplay.com,timeout,,False,0,0,False
smartclipspain.com,timeout,,False,0,0,False
updateconnectionhub.com,timeout,,False,0,0,False
ushopbi.com,timeout,,False,0,0,False
swissmarketplace.group,timeout,,False,0,0,False
maturehomemadeporn.com,timeout,,False,0,0,False
retech.pt,timeout,,False,0,0,False
careficientinc.com,timeout,,False,0,0,False
green-habits.business,timeout,,False,0,0,False
colsecor.com.ar,timeout,,False,0,0,False
northshoreconnect.org,timeout,,False,0,0,False
autodoc.parts,timeout,,False,0,0,False
caffeinecommons.com,timeout,,False,0,0,False
biznethome.net,timeout,,False,0,0,False
netbox.no,timeout,,False,0,0,False
jetpackworkflow.com,timeout,,False,0,0,False
greentieconsulting.com,timeout,,False,0,0,False
hoogeveenschecourant.nl,timeout,,False,0,0,False
in-book.club,timeout,,False,0,0,False
pjoutdoors.co.uk,timeout,,False,0,0,False
radiofm-online.com,timeout,,False,0,0,False
directv.com.ar,timeout,,False,0,0,False
vaxcare.com,timeout,,False,0,0,False
riotdirect.net,timeout,,False,0,0,False
boxer.co.za,timeout,,False,0,0,False
canalbox.net,timeout,,False,0,0,False
articlegenius.ai,timeout,,False,0,0,False
gotools.de,timeout,,False,0,0,False
allsmart.gr,timeout,,False,0,0,False
etadirect.com,timeout,,False,0,0,False
santeecooper.com,timeout,,False,0,0,False
kisscartoon.sh,timeout,,False,0,0,False
deliveroo.com.kw,timeout,,False,0,0,False
smarttoolmaking.com,timeout,,False,0,0,False
orderly.org,timeout,,False,0,0,False
hostitsmartserver.com,timeout,,False,0,0,False
studiodesignapp.com,timeout,,False,0,0,False
bookingkit.net,timeout,,False,0,0,False
myappliedproducts.com,timeout,,False,0,0,False
autosalon.tv,timeout,,False,0,0,False
barcastores.com,timeout,,False,0,0,False
helpdocsonline.com,timeout,,False,0,0,False
eco-worthy.com,timeout,,False,0,0,False
keurigonline.net,timeout,,False,0,0,False
e-arrivalcard.go.kr,timeout,,False,0,0,False
buywholefoodsonline.co.uk,timeout,,False,0,0,False
proredirect.com,timeout,,False,0,0,False
etelecom.ru,timeout,,False,0,0,False
forsaledomain.net,timeout,,False,0,0,False
emp-online.it,timeout,,False,0,0,False
nomads-notebook.com,timeout,,False,0,0,False
dorkbox.com,timeout,,False,0,0,False
nethostbox.com,timeout,,False,0,0,False
togreencolumn.com,timeout,,False,0,0,False
karmadesign.pt,timeout,,False,0,0,False
tunisietelecom.tn,timeout,,False,0,0,False
kuludonline.com,timeout,,False,0,0,False
craftivox.com,timeout,,False,0,0,False
menudigital.ir,timeout,,False,0,0,False
secondechance.org,timeout,,False,0,0,False
mozzartbet.mk,timeout,,False,0,0,False
elitemate.com,timeout,,False,0,0,False
zohosalesiq.com,timeout,,False,0,0,False
ubuy.com.lk,timeout,,False,0,0,False
amapalettenxsale.com,timeout,,False,0,0,False
onpidart.com,timeout,,False,0,0,False
baltic-shipping.com,timeout,,False,0,0,False
softupdate-online.top,timeout,,False,0,0,False
partsmart.net,timeout,,False,0,0,False
buycraft.net,timeout,,False,0,0,False
caribbeancupid.com,timeout,,False,0,0,False
protechnic.ru,timeout,,False,0,0,False
alliance-healthcare.co.uk,timeout,,False,0,0,False
pornbox.org,timeout,,False,0,0,False
widgitonline.com,timeout,,False,0,0,False
bacardi.digital,timeout,,False,0,0,False
cinematerial.com,timeout,,False,0,0,False
readsoftonline.com,timeout,,False,0,0,False
peterborough.gov.uk,timeout,,False,0,0,False
autostyle.co.za,timeout,,False,0,0,False
play-minecraft-servers.com,timeout,,False,0,0,False
itemax.de,timeout,,False,0,0,False
bucklecontent.com,timeout,,False,0,0,False
gbadtech.io,timeout,,False,0,0,False
emp-online.es,timeout,,False,0,0,False
digitalimages.sky,timeout,,False,0,0,False
kdealer.com,timeout,,False,0,0,False
insales-tech.ru,timeout,,False,0,0,False
citydesign.ir,timeout,,False,0,0,False
anamuel-careslie.com,timeout,,False,0,0,False
autode.net,timeout,,False,0,0,False
vybetelecom.in,timeout,,False,0,0,False
informdirect.co.uk,timeout,,False,0,0,False
onlinemail.io,timeout,,False,0,0,False
inboxesmail.app,timeout,,False,0,0,False
productiv.com,timeout,,False,0,0,False
bookzip.top,timeout,,False,0,0,False
evolucare.com,timeout,,False,0,0,False
shavershop.com.au,timeout,,False,0,0,False
freshdi.com,timeout,,False,0,0,False
ecostandard.ru,timeout,,False,0,0,False
homelink.ru,timeout,,False,0,0,False
montecarlo.com.br,timeout,,False,0,0,False
cutiecomics.com,timeout,,False,0,0,False
simplydelivery.io,timeout,,False,0,0,False
zarplata-online.ru,timeout,,False,0,0,False
cloudmailstore.com,timeout,,False,0,0,False
belabox.net,timeout,,False,0,0,False
b-online.gr,timeout,,False,0,0,False
carrie.es,timeout,,False,0,0,False
guntrader.uk,timeout,,False,0,0,False
fccaccessonline.com,timeout,,False,0,0,False
dpartaptm.com,timeout,,False,0,0,False
vproptrader.com,timeout,,False,0,0,False
packhacker.com,timeout,,False,0,0,False
clearcheckbook.com,timeout,,False,0,0,False
codibook.net,timeout,,False,0,0,False
thecluebox.com,timeout,,False,0,0,False
scconline.nl,timeout,,False,0,0,False
nwaytechnologies.com,timeout,,False,0,0,False
ordersify.com,timeout,,False,0,0,False
online.com,timeout,,False,0,0,False
thecoolhour.com,timeout,,False,0,0,False
forodecostarica.com,timeout,,False,0,0,False
startrek.website,timeout,,False,0,0,False
srpacks.com,timeout,,False,0,0,False
anycart.com,timeout,,False,0,0,False
detectiveconanworld.com,timeout,,False,0,0,False
freshfarm.it,timeout,,False,0,0,False
cloudflarepartners.com,timeout,,False,0,0,False
asossamplesale.com,timeout,,False,0,0,False
cool-carriers.com,timeout,,False,0,0,False
icemortgagetechnology.io,timeout,,False,0,0,False
keurigonline.be,timeout,,False,0,0,False
ozarksonline.com,timeout,,False,0,0,False
softech.ru,timeout,,False,0,0,False
rulercraft.com,timeout,,False,0,0,False
freshco.com,timeout,,False,0,0,False
cewedigital.de,timeout,,False,0,0,False
datadeliver.net,timeout,,False,0,0,False
dealerk.com,timeout,,False,0,0,False
fitinpart.sg,timeout,,False,0,0,False
deliveroo.be,timeout,,False,0,0,False
abdbox.com,timeout,,False,0,0,False
recollect.net,timeout,,False,0,0,False
59telecom.ru,timeout,,False,0,0,False
homepc.it,timeout,,False,0,0,False
beschuetzerbox.gmbh,timeout,,False,0,0,False
atechmemory.com,timeout,,False,0,0,False
garudaonline.com,timeout,,False,0,0,False
plusoutdoor.com.au,timeout,,False,0,0,False
zenvuedigital.com,timeout,,False,0,0,False
firmadigital.gob.ec,timeout,,False,0,0,False
tvhome.info,timeout,,False,0,0,False
craftnote.cloud,timeout,,False,0,0,False
xeconvert.com,timeout,,False,0,0,False
recod3suite.com,timeout,,False,0,0,False
salespop.com,timeout,,False,0,0,False
order.place,timeout,,False,0,0,False
amonline.com.my,timeout,,False,0,0,False
uuzuonline.net,timeout,,False,0,0,False
digimoncard.io,timeout,,False,0,0,False
westernunionshop.com,timeout,,False,0,0,False
redirect.host,timeout,,False,0,0,False
ordertime.com,timeout,,False,0,0,False
myagedcare.gov.au,timeout,,False,0,0,False
krungsribizonline.com,timeout,,False,0,0,False
sbershop.ru,timeout,,False,0,0,False
deliverynow.vn,timeout,,False,0,0,False
parts-honda.uk,timeout,,False,0,0,False
liguriadigitale.it,timeout,,False,0,0,False
home.bank,timeout,,False,0,0,False
freshnessburger.co.jp,timeout,,False,0,0,False
direwolfdigital.com,timeout,,False,0,0,False
telecomputing.no,timeout,,False,0,0,False
mojauto.rs,timeout,,False,0,0,False
express.com.ar,timeout,,False,0,0,False
fastcdnshop.com,timeout,,False,0,0,False
goldnettelecom.com.br,timeout,,False,0,0,False
autonavigator.hu,timeout,,False,0,0,False
order.co,timeout,,False,0,0,False
singlecomm.com,timeout,,False,0,0,False
yamareco.org,timeout,,False,0,0,False
namesdirect.com,timeout,,False,0,0,False
trackmyshipment.co,timeout,,False,0,0,False
com-trade.sk,timeout,,False,0,0,False
shipday.com,timeout,,False,0,0,False
totalcards.net,timeout,,False,0,0,False
milwaukeetool.com.au,timeout,,False,0,0,False
megabike24.de,timeout,,False,0,0,False
manabox.app,timeout,,False,0,0,False
businessonline-boi.com,timeout,,False,0,0,False
ecollect.co,timeout,,False,0,0,False
digital.bg,timeout,,False,0,0,False
d-tools.cloud,timeout,,False,0,0,False
freshloom.net,timeout,,False,0,0,False
nedapretail.com,timeout,,False,0,0,False
onlinetopchoice.com,timeout,,False,0,0,False
ebizautos.media,timeout,,False,0,0,False
ecylinderonline.com,timeout,,False,0,0,False
ugf-online.mobi,timeout,,False,0,0,False
smart.net,timeout,,False,0,0,False
comparaonline.cl,timeout,,False,0,0,False
craftyamative.top,timeout,,False,0,0,False
backpackforlaravel.com,timeout,,False,0,0,False
cosmostore.org,timeout,,False,0,0,False
sykehuspartner.no,timeout,,False,0,0,False
acsonline.com,timeout,,False,0,0,False
friartuckonline.com,timeout,,False,0,0,False
vpu-online.com,timeout,,False,0,0,False
telecominternet.net.br,timeout,,False,0,0,False
fixpart.es,timeout,,False,0,0,False
printcom.fi,timeout,,False,0,0,False
medhostdirect.com,timeout,,False,0,0,False
sandbox.gs,timeout,,False,0,0,False
easy-booking.at,timeout,,False,0,0,False
ipindiaonline.gov.in,timeout,,False,0,0,False
orderdesk.me,timeout,,False,0,0,False
booksdirect.com.au,timeout,,False,0,0,False
booksprime.ru,timeout,,False,0,0,False
onlinerealsoft.com,timeout,,False,0,0,False
telesmart.co.nz,timeout,,False,0,0,False
banquetrecords.com,timeout,,False,0,0,False
solitarios-online.com,timeout,,False,0,0,False
quecochemecompro.com,timeout,,False,0,0,False
foratelecom.ru,timeout,,False,0,0,False
thrones-online.com,timeout,,False,0,0,False
watchsexvideos.mobi,timeout,,False,0,0,False
trustshop.io,timeout,,False,0,0,False
d-edgeconnect.media,timeout,,False,0,0,False
termolionline.it,timeout,,False,0,0,False
services-design.com,timeout,,False,0,0,False
c-labo-online.jp,timeout,,False,0,0,False
heartbeat.chat,timeout,,False,0,0,False
earthenlys.com,timeout,,False,0,0,False
freshsmp.fun,timeout,,False,0,0,False
hostersale.com,timeout,,False,0,0,False
greenlightnc.com,timeout,,False,0,0,False
apo-discounter.pl,timeout,,False,0,0,False
onlinemektep.org,timeout,,False,0,0,False
yu-pack.jp,timeout,,False,0,0,False
techfast.vn,timeout,,False,0,0,False
getyouonline.co.uk,timeout,,False,0,0,False
orderfg.top,timeout,,False,0,0,False
smartmeapp.com,timeout,,False,0,0,False
portaldocartao.com.br,timeout,,False,0,0,False
adabundle.com,timeout,,False,0,0,False
tripstore.com.ar,timeout,,False,0,0,False
makebecool.com,timeout,,False,0,0,False
edirectorycloud.com,timeout,,False,0,0,False
wowdeals.me,timeout,,False,0,0,False
metro-markets.org,timeout,,False,0,0,False
mercuryhealthcare.com,timeout,,False,0,0,False
khalijfarsonline.net,timeout,,False,0,0,False
paybox.com,timeout,,False,0,0,False
aurahome.com.au,timeout,,False,0,0,False
carlinkit.com,timeout,,False,0,0,False
kartaview.org,timeout,,False,0,0,False
burlingtontelecom.com,timeout,,False,0,0,False
intdigital.ru,timeout,,False,0,0,False
finmarket.online,timeout,,False,0,0,False
arabictrader.com,timeout,,False,0,0,False
asseco.pl,timeout,,False,0,0,False
thedigital.gov.ua,timeout,,False,0,0,False
digitalway.com.pe,timeout,,False,0,0,False
msoutlookonline.net,timeout,,False,0,0,False
greenies.com,timeout,,False,0,0,False
bazdigital.com,timeout,,False,0,0,False
sputnikhome.com,timeout,,False,0,0,False
legislacaodigital.com.br,timeout,,False,0,0,False
boxcontrol.io,timeout,,False,0,0,False
bookoutlet.se,timeout,,False,0,0,False
hellofresh.nl,timeout,,False,0,0,False
cms-twdigitalassets.com,timeout,,False,0,0,False
6speedonline.com,timeout,,False,0,0,False
caranddriver.gr,timeout,,False,0,0,False
pieceauto-discount.com,timeout,,False,0,0,False
productessentials.app,timeout,,False,0,0,False
d4donline.com,timeout,,False,0,0,False
verizondigitalmedia.com,timeout,,False,0,0,False
anderlecht-online.be,timeout,,False,0,0,False
climateanalytics.org,timeout,,False,0,0,False
online-x.space,timeout,,False,0,0,False
niceonline.com,timeout,,False,0,0,False
internetmarketing.ru,timeout,,False,0,0,False
petsarefamily.de,timeout,,False,0,0,False
autoracing.com.br,timeout,,False,0,0,False
car.gov.co,timeout,,False,0,0,False
glossybox.com,timeout,,False,0,0,False
myonlineradio.sk,timeout,,False,0,0,False
lecomptoirdemathilde.com,timeout,,False,0,0,False
onlinereads.net,timeout,,False,0,0,False
carbravo.com,timeout,,False,0,0,False
greenmile.com,timeout,,False,0,0,False
theconjugator.com,timeout,,False,0,0,False
ndamywifecons.com,timeout,,False,0,0,False
tradeserv.com,timeout,,False,0,0,False
externaldecode.com,timeout,,False,0,0,False
primefivecore.com,timeout,,False,0,0,False
edelvivesdigitalplus.com,timeout,,False,0,0,False
salesviewer.org,timeout,,False,0,0,False
alitemz.com,timeout,,False,0,0,False
relogioonline.com.br,timeout,,False,0,0,False
egstelecom.ru,timeout,,False,0,0,False
brightbox.com,timeout,,False,0,0,False
webdigital.hu,timeout,,False,0,0,False
cruxinfotech.com,timeout,,False,0,0,False
onlinewebhostingguide.com,timeout,,False,0,0,False
decoglass.gr,timeout,,False,0,0,False
yourprint.in,timeout,,False,0,0,False
booked.kr,timeout,,False,0,0,False
avonusaecom.com,timeout,,False,0,0,False
ciudaddecorrientes.gov.ar,timeout,,False,0,0,False
busonlineticket.co.th,timeout,,False,0,0,False
astrashop.top,timeout,,False,0,0,False
bibleinheart.com,timeout,,False,0,0,False
techzapk.net,timeout,,False,0,0,False
croissant-online.jp,timeout,,False,0,0,False
csiu-technology.org,timeout,,False,0,0,False
sunshinecoastnews.com.au,timeout,,False,0,0,False
carve.photos,timeout,,False,0,0,False
myonlineportal.de,timeout,,False,0,0,False
scholarshipregion.com,timeout,,False,0,0,False
thegreyhoundrecorder.com.au,timeout,,False,0,0,False
recordowl.com,timeout,,False,0,0,False
drinkbrisk.com,timeout,,False,0,0,False
webstartechnology.ru,timeout,,False,0,0,False
tradedealer.net,timeout,,False,0,0,False
iboxmpos.com,timeout,,False,0,0,False
rakbankonline.ae,timeout,,False,0,0,False
fluentretail.com,timeout,,False,0,0,False
desenhosecolorir.com.br,timeout,,False,0,0,False
salesabc.co,timeout,,False,0,0,False
waecdirect.org,timeout,,False,0,0,False
ns-artif.de,timeout,,False,0,0,False
onlinepare.net,timeout,,False,0,0,False
kunststoffplattenonline.de,timeout,,False,0,0,False
scacchi-online.eu,timeout,,False,0,0,False
clickheredigital.com,timeout,,False,0,0,False
supernaturalwiki.com,timeout,,False,0,0,False
package.ai,timeout,,False,0,0,False
caribbeancompr.com,timeout,,False,0,0,False
foxhome.co.il,timeout,,False,0,0,False
brytecore.com,timeout,,False,0,0,False
casebook.ru,timeout,,False,0,0,False
lessentieldeleco.fr,timeout,,False,0,0,False
artportal.hu,timeout,,False,0,0,False
jsctool.com,timeout,,False,0,0,False
cars-rentals.com,timeout,,False,0,0,False
online4u.no,timeout,,False,0,0,False
commbox.io,timeout,,False,0,0,False
webmixdigital.com.br,timeout,,False,0,0,False
customs.gov.ua,timeout,,False,0,0,False
gigcxmarketplace.com,timeout,,False,0,0,False
nthtechnology.com,timeout,,False,0,0,False
osthome.ch,timeout,,False,0,0,False
playmemoriesonline.com,timeout,,False,0,0,False
cartoonsworld.vip,timeout,,False,0,0,False
autoraptor.com,timeout,,False,0,0,False
mailexpress.com,timeout,,False,0,0,False
freshworksapps.com,timeout,,False,0,0,False
localidautore.it,timeout,,False,0,0,False
onlinestream.live,timeout,,False,0,0,False
centralcart.com.br,timeout,,False,0,0,False
foodora.hu,timeout,,False,0,0,False
onlineradio.pl,timeout,,False,0,0,False
kaiu-marketing.com,timeout,,False,0,0,False
isparta.edu.tr,timeout,,False,0,0,False
ngobox.org,timeout,,False,0,0,False
tradezone.com.au,timeout,,False,0,0,False
imusic.be,timeout,,False,0,0,False
astelecom.ru,timeout,,False,0,0,False
adeal.ru,timeout,,False,0,0,False
neo-market.ru,timeout,,False,0,0,False
wonderboxdev.com,timeout,,False,0,0,False
ebaconline.com.br,timeout,,False,0,0,False
cablecolor.com.sv,timeout,,False,0,0,False
arnstore.ru,timeout,,False,0,0,False
careyourhrtsoftware.com,timeout,,False,0,0,False
ubuy.hr,timeout,,False,0,0,False
deeponlines.com,timeout,,False,0,0,False
conagrafoods.net,timeout,,False,0,0,False
iranicard.ir,timeout,,False,0,0,False
sezonline-ndml.co.in,timeout,,False,0,0,False
smart-climate-ids.com,timeout,,False,0,0,False
competition.dz,timeout,,False,0,0,False
thecountyoffice.com,timeout,,False,0,0,False
rapidauto.ro,timeout,,False,0,0,False
seosprint.run,timeout,,False,0,0,False
express-hosting.co.uk,timeout,,False,0,0,False
chess-online.com,timeout,,False,0,0,False
comfort-online.com,timeout,,False,0,0,False
techcloudclub.com,timeout,,False,0,0,False
shippeo.com,timeout,,False,0,0,False
brainlabsdigital.com,timeout,,False,0,0,False
quickonlinesignin.co,timeout,,False,0,0,False
naturalinsight.com,timeout,,False,0,0,False
extensionsbox.com,timeout,,False,0,0,False
bikesterglobal.com,timeout,,False,0,0,False
tribunadepetropolis.com.br,timeout,,False,0,0,False
corecoding.com,timeout,,False,0,0,False
lcmeco.com,timeout,,False,0,0,False
greencuttlefish.com,timeout,,False,0,0,False
artvid.ru,timeout,,False,0,0,False
scoutonline.ru,timeout,,False,0,0,False
daysmartpayments.com,timeout,,False,0,0,False
secondphaselive.com,timeout,,False,0,0,False
autowebdirect.com,timeout,,False,0,0,False
zuldigital.com.br,timeout,,False,0,0,False
allfilerecovery.com,timeout,,False,0,0,False
aipressbox.online,timeout,,False,0,0,False
decodethis.com,http_403,,False,0,0,False
sunbeltparts.com,timeout,,False,0,0,False
firstdigital.com,timeout,,False,0,0,False
spoticar.de,timeout,,False,0,0,False
outdoorxl.com,timeout,,False,0,0,False
designrus.dk,timeout,,False,0,0,False
digitalcg.net,timeout,,False,0,0,False
boxpvp.net,timeout,,False,0,0,False
corusdigitaldev.com,timeout,,False,0,0,False
petpalpaw.app,timeout,,False,0,0,False
amazondelivers.jobs,timeout,,False,0,0,False
globus-telecom.com,timeout,,False,0,0,False
simpeco-tyres.ru,timeout,,False,0,0,False
keurigonline75.nl,timeout,,False,0,0,False
hipobuy.com,timeout,,False,0,0,False
careaware.com,timeout,,False,0,0,False
ipropertyexpress.com,timeout,,False,0,0,False
kikagoods.com,timeout,,False,0,0,False
angaratech.ru,timeout,,False,0,0,False
musicarms.net,timeout,,False,0,0,False
clicktech.com,timeout,,False,0,0,False
borderlight.net,timeout,,False,0,0,False
autodily-pema.cz,timeout,,False,0,0,False
heartp.top,timeout,,False,0,0,False
product-image-zoom.com,timeout,,False,0,0,False
morecon.jp,timeout,,False,0,0,False
smartedgesudio.com,timeout,,False,0,0,False
onlinebiller.com,timeout,,False,0,0,False
threecolts.com,timeout,,False,0,0,False
greenlifeappliances.com,timeout,,False,0,0,False
delfintelecom.ru,timeout,,False,0,0,False
edgecompute.app,timeout,,False,0,0,False
documentmanagerpdfdocxlssale.live,timeout,,False,0,0,False
naturaldns.com,timeout,,False,0,0,False
mobboss-online.com,timeout,,False,0,0,False
minecraft.tools,timeout,,False,0,0,False
online-mahalla.uz,timeout,,False,0,0,False
sameday-shipping.com,timeout,,False,0,0,False
webecom.ro,timeout,,False,0,0,False
aloecare.io,timeout,,False,0,0,False
freshsites.co.uk,timeout,,False,0,0,False
saal-digital.net,timeout,,False,0,0,False
ubuy.com.gh,timeout,,False,0,0,False
glovostore.com,timeout,,False,0,0,False
borrowbox.net,timeout,,False,0,0,False
datarecoverybonus.live,timeout,,False,0,0,False
directmap.info,timeout,,False,0,0,False
speedship.com,timeout,,False,0,0,False
keurigonline79.nl,timeout,,False,0,0,False
cheaperhoster.com,timeout,,False,0,0,False
materialbank.com,timeout,,False,0,0,False
orderkuota.com,timeout,,False,0,0,False
digitalmarket.click,timeout,,False,0,0,False
betonlineaffiliates.ag,timeout,,False,0,0,False
aldevadigital.com,timeout,,False,0,0,False
motorcyclespareparts.eu,timeout,,False,0,0,False
cloudlogobox.com,timeout,,False,0,0,False
mamunbooks.com,timeout,,False,0,0,False
bookme.pk,timeout,,False,0,0,False
africa-online.net,timeout,,False,0,0,False
myonestart.com,timeout,,False,0,0,False
maharatech.gov.eg,timeout,,False,0,0,False
hyundaidealer.com,timeout,,False,0,0,False
digitalaviationservices.com,timeout,,False,0,0,False
smartphlex.com,timeout,,False,0,0,False
online-serial.com,timeout,,False,0,0,False
carbuzzimages.com,timeout,,False,0,0,False
athenabox.de,timeout,,False,0,0,False
aetnaseniorproducts.com,timeout,,False,0,0,False
cardapio.ai,timeout,,False,0,0,False
frontierstore.net,timeout,,False,0,0,False
ubuy.com.zm,timeout,,False,0,0,False
themailsubscriptions.co.uk,timeout,,False,0,0,False
ansichtskartenversand.com,timeout,,False,0,0,False
baptistchart.com,timeout,,False,0,0,False
simplyprint.io,timeout,,False,0,0,False
pipecode.ru,timeout,,False,0,0,False
aviasales.fun,timeout,,False,0,0,False
fortytools.com,timeout,,False,0,0,False
reckoproduction.com,timeout,,False,0,0,False
startleint.com,timeout,,False,0,0,False
ecopress.gr,timeout,,False,0,0,False
nectarart.net,timeout,,False,0,0,False
hogrefe-online.com,timeout,,False,0,0,False
guardiandigital.com,timeout,,False,0,0,False
shlonline.eu,timeout,,False,0,0,False
fastbooking.com,timeout,,False,0,0,False
goaonline.gov.in,timeout,,False,0,0,False
leadsales.services,timeout,,False,0,0,False
decowood.com,timeout,,False,0,0,False
smartact.hk.cn,timeout,,False,0,0,False
bouncefresh.com,timeout,,False,0,0,False
carrnissan.com,timeout,,False,0,0,False
theparking-cars.com,timeout,,False,0,0,False
digitaloceanstatus.com,timeout,,False,0,0,False
spartoo.dk,timeout,,False,0,0,False
bancoecofuturo.com.bo,timeout,,False,0,0,False
xi-digital.com,timeout,,False,0,0,False
directorioempresarialmexico.com,timeout,,False,0,0,False
tritema.com,timeout,,False,0,0,False
fixpart.it,timeout,,False,0,0,False
alttech.icu,timeout,,False,0,0,False
neutelecom.com,timeout,,False,0,0,False
autorefresh.co,timeout,,False,0,0,False
cheapthrillsmoto.com,timeout,,False,0,0,False
automizely.org,timeout,,False,0,0,False
order2cash.com,timeout,,False,0,0,False
mspyonline.com,timeout,,False,0,0,False
njindiaonline.com,timeout,,False,0,0,False
discountdragon.co.uk,timeout,,False,0,0,False
goodsearchcorp.com,timeout,,False,0,0,False
indotrade.co.id,timeout,,False,0,0,False
7artisandns.com,timeout,,False,0,0,False
autoxing.com,timeout,,False,0,0,False
artaxnet.com,timeout,,False,0,0,False
autoline.ro,timeout,,False,0,0,False
autoplanet.cl,timeout,,False,0,0,False
autowork-online.co.uk,timeout,,False,0,0,False
bartofil.com.br,timeout,,False,0,0,False
carmine.pt,timeout,,False,0,0,False
corearoadbike.com,timeout,,False,0,0,False
correosexpress.es,timeout,,False,0,0,False
cosmomarket.gr,timeout,,False,0,0,False
homemarkt.gr,timeout,,False,0,0,False
koreaminecraft.net,timeout,,False,0,0,False
megaparts.bg,timeout,,False,0,0,False
nafco-online.com,timeout,,False,0,0,False
netiaonline.pl,timeout,,False,0,0,False
onlineyedekparca.com,timeout,,False,0,0,False
partsfan.com,timeout,,False,0,0,False
salesdock.nl,timeout,,False,0,0,False
smartpelis.tv,timeout,,False,0,0,False
smarty.sk,timeout,,False,0,0,False
spoticar.it,timeout,,False,0,0,False
universparadiscount.ma,timeout,,False,0,0,False
directrankcl.com,timeout,,False,0,0,False
telecomsky.ru,timeout,,False,0,0,False
aforecoppel.com,timeout,,False,0,0,False
wboxc.com,timeout,,False,0,0,False
homeway.io,timeout,,False,0,0,False
homebotapp.com,timeout,,False,0,0,False
myprepaidcards.ca,timeout,,False,0,0,False
autosnab.ru,timeout,,False,0,0,False
gnonlineservices.com,timeout,,False,0,0,False
tamildigitallibrary.in,timeout,,False,0,0,False
freshbyte.xyz,timeout,,False,0,0,False
mbsmartservices.net,timeout,,False,0,0,False
tinyboxcompany.co.uk,timeout,,False,0,0,False
boxtons.com,timeout,,False,0,0,False
betterdeals.gg,timeout,,False,0,0,False
thehouseholdgoods.com,timeout,,False,0,0,False
tabsbook.ru,timeout,,False,0,0,False
frostcarpet.com,timeout,,False,0,0,False
navonline.net,timeout,,False,0,0,False
namecheapapi.com,timeout,,False,0,0,False
colourbox.de,timeout,,False,0,0,False
thesupercarregistry.com,timeout,,False,0,0,False
bcare.com.sa,timeout,,False,0,0,False
informbox.net,timeout,,False,0,0,False
petitfute.co.uk,timeout,,False,0,0,False
imusic.fi,timeout,,False,0,0,False
buyaircraftparts.com,timeout,,False,0,0,False
nortenettelecom.com.br,timeout,,False,0,0,False
adminhostingtech.com,timeout,,False,0,0,False
_wildcard_.com.ph,timeout,,False,0,0,False
twtelecom.net,timeout,,False,0,0,False
sgsonline.net,timeout,,False,0,0,False
e-design.net,timeout,,False,0,0,False
careanyware.com,timeout,,False,0,0,False
carrierhouse.us,timeout,,False,0,0,False
totonline.net,timeout,,False,0,0,False
schulmanager-online.de,timeout,,False,0,0,False
corgihomeplan.uk,timeout,,False,0,0,False
sabbashop.com,timeout,,False,0,0,False
burtelecom.ru,timeout,,False,0,0,False
auto-doc.ie,timeout,,False,0,0,False
autoconsulting.ua,timeout,,False,0,0,False
scubedonline.co.za,timeout,,False,0,0,False
redboxrx.com,timeout,,False,0,0,False
sameday-shipment.com,timeout,,False,0,0,False
autokelly.sk,timeout,,False,0,0,False
ahanonline.com,timeout,,False,0,0,False
geobox.eu,timeout,,False,0,0,False
greengraphics.com.au,timeout,,False,0,0,False
xpsshipper.com,timeout,,False,0,0,False
efood.dev,timeout,,False,0,0,False
tradeeasy.com,timeout,,False,0,0,False
easyaccessmaterials.com,timeout,,False,0,0,False
unicaribe.edu.do,timeout,,False,0,0,False
vocetelecom.net.br,timeout,,False,0,0,False
boxis.net,timeout,,False,0,0,False
safeconsolecloud.io,timeout,,False,0,0,False
islamicbook.ws,timeout,,False,0,0,False
seco.com,timeout,,False,0,0,False
armastore.com.br,timeout,,False,0,0,False
myperpetualsites.com,timeout,,False,0,0,False
smartskill.com,timeout,,False,0,0,False
gbox.pl,timeout,,False,0,0,False
techedu.gov.bd,timeout,,False,0,0,False
forzadelivery.com,timeout,,False,0,0,False
upcitemdb.com,timeout,,False,0,0,False
hik-partnerru.com,timeout,,False,0,0,False
butternutbox.com,timeout,,False,0,0,False
artofzoo.online,timeout,,False,0,0,False
carmel.com.co,timeout,,False,0,0,False
hoangphuconline.vn,timeout,,False,0,0,False
superpet.pe,timeout,,False,0,0,False
merkurymarket.hu,timeout,,False,0,0,False
xboxlive.cn,timeout,,False,0,0,False
autocj.co.jp,timeout,,False,0,0,False
intratool.de,timeout,,False,0,0,False
orderediting.com,timeout,,False,0,0,False
gajananbooks.in,timeout,,False,0,0,False
eldiaonline.com,timeout,,False,0,0,False
jatekshop.eu,timeout,,False,0,0,False
smartuphome.ru,timeout,,False,0,0,False
dragonbox.de,timeout,,False,0,0,False
ecaytrade.com,timeout,,False,0,0,False
basecone.com,timeout,,False,0,0,False
maindigitalstream.com,timeout,,False,0,0,False
ums-dns-salesforce.com,timeout,,False,0,0,False
sgdigital.com,timeout,,False,0,0,False
downloaddirect.xyz,timeout,,False,0,0,False
paddypartners.com,timeout,,False,0,0,False
smartcielo.com,timeout,,False,0,0,False
partscheck.com.au,timeout,,False,0,0,False
coffeconnect.com,timeout,,False,0,0,False
xcashshop.com,timeout,,False,0,0,False
cannonhome.cl,timeout,,False,0,0,False
perpetual.com.au,timeout,,False,0,0,False
ms-online.co.jp,timeout,,False,0,0,False
agendaonline.it,timeout,,False,0,0,False
outdoorseiten.net,timeout,,False,0,0,False
smartmeye.com,timeout,,False,0,0,False
my-salesforce-sites.com,timeout,,False,0,0,False
mirtelecom.su,timeout,,False,0,0,False
incgrepacks.com,timeout,,False,0,0,False
ship-ship.ru,timeout,,False,0,0,False
starshipit.com,timeout,,False,0,0,False
salesdrive.me,timeout,,False,0,0,False
ecomz.net,timeout,,False,0,0,False
ieltstrainingonline.com,timeout,,False,0,0,False
toplinecontentmarketing.com,timeout,,False,0,0,False
productioncrate.com,timeout,,False,0,0,False
lk-telecom.ru,timeout,,False,0,0,False
umbrellaonline.ca,timeout,,False,0,0,False
sapphirecareselect.com,timeout,,False,0,0,False
proxyparts.fr,timeout,,False,0,0,False
nexeontech.net,timeout,,False,0,0,False
cardiff.gov.uk,timeout,,False,0,0,False
keurigonline.com,timeout,,False,0,0,False
excelautos.co,timeout,,False,0,0,False
zdescargas.org,timeout,,False,0,0,False
kuyisidigital.com,timeout,,False,0,0,False
mooncards.com,timeout,,False,0,0,False
carloforward.com,timeout,,False,0,0,False
hotelsathome.com,timeout,,False,0,0,False
album-online.com,timeout,,False,0,0,False
mecanografia-online.com,timeout,,False,0,0,False
trade2win.com,timeout,,False,0,0,False
ecomobileapp.com,timeout,,False,0,0,False
camainbox.com.br,timeout,,False,0,0,False
dataheiheihome.com,timeout,,False,0,0,False
craftyclicks.co.uk,timeout,,False,0,0,False
simplecom.net,timeout,,False,0,0,False
repack4u.pro,timeout,,False,0,0,False
monaonline.com,timeout,,False,0,0,False
naturalmotion.com,timeout,,False,0,0,False
smartunits.com,timeout,,False,0,0,False
favoritexpress.ru,timeout,,False,0,0,False
ktmusic.co.kr,timeout,,False,0,0,False
directvnet.com.ar,timeout,,False,0,0,False
7telecom.ru,timeout,,False,0,0,False
easymapsanddirections.co,timeout,,False,0,0,False
adultgoods-sale.com,timeout,,False,0,0,False
maybanksandbox.com,timeout,,False,0,0,False
productgenius.io,timeout,,False,0,0,False
dokootech.com,timeout,,False,0,0,False
choppbrahmaexpress.com.br,timeout,,False,0,0,False
coverscart.com,timeout,,False,0,0,False
dazzystore.com,timeout,,False,0,0,False
europagricultproduct.com,timeout,,False,0,0,False
go2bankonline.com,timeout,,False,0,0,False
nextonline.com.bd,timeout,,False,0,0,False
farmpartner-tec.com,timeout,,False,0,0,False
emailpartners.net,timeout,,False,0,0,False
expresspersonnel.com,timeout,,False,0,0,False
deam-online.com,timeout,,False,0,0,False
cdnlbox.club,timeout,,False,0,0,False
felgenoutlet.at,timeout,,False,0,0,False
combankdigital.com,timeout,,False,0,0,False
uni-stuttgart.net,timeout,,False,0,0,False
ubuy.do,timeout,,False,0,0,False
freshplaza.it,timeout,,False,0,0,False
waeconline.org.ng,timeout,,False,0,0,False
agedcarequality.gov.au,timeout,,False,0,0,False
hyperbox.co.jp,timeout,,False,0,0,False
globaloliveyoungshop.com,timeout,,False,0,0,False
atlantisweborder.com,timeout,,False,0,0,False
s-darts.com,timeout,,False,0,0,False
thecoverproject.net,timeout,,False,0,0,False
homemade.xxx,timeout,,False,0,0,False
specsonline.com,timeout,,False,0,0,False
videobox.com,timeout,,False,0,0,False
drinkripples.com,timeout,,False,0,0,False
startpunktet.com,timeout,,False,0,0,False
xcarimg.com,timeout,,False,0,0,False
mrnmrspet.com,timeout,,False,0,0,False
krossbooking.com,timeout,,False,0,0,False
hollanderparts.com,timeout,,False,0,0,False
directlocaljobs.com,timeout,,False,0,0,False
book-family.com,timeout,,False,0,0,False
postcard.lv,timeout,,False,0,0,False
adcloud-markets.com,timeout,,False,0,0,False
kontaktbox.com,timeout,,False,0,0,False
jackintheboxdigital.com,timeout,,False,0,0,False
freescanonline.com,timeout,,False,0,0,False
relyhome.com,timeout,,False,0,0,False
mobpowertech.com,timeout,,False,0,0,False
lisztdigital.com,timeout,,False,0,0,False
oneco.ru,timeout,,False,0,0,False
goblintrader.es,timeout,,False,0,0,False
hongleongonline.com.my,timeout,,False,0,0,False
maquillajetrendyshop.com,timeout,,False,0,0,False
musicx-download.com,timeout,,False,0,0,False
freshping.io,timeout,,False,0,0,False
jetour-autoprodix.ru,timeout,,False,0,0,False
ptindirectory.com,timeout,,False,0,0,False
emanuel-online.com,timeout,,False,0,0,False
eclicksmarketing.com,timeout,,False,0,0,False
notepadhome.app,timeout,,False,0,0,False
dealermc.com,timeout,,False,0,0,False
digitalrecruiters.com,timeout,,False,0,0,False
myuhealthchart.com,timeout,,False,0,0,False
bsale.app,timeout,,False,0,0,False
salesforce-hub.com,timeout,,False,0,0,False
parasiteoutdoorsmix.com,timeout,,False,0,0,False
platerecognizer.com,timeout,,False,0,0,False
performadspartners.com,timeout,,False,0,0,False
ecotrak.com,timeout,,False,0,0,False
knightonlineworld.com,timeout,,False,0,0,False
greentreehosting.net,timeout,,False,0,0,False
4home.sk,timeout,,False,0,0,False
xrtccardano.com,timeout,,False,0,0,False
idealapi.nl,timeout,,False,0,0,False
sas-telecom.kz,timeout,,False,0,0,False
technolex.pro,timeout,,False,0,0,False
bookbear.net,timeout,,False,0,0,False
telecom.pt,timeout,,False,0,0,False
chatboxapp.ai,timeout,,False,0,0,False
asistenta-auto.com,timeout,,False,0,0,False
hospitalstore.com,timeout,,False,0,0,False
taongaonline.com,timeout,,False,0,0,False
rintech.sk,timeout,,False,0,0,False
techdroid.com,timeout,,False,0,0,False
languagebookings.com,timeout,,False,0,0,False
habboxforum.com,timeout,,False,0,0,False
total-technical-support.com,timeout,,False,0,0,False
mybooks.life,timeout,,False,0,0,False
booked.hu,timeout,,False,0,0,False
thirdeyecomics.com,timeout,,False,0,0,False
walmartrewardsmc.ca,timeout,,False,0,0,False
archiveresale.com,timeout,,False,0,0,False
artibot.ai,timeout,,False,0,0,False
greenville.k12.sc.us,timeout,,False,0,0,False
zositechc.cn,timeout,,False,0,0,False
voyah-autoprodix.ru,timeout,,False,0,0,False
gutatelecom.ru,timeout,,False,0,0,False
autos-motos.net,timeout,,False,0,0,False
foody.co.il,timeout,,False,0,0,False
samapkstore.com,timeout,,False,0,0,False
carvertical.net,timeout,,False,0,0,False
futhertech.com,timeout,,False,0,0,False
tradedepot.co.nz,timeout,,False,0,0,False
greencoop.or.jp,timeout,,False,0,0,False
miloncare.com,timeout,,False,0,0,False
tvercard.ru,timeout,,False,0,0,False
mentrecording.jp,timeout,,False,0,0,False
canvasdiscount.com,timeout,,False,0,0,False
greenatom.ru,timeout,,False,0,0,False
buybox.click,timeout,,False,0,0,False
inttech.de,timeout,,False,0,0,False
meuarquivodigital.com,timeout,,False,0,0,False
cryptofundtrader.com,timeout,,False,0,0,False
micolombiadigital.gov.co,timeout,,False,0,0,False
carranzacursos.com.br,timeout,,False,0,0,False
fstoolbox.com,timeout,,False,0,0,False
thinkdigitalacademy.org,timeout,,False,0,0,False
uppclonline.com,timeout,,False,0,0,False
idealwith.com,timeout,,False,0,0,False
autopecasonline24.pt,timeout,,False,0,0,False
gtlfsonlinepay.com,timeout,,False,0,0,False
ibdesignhosting.com,timeout,,False,0,0,False
tecknaonline.uk,timeout,,False,0,0,False
videodelivery2.site,timeout,,False,0,0,False
walmart.com.sv,timeout,,False,0,0,False
freedombox.rocks,timeout,,False,0,0,False
second-hand.it,timeout,,False,0,0,False
carhatke.com,timeout,,False,0,0,False
caredrive.com,timeout,,False,0,0,False
redirect28.net,timeout,,False,0,0,False
autodoc.si,timeout,,False,0,0,False
mtool.app,timeout,,False,0,0,False
autoset.by,timeout,,False,0,0,False
hawkcards.com,timeout,,False,0,0,False
tau-trade.com,timeout,,False,0,0,False
therecom.net,timeout,,False,0,0,False
teraboxlink.com,timeout,,False,0,0,False
gierkionline.pl,timeout,,False,0,0,False
xbox-updater.online,timeout,,False,0,0,False
avenorcraft.com,timeout,,False,0,0,False
theconsumerguide.co,timeout,,False,0,0,False
graalonline.com,timeout,,False,0,0,False
escapecollective.com,timeout,,False,0,0,False
recoru.in,timeout,,False,0,0,False
talkshopbot.com,timeout,,False,0,0,False
pagesdesigns.com,timeout,,False,0,0,False
fenecon.de,timeout,,False,0,0,False
musickauction.com,timeout,,False,0,0,False
bsale.io,timeout,,False,0,0,False
artful.net.au,timeout,,False,0,0,False
hostmybox.net,timeout,,False,0,0,False
agarwalpackers.com,timeout,,False,0,0,False
packerrats.com,timeout,,False,0,0,False
mustangtechno.com,timeout,,False,0,0,False
vecozo.nl,timeout,,False,0,0,False
worder.cat,timeout,,False,0,0,False
jerusalem.muni.il,timeout,,False,0,0,False
craft-web.co.jp,timeout,,False,0,0,False
decoazn.com,timeout,,False,0,0,False
merchanendirecto.es,timeout,,False,0,0,False
carchat24.com,timeout,,False,0,0,False
stylecontent.xyz,timeout,,False,0,0,False
corecommhosting.com,timeout,,False,0,0,False
videoviewonline.com,timeout,,False,0,0,False
recargapremiadadatim.com.br,timeout,,False,0,0,False
desitellybox.to,timeout,,False,0,0,False
chowkingdelivery.com,timeout,,False,0,0,False
discountoffice.nl,timeout,,False,0,0,False
imusic.au,timeout,,False,0,0,False
fftrader.cz,timeout,,False,0,0,False
alliancecom.net,timeout,,False,0,0,False
recordcity.jp,timeout,,False,0,0,False
ksoutdoors.gov,timeout,,False,0,0,False
bildelaronline24.se,timeout,,False,0,0,False
bolttech.net,timeout,,False,0,0,False
dommarket.fr,timeout,,False,0,0,False
greenfit.com.co,timeout,,False,0,0,False
sahomashop.com,timeout,,False,0,0,False
elitcar.com,timeout,,False,0,0,False
enaturalnie.pl,timeout,,False,0,0,False
zrexpress.app,timeout,,False,0,0,False
passport.gov.mm,timeout,,False,0,0,False
artelmik.ru,timeout,,False,0,0,False
cloudtelecombest.com,timeout,,False,0,0,False
dealervideopro.com,timeout,,False,0,0,False
onlinenw.com,timeout,,False,0,0,False
digital-forum.it,timeout,,False,0,0,False
mycarrier.tech,timeout,,False,0,0,False
auditonline.gov.in,timeout,,False,0,0,False
bikekan.jp,timeout,,False,0,0,False
easybook.it,timeout,,False,0,0,False
fantbox.net,timeout,,False,0,0,False
vinertelecom.ua,timeout,,False,0,0,False
mkidn.gov.pl,timeout,,False,0,0,False
clerkretail.com,timeout,,False,0,0,False
p2000-online.net,timeout,,False,0,0,False
rebuy.cloud,timeout,,False,0,0,False
automotix.net,timeout,,False,0,0,False
productosdelujo.cl,timeout,,False,0,0,False
andorratelecom.ad,timeout,,False,0,0,False
eshipz.com,timeout,,False,0,0,False
rditelecom.ru,timeout,,False,0,0,False
smartmonitor.lv,timeout,,False,0,0,False
autoscout24.se,timeout,,False,0,0,False
onlineebillcenter.com,timeout,,False,0,0,False
mysmarthq.com,timeout,,False,0,0,False
playonrecorder.com,timeout,,False,0,0,False
backpackbrawl.com,timeout,,False,0,0,False
jinjiangshipping.jp,timeout,,False,0,0,False
keytrade.com,timeout,,False,0,0,False
fameco.com,timeout,,False,0,0,False
sconlinesales.com,timeout,,False,0,0,False
econt-bg.com,timeout,,False,0,0,False
flotech.co,timeout,,False,0,0,False
logitech.biz,timeout,,False,0,0,False
findbox.de,timeout,,False,0,0,False
freshtunes.ru,timeout,,False,0,0,False
iptrackeronline.com,timeout,,False,0,0,False
greenmesg.org,timeout,,False,0,0,False
stellardigital.com.au,timeout,,False,0,0,False
comsoltech.com,timeout,,False,0,0,False
br4-partners.com,timeout,,False,0,0,False
cartbooster.io,timeout,,False,0,0,False
pizzaonline.life,timeout,,False,0,0,False
transact-online.co.uk,timeout,,False,0,0,False
hemel-webdesign.co.uk,timeout,,False,0,0,False
q84sale.com,timeout,,False,0,0,False
tohoentertainmentonline.com,timeout,,False,0,0,False
toptools100.com,timeout,,False,0,0,False
indahonline.com,timeout,,False,0,0,False
bluegreenowner.com,timeout,,False,0,0,False
hof-hacarmel.co.il,timeout,,False,0,0,False
royalasiaticarchives.org,timeout,,False,0,0,False
wonderbox.it,timeout,,False,0,0,False
vereinonline.org,timeout,,False,0,0,False
moviecom.com.br,timeout,,False,0,0,False
yourhome.gov.au,timeout,,False,0,0,False
online.pt,timeout,,False,0,0,False
scoutshop.org,timeout,,False,0,0,False
freshful.ro,timeout,,False,0,0,False
velleahome.gr,timeout,,False,0,0,False
divxfilmeonline.tv,timeout,,False,0,0,False
livecareer.co.uk,timeout,,False,0,0,False
unicornstore.in,timeout,,False,0,0,False
autopal.info,timeout,,False,0,0,False
findmebestdirections.app,timeout,,False,0,0,False
autodns.nl,timeout,,False,0,0,False
stockinstore.net,timeout,,False,0,0,False
rops-online.be,timeout,,False,0,0,False
tadadelivery.com.mx,timeout,,False,0,0,False
greentractortalk.com,timeout,,False,0,0,False
myhostbox.net,timeout,,False,0,0,False
ekolonline.com,timeout,,False,0,0,False
bigbox.lt,timeout,,False,0,0,False
digitaldisbursements.com,timeout,,False,0,0,False
desprecopii.com,timeout,,False,0,0,False
aframeonline.com,timeout,,False,0,0,False
marketcircle.net,timeout,,False,0,0,False
goshop-service.com,timeout,,False,0,0,False
united-music.ru,timeout,,False,0,0,False
auto-land.pl,timeout,,False,0,0,False
cafecomyaoi.com.br,timeout,,False,0,0,False
ecouter-en-direct.com,timeout,,False,0,0,False
folhadosulonline.com.br,timeout,,False,0,0,False
