url,domain,platform,niche,country,source,tranco_rank,majestic_rank,status,http_status,has_products,product_count,product_types,tags,is_headless,detected_payments,ecom_signal_count,min_price,max_price
https://hp.com,hp.com,unknown,electronics,,curated,263,180,not_ecommerce,404,False,0,,,False,,1,0,0
https://nike.com,nike.com,unknown,fashion,,curated,637,675,not_ecommerce,404,False,0,,,False,,1,0,0
https://lenovo.com,lenovo.com,unknown,electronics,,curated,797,677,not_ecommerce,503,False,0,,,False,,1,0,0
https://themeforest.net,themeforest.net,unknown,tech,,curated,835,242,not_ecommerce,404,False,0,,,False,,1,0,0
https://cdiscount.com,cdiscount.com,unknown,general,,curated,1261,9075,not_ecommerce,404,False,0,,,False,,1,0,0
https://elegantthemes.com,elegantthemes.com,unknown,tech,,curated,1855,394,not_ecommerce,404,False,0,,,False,,0,0,0
https://ford.com,ford.com,unknown,automotive,,curated,2440,1504,timeout,0,False,0,,,False,,0,0,0
https://coca-cola.com,coca-cola.com,unknown,beverages,,curated,3425,1855,not_ecommerce,404,False,0,,,False,,0,0,0
https://fnac.com,fnac.com,unknown,electronics,,curated,4107,2831,inactive,403,False,0,,,False,,0,0,0
https://chanel.com,chanel.com,unknown,luxury,,curated,4184,3103,inactive,404,False,0,,,False,,0,0,0
https://louisvuitton.com,louisvuitton.com,unknown,luxury,,curated,4600,2995,inactive,403,False,0,,,False,,0,0,0
https://nespresso.com,nespresso.com,unknown,coffee,,curated,4939,4475,active,403,True,0,,,False,,2,0,0
https://canon.com,canon.com,unknown,electronics,,curated,5161,2340,timeout,0,False,0,,,False,,0,0,0
https://vizio.com,vizio.com,unknown,electronics,,curated,5296,27609,not_ecommerce,404,False,0,,,False,,0,0,0
https://dior.com,dior.com,unknown,luxury,,curated,6032,3452,inactive,403,False,0,,,False,,0,0,0
https://yoast.com,yoast.com,bigcommerce,tech,,curated,6263,1752,active,404,False,0,,,False,,0,0,0
https://boulanger.com,boulanger.com,unknown,electronics,,curated,6841,23895,timeout,404,False,0,,,False,,0,0,0
https://anker.com,anker.com,shopify,electronics,,curated,8487,8455,active,404,False,0,,,True,,0,0,0
https://creativefabrica.com,creativefabrica.com,unknown,art,,curated,9015,13951,inactive,403,False,0,,,False,,0,0,0
https://hermes.com,hermes.com,unknown,luxury,,curated,10673,4676,inactive,403,False,0,,,False,,0,0,0
https://gucci.com,gucci.com,unknown,luxury,,curated,10782,2965,timeout,0,False,0,,,False,,0,0,0
https://wpml.org,wpml.org,woocommerce,tech,,curated,10804,2865,active,404,False,0,,,False,,0,0,0
https://wp-rocket.me,wp-rocket.me,unknown,tech,,curated,11562,8675,not_ecommerce,404,False,0,,,False,,0,0,0
https://fashionnova.com,fashionnova.com,shopify,fashion,,curated,13076,21645,active,200,True,5,Shoes|Shoes|Jumpsuits|Mens Woven Tops|Kids Sets,All Promo|Back In Stock 2023|category:Shoes|category_es:Zapatos|category_group:Accessories & Shoes|All Promo|Back In Stock 2023|category:Shoes|category_es:Zapatos|category_group:Accessories & Shoes,False,,0,13.99,47.99
https://fcbarcelona.com,fcbarcelona.com,unknown,sports,,curated,13765,4749,active,404,True,0,,,False,,2,0,0
https://liverpoolfc.com,liverpoolfc.com,unknown,sports,,curated,14242,5288,not_ecommerce,404,False,0,,,False,,0,0,0
https://monsterinsights.com,monsterinsights.com,unknown,tech,,curated,14282,4077,timeout,200,False,0,,,False,,0,0,0
https://prada.com,prada.com,unknown,luxury,,curated,14730,6286,not_ecommerce,0,False,0,,,False,,0,0,0
https://cultura.com,cultura.com,unknown,entertainment,,curated,15598,19148,inactive,0,False,0,,,False,,0,0,0
https://wpbeginner.com,wpbeginner.com,unknown,tech,,curated,16145,3899,not_ecommerce,404,False,0,,,False,,0,0,0
https://weber.com,weber.com,unknown,kitchen,,curated,16319,6991,timeout,0,False,0,,,False,,0,0,0
https://boohoo.com,boohoo.com,unknown,fashion,,curated,17816,11101,not_ecommerce,404,False,0,,,False,,0,0,0
https://screamingfrog.co.uk,screamingfrog.co.uk,woocommerce,tech,,curated,17841,4412,active,404,True,0,,,False,,2,0,0
https://burberry.com,burberry.com,unknown,luxury,,curated,17964,5886,timeout,0,False,0,,,False,,0,0,0
https://rankmath.com,rankmath.com,unknown,tech,,curated,18362,6484,not_ecommerce,404,False,0,,,False,,0,0,0
https://gymshark.com,gymshark.com,shopify,fashion,,curated,18748,22040,active,200,True,5,Headwear|Misc.|Socks|Socks|Womens Leggings,02/04/26|acc-lower-bucket|accessories|activity:Rest Day|akeneo_updated_at:1775143409|02/04/26|acc-lower-bucket|accessories|activity:Lifting|akeneo_updated_at:1775143409,False,,0,16.0,54.0
https://optinmonster.com,optinmonster.com,unknown,tech,,curated,19441,5179,not_ecommerce,404,False,0,,,False,,0,0,0
https://crocs.com,crocs.com,unknown,shoes,,curated,19527,11733,inactive,410,False,0,,,False,,0,0,0
https://armani.com,armani.com,unknown,luxury,,curated,19976,7019,not_ecommerce,404,False,0,,,False,,0,0,0
https://aritzia.com,aritzia.com,unknown,fashion,,curated,20904,27835,inactive,403,False,0,,,False,,0,0,0
https://manomano.com,manomano.com,unknown,home,,curated,20929,172974,not_ecommerce,200,False,0,,,False,,0,0,0
https://wpforms.com,wpforms.com,unknown,tech,,curated,21068,9424,not_ecommerce,404,False,0,,,False,,0,0,0
https://warbyparker.com,warbyparker.com,unknown,eyewear,,curated,21937,11100,active,404,True,0,,,False,,2,0,0
https://salomon.com,salomon.com,unknown,sports,,curated,22583,10781,inactive,404,False,0,,,False,,0,0,0
https://prettylittlething.com,prettylittlething.com,unknown,fashion,,curated,23153,29704,not_ecommerce,404,False,0,,,False,,1,0,0
https://versace.com,versace.com,unknown,luxury,,curated,23711,10496,timeout,0,False,0,,,False,,0,0,0
https://fendi.com,fendi.com,unknown,luxury,,curated,24670,14413,timeout,0,False,0,,,False,,0,0,0
https://balenciaga.com,balenciaga.com,unknown,luxury,,curated,24871,11313,not_ecommerce,404,False,0,,,False,,0,0,0
https://dolcegabbana.com,dolcegabbana.com,unknown,luxury,,curated,24954,8495,active,404,False,0,,,False,paypal|klarna,0,0,0
https://thereformation.com,thereformation.com,unknown,fashion,,curated,24984,20892,active,404,False,0,,,False,stripe,1,0,0
https://advancedcustomfields.com,advancedcustomfields.com,unknown,tech,,curated,25439,10982,not_ecommerce,404,False,0,,,False,,0,0,0
https://omegawatches.com,omegawatches.com,unknown,watches,,curated,25614,11340,timeout,0,False,0,,,False,,0,0,0
https://bulgari.com,bulgari.com,unknown,luxury,,curated,26029,9462,timeout,0,False,0,,,False,,0,0,0
https://loewe.com,loewe.com,unknown,luxury,,curated,26104,16794,not_ecommerce,200,False,0,,,False,,1,0,0
https://goop.com,goop.com,unknown,beauty,,curated,26374,7642,inactive,403,False,0,,,False,,0,0,0
https://celine.com,celine.com,unknown,luxury,,curated,26692,16802,not_ecommerce,404,False,0,,,False,,1,0,0
https://everlane.com,everlane.com,shopify,fashion,,curated,28911,17800,active,200,True,5,Knit Tops|Dresses|Outerwear|Knit Tops|Dresses,Black|category: knit tops|fabric: cotton|female|Go Live: 09-14-2025|algolia-ignore|category: dresses|fabric: linen|female|Go Live: 03-01-2026,False,,0,48.0,298.0
https://cettire.com,cettire.com,unknown,luxury,,curated,29210,219150,not_ecommerce,500,False,0,,,False,,0,0,0
https://aioseo.com,aioseo.com,woocommerce,tech,,curated,29927,18067,active,404,False,0,,,False,,0,0,0
https://bottegaveneta.com,bottegaveneta.com,unknown,luxury,,curated,30036,18975,not_ecommerce,404,False,0,,,False,,0,0,0
https://skims.com,skims.com,shopify,fashion,,curated,30172,25991,active,404,False,0,,,True,,1,0,0
https://valentino.com,valentino.com,unknown,luxury,,curated,31130,13761,active,404,False,0,,,False,paypal,1,0,0
https://landrover.com,landrover.com,unknown,automotive,,curated,31198,12068,not_ecommerce,404,False,0,,,False,,0,0,0
https://clickbank.com,clickbank.com,unknown,tech,,curated,31367,10308,not_ecommerce,403,False,0,,,False,,0,0,0
https://hims.com,hims.com,unknown,health,,curated,32577,32193,active,0,False,0,,,False,adyen,1,0,0
https://ldlc.com,ldlc.com,unknown,electronics,,curated,32892,20895,not_ecommerce,404,False,0,,,False,,1,0,0
https://ohpolly.com,ohpolly.com,shopify,fashion,,curated,32937,106968,active,200,True,5,Dresses|Default|Seamless Leggings|Dresses,ebay-all|excludedlist|no-treet|Novoga|Plus Size|ALLPRODUCTSOKENDO|ops-returns-2|Student Discount|twenty-inclusions|ALL PRODUCTS EXPORT UAE,False,,0,17.0,100.0
https://overclockers.co.uk,overclockers.co.uk,unknown,electronics,,curated,32964,19420,inactive,403,False,0,,,False,,0,0,0
https://jackjones.com,jackjones.com,unknown,fashion,,curated,34181,42225,not_ecommerce,404,False,0,,,False,,0,0,0
https://miumiu.com,miumiu.com,unknown,luxury,,curated,34884,19895,active,410,True,0,,,False,adyen,3,0,0
https://princesspolly.com,princesspolly.com,unknown,fashion,,curated,34887,92481,timeout,0,False,0,,,False,,0,0,0
https://vuoriclothing.com,vuoriclothing.com,unknown,fitness,,curated,35580,89069,not_ecommerce,0,False,0,,,False,,0,0,0
https://woothemes.com,woothemes.com,unknown,tech,,curated,36227,9157,not_ecommerce,404,False,0,,,False,,0,0,0
https://fentybeauty.com,fentybeauty.com,shopify,beauty,,curated,37019,17080,active,200,True,5,Lotion & Moisturizer|Lip Gloss|Hair Styling Products|Lip Gloss|Sunscreen,badge|NEW|Benefits:Conditioning|Benefits:Hydrating|Benefits:Moisturizing|catalog-exclude|baby pink|badge|BACK IN STOCK|bb::7991030153261::discount::10|bb::7991070949421::discount::15|bb::8057724928045::discount::15,False,,0,1.5,45.0
https://jimmychoo.com,jimmychoo.com,unknown,luxury,,curated,37276,15485,inactive,403,False,0,,,False,,0,0,0
https://forhers.com,forhers.com,unknown,health,,curated,37589,60728,inactive,403,False,0,,,False,,0,0,0
https://glossier.com,glossier.com,shopify,beauty,,curated,38341,15864,active,200,True,5,Balms|Merch|Merch|Merch|Collateral,GLS 2.0|GLS 2.0 Sets|GLS 2.0 Standalone|Maximum Limit: 20|Shop All|final_sale|GLS 2.0|Maximum Limit: 3|merch|not eligible,False,,0,16.0,42.0
https://casper.com,casper.com,shopify,home,,curated,38952,15467,active,200,True,5,Mattress|Mattress|Mattress|Fee|Fee,recycle-fee|remote-fee-large|YGroup_Snug|recycle-fee|remote-fee-large|YGroup_DreamMax|recycle-fee|remote-fee-large|YGroup_Dream|exclude_feeds,False,,0,16.0,5490.0
https://superdry.com,superdry.com,unknown,fashion,,curated,39300,29827,not_ecommerce,404,False,0,,,False,,1,0,0
https://ridge.com,ridge.com,shopify,accessories,,curated,40347,167961,active,200,True,5,EDC - Key Accessories - Ridge Keychain - SINGLE|EDC - WALLET - RIDGE WALLET - SINGLE|EDC - BLEND - DAILY DRIVER KIT - KIT|EDC - BLEND - DAILY DRIVER KIT - KIT|EDC - BLEND - DAILY DRIVER KIT - KIT,bundle-add-on|everyday carry|hide|hide-both|hide-from-google|2.0|2.0 launch|2.0 Wallet|90s Capsule|aluminum,False,,0,35.0,150.0
https://updraftplus.com,updraftplus.com,woocommerce,tech,,curated,40815,16956,active,404,True,0,,,False,,2,0,0
https://allbirds.com,allbirds.com,shopify,shoes,,curated,40859,20127,active,200,True,5,Shoes|Shoes|Shoes|Shoes|Shoes,allbirds::carbon-score => 6.68|allbirds::cfId => color-smallbirds-bk-wool-loungers-natural-white-natural-white|allbirds::complete => true|allbirds::edition => limited|allbirds::gender => toddler|allbirds::carbon-score => 6.68|allbirds::cfId => color-smallbirds-bk-wool-loungers-honey-rust-ntrl-white|allbirds::complete => true|allbirds::edition => limited|allbirds::gender => toddler,False,,0,32.0,140.0
https://kendrascott.com,kendrascott.com,unknown,jewelry,,curated,42829,27773,inactive,404,False,0,,,False,,0,0,0
https://youngla.com,youngla.com,shopify,fitness,US,curated,43722,664425,active,403,True,0,,,True,,3,0,0
https://wearpact.com,wearpact.com,shopify,fashion,,curated,43732,113081,active,200,True,0,,,False,paypal|afterpay,2,0,0
https://vivobarefoot.com,vivobarefoot.com,unknown,shoes,,curated,45864,44082,inactive,403,False,0,,,False,,0,0,0
https://peppermayo.com,peppermayo.com,shopify,fashion,,curated,46173,384156,active,200,True,5,Hair Accessories|Tops|Maxi Dresses|Mini Dresses|Midi Dresses,Accessories|beige|Category:Accessories|Collection:Noir Edit|colour|asymmetrial|asymmetricaltops|autumn|basictops|beachcoverup,False,,0,19.95,149.95
https://mejuri.com,mejuri.com,unknown,jewelry,,curated,46945,63302,connection_error,0,False,0,,,False,,0,0,0
https://danielwellington.com,danielwellington.com,unknown,watches,,curated,47113,30817,inactive,0,False,0,,,False,,0,0,0
https://bombas.com,bombas.com,shopify,fashion,,curated,47467,42643,active,404,False,0,,,True,,1,0,0
https://hersheys.com,hersheys.com,unknown,food,,curated,47552,17500,not_ecommerce,200,False,0,,,False,,1,0,0
https://givenchy.com,givenchy.com,unknown,luxury,,curated,48158,18085,connection_error,0,False,0,,,False,,0,0,0
https://shopdisney.com,shopdisney.com,unknown,toys,,curated,48629,21651,not_ecommerce,404,False,0,,,False,,0,0,0
https://stellamccartney.com,stellamccartney.com,unknown,luxury,,curated,51128,17102,active,500,True,0,,,False,,2,0,0
https://acnestudios.com,acnestudios.com,unknown,fashion,,curated,53530,27373,active,404,True,0,,,False,,2,0,0
https://drinkag1.com,drinkag1.com,shopify,health,,curated,54333,56598,active,200,False,0,,,True,,1,0,0
https://glassons.com,glassons.com,unknown,fashion,,curated,56789,340137,active,404,False,0,,,False,afterpay,1,0,0
https://article.com,article.com,unknown,home,,curated,57125,48085,active,404,True,0,,,False,,2,0,0
https://alexandermcqueen.com,alexandermcqueen.com,unknown,luxury,,curated,58830,24792,not_ecommerce,404,False,0,,,False,,1,0,0
https://caudalie.com,caudalie.com,unknown,beauty,,curated,58977,28868,active,404,True,0,,,False,,2,0,0
https://bellroy.com,bellroy.com,unknown,accessories,,curated,62274,46284,active,404,True,0,,,False,,3,0,0
https://rothys.com,rothys.com,shopify,shoes,US,curated,65790,65999,active,429,True,0,,,True,,3,0,0
https://blackdiamondequipment.com,blackdiamondequipment.com,shopify,sports,,curated,67418,24602,active,200,True,5,Ski Pants|Ski Pants|Beanies|Protection,no-restock|Skiing and Snowboarding|Women's-Bottoms-Regular-Alpha|no-restock|Skiing and Snowboarding|Women's-Bottoms-Regular-Alpha|equipment|New Arrivals,False,,0,18.0,180.0
https://tods.com,tods.com,unknown,luxury,,curated,68281,40862,inactive,403,False,0,,,False,,0,0,0
https://harrys.com,harrys.com,shopify,beauty,,curated,71550,49756,active,200,True,5,Handles-10010|Body wash-40010|Body wash-40010|Shave accessories-10050|Other-50033,_okendo:syndication_key:harrys-plus-handle|gen3-product|handle|_okendo:syndication_key:body-wash-1|_okendo:syndication_key:tattoo-frost,False,,0,3.0,48.0
https://kyliecosmetics.com,kyliecosmetics.com,shopify,beauty,,curated,72687,37103,active,200,True,5,Bundle|Sample|Sample|Sample|Sample,#hide-sale|Brand_Principles:cruelty free|Brand_Principles:vegan|bundle_product|8818047713522|1|all|bundle_product|8818047746290|1|all|_free_sample|_gift_eligible|algolia-ignore|bundle_nosto|nosto_exclude,False,,0,0.5,56.7
https://monicavinader.com,monicavinader.com,unknown,jewelry,,curated,74123,103098,inactive,403,False,0,,,False,,0,0,0
https://gillette.com,gillette.com,unknown,beauty,,curated,75731,30298,timeout,0,False,0,,,False,,0,0,0
https://showpo.com,showpo.com,unknown,fashion,,curated,78724,116091,timeout,0,False,0,,,False,,0,0,0
https://fable.co,fable.co,unknown,pets,,curated,79226,127025,not_ecommerce,200,False,0,,,False,,0,0,0
https://dbrand.com,dbrand.com,unknown,electronics,,curated,79255,59158,not_ecommerce,404,False,0,,,False,,1,0,0
https://thursdayboots.com,thursdayboots.com,shopify,shoes,,curated,80924,164759,active,200,True,5,Sneakers|Keychains|Bags|Bags|Bags,anagram-enabled|as:EssentialLeatherKit|bf21:Leather|bf21:M-Low-Top-Sneaker|bf21:MBeanie|accessories|all:All|bags:Handbag Hook|BIS|category:Laces2,False,,0,8.0,248.0
https://sodastream.com,sodastream.com,shopify,kitchen,,curated,81612,76993,active,200,True,5,Flavor|Flavor|Flavor|Flavor|Flavor,all-flav-bottle-acc|all-flavors|all-skus|badge-diet|Diet|all-flav-bottle-acc|all-flavors|all-skus|Classic|Energy,False,,0,20.24,28.99
https://roots.com,roots.com,unknown,fashion,,curated,87606,87732,active,200,True,0,,,False,,3,0,0
https://peets.com,peets.com,shopify,coffee,,curated,90191,28934,active,200,True,5,Menu|Menu|Menu|Menu|Menu,archive 9.4.25|Orleans|Spring_26_menu|Type: Beverage|archive 9.4.25|Hidden|Spring_26_menu|Type: Beverage|Orleans|Spring_26_menu,False,,0,0,0
https://brooklinen.com,brooklinen.com,shopify,home,,curated,91102,65042,active,200,True,5,Test|Robes|Bedding|Bedding|Bedding,algolia-ignore|Category Promo: 25|Compare Module Slider|Discount Codes: Deny|Discount Messaging: Allow|Accessories|Active PLP|Active Robe|Best Sellers|Discount Codes: Allow,False,,0,99.0,456.75
https://manscaped.com,manscaped.com,shopify,beauty,,curated,91136,82670,active,404,False,0,,,True,,1,0,0
https://hydroflask.com,hydroflask.com,unknown,accessories,,curated,91826,41119,inactive,403,False,0,,,False,,0,0,0
https://ritual.com,ritual.com,shopify,supplements,US,curated,92032,67515,active,429,True,0,,,True,,3,0,0
https://skullcandy.com,skullcandy.com,shopify,electronics,,curated,92795,33443,active,200,True,5,Speakers|Gaming|Bundle|Earbuds|Headphones,live-products|new|speakers|waterproof|best-seller|gaming|headphones|live-products|platform-mobile|bundle,False,,0,31.99,104.99
https://camelbak.com,camelbak.com,unknown,accessories,,curated,96579,29074,not_ecommerce,404,False,0,,,False,,1,0,0
https://balmain.com,balmain.com,unknown,luxury,,curated,97814,38631,not_ecommerce,404,False,0,,,False,,0,0,0
https://hellomolly.com,hellomolly.com,unknown,fashion,,curated,97886,139606,timeout,403,False,0,,,False,,0,0,0
https://zippo.com,zippo.com,shopify,accessories,,curated,98133,59112,active,200,True,5,Lighters|Lighters|Lighters|Lighters|Lighters,ACTIVE|animal|blue|bro|buff dinosaur|2017|ACTIVE|black|Blazy|Blazy gang,False,,0,28.95,37.95
https://stuartweitzman.com,stuartweitzman.com,unknown,luxury,,curated,99216,53579,inactive,403,False,0,,,False,,0,0,0
https://meshki.com.au,meshki.com.au,shopify,fashion,,curated,103244,413746,active,200,True,5,Dresses|Dresses|Dresses|Pants|Dresses,CreditOnly|exclusive:Bronze|exclusive:Platinum|exclusive:Silver|Heritage 2026|CreditOnly|Heritage 2026|pair:dasha-sling-back-heels-ivory|pair:elianne-satin-frame-clutch-bag-white|REUNION DROP 4,False,,0,199.0,399.0
https://iliabeauty.com,iliabeauty.com,shopify,beauty,,curated,103464,114582,active,200,True,5,Eberjey x ILIA—The PM Set|Eberjey x ILIA—The AM Set|The Skin Tint + Blur Complexion Duo|The Skin Tint + Blur Complexion Duo|The Skin Tint + Blur Complexion Duo,all|bundle|flag::New|LoopRtns_bundles|new|all|bundle|eye|flag::New|LoopRtns_bundles,False,,0,80.0,117.0
https://bluebottlecoffee.com,bluebottlecoffee.com,unknown,coffee,,curated,106270,29514,not_ecommerce,404,False,0,,,False,,1,0,0
https://barkbox.com,barkbox.com,unknown,pets,,curated,106544,49586,not_ecommerce,404,False,0,,,False,,1,0,0
https://culturekings.com.au,culturekings.com.au,shopify,fashion,,curated,107231,291322,active,200,True,5,940 A-Frame|940 A-Frame|940 A-Frame|940 A-Frame|Lows,all-sport|brand-new-era|category-headwear|category-headwear--940-a-frame|category_hierarchy-Hats--940 A-Frame|all-sport|brand-new-era|category-headwear|category-headwear--940-a-frame|category_hierarchy-Hats--940 A-Frame,False,,0,55.0,200.0
https://lovelyskin.com,lovelyskin.com,unknown,beauty,,curated,107640,79416,not_ecommerce,404,False,0,,,False,,1,0,0
https://mvmt.com,mvmt.com,unknown,watches,,curated,108564,135844,connection_error,0,False,0,,,False,,0,0,0
https://sigma-global.com,sigma-global.com,unknown,electronics,,curated,109864,31159,inactive,403,False,0,,,False,,0,0,0
https://ninjaforms.com,ninjaforms.com,unknown,tech,,curated,110174,29486,active,404,True,0,,,False,stripe|authorize_net,3,0,0
https://speedhunters.com,speedhunters.com,unknown,automotive,,curated,115069,31395,timeout,0,False,0,,,False,,0,0,0
https://tatcha.com,tatcha.com,shopify,beauty,,curated,117732,93976,active,200,True,5,,,False,,0,25.0,30.0
https://riflepaperco.com,riflepaperco.com,shopify,stationery,,curated,123816,66170,active,200,True,5,Fabric|Fabric|Fabric|Fabric|Fabric,Gemma|Gracie Fabric|New|vip|Gemma|Gracie Fabric|New|vip|Gracie Fabric|Helena,False,,0,14.0,150.0
https://taylorstitch.com,taylorstitch.com,shopify,fashion,,curated,124216,213896,active,200,True,5,Wovens|Wovens|Wovens|Wovens|Wovens,25_BFCM_MSRP|b2b|camp shirt|Color:Blue|CYBERSALE|25_BFCM_MSRP|b2b|camp shirt|Color:Green|CYBERSALE,False,,0,128.0,138.0
https://gorjana.com,gorjana.com,shopify,jewelry,,curated,124618,166568,active,200,True,5,Necklaces|Charms|Necklaces|Charms|Charms,14K Solid Gold|April 2026 Fine|Diamonds|Fine|Necklaces|14K Solid Gold|April 2026 Fine|Charms|Diamonds|Fine,False,,0,235.0,465.0
https://interiordefine.com,interiordefine.com,unknown,home,,curated,125166,263621,not_ecommerce,404,False,0,,,False,,0,0,0
https://ghd.com,ghd.com,unknown,beauty,,curated,125858,86890,not_ecommerce,0,False,0,,,False,,0,0,0
https://missguided.com,missguided.com,unknown,fashion,,curated,128170,66468,active,404,True,0,,,False,,2,0,0
https://seed.com,seed.com,unknown,supplements,,curated,128486,144811,not_ecommerce,404,False,0,,,False,,0,0,0
https://onnit.com,onnit.com,shopify,supplements,US,curated,128674,62336,active,429,True,0,,,True,,3,0,0
https://byredo.com,byredo.com,unknown,beauty,,curated,129243,62816,not_ecommerce,404,False,0,,,False,,1,0,0
https://manoloblahnik.com,manoloblahnik.com,unknown,luxury,,curated,132410,54836,connection_error,0,False,0,,,False,,0,0,0
https://emmezeta.hr,emmezeta.hr,unknown,home,,curated,138307,496858,not_ecommerce,404,False,0,,,False,,0,0,0
https://nisolo.com,nisolo.com,shopify,shoes,,curated,141000,244528,active,200,True,5,Women's Leather Sandal|Women's Leather Flat|Women's Leather Flat|Women's Leather Oxford|Men's Leather Slip On,5for5pause|anthropologie|Aspire Huaraches 2024|Aspire Spring 2024|color-almond|anthropologie|color-red|dsw|full-price|Lola,False,,0,138.0,198.0
https://madeincookware.com,madeincookware.com,shopify,kitchen,,curated,145111,171900,active,403,False,0,,,True,,1,0,0
https://morphe.com,morphe.com,shopify,beauty,,curated,147831,69129,active,200,True,5,Bundle|Bundle|Bundle|Bundle|Bundle,BG-Type:Brush-Sets|buttery|NEW|webhook-03052026|webhook-20260224|cheek-thrills-26|ct-bundle-merch|face-color|FS-Category: Face|cheek-thrills-26,False,,0,38.0,190.0
https://airstream.com,airstream.com,unknown,automotive,,curated,148097,59038,not_ecommerce,404,False,0,,,False,,0,0,0
https://coolpc.com.tw,coolpc.com.tw,woocommerce,electronics,,curated,154582,366710,active,404,True,0,,,False,,2,0,0
https://drunkelephant.com,drunkelephant.com,unknown,beauty,,curated,167945,83260,not_ecommerce,410,False,0,,,False,,0,0,0
https://singer.com,singer.com,shopify,home,US,curated,169072,131134,active,429,False,0,,,True,,1,0,0
https://cuyana.com,cuyana.com,shopify,fashion,US,curated,171360,115048,active,429,True,0,,,True,,4,0,0
https://marinelayer.com,marinelayer.com,shopify,fashion,,curated,172078,255418,active,200,True,5,Womens - Accessories - Bags|Womens - Accessories - Bags|Womens - Accessories - Bags|Womens - Accessories - Bags|Womens - Accessories - Hats,custom|custom_limited|customcollection|custom|custom_limited|customcollection|custom|custom_limited|customcollection|custom,False,,0,28.0,42.0
https://puravidabracelets.com,puravidabracelets.com,shopify,jewelry,,curated,172344,106980,active,200,True,5,return|Bracelets|Bracelets|Bracelets|Gift Card,exclude_rebuy|final sale|hide-exchange|klaviyo_reviews_exclude|New Arrivals|BFCM Bracelets|Black Friday Bracelets|bracelet style: custom|bracelets|category: bracelets,False,,0,1.38,150.0
https://milkmakeup.com,milkmakeup.com,shopify,beauty,,curated,173932,127062,active,200,True,5,Concealer|Kit|Sets|Concealer|Blush,Custom Kits|new|set|set::The Fall Lineup::discount::30|set::TheFallLineup::discount::30|eye|face|hydro|makeup|new,False,,0,29.0,110.0
https://oliverpeoples.com,oliverpeoples.com,shopify,eyewear,US,curated,175040,96437,active,429,True,0,,,True,,2,0,0
https://nomadgoods.com,nomadgoods.com,shopify,electronics,,curated,180703,87291,active,404,False,0,,,True,,0,0,0
https://untuckit.com,untuckit.com,shopify,fashion,,curated,192126,224038,active,200,True,5,Polos|Polos|button-down|button-down|button-down,care-instructions::damaschino-care|category:polos|category:What to Wear Going Out|color-collection::damaschino-ss|color:black|care-instructions::damaschino-care|category:polos|category:What to Wear Going Out|color-collection::damaschino-ss|color:blue,False,,0,79.5,125.0
https://rhone.com,rhone.com,unknown,fashion,,curated,193051,236146,inactive,403,False,0,,,False,,0,0,0
https://woolrich.com,woolrich.com,unknown,fashion,,curated,195842,172658,not_ecommerce,404,False,0,,,False,,0,0,0
https://suta.in,suta.in,shopify,fashion,,curated,196298,885283,active,200,True,5,Saree|Saree|Saree|Saree|Saree,__with:pre-drape-this-saree|Colour_Maroon|Discount eligible 2025|discount_applicable|Fabric_Organza|__with:pre-drape-this-saree|BLUE|Blue Color|Blue Colour|Blue Sadi,False,,0,2960.0,27000.0
https://alphaleteathletics.com,alphaleteathletics.com,shopify,fitness,,curated,197598,502969,active,200,True,5,Men's Tank Top|Women's Seamless Scrunch Legging|Unisex Crew Sock|Women's Seamless Scrunch Bra|Men's Short Sleeve Shirt,AA24-DEC|AA24-DEC07|bar:fit-50|bf-bucket:50-60%|bf:60%|AA24-DEC|AA24-DEC09|AA25-JUNE14|Amplify_Legging|bar:compression-75,False,,0,16.0,48.0
https://missoma.com,missoma.com,shopify,jewelry,,curated,197823,197291,active,200,True,5,Earrings|Earrings|Bracelets|Earrings|Necklaces,__label:Save £29|Hoops_Size:Mini Hoops & Huggies|Metal 2:Gold|Metal:18ct Gold Vermeil|Pearl & Gemstone Jewellery|__label:Save £42|Gemstone:Cubic Zirconia|Gemstone:Pearl|Metal 2:Gold|Metal:18ct Gold Vermeil,False,,0,119.0,255.0
https://away.com,away.com,unknown,accessories,,curated,199044,47985,connection_error,0,False,0,,,False,,0,0,0
https://sokoglam.com,sokoglam.com,shopify,beauty,,curated,205229,112438,active,200,True,5,Oil Cleanser|Sheet Mask|Toner|Branded Set|Fragrance,acne|acne & blemishes|acne care|acne senstive|Anua|Anua|b12|Face Mask|facial mask|hyaluronic acid,False,,0,4.0,38.0
https://supergoop.com,supergoop.com,shopify,beauty,,curated,207080,89556,active,200,True,5,Free Samples|Merch|Merch|Free Samples,Badge:New|Body Part:Face|Body Part:Lips|DRAFTBUNDLE|Finish:No white cast|ATTV_GLOBAL_EXCLUSION_TAG|hide-product|larger-free-sample|YGroup_playlotion|hide-product,False,,0,28.0,60.0
https://summerfridays.com,summerfridays.com,shopify,beauty,,curated,212057,236613,active,200,True,5,Lip|Eye Care|Bundle|Merch|Misc.,coming_soon|Franchise: Lip Butter Balm|klavyo-excluded|lip|makeup|Franchise: Jet Lag|skincare|bundles|gorgias_do_not_recommend|klavyo-excluded,False,,0,24.0,60.0
https://drinktrade.com,drinktrade.com,shopify,coffee,,curated,218890,168736,active,200,True,5,Coffee|Coffee|Coffee|Coffee|Gift Box,first-match-eligible|New|Organic|Women-Owned|first-match-eligible|New|first-match-eligible|New|first-match-eligible|seasonal,False,,0,21.99,119.99
https://outerknown.com,outerknown.com,shopify,fashion,,curated,219300,207190,active,200,True,5,Loungewear Bottoms|Denim Bottoms|Loungewear Tops|Denim Bottoms|Woven Shirts,gender:mens|no-returns|Recurate - New app|searchspring-remove|style:Sweatshorts|Color:denim|gender:mens|no-returns|Recurate - New app|searchspring-remove,False,,0,55.0,88.73
https://buckmason.com,buckmason.com,shopify,fashion,,curated,219884,215439,active,404,False,0,,,True,,0,0,0
https://hauslabs.com,hauslabs.com,shopify,beauty,,curated,223026,210476,active,200,True,5,SETS|SETS|SETS|SETS|FACE,cart_bundle|cheek|discount-eligible|NEW|cart_bundle|cheek|complexion|NEW|new arrivals|cart_bundle,False,,0,42.0,190.0
https://outdoorvoices.com,outdoorvoices.com,unknown,fitness,US,curated,226527,94594,not_ecommerce,429,False,0,,,False,,0,0,0
https://girlfriend.com,girlfriend.com,shopify,fitness,,curated,229600,105438,active,200,True,5,Gemma Scoop Tank|Gemma Scoop Tank|Gemma Scoop Tank|Becca X Neck Bra|Becca X Neck Bra,#000000|Available_Online_Store|BFCM25|Black|boldmetrics:womens_tops_alpha|#3D4252|BFCM25|boldmetrics:womens_tops_alpha|Collection:Compressive|Color:Skyline,False,,0,20.4,20.4
https://deathwishcoffee.com,deathwishcoffee.com,shopify,coffee,,curated,230337,98895,active,200,True,5,Apparel|Apparel|Bundle|Coffee|Bundle,Apparel|Men|Merch|Unisex|Women|Apparel|Men|Merch|Unisex|Women,False,,0,13.99,69.95
https://beardbrand.com,beardbrand.com,shopify,beauty,,curated,243363,103346,active,200,True,5,Eau de Parfum|Eau de Parfum|Eau de Parfum|Eau de Parfum|Bundles,Black Sails|live|new badge|Ghost Tracer|live|new badge|Desert Road|live|new badge|Four Vices,False,,0,45.0,140.0
https://tuftandneedle.com,tuftandneedle.com,shopify,home,,curated,243734,101898,active,200,True,5,Adjustable Base|Adjustable Base,,False,,0,499.0,1699.0
https://hellotushy.com,hellotushy.com,shopify,home,,curated,246257,189811,active,200,True,5,Parts & Accessories|Parts & Accessories|Parts & Accessories|Parts & Accessories,Final Sale|Wave/Oasis Seat & Lid Exchange|Final Sale|Wave/Oasis Seat & Lid Exchange|Wave/Oasis Seat & Lid Exchange|Final Sale|Wave/Oasis Seat & Lid Exchange|Wave/Oasis Seat & Lid Exchange,False,,0,16.0,16.0
https://soylent.com,soylent.com,shopify,food,,curated,250236,77258,active,200,True,5,Drink|Drink|Drink|Drink|Powder,cafe mocha|complete coffee|complete coffee mocha|drink|flavor-chocolate-flavors|black_crow_do_not_cross_sell|black_crow_do_not_replenish|black_crow_do_not_subscribe|complete meal|complete meal drink,False,,0,48.0,80.0
https://ripndipclothing.com,ripndipclothing.com,shopify,fashion,,curated,250605,499153,active,200,True,5,Accessories|Shirts|Shirts|Accessories|Accessories,4thsale|accessories|amazonremove|blackfriday2020|blackfriday2020v2|b2b-atonce|blackfriday25|jan26sale|sale2025|sizechart-tee-summer25,False,,0,5.0,36.0
https://lootcrate.com,lootcrate.com,unknown,entertainment,,curated,252217,80465,rate_limited,429,False,0,,,False,,0,0,0
https://tentree.com,tentree.com,shopify,fashion,,curated,253480,120626,active,200,True,5,Mens|Mens|Mens|Mens|Mens,eco material: organic cotton|eco material: recycled polyester|eco material: tencel|eco materials: TENCEL|fleece|eco material: organic cotton|fleece|FW25-SS26|gh-mens-woodrow-hoodie-graphite-multi-stripe|hoodie,False,,0,88.0,108.0
https://velasca.com,velasca.com,shopify,shoes,,curated,254946,361465,active,200,True,5,Country boots|Oxfords|Casual overshirt|Classic chinos|T-shirt with pocket,color_desc_tag-Nero|color_search_tag-nero|color_tag-Black|last40|material_desc_tag-Pelle di vitello martellata|color_desc_tag-Marrone|color_search_tag-marrone|color_tag-Brown|last40|material_desc_tag-Pelle di vitello liscia crust,False,,0,54.0,372.0
https://techport.ru,techport.ru,unknown,electronics,,curated,254965,347304,not_ecommerce,200,False,0,,,False,,1,0,0
https://biossance.com,biossance.com,unknown,beauty,,curated,259302,195669,connection_error,0,False,0,,,False,,0,0,0
https://tenthousand.cc,tenthousand.cc,shopify,fitness,,curated,263864,362358,active,200,True,5,Tactical Short|Core Tee|3/4 Tight|Tactical Waterproof Hoodie|Session Short 2.0,BFCM_45_Off|EOS_SALE_MARCH26|final-sale-corso|hide: basalt|shorts|gen-v2|include_in_collections|main-category: shirts|new arrivals|shirts,False,,0,46.0,118.0
https://moonjuice.com,moonjuice.com,shopify,health,,curated,265269,199261,active,200,True,5,Stack|Stack|Skincare|Stack|Powder Supplements,Brain|Brain food|brain-tag|exclude discount|Focus & Brain|exclude discount|ReCharge Bundle|stack|subscribe-default|subscription,False,,0,58.0,124.0
https://burrow.com,burrow.com,shopify,home,,curated,267249,203891,active,404,False,0,,,True,,1,0,0
https://analuisa.com,analuisa.com,shopify,jewelry,,curated,268929,246047,active,404,False,0,,,True,,1,0,0
https://cowboy.com,cowboy.com,shopify,electronics,,curated,283248,106356,active,404,False,0,,,True,klarna,1,0,0
https://magicspoon.com,magicspoon.com,shopify,food,,curated,291082,200994,active,200,True,5,Treats|Cereal|Cereal|Multi Product Bundle|Pastries,6093-BDAYTRT04-1x|no index|noindex|Promo-Excluded|6131-PFRU01-2x|6132-PCOC01-1x|6133-PCIN01-2x|6134-PHNUT01-1x|no index|6131-PFRU01-1x,False,,0,9.75,74.99
https://peachandlily.com,peachandlily.com,unknown,beauty,,curated,292994,201324,rate_limited,429,False,0,,,False,,0,0,0
https://intelligentsia.com,intelligentsia.com,shopify,coffee,,curated,299477,90482,active,200,True,5,Equipment|Coffee|Coffee|Coffee|Coffee,Show Upsell|Badge: Special Selection|Coffee Type: Single Origin|Coffee Type: Special Selection|Country: Colombia|Features: Special Selection|Badge: Organic|Coffee Type: Single Origin|Country: Peru|Hidden,False,,0,23.5,190.0
https://truffleshuffle.co.uk,truffleshuffle.co.uk,unknown,food,,curated,304712,304274,not_ecommerce,404,False,0,,,False,,1,0,0
https://jeffreestarcosmetics.com,jeffreestarcosmetics.com,shopify,beauty,,curated,308281,258910,active,200,True,5,T-SHIRT|HOODIE,In Stock Bundles|in stock lip balm|In stock lip care|in stock lips|in stock makeup bundles|In Stock Bundles|in stock lip balm|in stock lips|in stock makeup bundles|makeup,False,,0,24.5,140.8
https://youthtothepeople.com,youthtothepeople.com,unknown,beauty,,curated,309366,254361,inactive,403,False,0,,,False,,0,0,0
https://hedleyandbennett.com,hedleyandbennett.com,shopify,kitchen,,curated,312374,219575,active,200,True,5,Essential Apron|Essential Apron|Essential Apron|Accessory|Accessory,Active Product|Apron|BC-Apron|Not Duplicate|Sanity-Apron-Size-Regular|Active Product|Apron|BC-Apron|Not Duplicate|Sanity-Apron-Size-Regular,False,,0,39.0,96.0
https://monin.com,monin.com,shopify,food,US,curated,319498,145854,active,522,True,0,,,True,,4,0,0
https://counterculturecoffee.com,counterculturecoffee.com,shopify,coffee,,curated,320657,144847,active,200,True,5,Coffee|Coffee|Bundle|Bundle|Coffee,coffee|origin__single-origin|roastlevel__light-roast|single-origin|hidden|limited-release|organic|origin__single-origin|roastlevel__light-roast|bundle,False,,0,27.0,27.0
https://kirrinfinch.com,kirrinfinch.com,shopify,fashion,,curated,334618,538387,active,200,True,5,Short Sleeve Knit|Pants|Blazer|Short-Sleeve Button-Up Shirt|Shorts,Size: L|Size: S|Size: XL|style: Short-Sleeve Shirt|Bottoms|graduation|New Theme PDP|prom|Size: 0|New Theme PDP,False,,0,95.0,415.0
https://bearaby.com,bearaby.com,shopify,home,,curated,334725,260015,active,200,True,5,Bundle|Bundle|Weighted Toys|Blankets,biscuits-bundle|biscuits-bundle|new|Include Variant 45342482596026 - allocation 0.3 - Automation|Include Variant 45342482628794 - allocation 0.3 - Automation|Include Variant 45342482727098 - allocation 0.3 - Automation|Include Variant 45342482759866 - allocation 0.3 - Automation|Include Variant 45342482858170 - allocation 0.3 - Automation,False,,0,79.0,349.0
https://equator.com,equator.com,unknown,coffee,,curated,334883,463609,not_ecommerce,200,False,0,,,False,,0,0,0
https://buffy.co,buffy.co,shopify,home,,curated,340290,322340,active,200,True,5,Quilts & Comforters|Linens & Bedding|Pillows|Pillows|Pillows,bundleName__the-cloud|bundleTag__Our-cozycomma-crowddashfavorite-comforter|name__buffy-cloud-comforter|tagline__snuggle-up-with-our-superdashsoftcomma-extradashfluffy-original.|trial|trial|Pillow|trial|foam pillow|Pillow,False,,0,59.0,289.0
https://nativeunion.com,nativeunion.com,shopify,electronics,US,curated,343522,184657,active,429,True,0,,,True,shopify_payments,3,0,0
https://koio.co,koio.co,shopify,shoes,,curated,367065,384000,active,200,True,5,Men's Footwear|Women's Footwear|Men's Footwear|Men's Footwear|Men's Footwear,Allow Discount Code|BFCM202520|DTC Price Content: 265|Eco-Cleaner:False|Filer:Style:Low-tops|2.0|AB_Test|BFCM2023|BFCM202550|Common Projects,False,,0,265.0,395.0
https://wildone.com,wildone.com,shopify,pets,,curated,369968,335459,active,200,True,5,Collar|Custom Bundle|Custom Bundle|Custom Bundle|Custom Bundle,air collection|air leash|easy buckle collar|summer-sale|twin-discount|exclude_rebuy|kit-save|kit-ship|no-stack|twin-discount,False,,0,25.0,98.0
https://thehoneypot.co,thehoneypot.co,shopify,beauty,,curated,376191,240172,active,200,True,5,Rituals|Rituals|Herbal Pads|Herbal Pads,Balances pH|Body Care|Cooling Sensation|Daytime|Hydrate|Absorbency|Balances pH|Daytime|Herbal Pads|Menopause,False,,0,8.99,35.97
https://kotn.com,kotn.com,shopify,fashion,,curated,389985,285252,active,200,False,0,,,True,,0,0,0
https://nakedwolfe.com,nakedwolfe.com,shopify,shoes,,curated,396604,945111,active,200,True,5,Sneaker|Sneaker|Sneaker|Sneaker|Sneaker,BD2230|BFCM30|black friday mens|black-friday-50|EASTER23|BD2230|BFCM30|Black Friday Icons|black friday womens|black friday womens 30%,False,,0,200.0,300.0
https://olehenriksen.com,olehenriksen.com,shopify,beauty,,curated,400048,221207,active,200,True,5,SAMPLE|VIRTUAL BUNDLE|VIRTUAL BUNDLE|CLEANSER & SCRUBS|SERUMS & TREATMENTS,catalog-exclude|badge:: NEW & EXCLUSIVE|collection:bestsellers|collection:cleanser|collection:exclusives|collection:new|badge:: NEW & EXCLUSIVE|collection:cleanser|collection:exclusives|collection:new,False,,0,1.0,89.0
https://maguireshoes.com,maguireshoes.com,shopify,shoes,,curated,407416,0,active,200,True,5,Flats|Flats|Flats|Boots|Boots,archive-Last units|Archive-Sale|color-Green|country-Portugal|Factory - JH|archive-Last units|Archive-Sale|Ballet-flat|color-Blue|country-Portugal,False,,0,150.0,185.0
https://athleticgreens.com,athleticgreens.com,shopify,supplements,,curated,407883,192765,active,200,False,0,,,True,,1,0,0
https://bulkbarn.ca,bulkbarn.ca,unknown,food,,curated,415738,262110,not_ecommerce,404,False,0,,,False,,0,0,0
https://pelacase.ca,pelacase.ca,shopify,electronics,,curated,429287,0,active,200,True,5,iPhone 11 Pro|Google Pixel 7 Pro|iPhone 13 Pro Max|iPhone 13 Mini|Google Pixel 6a,art-type:Print|collection:Analog Hobbies|Colour:Electric Blue|Made to Order|made-in:north-america|art-type:Print|collection:Analog Hobbies|Colour:Electric Blue|Made to Order|made-in:north-america,False,,0,65.0,65.0
https://vervecoffee.com,vervecoffee.com,shopify,coffee,,curated,429568,206858,active,200,True,5,Merchandise|Merchandise|Merchandise|Merchandise|Coffee,diner mug|Evergreen Merch|gear|Goods|Merch: Mugs|2025|2025 Launch|Evergreen Merch|gear|Goods,False,,0,12.0,130.0
https://sundayriley.com,sundayriley.com,shopify,beauty,,curated,441280,170169,active,200,True,5,cleanser,oc_inventory|KIT|oc_inventory|KIT|oc_inventory|KIT|oc_inventory,False,,0,1.0,97.0
https://macway.com,macway.com,unknown,electronics,,curated,441546,262471,active,404,True,0,,,False,,3,0,0
https://frankandoak.com,frankandoak.com,shopify,fashion,,curated,465815,170180,active,200,True,5,Shirts|Shirts|Shirts|Shirts|Shirts,blue night|ECOM_INV_TRUE|mens|mens shirts|new arrivals|ECOM_INV_TRUE|flint stone|mens|mens shirts|new arrivals,False,,0,65.0,69.0
https://wandrd.com,wandrd.com,shopify,accessories,,curated,474586,318918,active,200,True,5,,,False,,0,234.0,379.0
https://brightland.co,brightland.co,shopify,food,,curated,490859,260007,active,200,True,5,Gift Set|Spices + Salt|Bundles|Olive Oil|Bundles,gift-best-seller|gift-set|no-shipping-label-for-uk-can|online-store|spo-default|exclude_discounts|no-index|no-recommend|best-seller|exclude_discounts,False,,0,10.0,130.0
https://vitauthority.com,vitauthority.com,unknown,supplements,,curated,559936,508476,inactive,403,False,0,,,False,,0,0,0
https://materialkitchen.com,materialkitchen.com,shopify,kitchen,,curated,646950,413929,active,200,True,5,Sets|Dishware|Dishware|Table Linens|Table Linens,badge-MK Finds|badge-Tortuga Forma|Shopify Collective|Tortuga Forma|badge-MK Finds|badge-Tortuga Forma|Shopify Collective|Tortuga Forma|badge-MK Finds|badge-Tortuga Forma,False,,0,72.0,320.0
https://greats.com,greats.com,shopify,shoes,,curated,650232,296852,active,200,True,5,Men's Shoes|Men's Shoes|Men's Shoes|Men's Shoes,few_left|HighlightSection_TestingTerry|category:Low Tops|color-family:Beige|color:Ecru|Full Price|gender:Men|category:Lifestyle|category:Low Tops|color-family:Grey,False,,0,100.0,215.0
https://flybyjing.com,flybyjing.com,shopify,food,,curated,656749,274314,active,200,True,5,Pantry|Pantry|Pantry|Sets|Sauce,Exclude from Recommendations|Verishop|Verishop,False,,0,25.0,54.0
https://goodeeworld.com,goodeeworld.com,shopify,home,,curated,664478,354614,active,200,True,5,Furniture|Kitchen + Dining|Kitchen + Dining|Kitchen + Dining|Kitchen + Dining,_category:Baby + Kids|_category:Furniture|_cause:Circular Economy|_cause:Corporate Reporting|_cause:Recycled Materials|_category:Kitchen + Dining|_category:Kitchen Essentials|_productfilter:Knife|_swatch:Image|feed-sl-free shipping,False,,0,39.0,785.0
https://beautybakerie.com,beautybakerie.com,shopify,beauty,,curated,665660,295420,active,200,True,5,Liquid Eyeshadow|Gel Eyeliner|Liquid Matte Lipstick,Best Sellers|lip whip|Best Sellers|lip whip|back-in-stock|badge::gluten|badge::paraben|badge::smudge-proof|badge::vegan|badge::gluten,False,,0,20.0,50.0
https://hoodsly.com,hoodsly.com,unknown,home,,curated,673530,0,connection_error,0,False,0,,,False,,0,0,0
https://greatjonesgoods.com,greatjonesgoods.com,shopify,kitchen,,curated,679079,304928,active,200,True,5,Bundle|Gift Cards|Accessories|Accessories|cookware,badge_Save $60!|Govalo Gift Card (Do Not Delete)|Component|Stainless Steel,False,,0,25.0,1000.0
https://tazachocolate.com,tazachocolate.com,shopify,food,,curated,690342,280317,active,200,True,5,Protection|Food|Food|Gift Card|Food,exclude_rebuy|exclude_stamped|smart-cart-hidden|smart-cart-shipping-excluded|related-boldest-flavor-gift-box|related-super-dark|related-wicked-dark-4-bar-bundle|textured|related-hearts-on-fire-sampler|related-oaxacan,False,,0,2.47,145.0
https://goodfair.com,goodfair.com,shopify,fashion,US,curated,698240,867564,active,200,True,0,,,True,,3,0,0
https://birddogs.com,birddogs.com,shopify,fitness,,curated,712187,796139,active,200,True,5,Khaki Shorts|Bathing Suit|Pants|Pants|Pants,khaki|shorts|bathing-suit|fb_category_528|shorts|waterproof|business|fb_category_528|khaki-pants|pants,False,,0,78.0,128.0
https://packagefreeshop.com,packagefreeshop.com,shopify,beauty,,curated,719013,218485,active,200,True,5,Laundry|Laundry|Face,100% plastic free|baby|baby essential|baby essentials|baby product|100% plastic free|badge: Coming Soon|Category:Laundry|cleaning & laundry|Core Cleaning,False,,0,10.0,38.0
https://moment.co,moment.co,unknown,electronics,,curated,728587,242069,connection_error,0,False,0,,,False,,0,0,0
https://mvmtwatches.com,mvmtwatches.com,unknown,watches,,curated,934192,264682,inactive,403,False,0,,,False,,0,0,0
https://floydhome.com,floydhome.com,shopify,home,,curated,956059,336141,active,200,True,5,Shelving & Storage|Sofas|Sofas|Tables|Add On/Expansion,accessories|category-bed-ao-eu|category-beds|category-storage|Coffee & Side Tables|Not Searchable|Not Searchable|Chairs & Benches|Coffee & Side Tables|Discount %|0,False,,0,200.0,1450.0
https://adminmart.com,adminmart.com,unknown,tech,,curated,0,775702,inactive,202,False,0,,,False,,0,0,0
https://adoredvintage.com,adoredvintage.com,shopify,vintage,,curated,0,803742,active,200,True,5,Skirts|Sweaters|Sweaters|Dresses|Sale,Cotton|Final Sale|Floral|Green|Midi|1970s|Cream|Final Sale|Knit|Long Sleeve,False,,0,32.99,125.0
https://all-in-one-wp-migration.com,all-in-one-wp-migration.com,unknown,tech,,curated,0,0,connection_error,0,False,0,,,False,,0,0,0
https://artisaire.com,artisaire.com,shopify,art,,curated,0,0,active,200,True,5,Menu|Menu|Menu|Menu|Sample,vineyardvows|wedding|vineyardvows|wedding|vineyardvows|wedding|vineyardvows|wedding|hide|nogpo,False,,0,1.0,3.42
https://bebemoss.com,bebemoss.com,shopify,toys,,curated,0,0,active,200,True,5,stuffed animal|stuffed animal|stuffed animal,bunny|Colorful|crochet toy|eco-friendly gift|fair trade|Colorful|crochet toy|duck|eco-friendly gift|fair trade,False,,0,25.0,175.0
https://beefcakeswimwear.com,beefcakeswimwear.com,unknown,swimwear,,curated,0,0,rate_limited,429,False,0,,,False,,0,0,0
https://benandjerrys.com,benandjerrys.com,unknown,food,,curated,0,860515,connection_error,0,False,0,,,False,,0,0,0
https://beneathyourmask.com,beneathyourmask.com,shopify,beauty,US,curated,0,0,active,429,True,0,,,True,,3,0,0
https://bfrnd.com,bfrnd.com,unknown,pets,,curated,0,0,timeout,0,False,0,,,False,,0,0,0
https://bliss.com,bliss.com,unknown,beauty,,curated,0,0,inactive,404,False,0,,,False,,0,0,0
https://blkandbold.com,blkandbold.com,shopify,coffee,,curated,0,371684,active,200,True,5,coffee|coffee|coffee|tea|accessories,acidic|black coffee|blend|certified|citric|chocolate|decaf|fresh|fruity|graham,False,,0,12.0,80.0
https://bloomist.com,bloomist.com,shopify,home,,curated,0,0,active,200,True,5,Live Plants|Kitchen|Kitchen|Kitchen|Kitchen,brand:Bloomist|smarttag_new_arrival|smarttag_on_sale|brand:Bloomist|smarttag_new_arrival|smarttag_regular_price|brand:Bloomist|smarttag_new_arrival|smarttag_regular_price|brand:Bloomist,False,,0,42.0,80.0
https://brantshop.kz,brantshop.kz,unknown,fashion,,curated,0,0,timeout,0,False,0,,,False,,0,0,0
https://bruvi.com,bruvi.com,shopify,electronics,,curated,0,0,active,200,True,5,Wellness Add-Ins|Wellness Add-Ins|Drinkware|Drinkware|Lifestyle & Gifts,Renude|Shopify Collective|Renude|Shopify Collective|Created Co.|Shopify Collective|Created Co.|Drinkware|Shopify Collective|Noir Lux Candle Co.,False,,0,22.0,52.0
https://burts-bees.com,burts-bees.com,unknown,beauty,,curated,0,0,timeout,0,False,0,,,False,,0,0,0
https://camillebrinch.com,camillebrinch.com,shopify,jewelry,DE,curated,0,0,active,429,True,0,,,True,,3,0,0
https://careofvitamins.com,careofvitamins.com,unknown,supplements,,curated,0,0,not_ecommerce,200,False,0,,,False,,0,0,0
https://catbird.com,catbird.com,unknown,jewelry,,curated,0,0,not_ecommerce,200,False,0,,,False,,0,0,0
https://cheekbonebeauty.com,cheekbonebeauty.com,unknown,beauty,,curated,0,626292,inactive,0,False,0,,,False,,0,0,0
https://chubbies.com,chubbies.com,shopify,fashion,,curated,0,0,active,200,True,5,,2013|all-lined|allproductsnogiftcards|ALLSWIM|collection:all-bottoms|2024|all-lined|allproductsnogiftcards|ALLSWIM|Color Group:Yellow Group,False,,0,100.0,100.0
https://coffeebeandirect.com,coffeebeandirect.com,shopify,coffee,,curated,0,961249,active,200,True,5,Coffee|Coffee|Coffee|Coffee|Coffee,Decaf Flavored Roasted Coffee|Flavored Coffee Roasted Coffee|Limited Release Roasted Coffee|Roasted Coffee|Flavored Coffee Roasted Coffee|Limited Release Roasted Coffee|Regular Flavored Roasted Coffee|Roasted Coffee|Decaf Flavored Roasted Coffee|Flavored Coffee Roasted Coffee,False,,0,20.95,72.95
https://colourpopcosmetics.com,colourpopcosmetics.com,unknown,beauty,,curated,0,0,not_ecommerce,200,False,0,,,False,,0,0,0
https://daelmans.com,daelmans.com,unknown,food,,curated,0,0,not_ecommerce,200,False,0,,,False,,0,0,0
https://developer.woocommerce.com,developer.woocommerce.com,unknown,tech,,curated,0,0,not_ecommerce,404,False,0,,,False,,0,0,0
https://developer.wordpress.org,developer.wordpress.org,unknown,tech,,curated,0,0,not_ecommerce,404,False,0,,,False,,0,0,0
https://dollar-shave-club.com,dollar-shave-club.com,unknown,beauty,,curated,0,0,timeout,0,False,0,,,False,,0,0,0
https://drdennis.com,drdennis.com,unknown,beauty,,curated,0,0,not_ecommerce,0,False,0,,,False,,0,0,0
https://drinkmudwtr.com,drinkmudwtr.com,unknown,beverages,,curated,0,0,connection_error,0,False,0,,,False,,0,0,0
https://end.com,end.com,unknown,fashion,,curated,0,0,timeout,0,False,0,,,False,,0,0,0
https://figs.com,figs.com,unknown,fashion,,curated,0,0,active,0,False,0,,,False,stripe,1,0,0
https://filippo-loreti.com,filippo-loreti.com,unknown,watches,,curated,0,0,connection_error,0,False,0,,,False,,0,0,0
https://flavorsoflight.com,flavorsoflight.com,unknown,food,,curated,0,0,not_ecommerce,200,False,0,,,False,,0,0,0
https://flourist.com,flourist.com,shopify,food,,curated,0,0,active,200,True,5,Produce|Produce|Produce|Produce|Produce,delivery|local|pickup|produce|produce + dairy|all grocery|bakery|delivery|local|migrate,False,,0,4.95,7.95
https://freshheritage.com,freshheritage.com,shopify,beauty,,curated,0,0,active,200,True,5,Double Edge Razor|Beard Oil|bundle|bundle|Beard Oil,african american|beard growth|beard oil|beard vitamin|best beard products|beard growth oil|beard oil|best beard oil|black|black beard,False,,0,9.99,11.99
https://ghosthardware.com,ghosthardware.com,unknown,electronics,,curated,0,0,not_ecommerce,200,False,0,,,False,,0,0,0
https://givemetap.com,givemetap.com,shopify,accessories,,curated,0,0,active,200,True,5,Water Bottles|Insulated Water Bottle|Insulated Water Bottle|Custom Bottle|Custom Bottle,consolidated,False,,0,13.0,30.0
https://grfreedfoods.com,grfreedfoods.com,unknown,food,,curated,0,0,connection_error,0,False,0,,,False,,0,0,0
https://halosleepsack.com,halosleepsack.com,unknown,baby,,curated,0,0,connection_error,0,False,0,,,False,,0,0,0
https://hannafords.com,hannafords.com,opencart,grocery,,curated,0,0,active,404,False,0,,,False,,0,0,0
https://herbivore.com,herbivore.com,unknown,beauty,,curated,0,0,timeout,0,False,0,,,False,,0,0,0
https://hiutdenim.co.uk,hiutdenim.co.uk,shopify,fashion,,curated,0,311278,active,404,False,0,,,True,,1,0,0
https://hylete.com,hylete.com,shopify,fitness,US,curated,0,714367,active,429,True,0,,,True,,3,0,0
https://irun.fr,irun.fr,unknown,sports,,curated,0,0,inactive,403,False,0,,,False,,0,0,0
https://itwist.com,itwist.com,unknown,electronics,,curated,0,0,timeout,0,False,0,,,False,,0,0,0
https://lastobject.com,lastobject.com,shopify,home,,curated,0,324930,active,200,True,5,Bundle|B2C|New|Bundle,for-cs|Bundle & Save|bundle-discount|filter-gallery|filter-option2|for-cs|for-cs|tiered-discount|Beauty|bundle-discount,False,,0,12.0,147.0
https://liviadunne.com,liviadunne.com,unknown,fitness,,curated,0,0,connection_error,0,False,0,,,False,,0,0,0
https://lunchskins.com,lunchskins.com,shopify,home,,curated,0,875470,active,200,True,5,"Compostable, PLA, Ziptop|Recyclable|Compostable|Compostable, PLA, Ziptop|Recyclable",Compostable|Freezer-Safe|Organizer|Ziptop|Compostable|Lunch Sac|Microwave-Safe|Recyclable|Cling Wrap|Compostable,False,,0,6.99,38.0
https://lyftmerch.com,lyftmerch.com,unknown,fashion,,curated,0,0,connection_error,0,False,0,,,False,,0,0,0
https://manchestercity.com,manchestercity.com,unknown,sports,,curated,0,0,not_ecommerce,404,False,0,,,False,,0,0,0
https://maxbone.com,maxbone.com,shopify,pets,,curated,0,0,active,200,True,5,Food,Dog|Eat|food|member|Treats|Wear|Dog|Walk|Wear,False,,0,25.0,75.0
https://meowmeowtweet.com,meowmeowtweet.com,shopify,beauty,,curated,0,450853,active,200,True,5,Candle|Soap - Bar|Soap - Bar|Hair|Hair,gifts: limited edition|primary|body: Scrubs|gifts: limited edition|primary|soap: Body|body: Scrubs|gifts: limited edition|primary|soap: Body,False,,0,12.0,99.0
https://monkandanna.com,monkandanna.com,shopify,kids,,curated,0,0,active,200,True,5,phone pouch|shopper|shopper|backpack|toiletry bag,new|bag|bf 50|bf bag|bf sale|Black Friday|bag|bf 50|bf bag|bf sale,False,,0,8.45,34.95
https://mycomputerworks.com,mycomputerworks.com,unknown,electronics,,curated,0,0,not_ecommerce,404,False,0,,,False,,0,0,0
https://native-cos.com,native-cos.com,unknown,beauty,,curated,0,0,inactive,404,False,0,,,False,,0,0,0
https://olimp-labs.com,olimp-labs.com,unknown,supplements,,curated,0,0,inactive,403,False,0,,,False,,0,0,0
https://olipop.com,olipop.com,unknown,beverages,,curated,0,0,connection_error,0,False,0,,,False,,0,0,0
https://oliverscatering.com,oliverscatering.com,unknown,fashion,,curated,0,0,connection_error,0,False,0,,,False,,0,0,0
https://olliepets.com,olliepets.com,unknown,pets,,curated,0,0,timeout,404,False,0,,,False,,0,0,0
https://omsom.com,omsom.com,unknown,food,,curated,0,506855,not_ecommerce,404,False,0,,,False,,0,0,0
https://oscarprgirl.com,oscarprgirl.com,unknown,fashion,,curated,0,0,connection_error,0,False,0,,,False,,0,0,0
https://ourplace.com,ourplace.com,unknown,kitchen,,curated,0,0,not_ecommerce,441,False,0,,,False,,0,0,0
https://partakefoods.com,partakefoods.com,shopify,food,,curated,0,279653,active,200,True,5,,,False,,0,0,0
https://paul-smith.com,paul-smith.com,unknown,fashion,,curated,0,0,not_ecommerce,200,False,0,,,False,,0,0,0
https://peak-design.com,peak-design.com,unknown,electronics,,curated,0,0,connection_error,0,False,0,,,False,,0,0,0
https://pepe-jeans.com,pepe-jeans.com,unknown,fashion,,curated,0,0,not_ecommerce,200,False,0,,,False,,0,0,0
https://portlandleather.com,portlandleather.com,shopify,accessories,,curated,0,0,active,200,True,5,Shoulder Bag|AP Pouch|Shoulder Bag|AP Backpack|Sling Bag,_imageTrigger=Color|exchange_fee:995|formal|geometrical|google pr|_imageTrigger=Color|airpods|AP|ap_small_goods|Clearance,False,,0,20.0,160.0
https://potgang.co.uk,potgang.co.uk,unknown,garden,,curated,0,0,rate_limited,429,False,0,,,False,,0,0,0
https://primarykids.com,primarykids.com,unknown,kids,,curated,0,0,not_ecommerce,200,False,0,,,False,,0,0,0
https://qualitybicycleproducts.com,qualitybicycleproducts.com,unknown,sports,,curated,0,0,connection_error,0,False,0,,,False,,0,0,0
https://rfrk.com,rfrk.com,unknown,food,,curated,0,0,not_ecommerce,404,False,0,,,False,,1,0,0
https://rue-du-commerce.fr,rue-du-commerce.fr,unknown,electronics,,curated,0,0,connection_error,0,False,0,,,False,,0,0,0
https://saintlaurent.com,saintlaurent.com,unknown,luxury,,curated,0,0,connection_error,0,False,0,,,False,,0,0,0
https://salvatoreferragamo.com,salvatoreferragamo.com,unknown,luxury,,curated,0,0,timeout,0,False,0,,,False,,0,0,0
https://satyaorganics.com,satyaorganics.com,shopify,beauty,US,curated,0,0,active,0,True,0,,,True,,3,0,0
https://sfrench.com,sfrench.com,unknown,fashion,,curated,0,0,timeout,0,False,0,,,False,,0,0,0
https://shop.mercedes-benz.com,shop.mercedes-benz.com,unknown,automotive,,curated,0,0,not_ecommerce,0,False,0,,,False,,0,0,0
https://silkandwillow.com,silkandwillow.com,shopify,home,US,curated,0,876705,active,0,True,0,,,True,,3,0,0
https://snowboard-asylum.com,snowboard-asylum.com,unknown,sports,,curated,0,0,not_ecommerce,0,False,0,,,False,,0,0,0
https://stumptown.com,stumptown.com,unknown,coffee,,curated,0,0,connection_error,0,False,0,,,False,,0,0,0
https://tatlydesigns.com,tatlydesigns.com,unknown,art,,curated,0,0,connection_error,0,False,0,,,False,,0,0,0
https://terrebleu.ca,terrebleu.ca,shopify,home,,curated,0,0,active,200,True,5,,Current_2025,False,,0,2.5,57.0
https://thaimart.in,thaimart.in,unknown,general,,curated,0,0,connection_error,0,False,0,,,False,,0,0,0
https://the-outrage.com,the-outrage.com,magento,fashion,,curated,0,959933,active,404,True,0,,,False,,2,0,0
https://thenimetyou.com,thenimetyou.com,shopify,beauty,,curated,0,850228,active,200,True,5,Swag (2)|Lips|Facial Moisturizer|Skincare Set,YGroup_Golki|YGroup_HDLM|YGroup_RRBC|YGroup_TSBD,False,,0,46.0,84.0
https://tofinosoapcompany.com,tofinosoapcompany.com,shopify,beauty,,curated,0,0,active,200,True,5,"Body Care, Hair Care|Candles|Candles|Candles|Soap Cubes",coconut|hair care|mint|Mist|vanilla|Candles|cedar|nootka|yarrow|Candles,False,,0,32.0,72.0
https://tommyhilfiger.com,tommyhilfiger.com,unknown,fashion,,curated,0,872637,timeout,0,False,0,,,False,,0,0,0
https://transparent-labs.com,transparent-labs.com,unknown,supplements,,curated,0,0,connection_error,0,False,0,,,False,,0,0,0
https://troubadourgoods.com,troubadourgoods.com,unknown,accessories,,curated,0,764254,timeout,0,False,0,,,False,,0,0,0
https://trueblotanicals.com,trueblotanicals.com,unknown,beauty,,curated,0,0,connection_error,0,False,0,,,False,,0,0,0
https://twelve-south.com,twelve-south.com,unknown,electronics,,curated,0,0,connection_error,0,False,0,,,False,,0,0,0
https://uppercasemagazine.com,uppercasemagazine.com,shopify,art,CA,curated,0,443596,active,0,True,0,,,True,,4,0,0
https://vincero.com,vincero.com,unknown,watches,,curated,0,0,connection_error,0,False,0,,,False,,0,0,0
https://vitaly.com,vitaly.com,unknown,jewelry,,curated,0,0,connection_error,0,False,0,,,False,,0,0,0
https://wahlglobal.com,wahlglobal.com,unknown,electronics,,curated,0,0,timeout,0,False,0,,,False,,0,0,0
https://wrcproshop.com,wrcproshop.com,unknown,sports,,curated,0,0,connection_error,0,False,0,,,False,,0,0,0
https://moschino.com,moschino.com,shopify,,,cro_media,100542,38929,active,200,True,5,Women > Accessories > Shoulder bag > Shoulder bag|Girls > Clothing > Knitwear > Crewneck knitwear|Men > Shoes > Boots > Combat boots|Women > Shoes > Mules > Flat mules|Women > Shoes > Sandals > Heel sandals,Accessories|Blank|Collection|Fall Winter|Shoulder bag|Child>Kids (4-8 Years)>Boy|Child>Kids (4-8 Years)>Girl|Child>Kids (4-8 Years)>View all|Child>Teen (10-14 Years)>Teen Boy|Child>Teen (10-14 Years)>Teen Girl,False,,0,239.0,1495.0
https://ecuagenera.com,ecuagenera.com,shopify,,,cro_media,135066,0,active,200,True,5,Orchid|Orchid|Orchid|Orchid|Orchid,Intermediate|New Arrivals|Orchid|Orchids Hybrids|Vandachostylis|New Arrivals|Orchid|Orchidacea|Vanda|Warm,False,,0,15.0,70.0
https://telldus.com,telldus.com,shopify,,SE,cro_media,177159,669542,active,429,True,0,,,True,shopify_payments,5,0,0
https://audioadvice.com,audioadvice.com,shopify,,,cro_media,208502,219667,active,200,True,5,Subwoofers|Subwoofers|Subwoofers|Subwoofers|Surround Speakers,Home Audio|Home Theater|Speakers|Subwoofers|Home Audio|Home Theater|Soundbars|Home Audio|Home Theater|Soundbars,False,,0,328.0,898.0
https://zonealpha.in,zonealpha.in,shopify,,,cro_media,212930,0,active,200,True,5,Drone|Drone|Drone,kwikcart-freebie|Accessories|drone|kwikcart-freebie|Aerial Photography Drone|Combo|Deals|drone|Drones|Advanced Drone Technology,False,,0,2999.0,4799.0
https://tatanutrikorner.com,tatanutrikorner.com,shopify,,,cro_media,217228,0,active,200,True,5,Tea|Masala Spices & Salt > Salt|Cold Coffee|Chilli Turmeric & Coriander|Dals,STOCKYPHI_IN_STOCK|Tea|Tea Coffee & Beverages|top-20|Brand_Tata Salt|h5b_salt_spices_masala|Masala Spices & Salt|Salt|salt-1|Brand_Tata Coffee,False,,0,40.0,289.0
https://enchroma.com,enchroma.com,shopify,,,cro_media,238614,117769,active,200,True,5,SuperX|Outdoor Adult|Outdoor Adult|Outdoor Adult|Outdoor Adult,superx|CBAWARE|father|Non-Sale Outdoor|Outdoor|Outdoor Deutan|CBAWARE|father|Non-Sale Outdoor|Outdoor,False,,0,189.0,189.0
https://schoolofpe.com,schoolofpe.com,shopify,,,cro_media,300490,714492,active,200,True,5,Course|Course|Course|Product|Binder,Live Online|PE|PE Fire Protection|Live Online|PE|PE Control Systems|ECC|Live Online|PE|PE Electrical,False,,0,99.0,2699.0
https://vuoriclothing.de,vuoriclothing.de,unknown,,,cro_media,352787,0,not_ecommerce,404,False,0,,,False,,0,0,0
https://antler.co.uk,antler.co.uk,shopify,,,cro_media,357490,452432,active,200,True,5,Backpack | Large|Tote Bag|Other|Luggage Straps|Luggage Tags,collection:all-bags|collection:all-luggage|collection:backpack|collection:discovery|collection:hand-luggage|collection:essential|collection:laptop-bags|collection:luggage|collection:new-arrivals|collection:travel-essentials,False,,0,14.0,190.0
https://sugarshape.de,sugarshape.de,unknown,,,cro_media,359051,0,rate_limited,429,False,0,,,False,,0,0,0
https://drifthq.com,drifthq.com,shopify,,,cro_media,383990,0,active,200,True,5,Wastegate Accessories|Tools|Tools|Tools|Programmers & Tuners,new-30-days|new-30-days|new-30-days|new-30-days|new-30-days,False,,0,4.56,635.05
https://numerogroup.com,numerogroup.com,shopify,,,cro_media,386160,197275,active,200,True,5,Music|Music|Music|Music|Merchandise,Emo|format:45|format:Digital|format:LP|hardcore|format:Digital|format:LP|New Age|Pre-Order|format:CD,False,,0,10.0,100.0
https://yosekastationery.com,yosekastationery.com,shopify,,,cro_media,418398,931278,active,200,True,5,sticky notes|clip|notebook|notebook|fountain pen,accessories|animal|animals|coming-soon|product|accessories|book clip|coming-soon|kept|product,False,,0,5.0,200.0
https://ehplabs.com,ehplabs.com,shopify,,,cro_media,419359,0,active,200,True,5,Apparel|Bundle|Bundle|Apparel|Apparel,pfs:hidden|All_Products|Bundle|CTAPI|All_Products|Bundle|CTAPI|All_Products|EHP Sports Bra|Master Merch,False,,0,35.0,134.95
https://haverhill.com,haverhill.com,shopify,,,cro_media,453558,754310,active,200,True,5,Necklace|Necklace|Necklace|Necklace|Necklace,3 day processing|499usd_999usd|active_product|after_christmas|after_valentines|3 day processing|499usd_999usd|active_product|after_christmas|after_valentines,False,,0,2490.0,2745.0
https://tkees.com,tkees.com,shopify,,,cro_media,457405,600826,active,200,True,5,Sandals|Sandals|Sandals|Hoodie|Hoodie,1Z1|footwear|regular_price|Sandals|women|1Z1|footwear|regular_price|Sandals|women,False,,0,90.0,100.0
https://mynextbike.co.uk,mynextbike.co.uk,shopify,,,cro_media,466467,0,active,200,True,5,Mountain Bike|Mountain Bike|Electric Bike|Road Bike|Mountain Bike,business|hardtail|RRP_240|Subcategory_Crosscountry|RRP_|Subcategory_Trail|suspension|RRP_1365|hardtail|RRP_,False,,0,285.0,14460.0
https://donnatellaperfumes.com,donnatellaperfumes.com,shopify,,,cro_media,497260,0,active,200,True,5,Women|Women|Men|Women Mini Set|Women,,False,,0,55.0,78.0
https://silverbackgymwear.com,silverbackgymwear.com,shopify,,,cro_media,550890,0,active,200,True,5,SHORTS|T-SHIRT|HOODIE|HOODIE|T-SHIRT,EASTER2026|NEW|EASTER2026|NEW|BF2025|EASTER2026|NEW|RESTOCK_26|EASTER2026|NEW,False,,0,22.0,44.0
https://diegodallapalma.com,diegodallapalma.com,shopify,,,cro_media,559439,935104,active,200,True,5,Make up|Capelli|Capelli|Cura della pelle|Make up,Idee regalo|kit makeup|make up|Mascara|Occhi|capelli|kit capelli|kit virtuale|kit virtuali capelli|lancio 2025,False,,0,23.5,51.9
https://pandaliebe.de,pandaliebe.de,shopify,,,cro_media,588024,0,active,200,True,5,Postkarte|Personalisiertes Formkissen|Tasse|Poster|Poster,Maus Sterne|Mit Text Din Hochkant|Ohne Text Din Hochkant|Postkarte|producttype=Postkarte|25 cm|35 cm|45 cm|55 cm|70 cm,False,,0,2.49,64.99
https://getoutsideshoes.com,getoutsideshoes.com,shopify,,,cro_media,616507,0,active,200,True,5,Pouches|Bags|Messenger|Crossbody Bags|Duffel Bag,10-to-15-off|accessories|baggu|Baggu Spring 25|bags|accessories|backpack|backpacks|bags|black,False,,0,54.99,259.99
https://reflectwindow.com,reflectwindow.com,shopify,,,cro_media,643206,609435,active,200,True,5,Residential Sliding Window Hardware|Sliding Window Hardware|Mirror Hardware|Mirror Hardware|Mirror Hardware,H3871-(4-1/2)|H3871-(4-1/2)-Discontinued|H3872-(6)|H3872-(6)- Discontinued|H3873-(8)|5-4089|CAH-450|Locks and Accessories|Hardware|MHL-125-36,False,,0,63.51,419.08
https://elektor.de,elektor.de,shopify,,,cro_media,646853,256906,active,200,True,5,Boxes Bundels|Books|E-books|Books|E-Books,Arduino|Branded|pfs:show:include_de|pfs:show:include_eu|pfs:show:include_fr|Books|Branded|pfs:show:include_de|pfs:show:include_eu|pfs:show:include_fr,False,,0,29.95,79.95
https://pringlescotland.com,pringlescotland.com,shopify,,,cro_media,675227,401770,active,200,True,5,Polo Shirt|Polo Shirt|Polo Shirt|Polo Shirt|Polo Shirt,Collection_Mens Ss26|Collection_New Arrivals|Collection_Shop Men|Collection_Wovens|comp:100% Cotton|Collection_Mens Ss26|Collection_New Arrivals|Collection_Shop Men|Collection_Wovens|comp:100% Cotton,False,,0,85.0,85.0
https://torani.in,torani.in,shopify,,,cro_media,692624,0,active,200,True,5,Hair Accessories|Anarkali Sets|Saree Sets|Saree Sets|Anarkali Sets,Accessories|ACTIVE|bestsellers|bs22|hair accessories|ACTIVE|cd-women|Client diaries|Client Diary|Torani Tribe,False,,0,15500.0,175500.0
https://ashimafashion.com,ashimafashion.com,shopify,,,cro_media,762452,0,active,200,True,5,Clothing|Clothing|Sarees|SAREE|SAREE,ready-dispatch|preorder|Saree|Silk|Saree|Silk|Embroidered|Saree,False,,0,2200.0,5600.0
https://dealsexpress.pk,dealsexpress.pk,shopify,,PK,cro_media,775975,0,active,429,True,0,,,True,,3,0,0
https://homebakersmart.co.in,homebakersmart.co.in,shopify,,IN,cro_media,790841,0,active,429,True,0,,,True,,3,0,0
https://usasports.co.uk,usasports.co.uk,shopify,,,cro_media,939625,934613,active,200,True,5,Jerseys|Caps|Caps|Caps|Caps,Jersey|Los Angeles Lakers|NBA|Caps|NFL|Washington Commanders|Caps|NFL|Tennessee Titans|Caps,False,,0,35.0,70.0
https://awareness-avenue.com,awareness-avenue.com,shopify,,,cro_media,970371,0,active,200,True,5,Necklaces > Women's Silver > Novelty Collection > Transformable Necklaces > Magnetic Clover Pendants|Jewelry > Women's Silver > Meaningful Collection > Symbol Pendants > Pomegranate Necklaces|Earrings > Women's Silver > Sets > Huggie & Stud Bundles > 3-Piece Earring Sets|Rings > Women's Silver > Engagement Collection > Statement Rings > Radiant Cut|Necklaces > Women's Silver > Gifting Collection > Best Friend Gifts > Link Necklaces,925 sterling silver|anniversary gift|clover necklace|cubic zirconia|gift box included|925 sterling silver|delicate pendant|everyday necklace|gift for her|meaning necklace,False,,0,49.95,1599.95
https://geologie.com,geologie.com,shopify,,US,cro_media,984849,826077,active,0,True,0,,,True,,3,0,0
https://a7canada.com,a7canada.com,shopify,,,cro_media,0,0,active,200,True,5,Rausch Long Legged Singlet|Sticker|Over-Fit Shirt|Hourglass Knee Sleeves|Rausch Men's Singlet,singlet|2025 All Products|Available in Online Store|decal|no returns|sticker|$39.95|2025 All Products|over-fit-shirt|size-mens-2xl,False,,0,4.0,142.0
https://aadvikfoods.com,aadvikfoods.com,shopify,,,cro_media,0,0,active,200,True,5,Milk,CAMEL MILK PRODUCTS|SKINCARE|CAMEL MILK PRODUCTS|SKINCARE|Goat Milk 200ml|Goat Milk Delhi|GOAT MILK PRODUCTS|Donkey Milk Powder|Lac Jennius|SKINCARE,False,,0,99.0,1449.0
https://ador.health,ador.health,shopify,,,cro_media,0,0,active,200,True,5,Khakhra|biscuit|biscuit,diabetes khakhra|diabetes snack|Diet Khakhra|healthy snack|Keto|diabetes snack|healthy snack|Keto|keto biscuit|keto coconut,False,,0,249.0,599.0
https://adozencousins.com,adozencousins.com,shopify,,US,cro_media,0,0,active,429,True,0,,,True,,2,0,0
https://adpoolsandtoys.com,adpoolsandtoys.com,shopify,,,cro_media,0,0,active,200,True,5,Sea Life|Cats and Dogs|Cute and Quirky Plush|Trading Cards|Gift Wrapping,10-25|25-50|jellycat|over-25|sea-life|25-50|cats-and-dogs|jellycat|over-25|toys-for-12-24-month-olds,False,,0,18.0,40.0
https://afterwork-grocery.com,afterwork-grocery.com,shopify,,,cro_media,0,0,active,200,True,5,Plates|Plates|Plates|Portable Cooking Stoves|Portable Cooking Stoves,dishwasher__safe|microwave__safe|nav__tableware|多色選擇|日本製|dishwasher__safe|microwave__safe|nav__tableware|多色選擇|日本製,False,,0,38.0,1811.0
https://ambercrown.com,ambercrown.com,shopify,,,cro_media,0,0,active,200,True,5,,amber-teething-necklace-multicolor|Baby products|dark-green-amber-teething-necklace|Pet Collars|Baby products|promo,False,,0,11.97,33.97
https://amoveablefeast.com,amoveablefeast.com,unknown,,,cro_media,0,0,rate_limited,429,False,0,,,False,,0,0,0
https://artisanthropy.ca,artisanthropy.ca,unknown,,,cro_media,0,0,rate_limited,429,False,0,,,False,,0,0,0
https://artte.org,artte.org,shopify,,,cro_media,0,0,active,200,True,1,Libro,Coleccion Ricardo Miro|Edición Especial Aniversario|Fotografía Artística,False,,0,99.0,99.0
https://aulilifestyle.com,aulilifestyle.com,shopify,,,cro_media,0,0,active,200,True,5,Toner,hide_collection|hide_grid|hide_search|glow|glow boosting,False,,0,499.0,1499.0
https://australian-bodycare.se,australian-bodycare.se,shopify,,,cro_media,0,0,active,200,True,5,Foot care|Face care|Face care|Face care|Face care,Salicylic Acid|bundle|FreeSOSstick|Salicylic Acid|FreeSOSstick|Salicylic Acid|Salicylic Acid|Salicylic Acid,False,,0,119.0,729.0
https://australianwheatgrass.com.au,australianwheatgrass.com.au,unknown,,,cro_media,0,0,rate_limited,429,False,0,,,False,,0,0,0
https://batchd.co.uk,batchd.co.uk,shopify,,GB,cro_media,0,0,active,429,True,0,,,True,,5,0,0
https://bbydesigns.com.au,bbydesigns.com.au,shopify,,,cro_media,0,0,active,200,True,5,,,False,,0,179.0,179.0
https://beefuel.org,beefuel.org,shopify,,US,cro_media,0,0,active,429,True,0,,,True,,3,0,0
https://bellanaillounge.com,bellanaillounge.com,shopify,,,cro_media,0,0,active,200,True,5,Event|Event|Event,Event|Event|DIY|Event|Resin,False,,0,55.0,90.0
https://bigmurphys.com,bigmurphys.com,shopify,,,cro_media,0,0,active,200,True,5,Luxury Leathergoods|Mens Dress|MEN DRESS SAVILE GENERAL|Mens Slippers|Goodyear Welted Patina,_guid_fe7f29dd-c690-4b2a-9447-8da7bac1a68a|_idc_2706|_idcs_2706|_mc_1935|onlycustom|_guid_f1ffc6ea-6035-4a0c-8f4d-5ca96e5416fd|_idc_2706|_idcs_608|_mc_1587|onlycustom,False,,0,369.0,895.0
https://bluenilebotanicals.com,bluenilebotanicals.com,unknown,,,cro_media,0,0,connection_error,0,False,0,,,False,,0,0,0
https://brendageigerdesigns.com,brendageigerdesigns.com,unknown,,,cro_media,0,0,inactive,403,False,0,,,False,,0,0,0
https://brewbitz.com,brewbitz.com,shopify,,,cro_media,0,0,active,200,True,5,,Brand_Muntons|Style_BeerKits|Style_Lager|Brand_Muntons|Style_BeerKits|Style_World Beers|Brand_Muntons|Style_BeerKits|Style_Lager|Style_World Beers,False,,0,13.43,13.43
https://brewy.com.au,brewy.com.au,shopify,,AU,cro_media,0,0,active,0,True,0,,,True,,4,0,0
https://buddhabubblesboba.com,buddhabubblesboba.com,unknown,,,cro_media,0,0,rate_limited,429,False,0,,,False,,0,0,0
https://buyacupuncture.ca,buyacupuncture.ca,shopify,,,cro_media,0,0,active,200,True,5,grouped|grouped|grouped|grouped|grouped,acupuncture-needles-silverstar-silver-handle-with-loop|acupuncture-needles-silverstar-silver-handle-with-loop-s-type-5-needles-with-1-tube|magento-7354|migrated|acupuncture-needles-hwayi-metal-handle-with-loop|acupuncture-needles-hwayi-metal-handle-with-loop-a-type-1-needle-with-1-tube|magento-7355|migrated|acupuncture-needles-pine-metal-handle-no-loop|acupuncture-needles-pine-metal-handle-no-loop-pine-10-type-10-needles-with-1-tube,False,,0,5.0,27.5
https://buyemptycapsules.com.au,buyemptycapsules.com.au,unknown,,,cro_media,0,0,inactive,0,False,0,,,False,,0,0,0
https://ca.goodgoodbrand.com,ca.goodgoodbrand.com,shopify,,CA,cro_media,0,0,active,0,True,0,,,True,shopify_payments,4,0,0
https://camilalamps.com,camilalamps.com,shopify,,,cro_media,0,0,active,200,True,5,"chandelier|Pendant for living room,Pendant for kitchen,Pendant for bathrooms,Pendant for bedrooms,Pendant for foyer,Pendant for stairways,Pendant for dining room|Chandeliers|Lighting",Above3000|All products|Allabove3000|chandelier|Custom Chandelier|$500–$1000|All Products|Bedroom|Dining & Kitchen|Kitchen Island Pendant,False,,0,538.0,7300.0
https://cardiologycoffee.com,cardiologycoffee.com,shopify,,,cro_media,0,0,active,200,True,5,,,False,,0,25.0,126.0
https://casualproclub.com,casualproclub.com,shopify,,,cro_media,0,0,active,200,True,5,hat|jackets,,False,,0,45.0,160.0
https://checkoutmybuns.com,checkoutmybuns.com,shopify,,,cro_media,0,0,active,200,True,4,,vegan|vegan|Vegetarian|vegan,False,,0,15.0,15.0
https://cheribombretro.com,cheribombretro.com,unknown,,,cro_media,0,0,inactive,409,False,0,,,False,,0,0,0
https://cherrish.com,cherrish.com,shopify,,,cro_media,0,0,active,200,True,5,Hats|All Over Prints|Long-sleeve|All Over Prints|Hoodie,Accessories|Hats|Long Sleeves|Men's Clothing|Outdoor|Sportswear|DTF|Long Sleeves|performance|Polyester,False,,0,21.05,69.45
https://chococheeseny.com,chococheeseny.com,unknown,,,cro_media,0,0,rate_limited,429,False,0,,,False,,0,0,0
https://chocogala.com,chocogala.com,shopify,,,cro_media,0,0,active,200,True,5,"Fruits, Bars, & Dips|Signature Bouquet|Accessories & Carriers",,False,,0,12.0,50.0
https://choconchoc.co.uk,choconchoc.co.uk,shopify,,,cro_media,0,0,active,200,True,5,Chocolate|Chocolate|Chocolate,Dinner Party|Food|MDEAST|Shop All|her|him|Shop All|Sports|Sports and Games|easter,False,,0,8.95,48.0
https://citizenshirt.com,citizenshirt.com,shopify,,,cro_media,0,0,active,200,True,5,T-shirt|T-shirt|T-shirt|T-shirt|T-shirt,featured tee|Men's|Men's|Men's|Women's|Women's,False,,0,24.0,24.0
https://classicgoldenpecans.com,classicgoldenpecans.com,shopify,,,cro_media,0,0,active,200,True,5,"Food, Beverages & Tobacco|Food, Beverages & Tobacco",king cake|flavors|best seller|specialty gifts|specialty gifts,False,,0,4.5,100.0
https://coastnewzealand.com,coastnewzealand.com,shopify,,,cro_media,0,0,active,200,True,5,Dog beds,ExCushionAddOn|NZ|acrylic|canvas|clearance cushion|cushion|dyed|clearance luggage|ExCushionAddOn|acrylic,False,,0,126.0,420.0
https://coffeeculture.asia,coffeeculture.asia,unknown,,,cro_media,0,0,inactive,202,False,0,,,False,,0,0,0
https://coins-of-crypto.com,coins-of-crypto.com,shopify,,,cro_media,0,0,active,200,True,2,,Layer 1|Layer 1,False,,0,42.0,67.6
https://comeme.com.mx,comeme.com.mx,shopify,,,cro_media,0,0,active,200,True,5,Arreglos Frutales|Arreglos Frutales|Arreglos Frutales|Ramos|Arreglos Frutales,Perecedero|Perecedero|arreglo|modelo1|Perecedero,False,,0,500.0,1980.0
https://corechamps.ae,corechamps.ae,shopify,,,cro_media,0,0,active,200,True,5,NITRIC OXIDE|PRE-WORKOUT|AGMATINE|AMINO ACID|AMINO ACID,Energy Booster|Enhance Performance|Increase Performance|Muscle Pump|Nitric Oxide|Boost Energy|Energy Booster|Enhance Performance|Increase Performance|Muscle Pump,False,,0,99.0,189.0
https://cortezcoffee.com,cortezcoffee.com,shopify,,,cro_media,0,0,active,200,True,5,Coffee|Retail Beans|Retail Beans,retail-only|Blend|Medium Roast|Medium Roast|retail-only|Single Origin|Blend|retail-only,False,,0,11.0,135.0
https://creamgelateria.com,creamgelateria.com,shopify,,US,cro_media,0,0,active,0,True,0,,,True,,2,0,0
https://creekwoodnaturals.com,creekwoodnaturals.com,shopify,,,cro_media,0,0,active,200,True,5,Pure Oils|Liquids|Cat Toys,soap|Natural Oil|Natural Powder|Natural Oil|cat toys|Household Uses|lavender|soap,False,,0,24.99,59.99
https://crossfit.wildebrands.com,crossfit.wildebrands.com,unknown,,,cro_media,0,0,rate_limited,429,False,0,,,False,,0,0,0
https://cupcakenovelties.com,cupcakenovelties.com,shopify,,,cro_media,0,0,active,200,True,5,,Desserts package|Dubai chocolate|dubai chocolate brownie|Dubai chocolate cake|Dubai chocolate strawberry cups|Biscoff chocolate|Dubai chocolate|Eid al Adha|Eid Cookie Decorating Kit|Eid Cookies,False,,0,15.0,180.0
https://dazzledryaustralia.com.au,dazzledryaustralia.com.au,shopify,,,cro_media,0,0,active,200,True,5,bundle|Gift Cards|Nail care|Nail Polishes|Nail Polishes,easy-bundle|smart-cart-hide-bundle-options|gift-card|giftcard|Nail & Skin Care|mini flight|frost|Pinks & Purples,False,,0,29.9,211.5
https://debutanteclothing.com,debutanteclothing.com,shopify,,,cro_media,0,0,active,200,True,5,Coats|Capelet|Cardigan,coat|Large|leather|new|outerwear|coat|leather|new|outerwear|x-large,False,,0,140.0,188.0
https://dhfishingadventures.com,dhfishingadventures.com,shopify,,,cro_media,0,0,active,200,True,5,mc-hidden-fee,fishing|fishing,False,,0,25.0,4000.0
https://doctorinsole.com,doctorinsole.com,unknown,,,cro_media,0,0,rate_limited,429,False,0,,,False,,0,0,0
https://dontquit.com,dontquit.com,unknown,,US,cro_media,0,0,active,200,True,0,,,False,,4,0,0
https://dozyoats.com,dozyoats.com,shopify,,,cro_media,0,0,active,200,True,5,T-SHIRT|CUT-SEW,Allergen free|Gluten free|Kosher|No Tree Nuts|Soy Free|<1g Added Sugar|Allergen free|Gluten free|Kosher|No added sugar,False,,0,22.99,34.99
https://drinkrevitalyte.com,drinkrevitalyte.com,shopify,,,cro_media,0,0,active,200,True,5,,,False,,0,35.99,35.99
https://drjuiceusa.com,drjuiceusa.com,shopify,,,cro_media,0,0,active,200,True,5,Fishing Scent,,False,,0,8.49,47.0
https://drvanilla.com,drvanilla.com,shopify,,,cro_media,0,0,active,200,True,5,Baking Flavors & Extracts|Baking Flavors & Extracts|Baking Flavors & Extracts,alcohol free vanilla|baking|natural vanilla|extract|oak|extract,False,,0,14.99,209.0
https://easterndistrictny.com,easterndistrictny.com,shopify,,,cro_media,0,0,active,200,True,5,Gift Boxes,,False,,0,3.99,74.99
https://eatpmp.com,eatpmp.com,shopify,,US,cro_media,0,0,active,404,True,0,,,True,,3,0,0
https://eatsaltysweet.com,eatsaltysweet.com,shopify,,,cro_media,0,0,active,200,True,5,Cookies|Cookies|Cookies|Cookies|Cookies,chocolate chip|chocolate chip cookies|cookies|sprinkle cookies|sprinkles|birthday cake cookies|caramel coconut|caramel cookie|caramel crunch|caramel crunch cookies,False,,0,10.0,35.0
https://eberkshire.com,eberkshire.com,shopify,,,cro_media,0,0,active,200,True,5,Hosiery|Shapewear|Shapewear|Hosiery,Faire|Knee Highs|Queen Size|Control Top|Queen Size|Regular Size|Shapewear|Control Top|Queen Size|Regular Size,False,,0,10.0,20.0
https://edibleblooms.co.nz,edibleblooms.co.nz,shopify,,,cro_media,0,0,active,200,True,5,easter|easter|Extras|Extras|Extras,Chocolate Bouquet|Easter|Chocolate Bouquet|Easter|Addon|Addon|Addon,False,,0,10.5,132.5
https://elitedonut.com,elitedonut.com,unknown,,,cro_media,0,0,inactive,404,False,0,,,False,,0,0,0
https://elliesbest.com,elliesbest.com,shopify,,,cro_media,0,0,active,200,True,5,simple|simple|Bundle|simple,beverage|cold brew coffee|cold brew coffee filter|eco friendly|iced tea|nut milk strainer|Strainer,False,,0,11.97,88.95
https://escutcheonbrewing.com,escutcheonbrewing.com,shopify,,,cro_media,0,0,active,200,True,5,,,False,,0,8.0,65.0
https://estickybrand.com,estickybrand.com,shopify,,,cro_media,0,0,active,200,True,5,,,False,,0,25.0,25.0
https://evivenutrition.ca,evivenutrition.ca,unknown,,,cro_media,0,0,rate_limited,429,False,0,,,False,,0,0,0
https://evoolution.ca,evoolution.ca,shopify,,,cro_media,0,0,active,200,True,5,Pantry|Oils,bulk|ws-discount-40|ws-only|ws-stockist|bulk|ws-discount-40|ws-only|ws-stockist|bulk|ws-discount-40,False,,0,8.0,1083.35
https://eyeformarketing.com,eyeformarketing.com,shopify,,GB,cro_media,0,0,active,429,True,0,,,True,,3,0,0
https://fairnatural.de,fairnatural.de,shopify,,,cro_media,0,0,active,200,True,5,Nahrungsergänzungsmittel|Nahrungsergänzungsmittel|Nahrungsergänzungsmittel|Nahrungsergänzungsmittel,aktion|kreatin|muskelaufbau-diat|PDPRabattcode|pulver|aktion|bundles|keinbanner|muskelaufbau-diat|vegan,False,,0,15.99,64.99
https://felizmodern.com,felizmodern.com,shopify,,,cro_media,0,0,active,200,True,5,Hats|Cards|Fiesta|Babies & Kids|Stickers,Accessories|Accessory|bad bunny|gifts|handmade|Birthday|Birthday Card|Card|Retirement|Retirement Card,False,,0,2.25,37.95
https://feniz.nl,feniz.nl,shopify,,,cro_media,0,0,active,200,True,5,Washand|Washand|Ghassoul,Groot|Washand|Klein|Washand|Ghassoul|klei|poeder,False,,0,3.5,19.95
https://fiteats.com,fiteats.com,shopify,,,cro_media,0,0,active,200,True,5,Bundle,Freezable|Gluten-Free|Dairy on the Side|Freezable|Gluten-Free|Gluten-Free|Vegetarian|Freezable|Gluten-Free|Keto,False,,0,12.0,13.0
https://flerbarvape.de,flerbarvape.de,unknown,,,cro_media,0,0,rate_limited,429,False,0,,,False,,0,0,0
https://fodbods.co.uk,fodbods.co.uk,unknown,,,cro_media,0,0,rate_limited,429,False,0,,,False,,0,0,0
https://friendlygrains.com,friendlygrains.com,shopify,,,cro_media,0,0,active,200,True,5,,MCF|Individually Wrapped|MCF|Individually Wrapped|MCF|Individually Wrapped|MCF|Individually Wrapped|MCF,False,,0,29.99,29.99
https://fruitfully.com,fruitfully.com,unknown,,,cro_media,0,0,inactive,0,False,0,,,False,,0,0,0
https://fuel-station.co.uk,fuel-station.co.uk,unknown,,,cro_media,0,0,inactive,0,False,0,,,False,,0,0,0
https://fulfilnutrition.co.uk,fulfilnutrition.co.uk,shopify,,,cro_media,0,0,active,200,True,5,Protein Bar|Protein Bar|Protein Bar|Protein Bar|Protein Bar,ALL|BARS|Buy Now|ALL|BARS|Black Friday|Buy Now|productColor=#840544|ALL|Available 2021,False,,0,29.99,29.99
https://funkyfatfoods.com,funkyfatfoods.com,shopify,,,cro_media,0,0,active,200,True,5,free_gift|free_gift|free_gift,berries|funky fat choc|nuts|variety pack|berries|nuts,False,,0,20.22,48.57
https://funwithdysfunction.com,funwithdysfunction.com,shopify,,,cro_media,0,0,active,200,True,1,Games,board game|dysFUNction|family,False,,0,29.95,29.95
https://gachamachine.com,gachamachine.com,shopify,,,cro_media,0,0,active,200,True,5,Capsule Toys|Capsule Toys|Capsule Toys|Capsule Toys|Capsule Toys,68mm|animal|miniature|new|69mm|animal|miniature|new|68mm|animal,False,,0,7000.0,8400.0
https://gagas.com.au,gagas.com.au,shopify,,,cro_media,0,0,active,200,True,5,,,False,,0,15.0,32.99
https://gallerykhat.com,gallerykhat.com,shopify,,,cro_media,0,0,active,200,True,5,,Best For Gifts|Kuwait Only|MUBAKHER|Mubkhar Accessories|Perfume Sets|Best For Gifts|Kuwait Only|MUBAKHER|Mubkhar Accessories|Perfume Sets,False,,0,7.0,55.0
https://gamamusic.com,gamamusic.com,shopify,,MX,cro_media,0,0,active,429,True,0,,,True,shopify_payments,3,0,0
https://getjing.com,getjing.com,unknown,,,cro_media,0,0,rate_limited,429,False,0,,,False,,0,0,0
https://ghasitaramgifts.com,ghasitaramgifts.com,unknown,,,cro_media,0,0,rate_limited,429,False,0,,,False,,0,0,0
https://giftcards.unclemikesbakeshoppe.com,giftcards.unclemikesbakeshoppe.com,shopify,,,cro_media,0,0,active,200,True,1,,,False,,0,10.0,100.0
https://gifts.wuollet.com,gifts.wuollet.com,shopify,,,cro_media,0,0,active,200,True,5,1|1|1|1|1,All Products|Cupcakes|Easter|All Products|Easter|All Products|Easter|Valentines Day,False,,0,3.35,13.0
https://gillipepperjewellery.com.au,gillipepperjewellery.com.au,shopify,,,cro_media,0,0,active,200,True,5,,Anatomical|anatomical hearts|signet ring|silver rings|sterling silver|drop earrings|earrings|silver earrings|sterling silver|Swing,False,,0,280.0,2250.0
https://glorygarden.org,glorygarden.org,shopify,,,cro_media,0,0,active,200,True,5,Meat|Meat|Natural Remedies & Tea|Eggs|Lamb,Meat|Chicken|Meat|Turkey|Pantry|Eggs|Lamb,False,,0,5.0,19.0
https://glutalipo.com,glutalipo.com,shopify,,,cro_media,0,0,active,200,True,5,,,False,,0,449.0,540.0
https://glutenfreespecialties.com,glutenfreespecialties.com,shopify,,,cro_media,0,0,active,200,True,5,Three Cheese Dinner Rolls|Paczki Raspberry with Powder Sugar|Paczki Naked Raspberry|Chocolate Candy Cane Cupcakes,Filled Donut|Gluten Free|Gluten Free Filled Donut|gluten free paczki|Paczki|Filled Donut|Gluten Free|Gluten Free Filled Donut|gluten free paczki|Paczki,False,,0,0.2,21.0
https://goldhund.de,goldhund.de,shopify,,,cro_media,0,0,active,200,True,5,,dog harness|Führgeschirr|Geschirr|taupe|teddy|dog blanket|Dog towel|dog towel blanket|hundedecke|Hundehandtuch,False,,0,49.0,109.0
https://goruvi.com,goruvi.com,shopify,,,cro_media,0,0,active,200,True,5,,14_pack_starter_kit|28_pack_starter_kit|pick_14_pack|pick_21_pack|pick_28_pack,False,,0,4.0,186.3
https://gourmetboutique.net,gourmetboutique.net,unknown,,,cro_media,0,0,not_ecommerce,200,False,0,,,False,,0,0,0
https://hailnia.com,hailnia.com,shopify,,HK,cro_media,0,0,active,0,True,0,,,True,,4,0,0
https://halaleveryday.com,halaleveryday.com,shopify,,,cro_media,0,0,active,200,True,5,Fragrance Oil|Body Butter|Health & Beauty|Soap,Mica|Mica Pigment,False,,0,1.0,1000.0
https://hamptonsbrine.com,hamptonsbrine.com,unknown,,,cro_media,0,0,inactive,402,False,0,,,False,,0,0,0
https://headwines.com.au,headwines.com.au,shopify,,AU,cro_media,0,0,active,429,True,0,,,True,,3,0,0
https://healthiercomforts.com,healthiercomforts.com,shopify,,,cro_media,0,0,active,200,True,5,Egg Powders|Dairy Powders|Dairy Powders|Dairy Powders,gluten free|shelf stable|gluten free|MCF|Non GMO|shelf stable|butter|gluten free|MCF|Non GMO,False,,0,9.25,52.25
https://healthy-lunch.fr,healthy-lunch.fr,shopify,,,cro_media,0,0,active,200,True,5,,,False,,0,19.9,34.9
https://healthygoodness.com,healthygoodness.com,shopify,,,cro_media,0,0,active,200,True,5,,,False,,0,12.25,12.25
https://healthysnacks.nz,healthysnacks.nz,shopify,,,cro_media,0,0,active,200,True,5,Tea & Infusions|Sauce Bottle|Lunch Boxes & Totes|Lunch Boxes & Totes,Beverage|Chai|chai powder|cosy drinks|drinks|all ages|Kids|lunchbox|montii|montiico,False,,0,13.95,42.95
https://hellawkward.com,hellawkward.com,shopify,,,cro_media,0,0,active,200,True,5,Card Game|card game|Bucket Hat,card game|expansion pack|game|spo-cs-disabled|spo-default|spo-cs-disabled|spo-default|spo-disabled|spo-notify-me-disabled|card game,False,,0,10.0,100.0
https://herbanwellness.net,herbanwellness.net,unknown,,,cro_media,0,0,rate_limited,429,False,0,,,False,,0,0,0
https://hereweflow.com,hereweflow.com,unknown,,,cro_media,0,0,rate_limited,429,False,0,,,False,,0,0,0
https://hickoryfarms.ca,hickoryfarms.ca,unknown,,,cro_media,0,0,rate_limited,429,False,0,,,False,,0,0,0
https://imwellthy.com,imwellthy.com,unknown,,,cro_media,0,0,rate_limited,429,False,0,,,False,,0,0,0
https://irislee.com,irislee.com,unknown,,,cro_media,0,0,rate_limited,429,False,0,,,False,,0,0,0
https://jazib.com.pk,jazib.com.pk,unknown,,,cro_media,0,0,timeout,0,False,0,,,False,,0,0,0
https://jm-boots.com,jm-boots.com,shopify,,US,cro_media,0,0,active,429,True,0,,,True,,3,0,0
https://kadakchai.com.au,kadakchai.com.au,unknown,,,cro_media,0,0,rate_limited,429,False,0,,,False,,0,0,0
https://kellyandjones.com,kellyandjones.com,shopify,,US,cro_media,0,0,active,429,True,0,,,True,,3,0,0
https://kellysflowershoppe.com,kellysflowershoppe.com,unknown,,,cro_media,0,0,rate_limited,429,False,0,,,False,,0,0,0
https://kingproteincookies.com,kingproteincookies.com,unknown,,,cro_media,0,0,rate_limited,429,False,0,,,False,,0,0,0
https://kitandkaboodlesbaskets.com,kitandkaboodlesbaskets.com,unknown,,,cro_media,0,0,timeout,0,False,0,,,False,,0,0,0
https://kizingokids.com,kizingokids.com,unknown,,,cro_media,0,0,rate_limited,429,False,0,,,False,,0,0,0
https://kudzucolumbia.com,kudzucolumbia.com,unknown,,,cro_media,0,0,rate_limited,429,False,0,,,False,,0,0,0
https://kurvesbyjanet.com,kurvesbyjanet.com,shopify,,US,cro_media,0,0,active,429,True,0,,,True,,2,0,0
https://labaskets.com,labaskets.com,unknown,,,cro_media,0,0,rate_limited,429,False,0,,,False,,0,0,0
https://lanmeiyoupin.shop,lanmeiyoupin.shop,unknown,,,cro_media,0,0,rate_limited,429,False,0,,,False,,0,0,0
https://largestheart.org,largestheart.org,unknown,,,cro_media,0,0,rate_limited,429,False,0,,,False,,0,0,0
https://laselvabeachspice.com,laselvabeachspice.com,shopify,,US,cro_media,0,0,active,429,True,0,,,True,,3,0,0
https://leahitsines.com.au,leahitsines.com.au,unknown,,,cro_media,0,0,rate_limited,429,False,0,,,False,,0,0,0
https://leggendashop.com,leggendashop.com,unknown,,,cro_media,0,0,rate_limited,429,False,0,,,False,,0,0,0
https://lemonadeglutenfreebakery.ca,lemonadeglutenfreebakery.ca,unknown,,,cro_media,0,0,rate_limited,429,False,0,,,False,,0,0,0
https://lilahblueboutique.com,lilahblueboutique.com,unknown,,,cro_media,0,0,rate_limited,429,False,0,,,False,,0,0,0
https://lobicreative.co.uk,lobicreative.co.uk,unknown,,,cro_media,0,0,rate_limited,429,False,0,,,False,,0,0,0
https://longgroveconfectionery.com,longgroveconfectionery.com,unknown,,,cro_media,0,0,rate_limited,429,False,0,,,False,,0,0,0
https://lotusbloomingherbs.com,lotusbloomingherbs.com,unknown,,,cro_media,0,0,rate_limited,429,False,0,,,False,,0,0,0
https://loydford.com,loydford.com,unknown,,US,cro_media,0,0,active,429,True,0,,,False,,4,0,0
https://luxsanat.com,luxsanat.com,unknown,,,cro_media,0,0,rate_limited,429,False,0,,,False,,0,0,0
https://lyonsreadycare.com,lyonsreadycare.com,unknown,,,cro_media,0,0,rate_limited,429,False,0,,,False,,0,0,0
https://magicmind.co,magicmind.co,unknown,,,cro_media,0,0,rate_limited,429,False,0,,,False,,0,0,0
https://maisonbrocante.co.uk,maisonbrocante.co.uk,unknown,,,cro_media,0,0,rate_limited,429,False,0,,,False,,0,0,0
https://marispearlco.com,marispearlco.com,unknown,,,cro_media,0,0,rate_limited,429,False,0,,,False,,0,0,0
https://matbakhyspices.com,matbakhyspices.com,shopify,,AE,cro_media,0,0,active,429,True,0,,,True,,4,0,0
https://mdriveformen.com,mdriveformen.com,unknown,,,cro_media,0,0,rate_limited,429,False,0,,,False,,0,0,0
https://mealboosters.com,mealboosters.com,unknown,,,cro_media,0,0,rate_limited,429,False,0,,,False,,0,0,0
https://meethi.in,meethi.in,unknown,,,cro_media,0,0,rate_limited,429,False,0,,,False,,0,0,0
https://meinearbeitsschuhe.com,meinearbeitsschuhe.com,unknown,,,cro_media,0,0,rate_limited,429,False,0,,,False,,0,0,0
https://meltingforest.com,meltingforest.com,unknown,,,cro_media,0,0,rate_limited,429,False,0,,,False,,0,0,0
https://mercadojamaica.com,mercadojamaica.com,unknown,,,cro_media,0,0,rate_limited,429,False,0,,,False,,0,0,0
https://micheselgordo.com,micheselgordo.com,unknown,,,cro_media,0,0,rate_limited,429,False,0,,,False,,0,0,0
https://missionbmx.com,missionbmx.com,shopify,,US,cro_media,0,0,active,429,True,0,,,True,,4,0,0
https://molinoshop.com,molinoshop.com,unknown,,,cro_media,0,0,rate_limited,429,False,0,,,False,,0,0,0
https://momi.baby,momi.baby,unknown,,,cro_media,0,0,rate_limited,429,False,0,,,False,,0,0,0
https://moogoousa.com,moogoousa.com,unknown,,,cro_media,0,0,rate_limited,429,False,0,,,False,,0,0,0
https://mountainjoes.co.uk,mountainjoes.co.uk,unknown,,,cro_media,0,0,rate_limited,429,False,0,,,False,,0,0,0
https://murcuryfirefly.com,murcuryfirefly.com,unknown,,,cro_media,0,0,rate_limited,429,False,0,,,False,,0,0,0
https://mybreadbakery.com,mybreadbakery.com,unknown,,,cro_media,0,0,rate_limited,429,False,0,,,False,,0,0,0
https://mypreciousname.com,mypreciousname.com,unknown,,,cro_media,0,0,rate_limited,429,False,0,,,False,,0,0,0
https://myskin.lv,myskin.lv,unknown,,,cro_media,0,0,rate_limited,429,False,0,,,False,,0,0,0
https://naturalblondemix.com,naturalblondemix.com,unknown,,,cro_media,0,0,rate_limited,429,False,0,,,False,,0,0,0
https://naturesante.ca,naturesante.ca,unknown,,,cro_media,0,0,rate_limited,429,False,0,,,False,,0,0,0
https://naturesbox.in,naturesbox.in,unknown,,,cro_media,0,0,rate_limited,429,False,0,,,False,,0,0,0
https://natureslureshop.com,natureslureshop.com,shopify,,US,cro_media,0,0,active,429,True,0,,,True,,3,0,0
https://ninjaimplants.com,ninjaimplants.com,unknown,,,cro_media,0,0,rate_limited,429,False,0,,,False,,0,0,0
https://nkgart.com,nkgart.com,unknown,,,cro_media,0,0,inactive,403,False,0,,,False,,0,0,0
https://ntkspa.com,ntkspa.com,unknown,,,cro_media,0,0,rate_limited,429,False,0,,,False,,0,0,0
https://numgourmetdesserts.com,numgourmetdesserts.com,shopify,,US,cro_media,0,0,active,200,True,0,,,True,,4,0,0
https://nuthera.ph,nuthera.ph,unknown,,,cro_media,0,0,rate_limited,429,False,0,,,False,,0,0,0
https://nutsola.com,nutsola.com,unknown,,,cro_media,0,0,rate_limited,429,False,0,,,False,,0,0,0
https://oasisgames.cl,oasisgames.cl,unknown,,,cro_media,0,0,rate_limited,429,False,0,,,False,,0,0,0
https://oneilpracticeresources.com,oneilpracticeresources.com,unknown,,,cro_media,0,0,rate_limited,429,False,0,,,False,,0,0,0
https://outrightbar.com,outrightbar.com,shopify,,US,cro_media,0,0,active,429,True,0,,,True,,2,0,0
https://p7bmerch.org,p7bmerch.org,unknown,,,cro_media,0,0,rate_limited,429,False,0,,,False,,0,0,0
https://palermocoffee.com,palermocoffee.com,unknown,,,cro_media,0,0,rate_limited,429,False,0,,,False,,0,0,0
https://pamcakespancakes.com,pamcakespancakes.com,unknown,,,cro_media,0,0,rate_limited,429,False,0,,,False,,0,0,0
https://parisnaturalfoods.com,parisnaturalfoods.com,unknown,,,cro_media,0,0,rate_limited,429,False,0,,,False,,0,0,0
https://patsexoticbeverages.com,patsexoticbeverages.com,unknown,,,cro_media,0,0,rate_limited,429,False,0,,,False,,0,0,0
https://peakhorse.com,peakhorse.com,unknown,,,cro_media,0,0,rate_limited,429,False,0,,,False,,0,0,0
https://petezpop.com,petezpop.com,unknown,,,cro_media,0,0,connection_error,0,False,0,,,False,,0,0,0
https://pieintheskybakery.com,pieintheskybakery.com,unknown,,,cro_media,0,0,inactive,403,False,0,,,False,,0,0,0
https://pimpinpositivity.net,pimpinpositivity.net,shopify,,US,cro_media,0,0,active,429,True,0,,,True,,3,0,0
https://platinumprepmeals.com,platinumprepmeals.com,unknown,,,cro_media,0,0,rate_limited,429,False,0,,,False,,0,0,0
https://poweredbyoxygen.com,poweredbyoxygen.com,unknown,,,cro_media,0,0,rate_limited,429,False,0,,,False,,0,0,0
https://powerkitchen.ca,powerkitchen.ca,shopify,,CA,cro_media,0,0,active,429,False,0,,,True,,1,0,0
https://prepd.com,prepd.com,unknown,,,cro_media,0,0,rate_limited,429,False,0,,,False,,0,0,0
https://prolicious.com,prolicious.com,unknown,,,cro_media,0,0,rate_limited,429,False,0,,,False,,0,0,0
https://proteinsnackshop.com,proteinsnackshop.com,unknown,,,cro_media,0,0,rate_limited,429,False,0,,,False,,0,0,0
https://pulseresearchlab.com,pulseresearchlab.com,unknown,,,cro_media,0,0,rate_limited,429,False,0,,,False,,0,0,0
https://qlaces.com,qlaces.com,unknown,,,cro_media,0,0,rate_limited,429,False,0,,,False,,0,0,0
https://rareopulence.net,rareopulence.net,unknown,,,cro_media,0,0,inactive,0,False,0,,,False,,0,0,0
https://rawsome.com.tr,rawsome.com.tr,unknown,,,cro_media,0,0,timeout,0,False,0,,,False,,0,0,0
https://redplatefoods.com,redplatefoods.com,unknown,,,cro_media,0,0,timeout,0,False,0,,,False,,0,0,0
https://retrospect.co.jp,retrospect.co.jp,unknown,,,cro_media,0,0,timeout,0,False,0,,,False,,0,0,0
https://rise311.com,rise311.com,unknown,,,cro_media,0,0,timeout,0,False,0,,,False,,0,0,0
https://rockinrudys.com,rockinrudys.com,unknown,,,cro_media,0,0,rate_limited,429,False,0,,,False,,0,0,0
https://rootsandleaves.info,rootsandleaves.info,unknown,,,cro_media,0,0,rate_limited,429,False,0,,,False,,0,0,0
https://rostiy.com,rostiy.com,unknown,,,cro_media,0,0,rate_limited,429,False,0,,,False,,0,0,0
https://roxannefashions.com.au,roxannefashions.com.au,unknown,,,cro_media,0,0,rate_limited,429,False,0,,,False,,0,0,0
https://roxx.mx,roxx.mx,unknown,,,cro_media,0,0,rate_limited,429,False,0,,,False,,0,0,0
https://rumseys.co.uk,rumseys.co.uk,unknown,,,cro_media,0,0,rate_limited,429,False,0,,,False,,0,0,0
https://saintmidas.com,saintmidas.com,unknown,,,cro_media,0,0,rate_limited,429,False,0,,,False,,0,0,0
https://saltbyhendrix.com,saltbyhendrix.com,unknown,,,cro_media,0,0,rate_limited,429,False,0,,,False,,0,0,0
https://sansmealbar.com,sansmealbar.com,unknown,,,cro_media,0,0,rate_limited,429,False,0,,,False,,0,0,0
https://sawyersmillinc.com,sawyersmillinc.com,unknown,,,cro_media,0,0,rate_limited,429,False,0,,,False,,0,0,0
https://sensonaturale.com,sensonaturale.com,unknown,,,cro_media,0,0,rate_limited,429,False,0,,,False,,0,0,0
https://sewhappyjane.com,sewhappyjane.com,unknown,,,cro_media,0,0,rate_limited,429,False,0,,,False,,0,0,0
https://shingora.net,shingora.net,unknown,,,cro_media,0,0,rate_limited,429,False,0,,,False,,0,0,0
https://shinisetsuhan.net,shinisetsuhan.net,unknown,,,cro_media,0,0,rate_limited,429,False,0,,,False,,0,0,0
https://shop.breathetogetheryoga.com,shop.breathetogetheryoga.com,shopify,,US,cro_media,0,0,active,429,True,0,,,True,,3,0,0
https://shop.detailmode.com.au,shop.detailmode.com.au,unknown,,,cro_media,0,0,inactive,404,False,0,,,False,,0,0,0
https://shop.drinkgt.com,shop.drinkgt.com,unknown,,,cro_media,0,0,rate_limited,429,False,0,,,False,,0,0,0
https://shop.fatdaddios.com,shop.fatdaddios.com,shopify,,US,cro_media,0,0,active,429,True,0,,,True,,3,0,0
https://shop.herbazest.com,shop.herbazest.com,shopify,,US,cro_media,0,0,active,429,True,0,,,True,shopify_payments,2,0,0
https://shop.jackalopebrew.com,shop.jackalopebrew.com,shopify,,US,cro_media,0,0,active,429,True,0,,,True,,3,0,0
https://shop.jjsmithonline.com,shop.jjsmithonline.com,unknown,,,cro_media,0,0,rate_limited,429,False,0,,,False,,0,0,0
https://shop.mamalehs.com,shop.mamalehs.com,shopify,,US,cro_media,0,0,active,429,True,0,,,True,,3,0,0
https://shop.swp.de,shop.swp.de,shopify,,DE,cro_media,0,0,active,429,False,0,,,True,,1,0,0
https://shop.wblm.com,shop.wblm.com,shopify,,US,cro_media,0,0,active,429,True,0,,,True,,4,0,0
https://shopgwbg.com,shopgwbg.com,unknown,,,cro_media,0,0,rate_limited,429,False,0,,,False,,0,0,0
https://shopvalija.com,shopvalija.com,unknown,,,cro_media,0,0,rate_limited,429,False,0,,,False,,0,0,0
https://simplynorthwest.com,simplynorthwest.com,unknown,,,cro_media,0,0,rate_limited,429,False,0,,,False,,0,0,0
https://simplysheabutters.com,simplysheabutters.com,unknown,,,cro_media,0,0,rate_limited,429,False,0,,,False,,0,0,0
https://sipsnackshop.com,sipsnackshop.com,unknown,,,cro_media,0,0,rate_limited,429,False,0,,,False,,0,0,0
https://smashbeautysupply.com,smashbeautysupply.com,unknown,,,cro_media,0,0,rate_limited,429,False,0,,,False,,0,0,0
https://soyamigo.com,soyamigo.com,unknown,,,cro_media,0,0,rate_limited,429,False,0,,,False,,0,0,0
https://spacepandadelta.com,spacepandadelta.com,unknown,,,cro_media,0,0,rate_limited,429,False,0,,,False,,0,0,0
https://spicentice.com,spicentice.com,unknown,,,cro_media,0,0,rate_limited,429,False,0,,,False,,0,0,0
https://spikeprague.cz,spikeprague.cz,unknown,,,cro_media,0,0,rate_limited,429,False,0,,,False,,0,0,0
https://spotteddogcompany.com,spotteddogcompany.com,unknown,,,cro_media,0,0,rate_limited,429,False,0,,,False,,0,0,0
https://stingsoccerstore.com,stingsoccerstore.com,unknown,,,cro_media,0,0,rate_limited,429,False,0,,,False,,0,0,0
https://store.kice.com,store.kice.com,unknown,,,cro_media,0,0,rate_limited,429,False,0,,,False,,0,0,0
https://stroodles.co.uk,stroodles.co.uk,unknown,,,cro_media,0,0,rate_limited,429,False,0,,,False,,0,0,0
https://succulentbarstore.com,succulentbarstore.com,unknown,,,cro_media,0,0,rate_limited,429,False,0,,,False,,0,0,0
https://sullivanshomedecor.com,sullivanshomedecor.com,unknown,,,cro_media,0,0,rate_limited,429,False,0,,,False,,0,0,0
https://superchillstore.com,superchillstore.com,unknown,,,cro_media,0,0,rate_limited,429,False,0,,,False,,0,0,0
https://superfoodandcompany.com,superfoodandcompany.com,unknown,,,cro_media,0,0,rate_limited,429,False,0,,,False,,0,0,0
https://superiorpecans.com,superiorpecans.com,unknown,,,cro_media,0,0,rate_limited,429,False,0,,,False,,0,0,0
https://sweetbath.co,sweetbath.co,unknown,,,cro_media,0,0,rate_limited,429,False,0,,,False,,0,0,0
https://sweetrepeats2.com,sweetrepeats2.com,unknown,,,cro_media,0,0,rate_limited,429,False,0,,,False,,0,0,0
https://tandy.co,tandy.co,unknown,,,cro_media,0,0,rate_limited,429,False,0,,,False,,0,0,0
https://thaicocousa.com,thaicocousa.com,shopify,,US,cro_media,0,0,active,429,True,0,,,True,,2,0,0
https://thedollarbookswap.com,thedollarbookswap.com,unknown,,,cro_media,0,0,rate_limited,429,False,0,,,False,,0,0,0
https://thefreshfishshop.com,thefreshfishshop.com,unknown,,,cro_media,0,0,rate_limited,429,False,0,,,False,,0,0,0
https://thehappytummyco.com,thehappytummyco.com,unknown,,,cro_media,0,0,rate_limited,429,False,0,,,False,,0,0,0
https://thehealthfactory.in,thehealthfactory.in,unknown,,,cro_media,0,0,rate_limited,429,False,0,,,False,,0,0,0
https://theketoshop.co.uk,theketoshop.co.uk,shopify,,GB,cro_media,0,0,active,429,False,0,,,True,,1,0,0
https://themanlyminimalist.com,themanlyminimalist.com,unknown,,,cro_media,0,0,rate_limited,429,False,0,,,False,,0,0,0
https://thenaturalmama.org,thenaturalmama.org,unknown,,,cro_media,0,0,connection_error,0,False,0,,,False,,0,0,0
https://thesassbar.com,thesassbar.com,shopify,,,cro_media,0,0,active,200,True,5,,,False,,0,499.0,1549.0
https://thespiceway.com,thespiceway.com,unknown,,,cro_media,0,0,rate_limited,429,False,0,,,False,,0,0,0
https://tilzmart.com,tilzmart.com,unknown,,,cro_media,0,0,rate_limited,429,False,0,,,False,,0,0,0
https://totalbodyandcryo.com,totalbodyandcryo.com,unknown,,,cro_media,0,0,rate_limited,429,False,0,,,False,,0,0,0
https://trizie.com,trizie.com,unknown,,,cro_media,0,0,rate_limited,429,False,0,,,False,,0,0,0
https://tropiccolour.com,tropiccolour.com,unknown,,,cro_media,0,0,rate_limited,429,False,0,,,False,,0,0,0
https://truelycereal.com,truelycereal.com,unknown,,,cro_media,0,0,rate_limited,429,False,0,,,False,,0,0,0
https://twosomeproject.com,twosomeproject.com,unknown,,,cro_media,0,0,rate_limited,429,False,0,,,False,,0,0,0
https://unbelievabuns.com,unbelievabuns.com,shopify,,US,cro_media,0,0,active,429,True,0,,,True,shopify_payments,3,0,0
https://unrooteddrinks.com,unrooteddrinks.com,unknown,,,cro_media,0,0,rate_limited,429,False,0,,,False,,0,0,0
https://urthbox.com,urthbox.com,unknown,,,cro_media,0,839144,rate_limited,429,False,0,,,False,,0,0,0
https://us.pranachai.com,us.pranachai.com,shopify,,US,cro_media,0,0,active,429,True,0,,,True,,3,0,0
https://us.thebeautychef.com,us.thebeautychef.com,shopify,,US,cro_media,0,0,active,429,True,0,,,True,,2,0,0
https://uzum.ca,uzum.ca,unknown,,,cro_media,0,0,rate_limited,429,False,0,,,False,,0,0,0
https://valentinobelgium.com,valentinobelgium.com,unknown,,,cro_media,0,0,rate_limited,429,False,0,,,False,,0,0,0
https://wakershappycoffee.com,wakershappycoffee.com,unknown,,,cro_media,0,0,rate_limited,429,False,0,,,False,,0,0,0
https://whiskeyleatherworks.com,whiskeyleatherworks.com,unknown,,,cro_media,0,0,rate_limited,429,False,0,,,False,,0,0,0
https://wholemealcafe.co.nz,wholemealcafe.co.nz,unknown,,,cro_media,0,0,rate_limited,429,False,0,,,False,,0,0,0
https://wholesale.nutricost.com,wholesale.nutricost.com,shopify,,US,cro_media,0,0,active,429,True,0,,,True,,3,0,0
https://wighttea.com,wighttea.com,unknown,,,cro_media,0,0,rate_limited,429,False,0,,,False,,0,0,0
https://wowhydrate.com,wowhydrate.com,unknown,,,cro_media,0,0,rate_limited,429,False,0,,,False,,0,0,0
https://xprsnutra.com,xprsnutra.com,shopify,,US,cro_media,0,0,active,429,True,0,,,True,,3,0,0
https://steamserver.net,steamserver.net,unknown,,,tranco_ecom,140,0,connection_error,0,False,0,,,False,,0,0,0
https://shopifysvc.com,shopifysvc.com,unknown,,,tranco_ecom,400,0,connection_error,0,False,0,,,False,,0,0,0
https://gamepass.com,gamepass.com,unknown,,,tranco_ecom,449,0,not_ecommerce,200,False,0,,,False,,1,0,0
https://shopee.com.br,shopee.com.br,unknown,,,tranco_ecom,568,15692,not_ecommerce,200,False,0,,,False,,1,0,0
https://teads.tv,teads.tv,unknown,,,tranco_ecom,775,31994,not_ecommerce,200,False,0,,,False,,0,0,0
https://shopeemobile.com,shopeemobile.com,unknown,,,tranco_ecom,855,0,not_ecommerce,200,False,0,,,False,,0,0,0
https://epicgames.dev,epicgames.dev,unknown,,,tranco_ecom,1029,0,inactive,403,False,0,,,False,,0,0,0
https://cardgames.io,cardgames.io,unknown,,,tranco_ecom,1353,67023,not_ecommerce,404,False,0,,,False,,0,0,0
https://aniwatchtv.to,aniwatchtv.to,unknown,,,tranco_ecom,1473,544940,not_ecommerce,404,False,0,,,False,,0,0,0
https://nustargame.com,nustargame.com,unknown,,,tranco_ecom,1622,0,timeout,0,False,0,,,False,,0,0,0
https://igamecj.com,igamecj.com,unknown,,,tranco_ecom,1649,0,timeout,0,False,0,,,False,,0,0,0
https://googll.store,googll.store,unknown,,,tranco_ecom,1658,0,inactive,404,False,0,,,False,,0,0,0
https://shop.app,shop.app,unknown,,,tranco_ecom,1788,12767,inactive,404,False,0,,,False,,0,0,0
https://bitrixphone.com,bitrixphone.com,unknown,,,tranco_ecom,2038,0,connection_error,0,False,0,,,False,,0,0,0
https://customer.io,customer.io,unknown,,,tranco_ecom,2269,33397,not_ecommerce,404,False,0,,,False,,0,0,0
https://vkuseraudio.ru,vkuseraudio.ru,unknown,,,tranco_ecom,2351,0,inactive,0,False,0,,,False,,0,0,0
https://steamcontent.com,steamcontent.com,unknown,,,tranco_ecom,2379,0,connection_error,0,False,0,,,False,,0,0,0
https://vkuseraudio.net,vkuseraudio.net,unknown,,,tranco_ecom,2424,0,inactive,0,False,0,,,False,,0,0,0
https://shopifycloud.com,shopifycloud.com,unknown,,,tranco_ecom,2509,0,not_ecommerce,200,False,0,,,False,,0,0,0
https://tealiumiq.com,tealiumiq.com,unknown,,,tranco_ecom,2843,0,active,404,True,0,,,False,,2,0,0
https://shopee.io,shopee.io,unknown,,,tranco_ecom,2859,0,connection_error,0,False,0,,,False,,0,0,0
https://youngjoygame.com,youngjoygame.com,unknown,,,tranco_ecom,2870,0,connection_error,0,False,0,,,False,,0,0,0
https://stspg-customer.com,stspg-customer.com,unknown,,,tranco_ecom,3049,0,connection_error,0,False,0,,,False,,0,0,0
https://ahagamecenter.com,ahagamecenter.com,unknown,,,tranco_ecom,3180,0,timeout,403,False,0,,,False,,0,0,0
https://weatherbug.net,weatherbug.net,unknown,,,tranco_ecom,3264,0,connection_error,0,False,0,,,False,,0,0,0
https://brandbucket.com,brandbucket.com,unknown,,,tranco_ecom,3315,1139,not_ecommerce,404,False,0,,,False,,0,0,0
https://shopee.vn,shopee.vn,unknown,,,tranco_ecom,3611,9042,not_ecommerce,200,False,0,,,False,,1,0,0
https://brandmetrics.com,brandmetrics.com,unknown,,,tranco_ecom,3747,413550,not_ecommerce,404,False,0,,,False,,0,0,0
https://sportradarserving.com,sportradarserving.com,unknown,,,tranco_ecom,3803,0,inactive,404,False,0,,,False,,0,0,0
https://steaminventoryhelper.com,steaminventoryhelper.com,unknown,,,tranco_ecom,3909,0,not_ecommerce,404,False,0,,,False,,0,0,0
https://flipsnack.com,flipsnack.com,unknown,,,tranco_ecom,4132,1258,not_ecommerce,0,False,0,,,False,,0,0,0
https://escortbabylon.net,escortbabylon.net,unknown,,,tranco_ecom,4186,958629,timeout,0,False,0,,,False,,0,0,0
https://allyononewgames.com,allyononewgames.com,unknown,,,tranco_ecom,4295,0,connection_error,0,False,0,,,False,,0,0,0
https://brand-display.com,brand-display.com,unknown,,,tranco_ecom,4694,0,not_ecommerce,404,False,0,,,False,,0,0,0
https://samsung-gamelauncher.com,samsung-gamelauncher.com,unknown,,,tranco_ecom,4741,0,connection_error,0,False,0,,,False,,0,0,0
https://netshoes.com.br,netshoes.com.br,unknown,,,tranco_ecom,4839,67322,not_ecommerce,404,False,0,,,False,,1,0,0
https://snackvideo.com,snackvideo.com,unknown,,,tranco_ecom,5058,280071,not_ecommerce,404,False,0,,,False,,0,0,0
https://yandex-team.ru,yandex-team.ru,unknown,,,tranco_ecom,5186,0,timeout,0,False,0,,,False,,0,0,0
https://lilithgame.com,lilithgame.com,unknown,,,tranco_ecom,5285,0,timeout,0,False,0,,,False,,0,0,0
https://booth.pm,booth.pm,unknown,,,tranco_ecom,5366,9670,inactive,404,False,0,,,False,,0,0,0
https://minecraftservices.com,minecraftservices.com,unknown,,,tranco_ecom,5396,0,connection_error,0,False,0,,,False,,0,0,0
https://steamdb.info,steamdb.info,unknown,,,tranco_ecom,5542,6519,inactive,403,False,0,,,False,,0,0,0
https://stealth.si,stealth.si,unknown,,,tranco_ecom,5585,0,connection_error,0,False,0,,,False,,0,0,0
https://wikidata.org,wikidata.org,unknown,,,tranco_ecom,5620,2007,inactive,403,False,0,,,False,,0,0,0
https://rebrand.ly,rebrand.ly,unknown,,,tranco_ecom,5677,1889,not_ecommerce,200,False,0,,,False,,1,0,0
https://clientgear.com,clientgear.com,unknown,,,tranco_ecom,5715,0,connection_error,0,False,0,,,False,,0,0,0
https://exitgames.com,exitgames.com,unknown,,,tranco_ecom,5719,0,not_ecommerce,200,False,0,,,False,,0,0,0
https://sportsapi.ru,sportsapi.ru,unknown,,,tranco_ecom,5736,0,not_ecommerce,0,False,0,,,False,,0,0,0
https://audiomack.com,audiomack.com,unknown,,,tranco_ecom,5774,3514,not_ecommerce,200,False,0,,,False,,0,0,0
https://megaphone.fm,megaphone.fm,unknown,,,tranco_ecom,5790,7142,not_ecommerce,404,False,0,,,False,,0,0,0
https://martianinc.co,martianinc.co,unknown,,,tranco_ecom,5803,0,timeout,0,False,0,,,False,,0,0,0
https://evo-games.com,evo-games.com,unknown,,,tranco_ecom,5992,0,timeout,0,False,0,,,False,,0,0,0
https://toyokeizai.net,toyokeizai.net,unknown,,,tranco_ecom,6013,6343,not_ecommerce,404,False,0,,,False,,0,0,0
https://findmykids.org,findmykids.org,unknown,,,tranco_ecom,6428,91850,not_ecommerce,0,False,0,,,False,,0,0,0
https://kidshealth.org,kidshealth.org,unknown,,,tranco_ecom,6452,1828,not_ecommerce,404,False,0,,,False,,0,0,0
https://gameforge.com,gameforge.com,unknown,,,tranco_ecom,6540,9145,not_ecommerce,200,False,0,,,False,,1,0,0
https://pbskids.org,pbskids.org,unknown,,,tranco_ecom,6570,4194,not_ecommerce,404,False,0,,,False,,0,0,0
https://spiceworks.com,spiceworks.com,woocommerce,,,tranco_ecom,6616,3352,active,404,False,0,,,False,,0,0,0
https://brawlstarsgame.com,brawlstarsgame.com,unknown,,,tranco_ecom,6727,0,timeout,0,False,0,,,False,,0,0,0
https://phonefactor.net,phonefactor.net,unknown,,,tranco_ecom,6766,0,timeout,0,False,0,,,False,,0,0,0
https://meetcircle-netgear.co,meetcircle-netgear.co,unknown,,,tranco_ecom,6807,0,connection_error,0,False,0,,,False,,0,0,0
https://procyclingstats.com,procyclingstats.com,unknown,,,tranco_ecom,6938,32616,not_ecommerce,200,False,0,,,False,,0,0,0
https://peakgames.net,peakgames.net,unknown,,,tranco_ecom,6981,0,not_ecommerce,404,False,0,,,False,,0,0,0
https://kidoz.net,kidoz.net,unknown,,,tranco_ecom,7207,242095,not_ecommerce,404,False,0,,,False,,0,0,0
https://audioeye.com,audioeye.com,unknown,,,tranco_ecom,7307,32326,not_ecommerce,404,False,0,,,False,,0,0,0
https://myherbalife.com,myherbalife.com,unknown,,,tranco_ecom,7312,104322,not_ecommerce,200,False,0,,,False,,0,0,0
https://libertatea.ro,libertatea.ro,unknown,,,tranco_ecom,7330,23296,not_ecommerce,503,False,0,,,False,,0,0,0
https://vasdgame.com,vasdgame.com,unknown,,,tranco_ecom,7380,0,connection_error,0,False,0,,,False,,0,0,0
https://crossthegame.com,crossthegame.com,unknown,,,tranco_ecom,7392,0,not_ecommerce,200,False,0,,,False,,0,0,0
https://teams-msedge.net,teams-msedge.net,unknown,,,tranco_ecom,7413,0,connection_error,0,False,0,,,False,,0,0,0
https://mobilegamestats.com,mobilegamestats.com,unknown,,,tranco_ecom,7499,0,connection_error,0,False,0,,,False,,0,0,0
https://sport.ua,sport.ua,unknown,,,tranco_ecom,7528,37073,not_ecommerce,404,False,0,,,False,,0,0,0
https://eurogamer.net,eurogamer.net,unknown,,,tranco_ecom,7603,2433,not_ecommerce,404,False,0,,,False,,0,0,0
https://cellphones.com.vn,cellphones.com.vn,unknown,,,tranco_ecom,7987,60787,not_ecommerce,404,False,0,,,False,,1,0,0
https://makeup.com.ua,makeup.com.ua,unknown,,,tranco_ecom,8190,135784,active,202,True,0,,,False,,2,0,0
https://mywellness.com,mywellness.com,unknown,,,tranco_ecom,8359,343483,not_ecommerce,500,False,0,,,False,,0,0,0
https://digisport.ro,digisport.ro,unknown,,,tranco_ecom,8421,52482,not_ecommerce,404,False,0,,,False,,0,0,0
https://prosport.ro,prosport.ro,unknown,,,tranco_ecom,8525,45319,not_ecommerce,404,False,0,,,False,,0,0,0
https://sport24.gr,sport24.gr,unknown,,,tranco_ecom,8584,62957,not_ecommerce,404,False,0,,,False,,0,0,0
https://sport-fm.gr,sport-fm.gr,unknown,,,tranco_ecom,8630,167653,not_ecommerce,404,False,0,,,False,,0,0,0
https://romsgames.net,romsgames.net,unknown,,,tranco_ecom,8681,296034,not_ecommerce,404,False,0,,,False,,0,0,0
https://supersport.hr,supersport.hr,unknown,,,tranco_ecom,8691,68102,inactive,403,False,0,,,False,,0,0,0
https://sail-personalize.com,sail-personalize.com,unknown,,,tranco_ecom,8709,0,connection_error,0,False,0,,,False,,0,0,0
https://sport.ro,sport.ro,unknown,,,tranco_ecom,8792,66911,not_ecommerce,404,False,0,,,False,,0,0,0
https://ib-game.jp,ib-game.jp,unknown,,,tranco_ecom,8851,0,not_ecommerce,404,False,0,,,False,,0,0,0
https://delishkitchen.tv,delishkitchen.tv,unknown,,,tranco_ecom,8860,157175,not_ecommerce,404,False,0,,,False,,0,0,0
https://maxwinexch365.com,maxwinexch365.com,unknown,,,tranco_ecom,8983,0,not_ecommerce,404,False,0,,,False,,0,0,0
https://steamunlocked.org,steamunlocked.org,unknown,,,tranco_ecom,9065,264551,not_ecommerce,403,False,0,,,False,,0,0,0
https://vidmateapp.com,vidmateapp.com,unknown,,,tranco_ecom,9129,222253,not_ecommerce,200,False,0,,,False,,0,0,0
https://ankergames.net,ankergames.net,unknown,,,tranco_ecom,9180,0,not_ecommerce,404,False,0,,,False,,0,0,0
https://watchhentai.net,watchhentai.net,unknown,,,tranco_ecom,9193,602336,not_ecommerce,404,False,0,,,False,,0,0,0
https://loilonote.app,loilonote.app,unknown,,,tranco_ecom,9232,0,not_ecommerce,0,False,0,,,False,,0,0,0
https://sportfilm800.com,sportfilm800.com,unknown,,,tranco_ecom,9349,0,not_ecommerce,404,False,0,,,False,,0,0,0
https://playsport.cc,playsport.cc,unknown,,,tranco_ecom,9355,590664,not_ecommerce,404,False,0,,,False,,0,0,0
https://gitea.io,gitea.io,unknown,,,tranco_ecom,9395,2010,not_ecommerce,200,False,0,,,False,,0,0,0
https://indianoil.in,indianoil.in,unknown,,,tranco_ecom,9443,397319,timeout,0,False,0,,,False,,0,0,0
https://dropgame.jp,dropgame.jp,unknown,,,tranco_ecom,9515,0,not_ecommerce,404,False,0,,,False,,0,0,0
https://steadfast.com.bd,steadfast.com.bd,unknown,,,tranco_ecom,9630,0,not_ecommerce,404,False,0,,,False,,0,0,0
https://pgsgames.games,pgsgames.games,unknown,,,tranco_ecom,9696,0,not_ecommerce,404,False,0,,,False,,0,0,0
https://gamemania.co.ke,gamemania.co.ke,unknown,,,tranco_ecom,9747,594390,inactive,403,False,0,,,False,,0,0,0
https://watchanimeworld.net,watchanimeworld.net,unknown,,,tranco_ecom,9840,0,not_ecommerce,404,False,0,,,False,,0,0,0
https://starkgames.app,starkgames.app,unknown,,,tranco_ecom,9901,0,connection_error,0,False,0,,,False,,0,0,0
https://ngengesport.cd,ngengesport.cd,unknown,,,tranco_ecom,10091,0,timeout,0,False,0,,,False,,0,0,0
https://roadsteam.net,roadsteam.net,unknown,,,tranco_ecom,10111,0,not_ecommerce,404,False,0,,,False,,0,0,0
https://famikura-store.jp,famikura-store.jp,unknown,,,tranco_ecom,10129,0,not_ecommerce,404,False,0,,,False,,0,0,0
https://kidtoys.site,kidtoys.site,unknown,,,tranco_ecom,10156,0,not_ecommerce,404,False,0,,,False,,0,0,0
https://asclepiuswellness.com,asclepiuswellness.com,unknown,,,tranco_ecom,10254,0,not_ecommerce,404,False,0,,,False,,0,0,0
https://bulbagarden.net,bulbagarden.net,unknown,,,tranco_ecom,10405,9458,inactive,403,False,0,,,False,,0,0,0
https://sucursalelectronica.com,sucursalelectronica.com,unknown,,,tranco_ecom,10591,0,connection_error,0,False,0,,,False,,0,0,0
https://nakheelteam.cc,nakheelteam.cc,unknown,,,tranco_ecom,10730,0,not_ecommerce,404,False,0,,,False,,0,0,0
https://sportal.bg,sportal.bg,unknown,,,tranco_ecom,10773,122323,not_ecommerce,404,False,0,,,False,,0,0,0
https://audacityteam.org,audacityteam.org,unknown,,,tranco_ecom,10910,2629,not_ecommerce,404,False,0,,,False,,0,0,0
https://game-mode.net,game-mode.net,unknown,,,tranco_ecom,11025,0,connection_error,0,False,0,,,False,,0,0,0
https://converteai.net,converteai.net,unknown,,,tranco_ecom,11043,840420,inactive,0,False,0,,,False,,0,0,0
https://healthychildren.org,healthychildren.org,unknown,,,tranco_ecom,11104,2596,not_ecommerce,200,False,0,,,False,,1,0,0
https://administracionelectronica.gob.es,administracionelectronica.gob.es,unknown,,,tranco_ecom,11115,0,not_ecommerce,200,False,0,,,False,,0,0,0
https://writeablog.net,writeablog.net,unknown,,,tranco_ecom,11191,2454,not_ecommerce,200,False,0,,,False,,0,0,0
https://game-sdk.com,game-sdk.com,unknown,,,tranco_ecom,11205,0,connection_error,0,False,0,,,False,,0,0,0
https://traveltowngame.com,traveltowngame.com,unknown,,,tranco_ecom,11231,0,not_ecommerce,403,False,0,,,False,,0,0,0
https://foggymorningmist.com,foggymorningmist.com,unknown,,,tranco_ecom,11267,0,timeout,0,False,0,,,False,,0,0,0
https://saygames.io,saygames.io,unknown,,,tranco_ecom,11271,0,timeout,0,False,0,,,False,,0,0,0
https://slashgear.com,slashgear.com,unknown,,,tranco_ecom,11495,3158,not_ecommerce,200,False,0,,,False,,0,0,0
https://locketcamera.com,locketcamera.com,unknown,,,tranco_ecom,11497,0,not_ecommerce,404,False,0,,,False,,0,0,0
https://livesportmedia.eu,livesportmedia.eu,unknown,,,tranco_ecom,11550,0,not_ecommerce,404,False,0,,,False,,0,0,0
https://nagawinplay.shop,nagawinplay.shop,unknown,,,tranco_ecom,11600,0,inactive,403,False,0,,,False,,0,0,0
https://watchmovierulz.bet,watchmovierulz.bet,unknown,,,tranco_ecom,11604,0,not_ecommerce,200,False,0,,,False,,0,0,0
https://intlgame.com,intlgame.com,unknown,,,tranco_ecom,11656,0,connection_error,0,False,0,,,False,,0,0,0
https://stealthsurf.network,stealthsurf.network,unknown,,,tranco_ecom,11719,0,connection_error,0,False,0,,,False,,0,0,0
https://supergamesky.com,supergamesky.com,unknown,,,tranco_ecom,11850,0,connection_error,0,False,0,,,False,,0,0,0
https://superfastgame.com,superfastgame.com,unknown,,,tranco_ecom,11907,0,connection_error,0,False,0,,,False,,0,0,0
https://shop.pe,shop.pe,unknown,,,tranco_ecom,11950,0,timeout,0,False,0,,,False,,0,0,0
https://bath.ac.uk,bath.ac.uk,unknown,,,tranco_ecom,12255,3310,not_ecommerce,404,False,0,,,False,,1,0,0
https://korasport.tv,korasport.tv,unknown,,,tranco_ecom,12266,0,not_ecommerce,404,False,0,,,False,,0,0,0
https://winehq.org,winehq.org,unknown,,,tranco_ecom,12318,3134,inactive,403,False,0,,,False,,0,0,0
https://watchmovierulz.pink,watchmovierulz.pink,unknown,,,tranco_ecom,12510,0,not_ecommerce,200,False,0,,,False,,0,0,0
https://allyonogamess.com,allyonogamess.com,unknown,,,tranco_ecom,12520,0,timeout,0,False,0,,,False,,0,0,0
https://mstea.ms,mstea.ms,unknown,,,tranco_ecom,12641,0,timeout,0,False,0,,,False,,0,0,0
https://computer.org,computer.org,unknown,,,tranco_ecom,12679,2978,not_ecommerce,200,False,0,,,False,,1,0,0
https://lukoil.com,lukoil.com,unknown,,,tranco_ecom,12721,65657,not_ecommerce,404,False,0,,,False,,0,0,0
https://sgameglobal.com,sgameglobal.com,unknown,,,tranco_ecom,12747,0,connection_error,0,False,0,,,False,,0,0,0
https://epubgame.com,epubgame.com,unknown,,,tranco_ecom,12783,0,not_ecommerce,200,False,0,,,False,,0,0,0
https://netease.im,netease.im,unknown,,,tranco_ecom,12903,469831,not_ecommerce,0,False,0,,,False,,0,0,0
https://brandeis.edu,brandeis.edu,unknown,,,tranco_ecom,13022,4155,not_ecommerce,0,False,0,,,False,,0,0,0
https://walletconnect.org,walletconnect.org,unknown,,,tranco_ecom,13069,487161,not_ecommerce,200,False,0,,,False,,0,0,0
https://appleiphonecell.com,appleiphonecell.com,unknown,,,tranco_ecom,13091,0,not_ecommerce,200,False,0,,,False,,0,0,0
https://oilprice.com,oilprice.com,unknown,,,tranco_ecom,13261,4186,not_ecommerce,404,False,0,,,False,,0,0,0
https://teamspeak.com,teamspeak.com,unknown,,,tranco_ecom,13289,9468,not_ecommerce,404,False,0,,,False,,0,0,0
https://livesport.services,livesport.services,unknown,,,tranco_ecom,13535,0,connection_error,0,False,0,,,False,,0,0,0
https://soundtrackyourbrand.com,soundtrackyourbrand.com,unknown,,,tranco_ecom,13589,307901,not_ecommerce,200,False,0,,,False,,0,0,0
https://viadata.store,viadata.store,unknown,,,tranco_ecom,13642,0,not_ecommerce,404,False,0,,,False,,0,0,0
https://cbssports.cloud,cbssports.cloud,unknown,,,tranco_ecom,13655,0,connection_error,0,False,0,,,False,,0,0,0
https://nutrition.org,nutrition.org,unknown,,,tranco_ecom,13909,3161,not_ecommerce,200,False,0,,,False,,0,0,0
https://mygames.tools,mygames.tools,unknown,,,tranco_ecom,14036,0,connection_error,0,False,0,,,False,,0,0,0
https://gearpatrol.com,gearpatrol.com,unknown,,,tranco_ecom,14117,9765,not_ecommerce,0,False,0,,,False,,0,0,0
https://rezairan.shop,rezairan.shop,unknown,,,tranco_ecom,14265,0,connection_error,0,False,0,,,False,,0,0,0
https://gamer-network.uk,gamer-network.uk,unknown,,,tranco_ecom,14321,0,connection_error,0,False,0,,,False,,0,0,0
https://gearupportal.com,gearupportal.com,unknown,,,tranco_ecom,14392,0,connection_error,0,False,0,,,False,,0,0,0
https://spotim.market,spotim.market,unknown,,,tranco_ecom,14563,0,server_error,404,False,0,,,False,,0,0,0
https://bcbd123.com,bcbd123.com,unknown,,,tranco_ecom,14568,0,timeout,0,False,0,,,False,,0,0,0
https://xiaomiwear.com,xiaomiwear.com,unknown,,,tranco_ecom,14629,0,not_ecommerce,404,False,0,,,False,,0,0,0
https://shopmy.us,shopmy.us,unknown,,,tranco_ecom,14658,34254,not_ecommerce,200,False,0,,,False,,0,0,0
https://cbd.int,cbd.int,unknown,,,tranco_ecom,14693,3575,not_ecommerce,404,False,0,,,False,,0,0,0
https://4gamer.net,4gamer.net,unknown,,,tranco_ecom,14727,11499,timeout,404,False,0,,,False,,0,0,0
https://topgear.com,topgear.com,unknown,,,tranco_ecom,14747,4805,not_ecommerce,404,False,0,,,False,,0,0,0
https://candy.ai,candy.ai,unknown,,,tranco_ecom,14783,73468,not_ecommerce,500,False,0,,,False,,0,0,0
https://steam-chat.com,steam-chat.com,unknown,,,tranco_ecom,14826,0,inactive,0,False,0,,,False,,0,0,0
https://premiumtimesng.com,premiumtimesng.com,unknown,,,tranco_ecom,14919,4105,not_ecommerce,0,False,0,,,False,,1,0,0
https://chocolatey.org,chocolatey.org,unknown,,,tranco_ecom,15060,9173,not_ecommerce,404,False,0,,,False,,0,0,0
https://aki-game.net,aki-game.net,unknown,,,tranco_ecom,15086,0,timeout,0,False,0,,,False,,0,0,0
https://gamesindustry.biz,gamesindustry.biz,unknown,,,tranco_ecom,15152,3783,not_ecommerce,0,False,0,,,False,,1,0,0
https://computerhistory.org,computerhistory.org,unknown,,,tranco_ecom,15154,3597,not_ecommerce,404,False,0,,,False,,1,0,0
https://audioboom.com,audioboom.com,unknown,,,tranco_ecom,15340,4725,not_ecommerce,404,False,0,,,False,,1,0,0
https://brandsly.com,brandsly.com,unknown,,,tranco_ecom,15359,6005,inactive,403,False,0,,,False,,0,0,0
https://sportsmole.co.uk,sportsmole.co.uk,unknown,,,tranco_ecom,15485,16026,not_ecommerce,200,False,0,,,False,,0,0,0
https://excellenth5game.com,excellenth5game.com,unknown,,,tranco_ecom,15534,0,not_ecommerce,404,False,0,,,False,,0,0,0
https://brandenburg.de,brandenburg.de,unknown,,,tranco_ecom,15914,5954,not_ecommerce,404,False,0,,,False,,0,0,0
https://lodgamer.com,lodgamer.com,unknown,,,tranco_ecom,15919,0,timeout,0,False,0,,,False,,0,0,0
https://vds-shop.com,vds-shop.com,unknown,,,tranco_ecom,16259,0,timeout,0,False,0,,,False,,0,0,0
https://mybrandfolder.com,mybrandfolder.com,unknown,,,tranco_ecom,16304,0,connection_error,0,False,0,,,False,,0,0,0
https://espritgames.ru,espritgames.ru,unknown,,,tranco_ecom,16429,0,not_ecommerce,404,False,0,,,False,,0,0,0
https://jdsports.co.uk,jdsports.co.uk,unknown,,,tranco_ecom,16530,35493,not_ecommerce,404,False,0,,,False,,1,0,0
https://ministrybrands.com,ministrybrands.com,unknown,,,tranco_ecom,16709,190947,not_ecommerce,404,False,0,,,False,,0,0,0
https://soap2day.day,soap2day.day,unknown,,,tranco_ecom,16915,38281,not_ecommerce,0,False,0,,,False,,0,0,0
https://gamersclub.com.br,gamersclub.com.br,unknown,,,tranco_ecom,16928,681565,inactive,403,False,0,,,False,,0,0,0
https://wikidex.net,wikidex.net,unknown,,,tranco_ecom,17007,350608,not_ecommerce,404,False,0,,,False,,1,0,0
https://hitappsgames.com,hitappsgames.com,unknown,,,tranco_ecom,17089,0,not_ecommerce,404,False,0,,,False,,0,0,0
https://truyenwikidich.net,truyenwikidich.net,unknown,,,tranco_ecom,17251,0,not_ecommerce,404,False,0,,,False,,0,0,0
https://weatherbug.com,weatherbug.com,unknown,,,tranco_ecom,17358,16925,not_ecommerce,404,False,0,,,False,,0,0,0
https://feedingamerica.org,feedingamerica.org,unknown,,,tranco_ecom,17411,4855,not_ecommerce,404,False,0,,,False,,0,0,0
https://sportsplus.ph,sportsplus.ph,unknown,,,tranco_ecom,17480,0,inactive,403,False,0,,,False,,0,0,0
https://djatoya.com,djatoya.com,unknown,,,tranco_ecom,17550,0,not_ecommerce,404,False,0,,,False,,1,0,0
https://triptease.io,triptease.io,unknown,,,tranco_ecom,17620,0,not_ecommerce,404,False,0,,,False,,0,0,0
https://teams-dc-msedge.net,teams-dc-msedge.net,unknown,,,tranco_ecom,17678,0,connection_error,0,False,0,,,False,,0,0,0
https://gametech-app.ru,gametech-app.ru,unknown,,,tranco_ecom,17853,0,connection_error,0,False,0,,,False,,0,0,0
https://haydaygame.com,haydaygame.com,unknown,,,tranco_ecom,17920,0,timeout,0,False,0,,,False,,0,0,0
https://gearbox.com,gearbox.com,unknown,,,tranco_ecom,18275,0,timeout,0,False,0,,,False,,0,0,0
https://nemzetisport.hu,nemzetisport.hu,unknown,,,tranco_ecom,18282,54155,not_ecommerce,0,False,0,,,False,,1,0,0
https://gameassists.co.uk,gameassists.co.uk,unknown,,,tranco_ecom,18383,190348,connection_error,0,False,0,,,False,,0,0,0
https://insalesteam.ru,insalesteam.ru,unknown,,,tranco_ecom,18389,0,connection_error,0,False,0,,,False,,0,0,0
https://skystreamgame.com,skystreamgame.com,unknown,,,tranco_ecom,18512,0,connection_error,0,False,0,,,False,,0,0,0
https://langame.ru,langame.ru,unknown,,,tranco_ecom,18570,0,not_ecommerce,404,False,0,,,False,,0,0,0
https://kids360.app,kids360.app,unknown,,,tranco_ecom,18625,0,not_ecommerce,404,False,0,,,False,,0,0,0
https://datasteam.io,datasteam.io,unknown,,,tranco_ecom,18678,0,connection_error,0,False,0,,,False,,0,0,0
https://msgamestudios.com,msgamestudios.com,unknown,,,tranco_ecom,18723,0,timeout,0,False,0,,,False,,0,0,0
https://housebrand.com,housebrand.com,unknown,,,tranco_ecom,18765,193632,not_ecommerce,200,False,0,,,False,,0,0,0
https://shopee.cn,shopee.cn,unknown,,,tranco_ecom,18820,276972,not_ecommerce,200,False,0,,,False,,0,0,0
https://shopifyinc.com,shopifyinc.com,unknown,,,tranco_ecom,18898,0,connection_error,0,False,0,,,False,,0,0,0
https://shoplift.ai,shoplift.ai,unknown,,,tranco_ecom,18976,0,not_ecommerce,404,False,0,,,False,,1,0,0
https://fashion-press.net,fashion-press.net,unknown,,,tranco_ecom,19036,46883,not_ecommerce,404,False,0,,,False,,0,0,0
https://kidoodle.tv,kidoodle.tv,unknown,,,tranco_ecom,19040,592289,not_ecommerce,404,False,0,,,False,,0,0,0
https://uaudio.com,uaudio.com,unknown,,,tranco_ecom,19160,23289,rate_limited,429,False,0,,,False,,0,0,0
https://squadbustersgame.com,squadbustersgame.com,unknown,,,tranco_ecom,19188,0,connection_error,0,False,0,,,False,,0,0,0
https://audiojungle.net,audiojungle.net,unknown,,,tranco_ecom,19257,5772,active,404,True,0,,,False,,2,0,0
https://gobranded.com,gobranded.com,unknown,,,tranco_ecom,19319,193023,not_ecommerce,404,False,0,,,False,,0,0,0
https://pubgameshowtime.com,pubgameshowtime.com,unknown,,,tranco_ecom,19346,0,timeout,0,False,0,,,False,,0,0,0
https://webshopapp.com,webshopapp.com,unknown,,,tranco_ecom,19353,21845,inactive,404,False,0,,,False,,0,0,0
https://childrenshospital.org,childrenshospital.org,unknown,,,tranco_ecom,19383,6332,not_ecommerce,404,False,0,,,False,,0,0,0
https://tolstoycomments.com,tolstoycomments.com,unknown,,,tranco_ecom,19398,0,not_ecommerce,404,False,0,,,False,,0,0,0
https://terabyteshop.com.br,terabyteshop.com.br,unknown,,,tranco_ecom,19417,320354,inactive,403,False,0,,,False,,0,0,0
https://customeriomail.com,customeriomail.com,unknown,,,tranco_ecom,19511,394379,timeout,0,False,0,,,False,,0,0,0
https://innogames.de,innogames.de,unknown,,,tranco_ecom,19570,0,not_ecommerce,200,False,0,,,False,,0,0,0
https://fungames-forfree.com,fungames-forfree.com,unknown,,,tranco_ecom,19656,0,not_ecommerce,200,False,0,,,False,,0,0,0
https://collectivegames.io,collectivegames.io,unknown,,,tranco_ecom,19771,0,not_ecommerce,404,False,0,,,False,,0,0,0
https://superconnecteasy.com,superconnecteasy.com,unknown,,,tranco_ecom,19784,0,connection_error,0,False,0,,,False,,0,0,0
https://redgameservice.com,redgameservice.com,unknown,,,tranco_ecom,19907,0,connection_error,0,False,0,,,False,,0,0,0
https://abiteams.com,abiteams.com,unknown,,,tranco_ecom,19955,0,not_ecommerce,404,False,0,,,False,,0,0,0
https://kidney.org,kidney.org,unknown,,,tranco_ecom,19970,5814,timeout,0,False,0,,,False,,0,0,0
https://watchpeopledie.tv,watchpeopledie.tv,unknown,,,tranco_ecom,19979,929655,inactive,400,False,0,,,False,,0,0,0
https://azgames.io,azgames.io,unknown,,,tranco_ecom,20058,531451,not_ecommerce,200,False,0,,,False,,0,0,0
https://sporthub.bet,sporthub.bet,unknown,,,tranco_ecom,20112,0,timeout,0,False,0,,,False,,0,0,0
https://weavephone.net,weavephone.net,unknown,,,tranco_ecom,20183,0,timeout,0,False,0,,,False,,0,0,0
https://sportpesa.co.tz,sportpesa.co.tz,unknown,,,tranco_ecom,20262,77898,not_ecommerce,404,False,0,,,False,,0,0,0
https://watchporn.to,watchporn.to,unknown,,,tranco_ecom,20321,375766,not_ecommerce,404,False,0,,,False,,0,0,0
https://simplecastaudio.com,simplecastaudio.com,unknown,,,tranco_ecom,20403,808484,connection_error,0,False,0,,,False,,0,0,0
https://pokiigame.com,pokiigame.com,unknown,,,tranco_ecom,20448,0,not_ecommerce,404,False,0,,,False,,0,0,0
https://movies2watch.tv,movies2watch.tv,unknown,,,tranco_ecom,20470,690817,not_ecommerce,404,False,0,,,False,,0,0,0
https://sportsport.ba,sportsport.ba,unknown,,,tranco_ecom,20608,197586,not_ecommerce,404,False,0,,,False,,0,0,0
https://gamekillerapp.com,gamekillerapp.com,unknown,,,tranco_ecom,20694,340564,not_ecommerce,404,False,0,,,False,,0,0,0
https://peppagame.com,peppagame.com,unknown,,,tranco_ecom,20707,0,not_ecommerce,404,False,0,,,False,,0,0,0
https://armorgames.com,armorgames.com,unknown,,,tranco_ecom,20814,8032,not_ecommerce,0,False,0,,,False,,0,0,0
https://watchcomm.net,watchcomm.net,unknown,,,tranco_ecom,20860,910616,inactive,403,False,0,,,False,,0,0,0
https://justpremium.com,justpremium.com,unknown,,,tranco_ecom,21035,306195,not_ecommerce,500,False,0,,,False,,1,0,0
https://savethechildren.org,savethechildren.org,unknown,,,tranco_ecom,21157,5625,not_ecommerce,404,False,0,,,False,,0,0,0
https://usherbrooke.ca,usherbrooke.ca,unknown,,,tranco_ecom,21221,8474,not_ecommerce,404,False,0,,,False,,0,0,0
https://tirangagamee.games,tirangagamee.games,unknown,,,tranco_ecom,21237,0,inactive,403,False,0,,,False,,0,0,0
https://teamsnap.com,teamsnap.com,unknown,,,tranco_ecom,21353,50181,timeout,0,False,0,,,False,,0,0,0
https://vaicore.store,vaicore.store,unknown,,,tranco_ecom,21409,0,connection_error,0,False,0,,,False,,0,0,0
https://poeki.store,poeki.store,unknown,,,tranco_ecom,21410,0,not_ecommerce,200,False,0,,,False,,0,0,0
https://gadgetnews.net,gadgetnews.net,unknown,,,tranco_ecom,21413,344922,not_ecommerce,404,False,0,,,False,,0,0,0
https://traveltowngame.net,traveltowngame.net,unknown,,,tranco_ecom,21576,0,not_ecommerce,0,False,0,,,False,,1,0,0
https://sportdog.gr,sportdog.gr,unknown,,,tranco_ecom,21583,283265,not_ecommerce,200,False,0,,,False,,0,0,0
https://igotgames.net,igotgames.net,unknown,,,tranco_ecom,21601,0,connection_error,0,False,0,,,False,,0,0,0
https://passport.net,passport.net,unknown,,,tranco_ecom,21639,76695,timeout,0,False,0,,,False,,0,0,0
https://coffeemanga.ink,coffeemanga.ink,woocommerce,,,tranco_ecom,21668,0,active,404,False,0,,,False,,1,0,0
https://fb77.shop,fb77.shop,unknown,,,tranco_ecom,21678,0,not_ecommerce,200,False,0,,,False,,0,0,0
https://nice-team.net,nice-team.net,shopify,,,tranco_ecom,21784,0,active,404,True,0,,,False,,2,0,0
https://chrysanthemumgarden.com,chrysanthemumgarden.com,unknown,,,tranco_ecom,21933,0,not_ecommerce,200,False,0,,,False,,0,0,0
https://22onlinegames.com,22onlinegames.com,unknown,,,tranco_ecom,21985,0,not_ecommerce,404,False,0,,,False,,0,0,0
https://wamgame.jp,wamgame.jp,unknown,,,tranco_ecom,21998,0,not_ecommerce,404,False,0,,,False,,0,0,0
https://pggameonline365.com,pggameonline365.com,unknown,,,tranco_ecom,22075,0,connection_error,0,False,0,,,False,,0,0,0
https://yapigames.com,yapigames.com,unknown,,,tranco_ecom,22091,0,not_ecommerce,0,False,0,,,False,,0,0,0
https://sport5.by,sport5.by,unknown,,,tranco_ecom,22159,496821,not_ecommerce,404,False,0,,,False,,0,0,0
https://yfgymuipem.net,yfgymuipem.net,unknown,,,tranco_ecom,22168,0,connection_error,0,False,0,,,False,,0,0,0
https://watch-movies.com.pk,watch-movies.com.pk,unknown,,,tranco_ecom,22220,0,not_ecommerce,404,False,0,,,False,,0,0,0
https://pivigames.blog,pivigames.blog,unknown,,,tranco_ecom,22260,839297,active,404,True,0,,,False,,2,0,0
https://bollywoodmenswear.com,bollywoodmenswear.com,unknown,,,tranco_ecom,22302,0,not_ecommerce,404,False,0,,,False,,0,0,0
https://gamefactory.jp,gamefactory.jp,unknown,,,tranco_ecom,22433,0,not_ecommerce,200,False,0,,,False,,0,0,0
https://shopcar.com.br,shopcar.com.br,unknown,,,tranco_ecom,22441,0,not_ecommerce,404,False,0,,,False,,0,0,0
https://comegamehub.com,comegamehub.com,unknown,,,tranco_ecom,22603,0,connection_error,0,False,0,,,False,,0,0,0
https://shopeepay.com.br,shopeepay.com.br,unknown,,,tranco_ecom,22613,0,not_ecommerce,200,False,0,,,False,,0,0,0
https://adxpremium.services,adxpremium.services,unknown,,,tranco_ecom,22664,0,not_ecommerce,404,False,0,,,False,,0,0,0
https://believesport.com,believesport.com,unknown,,,tranco_ecom,22713,0,timeout,0,False,0,,,False,,0,0,0
https://point-game.jp,point-game.jp,unknown,,,tranco_ecom,22806,0,not_ecommerce,404,False,0,,,False,,0,0,0
https://sermonaudio.com,sermonaudio.com,unknown,,,tranco_ecom,22808,31221,not_ecommerce,404,False,0,,,False,,0,0,0
https://foxsports.com.au,foxsports.com.au,unknown,,,tranco_ecom,22857,10030,timeout,200,False,0,,,False,,0,0,0
https://watchliveformula1.com,watchliveformula1.com,unknown,,,tranco_ecom,22907,0,connection_error,0,False,0,,,False,,0,0,0
https://gharsoaps.shop,gharsoaps.shop,unknown,,,tranco_ecom,22982,0,rate_limited,429,False,0,,,False,,0,0,0
https://sportsbet.bet.ar,sportsbet.bet.ar,unknown,,,tranco_ecom,23067,0,not_ecommerce,200,False,0,,,False,,0,0,0
https://gamesgx.net,gamesgx.net,unknown,,,tranco_ecom,23136,0,not_ecommerce,404,False,0,,,False,,0,0,0
https://hpgamestream.com,hpgamestream.com,unknown,,,tranco_ecom,23152,0,connection_error,0,False,0,,,False,,0,0,0
https://tvhot.store,tvhot.store,unknown,,,tranco_ecom,23261,0,not_ecommerce,200,False,0,,,False,,0,0,0
https://martted.com,martted.com,unknown,,,tranco_ecom,23262,0,not_ecommerce,200,False,0,,,False,,0,0,0
https://musicbd25.site,musicbd25.site,unknown,,,tranco_ecom,23314,0,not_ecommerce,404,False,0,,,False,,0,0,0
https://cyclingnews.com,cyclingnews.com,unknown,,,tranco_ecom,23404,8843,not_ecommerce,404,False,0,,,False,,0,0,0
https://loomgames.com,loomgames.com,unknown,,,tranco_ecom,23416,0,not_ecommerce,200,False,0,,,False,,0,0,0
https://atomicwallet.io,atomicwallet.io,unknown,,,tranco_ecom,23537,41464,not_ecommerce,404,False,0,,,False,,0,0,0
https://bissaugames.net,bissaugames.net,unknown,,,tranco_ecom,23608,0,not_ecommerce,200,False,0,,,False,,0,0,0
https://carewellpharma.in,carewellpharma.in,unknown,,,tranco_ecom,23609,0,not_ecommerce,404,False,0,,,False,,0,0,0
https://legendsgame.ru,legendsgame.ru,unknown,,,tranco_ecom,23630,0,not_ecommerce,404,False,0,,,False,,0,0,0
https://gamegrids.net,gamegrids.net,unknown,,,tranco_ecom,23710,0,connection_error,0,False,0,,,False,,0,0,0
https://snackvideo.in,snackvideo.in,unknown,,,tranco_ecom,23969,0,connection_error,0,False,0,,,False,,0,0,0
https://farkil.shop,farkil.shop,unknown,,,tranco_ecom,23972,0,timeout,0,False,0,,,False,,0,0,0
https://lastwargame.com,lastwargame.com,unknown,,,tranco_ecom,24188,0,connection_error,0,False,0,,,False,,0,0,0
https://muow.store,muow.store,unknown,,,tranco_ecom,24323,0,not_ecommerce,404,False,0,,,False,,0,0,0
https://gameinstaller.ru,gameinstaller.ru,unknown,,,tranco_ecom,24458,0,not_ecommerce,404,False,0,,,False,,0,0,0
https://sociogames.com,sociogames.com,unknown,,,tranco_ecom,24492,0,inactive,404,False,0,,,False,,0,0,0
https://biligame.net,biligame.net,unknown,,,tranco_ecom,24522,0,connection_error,0,False,0,,,False,,0,0,0
https://teapuesto.pe,teapuesto.pe,unknown,,,tranco_ecom,24592,279004,not_ecommerce,0,False,0,,,False,,0,0,0
https://gameflare.io,gameflare.io,unknown,,,tranco_ecom,24771,0,connection_error,0,False,0,,,False,,0,0,0
https://cartefashion.fr,cartefashion.fr,unknown,,,tranco_ecom,24837,0,inactive,404,False,0,,,False,,0,0,0
https://tntsports.co.uk,tntsports.co.uk,unknown,,,tranco_ecom,24856,11419,not_ecommerce,404,False,0,,,False,,0,0,0
https://chaseherbalpasty.com,chaseherbalpasty.com,unknown,,,tranco_ecom,25013,0,not_ecommerce,404,False,0,,,False,,0,0,0
https://shoplive.cloud,shoplive.cloud,unknown,,,tranco_ecom,25015,0,not_ecommerce,404,False,0,,,False,,0,0,0
https://data4game.com,data4game.com,unknown,,,tranco_ecom,25123,0,timeout,0,False,0,,,False,,0,0,0
https://dikidi.net,dikidi.net,unknown,,,tranco_ecom,25127,98845,not_ecommerce,404,False,0,,,False,,0,0,0
https://fakestoreapi.com,fakestoreapi.com,unknown,,,tranco_ecom,25140,0,server_error,523,False,0,,,False,,0,0,0
https://dns-shop.kz,dns-shop.kz,unknown,,,tranco_ecom,25227,345999,inactive,403,False,0,,,False,,0,0,0
https://hotgames.io,hotgames.io,unknown,,,tranco_ecom,25234,374517,not_ecommerce,200,False,0,,,False,,0,0,0
https://sportsyou.com,sportsyou.com,unknown,,,tranco_ecom,25256,0,not_ecommerce,200,False,0,,,False,,0,0,0
https://sportdigi.com,sportdigi.com,unknown,,,tranco_ecom,25284,0,connection_error,0,False,0,,,False,,0,0,0
https://brandcrowd.com,brandcrowd.com,unknown,,,tranco_ecom,25309,17032,not_ecommerce,404,False,0,,,False,,0,0,0
https://onestore.ms,onestore.ms,unknown,,,tranco_ecom,25460,0,connection_error,0,False,0,,,False,,0,0,0
https://gamemasha.com,gamemasha.com,unknown,,,tranco_ecom,25525,0,not_ecommerce,404,False,0,,,False,,0,0,0
https://shopeepay.sg,shopeepay.sg,unknown,,,tranco_ecom,25647,0,not_ecommerce,200,False,0,,,False,,0,0,0
https://toyohara.ru,toyohara.ru,unknown,,,tranco_ecom,25660,0,timeout,0,False,0,,,False,,0,0,0
https://eurosport.ro,eurosport.ro,unknown,,,tranco_ecom,25780,234784,not_ecommerce,404,False,0,,,False,,0,0,0
https://prfm.shop,prfm.shop,unknown,,,tranco_ecom,25799,0,not_ecommerce,404,False,0,,,False,,1,0,0
https://upsstoreprintshop.com,upsstoreprintshop.com,unknown,,,tranco_ecom,25808,0,timeout,404,False,0,,,False,,0,0,0
https://shoptoshop.co.za,shoptoshop.co.za,unknown,,,tranco_ecom,26157,0,not_ecommerce,404,False,0,,,False,,0,0,0
https://audioscrobbler.com,audioscrobbler.com,unknown,,,tranco_ecom,26217,163741,not_ecommerce,200,False,0,,,False,,1,0,0
https://images-iherb.com,images-iherb.com,unknown,,,tranco_ecom,26349,334075,timeout,0,False,0,,,False,,0,0,0
https://planetasport.rs,planetasport.rs,magento,,,tranco_ecom,26367,676377,active,404,True,0,,,False,,2,0,0
https://5xlgame.com,5xlgame.com,unknown,,,tranco_ecom,26377,0,not_ecommerce,0,False,0,,,False,,1,0,0
https://centurygames.net,centurygames.net,unknown,,,tranco_ecom,26394,0,not_ecommerce,404,False,0,,,False,,0,0,0
https://liveshops.com.br,liveshops.com.br,unknown,,,tranco_ecom,26395,0,connection_error,0,False,0,,,False,,0,0,0
https://brandshelter.com,brandshelter.com,unknown,,,tranco_ecom,26406,428034,not_ecommerce,404,False,0,,,False,,0,0,0
https://tetespanas.store,tetespanas.store,unknown,,,tranco_ecom,26540,0,not_ecommerce,404,False,0,,,False,,0,0,0
https://gamespeppa.com,gamespeppa.com,unknown,,,tranco_ecom,26598,0,not_ecommerce,404,False,0,,,False,,0,0,0
https://fishinggamezone.com,fishinggamezone.com,unknown,,,tranco_ecom,26630,0,connection_error,0,False,0,,,False,,0,0,0
https://youtubekids.com,youtubekids.com,unknown,,,tranco_ecom,26711,73111,timeout,0,False,0,,,False,,0,0,0
https://nolimitviral.store,nolimitviral.store,unknown,,,tranco_ecom,26739,0,not_ecommerce,404,False,0,,,False,,0,0,0
https://api-sports.io,api-sports.io,unknown,,,tranco_ecom,27007,890766,not_ecommerce,200,False,0,,,False,,0,0,0
https://chicagobooth.edu,chicagobooth.edu,unknown,,,tranco_ecom,27178,7444,timeout,0,False,0,,,False,,0,0,0
https://lightingport.com,lightingport.com,unknown,,,tranco_ecom,27257,0,not_ecommerce,404,False,0,,,False,,0,0,0
https://teamnl.org,teamnl.org,unknown,,,tranco_ecom,27478,246086,not_ecommerce,404,False,0,,,False,,0,0,0
https://premium.pl,premium.pl,unknown,,,tranco_ecom,27623,763514,not_ecommerce,200,False,0,,,False,,0,0,0
https://nettrck.store,nettrck.store,unknown,,,tranco_ecom,27631,0,connection_error,0,False,0,,,False,,0,0,0
https://jugendherberge.de,jugendherberge.de,unknown,,,tranco_ecom,27675,8183,not_ecommerce,404,False,0,,,False,,0,0,0
https://forzamotorsport.net,forzamotorsport.net,unknown,,,tranco_ecom,27763,29574,not_ecommerce,0,False,0,,,False,,0,0,0
https://echofungames.com,echofungames.com,unknown,,,tranco_ecom,27881,0,not_ecommerce,0,False,0,,,False,,0,0,0
https://beautylisher.com,beautylisher.com,unknown,,,tranco_ecom,27883,0,not_ecommerce,404,False,0,,,False,,0,0,0
https://dwtjoin.store,dwtjoin.store,unknown,,,tranco_ecom,27937,0,not_ecommerce,200,False,0,,,False,,0,0,0
https://bolly4u.gifts,bolly4u.gifts,unknown,,,tranco_ecom,28206,0,not_ecommerce,404,False,0,,,False,,0,0,0
https://5movierulz.bargains,5movierulz.bargains,unknown,,,tranco_ecom,28241,0,not_ecommerce,200,False,0,,,False,,0,0,0
https://sportsballhub.com,sportsballhub.com,unknown,,,tranco_ecom,28248,0,inactive,404,False,0,,,False,,0,0,0
https://bbbgame.net,bbbgame.net,unknown,,,tranco_ecom,28298,0,timeout,0,False,0,,,False,,0,0,0
https://adzgame.com,adzgame.com,unknown,,,tranco_ecom,28487,0,inactive,403,False,0,,,False,,0,0,0
https://m-team.cc,m-team.cc,unknown,,,tranco_ecom,28704,803735,not_ecommerce,404,False,0,,,False,,0,0,0
https://area15fitness.it,area15fitness.it,unknown,,,tranco_ecom,28744,0,timeout,0,False,0,,,False,,0,0,0
https://electionwatchbd.com,electionwatchbd.com,unknown,,,tranco_ecom,28748,0,inactive,402,False,0,,,False,,0,0,0
https://halkasflorist.com,halkasflorist.com,unknown,,,tranco_ecom,28752,0,connection_error,0,False,0,,,False,,0,0,0
https://laroza.shop,laroza.shop,unknown,,,tranco_ecom,28756,0,not_ecommerce,0,False,0,,,False,,0,0,0
https://xoilaczzspz.tv,xoilaczzspz.tv,unknown,,,tranco_ecom,28773,0,inactive,403,False,0,,,False,,0,0,0
https://acefitness.org,acefitness.org,unknown,,,tranco_ecom,28788,7708,not_ecommerce,0,False,0,,,False,,1,0,0
https://vmelectronics.ru,vmelectronics.ru,unknown,,,tranco_ecom,28843,0,timeout,0,False,0,,,False,,0,0,0
https://supercitygame.com,supercitygame.com,unknown,,,tranco_ecom,28883,0,not_ecommerce,0,False,0,,,False,,0,0,0
https://rebrandly.com,rebrandly.com,unknown,,,tranco_ecom,28910,10792,not_ecommerce,404,False,0,,,False,,1,0,0
https://grandgamestech.com,grandgamestech.com,unknown,,,tranco_ecom,29070,0,connection_error,0,False,0,,,False,,0,0,0
https://lighting.com,lighting.com,unknown,,,tranco_ecom,29159,0,not_ecommerce,404,False,0,,,False,,0,0,0
https://facethefuture.store,facethefuture.store,unknown,,,tranco_ecom,29169,0,rate_limited,429,False,0,,,False,,0,0,0
https://savethechildren.net,savethechildren.net,unknown,,,tranco_ecom,29242,8083,not_ecommerce,404,False,0,,,False,,1,0,0
https://audiohook.com,audiohook.com,unknown,,,tranco_ecom,29345,0,not_ecommerce,404,False,0,,,False,,0,0,0
https://bicycling.com,bicycling.com,unknown,,,tranco_ecom,29354,8632,not_ecommerce,404,False,0,,,False,,1,0,0
https://sportnginserver.com,sportnginserver.com,unknown,,,tranco_ecom,29712,0,connection_error,0,False,0,,,False,,0,0,0
https://cloud4rucustomers001.net,cloud4rucustomers001.net,unknown,,,tranco_ecom,29798,0,connection_error,0,False,0,,,False,,0,0,0
https://crazypandagames.com,crazypandagames.com,unknown,,,tranco_ecom,29799,0,not_ecommerce,200,False,0,,,False,,0,0,0
https://cameradb.review,cameradb.review,unknown,,,tranco_ecom,29830,7424,server_error,0,False,0,,,False,,0,0,0
https://shoplineapp.com,shoplineapp.com,unknown,,,tranco_ecom,29926,63606,not_ecommerce,404,False,0,,,False,,0,0,0
https://shopnetic.com,shopnetic.com,unknown,,,tranco_ecom,29934,0,connection_error,0,False,0,,,False,,0,0,0
https://syteapi.com,syteapi.com,unknown,,,tranco_ecom,29996,0,inactive,403,False,0,,,False,,0,0,0
https://retailcrm.tech,retailcrm.tech,unknown,,,tranco_ecom,30007,0,not_ecommerce,200,False,0,,,False,,0,0,0
https://flosports.tv,flosports.tv,unknown,,,tranco_ecom,30011,178763,not_ecommerce,0,False,0,,,False,,0,0,0
https://hatchbaby.com,hatchbaby.com,shopify,,,tranco_ecom,30072,0,active,404,False,0,,,True,,1,0,0
https://pdgame123.com,pdgame123.com,unknown,,,tranco_ecom,30098,0,timeout,0,False,0,,,False,,0,0,0
https://corebrandsdev.net,corebrandsdev.net,unknown,,,tranco_ecom,30131,0,timeout,0,False,0,,,False,,0,0,0
https://51games.info,51games.info,unknown,,,tranco_ecom,30176,0,not_ecommerce,403,False,0,,,False,,0,0,0
https://fungame.cloud,fungame.cloud,unknown,,,tranco_ecom,30286,0,not_ecommerce,441,False,0,,,False,,0,0,0
https://sportsseier.com,sportsseier.com,unknown,,,tranco_ecom,30299,0,not_ecommerce,500,False,0,,,False,,0,0,0
https://buildaprintshop.com,buildaprintshop.com,unknown,,,tranco_ecom,30351,0,active,404,True,0,,,False,,2,0,0
https://rebxgame.com,rebxgame.com,unknown,,,tranco_ecom,30369,0,timeout,0,False,0,,,False,,0,0,0
https://9game.cn,9game.cn,unknown,,,tranco_ecom,30395,18229,not_ecommerce,404,False,0,,,False,,0,0,0
https://retailrocket.net,retailrocket.net,unknown,,,tranco_ecom,30562,414204,not_ecommerce,404,False,0,,,False,,0,0,0
https://fromsoftware-game.net,fromsoftware-game.net,unknown,,,tranco_ecom,30597,0,inactive,404,False,0,,,False,,0,0,0
https://ncsasports.org,ncsasports.org,unknown,,,tranco_ecom,30634,21856,not_ecommerce,404,False,0,,,False,,1,0,0
https://spicejet.com,spicejet.com,unknown,,,tranco_ecom,30690,49183,not_ecommerce,200,False,0,,,False,,0,0,0
https://herbalife.com,herbalife.com,unknown,,,tranco_ecom,30799,12835,not_ecommerce,503,False,0,,,False,,0,0,0
https://neyetwatcher.com,neyetwatcher.com,unknown,,,tranco_ecom,30826,0,connection_error,0,False,0,,,False,,0,0,0
https://myhuaweicloud-custom.com,myhuaweicloud-custom.com,unknown,,,tranco_ecom,30907,0,connection_error,0,False,0,,,False,,0,0,0
https://gamegamb.com,gamegamb.com,unknown,,,tranco_ecom,31004,0,connection_error,0,False,0,,,False,,0,0,0
https://gearspace.com,gearspace.com,unknown,,,tranco_ecom,31019,35195,inactive,403,False,0,,,False,,0,0,0
https://thesports01.com,thesports01.com,unknown,,,tranco_ecom,31081,0,connection_error,0,False,0,,,False,,0,0,0
https://onestorecorp.kr,onestorecorp.kr,unknown,,,tranco_ecom,31161,0,connection_error,0,False,0,,,False,,0,0,0
https://ccsteam.ru,ccsteam.ru,unknown,,,tranco_ecom,31186,0,connection_error,0,False,0,,,False,,0,0,0
https://missingkids.org,missingkids.org,unknown,,,tranco_ecom,31196,9197,not_ecommerce,404,False,0,,,False,,1,0,0
https://tradovateapi.com,tradovateapi.com,unknown,,,tranco_ecom,31292,0,not_ecommerce,404,False,0,,,False,,0,0,0
https://square-enix-games.com,square-enix-games.com,unknown,,,tranco_ecom,31387,11631,not_ecommerce,200,False,0,,,False,,0,0,0
https://watchfeed.tv,watchfeed.tv,unknown,,,tranco_ecom,31454,0,inactive,404,False,0,,,False,,0,0,0
https://esportsgames.club,esportsgames.club,unknown,,,tranco_ecom,31481,7572,inactive,403,False,0,,,False,,0,0,0
https://lenaro.store,lenaro.store,unknown,,,tranco_ecom,31577,0,active,404,True,0,,,False,,3,0,0
https://gamerhit.co,gamerhit.co,unknown,,,tranco_ecom,31646,0,connection_error,0,False,0,,,False,,0,0,0
https://customer-oci.com,customer-oci.com,unknown,,,tranco_ecom,31682,0,connection_error,0,False,0,,,False,,0,0,0
https://topwargame.com,topwargame.com,unknown,,,tranco_ecom,31689,0,timeout,0,False,0,,,False,,0,0,0
https://spicethemes.com,spicethemes.com,unknown,,,tranco_ecom,31766,7721,not_ecommerce,404,False,0,,,False,,0,0,0
https://aaxxgames.com,aaxxgames.com,unknown,,,tranco_ecom,31767,0,not_ecommerce,404,False,0,,,False,,0,0,0
https://childrensplace.com,childrensplace.com,unknown,,,tranco_ecom,31771,26751,inactive,403,False,0,,,False,,0,0,0
https://cameraddns.net,cameraddns.net,unknown,,,tranco_ecom,31904,0,not_ecommerce,0,False,0,,,False,,0,0,0
https://royalgames.casino,royalgames.casino,unknown,,,tranco_ecom,31986,6476,not_ecommerce,404,False,0,,,False,,0,0,0
https://svmaudio.com,svmaudio.com,unknown,,,tranco_ecom,32096,0,connection_error,0,False,0,,,False,,0,0,0
https://houseandgarden.co.uk,houseandgarden.co.uk,unknown,,,tranco_ecom,32105,15686,not_ecommerce,404,False,0,,,False,,0,0,0
https://lsaudio.eu,lsaudio.eu,unknown,,,tranco_ecom,32190,0,timeout,0,False,0,,,False,,0,0,0
https://customer.ne.jp,customer.ne.jp,unknown,,,tranco_ecom,32208,0,connection_error,0,False,0,,,False,,0,0,0
https://digift.ru,digift.ru,unknown,,,tranco_ecom,32210,0,timeout,0,False,0,,,False,,0,0,0
https://rivergame.net,rivergame.net,unknown,,,tranco_ecom,32221,0,timeout,0,False,0,,,False,,0,0,0
https://retailcrm.io,retailcrm.io,unknown,,,tranco_ecom,32239,0,not_ecommerce,200,False,0,,,False,,0,0,0
https://ticketspice.com,ticketspice.com,unknown,,,tranco_ecom,32247,9441,not_ecommerce,404,False,0,,,False,,1,0,0
https://wellnessliving.com,wellnessliving.com,unknown,,,tranco_ecom,32280,38078,not_ecommerce,200,False,0,,,False,,0,0,0
https://gearbest.com,gearbest.com,unknown,,,tranco_ecom,32403,8173,timeout,0,False,0,,,False,,0,0,0
https://raisingchildren.net.au,raisingchildren.net.au,unknown,,,tranco_ecom,32435,9126,inactive,403,False,0,,,False,,0,0,0
https://infiniplay-game.com,infiniplay-game.com,unknown,,,tranco_ecom,32534,0,not_ecommerce,403,False,0,,,False,,0,0,0
https://cyclingweekly.com,cyclingweekly.com,unknown,,,tranco_ecom,32599,15151,not_ecommerce,404,False,0,,,False,,0,0,0
https://audiofanzine.com,audiofanzine.com,unknown,,,tranco_ecom,32651,28305,not_ecommerce,200,False,0,,,False,,0,0,0
https://pokemon-unitepgame.com,pokemon-unitepgame.com,unknown,,,tranco_ecom,32672,0,not_ecommerce,200,False,0,,,False,,0,0,0
https://ponosgames.com,ponosgames.com,unknown,,,tranco_ecom,32696,0,inactive,403,False,0,,,False,,0,0,0
https://mergecakegame.com,mergecakegame.com,unknown,,,tranco_ecom,32975,0,not_ecommerce,404,False,0,,,False,,0,0,0
https://transportenvironment.org,transportenvironment.org,unknown,,,tranco_ecom,32979,8461,not_ecommerce,404,False,0,,,False,,0,0,0
https://myteamspeak.com,myteamspeak.com,unknown,,,tranco_ecom,33007,585685,active,200,False,0,,,False,stripe,0,0,0
https://store-macys.com,store-macys.com,unknown,,,tranco_ecom,33197,0,inactive,404,False,0,,,False,,0,0,0
https://loobygamesonline.com,loobygamesonline.com,unknown,,,tranco_ecom,33206,0,not_ecommerce,441,False,0,,,False,,0,0,0
https://gamemaker.io,gamemaker.io,unknown,,,tranco_ecom,33445,16855,not_ecommerce,404,False,0,,,False,,0,0,0
https://snackly.co,snackly.co,unknown,,,tranco_ecom,33519,0,connection_error,0,False,0,,,False,,0,0,0
https://gamelet.games,gamelet.games,unknown,,,tranco_ecom,33678,0,connection_error,0,False,0,,,False,,0,0,0
https://teamusa.org,teamusa.org,unknown,,,tranco_ecom,33741,8574,connection_error,0,False,0,,,False,,0,0,0
https://softgarden.io,softgarden.io,unknown,,,tranco_ecom,33762,25950,not_ecommerce,404,False,0,,,False,,0,0,0
https://wegame.com.cn,wegame.com.cn,unknown,,,tranco_ecom,34016,47436,not_ecommerce,404,False,0,,,False,,0,0,0
https://openphoneapi.com,openphoneapi.com,unknown,,,tranco_ecom,34104,0,inactive,404,False,0,,,False,,0,0,0
https://greedygame.com,greedygame.com,unknown,,,tranco_ecom,34117,0,not_ecommerce,404,False,0,,,False,,0,0,0
https://brandlock.io,brandlock.io,unknown,,,tranco_ecom,34188,0,not_ecommerce,404,False,0,,,False,,0,0,0
https://shop-cart.app,shop-cart.app,unknown,,,tranco_ecom,34220,0,inactive,404,False,0,,,False,,0,0,0
https://psvgamestudio.com,psvgamestudio.com,unknown,,,tranco_ecom,34267,0,not_ecommerce,200,False,0,,,False,,0,0,0
https://lifesteal-smp.com,lifesteal-smp.com,unknown,,,tranco_ecom,34316,0,not_ecommerce,404,False,0,,,False,,1,0,0
https://peoplefungames.com,peoplefungames.com,unknown,,,tranco_ecom,34326,0,connection_error,0,False,0,,,False,,0,0,0
https://transportnsw.info,transportnsw.info,unknown,,,tranco_ecom,34341,18590,not_ecommerce,404,False,0,,,False,,0,0,0
https://martin-gebhardt.eu,martin-gebhardt.eu,unknown,,,tranco_ecom,34398,0,not_ecommerce,404,False,0,,,False,,0,0,0
https://vcamera.net,vcamera.net,unknown,,,tranco_ecom,34486,0,not_ecommerce,404,False,0,,,False,,0,0,0
https://stanfordchildrens.org,stanfordchildrens.org,unknown,,,tranco_ecom,34510,10565,not_ecommerce,404,False,0,,,False,,0,0,0
https://perfectgame.org,perfectgame.org,unknown,,,tranco_ecom,34589,38549,not_ecommerce,406,False,0,,,False,,0,0,0
https://qualibooth.com,qualibooth.com,bigcommerce,,,tranco_ecom,34614,0,active,0,False,0,,,False,,0,0,0
https://chosenonegames.com,chosenonegames.com,unknown,,,tranco_ecom,34681,0,connection_error,0,False,0,,,False,,0,0,0
https://csroutear.com,csroutear.com,unknown,,,tranco_ecom,34778,0,connection_error,0,False,0,,,False,,0,0,0
https://gwallet.com,gwallet.com,unknown,,,tranco_ecom,34783,0,connection_error,0,False,0,,,False,,0,0,0
https://me2zengame.com,me2zengame.com,unknown,,,tranco_ecom,34871,0,connection_error,0,False,0,,,False,,0,0,0
https://nationwidechildrens.org,nationwidechildrens.org,unknown,,,tranco_ecom,34947,10616,not_ecommerce,404,False,0,,,False,,0,0,0
https://vegetablegame.com,vegetablegame.com,unknown,,,tranco_ecom,34953,0,connection_error,0,False,0,,,False,,0,0,0
https://allianzparqueshop.com.br,allianzparqueshop.com.br,unknown,,,tranco_ecom,35002,0,not_ecommerce,404,False,0,,,False,,1,0,0
https://makeshop.com,makeshop.com,unknown,,,tranco_ecom,35037,0,error,0,False,0,,,False,,0,0,0
https://outbyteapp.com,outbyteapp.com,unknown,,,tranco_ecom,35075,0,not_ecommerce,200,False,0,,,False,,0,0,0
https://adtarget.market,adtarget.market,unknown,,,tranco_ecom,35102,0,not_ecommerce,500,False,0,,,False,,0,0,0
https://shopapps.site,shopapps.site,unknown,,,tranco_ecom,35170,0,timeout,0,False,0,,,False,,0,0,0
https://sportsbet.com.au,sportsbet.com.au,unknown,,,tranco_ecom,35175,34709,inactive,403,False,0,,,False,,0,0,0
https://airwatchportals.com,airwatchportals.com,unknown,,,tranco_ecom,35266,0,connection_error,0,False,0,,,False,,0,0,0
https://pdfcandy.com,pdfcandy.com,unknown,,,tranco_ecom,35307,51967,not_ecommerce,404,False,0,,,False,,1,0,0
https://shoppinggives.com,shoppinggives.com,bigcommerce,,,tranco_ecom,35391,0,active,404,False,0,,,False,,0,0,0
https://gamerantimages.com,gamerantimages.com,unknown,,,tranco_ecom,35435,197103,connection_error,0,False,0,,,False,,0,0,0
https://mmscloudteam.com,mmscloudteam.com,unknown,,,tranco_ecom,35492,0,connection_error,0,False,0,,,False,,0,0,0
https://kefirgames.ru,kefirgames.ru,unknown,,,tranco_ecom,35505,0,server_error,502,False,0,,,False,,0,0,0
https://yarnflowgame.com,yarnflowgame.com,unknown,,,tranco_ecom,35593,0,connection_error,0,False,0,,,False,,0,0,0
https://rockbitegames.com,rockbitegames.com,unknown,,,tranco_ecom,35668,0,not_ecommerce,200,False,0,,,False,,0,0,0
https://gearboxsoftware.com,gearboxsoftware.com,unknown,,,tranco_ecom,35677,34673,inactive,403,False,0,,,False,,0,0,0
https://sports-cube.com,sports-cube.com,unknown,,,tranco_ecom,35887,0,inactive,404,False,0,,,False,,0,0,0
https://hardlightgames.com,hardlightgames.com,unknown,,,tranco_ecom,35916,0,connection_error,0,False,0,,,False,,0,0,0
https://rageagainstthesoap.com,rageagainstthesoap.com,unknown,,,tranco_ecom,35919,0,timeout,0,False,0,,,False,,0,0,0
https://brandfolder.com,brandfolder.com,unknown,,,tranco_ecom,35957,28528,not_ecommerce,200,False,0,,,False,,1,0,0
https://getgalatea.com,getgalatea.com,unknown,,,tranco_ecom,36064,0,not_ecommerce,404,False,0,,,False,,0,0,0
https://bsport.io,bsport.io,unknown,,,tranco_ecom,36204,133419,not_ecommerce,404,False,0,,,False,,0,0,0
https://gg.deals,gg.deals,unknown,,,tranco_ecom,36279,54823,not_ecommerce,404,False,0,,,False,,0,0,0
https://pcapp.store,pcapp.store,unknown,,,tranco_ecom,36327,0,not_ecommerce,404,False,0,,,False,,0,0,0
https://retailsonar.com,retailsonar.com,unknown,,,tranco_ecom,36387,0,not_ecommerce,406,False,0,,,False,,0,0,0
https://funformulagames.com,funformulagames.com,unknown,,,tranco_ecom,36414,0,not_ecommerce,404,False,0,,,False,,0,0,0
https://dotfashion.cn,dotfashion.cn,unknown,,,tranco_ecom,36573,0,connection_error,0,False,0,,,False,,0,0,0
https://affilimateapis.com,affilimateapis.com,unknown,,,tranco_ecom,36645,0,connection_error,0,False,0,,,False,,0,0,0
https://one.store,one.store,bigcommerce,,,tranco_ecom,36711,0,active,404,False,0,,,False,,0,0,0
https://audio.com,audio.com,unknown,,,tranco_ecom,36732,29401,inactive,403,False,0,,,False,,0,0,0
https://bagelgames.com,bagelgames.com,unknown,,,tranco_ecom,36746,0,connection_error,0,False,0,,,False,,0,0,0
https://fondleaegipan.shop,fondleaegipan.shop,unknown,,,tranco_ecom,36828,0,timeout,0,False,0,,,False,,0,0,0
https://electronicintifada.net,electronicintifada.net,unknown,,,tranco_ecom,36861,10846,not_ecommerce,404,False,0,,,False,,0,0,0
https://gameduell.de,gameduell.de,unknown,,,tranco_ecom,36882,533846,not_ecommerce,404,False,0,,,False,,0,0,0
https://amsoil.com,amsoil.com,unknown,,,tranco_ecom,36934,27535,inactive,403,False,0,,,False,,0,0,0
https://hiscoregame.com,hiscoregame.com,unknown,,,tranco_ecom,36967,0,not_ecommerce,404,False,0,,,False,,0,0,0
https://kurogame-service.com,kurogame-service.com,unknown,,,tranco_ecom,36984,0,connection_error,0,False,0,,,False,,0,0,0
https://slideteam.net,slideteam.net,unknown,,,tranco_ecom,37024,52088,not_ecommerce,404,False,0,,,False,,1,0,0
https://dns-shop.sk,dns-shop.sk,unknown,,,tranco_ecom,37123,0,connection_error,0,False,0,,,False,,0,0,0
https://brandalley.co.uk,brandalley.co.uk,magento,,,tranco_ecom,37370,31191,active,404,False,0,,,False,,0,0,0
https://thehelldiversgame.com,thehelldiversgame.com,unknown,,,tranco_ecom,37388,0,connection_error,0,False,0,,,False,,0,0,0
https://acuitybrands.com,acuitybrands.com,unknown,,,tranco_ecom,37392,21749,inactive,0,False,0,,,False,,0,0,0
https://childrenshealthdefense.org,childrenshealthdefense.org,unknown,,,tranco_ecom,37415,10833,inactive,403,False,0,,,False,,0,0,0
https://pdfgear.com,pdfgear.com,unknown,,,tranco_ecom,37433,99083,not_ecommerce,404,False,0,,,False,,0,0,0
https://shopee.cl,shopee.cl,unknown,,,tranco_ecom,37514,785343,active,200,True,0,,,False,,2,0,0
https://gamescombine.com,gamescombine.com,unknown,,,tranco_ecom,37515,0,connection_error,0,False,0,,,False,,0,0,0
https://shopkapesgav.com,shopkapesgav.com,unknown,,,tranco_ecom,37519,0,connection_error,0,False,0,,,False,,0,0,0
https://gun.deals,gun.deals,unknown,,,tranco_ecom,37541,77147,not_ecommerce,404,False,0,,,False,,1,0,0
https://11teamsports.com,11teamsports.com,unknown,,,tranco_ecom,37581,81421,inactive,403,False,0,,,False,,0,0,0
https://1games.io,1games.io,unknown,,,tranco_ecom,37583,150884,not_ecommerce,404,False,0,,,False,,0,0,0
https://brandsmat.com,brandsmat.com,unknown,,,tranco_ecom,37637,0,not_ecommerce,404,False,0,,,False,,0,0,0
https://casinolegaleteam.eu,casinolegaleteam.eu,unknown,,,tranco_ecom,37675,0,server_error,503,False,0,,,False,,0,0,0
https://findmykids.app,findmykids.app,unknown,,,tranco_ecom,37727,0,inactive,0,False,0,,,False,,0,0,0
https://nutritionfacts.org,nutritionfacts.org,unknown,,,tranco_ecom,37756,10660,not_ecommerce,404,False,0,,,False,,0,0,0
https://vgwgames.com,vgwgames.com,unknown,,,tranco_ecom,37806,0,connection_error,0,False,0,,,False,,0,0,0
https://cookappsgames.com,cookappsgames.com,unknown,,,tranco_ecom,37881,0,not_ecommerce,404,False,0,,,False,,1,0,0
https://sevengames.us,sevengames.us,unknown,,,tranco_ecom,37882,0,connection_error,0,False,0,,,False,,0,0,0
https://ardaudiothek.de,ardaudiothek.de,unknown,,,tranco_ecom,37924,13995,not_ecommerce,404,False,0,,,False,,0,0,0
https://igamemedia.com,igamemedia.com,unknown,,,tranco_ecom,37998,0,not_ecommerce,404,False,0,,,False,,0,0,0
https://subwallet.app,subwallet.app,unknown,,,tranco_ecom,38098,593256,not_ecommerce,404,False,0,,,False,,0,0,0
https://sourcewatch.org,sourcewatch.org,unknown,,,tranco_ecom,38102,10477,inactive,403,False,0,,,False,,0,0,0
https://kidpowers.com,kidpowers.com,unknown,,,tranco_ecom,38134,0,inactive,404,False,0,,,False,,0,0,0
https://myshopline.store,myshopline.store,unknown,,,tranco_ecom,38201,0,connection_error,0,False,0,,,False,,0,0,0
https://rebelsport.com.au,rebelsport.com.au,unknown,,,tranco_ecom,38333,78462,active,410,True,0,,,False,paypal,2,0,0
https://passportindex.org,passportindex.org,unknown,,,tranco_ecom,38383,20772,inactive,202,False,0,,,False,,0,0,0
https://po.market,po.market,unknown,,,tranco_ecom,38392,0,connection_error,0,False,0,,,False,,0,0,0
https://meiboot.com,meiboot.com,unknown,,,tranco_ecom,38415,0,timeout,0,False,0,,,False,,0,0,0
https://xunkids.com,xunkids.com,unknown,,,tranco_ecom,38425,0,timeout,404,False,0,,,False,,0,0,0
https://abamawristed.shop,abamawristed.shop,unknown,,,tranco_ecom,38533,0,connection_error,0,False,0,,,False,,0,0,0
https://hamiltonwatch.com,hamiltonwatch.com,magento,,,tranco_ecom,38551,27550,active,404,True,0,,,False,,2,0,0
https://game.co.uk,game.co.uk,unknown,,,tranco_ecom,38749,20588,timeout,0,False,0,,,False,,0,0,0
https://shopify.io,shopify.io,shopify,,,tranco_ecom,38867,0,active,200,False,0,,,True,,1,0,0
https://sportzcast.net,sportzcast.net,unknown,,,tranco_ecom,38937,0,not_ecommerce,200,False,0,,,False,,0,0,0
https://superbaby.tv,superbaby.tv,unknown,,,tranco_ecom,38976,0,not_ecommerce,200,False,0,,,False,,0,0,0
https://realitatea.net,realitatea.net,unknown,,,tranco_ecom,38986,35878,not_ecommerce,404,False,0,,,False,,0,0,0
https://internetbrands.com,internetbrands.com,wix,,,tranco_ecom,39077,231486,active,400,False,0,,,False,,0,0,0
https://texaschildrens.org,texaschildrens.org,unknown,,,tranco_ecom,39118,26091,not_ecommerce,404,False,0,,,False,,0,0,0
https://viceroysebasic.shop,viceroysebasic.shop,unknown,,,tranco_ecom,39129,0,timeout,0,False,0,,,False,,0,0,0
https://jayantwhaling.shop,jayantwhaling.shop,unknown,,,tranco_ecom,39175,0,connection_error,0,False,0,,,False,,0,0,0
https://voila.fr,voila.fr,unknown,,,tranco_ecom,39179,10628,not_ecommerce,404,False,0,,,False,,0,0,0
https://amainhobbies.com,amainhobbies.com,unknown,,,tranco_ecom,39372,73413,active,404,True,0,,,False,,3,0,0
https://teamapp.com,teamapp.com,unknown,,,tranco_ecom,39424,35791,active,404,False,0,,,False,stripe,0,0,0
https://shoplazza.store,shoplazza.store,unknown,,,tranco_ecom,39446,0,connection_error,0,False,0,,,False,,0,0,0
https://bilibiligame.net,bilibiligame.net,unknown,,,tranco_ecom,39471,0,timeout,0,False,0,,,False,,0,0,0
https://toyotaconnectedeurope.io,toyotaconnectedeurope.io,unknown,,,tranco_ecom,39624,0,connection_error,0,False,0,,,False,,0,0,0
https://cincinnatichildrens.org,cincinnatichildrens.org,unknown,,,tranco_ecom,39645,12279,timeout,404,False,0,,,False,,0,0,0
https://profilepassport.jp,profilepassport.jp,unknown,,,tranco_ecom,39684,0,timeout,0,False,0,,,False,,0,0,0
https://audicagame.com,audicagame.com,unknown,,,tranco_ecom,39697,0,not_ecommerce,403,False,0,,,False,,0,0,0
https://patephone.com,patephone.com,unknown,,,tranco_ecom,39698,0,not_ecommerce,404,False,0,,,False,,0,0,0
https://harmanaudio.com,harmanaudio.com,unknown,,,tranco_ecom,39719,198733,inactive,403,False,0,,,False,,0,0,0
https://cambridgecandlecompany.co.uk,cambridgecandlecompany.co.uk,unknown,,,tranco_ecom,39815,0,not_ecommerce,404,False,0,,,False,,1,0,0
https://premiumbeat.com,premiumbeat.com,unknown,,,tranco_ecom,39839,17641,inactive,403,False,0,,,False,,0,0,0
https://babycentre.co.uk,babycentre.co.uk,unknown,,,tranco_ecom,39904,14256,not_ecommerce,404,False,0,,,False,,0,0,0
https://megafiles.store,megafiles.store,unknown,,,tranco_ecom,40006,0,connection_error,0,False,0,,,False,,0,0,0
https://kidswebservices.com,kidswebservices.com,unknown,,,tranco_ecom,40134,0,not_ecommerce,404,False,0,,,False,,0,0,0
https://personalizer.io,personalizer.io,unknown,,,tranco_ecom,40206,0,not_ecommerce,404,False,0,,,False,,1,0,0
https://aki-game2.net,aki-game2.net,unknown,,,tranco_ecom,40387,0,connection_error,0,False,0,,,False,,0,0,0
https://gearjunkie.com,gearjunkie.com,unknown,,,tranco_ecom,40483,15426,not_ecommerce,0,False,0,,,False,,0,0,0
https://judicialwatch.org,judicialwatch.org,unknown,,,tranco_ecom,40604,13314,timeout,0,False,0,,,False,,0,0,0
https://algogear.com,algogear.com,unknown,,,tranco_ecom,40611,0,not_ecommerce,404,False,0,,,False,,0,0,0
https://eurosport.io,eurosport.io,unknown,,,tranco_ecom,40820,0,connection_error,0,False,0,,,False,,0,0,0
https://seattlechildrens.org,seattlechildrens.org,unknown,,,tranco_ecom,40843,13834,not_ecommerce,404,False,0,,,False,,1,0,0
https://byteark.com,byteark.com,unknown,,,tranco_ecom,40850,0,not_ecommerce,404,False,0,,,False,,0,0,0
https://patephone.net,patephone.net,unknown,,,tranco_ecom,41006,0,timeout,0,False,0,,,False,,0,0,0
https://gamedev.net,gamedev.net,unknown,,,tranco_ecom,41128,12127,not_ecommerce,404,False,0,,,False,,0,0,0
https://migustagame.com,migustagame.com,unknown,,,tranco_ecom,41244,0,timeout,0,False,0,,,False,,0,0,0
https://case-battle.store,case-battle.store,unknown,,,tranco_ecom,41275,0,not_ecommerce,404,False,0,,,False,,0,0,0
https://watchmovierulz.band,watchmovierulz.band,unknown,,,tranco_ecom,41350,0,not_ecommerce,200,False,0,,,False,,0,0,0
https://thecambridgecandlecompany.co.uk,thecambridgecandlecompany.co.uk,unknown,,,tranco_ecom,41362,0,not_ecommerce,404,False,0,,,False,,1,0,0
https://spangeddonny.shop,spangeddonny.shop,unknown,,,tranco_ecom,41518,0,connection_error,0,False,0,,,False,,0,0,0
https://cupularstriae.shop,cupularstriae.shop,unknown,,,tranco_ecom,41630,0,inactive,404,False,0,,,False,,0,0,0
https://brandymelville.com,brandymelville.com,unknown,,,tranco_ecom,41688,159253,not_ecommerce,404,False,0,,,False,,0,0,0
https://ppgames.net,ppgames.net,unknown,,,tranco_ecom,41752,794525,timeout,0,False,0,,,False,,0,0,0
https://kurogames.net,kurogames.net,unknown,,,tranco_ecom,41789,0,not_ecommerce,404,False,0,,,False,,0,0,0
https://insidethegames.biz,insidethegames.biz,unknown,,,tranco_ecom,41794,13241,inactive,403,False,0,,,False,,0,0,0
https://luxurypresence.com,luxurypresence.com,unknown,,,tranco_ecom,41928,75849,not_ecommerce,0,False,0,,,False,,0,0,0
https://climateactiontracker.org,climateactiontracker.org,unknown,,,tranco_ecom,41986,11125,not_ecommerce,404,False,0,,,False,,0,0,0
https://livemarketshoppers.com,livemarketshoppers.com,unknown,,,tranco_ecom,42028,0,inactive,404,False,0,,,False,,0,0,0
https://flyfoxgames.com,flyfoxgames.com,unknown,,,tranco_ecom,42033,0,not_ecommerce,404,False,0,,,False,,0,0,0
https://raidersfanteamshop.com,raidersfanteamshop.com,unknown,,,tranco_ecom,42102,11059,not_ecommerce,200,False,0,,,False,,0,0,0
https://shopifynetwork.com,shopifynetwork.com,shopify,,,tranco_ecom,42145,0,active,200,False,0,,,True,,1,0,0
https://flytogarden.com,flytogarden.com,unknown,,,tranco_ecom,42177,0,timeout,0,False,0,,,False,,0,0,0
https://minigame.vip,minigame.vip,unknown,,,tranco_ecom,42183,0,not_ecommerce,307,False,0,,,False,,0,0,0
https://luxurylaunches.com,luxurylaunches.com,unknown,,,tranco_ecom,42248,28397,not_ecommerce,200,False,0,,,False,,0,0,0
https://musang178king.store,musang178king.store,unknown,,,tranco_ecom,42403,0,timeout,0,False,0,,,False,,0,0,0
https://olxgym.com,olxgym.com,unknown,,,tranco_ecom,42404,0,timeout,403,False,0,,,False,,0,0,0
https://xoilacia.tv,xoilacia.tv,unknown,,,tranco_ecom,42426,0,inactive,403,False,0,,,False,,0,0,0
https://safebrands.fr,safebrands.fr,unknown,,,tranco_ecom,42610,0,not_ecommerce,200,False,0,,,False,,0,0,0
https://teamsystem.com,teamsystem.com,unknown,,,tranco_ecom,42696,77730,not_ecommerce,404,False,0,,,False,,0,0,0
https://bearsfanteamshop.com,bearsfanteamshop.com,unknown,,,tranco_ecom,42726,11345,not_ecommerce,200,False,0,,,False,,0,0,0
https://perfumesclub.com,perfumesclub.com,unknown,,,tranco_ecom,42751,235716,active,404,False,0,,,False,klarna,0,0,0
https://hackerwatch.org,hackerwatch.org,unknown,,,tranco_ecom,42788,503687,timeout,0,False,0,,,False,,0,0,0
https://kayosports.com.au,kayosports.com.au,unknown,,,tranco_ecom,42826,86155,inactive,403,False,0,,,False,,0,0,0
https://missouribotanicalgarden.org,missouribotanicalgarden.org,unknown,,,tranco_ecom,42838,12602,not_ecommerce,0,False,0,,,False,,0,0,0
https://eflorist.com,eflorist.com,unknown,,,tranco_ecom,42937,370791,not_ecommerce,0,False,0,,,False,,0,0,0
https://smokeball.com,smokeball.com,unknown,,,tranco_ecom,43101,280285,not_ecommerce,0,False,0,,,False,,0,0,0
https://beauty-hd.com,beauty-hd.com,unknown,,,tranco_ecom,43150,0,server_error,404,False,0,,,False,,0,0,0
https://footbathmockerpurse.com,footbathmockerpurse.com,unknown,,,tranco_ecom,43178,0,not_ecommerce,404,False,0,,,False,,0,0,0
https://martinus.sk,martinus.sk,unknown,,,tranco_ecom,43241,68747,not_ecommerce,404,False,0,,,False,,0,0,0
https://gamedock.io,gamedock.io,unknown,,,tranco_ecom,43302,0,not_ecommerce,200,False,0,,,False,,0,0,0
https://altrarunning.com,altrarunning.com,unknown,,,tranco_ecom,43465,99711,rate_limited,429,False,0,,,False,,0,0,0
https://gamecontent.io,gamecontent.io,unknown,,,tranco_ecom,43493,0,inactive,404,False,0,,,False,,0,0,0
https://computeruniverse.net,computeruniverse.net,unknown,,,tranco_ecom,43741,31455,inactive,403,False,0,,,False,,0,0,0
https://31gamestudio.com,31gamestudio.com,unknown,,,tranco_ecom,43773,0,not_ecommerce,404,False,0,,,False,,0,0,0
https://bankid.no,bankid.no,unknown,,,tranco_ecom,43845,281572,not_ecommerce,0,False,0,,,False,,0,0,0
https://wellnessmama.com,wellnessmama.com,unknown,,,tranco_ecom,43884,12082,not_ecommerce,404,False,0,,,False,,0,0,0
https://snack-blog.com,snack-blog.com,unknown,,,tranco_ecom,43939,13112,not_ecommerce,0,False,0,,,False,,0,0,0
https://cyclegear.com,cyclegear.com,unknown,,,tranco_ecom,43965,75176,active,0,True,0,,,False,,2,0,0
https://42gears.com,42gears.com,unknown,,,tranco_ecom,44024,245486,not_ecommerce,0,False,0,,,False,,1,0,0
https://sportslocalmedia.com,sportslocalmedia.com,unknown,,,tranco_ecom,44025,0,connection_error,0,False,0,,,False,,0,0,0
https://lifemart.ru,lifemart.ru,unknown,,,tranco_ecom,44112,0,not_ecommerce,200,False,0,,,False,,0,0,0
https://sfgame.net,sfgame.net,unknown,,,tranco_ecom,44290,573977,not_ecommerce,404,False,0,,,False,,0,0,0
https://audiosciencereview.com,audiosciencereview.com,unknown,,,tranco_ecom,44321,49043,not_ecommerce,404,False,0,,,False,,0,0,0
https://musculeyautias.shop,musculeyautias.shop,unknown,,,tranco_ecom,44347,0,connection_error,0,False,0,,,False,,0,0,0
https://craftsmanplus.com,craftsmanplus.com,unknown,,,tranco_ecom,44349,0,not_ecommerce,0,False,0,,,False,,0,0,0
https://redecor.com,redecor.com,unknown,,,tranco_ecom,44437,0,not_ecommerce,0,False,0,,,False,,0,0,0
https://snapgametech.com,snapgametech.com,unknown,,,tranco_ecom,44455,0,inactive,0,False,0,,,False,,0,0,0
https://myshopage.com,myshopage.com,unknown,,,tranco_ecom,44597,0,server_error,0,False,0,,,False,,0,0,0
https://messagegears.net,messagegears.net,unknown,,,tranco_ecom,44775,0,connection_error,0,False,0,,,False,,0,0,0
https://mytonagames.com,mytonagames.com,unknown,,,tranco_ecom,44833,0,timeout,0,False,0,,,False,,0,0,0
https://6gamehub.com,6gamehub.com,unknown,,,tranco_ecom,44900,0,not_ecommerce,200,False,0,,,False,,0,0,0
https://sportsdzen.ru,sportsdzen.ru,unknown,,,tranco_ecom,44919,0,connection_error,0,False,0,,,False,,0,0,0
https://gamer.org,gamer.org,unknown,,,tranco_ecom,44999,456662,active,404,True,0,,,False,,2,0,0
https://m4sport.hu,m4sport.hu,unknown,,,tranco_ecom,45082,178096,not_ecommerce,404,False,0,,,False,,0,0,0
https://esports.net,esports.net,unknown,,,tranco_ecom,45134,16991,not_ecommerce,200,False,0,,,False,,0,0,0
https://shop.by,shop.by,unknown,,,tranco_ecom,45150,118296,not_ecommerce,200,False,0,,,False,,1,0,0
https://teamskeet.com,teamskeet.com,unknown,,,tranco_ecom,45195,94122,not_ecommerce,200,False,0,,,False,,0,0,0
https://byteacctimg.com,byteacctimg.com,unknown,,,tranco_ecom,45215,0,connection_error,0,False,0,,,False,,0,0,0
https://eposaudio.com,eposaudio.com,unknown,,,tranco_ecom,45376,72052,not_ecommerce,404,False,0,,,False,,0,0,0
https://opengameart.org,opengameart.org,unknown,,,tranco_ecom,45398,18568,not_ecommerce,404,False,0,,,False,,0,0,0
https://abc-mart.net,abc-mart.net,unknown,,,tranco_ecom,45409,70961,inactive,403,False,0,,,False,,0,0,0
https://childrenscolorado.org,childrenscolorado.org,unknown,,,tranco_ecom,45586,23234,not_ecommerce,404,False,0,,,False,,0,0,0
https://herbgreencolumn.com,herbgreencolumn.com,unknown,,,tranco_ecom,45602,0,connection_error,0,False,0,,,False,,0,0,0
https://outdoorgearlab.com,outdoorgearlab.com,unknown,,,tranco_ecom,45612,20540,not_ecommerce,404,False,0,,,False,,1,0,0
https://moorshoes.com,moorshoes.com,unknown,,,tranco_ecom,45666,0,inactive,404,False,0,,,False,,0,0,0
https://teamsideline.com,teamsideline.com,unknown,,,tranco_ecom,45874,144881,not_ecommerce,406,False,0,,,False,,0,0,0
https://gspaceteam.com,gspaceteam.com,unknown,,,tranco_ecom,45897,0,not_ecommerce,200,False,0,,,False,,0,0,0
https://migames.com,migames.com,unknown,,,tranco_ecom,45974,0,not_ecommerce,404,False,0,,,False,,0,0,0
https://game-tree.com,game-tree.com,unknown,,,tranco_ecom,46105,0,connection_error,0,False,0,,,False,,0,0,0
https://groceryserver.com,groceryserver.com,unknown,,,tranco_ecom,46128,0,not_ecommerce,200,False,0,,,False,,0,0,0
https://gameshield.io,gameshield.io,unknown,,,tranco_ecom,46166,0,not_ecommerce,200,False,0,,,False,,0,0,0
https://twoplayergames.org,twoplayergames.org,unknown,,,tranco_ecom,46245,83026,not_ecommerce,404,False,0,,,False,,0,0,0
https://espace-citoyens.net,espace-citoyens.net,unknown,,,tranco_ecom,46266,166506,not_ecommerce,0,False,0,,,False,,0,0,0
https://trexgame.net,trexgame.net,unknown,,,tranco_ecom,46309,12124,not_ecommerce,200,False,0,,,False,,0,0,0
https://steam-api.com,steam-api.com,unknown,,,tranco_ecom,46339,0,connection_error,0,False,0,,,False,,0,0,0
https://capitalgames.com,capitalgames.com,unknown,,,tranco_ecom,46344,0,connection_error,0,False,0,,,False,,0,0,0
https://safekids.org,safekids.org,unknown,,,tranco_ecom,46376,12507,not_ecommerce,404,False,0,,,False,,1,0,0
https://alexunderboots.ru,alexunderboots.ru,unknown,,,tranco_ecom,46437,0,connection_error,0,False,0,,,False,,0,0,0
https://sportsbet.io,sportsbet.io,unknown,,,tranco_ecom,46457,19236,inactive,403,False,0,,,False,,0,0,0
https://thegearpage.net,thegearpage.net,unknown,,,tranco_ecom,46528,55679,not_ecommerce,200,False,0,,,False,,0,0,0
https://chocolateplatform.com,chocolateplatform.com,unknown,,,tranco_ecom,46532,406256,not_ecommerce,404,False,0,,,False,,0,0,0
https://phonedir.in,phonedir.in,unknown,,,tranco_ecom,46658,0,not_ecommerce,404,False,0,,,False,,0,0,0
https://sportisimo.sk,sportisimo.sk,shopify,,,tranco_ecom,46802,752753,active,404,False,0,,,False,,0,0,0
https://globalforestwatch.org,globalforestwatch.org,unknown,,,tranco_ecom,46837,13178,not_ecommerce,0,False,0,,,False,,0,0,0
https://onegameslink.com,onegameslink.com,unknown,,,tranco_ecom,46895,0,timeout,0,False,0,,,False,,0,0,0
https://gamepeppa.com,gamepeppa.com,unknown,,,tranco_ecom,46991,0,not_ecommerce,200,False,0,,,False,,0,0,0
https://cycling74.com,cycling74.com,unknown,,,tranco_ecom,46992,12647,not_ecommerce,404,False,0,,,False,,0,0,0
https://wafflegame.net,wafflegame.net,unknown,,,tranco_ecom,46997,356735,not_ecommerce,200,False,0,,,False,,0,0,0
https://rcncustomer.com,rcncustomer.com,unknown,,,tranco_ecom,47041,0,connection_error,0,False,0,,,False,,0,0,0
https://nic.market,nic.market,unknown,,,tranco_ecom,47093,0,not_ecommerce,200,False,0,,,False,,0,0,0
https://kidstaff.com.ua,kidstaff.com.ua,unknown,,,tranco_ecom,47172,120244,not_ecommerce,404,False,0,,,False,,1,0,0
https://tailorbrands.com,tailorbrands.com,unknown,,,tranco_ecom,47272,18389,not_ecommerce,403,False,0,,,False,,0,0,0
https://teamdocs.su,teamdocs.su,unknown,,,tranco_ecom,47302,0,not_ecommerce,403,False,0,,,False,,0,0,0
https://tearosediner.net,tearosediner.net,unknown,,,tranco_ecom,47332,12587,not_ecommerce,200,False,0,,,False,,0,0,0
https://toyota.co.uk,toyota.co.uk,unknown,,,tranco_ecom,47366,23171,not_ecommerce,404,False,0,,,False,,1,0,0
https://55winers.com,55winers.com,unknown,,,tranco_ecom,47381,0,connection_error,0,False,0,,,False,,0,0,0
https://epocacosmeticos.com.br,epocacosmeticos.com.br,unknown,,,tranco_ecom,47455,305502,not_ecommerce,200,False,0,,,False,,0,0,0
https://customily.com,customily.com,shopify,,,tranco_ecom,47457,961139,active,404,False,0,,,False,,0,0,0
https://topworkredbay.shop,topworkredbay.shop,unknown,,,tranco_ecom,47478,0,connection_error,0,False,0,,,False,,0,0,0
https://bytedgame.com,bytedgame.com,unknown,,,tranco_ecom,47508,0,connection_error,0,False,0,,,False,,0,0,0
https://florist.ru,florist.ru,unknown,,,tranco_ecom,47581,322427,not_ecommerce,200,False,0,,,False,,0,0,0
https://gamepantheon.com,gamepantheon.com,unknown,,,tranco_ecom,47711,0,not_ecommerce,404,False,0,,,False,,0,0,0
https://teamlab.art,teamlab.art,unknown,,,tranco_ecom,47714,14253,not_ecommerce,404,False,0,,,False,,0,0,0
https://ru-game-sdk.com,ru-game-sdk.com,unknown,,,tranco_ecom,47739,0,connection_error,0,False,0,,,False,,0,0,0
https://sport-express.net,sport-express.net,unknown,,,tranco_ecom,47743,236050,not_ecommerce,404,False,0,,,False,,0,0,0
https://interbrand.com,interbrand.com,unknown,,,tranco_ecom,47755,12353,not_ecommerce,404,False,0,,,False,,0,0,0
https://netease-gsrouter.com,netease-gsrouter.com,unknown,,,tranco_ecom,47785,0,inactive,0,False,0,,,False,,0,0,0
https://cornrowbygone.shop,cornrowbygone.shop,unknown,,,tranco_ecom,47829,0,inactive,0,False,0,,,False,,0,0,0
https://kurogame.xyz,kurogame.xyz,unknown,,,tranco_ecom,47847,0,not_ecommerce,200,False,0,,,False,,0,0,0
https://geteasysell.com,geteasysell.com,unknown,,,tranco_ecom,47891,0,connection_error,0,False,0,,,False,,0,0,0
https://surrit.store,surrit.store,unknown,,,tranco_ecom,47935,0,inactive,404,False,0,,,False,,0,0,0
https://ttzgame.com,ttzgame.com,unknown,,,tranco_ecom,48134,0,connection_error,0,False,0,,,False,,0,0,0
https://spoiledchild.com,spoiledchild.com,unknown,,,tranco_ecom,48198,0,inactive,403,False,0,,,False,,0,0,0
https://vreexybots.shop,vreexybots.shop,unknown,,,tranco_ecom,48216,0,timeout,0,False,0,,,False,,0,0,0
https://bobistheoilguy.com,bobistheoilguy.com,unknown,,,tranco_ecom,48226,37738,inactive,403,False,0,,,False,,0,0,0
https://militarywatchmagazine.com,militarywatchmagazine.com,unknown,,,tranco_ecom,48369,39436,inactive,403,False,0,,,False,,0,0,0
https://shope.ee,shope.ee,unknown,,,tranco_ecom,48416,26549,inactive,200,False,0,,,False,,0,0,0
https://highstar.shop,highstar.shop,unknown,,,tranco_ecom,48483,0,connection_error,0,False,0,,,False,,0,0,0
https://ibabyp2p.com,ibabyp2p.com,unknown,,,tranco_ecom,48547,0,inactive,0,False,0,,,False,,0,0,0
https://teachina.net,teachina.net,unknown,,,tranco_ecom,48579,11967,not_ecommerce,404,False,0,,,False,,0,0,0
https://safebrands.com,safebrands.com,unknown,,,tranco_ecom,48677,0,not_ecommerce,200,False,0,,,False,,0,0,0
https://grandgamesbe.com,grandgamesbe.com,unknown,,,tranco_ecom,48693,0,timeout,0,False,0,,,False,,0,0,0
https://modernluxury.com,modernluxury.com,unknown,,,tranco_ecom,48750,16323,inactive,403,False,0,,,False,,0,0,0
https://transportr.io,transportr.io,unknown,,,tranco_ecom,48761,13409,not_ecommerce,0,False,0,,,False,,0,0,0
https://walletbot.me,walletbot.me,unknown,,,tranco_ecom,48784,0,not_ecommerce,404,False,0,,,False,,0,0,0
https://online-audio-converter.com,online-audio-converter.com,unknown,,,tranco_ecom,48937,79729,not_ecommerce,404,False,0,,,False,,1,0,0
https://tabootube.xxx,tabootube.xxx,unknown,,,tranco_ecom,49000,441820,timeout,404,False,0,,,False,,0,0,0
https://sportdepot.bg,sportdepot.bg,unknown,,,tranco_ecom,49014,453861,not_ecommerce,404,False,0,,,False,,1,0,0
https://premiumads.com.br,premiumads.com.br,unknown,,,tranco_ecom,49029,0,not_ecommerce,404,False,0,,,False,,0,0,0
https://nic.beauty,nic.beauty,unknown,,,tranco_ecom,49051,0,not_ecommerce,0,False,0,,,False,,0,0,0
https://promptwatch.com,promptwatch.com,unknown,,,tranco_ecom,49093,0,not_ecommerce,0,False,0,,,False,,0,0,0
https://qlia.shop,qlia.shop,unknown,,,tranco_ecom,49203,0,not_ecommerce,404,False,0,,,False,,1,0,0
https://savethechildren.org.uk,savethechildren.org.uk,unknown,,,tranco_ecom,49376,13680,not_ecommerce,404,False,0,,,False,,0,0,0
https://retailcrm.pro,retailcrm.pro,unknown,,,tranco_ecom,49528,0,not_ecommerce,0,False,0,,,False,,0,0,0
https://lionbrand.com,lionbrand.com,unknown,,,tranco_ecom,49563,42895,rate_limited,429,False,0,,,False,,0,0,0
https://alohaorderonline.com,alohaorderonline.com,unknown,,,tranco_ecom,49819,257353,connection_error,0,False,0,,,False,,0,0,0
https://shoparize.com,shoparize.com,shopify,,,tranco_ecom,49875,0,active,404,False,0,,,True,,0,0,0
https://topultragame.com,topultragame.com,unknown,,,tranco_ecom,49987,0,not_ecommerce,0,False,0,,,False,,0,0,0
https://jd-sports.com.au,jd-sports.com.au,unknown,,,tranco_ecom,50064,318939,timeout,0,False,0,,,False,,0,0,0
https://laptop.org,laptop.org,unknown,,,tranco_ecom,50237,13363,not_ecommerce,0,False,0,,,False,,0,0,0
https://warriorgame.mobi,warriorgame.mobi,unknown,,,tranco_ecom,50282,0,connection_error,0,False,0,,,False,,0,0,0
https://childrens.com,childrens.com,unknown,,,tranco_ecom,50330,27004,not_ecommerce,404,False,0,,,False,,0,0,0
https://job-gear.net,job-gear.net,unknown,,,tranco_ecom,50340,34884,not_ecommerce,404,False,0,,,False,,0,0,0
https://likeshop.me,likeshop.me,unknown,,,tranco_ecom,50366,689049,not_ecommerce,200,False,0,,,False,,1,0,0
https://game.blog,game.blog,unknown,,,tranco_ecom,50425,60024,not_ecommerce,404,False,0,,,False,,0,0,0
https://wearedevs.net,wearedevs.net,unknown,,,tranco_ecom,50496,139649,not_ecommerce,404,False,0,,,False,,0,0,0
https://referralcandy.com,referralcandy.com,unknown,,,tranco_ecom,50531,18431,not_ecommerce,404,False,0,,,False,,0,0,0
https://archiveteam.org,archiveteam.org,unknown,,,tranco_ecom,50591,24764,not_ecommerce,0,False,0,,,False,,0,0,0
https://fashion.blog,fashion.blog,unknown,,,tranco_ecom,50599,235153,not_ecommerce,404,False,0,,,False,,0,0,0
https://organicfacts.net,organicfacts.net,unknown,,,tranco_ecom,50624,13150,not_ecommerce,0,False,0,,,False,,0,0,0
https://swiftsportsph.com,swiftsportsph.com,unknown,,,tranco_ecom,50643,0,not_ecommerce,404,False,0,,,False,,0,0,0
https://aldgames.net,aldgames.net,unknown,,,tranco_ecom,50674,0,timeout,0,False,0,,,False,,0,0,0
https://diyaudio.com,diyaudio.com,unknown,,,tranco_ecom,50700,40013,not_ecommerce,404,False,0,,,False,,0,0,0
https://dunkinbrands.com,dunkinbrands.com,unknown,,,tranco_ecom,50732,359473,not_ecommerce,404,False,0,,,False,,0,0,0
https://paxiegames.com,paxiegames.com,unknown,,,tranco_ecom,50930,0,not_ecommerce,200,False,0,,,False,,0,0,0
https://semsportal.com,semsportal.com,unknown,,,tranco_ecom,51071,0,not_ecommerce,406,False,0,,,False,,0,0,0
https://hokisuper33.store,hokisuper33.store,unknown,,,tranco_ecom,51198,0,not_ecommerce,404,False,0,,,False,,0,0,0
https://globalgamejam.org,globalgamejam.org,unknown,,,tranco_ecom,51276,15233,inactive,403,False,0,,,False,,0,0,0
https://riskid.security,riskid.security,unknown,,,tranco_ecom,51337,0,connection_error,0,False,0,,,False,,0,0,0
https://pudugame.com,pudugame.com,unknown,,,tranco_ecom,51374,0,timeout,0,False,0,,,False,,0,0,0
https://elementgames.co.uk,elementgames.co.uk,unknown,,,tranco_ecom,51448,450697,active,404,False,0,,,False,paypal,1,0,0
https://theflatearth.win,theflatearth.win,unknown,,,tranco_ecom,51493,14305,not_ecommerce,404,False,0,,,False,,1,0,0
https://hurawatch.tw,hurawatch.tw,unknown,,,tranco_ecom,51520,0,not_ecommerce,404,False,0,,,False,,0,0,0
https://luxuryescapes.com,luxuryescapes.com,unknown,,,tranco_ecom,51617,76616,not_ecommerce,404,False,0,,,False,,0,0,0
https://kefirgames.com,kefirgames.com,unknown,,,tranco_ecom,51629,0,not_ecommerce,404,False,0,,,False,,0,0,0
https://7games.bet,7games.bet,unknown,,,tranco_ecom,51652,297632,inactive,403,False,0,,,False,,0,0,0
https://got-game.org,got-game.org,unknown,,,tranco_ecom,51683,0,connection_error,0,False,0,,,False,,0,0,0
https://kideotv.com,kideotv.com,unknown,,,tranco_ecom,51749,0,not_ecommerce,404,False,0,,,False,,0,0,0
https://teamleader.eu,teamleader.eu,unknown,,,tranco_ecom,51754,71845,not_ecommerce,0,False,0,,,False,,0,0,0
https://smartcustomer.com,smartcustomer.com,unknown,,,tranco_ecom,51789,0,not_ecommerce,404,False,0,,,False,,0,0,0
https://volcanoh5game.com,volcanoh5game.com,unknown,,,tranco_ecom,52009,0,not_ecommerce,404,False,0,,,False,,0,0,0
https://seasungame.com,seasungame.com,unknown,,,tranco_ecom,52017,0,not_ecommerce,0,False,0,,,False,,0,0,0
https://sexbeauty.net,sexbeauty.net,unknown,,,tranco_ecom,52066,0,not_ecommerce,0,False,0,,,False,,0,0,0
https://babytrackers.com,babytrackers.com,unknown,,,tranco_ecom,52071,0,not_ecommerce,404,False,0,,,False,,0,0,0
https://jollykidstv.com,jollykidstv.com,unknown,,,tranco_ecom,52091,0,not_ecommerce,404,False,0,,,False,,0,0,0
https://martech.org,martech.org,unknown,,,tranco_ecom,52288,14743,not_ecommerce,403,False,0,,,False,,0,0,0
https://themp3.info,themp3.info,unknown,,,tranco_ecom,52304,507972,not_ecommerce,404,False,0,,,False,,0,0,0
https://yic-electronics.com,yic-electronics.com,unknown,,,tranco_ecom,52330,0,not_ecommerce,200,False,0,,,False,,1,0,0
https://codigames-data.net,codigames-data.net,unknown,,,tranco_ecom,52371,0,connection_error,0,False,0,,,False,,0,0,0
https://byrutgame.org,byrutgame.org,unknown,,,tranco_ecom,52380,367506,inactive,403,False,0,,,False,,0,0,0
https://sportslogos.net,sportslogos.net,unknown,,,tranco_ecom,52442,28122,not_ecommerce,404,False,0,,,False,,0,0,0
https://cigarsinternational.com,cigarsinternational.com,unknown,,,tranco_ecom,52477,159312,inactive,403,False,0,,,False,,0,0,0
https://esports.gg,esports.gg,unknown,,,tranco_ecom,52601,74483,not_ecommerce,404,False,0,,,False,,0,0,0
https://substack-custom-domains.com,substack-custom-domains.com,unknown,,,tranco_ecom,52821,0,timeout,0,False,0,,,False,,0,0,0
https://icrimewatch.net,icrimewatch.net,unknown,,,tranco_ecom,52857,223549,inactive,403,False,0,,,False,,0,0,0
https://geaorganic.rs,geaorganic.rs,unknown,,,tranco_ecom,52885,0,not_ecommerce,200,False,0,,,False,,0,0,0
https://implementnutrition.org,implementnutrition.org,unknown,,,tranco_ecom,52890,0,not_ecommerce,0,False,0,,,False,,0,0,0
https://viewboot.com,viewboot.com,unknown,,,tranco_ecom,52976,0,not_ecommerce,200,False,0,,,False,,0,0,0
https://dayoutwiththekids.co.uk,dayoutwiththekids.co.uk,unknown,,,tranco_ecom,53153,60034,not_ecommerce,0,False,0,,,False,,0,0,0
https://gogogame.com,gogogame.com,unknown,,,tranco_ecom,53162,0,not_ecommerce,404,False,0,,,False,,0,0,0
https://teachingenglish.org.uk,teachingenglish.org.uk,unknown,,,tranco_ecom,53227,21687,timeout,0,False,0,,,False,,0,0,0
https://sportsbikeshop.co.uk,sportsbikeshop.co.uk,unknown,,,tranco_ecom,53265,196056,not_ecommerce,404,False,0,,,False,,1,0,0
https://shopifycs.com,shopifycs.com,unknown,,,tranco_ecom,53341,0,connection_error,0,False,0,,,False,,0,0,0
https://sportydog.net,sportydog.net,unknown,,,tranco_ecom,53342,0,connection_error,0,False,0,,,False,,0,0,0
https://topsport.lt,topsport.lt,unknown,,,tranco_ecom,53374,130556,password_protected,401,False,0,,,False,,0,0,0
https://kidultlovin.com,kidultlovin.com,unknown,,,tranco_ecom,53422,0,not_ecommerce,404,False,0,,,False,,0,0,0
https://weltsport.org,weltsport.org,unknown,,,tranco_ecom,53423,0,not_ecommerce,404,False,0,,,False,,0,0,0
https://brand24.com,brand24.com,unknown,,,tranco_ecom,53475,15900,not_ecommerce,404,False,0,,,False,,0,0,0
https://agl008.shop,agl008.shop,unknown,,,tranco_ecom,53610,0,connection_error,0,False,0,,,False,,0,0,0
https://garden.org,garden.org,unknown,,,tranco_ecom,53799,17264,not_ecommerce,0,False,0,,,False,,0,0,0
https://organicconsumers.org,organicconsumers.org,unknown,,,tranco_ecom,53851,14295,not_ecommerce,0,False,0,,,False,,0,0,0
https://themarketer.com,themarketer.com,unknown,,,tranco_ecom,53917,0,not_ecommerce,404,False,0,,,False,,0,0,0
https://dateandtime.info,dateandtime.info,unknown,,,tranco_ecom,53985,267069,not_ecommerce,0,False,0,,,False,,0,0,0
https://teopantrivant.shop,teopantrivant.shop,unknown,,,tranco_ecom,54086,0,connection_error,0,False,0,,,False,,0,0,0
https://sports.kz,sports.kz,unknown,,,tranco_ecom,54096,75756,not_ecommerce,0,False,0,,,False,,0,0,0
https://yaoilib.net,yaoilib.net,unknown,,,tranco_ecom,54173,0,not_ecommerce,200,False,0,,,False,,0,0,0
https://compragamer.com,compragamer.com,unknown,,,tranco_ecom,54251,0,not_ecommerce,200,False,0,,,False,,0,0,0
https://skidmore.edu,skidmore.edu,unknown,,,tranco_ecom,54338,19836,not_ecommerce,404,False,0,,,False,,0,0,0
https://gearfire.com,gearfire.com,unknown,,,tranco_ecom,54369,0,inactive,403,False,0,,,False,,0,0,0
https://tipsport.sk,tipsport.sk,unknown,,,tranco_ecom,54397,361339,inactive,403,False,0,,,False,,0,0,0
https://hypergames.top,hypergames.top,unknown,,,tranco_ecom,54470,0,not_ecommerce,404,False,0,,,False,,0,0,0
https://ventoy.net,ventoy.net,unknown,,,tranco_ecom,54483,17237,not_ecommerce,404,False,0,,,False,,0,0,0
https://joynetgame.com,joynetgame.com,unknown,,,tranco_ecom,54727,0,not_ecommerce,200,False,0,,,False,,0,0,0
https://equipmentshare.com,equipmentshare.com,unknown,,,tranco_ecom,54753,200953,active,404,True,0,,,False,,2,0,0
https://tensquaregames.com,tensquaregames.com,unknown,,,tranco_ecom,54760,709174,not_ecommerce,404,False,0,,,False,,0,0,0
https://stores-bloomingdales.com,stores-bloomingdales.com,unknown,,,tranco_ecom,54762,0,inactive,404,False,0,,,False,,0,0,0
https://gekkoforehew.shop,gekkoforehew.shop,unknown,,,tranco_ecom,54797,0,timeout,0,False,0,,,False,,0,0,0
https://watchetifuters.cloud,watchetifuters.cloud,unknown,,,tranco_ecom,54821,0,server_error,525,False,0,,,False,,0,0,0
https://gamesparks.net,gamesparks.net,unknown,,,tranco_ecom,54914,0,not_ecommerce,404,False,0,,,False,,0,0,0
https://aikido.dev,aikido.dev,unknown,,,tranco_ecom,55112,41209,not_ecommerce,404,False,0,,,False,,0,0,0
https://toysfortots.org,toysfortots.org,unknown,,,tranco_ecom,55120,14802,not_ecommerce,404,False,0,,,False,,0,0,0
https://broccoligames.ru,broccoligames.ru,unknown,,,tranco_ecom,55197,0,not_ecommerce,0,False,0,,,False,,0,0,0
https://electronica.art,electronica.art,unknown,,,tranco_ecom,55206,11516,not_ecommerce,200,False,0,,,False,,0,0,0
https://gymsharkapps.io,gymsharkapps.io,unknown,,,tranco_ecom,55251,0,connection_error,0,False,0,,,False,,0,0,0
https://ninjakitchen.co.uk,ninjakitchen.co.uk,unknown,,,tranco_ecom,55271,177804,active,404,True,0,,,False,,2,0,0
https://windropgames.com,windropgames.com,unknown,,,tranco_ecom,55410,0,not_ecommerce,404,False,0,,,False,,0,0,0
https://customgpt.ai,customgpt.ai,unknown,,,tranco_ecom,55605,135792,not_ecommerce,404,False,0,,,False,,0,0,0
https://storedgefms.com,storedgefms.com,unknown,,,tranco_ecom,55714,0,not_ecommerce,404,False,0,,,False,,0,0,0
https://luxuryhotelsguides.com,luxuryhotelsguides.com,unknown,,,tranco_ecom,55937,0,not_ecommerce,404,False,0,,,False,,0,0,0
https://treecardgames.app,treecardgames.app,unknown,,,tranco_ecom,55978,0,not_ecommerce,404,False,0,,,False,,0,0,0
https://gamescom.global,gamescom.global,unknown,,,tranco_ecom,56006,18392,not_ecommerce,0,False,0,,,False,,1,0,0
https://makeupar.com,makeupar.com,unknown,,,tranco_ecom,56013,0,connection_error,0,False,0,,,False,,0,0,0
https://national-football-teams.com,national-football-teams.com,unknown,,,tranco_ecom,56019,114082,not_ecommerce,404,False,0,,,False,,0,0,0
https://bigkeyboardeasyphone.com,bigkeyboardeasyphone.com,unknown,,,tranco_ecom,56028,0,inactive,404,False,0,,,False,,0,0,0
https://fuqiangame.com,fuqiangame.com,unknown,,,tranco_ecom,56030,0,not_ecommerce,404,False,0,,,False,,0,0,0
https://spicegems.org,spicegems.org,unknown,,,tranco_ecom,56067,0,connection_error,0,False,0,,,False,,0,0,0
https://ll-games.com,ll-games.com,unknown,,,tranco_ecom,56161,0,not_ecommerce,404,False,0,,,False,,0,0,0
https://littleyardgames.com,littleyardgames.com,unknown,,,tranco_ecom,56298,0,not_ecommerce,404,False,0,,,False,,0,0,0
https://perfectworldgames.com,perfectworldgames.com,unknown,,,tranco_ecom,56326,0,connection_error,0,False,0,,,False,,0,0,0
https://shapegamescloud.com,shapegamescloud.com,unknown,,,tranco_ecom,56382,0,connection_error,0,False,0,,,False,,0,0,0
https://retrogames.cc,retrogames.cc,unknown,,,tranco_ecom,56492,107009,not_ecommerce,404,False,0,,,False,,0,0,0
https://gamedev.place,gamedev.place,unknown,,,tranco_ecom,56556,27582,not_ecommerce,404,False,0,,,False,,0,0,0
https://toythieves.com,toythieves.com,unknown,,,tranco_ecom,56674,0,connection_error,0,False,0,,,False,,0,0,0
https://gamepush.com,gamepush.com,unknown,,,tranco_ecom,56732,0,not_ecommerce,404,False,0,,,False,,0,0,0
https://esyoil.com,esyoil.com,unknown,,,tranco_ecom,56737,533783,not_ecommerce,404,False,0,,,False,,0,0,0
https://sportsplatform.io,sportsplatform.io,unknown,,,tranco_ecom,56767,0,server_error,500,False,0,,,False,,0,0,0
https://steamos.cloud,steamos.cloud,unknown,,,tranco_ecom,56822,341215,connection_error,0,False,0,,,False,,0,0,0
https://home.bargains,home.bargains,unknown,,,tranco_ecom,57206,163641,active,404,False,0,,,False,stripe,1,0,0
https://kvraudio.com,kvraudio.com,unknown,,,tranco_ecom,57222,23564,not_ecommerce,404,False,0,,,False,,1,0,0
https://creamyfabrics.com,creamyfabrics.com,shopify,,,tranco_ecom,57245,0,active,200,True,5,Shorts & Pants|Shorts & Pants|Shorts & Pants|Accessoires|Accessoires,all|RGroup_10270352474459|Voids|all|RGroup_10270365253979|Voids|all|RGroup_10270365909339|Voids|all,False,,0,5.99,39.99
https://echofungames.net,echofungames.net,unknown,,,tranco_ecom,57328,0,connection_error,0,False,0,,,False,,0,0,0
https://digitalsport.com.ar,digitalsport.com.ar,unknown,,,tranco_ecom,57534,502675,inactive,403,False,0,,,False,,0,0,0
https://lsusports.net,lsusports.net,unknown,,,tranco_ecom,57603,28639,not_ecommerce,404,False,0,,,False,,0,0,0
https://kitchenstories.io,kitchenstories.io,unknown,,,tranco_ecom,57747,877708,not_ecommerce,404,False,0,,,False,,0,0,0
https://sport.blog,sport.blog,unknown,,,tranco_ecom,57831,99859,not_ecommerce,404,False,0,,,False,,0,0,0
https://tarteaucitron.io,tarteaucitron.io,unknown,,,tranco_ecom,57844,292542,not_ecommerce,404,False,0,,,False,,0,0,0
https://pocketgamer.biz,pocketgamer.biz,unknown,,,tranco_ecom,57850,17747,not_ecommerce,404,False,0,,,False,,0,0,0
https://ebgames.com.au,ebgames.com.au,unknown,,,tranco_ecom,57937,78843,inactive,403,False,0,,,False,,0,0,0
https://cyclinguk.org,cyclinguk.org,unknown,,,tranco_ecom,57949,29292,not_ecommerce,404,False,0,,,False,,0,0,0
https://shopify.dev,shopify.dev,shopify,,,tranco_ecom,57950,22387,active,404,False,0,,,True,,0,0,0
https://xcream.net,xcream.net,unknown,,,tranco_ecom,57972,632467,not_ecommerce,200,False,0,,,False,,1,0,0
https://wraithesports.com,wraithesports.com,unknown,,,tranco_ecom,58044,0,rate_limited,429,False,0,,,False,,0,0,0
https://camera666.com,camera666.com,unknown,,,tranco_ecom,58048,0,connection_error,0,False,0,,,False,,0,0,0
https://sportsbetting.ag,sportsbetting.ag,unknown,,,tranco_ecom,58060,75742,not_ecommerce,200,False,0,,,False,,1,0,0
https://bb-shop.ro,bb-shop.ro,unknown,,,tranco_ecom,58109,928884,not_ecommerce,200,False,0,,,False,,1,0,0
https://inkingssheer.shop,inkingssheer.shop,unknown,,,tranco_ecom,58112,0,inactive,404,False,0,,,False,,0,0,0
https://gameguardian.net,gameguardian.net,unknown,,,tranco_ecom,58313,242535,not_ecommerce,404,False,0,,,False,,0,0,0
https://lakakids.com,lakakids.com,unknown,,,tranco_ecom,58369,0,not_ecommerce,200,False,0,,,False,,0,0,0
https://outletmoto.eu,outletmoto.eu,unknown,,,tranco_ecom,58393,480939,not_ecommerce,404,False,0,,,False,,1,0,0
https://iherb.biz,iherb.biz,unknown,,,tranco_ecom,58456,0,timeout,0,False,0,,,False,,0,0,0
https://tggamesstudio.com,tggamesstudio.com,unknown,,,tranco_ecom,58457,0,not_ecommerce,404,False,0,,,False,,0,0,0
https://audioz.download,audioz.download,unknown,,,tranco_ecom,58574,426907,not_ecommerce,404,False,0,,,False,,0,0,0
https://game-ark.com,game-ark.com,unknown,,,tranco_ecom,58740,0,connection_error,0,False,0,,,False,,0,0,0
https://railnation-game.de,railnation-game.de,unknown,,,tranco_ecom,58808,0,not_ecommerce,404,False,0,,,False,,0,0,0
https://fashiondays.bg,fashiondays.bg,unknown,,,tranco_ecom,58883,0,not_ecommerce,200,False,0,,,False,,0,0,0
https://mergechocolate.com,mergechocolate.com,unknown,,,tranco_ecom,58896,0,server_error,502,False,0,,,False,,0,0,0
https://pureelandage.shop,pureelandage.shop,unknown,,,tranco_ecom,58905,0,connection_error,0,False,0,,,False,,0,0,0
https://mygameday.app,mygameday.app,unknown,,,tranco_ecom,58918,47230,not_ecommerce,403,False,0,,,False,,0,0,0
https://audiobookbay.lu,audiobookbay.lu,unknown,,,tranco_ecom,58954,937391,not_ecommerce,404,False,0,,,False,,0,0,0
https://microperfumes.com,microperfumes.com,unknown,,,tranco_ecom,58968,268683,rate_limited,429,False,0,,,False,,0,0,0
https://shopee.pl,shopee.pl,unknown,,,tranco_ecom,59041,0,not_ecommerce,200,False,0,,,False,,0,0,0
https://premiumdns.zone,premiumdns.zone,unknown,,,tranco_ecom,59098,0,connection_error,0,False,0,,,False,,0,0,0
https://sfgame.eu,sfgame.eu,unknown,,,tranco_ecom,59110,0,not_ecommerce,404,False,0,,,False,,0,0,0
https://photorecoverrestore.com,photorecoverrestore.com,unknown,,,tranco_ecom,59117,0,not_ecommerce,404,False,0,,,False,,0,0,0
https://riftskygames.com,riftskygames.com,unknown,,,tranco_ecom,59136,0,not_ecommerce,404,False,0,,,False,,0,0,0
https://happygarden.baby,happygarden.baby,unknown,,,tranco_ecom,59168,0,connection_error,0,False,0,,,False,,0,0,0
https://ooppgame.com,ooppgame.com,unknown,,,tranco_ecom,59185,0,not_ecommerce,404,False,0,,,False,,0,0,0
https://camping.info,camping.info,unknown,,,tranco_ecom,59247,27401,inactive,403,False,0,,,False,,0,0,0
https://gamereactor.eu,gamereactor.eu,unknown,,,tranco_ecom,59322,24981,not_ecommerce,404,False,0,,,False,,0,0,0
https://ticketsports.com.br,ticketsports.com.br,unknown,,,tranco_ecom,59469,87263,not_ecommerce,404,False,0,,,False,,0,0,0
https://premiumbonus.su,premiumbonus.su,unknown,,,tranco_ecom,59527,0,inactive,404,False,0,,,False,,0,0,0
https://rstgames.com,rstgames.com,unknown,,,tranco_ecom,59553,0,not_ecommerce,404,False,0,,,False,,0,0,0
https://acmetoy.com,acmetoy.com,unknown,,,tranco_ecom,59574,0,connection_error,0,False,0,,,False,,0,0,0
https://whowatch.tv,whowatch.tv,unknown,,,tranco_ecom,59590,551882,not_ecommerce,403,False,0,,,False,,0,0,0
https://4kzgame.com,4kzgame.com,unknown,,,tranco_ecom,59713,0,not_ecommerce,404,False,0,,,False,,0,0,0
https://shopflix.gr,shopflix.gr,unknown,,,tranco_ecom,59794,369437,inactive,403,False,0,,,False,,0,0,0
https://firstcycling.com,firstcycling.com,unknown,,,tranco_ecom,59795,241135,not_ecommerce,200,False,0,,,False,,0,0,0
https://extralargecoffee.com,extralargecoffee.com,unknown,,,tranco_ecom,59807,0,connection_error,0,False,0,,,False,,0,0,0
https://oldspice.com,oldspice.com,bigcommerce,,,tranco_ecom,59962,113839,active,404,True,0,,,False,,3,0,0
https://toyota.com.br,toyota.com.br,unknown,,,tranco_ecom,60108,232171,not_ecommerce,404,False,0,,,False,,0,0,0
https://gameanswers.net,gameanswers.net,unknown,,,tranco_ecom,60118,426000,not_ecommerce,404,False,0,,,False,,0,0,0
https://justeasy.cn,justeasy.cn,unknown,,,tranco_ecom,60142,24170,timeout,404,False,0,,,False,,0,0,0
https://cigarpage.com,cigarpage.com,unknown,,,tranco_ecom,60155,912145,inactive,403,False,0,,,False,,0,0,0
https://lxtgame.com,lxtgame.com,unknown,,,tranco_ecom,60156,0,not_ecommerce,404,False,0,,,False,,0,0,0
https://luckybrand.com,luckybrand.com,unknown,,,tranco_ecom,60422,60192,inactive,403,False,0,,,False,,0,0,0
https://shoprenter.hu,shoprenter.hu,unknown,,,tranco_ecom,60450,264081,inactive,403,False,0,,,False,,0,0,0
https://filestore.app,filestore.app,unknown,,,tranco_ecom,60716,0,inactive,404,False,0,,,False,,0,0,0
https://baby-beamup.club,baby-beamup.club,unknown,,,tranco_ecom,60853,0,not_ecommerce,200,False,0,,,False,,0,0,0
https://geometrygames.io,geometrygames.io,unknown,,,tranco_ecom,60906,78469,not_ecommerce,404,False,0,,,False,,0,0,0
https://campfirecroutondecorator.com,campfirecroutondecorator.com,unknown,,,tranco_ecom,61043,0,not_ecommerce,404,False,0,,,False,,0,0,0
https://teamjet.com,teamjet.com,unknown,,,tranco_ecom,61097,0,not_ecommerce,404,False,0,,,False,,0,0,0
https://thegamerimages.com,thegamerimages.com,unknown,,,tranco_ecom,61169,250535,connection_error,0,False,0,,,False,,0,0,0
https://geometry-games.io,geometry-games.io,unknown,,,tranco_ecom,61197,189735,not_ecommerce,404,False,0,,,False,,0,0,0
https://sporty.net,sporty.net,unknown,,,tranco_ecom,61272,0,not_ecommerce,200,False,0,,,False,,0,0,0
https://pgbuynow.com,pgbuynow.com,unknown,,,tranco_ecom,61299,0,connection_error,0,False,0,,,False,,0,0,0
https://xxxluxury.online,xxxluxury.online,unknown,,,tranco_ecom,61335,0,not_ecommerce,404,False,0,,,False,,1,0,0
https://chocolateminecraft.com,chocolateminecraft.com,unknown,,,tranco_ecom,61376,0,not_ecommerce,404,False,0,,,False,,0,0,0
https://bankid.com,bankid.com,unknown,,,tranco_ecom,61548,75764,not_ecommerce,200,False,0,,,False,,0,0,0
https://audioteka.com,audioteka.com,unknown,,,tranco_ecom,61553,50405,not_ecommerce,404,False,0,,,False,,1,0,0
https://edkongames.com,edkongames.com,unknown,,,tranco_ecom,61568,0,not_ecommerce,404,False,0,,,False,,0,0,0
https://fashiondays.ro,fashiondays.ro,unknown,,,tranco_ecom,61614,380404,not_ecommerce,200,False,0,,,False,,0,0,0
https://voila.id,voila.id,unknown,,,tranco_ecom,61648,458313,inactive,403,False,0,,,False,,0,0,0
https://miniworldgame.com,miniworldgame.com,unknown,,,tranco_ecom,61653,0,not_ecommerce,404,False,0,,,False,,0,0,0
https://globalwellnessinstitute.org,globalwellnessinstitute.org,woocommerce,,,tranco_ecom,61689,15642,active,404,False,0,,,False,,1,0,0
https://8games.net,8games.net,unknown,,,tranco_ecom,61741,878919,not_ecommerce,404,False,0,,,False,,0,0,0
https://teamapt.com,teamapt.com,unknown,,,tranco_ecom,61940,0,not_ecommerce,200,False,0,,,False,,0,0,0
https://castroelectronica.pt,castroelectronica.pt,unknown,,,tranco_ecom,62010,0,not_ecommerce,404,False,0,,,False,,0,0,0
https://teachyourmonster.org,teachyourmonster.org,unknown,,,tranco_ecom,62048,182182,not_ecommerce,404,False,0,,,False,,0,0,0
https://camelgames-wao.com,camelgames-wao.com,unknown,,,tranco_ecom,62072,0,not_ecommerce,403,False,0,,,False,,0,0,0
https://dalechatea.me,dalechatea.me,unknown,,,tranco_ecom,62171,883743,not_ecommerce,200,False,0,,,False,,0,0,0
https://gamechanger.io,gamechanger.io,unknown,,,tranco_ecom,62215,0,not_ecommerce,404,False,0,,,False,,0,0,0
https://eternagame.org,eternagame.org,unknown,,,tranco_ecom,62224,16621,not_ecommerce,200,False,0,,,False,,0,0,0
https://porngames.tv,porngames.tv,unknown,,,tranco_ecom,62232,160411,not_ecommerce,404,False,0,,,False,,1,0,0
https://telemart.ua,telemart.ua,unknown,,,tranco_ecom,62234,297253,not_ecommerce,404,False,0,,,False,,0,0,0
https://porngames.games,porngames.games,unknown,,,tranco_ecom,62305,412041,not_ecommerce,200,False,0,,,False,,0,0,0
https://gamesbean.net,gamesbean.net,unknown,,,tranco_ecom,62327,0,connection_error,0,False,0,,,False,,0,0,0
https://meeshosupply.com,meeshosupply.com,unknown,,,tranco_ecom,62328,0,connection_error,0,False,0,,,False,,0,0,0
https://glitchproductions.store,glitchproductions.store,unknown,,,tranco_ecom,62340,0,rate_limited,429,False,0,,,False,,0,0,0
https://shoplysy.com,shoplysy.com,unknown,,,tranco_ecom,62357,0,not_ecommerce,404,False,0,,,False,,0,0,0
https://armakeup.com,armakeup.com,unknown,,,tranco_ecom,62362,0,not_ecommerce,200,False,0,,,False,,0,0,0
https://dgameglobal.com,dgameglobal.com,unknown,,,tranco_ecom,62485,0,connection_error,0,False,0,,,False,,0,0,0
https://kidc.net,kidc.net,unknown,,,tranco_ecom,62533,0,timeout,0,False,0,,,False,,0,0,0
https://spitfireaudio.com,spitfireaudio.com,unknown,,,tranco_ecom,62635,70192,rate_limited,429,False,0,,,False,,0,0,0
https://karmasgame.com,karmasgame.com,unknown,,,tranco_ecom,62638,0,not_ecommerce,200,False,0,,,False,,0,0,0
https://e-shop.gr,e-shop.gr,unknown,,,tranco_ecom,62711,195964,not_ecommerce,404,False,0,,,False,,0,0,0
https://skiechottar.shop,skiechottar.shop,unknown,,,tranco_ecom,62735,0,connection_error,0,False,0,,,False,,0,0,0
https://ramekinicotype.shop,ramekinicotype.shop,unknown,,,tranco_ecom,62809,0,timeout,0,False,0,,,False,,0,0,0
https://lugame123.games,lugame123.games,unknown,,,tranco_ecom,62845,0,connection_error,0,False,0,,,False,,0,0,0
https://boardkingsgame.com,boardkingsgame.com,unknown,,,tranco_ecom,62904,0,timeout,0,False,0,,,False,,0,0,0
https://elocutecowbarn.shop,elocutecowbarn.shop,unknown,,,tranco_ecom,62928,0,connection_error,0,False,0,,,False,,0,0,0
https://retrogametalk.com,retrogametalk.com,unknown,,,tranco_ecom,63055,0,not_ecommerce,404,False,0,,,False,,0,0,0
https://velkigames365.cc,velkigames365.cc,unknown,,,tranco_ecom,63155,0,connection_error,0,False,0,,,False,,0,0,0
https://crewclothing.co.uk,crewclothing.co.uk,unknown,,,tranco_ecom,63297,312205,timeout,0,False,0,,,False,,0,0,0
https://dominoislandgame.com,dominoislandgame.com,unknown,,,tranco_ecom,63323,0,not_ecommerce,0,False,0,,,False,,0,0,0
https://betsonsport.ru,betsonsport.ru,unknown,,,tranco_ecom,63332,0,not_ecommerce,404,False,0,,,False,,0,0,0
https://inspirebrands.com,inspirebrands.com,bigcommerce,,,tranco_ecom,63364,119225,active,404,False,0,,,False,,0,0,0
https://rieker-eshop.cz,rieker-eshop.cz,unknown,,,tranco_ecom,63377,0,not_ecommerce,404,False,0,,,False,,0,0,0
https://ugphone.com,ugphone.com,unknown,,,tranco_ecom,63449,0,not_ecommerce,403,False,0,,,False,,0,0,0
https://alwaysplaygames.com,alwaysplaygames.com,unknown,,,tranco_ecom,63473,0,timeout,0,False,0,,,False,,0,0,0
https://gamespot.com.cn,gamespot.com.cn,unknown,,,tranco_ecom,63712,116335,not_ecommerce,404,False,0,,,False,,0,0,0
https://germaniasport.hr,germaniasport.hr,unknown,,,tranco_ecom,63735,326346,not_ecommerce,200,False,0,,,False,,0,0,0
https://novasports.gr,novasports.gr,unknown,,,tranco_ecom,63748,227659,not_ecommerce,404,False,0,,,False,,0,0,0
https://s-transport.ru,s-transport.ru,unknown,,,tranco_ecom,63759,0,not_ecommerce,404,False,0,,,False,,0,0,0
https://gameoffline.xyz,gameoffline.xyz,unknown,,,tranco_ecom,63786,0,not_ecommerce,403,False,0,,,False,,0,0,0
https://spaces-games.com,spaces-games.com,unknown,,,tranco_ecom,63831,0,not_ecommerce,404,False,0,,,False,,0,0,0
https://2game.info,2game.info,unknown,,,tranco_ecom,63853,461162,not_ecommerce,404,False,0,,,False,,0,0,0
https://fashionandfriends.com,fashionandfriends.com,magento,,,tranco_ecom,63905,0,active,404,True,0,,,False,,2,0,0
https://cosmossport.gr,cosmossport.gr,prestashop,,,tranco_ecom,63994,311094,active,404,False,0,,,False,,1,0,0
https://dailysports.net,dailysports.net,unknown,,,tranco_ecom,64016,31779,not_ecommerce,404,False,0,,,False,,0,0,0
https://stealthwriter.ai,stealthwriter.ai,unknown,,,tranco_ecom,64042,297212,not_ecommerce,404,False,0,,,False,,0,0,0
https://worldwatch.org,worldwatch.org,unknown,,,tranco_ecom,64060,16224,timeout,0,False,0,,,False,,0,0,0
https://chateagratis.net,chateagratis.net,unknown,,,tranco_ecom,64110,450678,not_ecommerce,0,False,0,,,False,,0,0,0
https://zenmatchgame.com,zenmatchgame.com,unknown,,,tranco_ecom,64188,0,not_ecommerce,403,False,0,,,False,,0,0,0
https://gametora.com,gametora.com,unknown,,,tranco_ecom,64237,0,not_ecommerce,404,False,0,,,False,,0,0,0
https://fishsticksgames.com,fishsticksgames.com,unknown,,,tranco_ecom,64452,0,not_ecommerce,404,False,0,,,False,,0,0,0
https://fflivegame.com,fflivegame.com,unknown,,,tranco_ecom,64517,0,not_ecommerce,404,False,0,,,False,,1,0,0
https://germanwatch.org,germanwatch.org,unknown,,,tranco_ecom,64530,17072,not_ecommerce,404,False,0,,,False,,0,0,0
https://game.guide,game.guide,unknown,,,tranco_ecom,64542,401030,not_ecommerce,404,False,0,,,False,,0,0,0
https://yoursclothing.co.uk,yoursclothing.co.uk,unknown,,,tranco_ecom,64690,219267,not_ecommerce,404,False,0,,,False,,0,0,0
https://productcustomizer.com,productcustomizer.com,unknown,,,tranco_ecom,64786,0,not_ecommerce,0,False,0,,,False,,0,0,0
https://synergywholesale.net.au,synergywholesale.net.au,unknown,,,tranco_ecom,64839,0,not_ecommerce,404,False,0,,,False,,0,0,0
https://sporty-tech.net,sporty-tech.net,unknown,,,tranco_ecom,64904,0,connection_error,0,False,0,,,False,,0,0,0
https://szgame34.lol,szgame34.lol,unknown,,,tranco_ecom,64913,0,not_ecommerce,200,False,0,,,False,,0,0,0
https://watchflix.to,watchflix.to,unknown,,,tranco_ecom,65097,0,not_ecommerce,404,False,0,,,False,,0,0,0
https://lets.shop,lets.shop,unknown,,,tranco_ecom,65125,0,not_ecommerce,200,False,0,,,False,,1,0,0
https://gardenia.net,gardenia.net,unknown,,,tranco_ecom,65155,28129,not_ecommerce,404,False,0,,,False,,0,0,0
https://candy-hoover.com,candy-hoover.com,unknown,,,tranco_ecom,65320,0,timeout,0,False,0,,,False,,0,0,0
https://podiumphones.com,podiumphones.com,unknown,,,tranco_ecom,65330,0,connection_error,0,False,0,,,False,,0,0,0
https://a-premium.com,a-premium.com,unknown,,,tranco_ecom,65427,680305,not_ecommerce,404,False,0,,,False,,0,0,0
https://agileskincareunrented.com,agileskincareunrented.com,unknown,,,tranco_ecom,65440,0,not_ecommerce,404,False,0,,,False,,0,0,0
https://casualjoygames.com,casualjoygames.com,unknown,,,tranco_ecom,65446,0,not_ecommerce,404,False,0,,,False,,0,0,0
https://apicecosmeticos.com.br,apicecosmeticos.com.br,unknown,,,tranco_ecom,65556,0,rate_limited,429,False,0,,,False,,0,0,0
https://soilassociation.org,soilassociation.org,unknown,,,tranco_ecom,65563,16564,not_ecommerce,404,False,0,,,False,,0,0,0
https://altisport.cz,altisport.cz,unknown,,,tranco_ecom,65590,0,not_ecommerce,404,False,0,,,False,,1,0,0
https://onlinegames.io,onlinegames.io,unknown,,,tranco_ecom,65649,186922,not_ecommerce,403,False,0,,,False,,0,0,0
https://ahoygames.com,ahoygames.com,unknown,,,tranco_ecom,65735,0,not_ecommerce,404,False,0,,,False,,0,0,0
https://ozarkserver.store,ozarkserver.store,unknown,,,tranco_ecom,65755,0,timeout,0,False,0,,,False,,0,0,0
https://martabackrock.com,martabackrock.com,unknown,,,tranco_ecom,65761,0,not_ecommerce,404,False,0,,,False,,0,0,0
https://foodwatch.org,foodwatch.org,unknown,,,tranco_ecom,65784,20778,not_ecommerce,404,False,0,,,False,,0,0,0
https://buffbuff.shop,buffbuff.shop,unknown,,,tranco_ecom,65789,0,connection_error,0,False,0,,,False,,0,0,0
https://umdoisesportes.com.br,umdoisesportes.com.br,unknown,,,tranco_ecom,65802,118329,not_ecommerce,200,False,0,,,False,,0,0,0
https://audiokarma.org,audiokarma.org,unknown,,,tranco_ecom,65847,97457,not_ecommerce,404,False,0,,,False,,0,0,0
https://hidrateapp.com,hidrateapp.com,unknown,,,tranco_ecom,65925,0,connection_error,0,False,0,,,False,,0,0,0
https://phoneware.com,phoneware.com,unknown,,,tranco_ecom,65927,0,connection_error,0,False,0,,,False,,0,0,0
https://hatcheskoeri.shop,hatcheskoeri.shop,unknown,,,tranco_ecom,65961,0,timeout,0,False,0,,,False,,0,0,0
https://fashionrevolution.org,fashionrevolution.org,unknown,,,tranco_ecom,66007,16804,not_ecommerce,404,False,0,,,False,,0,0,0
https://vb-audio.com,vb-audio.com,unknown,,,tranco_ecom,66008,36810,not_ecommerce,404,False,0,,,False,,0,0,0
https://sportisimo.ro,sportisimo.ro,shopify,,,tranco_ecom,66063,0,active,404,False,0,,,False,,0,0,0
https://snapp.market,snapp.market,unknown,,,tranco_ecom,66112,578018,inactive,403,False,0,,,False,,0,0,0
https://bestplaygame.com,bestplaygame.com,unknown,,,tranco_ecom,66167,0,not_ecommerce,404,False,0,,,False,,1,0,0
https://mountainroseherbs.com,mountainroseherbs.com,bigcommerce,,,tranco_ecom,66174,29379,active,404,True,0,,,False,,3,0,0
https://steady.page,steady.page,unknown,,,tranco_ecom,66293,36981,not_ecommerce,406,False,0,,,False,,0,0,0
https://orangecustomers.net,orangecustomers.net,unknown,,,tranco_ecom,66339,0,connection_error,0,False,0,,,False,,0,0,0
https://esports-news.co.uk,esports-news.co.uk,unknown,,,tranco_ecom,66378,15770,not_ecommerce,404,False,0,,,False,,0,0,0
https://shop2gether.com.br,shop2gether.com.br,unknown,,,tranco_ecom,66385,538456,connection_error,0,False,0,,,False,,0,0,0
https://diziwatch.to,diziwatch.to,unknown,,,tranco_ecom,66411,0,inactive,403,False,0,,,False,,0,0,0
https://gdyrin.store,gdyrin.store,unknown,,,tranco_ecom,66453,0,not_ecommerce,404,False,0,,,False,,0,0,0
https://mass-shoes.com,mass-shoes.com,magento,,,tranco_ecom,66484,0,active,404,True,0,,,False,,4,0,0
https://watchguard.io,watchguard.io,unknown,,,tranco_ecom,66514,0,connection_error,0,False,0,,,False,,0,0,0
https://dinosaur-game.io,dinosaur-game.io,unknown,,,tranco_ecom,66580,86460,not_ecommerce,404,False,0,,,False,,0,0,0
https://amartfurniture.com.au,amartfurniture.com.au,unknown,,,tranco_ecom,66655,225605,not_ecommerce,200,False,0,,,False,,0,0,0
https://steadyhoster.com,steadyhoster.com,unknown,,,tranco_ecom,66656,0,not_ecommerce,0,False,0,,,False,,0,0,0
https://lewdgames.to,lewdgames.to,unknown,,,tranco_ecom,66801,446052,not_ecommerce,404,False,0,,,False,,0,0,0
https://txwlgame.com,txwlgame.com,unknown,,,tranco_ecom,66920,0,connection_error,0,False,0,,,False,,0,0,0
https://watchseries.bar,watchseries.bar,unknown,,,tranco_ecom,67047,0,not_ecommerce,200,False,0,,,False,,0,0,0
https://topgear.nl,topgear.nl,woocommerce,,,tranco_ecom,67090,142464,active,0,False,0,,,False,,0,0,0
https://mspremium.io,mspremium.io,unknown,,,tranco_ecom,67096,0,connection_error,0,False,0,,,False,,0,0,0
https://utrsports.net,utrsports.net,unknown,,,tranco_ecom,67104,112888,rate_limited,429,False,0,,,False,,0,0,0
https://brandfetch.io,brandfetch.io,unknown,,,tranco_ecom,67246,0,inactive,403,False,0,,,False,,0,0,0
https://linphone.org,linphone.org,unknown,,,tranco_ecom,67272,47398,not_ecommerce,404,False,0,,,False,,0,0,0
https://luxuryestate.com,luxuryestate.com,unknown,,,tranco_ecom,67285,66819,not_ecommerce,404,False,0,,,False,,0,0,0
https://inthegame.io,inthegame.io,unknown,,,tranco_ecom,67288,0,not_ecommerce,404,False,0,,,False,,0,0,0
https://gamebrain.io,gamebrain.io,unknown,,,tranco_ecom,67302,0,connection_error,0,False,0,,,False,,0,0,0
https://fiveminutesgames.com,fiveminutesgames.com,unknown,,,tranco_ecom,67351,0,not_ecommerce,404,False,0,,,False,,0,0,0
https://kidspot.com.au,kidspot.com.au,unknown,,,tranco_ecom,67353,23090,inactive,403,False,0,,,False,,0,0,0
https://worldspice.net,worldspice.net,unknown,,,tranco_ecom,67408,719442,not_ecommerce,404,False,0,,,False,,0,0,0
https://minigame.group,minigame.group,unknown,,,tranco_ecom,67432,0,not_ecommerce,404,False,0,,,False,,0,0,0
https://sportnews.bz,sportnews.bz,unknown,,,tranco_ecom,67460,378220,not_ecommerce,404,False,0,,,False,,0,0,0
https://castleagegame.com,castleagegame.com,unknown,,,tranco_ecom,67534,0,inactive,404,False,0,,,False,,0,0,0
https://gear2slayer.com,gear2slayer.com,unknown,,,tranco_ecom,67557,0,connection_error,0,False,0,,,False,,0,0,0
https://whatscookingamerica.net,whatscookingamerica.net,unknown,,,tranco_ecom,67638,18467,not_ecommerce,404,False,0,,,False,,0,0,0
https://thecrew-game-servers.com,thecrew-game-servers.com,unknown,,,tranco_ecom,67646,0,connection_error,0,False,0,,,False,,0,0,0
https://fitnessonlineapp.com,fitnessonlineapp.com,unknown,,,tranco_ecom,67773,0,inactive,404,False,0,,,False,,0,0,0
https://shopee.com.ar,shopee.com.ar,unknown,,,tranco_ecom,67777,0,not_ecommerce,200,False,0,,,False,,1,0,0
https://goatgames.com,goatgames.com,unknown,,,tranco_ecom,67786,0,not_ecommerce,404,False,0,,,False,,0,0,0
https://theaudiodb.com,theaudiodb.com,unknown,,,tranco_ecom,67946,436717,not_ecommerce,404,False,0,,,False,,1,0,0
https://sportske.net,sportske.net,unknown,,,tranco_ecom,67959,253726,not_ecommerce,500,False,0,,,False,,0,0,0
https://toyotadriverslogin.com,toyotadriverslogin.com,unknown,,,tranco_ecom,67985,0,connection_error,0,False,0,,,False,,0,0,0
https://justeat-int.com,justeat-int.com,unknown,,,tranco_ecom,68024,0,connection_error,0,False,0,,,False,,0,0,0
https://gamersupps.gg,gamersupps.gg,unknown,,,tranco_ecom,68040,424967,rate_limited,429,False,0,,,False,,0,0,0
https://team-voice.com,team-voice.com,unknown,,,tranco_ecom,68075,0,timeout,0,False,0,,,False,,0,0,0
https://wineclo.com,wineclo.com,unknown,,,tranco_ecom,68137,0,not_ecommerce,200,False,0,,,False,,0,0,0
https://stealthelook.com.br,stealthelook.com.br,unknown,,,tranco_ecom,68140,318620,not_ecommerce,404,False,0,,,False,,1,0,0
https://shopbosspro.com,shopbosspro.com,unknown,,,tranco_ecom,68278,0,inactive,403,False,0,,,False,,0,0,0
https://opensports.com.ar,opensports.com.ar,magento,,,tranco_ecom,68308,770773,active,404,False,0,,,False,,0,0,0
https://aurafragrance.com,aurafragrance.com,unknown,,,tranco_ecom,68355,0,rate_limited,429,False,0,,,False,,0,0,0
https://stockmarketgame.org,stockmarketgame.org,unknown,,,tranco_ecom,68528,255300,not_ecommerce,404,False,0,,,False,,1,0,0
https://theluxurycloset.com,theluxurycloset.com,unknown,,,tranco_ecom,68573,111150,not_ecommerce,200,False,0,,,False,,1,0,0
https://avec.beauty,avec.beauty,unknown,,,tranco_ecom,68574,0,timeout,0,False,0,,,False,,0,0,0
https://watchsomuch.to,watchsomuch.to,unknown,,,tranco_ecom,68660,998447,not_ecommerce,404,False,0,,,False,,0,0,0
https://bigbootytube.net,bigbootytube.net,unknown,,,tranco_ecom,68764,914183,not_ecommerce,404,False,0,,,False,,0,0,0
https://totalsportek.army,totalsportek.army,unknown,,,tranco_ecom,68803,739799,inactive,403,False,0,,,False,,0,0,0
https://audioboo.org,audioboo.org,unknown,,,tranco_ecom,68828,0,not_ecommerce,404,False,0,,,False,,0,0,0
https://communitybrands.com,communitybrands.com,unknown,,,tranco_ecom,68946,382972,not_ecommerce,404,False,0,,,False,,0,0,0
https://luckywatch.pro,luckywatch.pro,unknown,,,tranco_ecom,68949,0,not_ecommerce,404,False,0,,,False,,0,0,0
https://escolagames.com.br,escolagames.com.br,unknown,,,tranco_ecom,68972,446782,not_ecommerce,404,False,0,,,False,,0,0,0
https://watchfighters.com,watchfighters.com,unknown,,,tranco_ecom,68979,0,not_ecommerce,404,False,0,,,False,,1,0,0
https://weverseshop.io,weverseshop.io,unknown,,,tranco_ecom,68983,316313,not_ecommerce,404,False,0,,,False,,0,0,0
https://watchingthat.net,watchingthat.net,unknown,,,tranco_ecom,69029,0,timeout,0,False,0,,,False,,0,0,0
https://costacoffee.kz,costacoffee.kz,unknown,,,tranco_ecom,69043,18630,active,404,True,0,,,False,,2,0,0
https://thefinancialbrand.com,thefinancialbrand.com,unknown,,,tranco_ecom,69049,18953,not_ecommerce,404,False,0,,,False,,0,0,0
https://teachingbooks.net,teachingbooks.net,unknown,,,tranco_ecom,69097,84499,not_ecommerce,404,False,0,,,False,,0,0,0
https://wmsports.io,wmsports.io,unknown,,,tranco_ecom,69229,0,timeout,0,False,0,,,False,,0,0,0
https://audioaddict.com,audioaddict.com,unknown,,,tranco_ecom,69243,0,not_ecommerce,404,False,0,,,False,,0,0,0
https://okidoki.ee,okidoki.ee,unknown,,,tranco_ecom,69346,454980,inactive,403,False,0,,,False,,0,0,0
https://audiokniga.one,audiokniga.one,unknown,,,tranco_ecom,69358,0,not_ecommerce,404,False,0,,,False,,0,0,0
https://activatemygiftcard.com.au,activatemygiftcard.com.au,unknown,,,tranco_ecom,69405,0,inactive,405,False,0,,,False,,0,0,0
https://misterrunning.com,misterrunning.com,unknown,,,tranco_ecom,69612,398765,active,200,True,0,,,False,,2,0,0
https://shopeefood.vn,shopeefood.vn,unknown,,,tranco_ecom,69634,264075,not_ecommerce,200,False,0,,,False,,0,0,0
https://torrentoyunindir.com,torrentoyunindir.com,unknown,,,tranco_ecom,69704,0,inactive,403,False,0,,,False,,0,0,0
https://malpagames.com,malpagames.com,unknown,,,tranco_ecom,69770,0,not_ecommerce,404,False,0,,,False,,1,0,0
https://teachingamericanhistory.org,teachingamericanhistory.org,woocommerce,,,tranco_ecom,69783,20349,active,404,True,0,,,False,,2,0,0
https://salcobrand.cl,salcobrand.cl,unknown,,,tranco_ecom,69918,295969,not_ecommerce,404,False,0,,,False,,1,0,0
https://childrensnational.org,childrensnational.org,unknown,,,tranco_ecom,69997,24812,not_ecommerce,404,False,0,,,False,,0,0,0
https://foodandwaterwatch.org,foodandwaterwatch.org,unknown,,,tranco_ecom,70003,18146,not_ecommerce,404,False,0,,,False,,0,0,0
https://ec-store.net,ec-store.net,unknown,,,tranco_ecom,70146,284525,connection_error,404,False,0,,,False,,0,0,0
https://ultimagamest.com,ultimagamest.com,unknown,,,tranco_ecom,70202,0,connection_error,0,False,0,,,False,,0,0,0
https://xpluswear.com,xpluswear.com,unknown,,,tranco_ecom,70228,0,active,404,True,0,,,False,,5,0,0
https://mymarketingreports.com,mymarketingreports.com,unknown,,,tranco_ecom,70256,0,not_ecommerce,405,False,0,,,False,,0,0,0
https://cigarbid.com,cigarbid.com,unknown,,,tranco_ecom,70412,930012,inactive,403,False,0,,,False,,0,0,0
https://toyota.com.au,toyota.com.au,unknown,,,tranco_ecom,70419,62015,inactive,403,False,0,,,False,,0,0,0
https://minecraftskins.net,minecraftskins.net,unknown,,,tranco_ecom,70477,214665,not_ecommerce,404,False,0,,,False,,0,0,0
https://gayteam.club,gayteam.club,unknown,,,tranco_ecom,70525,0,inactive,403,False,0,,,False,,0,0,0
https://sportdafa.net,sportdafa.net,unknown,,,tranco_ecom,70771,337192,not_ecommerce,404,False,0,,,False,,0,0,0
https://topgear.lol,topgear.lol,unknown,,,tranco_ecom,70820,0,timeout,0,False,0,,,False,,0,0,0
https://gearvn.com,gearvn.com,unknown,,,tranco_ecom,71062,251241,active,404,True,0,,,False,,2,0,0
https://retailgazette.co.uk,retailgazette.co.uk,unknown,,,tranco_ecom,71164,24862,not_ecommerce,404,False,0,,,False,,0,0,0
https://dubaiphone.net,dubaiphone.net,unknown,,,tranco_ecom,71175,0,timeout,0,False,0,,,False,,0,0,0
https://orderonline.id,orderonline.id,unknown,,,tranco_ecom,71196,370497,timeout,0,False,0,,,False,,0,0,0
https://jmbilegame.com,jmbilegame.com,unknown,,,tranco_ecom,71305,0,not_ecommerce,404,False,0,,,False,,0,0,0
https://xmlsoap.org,xmlsoap.org,unknown,,,tranco_ecom,71376,69008,connection_error,0,False,0,,,False,,0,0,0
https://riotesports.com,riotesports.com,unknown,,,tranco_ecom,71391,0,timeout,0,False,0,,,False,,0,0,0
https://kidsecurity.ru,kidsecurity.ru,unknown,,,tranco_ecom,71626,0,connection_error,0,False,0,,,False,,0,0,0
https://bjjinwangame.com,bjjinwangame.com,unknown,,,tranco_ecom,71710,0,not_ecommerce,404,False,0,,,False,,0,0,0
https://vapeclub.co.uk,vapeclub.co.uk,unknown,,,tranco_ecom,71761,175228,not_ecommerce,404,False,0,,,False,,1,0,0
https://machteam.ro,machteam.ro,unknown,,,tranco_ecom,71772,0,inactive,403,False,0,,,False,,0,0,0
https://gamedle.wtf,gamedle.wtf,unknown,,,tranco_ecom,71775,0,not_ecommerce,200,False,0,,,False,,0,0,0
https://ogames.kz,ogames.kz,unknown,,,tranco_ecom,71854,0,not_ecommerce,404,False,0,,,False,,0,0,0
https://herbstarsbuilding.com,herbstarsbuilding.com,unknown,,,tranco_ecom,71980,0,connection_error,0,False,0,,,False,,0,0,0
https://watch32.sx,watch32.sx,unknown,,,tranco_ecom,72041,0,not_ecommerce,404,False,0,,,False,,0,0,0
https://intersport.gr,intersport.gr,unknown,,,tranco_ecom,72048,427274,inactive,403,False,0,,,False,,0,0,0
https://kerkida.net,kerkida.net,unknown,,,tranco_ecom,72051,436670,not_ecommerce,404,False,0,,,False,,0,0,0
https://vostokgamedev.ru,vostokgamedev.ru,unknown,,,tranco_ecom,72091,0,not_ecommerce,404,False,0,,,False,,0,0,0
https://streetkitchen.hu,streetkitchen.hu,unknown,,,tranco_ecom,72097,386088,not_ecommerce,404,False,0,,,False,,0,0,0
https://hurawatch.cc,hurawatch.cc,unknown,,,tranco_ecom,72131,0,not_ecommerce,404,False,0,,,False,,0,0,0
https://felspartreen.shop,felspartreen.shop,unknown,,,tranco_ecom,72162,0,timeout,0,False,0,,,False,,0,0,0
https://gurugame.ai,gurugame.ai,unknown,,,tranco_ecom,72167,0,not_ecommerce,200,False,0,,,False,,0,0,0
https://game-walk.ru,game-walk.ru,unknown,,,tranco_ecom,72205,0,connection_error,0,False,0,,,False,,0,0,0
https://gamerxyt.com,gamerxyt.com,unknown,,,tranco_ecom,72240,0,not_ecommerce,0,False,0,,,False,,0,0,0
https://statewatch.org,statewatch.org,unknown,,,tranco_ecom,72256,18270,not_ecommerce,404,False,0,,,False,,1,0,0
https://silencio.store,silencio.store,unknown,,,tranco_ecom,72258,0,not_ecommerce,0,False,0,,,False,,0,0,0
https://gamestorrents.app,gamestorrents.app,unknown,,,tranco_ecom,72261,436336,not_ecommerce,404,False,0,,,False,,0,0,0
https://carbonatixaudio.com,carbonatixaudio.com,unknown,,,tranco_ecom,72430,0,not_ecommerce,200,False,0,,,False,,0,0,0
https://utilitytelephone.net,utilitytelephone.net,unknown,,,tranco_ecom,72442,0,timeout,0,False,0,,,False,,0,0,0
https://grocerycrew.com,grocerycrew.com,unknown,,,tranco_ecom,72533,0,inactive,404,False,0,,,False,,0,0,0
https://mploejuiashsatea.com,mploejuiashsatea.com,unknown,,,tranco_ecom,72551,0,inactive,404,False,0,,,False,,0,0,0
https://soap2day.pe,soap2day.pe,unknown,,,tranco_ecom,72568,0,not_ecommerce,404,False,0,,,False,,0,0,0
https://vivatechstores.net,vivatechstores.net,unknown,,,tranco_ecom,72602,0,not_ecommerce,404,False,0,,,False,,1,0,0
https://nutritiongeeks.co,nutritiongeeks.co,unknown,,,tranco_ecom,72614,0,rate_limited,429,False,0,,,False,,0,0,0
https://watchlakorn.net,watchlakorn.net,unknown,,,tranco_ecom,72648,0,not_ecommerce,200,False,0,,,False,,0,0,0
https://sportas.lt,sportas.lt,unknown,,,tranco_ecom,72761,281944,timeout,0,False,0,,,False,,0,0,0
https://team.blue,team.blue,unknown,,,tranco_ecom,72768,191897,not_ecommerce,404,False,0,,,False,,0,0,0
https://4kidsgames.com,4kidsgames.com,unknown,,,tranco_ecom,72809,0,not_ecommerce,404,False,0,,,False,,0,0,0
https://topsport.bg,topsport.bg,unknown,,,tranco_ecom,72971,294561,not_ecommerce,200,False,0,,,False,,0,0,0
https://watchseries.pe,watchseries.pe,unknown,,,tranco_ecom,73065,0,not_ecommerce,404,False,0,,,False,,0,0,0
https://zapgames.io,zapgames.io,unknown,,,tranco_ecom,73073,501357,not_ecommerce,200,False,0,,,False,,0,0,0
https://unblockedgames.world,unblockedgames.world,unknown,,,tranco_ecom,73117,0,not_ecommerce,403,False,0,,,False,,0,0,0
https://spicemoney.com,spicemoney.com,unknown,,,tranco_ecom,73144,829158,not_ecommerce,404,False,0,,,False,,0,0,0
https://jetgamesdev.com,jetgamesdev.com,unknown,,,tranco_ecom,73225,0,not_ecommerce,404,False,0,,,False,,0,0,0
https://brandsoftheworld.com,brandsoftheworld.com,unknown,,,tranco_ecom,73248,24992,inactive,403,False,0,,,False,,0,0,0
https://icyteas.de,icyteas.de,unknown,,,tranco_ecom,73278,0,not_ecommerce,0,False,0,,,False,,0,0,0
https://passportalmsp.com,passportalmsp.com,unknown,,,tranco_ecom,73546,0,inactive,0,False,0,,,False,,0,0,0
https://xoilaczzpz.tv,xoilaczzpz.tv,unknown,,,tranco_ecom,73560,45746,not_ecommerce,200,False,0,,,False,,0,0,0
https://hortorgames.com,hortorgames.com,unknown,,,tranco_ecom,73634,0,not_ecommerce,404,False,0,,,False,,0,0,0
https://passporthealth.com,passporthealth.com,unknown,,,tranco_ecom,73662,0,connection_error,0,False,0,,,False,,0,0,0
https://elevateapp.com,elevateapp.com,unknown,,,tranco_ecom,73695,163251,not_ecommerce,404,False,0,,,False,,0,0,0
https://shopstar.pe,shopstar.pe,unknown,,,tranco_ecom,73699,923596,active,200,True,0,,,False,,2,0,0
https://candytm.pl,candytm.pl,unknown,,,tranco_ecom,73741,0,not_ecommerce,400,False,0,,,False,,1,0,0
https://kinoteatr.life,kinoteatr.life,unknown,,,tranco_ecom,73792,0,not_ecommerce,200,False,0,,,False,,0,0,0
https://sportando.basketball,sportando.basketball,unknown,,,tranco_ecom,73822,160545,not_ecommerce,404,False,0,,,False,,0,0,0
https://cliveshoes.com,cliveshoes.com,unknown,,,tranco_ecom,73884,0,rate_limited,429,False,0,,,False,,0,0,0
https://teachforamerica.org,teachforamerica.org,unknown,,,tranco_ecom,73888,23240,not_ecommerce,404,False,0,,,False,,0,0,0
https://passgame.ru,passgame.ru,unknown,,,tranco_ecom,73892,0,not_ecommerce,404,False,0,,,False,,1,0,0
https://sportime.gr,sportime.gr,unknown,,,tranco_ecom,73898,185814,timeout,0,False,0,,,False,,0,0,0
https://dhgamesdownload.com,dhgamesdownload.com,unknown,,,tranco_ecom,73940,0,connection_error,0,False,0,,,False,,0,0,0
https://pinkcatgames.com,pinkcatgames.com,unknown,,,tranco_ecom,73942,0,not_ecommerce,404,False,0,,,False,,0,0,0
https://customerly.io,customerly.io,unknown,,,tranco_ecom,73967,354663,not_ecommerce,404,False,0,,,False,,0,0,0
https://bandainamcoentwebstore.com,bandainamcoentwebstore.com,unknown,,,tranco_ecom,74020,0,connection_error,0,False,0,,,False,,0,0,0
https://charitywatch.org,charitywatch.org,unknown,,,tranco_ecom,74027,21088,not_ecommerce,404,False,0,,,False,,1,0,0
https://allophone.net,allophone.net,unknown,,,tranco_ecom,74089,0,inactive,404,False,0,,,False,,0,0,0
https://gymbeam.sk,gymbeam.sk,unknown,,,tranco_ecom,74115,552066,active,404,True,0,,,False,,3,0,0
https://scubadogame.com,scubadogame.com,unknown,,,tranco_ecom,74327,0,connection_error,0,False,0,,,False,,0,0,0
https://retrobowlgames.io,retrobowlgames.io,unknown,,,tranco_ecom,74329,247625,not_ecommerce,0,False,0,,,False,,0,0,0
https://luxuryretreats.com,luxuryretreats.com,unknown,,,tranco_ecom,74333,103337,not_ecommerce,0,False,0,,,False,,0,0,0
https://sullagegyppers.shop,sullagegyppers.shop,unknown,,,tranco_ecom,74354,0,inactive,404,False,0,,,False,,0,0,0
https://totalcustomerconnect.com,totalcustomerconnect.com,unknown,,,tranco_ecom,74398,0,not_ecommerce,404,False,0,,,False,,0,0,0
https://candyloke.org,candyloke.org,unknown,,,tranco_ecom,74431,0,not_ecommerce,0,False,0,,,False,,0,0,0
https://brandsforless.com,brandsforless.com,unknown,,,tranco_ecom,74451,373633,inactive,403,False,0,,,False,,0,0,0
https://sportsv.net,sportsv.net,unknown,,,tranco_ecom,74495,203296,not_ecommerce,404,False,0,,,False,,0,0,0
https://resilia.shop,resilia.shop,unknown,,,tranco_ecom,74510,0,rate_limited,429,False,0,,,False,,0,0,0
https://eurosport.hu,eurosport.hu,unknown,,,tranco_ecom,74555,340605,not_ecommerce,404,False,0,,,False,,0,0,0
https://connectionsgame.org,connectionsgame.org,unknown,,,tranco_ecom,74564,403050,not_ecommerce,404,False,0,,,False,,0,0,0
https://pharmacydiscount.gr,pharmacydiscount.gr,unknown,,,tranco_ecom,74591,841119,not_ecommerce,404,False,0,,,False,,1,0,0
https://jihadwatch.org,jihadwatch.org,unknown,,,tranco_ecom,74593,22675,inactive,403,False,0,,,False,,0,0,0
https://cwatchapi.com,cwatchapi.com,unknown,,,tranco_ecom,74594,0,connection_error,0,False,0,,,False,,0,0,0
https://metrosport.gr,metrosport.gr,unknown,,,tranco_ecom,74639,256394,not_ecommerce,200,False,0,,,False,,0,0,0
https://promotionpro.boutique,promotionpro.boutique,unknown,,,tranco_ecom,74749,0,connection_error,0,False,0,,,False,,0,0,0
https://m-audio.com,m-audio.com,unknown,,,tranco_ecom,74750,21209,not_ecommerce,404,False,0,,,False,,1,0,0
https://wowpic2.store,wowpic2.store,unknown,,,tranco_ecom,74766,0,connection_error,0,False,0,,,False,,0,0,0
https://freequizgames.com,freequizgames.com,unknown,,,tranco_ecom,74786,0,not_ecommerce,404,False,0,,,False,,0,0,0
https://gridgames.app,gridgames.app,unknown,,,tranco_ecom,74799,0,not_ecommerce,200,False,0,,,False,,0,0,0
https://perfume.com,perfume.com,unknown,,,tranco_ecom,74836,72815,inactive,403,False,0,,,False,,0,0,0
https://sportal365images.com,sportal365images.com,unknown,,,tranco_ecom,74852,0,not_ecommerce,404,False,0,,,False,,0,0,0
https://swatchseries.is,swatchseries.is,unknown,,,tranco_ecom,74856,0,not_ecommerce,404,False,0,,,False,,0,0,0
https://myshopapps.com,myshopapps.com,unknown,,,tranco_ecom,74996,0,connection_error,0,False,0,,,False,,0,0,0
https://martaviegasfotografia.com,martaviegasfotografia.com,unknown,,,tranco_ecom,75002,0,not_ecommerce,404,False,0,,,False,,0,0,0
https://magicspoiler.com,magicspoiler.com,unknown,,,tranco_ecom,75007,629974,not_ecommerce,404,False,0,,,False,,0,0,0
https://smsgadget.com,smsgadget.com,unknown,,,tranco_ecom,75012,0,active,500,True,0,,,False,,4,0,0
https://game3rb.com,game3rb.com,unknown,,,tranco_ecom,75052,0,not_ecommerce,404,False,0,,,False,,0,0,0
https://masalateaart.com,masalateaart.com,unknown,,,tranco_ecom,75084,0,not_ecommerce,404,False,0,,,False,,0,0,0
https://ironwallet.io,ironwallet.io,unknown,,,tranco_ecom,75130,18987,not_ecommerce,404,False,0,,,False,,0,0,0
https://dsport.bg,dsport.bg,unknown,,,tranco_ecom,75292,466984,not_ecommerce,404,False,0,,,False,,0,0,0
https://shopeepay.ph,shopeepay.ph,unknown,,,tranco_ecom,75328,0,not_ecommerce,200,False,0,,,False,,0,0,0
https://xwallet.link,xwallet.link,unknown,,,tranco_ecom,75332,337038,connection_error,0,False,0,,,False,,0,0,0
https://powergame.gr,powergame.gr,unknown,,,tranco_ecom,75357,261911,not_ecommerce,404,False,0,,,False,,0,0,0
https://afternoon-tea.net,afternoon-tea.net,unknown,,,tranco_ecom,75423,195341,not_ecommerce,404,False,0,,,False,,0,0,0
https://myhomesgardens.com,myhomesgardens.com,woocommerce,,,tranco_ecom,75487,0,active,404,True,0,,,False,,2,0,0
https://nokidhungry.org,nokidhungry.org,unknown,,,tranco_ecom,75522,20239,not_ecommerce,404,False,0,,,False,,0,0,0
https://gamewith.net,gamewith.net,unknown,,,tranco_ecom,75537,125449,not_ecommerce,404,False,0,,,False,,0,0,0
https://gamebol.com,gamebol.com,unknown,,,tranco_ecom,75553,0,not_ecommerce,200,False,0,,,False,,0,0,0
https://upremium.asia,upremium.asia,unknown,,,tranco_ecom,75611,0,connection_error,0,False,0,,,False,,0,0,0
https://stroilioro.com,stroilioro.com,unknown,,,tranco_ecom,75660,469047,active,404,True,0,,,False,,2,0,0
https://selcuksportshd.is,selcuksportshd.is,unknown,,,tranco_ecom,75735,0,not_ecommerce,404,False,0,,,False,,0,0,0
https://childrensalon.com,childrensalon.com,unknown,,,tranco_ecom,75793,116959,active,404,True,0,,,False,,3,0,0
https://bootyexpo.net,bootyexpo.net,unknown,,,tranco_ecom,75846,0,not_ecommerce,404,False,0,,,False,,0,0,0
https://transportes.gob.es,transportes.gob.es,unknown,,,tranco_ecom,75853,0,timeout,0,False,0,,,False,,0,0,0
https://remarketstats.com,remarketstats.com,unknown,,,tranco_ecom,75921,0,not_ecommerce,0,False,0,,,False,,0,0,0
https://job-shop.com,job-shop.com,unknown,,,tranco_ecom,75932,0,not_ecommerce,200,False,0,,,False,,0,0,0
https://audioeye-services.com,audioeye-services.com,unknown,,,tranco_ecom,76026,0,connection_error,0,False,0,,,False,,0,0,0
https://reversephone.com,reversephone.com,unknown,,,tranco_ecom,76029,0,timeout,0,False,0,,,False,,0,0,0
https://kidsline.me,kidsline.me,unknown,,,tranco_ecom,76030,379044,timeout,0,False,0,,,False,,0,0,0
https://watchers.io,watchers.io,unknown,,,tranco_ecom,76074,0,not_ecommerce,404,False,0,,,False,,0,0,0
https://esportesdasortebr.org,esportesdasortebr.org,unknown,,,tranco_ecom,76159,18890,inactive,202,False,0,,,False,,0,0,0
https://24sports.com.cy,24sports.com.cy,unknown,,,tranco_ecom,76182,364481,not_ecommerce,404,False,0,,,False,,0,0,0
https://gardenerscorner.co.uk,gardenerscorner.co.uk,unknown,,,tranco_ecom,76298,42278,active,404,False,0,,,False,paypal,0,0,0
https://yonogameapp.com,yonogameapp.com,unknown,,,tranco_ecom,76354,0,not_ecommerce,200,False,0,,,False,,0,0,0
https://motimateapp.com,motimateapp.com,woocommerce,,,tranco_ecom,76387,0,active,404,False,0,,,False,,0,0,0
https://meridiansport.rs,meridiansport.rs,unknown,,,tranco_ecom,76414,311851,not_ecommerce,200,False,0,,,False,,0,0,0
https://gosugamers.net,gosugamers.net,unknown,,,tranco_ecom,76638,32246,timeout,0,False,0,,,False,,0,0,0
https://n-sport.net,n-sport.net,unknown,,,tranco_ecom,76647,805596,connection_error,0,False,0,,,False,,0,0,0
https://mymarket.ge,mymarket.ge,unknown,,,tranco_ecom,76680,599295,not_ecommerce,200,False,0,,,False,,1,0,0
https://mykid.no,mykid.no,unknown,,,tranco_ecom,76740,0,not_ecommerce,404,False,0,,,False,,0,0,0
https://onlinebootycall.com,onlinebootycall.com,unknown,,,tranco_ecom,76921,0,not_ecommerce,404,False,0,,,False,,0,0,0
https://vgamestudio.com,vgamestudio.com,unknown,,,tranco_ecom,76929,0,not_ecommerce,404,False,0,,,False,,0,0,0
https://mewallet.cc,mewallet.cc,unknown,,,tranco_ecom,76990,284688,connection_error,0,False,0,,,False,,0,0,0
https://losttemplegames.com,losttemplegames.com,unknown,,,tranco_ecom,77009,0,not_ecommerce,200,False,0,,,False,,0,0,0
https://shoppilot.ru,shoppilot.ru,unknown,,,tranco_ecom,77015,0,not_ecommerce,0,False,0,,,False,,0,0,0
https://griffeshop.com,griffeshop.com,unknown,,,tranco_ecom,77032,0,active,404,True,0,,,False,klarna,2,0,0
https://mysimplestore.com,mysimplestore.com,unknown,,,tranco_ecom,77116,0,inactive,404,False,0,,,False,,0,0,0
https://mynetgear.com,mynetgear.com,unknown,,,tranco_ecom,77123,136832,connection_error,0,False,0,,,False,,0,0,0
https://runningmagazine.ca,runningmagazine.ca,unknown,,,tranco_ecom,77126,41565,not_ecommerce,200,False,0,,,False,,0,0,0
https://gamevui.vn,gamevui.vn,unknown,,,tranco_ecom,77135,358294,timeout,0,False,0,,,False,,0,0,0
https://sportz.io,sportz.io,unknown,,,tranco_ecom,77140,0,timeout,0,False,0,,,False,,0,0,0
https://teachable.cloud,teachable.cloud,unknown,,,tranco_ecom,77163,0,connection_error,0,False,0,,,False,,0,0,0
https://epicgames.net,epicgames.net,unknown,,,tranco_ecom,77169,0,timeout,0,False,0,,,False,,0,0,0
https://remarketing.company,remarketing.company,unknown,,,tranco_ecom,77187,18729,not_ecommerce,404,False,0,,,False,,0,0,0
https://besoft-game.top,besoft-game.top,unknown,,,tranco_ecom,77351,0,inactive,403,False,0,,,False,,0,0,0
https://pygame.org,pygame.org,unknown,,,tranco_ecom,77362,21753,not_ecommerce,404,False,0,,,False,,1,0,0
https://sporting.com.ar,sporting.com.ar,unknown,,,tranco_ecom,77380,0,connection_error,0,False,0,,,False,,0,0,0
https://movieshdwatch.to,movieshdwatch.to,unknown,,,tranco_ecom,77395,0,not_ecommerce,404,False,0,,,False,,0,0,0
https://audiogon.com,audiogon.com,unknown,,,tranco_ecom,77411,76023,not_ecommerce,200,False,0,,,False,,0,0,0
https://sportnet.hr,sportnet.hr,unknown,,,tranco_ecom,77469,317923,timeout,0,False,0,,,False,,0,0,0
https://lukoil.ru,lukoil.ru,unknown,,,tranco_ecom,77473,39789,timeout,0,False,0,,,False,,0,0,0
https://iamsport.ro,iamsport.ro,unknown,,,tranco_ecom,77562,493060,not_ecommerce,200,False,0,,,False,,0,0,0
https://ateasesystems.net,ateasesystems.net,unknown,,,tranco_ecom,77570,0,not_ecommerce,404,False,0,,,False,,0,0,0
https://brandfinance.com,brandfinance.com,unknown,,,tranco_ecom,77604,20471,not_ecommerce,404,False,0,,,False,,0,0,0
https://jdsports.pl,jdsports.pl,unknown,,,tranco_ecom,77642,0,inactive,403,False,0,,,False,,0,0,0
https://platawinepartners.com,platawinepartners.com,unknown,,,tranco_ecom,77651,0,not_ecommerce,404,False,0,,,False,,1,0,0
https://wowpic4.store,wowpic4.store,unknown,,,tranco_ecom,77750,0,connection_error,0,False,0,,,False,,0,0,0
https://rusoil.net,rusoil.net,unknown,,,tranco_ecom,77785,202450,timeout,0,False,0,,,False,,0,0,0
https://series2watch.net,series2watch.net,unknown,,,tranco_ecom,77860,0,connection_error,0,False,0,,,False,,0,0,0
https://watchwrestling.ae,watchwrestling.ae,unknown,,,tranco_ecom,77902,0,not_ecommerce,0,False,0,,,False,,0,0,0
https://teatmik.ee,teatmik.ee,unknown,,,tranco_ecom,77952,252692,not_ecommerce,200,False,0,,,False,,0,0,0
https://hospicemd.com,hospicemd.com,unknown,,,tranco_ecom,78116,0,not_ecommerce,404,False,0,,,False,,0,0,0
https://softphone.com,softphone.com,unknown,,,tranco_ecom,78149,0,not_ecommerce,200,False,0,,,False,,0,0,0
https://ogamex.net,ogamex.net,unknown,,,tranco_ecom,78178,0,inactive,403,False,0,,,False,,0,0,0
https://hybegames.com,hybegames.com,unknown,,,tranco_ecom,78183,0,connection_error,0,False,0,,,False,,0,0,0
https://teachmeanatomy.info,teachmeanatomy.info,woocommerce,,,tranco_ecom,78355,55300,active,200,False,0,,,False,,1,0,0
https://ozzogames.com,ozzogames.com,unknown,,,tranco_ecom,78458,0,inactive,404,False,0,,,False,,0,0,0
https://sportal.gr,sportal.gr,unknown,,,tranco_ecom,78494,636826,not_ecommerce,404,False,0,,,False,,0,0,0
https://wowpic3.store,wowpic3.store,unknown,,,tranco_ecom,78561,0,timeout,0,False,0,,,False,,0,0,0
https://qazsporttv.kz,qazsporttv.kz,unknown,,,tranco_ecom,78617,636367,not_ecommerce,404,False,0,,,False,,0,0,0
https://customerlabs.co,customerlabs.co,unknown,,,tranco_ecom,78696,0,timeout,0,False,0,,,False,,0,0,0
https://tengrisport.kz,tengrisport.kz,unknown,,,tranco_ecom,78738,593662,not_ecommerce,404,False,0,,,False,,0,0,0
https://steam.tv,steam.tv,unknown,,,tranco_ecom,78771,774329,not_ecommerce,200,False,0,,,False,,1,0,0
https://premium-water.net,premium-water.net,unknown,,,tranco_ecom,78788,392662,not_ecommerce,404,False,0,,,False,,1,0,0
https://tealiumapis.com,tealiumapis.com,unknown,,,tranco_ecom,78809,0,connection_error,0,False,0,,,False,,0,0,0
https://racingandsports.com.au,racingandsports.com.au,unknown,,,tranco_ecom,78831,132077,inactive,403,False,0,,,False,,0,0,0
https://wellness.com,wellness.com,unknown,,,tranco_ecom,78852,37505,not_ecommerce,404,False,0,,,False,,0,0,0
https://runningwinner.com,runningwinner.com,unknown,,,tranco_ecom,78918,0,server_error,502,False,0,,,False,,0,0,0
https://sportvision.rs,sportvision.rs,unknown,,,tranco_ecom,78986,426170,not_ecommerce,404,False,0,,,False,,1,0,0
https://elliteapostas.org,elliteapostas.org,unknown,,,tranco_ecom,79008,0,not_ecommerce,404,False,0,,,False,,0,0,0
https://elamigosgamez.net,elamigosgamez.net,unknown,,,tranco_ecom,79026,0,not_ecommerce,404,False,0,,,False,,1,0,0
https://proteinatlas.org,proteinatlas.org,unknown,,,tranco_ecom,79052,71504,not_ecommerce,404,False,0,,,False,,0,0,0
https://customs.go.kr,customs.go.kr,unknown,,,tranco_ecom,79065,0,not_ecommerce,200,False,0,,,False,,0,0,0
https://lemondeducampingcar.fr,lemondeducampingcar.fr,unknown,,,tranco_ecom,79091,347110,not_ecommerce,404,False,0,,,False,,0,0,0
https://bursatransport.com,bursatransport.com,unknown,,,tranco_ecom,79145,0,not_ecommerce,404,False,0,,,False,,0,0,0
https://haikusoap.com,haikusoap.com,unknown,,,tranco_ecom,79160,0,inactive,404,False,0,,,False,,0,0,0
https://abigcandyspins.com,abigcandyspins.com,unknown,,,tranco_ecom,79252,760249,not_ecommerce,0,False,0,,,False,,0,0,0
https://arylblurry.shop,arylblurry.shop,unknown,,,tranco_ecom,79279,0,connection_error,0,False,0,,,False,,0,0,0
https://e-cigarette-forum.com,e-cigarette-forum.com,unknown,,,tranco_ecom,79383,95683,not_ecommerce,404,False,0,,,False,,0,0,0
https://bigcakegame.com,bigcakegame.com,unknown,,,tranco_ecom,79465,0,not_ecommerce,404,False,0,,,False,,0,0,0
https://worldphone.in,worldphone.in,woocommerce,,,tranco_ecom,79469,0,active,404,False,0,,,False,,0,0,0
https://napoleongames.ro,napoleongames.ro,unknown,,,tranco_ecom,79628,0,not_ecommerce,200,False,0,,,False,,0,0,0
https://md-fashion.ua,md-fashion.ua,unknown,,,tranco_ecom,79647,420940,inactive,403,False,0,,,False,,0,0,0
https://shopzaza.com,shopzaza.com,unknown,,US,tranco_ecom,79651,0,active,429,True,0,,,False,,2,0,0
https://shopgate.services,shopgate.services,unknown,,,tranco_ecom,79690,0,connection_error,0,False,0,,,False,,0,0,0
https://cricbd88.club,cricbd88.club,unknown,,,tranco_ecom,79700,563133,inactive,403,False,0,,,False,,0,0,0
https://shoppingchina.com.py,shoppingchina.com.py,unknown,,,tranco_ecom,79769,817361,not_ecommerce,401,False,0,,,False,,1,0,0
https://xxx-premium.com,xxx-premium.com,unknown,,,tranco_ecom,79795,0,not_ecommerce,404,False,0,,,False,,0,0,0
https://hardrocksportsbook.com,hardrocksportsbook.com,unknown,,,tranco_ecom,79896,0,not_ecommerce,200,False,0,,,False,,0,0,0
https://naoko-store.pl,naoko-store.pl,unknown,,,tranco_ecom,79926,0,rate_limited,429,False,0,,,False,,0,0,0
https://ibraqperfumes.com,ibraqperfumes.com,unknown,,,tranco_ecom,80009,0,not_ecommerce,0,False,0,,,False,,1,0,0
https://h-game18.xyz,h-game18.xyz,unknown,,,tranco_ecom,80033,752936,not_ecommerce,404,False,0,,,False,,0,0,0
https://moustakastoys.gr,moustakastoys.gr,unknown,,,tranco_ecom,80082,587210,not_ecommerce,404,False,0,,,False,,1,0,0
https://bannersnack.com,bannersnack.com,unknown,,,tranco_ecom,80094,48037,not_ecommerce,200,False,0,,,False,,1,0,0
https://onestore.net,onestore.net,unknown,,,tranco_ecom,80096,544628,not_ecommerce,0,False,0,,,False,,0,0,0
https://kezgames.com,kezgames.com,unknown,,,tranco_ecom,80130,0,not_ecommerce,200,False,0,,,False,,0,0,0
https://higherorlowergame.com,higherorlowergame.com,unknown,,,tranco_ecom,80184,0,not_ecommerce,404,False,0,,,False,,0,0,0
https://teamster.org,teamster.org,unknown,,,tranco_ecom,80332,22775,not_ecommerce,404,False,0,,,False,,1,0,0
https://sportvision.hr,sportvision.hr,unknown,,,tranco_ecom,80336,818557,not_ecommerce,404,False,0,,,False,,1,0,0
https://meetcircle-netgear.com,meetcircle-netgear.com,unknown,,,tranco_ecom,80354,0,connection_error,0,False,0,,,False,,0,0,0
https://fairylandgame.com,fairylandgame.com,unknown,,,tranco_ecom,80370,0,not_ecommerce,404,False,0,,,False,,0,0,0
https://par30games.net,par30games.net,unknown,,,tranco_ecom,80375,0,server_error,503,False,0,,,False,,0,0,0
https://wifi4games.com,wifi4games.com,unknown,,,tranco_ecom,80457,0,not_ecommerce,404,False,0,,,False,,0,0,0
https://apteancloud.com,apteancloud.com,unknown,,,tranco_ecom,80464,0,connection_error,0,False,0,,,False,,0,0,0
https://bellavitaorganic.com,bellavitaorganic.com,unknown,,,tranco_ecom,80585,564689,rate_limited,429,False,0,,,False,,0,0,0
https://teatimeresults.info,teatimeresults.info,unknown,,,tranco_ecom,80645,350860,not_ecommerce,200,False,0,,,False,,0,0,0
https://wowpic1.store,wowpic1.store,unknown,,,tranco_ecom,80670,0,connection_error,0,False,0,,,False,,0,0,0
https://spdmteam.com,spdmteam.com,unknown,,,tranco_ecom,80865,0,not_ecommerce,200,False,0,,,False,,0,0,0
https://makeup.md,makeup.md,unknown,,,tranco_ecom,80899,0,not_ecommerce,202,False,0,,,False,,0,0,0
https://sportslivetoday.com,sportslivetoday.com,unknown,,,tranco_ecom,80901,0,not_ecommerce,404,False,0,,,False,,0,0,0
https://vikidia.org,vikidia.org,unknown,,,tranco_ecom,80923,56671,inactive,403,False,0,,,False,,0,0,0
https://apunkagames.net,apunkagames.net,unknown,,,tranco_ecom,80929,580052,not_ecommerce,404,False,0,,,False,,0,0,0
https://sopharmacy.bg,sopharmacy.bg,unknown,,,tranco_ecom,80971,662482,inactive,403,False,0,,,False,,0,0,0
https://buhphone.com,buhphone.com,unknown,,,tranco_ecom,80991,0,not_ecommerce,0,False,0,,,False,,0,0,0
https://aiphone-app.net,aiphone-app.net,unknown,,,tranco_ecom,81024,0,connection_error,0,False,0,,,False,,0,0,0
https://creamoutlet.ro,creamoutlet.ro,unknown,,,tranco_ecom,81052,0,rate_limited,429,False,0,,,False,,0,0,0
https://buzzsneakers.rs,buzzsneakers.rs,unknown,,,tranco_ecom,81109,910261,not_ecommerce,404,False,0,,,False,,1,0,0
https://smokerfiascos.cyou,smokerfiascos.cyou,unknown,,,tranco_ecom,81114,0,timeout,0,False,0,,,False,,0,0,0
https://toyota.eu,toyota.eu,unknown,,,tranco_ecom,81143,70838,connection_error,0,False,0,,,False,,0,0,0
https://kino-teatr.ua,kino-teatr.ua,unknown,,,tranco_ecom,81198,257806,not_ecommerce,404,False,0,,,False,,0,0,0
https://covetfashion.com,covetfashion.com,unknown,,,tranco_ecom,81298,0,not_ecommerce,200,False,0,,,False,,0,0,0
https://gearupglobal.com,gearupglobal.com,unknown,,,tranco_ecom,81392,0,connection_error,0,False,0,,,False,,0,0,0
https://shop.pr,shop.pr,unknown,,,tranco_ecom,81433,0,not_ecommerce,404,False,0,,,False,,0,0,0
https://steadfastdns.net,steadfastdns.net,unknown,,,tranco_ecom,81490,0,connection_error,0,False,0,,,False,,0,0,0
https://unfattybeveled.shop,unfattybeveled.shop,unknown,,,tranco_ecom,81511,0,connection_error,0,False,0,,,False,,0,0,0
https://hikingproject.com,hikingproject.com,unknown,,,tranco_ecom,81512,24261,not_ecommerce,404,False,0,,,False,,0,0,0
https://dyfashion.ro,dyfashion.ro,unknown,,,tranco_ecom,81521,902121,active,404,True,0,,,False,,2,0,0
https://hurawatch.fm,hurawatch.fm,unknown,,,tranco_ecom,81568,0,not_ecommerce,404,False,0,,,False,,0,0,0
https://rstgames.ru,rstgames.ru,unknown,,,tranco_ecom,81613,0,not_ecommerce,0,False,0,,,False,,0,0,0
https://love-games1.net,love-games1.net,unknown,,,tranco_ecom,81636,0,not_ecommerce,404,False,0,,,False,,0,0,0
https://shopsector.com,shopsector.com,unknown,,,tranco_ecom,81698,0,not_ecommerce,0,False,0,,,False,,1,0,0
https://oncomesterin.shop,oncomesterin.shop,unknown,,,tranco_ecom,81742,0,connection_error,0,False,0,,,False,,0,0,0
https://rgsgames.com,rgsgames.com,unknown,,,tranco_ecom,81804,0,connection_error,0,False,0,,,False,,0,0,0
https://scarpescarpestore.com,scarpescarpestore.com,magento,,,tranco_ecom,81814,0,active,404,False,0,,,False,paypal,1,0,0
https://idppgame.space,idppgame.space,unknown,,,tranco_ecom,81858,0,not_ecommerce,441,False,0,,,False,,0,0,0
https://uwallet.link,uwallet.link,unknown,,,tranco_ecom,81860,538382,connection_error,0,False,0,,,False,,0,0,0
https://intersport.com.tr,intersport.com.tr,unknown,,,tranco_ecom,81895,0,active,404,True,0,,,False,,2,0,0
https://brandsreviews.com,brandsreviews.com,unknown,,,tranco_ecom,81901,20159,not_ecommerce,404,False,0,,,False,,0,0,0
https://genesis-eshop.cz,genesis-eshop.cz,unknown,,,tranco_ecom,81913,0,not_ecommerce,404,False,0,,,False,,0,0,0
https://truyenaudiocv.org,truyenaudiocv.org,unknown,,,tranco_ecom,81915,0,not_ecommerce,403,False,0,,,False,,0,0,0
https://easyfungames.com,easyfungames.com,unknown,,,tranco_ecom,81949,0,not_ecommerce,404,False,0,,,False,,1,0,0
https://walletme.net,walletme.net,unknown,,,tranco_ecom,82102,456823,connection_error,0,False,0,,,False,,0,0,0
https://svestonwatches.com,svestonwatches.com,unknown,,,tranco_ecom,82129,0,inactive,404,False,0,,,False,,0,0,0
https://buildkiteartifacts.com,buildkiteartifacts.com,unknown,,,tranco_ecom,82165,0,inactive,403,False,0,,,False,,0,0,0
https://audioholics.com,audioholics.com,unknown,,,tranco_ecom,82230,30276,active,404,True,0,,,False,,2,0,0
https://logcockpiperno.shop,logcockpiperno.shop,unknown,,,tranco_ecom,82259,0,timeout,0,False,0,,,False,,0,0,0
https://88okpay.shop,88okpay.shop,unknown,,,tranco_ecom,82268,0,not_ecommerce,200,False,0,,,False,,0,0,0
https://wowpic5.store,wowpic5.store,unknown,,,tranco_ecom,82389,0,connection_error,0,False,0,,,False,,0,0,0
https://mytoy.tv,mytoy.tv,unknown,,,tranco_ecom,82395,0,not_ecommerce,404,False,0,,,False,,1,0,0
https://mudgames.in,mudgames.in,unknown,,,tranco_ecom,82416,0,not_ecommerce,404,False,0,,,False,,0,0,0
https://boiteachansons.net,boiteachansons.net,unknown,,,tranco_ecom,82503,431435,not_ecommerce,200,False,0,,,False,,0,0,0
https://atgames.xyz,atgames.xyz,unknown,,,tranco_ecom,82523,0,not_ecommerce,404,False,0,,,False,,0,0,0
https://galsport.win,galsport.win,unknown,,,tranco_ecom,82566,0,inactive,403,False,0,,,False,,0,0,0
https://graphitestore.com,graphitestore.com,unknown,,,tranco_ecom,82656,0,connection_error,0,False,0,,,False,,0,0,0
https://sportvision.ba,sportvision.ba,unknown,,,tranco_ecom,82712,0,active,404,True,0,,,False,,2,0,0
https://hgamefree.info,hgamefree.info,unknown,,,tranco_ecom,82772,0,inactive,403,False,0,,,False,,0,0,0
https://ex-shop.net,ex-shop.net,unknown,,,tranco_ecom,82775,0,not_ecommerce,404,False,0,,,False,,0,0,0
https://teachy.ai,teachy.ai,unknown,,,tranco_ecom,82963,583832,not_ecommerce,200,False,0,,,False,,0,0,0
https://aparatsport.ir,aparatsport.ir,unknown,,,tranco_ecom,82993,0,timeout,0,False,0,,,False,,0,0,0
https://pluricosmetica.com,pluricosmetica.com,unknown,,,tranco_ecom,83067,0,active,404,True,0,,,False,,2,0,0
https://casadelaudio.com,casadelaudio.com,unknown,,,tranco_ecom,83072,0,not_ecommerce,404,False,0,,,False,,1,0,0
https://fashionspark.com,fashionspark.com,unknown,,,tranco_ecom,83146,0,rate_limited,429,False,0,,,False,,0,0,0
https://dixiefashion.com,dixiefashion.com,magento,,,tranco_ecom,83181,0,active,404,True,0,,,False,,3,0,0
https://brandeins.de,brandeins.de,unknown,,,tranco_ecom,83266,25799,not_ecommerce,406,False,0,,,False,,1,0,0
https://babyfiya.com,babyfiya.com,unknown,,,tranco_ecom,83319,0,not_ecommerce,200,False,0,,,False,,0,0,0
https://gadget.app,gadget.app,unknown,,,tranco_ecom,83380,0,not_ecommerce,0,False,0,,,False,,0,0,0
https://coldstonecreamery.com,coldstonecreamery.com,unknown,,,tranco_ecom,83396,32226,not_ecommerce,404,False,0,,,False,,0,0,0
https://teachy.com.br,teachy.com.br,unknown,,,tranco_ecom,83404,0,not_ecommerce,200,False,0,,,False,,0,0,0
https://urbanofashion.com,urbanofashion.com,unknown,,,tranco_ecom,83409,0,rate_limited,429,False,0,,,False,,0,0,0
https://shopsixle.com,shopsixle.com,unknown,,,tranco_ecom,83466,0,connection_error,0,False,0,,,False,,0,0,0
https://phonevibe.net,phonevibe.net,unknown,,,tranco_ecom,83468,0,not_ecommerce,404,False,0,,,False,,0,0,0
https://4dlivegame.com,4dlivegame.com,unknown,,,tranco_ecom,83470,0,not_ecommerce,404,False,0,,,False,,0,0,0
https://sportall.ge,sportall.ge,unknown,,,tranco_ecom,83619,632463,not_ecommerce,404,False,0,,,False,,0,0,0
https://bestgame.vip,bestgame.vip,unknown,,,tranco_ecom,83640,0,not_ecommerce,404,False,0,,,False,,0,0,0
https://gymbeam.ro,gymbeam.ro,unknown,,,tranco_ecom,83664,866847,active,404,True,0,,,False,,2,0,0
https://passportsecure.net,passportsecure.net,unknown,,,tranco_ecom,83800,0,inactive,403,False,0,,,False,,0,0,0
https://gamemonkey.org,gamemonkey.org,unknown,,,tranco_ecom,83858,0,timeout,0,False,0,,,False,,0,0,0
https://brandfetch.com,brandfetch.com,unknown,,,tranco_ecom,83861,52485,inactive,403,False,0,,,False,,0,0,0
https://megamedusalive.com,megamedusalive.com,unknown,,,tranco_ecom,83894,820947,not_ecommerce,404,False,0,,,False,,1,0,0
https://b4watch.com,b4watch.com,unknown,,,tranco_ecom,83967,0,not_ecommerce,404,False,0,,,False,,0,0,0
https://intersport.ro,intersport.ro,unknown,,,tranco_ecom,83988,0,inactive,403,False,0,,,False,,0,0,0
https://packagemanati.shop,packagemanati.shop,unknown,,,tranco_ecom,83994,0,connection_error,0,False,0,,,False,,0,0,0
https://gamesmv.com,gamesmv.com,unknown,,,tranco_ecom,84066,0,not_ecommerce,404,False,0,,,False,,0,0,0
https://portal.shop,portal.shop,unknown,,,tranco_ecom,84081,0,not_ecommerce,404,False,0,,,False,,0,0,0
https://truyenvn.shop,truyenvn.shop,unknown,,,tranco_ecom,84117,0,not_ecommerce,404,False,0,,,False,,1,0,0
https://wccgames7.xyz,wccgames7.xyz,unknown,,,tranco_ecom,84275,0,not_ecommerce,200,False,0,,,False,,0,0,0
https://pharmaclick.uz,pharmaclick.uz,unknown,,,tranco_ecom,84276,0,not_ecommerce,404,False,0,,,False,,0,0,0
https://gameplayscassi.com.br,gameplayscassi.com.br,unknown,,,tranco_ecom,84282,0,not_ecommerce,404,False,0,,,False,,0,0,0
https://tgtransport.net,tgtransport.net,unknown,,,tranco_ecom,84325,477095,inactive,404,False,0,,,False,,0,0,0
https://okfurniture.co.za,okfurniture.co.za,magento,,,tranco_ecom,84398,0,active,404,True,0,,,False,,2,0,0
https://programateapuesto.pe,programateapuesto.pe,unknown,,,tranco_ecom,84404,0,not_ecommerce,200,False,0,,,False,,0,0,0
https://shopecs.com,shopecs.com,unknown,,,tranco_ecom,84411,0,rate_limited,429,False,0,,,False,,0,0,0
https://playgame.zone,playgame.zone,unknown,,,tranco_ecom,84433,0,connection_error,0,False,0,,,False,,0,0,0
https://gourmet.cl,gourmet.cl,unknown,,,tranco_ecom,84504,727231,not_ecommerce,404,False,0,,,False,,0,0,0
https://spoilerplus.tv,spoilerplus.tv,unknown,,,tranco_ecom,84528,0,not_ecommerce,404,False,0,,,False,,0,0,0
https://utb-shop.ro,utb-shop.ro,unknown,,,tranco_ecom,84567,0,not_ecommerce,200,False,0,,,False,,0,0,0
https://spicegems.com,spicegems.com,unknown,,,tranco_ecom,84572,0,not_ecommerce,404,False,0,,,False,,0,0,0
https://sportinfo.az,sportinfo.az,unknown,,,tranco_ecom,84574,884708,not_ecommerce,404,False,0,,,False,,0,0,0
https://makeup.global,makeup.global,unknown,,,tranco_ecom,84629,0,not_ecommerce,0,False,0,,,False,,0,0,0
https://teamsg.in,teamsg.in,unknown,,,tranco_ecom,84665,494759,inactive,0,False,0,,,False,,0,0,0
https://blizzboygames.net,blizzboygames.net,woocommerce,,,tranco_ecom,84677,999888,active,404,False,0,,,False,,0,0,0
https://brandshelter.net,brandshelter.net,unknown,,,tranco_ecom,84859,0,connection_error,0,False,0,,,False,,0,0,0
https://cocorico.store,cocorico.store,unknown,,,tranco_ecom,85158,0,rate_limited,429,False,0,,,False,,0,0,0
https://movielinkbd.shop,movielinkbd.shop,unknown,,,tranco_ecom,85325,0,inactive,403,False,0,,,False,,0,0,0
https://spincashpggame.com,spincashpggame.com,unknown,,,tranco_ecom,85357,0,connection_error,0,False,0,,,False,,0,0,0
https://watchomovies.delivery,watchomovies.delivery,unknown,,,tranco_ecom,85376,0,inactive,403,False,0,,,False,,0,0,0
https://britishcycling.org.uk,britishcycling.org.uk,unknown,,,tranco_ecom,85435,29848,inactive,403,False,0,,,False,,0,0,0
https://himalayawellness.com,himalayawellness.com,bigcommerce,,,tranco_ecom,85490,595549,active,404,False,0,,,False,,0,0,0
https://coffeee.uk,coffeee.uk,unknown,,,tranco_ecom,85493,22196,not_ecommerce,200,False,0,,,False,,0,0,0
https://chick-team.ru,chick-team.ru,unknown,,,tranco_ecom,85532,0,connection_error,0,False,0,,,False,,0,0,0
https://gamedeals.io,gamedeals.io,unknown,,,tranco_ecom,85541,0,not_ecommerce,404,False,0,,,False,,1,0,0
https://downloadcomputergames.net,downloadcomputergames.net,unknown,,,tranco_ecom,85605,0,not_ecommerce,404,False,0,,,False,,0,0,0
https://fitnesslove.net,fitnesslove.net,unknown,,,tranco_ecom,85636,0,not_ecommerce,404,False,0,,,False,,0,0,0
https://superbgame.net,superbgame.net,unknown,,,tranco_ecom,85696,0,connection_error,0,False,0,,,False,,0,0,0
https://sportzfys.com,sportzfys.com,unknown,,,tranco_ecom,85701,0,not_ecommerce,404,False,0,,,False,,0,0,0
https://778toy.shop,778toy.shop,unknown,,,tranco_ecom,85708,0,inactive,403,False,0,,,False,,0,0,0
https://techplaygames.com,techplaygames.com,unknown,,,tranco_ecom,85749,0,not_ecommerce,404,False,0,,,False,,0,0,0
https://o3team.ru,o3team.ru,unknown,,,tranco_ecom,85815,0,connection_error,0,False,0,,,False,,0,0,0
https://hokidraw.com,hokidraw.com,unknown,,,tranco_ecom,85854,0,not_ecommerce,404,False,0,,,False,,0,0,0
https://nesteoil.com,nesteoil.com,unknown,,,tranco_ecom,85907,628348,not_ecommerce,404,False,0,,,False,,0,0,0
https://thegameroom.org,thegameroom.org,unknown,,,tranco_ecom,85982,20095,not_ecommerce,404,False,0,,,False,,0,0,0
https://gamezfull.com,gamezfull.com,unknown,,,tranco_ecom,86030,0,not_ecommerce,404,False,0,,,False,,0,0,0
https://closetchildonlineshop.com,closetchildonlineshop.com,unknown,,,tranco_ecom,86041,0,not_ecommerce,404,False,0,,,False,,1,0,0
https://sustainablebrands.com,sustainablebrands.com,unknown,,,tranco_ecom,86046,21888,not_ecommerce,404,False,0,,,False,,0,0,0
https://sportnanoapi.com,sportnanoapi.com,unknown,,,tranco_ecom,86050,0,connection_error,0,False,0,,,False,,0,0,0
https://redtubepremium.com,redtubepremium.com,unknown,,,tranco_ecom,86058,0,not_ecommerce,200,False,0,,,False,,0,0,0
https://92playgame.top,92playgame.top,unknown,,,tranco_ecom,86064,0,not_ecommerce,404,False,0,,,False,,0,0,0
https://crystalsport.ge,crystalsport.ge,unknown,,,tranco_ecom,86167,654479,not_ecommerce,404,False,0,,,False,,0,0,0
https://80game.vip,80game.vip,unknown,,,tranco_ecom,86224,0,not_ecommerce,404,False,0,,,False,,0,0,0
https://ateamas.com,ateamas.com,unknown,,,tranco_ecom,86242,0,not_ecommerce,404,False,0,,,False,,0,0,0
https://thsport.io,thsport.io,unknown,,,tranco_ecom,86268,0,not_ecommerce,404,False,0,,,False,,0,0,0
https://printshoppy.com,printshoppy.com,opencart,,,tranco_ecom,86288,0,active,0,False,0,,,False,,1,0,0
https://teachx.in,teachx.in,unknown,,,tranco_ecom,86292,0,inactive,404,False,0,,,False,,0,0,0
https://brandpa.com,brandpa.com,unknown,,,tranco_ecom,86307,294530,not_ecommerce,200,False,0,,,False,,1,0,0
https://uugame.com,uugame.com,unknown,,,tranco_ecom,86329,0,connection_error,0,False,0,,,False,,0,0,0
https://smokekind.com,smokekind.com,shopify,,US,tranco_ecom,86330,0,active,429,True,0,,,True,,4,0,0
https://gameguard.jp,gameguard.jp,unknown,,,tranco_ecom,86398,0,timeout,0,False,0,,,False,,0,0,0
https://foilhat.net,foilhat.net,unknown,,,tranco_ecom,86419,0,timeout,0,False,0,,,False,,0,0,0
https://beauty-istanbul.com,beauty-istanbul.com,unknown,,,tranco_ecom,86431,0,not_ecommerce,200,False,0,,,False,,0,0,0
https://adorebeauty.com.au,adorebeauty.com.au,unknown,,,tranco_ecom,86532,66003,not_ecommerce,404,False,0,,,False,,1,0,0
https://w88choilathang.com,w88choilathang.com,unknown,,,tranco_ecom,86568,0,inactive,403,False,0,,,False,,0,0,0
https://astrotalk.store,astrotalk.store,shopify,,IN,tranco_ecom,86600,0,active,429,True,0,,,True,shopify_payments,4,0,0
https://mencretmesum.store,mencretmesum.store,unknown,,,tranco_ecom,86696,0,not_ecommerce,404,False,0,,,False,,0,0,0
https://brandeli.com,brandeli.com,unknown,,,tranco_ecom,86719,0,active,404,True,0,,,False,,2,0,0
https://silkperfumes.cl,silkperfumes.cl,shopify,,CL,tranco_ecom,86732,0,active,429,True,0,,,False,shopify_payments,3,0,0
https://v2pay.shop,v2pay.shop,unknown,,,tranco_ecom,86734,0,not_ecommerce,404,False,0,,,False,,0,0,0
https://turfpremium.com.ar,turfpremium.com.ar,unknown,,,tranco_ecom,86755,0,not_ecommerce,404,False,0,,,False,,0,0,0
https://nustargame.ph,nustargame.ph,unknown,,,tranco_ecom,86784,0,not_ecommerce,200,False,0,,,False,,0,0,0
https://luriechildrens.org,luriechildrens.org,unknown,,,tranco_ecom,86799,33583,not_ecommerce,404,False,0,,,False,,0,0,0
https://tikagames.com,tikagames.com,unknown,,,tranco_ecom,86846,0,not_ecommerce,404,False,0,,,False,,0,0,0
https://funtoyplanet.com,funtoyplanet.com,unknown,,,tranco_ecom,86862,0,inactive,404,False,0,,,False,,0,0,0
https://bollygame.com,bollygame.com,unknown,,,tranco_ecom,86868,0,inactive,403,False,0,,,False,,0,0,0
https://cookidoo.it,cookidoo.it,unknown,,,tranco_ecom,86959,0,not_ecommerce,404,False,0,,,False,,0,0,0
https://777w.shop,777w.shop,unknown,,,tranco_ecom,86967,0,connection_error,0,False,0,,,False,,0,0,0
https://susutersesat.store,susutersesat.store,unknown,,,tranco_ecom,87019,0,not_ecommerce,404,False,0,,,False,,0,0,0
https://premiumvertising.com,premiumvertising.com,unknown,,,tranco_ecom,87042,0,not_ecommerce,200,False,0,,,False,,0,0,0
https://gameball.co,gameball.co,unknown,,,tranco_ecom,87065,0,not_ecommerce,404,False,0,,,False,,1,0,0
https://boardgamearena.net,boardgamearena.net,unknown,,,tranco_ecom,87114,0,not_ecommerce,200,False,0,,,False,,0,0,0
https://purogamer.com,purogamer.com,unknown,,,tranco_ecom,87163,0,not_ecommerce,404,False,0,,,False,,0,0,0
https://ngakaknakal.store,ngakaknakal.store,unknown,,,tranco_ecom,87169,0,not_ecommerce,404,False,0,,,False,,0,0,0
https://kosmosteam.com,kosmosteam.com,unknown,,,tranco_ecom,87172,0,not_ecommerce,404,False,0,,,False,,0,0,0
https://shopiapps.in,shopiapps.in,unknown,,,tranco_ecom,87183,0,active,404,True,0,,,False,,2,0,0
https://babyplanet.pk,babyplanet.pk,shopify,,PK,tranco_ecom,87185,0,active,429,True,0,,,True,,3,0,0
https://eu-game-sdk.com,eu-game-sdk.com,unknown,,,tranco_ecom,87199,0,connection_error,0,False,0,,,False,,0,0,0
https://terraria-game.com,terraria-game.com,unknown,,,tranco_ecom,87204,0,not_ecommerce,404,False,0,,,False,,0,0,0
https://vnggames.net,vnggames.net,unknown,,,tranco_ecom,87235,0,connection_error,0,False,0,,,False,,0,0,0
https://doileak.com,doileak.com,unknown,,,tranco_ecom,87393,0,not_ecommerce,404,False,0,,,False,,0,0,0
https://gilgameshtech.com,gilgameshtech.com,unknown,,,tranco_ecom,87550,0,connection_error,0,False,0,,,False,,0,0,0
https://roadsteambl.com,roadsteambl.com,unknown,,,tranco_ecom,87687,0,not_ecommerce,404,False,0,,,False,,0,0,0
https://gamehayvl.com,gamehayvl.com,unknown,,,tranco_ecom,87871,0,not_ecommerce,404,False,0,,,False,,0,0,0
https://audionic.co,audionic.co,unknown,,,tranco_ecom,87982,0,rate_limited,429,False,0,,,False,,0,0,0
https://jilateskrimpanas.store,jilateskrimpanas.store,unknown,,,tranco_ecom,88025,0,not_ecommerce,404,False,0,,,False,,0,0,0
https://sportlife.com.mk,sportlife.com.mk,unknown,,,tranco_ecom,88039,0,not_ecommerce,0,False,0,,,False,,0,0,0
https://bmsg.shop,bmsg.shop,unknown,,,tranco_ecom,88098,0,rate_limited,429,False,0,,,False,,0,0,0
https://gameduell.fr,gameduell.fr,unknown,,,tranco_ecom,88105,742808,not_ecommerce,404,False,0,,,False,,0,0,0
https://taboo-game.com,taboo-game.com,unknown,,,tranco_ecom,88113,0,not_ecommerce,404,False,0,,,False,,0,0,0
https://starbucks88a.store,starbucks88a.store,unknown,,,tranco_ecom,88125,0,not_ecommerce,200,False,0,,,False,,0,0,0
https://brandswap.com,brandswap.com,unknown,,,tranco_ecom,88147,0,not_ecommerce,404,False,0,,,False,,0,0,0
https://updatemarts.com,updatemarts.com,unknown,,,tranco_ecom,88183,0,not_ecommerce,404,False,0,,,False,,0,0,0
https://helicoptergame.net,helicoptergame.net,unknown,,,tranco_ecom,88196,21175,not_ecommerce,404,False,0,,,False,,1,0,0
https://sportreality.ba,sportreality.ba,unknown,,,tranco_ecom,88258,0,not_ecommerce,404,False,0,,,False,,0,0,0
https://cricwatch.io,cricwatch.io,unknown,,,tranco_ecom,88310,0,not_ecommerce,404,False,0,,,False,,0,0,0
https://baloogames.com,baloogames.com,unknown,,,tranco_ecom,88311,0,not_ecommerce,200,False,0,,,False,,0,0,0
https://truyenaudiocv.info,truyenaudiocv.info,unknown,,,tranco_ecom,88337,0,not_ecommerce,403,False,0,,,False,,0,0,0
https://sanyteam.com,sanyteam.com,unknown,,,tranco_ecom,88360,0,not_ecommerce,404,False,0,,,False,,0,0,0
https://garuda112.shop,garuda112.shop,unknown,,,tranco_ecom,88462,0,not_ecommerce,404,False,0,,,False,,0,0,0
https://thebarboursbeauty.com.br,thebarboursbeauty.com.br,unknown,,,tranco_ecom,88514,0,rate_limited,429,False,0,,,False,,0,0,0
https://asahibeer-cp.jp,asahibeer-cp.jp,unknown,,,tranco_ecom,88550,0,connection_error,0,False,0,,,False,,0,0,0
https://dominationsgame.com,dominationsgame.com,unknown,,,tranco_ecom,88597,0,connection_error,0,False,0,,,False,,0,0,0
https://coinsgamecasino.org,coinsgamecasino.org,unknown,,,tranco_ecom,88622,22634,connection_error,0,False,0,,,False,,0,0,0
https://wholesalegorilla.app,wholesalegorilla.app,unknown,,,tranco_ecom,88638,0,server_error,525,False,0,,,False,,0,0,0
https://dnsserverboot.com,dnsserverboot.com,unknown,,,tranco_ecom,88664,0,not_ecommerce,404,False,0,,,False,,0,0,0
https://photext.shop,photext.shop,unknown,,,tranco_ecom,88721,0,not_ecommerce,404,False,0,,,False,,0,0,0
https://theaffordableorganicstore.com,theaffordableorganicstore.com,shopify,,IN,tranco_ecom,88724,0,active,429,True,0,,,True,,5,0,0
https://mysmsportal.com,mysmsportal.com,unknown,,,tranco_ecom,88742,0,not_ecommerce,404,False,0,,,False,,0,0,0
https://quizpatenteapp.com,quizpatenteapp.com,unknown,,,tranco_ecom,88757,0,not_ecommerce,404,False,0,,,False,,0,0,0
https://trafficmachine.shop,trafficmachine.shop,unknown,,,tranco_ecom,88810,0,connection_error,0,False,0,,,False,,0,0,0
https://pharmacy-x.co.uk,pharmacy-x.co.uk,unknown,,,tranco_ecom,88827,0,not_ecommerce,404,False,0,,,False,,0,0,0
https://apigacor88gta.store,apigacor88gta.store,unknown,,,tranco_ecom,88835,0,inactive,403,False,0,,,False,,0,0,0
https://jsbsports.bet,jsbsports.bet,unknown,,,tranco_ecom,88867,694275,not_ecommerce,200,False,0,,,False,,0,0,0
https://swissbeauty.in,swissbeauty.in,unknown,,,tranco_ecom,88868,0,rate_limited,429,False,0,,,False,,0,0,0
https://brandingusagamerep.com,brandingusagamerep.com,unknown,,,tranco_ecom,88885,0,timeout,0,False,0,,,False,,0,0,0
https://domikids.tv,domikids.tv,unknown,,,tranco_ecom,88924,0,not_ecommerce,404,False,0,,,False,,0,0,0
https://tempikviral.store,tempikviral.store,unknown,,,tranco_ecom,88933,0,not_ecommerce,0,False,0,,,False,,0,0,0
https://livesports055.com,livesports055.com,unknown,,,tranco_ecom,89019,0,not_ecommerce,200,False,0,,,False,,0,0,0
https://shopee.es,shopee.es,unknown,,,tranco_ecom,89062,0,not_ecommerce,200,False,0,,,False,,0,0,0
https://marjosports.com.br,marjosports.com.br,unknown,,,tranco_ecom,89091,0,not_ecommerce,200,False,0,,,False,,0,0,0
https://limakid.com,limakid.com,unknown,,,tranco_ecom,89117,0,not_ecommerce,200,False,0,,,False,,0,0,0
https://premiuminsights.site,premiuminsights.site,unknown,,,tranco_ecom,89127,0,connection_error,0,False,0,,,False,,0,0,0
https://totalsportek777.com,totalsportek777.com,unknown,,,tranco_ecom,89206,0,not_ecommerce,200,False,0,,,False,,0,0,0
https://coteetsport.ma,coteetsport.ma,unknown,,,tranco_ecom,89275,0,connection_error,0,False,0,,,False,,0,0,0
https://fibwatch.art,fibwatch.art,unknown,,,tranco_ecom,89307,0,not_ecommerce,404,False,0,,,False,,0,0,0
https://flomattress.com,flomattress.com,unknown,,,tranco_ecom,89310,0,rate_limited,429,False,0,,,False,,0,0,0
https://gamesyy.com,gamesyy.com,unknown,,,tranco_ecom,89318,0,not_ecommerce,404,False,0,,,False,,0,0,0
https://gourmetbiz.net,gourmetbiz.net,unknown,,,tranco_ecom,89327,0,not_ecommerce,404,False,0,,,False,,0,0,0
https://ie777game.org,ie777game.org,unknown,,,tranco_ecom,89346,0,connection_error,0,False,0,,,False,,0,0,0
https://in7game.org,in7game.org,unknown,,,tranco_ecom,89351,0,connection_error,0,False,0,,,False,,0,0,0
https://kidplan.com,kidplan.com,unknown,,,tranco_ecom,89375,0,not_ecommerce,404,False,0,,,False,,0,0,0
https://nursery.co.jp,nursery.co.jp,unknown,,,tranco_ecom,89428,0,timeout,0,False,0,,,False,,0,0,0
https://powerwatch.jp,powerwatch.jp,unknown,,,tranco_ecom,89438,0,not_ecommerce,404,False,0,,,False,,0,0,0
https://romsportugues.com,romsportugues.com,unknown,,,tranco_ecom,89443,0,not_ecommerce,404,False,0,,,False,,1,0,0
https://s29s29.shop,s29s29.shop,unknown,,,tranco_ecom,89444,0,connection_error,0,False,0,,,False,,0,0,0
https://u888br.shop,u888br.shop,unknown,,,tranco_ecom,89479,0,inactive,403,False,0,,,False,,0,0,0
https://vitaminkoo.com,vitaminkoo.com,woocommerce,,,tranco_ecom,89485,0,active,404,True,0,,,False,,2,0,0
https://damangames.onl,damangames.onl,unknown,,,tranco_ecom,89534,760059,not_ecommerce,404,False,0,,,False,,0,0,0
https://10transport.com,10transport.com,unknown,,,tranco_ecom,89537,0,server_error,404,False,0,,,False,,0,0,0
https://net-fashion.net,net-fashion.net,unknown,,,tranco_ecom,89623,806256,not_ecommerce,404,False,0,,,False,,1,0,0
https://polkaudio.com,polkaudio.com,unknown,,,tranco_ecom,89624,45465,active,404,True,0,,,False,adyen,2,0,0
https://epicsports.me,epicsports.me,unknown,,,tranco_ecom,89674,0,connection_error,0,False,0,,,False,,0,0,0
https://aniwatchtv.by,aniwatchtv.by,unknown,,,tranco_ecom,89699,0,not_ecommerce,200,False,0,,,False,,0,0,0
https://stulchik.shop,stulchik.shop,unknown,,,tranco_ecom,89718,0,not_ecommerce,404,False,0,,,False,,0,0,0
https://shopbgdstyle.com,shopbgdstyle.com,unknown,,,tranco_ecom,89736,0,not_ecommerce,404,False,0,,,False,,0,0,0
https://audiolibrix.com,audiolibrix.com,unknown,,,tranco_ecom,89821,315146,not_ecommerce,404,False,0,,,False,,0,0,0
https://electronic.us,electronic.us,unknown,,,tranco_ecom,89851,472002,not_ecommerce,404,False,0,,,False,,1,0,0
https://47brand.com,47brand.com,unknown,,,tranco_ecom,89859,185560,rate_limited,429,False,0,,,False,,0,0,0
https://vg-store.ir,vg-store.ir,unknown,,,tranco_ecom,89907,0,timeout,0,False,0,,,False,,0,0,0
https://equipmenttrader.com,equipmenttrader.com,unknown,,,tranco_ecom,89957,176009,inactive,202,False,0,,,False,,0,0,0
https://funbabygame.top,funbabygame.top,unknown,,,tranco_ecom,90009,0,not_ecommerce,404,False,0,,,False,,0,0,0
https://omg369game.vip,omg369game.vip,unknown,,,tranco_ecom,90083,0,not_ecommerce,200,False,0,,,False,,0,0,0
https://today-sports7.com,today-sports7.com,unknown,,,tranco_ecom,90112,0,not_ecommerce,404,False,0,,,False,,0,0,0
https://bikegames-eu.com,bikegames-eu.com,unknown,,,tranco_ecom,90117,0,inactive,404,False,0,,,False,,0,0,0
https://sportrick.com,sportrick.com,unknown,,,tranco_ecom,90223,0,not_ecommerce,200,False,0,,,False,,0,0,0
https://breannabeauty.com,breannabeauty.com,unknown,,,tranco_ecom,90228,0,not_ecommerce,404,False,0,,,False,,0,0,0
https://technosport.in,technosport.in,unknown,,,tranco_ecom,90293,0,rate_limited,429,False,0,,,False,,0,0,0
https://babysfera.ru,babysfera.ru,unknown,,,tranco_ecom,90374,0,not_ecommerce,404,False,0,,,False,,0,0,0
https://vipgames.me,vipgames.me,unknown,,,tranco_ecom,90393,0,not_ecommerce,404,False,0,,,False,,0,0,0
https://customerfirstfocus.com,customerfirstfocus.com,unknown,,,tranco_ecom,90421,0,not_ecommerce,404,False,0,,,False,,0,0,0
https://virallsotwe.store,virallsotwe.store,unknown,,,tranco_ecom,90443,0,not_ecommerce,404,False,0,,,False,,0,0,0
https://zingtruyen.store,zingtruyen.store,unknown,,,tranco_ecom,90447,0,not_ecommerce,404,False,0,,,False,,0,0,0
https://mycbdesk.com,mycbdesk.com,unknown,,,tranco_ecom,90454,0,not_ecommerce,200,False,0,,,False,,0,0,0
https://etea.edu.pk,etea.edu.pk,unknown,,,tranco_ecom,90480,923608,not_ecommerce,404,False,0,,,False,,0,0,0
https://wearcomet.com,wearcomet.com,unknown,,,tranco_ecom,90489,0,rate_limited,429,False,0,,,False,,0,0,0
https://serverteam3.com,serverteam3.com,unknown,,,tranco_ecom,90513,0,not_ecommerce,404,False,0,,,False,,0,0,0
https://candy888.info,candy888.info,unknown,,,tranco_ecom,90525,0,not_ecommerce,200,False,0,,,False,,0,0,0
https://clearwatch.tv,clearwatch.tv,unknown,,,tranco_ecom,90528,0,connection_error,0,False,0,,,False,,0,0,0
https://vicitygame.com,vicitygame.com,unknown,,,tranco_ecom,90531,0,not_ecommerce,404,False,0,,,False,,0,0,0
https://vipyonogames.com,vipyonogames.com,unknown,,,tranco_ecom,90559,0,not_ecommerce,404,False,0,,,False,,0,0,0
https://amaravathiteacher.com,amaravathiteacher.com,unknown,,,tranco_ecom,90586,0,timeout,0,False,0,,,False,,0,0,0
https://dawooddesigners.com,dawooddesigners.com,unknown,,,tranco_ecom,90596,0,rate_limited,429,False,0,,,False,,0,0,0
https://luckygame689.com,luckygame689.com,unknown,,,tranco_ecom,90656,0,not_ecommerce,404,False,0,,,False,,0,0,0
https://tom-tailor.store,tom-tailor.store,unknown,,,tranco_ecom,90684,0,active,404,True,0,,,False,,4,0,0
https://gameeroid.com,gameeroid.com,unknown,,,tranco_ecom,90687,0,not_ecommerce,404,False,0,,,False,,0,0,0
https://pharmabharat.com,pharmabharat.com,unknown,,,tranco_ecom,90703,0,not_ecommerce,404,False,0,,,False,,0,0,0
https://hwccustomers.com,hwccustomers.com,unknown,,,tranco_ecom,90765,0,connection_error,0,False,0,,,False,,0,0,0
https://sportclipsinc.com,sportclipsinc.com,unknown,,,tranco_ecom,90877,0,not_ecommerce,404,False,0,,,False,,0,0,0
https://aagameclub.com,aagameclub.com,unknown,,,tranco_ecom,90907,0,not_ecommerce,404,False,0,,,False,,0,0,0
https://gameguard.co.kr,gameguard.co.kr,unknown,,,tranco_ecom,90925,0,connection_error,0,False,0,,,False,,0,0,0
https://ultragames.com,ultragames.com,unknown,,,tranco_ecom,90975,0,not_ecommerce,404,False,0,,,False,,0,0,0
https://meirkids.co.il,meirkids.co.il,unknown,,,tranco_ecom,91003,0,not_ecommerce,404,False,0,,,False,,0,0,0
https://audiomicro.com,audiomicro.com,unknown,,,tranco_ecom,91007,162075,active,404,True,0,,,False,,2,0,0
https://brandyourself.com,brandyourself.com,unknown,,,tranco_ecom,91009,33772,not_ecommerce,404,False,0,,,False,,0,0,0
https://permatagame365.com,permatagame365.com,unknown,,,tranco_ecom,91108,0,connection_error,0,False,0,,,False,,0,0,0
https://yarkgame.com,yarkgame.com,unknown,,,tranco_ecom,91168,0,timeout,0,False,0,,,False,,0,0,0
https://sportengland.org,sportengland.org,unknown,,,tranco_ecom,91170,22096,not_ecommerce,404,False,0,,,False,,0,0,0
https://teatroallascala.org,teatroallascala.org,unknown,,,tranco_ecom,91176,25538,not_ecommerce,404,False,0,,,False,,1,0,0
https://kspay.shop,kspay.shop,unknown,,,tranco_ecom,91222,0,inactive,404,False,0,,,False,,0,0,0
https://watchfinder.co.uk,watchfinder.co.uk,unknown,,,tranco_ecom,91236,197629,not_ecommerce,404,False,0,,,False,,1,0,0
https://corpwatch.org,corpwatch.org,unknown,,,tranco_ecom,91248,21929,not_ecommerce,404,False,0,,,False,,1,0,0
https://wccgames8.xyz,wccgames8.xyz,unknown,,,tranco_ecom,91283,0,inactive,0,False,0,,,False,,0,0,0
https://psfashion.com,psfashion.com,unknown,,,tranco_ecom,91301,0,not_ecommerce,404,False,0,,,False,,0,0,0
https://gamenation.in,gamenation.in,unknown,,,tranco_ecom,91306,0,active,0,True,0,,,False,,2,0,0
https://99wholesale.com,99wholesale.com,unknown,,,tranco_ecom,91309,0,rate_limited,429,False,0,,,False,,0,0,0
https://vitaminkuofc.com,vitaminkuofc.com,unknown,,,tranco_ecom,91318,0,not_ecommerce,200,False,0,,,False,,0,0,0
https://crunchgear.com,crunchgear.com,unknown,,,tranco_ecom,91333,21333,not_ecommerce,200,False,0,,,False,,0,0,0
https://bc3luxury.com,bc3luxury.com,unknown,,,tranco_ecom,91360,0,not_ecommerce,200,False,0,,,False,,0,0,0
https://heykids.tv,heykids.tv,unknown,,,tranco_ecom,91405,0,not_ecommerce,404,False,0,,,False,,0,0,0
https://itp4game.fun,itp4game.fun,unknown,,,tranco_ecom,91447,0,connection_error,0,False,0,,,False,,0,0,0
https://phonerotica.com,phonerotica.com,unknown,,,tranco_ecom,91461,0,not_ecommerce,200,False,0,,,False,,0,0,0
https://abonoteatro.com,abonoteatro.com,unknown,,,tranco_ecom,91474,0,not_ecommerce,404,False,0,,,False,,0,0,0
https://explozaogamer.com.br,explozaogamer.com.br,unknown,,,tranco_ecom,91481,0,not_ecommerce,404,False,0,,,False,,0,0,0
https://sexygame666r.com,sexygame666r.com,unknown,,,tranco_ecom,91487,0,inactive,403,False,0,,,False,,0,0,0
https://spoilerplus.ac,spoilerplus.ac,unknown,,,tranco_ecom,91503,0,not_ecommerce,404,False,0,,,False,,0,0,0
https://organicbazar.net,organicbazar.net,unknown,,,tranco_ecom,91510,0,rate_limited,429,False,0,,,False,,0,0,0
https://fancygamestudio.com,fancygamestudio.com,unknown,,,tranco_ecom,91560,0,not_ecommerce,404,False,0,,,False,,0,0,0
https://fashion-market.it,fashion-market.it,unknown,,,tranco_ecom,91562,0,timeout,0,False,0,,,False,,0,0,0
https://wikidoc.org,wikidoc.org,unknown,,,tranco_ecom,91575,74919,not_ecommerce,404,False,0,,,False,,1,0,0
https://kurogame.net,kurogame.net,unknown,,,tranco_ecom,91594,0,not_ecommerce,404,False,0,,,False,,0,0,0
https://fashiongo.net,fashiongo.net,unknown,,,tranco_ecom,91604,326570,not_ecommerce,0,False,0,,,False,,1,0,0
https://tntsports.com.br,tntsports.com.br,unknown,,,tranco_ecom,91621,110745,inactive,403,False,0,,,False,,0,0,0
https://oja89games.com,oja89games.com,unknown,,,tranco_ecom,91631,0,not_ecommerce,0,False,0,,,False,,0,0,0
https://hempiregame.net,hempiregame.net,unknown,,,tranco_ecom,91643,0,timeout,0,False,0,,,False,,0,0,0
https://pinkblushmaternity.com,pinkblushmaternity.com,unknown,,,tranco_ecom,91698,199000,rate_limited,429,False,0,,,False,,0,0,0
https://gerakgairah.store,gerakgairah.store,unknown,,,tranco_ecom,91804,0,not_ecommerce,404,False,0,,,False,,0,0,0
https://gracestore.pk,gracestore.pk,unknown,,,tranco_ecom,91813,0,rate_limited,429,False,0,,,False,,0,0,0
https://wikidich.com.vn,wikidich.com.vn,unknown,,,tranco_ecom,91823,0,not_ecommerce,200,False,0,,,False,,0,0,0
https://shopifykloud.com,shopifykloud.com,unknown,,,tranco_ecom,91861,0,connection_error,0,False,0,,,False,,0,0,0
https://avimeeherbal.com,avimeeherbal.com,unknown,,,tranco_ecom,91928,0,rate_limited,429,False,0,,,False,,0,0,0
https://datamartgh.shop,datamartgh.shop,unknown,,,tranco_ecom,91930,0,not_ecommerce,404,False,0,,,False,,1,0,0
https://winemback.com,winemback.com,unknown,,,tranco_ecom,91970,0,not_ecommerce,200,False,0,,,False,,0,0,0
https://seikosportslink.com,seikosportslink.com,unknown,,,tranco_ecom,91998,0,not_ecommerce,404,False,0,,,False,,0,0,0
https://laroza.store,laroza.store,unknown,,,tranco_ecom,92091,0,not_ecommerce,404,False,0,,,False,,0,0,0
https://candygrill.com,candygrill.com,unknown,,,tranco_ecom,92099,0,not_ecommerce,200,False,0,,,False,,0,0,0
https://jhongameplays.com.br,jhongameplays.com.br,unknown,,,tranco_ecom,92126,0,not_ecommerce,404,False,0,,,False,,0,0,0
https://maplestore.in,maplestore.in,unknown,,,tranco_ecom,92134,0,rate_limited,429,False,0,,,False,,0,0,0
https://yonogamesstore.com,yonogamesstore.com,unknown,,,tranco_ecom,92151,0,not_ecommerce,200,False,0,,,False,,1,0,0
https://marscosmetics.in,marscosmetics.in,unknown,,,tranco_ecom,92193,0,rate_limited,429,False,0,,,False,,0,0,0
https://shoprite.jobs,shoprite.jobs,unknown,,,tranco_ecom,92213,0,not_ecommerce,401,False,0,,,False,,0,0,0
https://pornobrand.com,pornobrand.com,unknown,,,tranco_ecom,92226,0,not_ecommerce,404,False,0,,,False,,0,0,0
https://bcgame61.com,bcgame61.com,unknown,,,tranco_ecom,92300,0,not_ecommerce,200,False,0,,,False,,0,0,0
https://audiobooksreview.com,audiobooksreview.com,unknown,,,tranco_ecom,92316,0,not_ecommerce,404,False,0,,,False,,0,0,0
https://dangnhap-bj88-games.com,dangnhap-bj88-games.com,unknown,,,tranco_ecom,92331,0,inactive,403,False,0,,,False,,0,0,0
https://trylabs.shop,trylabs.shop,unknown,,,tranco_ecom,92402,0,connection_error,0,False,0,,,False,,0,0,0
https://gadgety.net,gadgety.net,unknown,,,tranco_ecom,92670,0,not_ecommerce,404,False,0,,,False,,0,0,0
https://estailofashion.com,estailofashion.com,unknown,,,tranco_ecom,92702,0,rate_limited,429,False,0,,,False,,0,0,0
https://tjwholesale.pk,tjwholesale.pk,unknown,,,tranco_ecom,92717,0,rate_limited,429,False,0,,,False,,0,0,0
https://gramophone.co.uk,gramophone.co.uk,unknown,,,tranco_ecom,92776,26824,not_ecommerce,404,False,0,,,False,,0,0,0
https://g5sneaker.ru,g5sneaker.ru,unknown,,,tranco_ecom,92831,0,inactive,0,False,0,,,False,,0,0,0
https://shopeesz.com,shopeesz.com,unknown,,,tranco_ecom,92862,0,not_ecommerce,0,False,0,,,False,,0,0,0
https://mimiwallet.com,mimiwallet.com,unknown,,,tranco_ecom,92910,0,not_ecommerce,404,False,0,,,False,,0,0,0
https://metturtransports.com,metturtransports.com,unknown,,,tranco_ecom,92921,0,not_ecommerce,404,False,0,,,False,,0,0,0
https://11xgame.vip,11xgame.vip,unknown,,,tranco_ecom,93021,0,not_ecommerce,404,False,0,,,False,,0,0,0
https://1stsolar.store,1stsolar.store,unknown,,,tranco_ecom,93029,0,connection_error,0,False,0,,,False,,0,0,0
https://91sports.co,91sports.co,unknown,,,tranco_ecom,93074,0,timeout,0,False,0,,,False,,0,0,0
https://ak777game.com,ak777game.com,unknown,,,tranco_ecom,93123,0,not_ecommerce,200,False,0,,,False,,0,0,0
https://apinaga1.store,apinaga1.store,unknown,,,tranco_ecom,93155,0,timeout,0,False,0,,,False,,0,0,0
https://asia200-game.cyou,asia200-game.cyou,unknown,,,tranco_ecom,93173,0,timeout,0,False,0,,,False,,0,0,0
https://athleticshoes.work,athleticshoes.work,unknown,,,tranco_ecom,93182,0,not_ecommerce,404,False,0,,,False,,0,0,0
https://avoncosmetics.ro,avoncosmetics.ro,unknown,,,tranco_ecom,93194,0,inactive,404,False,0,,,False,,0,0,0
https://babyblue1000.com,babyblue1000.com,unknown,,,tranco_ecom,93206,0,not_ecommerce,404,False,0,,,False,,0,0,0
https://bdggame-service.com,bdggame-service.com,unknown,,,tranco_ecom,93227,0,not_ecommerce,200,False,0,,,False,,0,0,0
https://bdggameslogin.io,bdggameslogin.io,unknown,,,tranco_ecom,93228,0,not_ecommerce,404,False,0,,,False,,0,0,0
https://beauty-labobo.com,beauty-labobo.com,unknown,,,tranco_ecom,93232,0,not_ecommerce,404,False,0,,,False,,0,0,0
https://beemart.pl.ua,beemart.pl.ua,opencart,,,tranco_ecom,93233,0,active,404,False,0,,,False,,1,0,0
https://bg678game1.com,bg678game1.com,unknown,,,tranco_ecom,93260,0,not_ecommerce,200,False,0,,,False,,0,0,0
https://bpboot.com,bpboot.com,unknown,,,tranco_ecom,93312,0,not_ecommerce,0,False,0,,,False,,0,0,0
https://cyber-matrix.store,cyber-matrix.store,unknown,,,tranco_ecom,93427,0,not_ecommerce,404,False,0,,,False,,0,0,0
https://dailylasbelagamekarachi.com,dailylasbelagamekarachi.com,unknown,,,tranco_ecom,93434,0,inactive,403,False,0,,,False,,0,0,0
https://dcdckidneycare.com,dcdckidneycare.com,unknown,,,tranco_ecom,93442,0,not_ecommerce,404,False,0,,,False,,0,0,0
https://dear-shopping.com,dear-shopping.com,unknown,,,tranco_ecom,93446,0,rate_limited,429,False,0,,,False,,0,0,0
https://dewalangit77qris.store,dewalangit77qris.store,unknown,,,tranco_ecom,93460,0,not_ecommerce,404,False,0,,,False,,0,0,0
https://drorthooil.com,drorthooil.com,unknown,,,tranco_ecom,93512,0,rate_limited,429,False,0,,,False,,0,0,0
https://e-cgift.net,e-cgift.net,unknown,,,tranco_ecom,93524,0,not_ecommerce,404,False,0,,,False,,0,0,0
https://easyphones.co.in,easyphones.co.in,shopify,,IN,tranco_ecom,93533,0,active,429,True,0,,,True,,5,0,0
https://emanetgames.com,emanetgames.com,unknown,,,tranco_ecom,93561,0,not_ecommerce,404,False,0,,,False,,0,0,0
https://energiapoint-game.com,energiapoint-game.com,unknown,,,tranco_ecom,93565,0,inactive,404,False,0,,,False,,0,0,0
https://etea.online,etea.online,unknown,,,tranco_ecom,93587,0,not_ecommerce,200,False,0,,,False,,0,0,0
https://gameasy.pe,gameasy.pe,unknown,,,tranco_ecom,93670,0,not_ecommerce,200,False,0,,,False,,0,0,0
https://gamenowplay.com,gamenowplay.com,unknown,,,tranco_ecom,93671,0,not_ecommerce,200,False,0,,,False,,0,0,0
https://games1st.com,games1st.com,unknown,,,tranco_ecom,93672,0,not_ecommerce,404,False,0,,,False,,0,0,0
https://gamesview.shop,gamesview.shop,unknown,,,tranco_ecom,93673,0,timeout,0,False,0,,,False,,0,0,0
https://gempak99.shop,gempak99.shop,unknown,,,tranco_ecom,93685,0,not_ecommerce,200,False,0,,,False,,0,0,0
https://genuinegoods.store,genuinegoods.store,unknown,,,tranco_ecom,93688,0,rate_limited,429,False,0,,,False,,0,0,0
https://getsnackvideo.com,getsnackvideo.com,unknown,,,tranco_ecom,93693,0,not_ecommerce,404,False,0,,,False,,0,0,0
https://ggamesplays.com,ggamesplays.com,unknown,,,tranco_ecom,93695,0,not_ecommerce,404,False,0,,,False,,0,0,0
https://go5pm.shop,go5pm.shop,woocommerce,,,tranco_ecom,93710,0,active,404,False,0,,,False,,0,0,0
https://goldencup.shop,goldencup.shop,unknown,,,tranco_ecom,93719,0,connection_error,0,False,0,,,False,,0,0,0
https://goodhappygame.com,goodhappygame.com,unknown,,,tranco_ecom,93723,0,not_ecommerce,0,False,0,,,False,,0,0,0
https://gosport365.com,gosport365.com,unknown,,,tranco_ecom,93725,0,inactive,403,False,0,,,False,,0,0,0
https://gourmet-comfort.jp,gourmet-comfort.jp,unknown,,,tranco_ecom,93727,0,not_ecommerce,404,False,0,,,False,,0,0,0
https://imperfectpharmacy.in,imperfectpharmacy.in,unknown,,,tranco_ecom,93816,0,not_ecommerce,404,False,0,,,False,,0,0,0
https://jang-keun-suk-game.com,jang-keun-suk-game.com,unknown,,,tranco_ecom,93868,0,not_ecommerce,200,False,0,,,False,,0,0,0
https://kidsview.jp,kidsview.jp,unknown,,,tranco_ecom,93953,0,inactive,403,False,0,,,False,,0,0,0
https://lajreedesigner.com,lajreedesigner.com,unknown,,,tranco_ecom,94003,0,rate_limited,429,False,0,,,False,,0,0,0
https://mariberimajinasi.store,mariberimajinasi.store,unknown,,,tranco_ecom,94101,0,not_ecommerce,404,False,0,,,False,,0,0,0
https://maxwin288f.shop,maxwin288f.shop,unknown,,,tranco_ecom,94119,0,inactive,403,False,0,,,False,,0,0,0
https://milifestylemarketing.com,milifestylemarketing.com,unknown,,,tranco_ecom,94151,0,not_ecommerce,200,False,0,,,False,,1,0,0
https://minnomall.shop,minnomall.shop,unknown,,,tranco_ecom,94159,0,rate_limited,429,False,0,,,False,,0,0,0
https://mmimgame.com,mmimgame.com,unknown,,,tranco_ecom,94169,0,not_ecommerce,404,False,0,,,False,,0,0,0
https://mptransport.org,mptransport.org,unknown,,,tranco_ecom,94195,0,not_ecommerce,404,False,0,,,False,,0,0,0
https://mwgame.pro,mwgame.pro,unknown,,,tranco_ecom,94208,0,not_ecommerce,404,False,0,,,False,,0,0,0
https://newsextoyxxx.com,newsextoyxxx.com,unknown,,,tranco_ecom,94258,0,not_ecommerce,404,False,0,,,False,,0,0,0
https://nikacustomercare.com,nikacustomercare.com,unknown,,,tranco_ecom,94270,0,inactive,403,False,0,,,False,,0,0,0
https://order-gift.com,order-gift.com,unknown,,,tranco_ecom,94324,0,not_ecommerce,404,False,0,,,False,,0,0,0
https://p999game.com,p999game.com,unknown,,,tranco_ecom,94331,0,not_ecommerce,404,False,0,,,False,,0,0,0
https://pharmajobalert.in,pharmajobalert.in,woocommerce,,,tranco_ecom,94373,0,active,200,False,0,,,False,,0,0,0
https://playslotgamethz.info,playslotgamethz.info,unknown,,,tranco_ecom,94396,0,inactive,403,False,0,,,False,,0,0,0
https://playvideox.store,playvideox.store,unknown,,,tranco_ecom,94397,0,not_ecommerce,200,False,0,,,False,,0,0,0
https://reddygames.io,reddygames.io,unknown,,,tranco_ecom,94491,0,not_ecommerce,404,False,0,,,False,,0,0,0
https://sagame66r.com,sagame66r.com,unknown,,,tranco_ecom,94536,0,not_ecommerce,404,False,0,,,False,,0,0,0
https://satta-sport.com,satta-sport.com,unknown,,,tranco_ecom,94563,0,not_ecommerce,200,False,0,,,False,,0,0,0
https://sawihijausegar.store,sawihijausegar.store,unknown,,,tranco_ecom,94574,0,not_ecommerce,404,False,0,,,False,,0,0,0
https://showrswallet.com,showrswallet.com,unknown,,,tranco_ecom,94618,0,connection_error,0,False,0,,,False,,0,0,0
https://sportposzt.com,sportposzt.com,unknown,,,tranco_ecom,94661,0,not_ecommerce,404,False,0,,,False,,0,0,0
https://sportsrr.site,sportsrr.site,unknown,,,tranco_ecom,94662,0,not_ecommerce,404,False,0,,,False,,0,0,0
https://sporttiuutiset.fi,sporttiuutiset.fi,unknown,,,tranco_ecom,94663,0,not_ecommerce,404,False,0,,,False,,0,0,0
https://v3game5.com,v3game5.com,unknown,,,tranco_ecom,94865,0,not_ecommerce,200,False,0,,,False,,0,0,0
https://v3gamef.com,v3gamef.com,unknown,,,tranco_ecom,94866,0,not_ecommerce,200,False,0,,,False,,0,0,0
https://watcho.pk,watcho.pk,unknown,,,tranco_ecom,94919,0,timeout,0,False,0,,,False,,0,0,0
https://wellness-support.co.jp,wellness-support.co.jp,unknown,,,tranco_ecom,94930,0,connection_error,0,False,0,,,False,,0,0,0
https://winexch360.com,winexch360.com,unknown,,,tranco_ecom,94940,0,not_ecommerce,404,False,0,,,False,,0,0,0
https://xoilaczztsz.tv,xoilaczztsz.tv,unknown,,,tranco_ecom,94962,0,inactive,403,False,0,,,False,,0,0,0
https://xsportss.live,xsportss.live,unknown,,,tranco_ecom,94966,0,not_ecommerce,404,False,0,,,False,,0,0,0
https://yonogamekiduniya.com,yonogamekiduniya.com,unknown,,,tranco_ecom,94992,0,not_ecommerce,404,False,0,,,False,,0,0,0
https://yy567game1.com,yy567game1.com,unknown,,,tranco_ecom,95001,0,not_ecommerce,200,False,0,,,False,,0,0,0
https://furniturevillage.co.uk,furniturevillage.co.uk,unknown,,,tranco_ecom,95225,142972,not_ecommerce,404,False,0,,,False,,1,0,0
https://cloudbase.store,cloudbase.store,unknown,,,tranco_ecom,95231,0,not_ecommerce,404,False,0,,,False,,1,0,0
https://preordernowapp.com,preordernowapp.com,unknown,,,tranco_ecom,95237,0,connection_error,0,False,0,,,False,,0,0,0
https://snacknation.com,snacknation.com,woocommerce,,,tranco_ecom,95388,23314,active,404,False,0,,,False,,0,0,0
https://highteahop.top,highteahop.top,unknown,,,tranco_ecom,95442,0,connection_error,0,False,0,,,False,,0,0,0
https://customads.co,customads.co,unknown,,,tranco_ecom,95463,0,inactive,404,False,0,,,False,,0,0,0
https://shareitgames.com,shareitgames.com,unknown,,,tranco_ecom,95477,0,not_ecommerce,403,False,0,,,False,,0,0,0
https://bcgame62.com,bcgame62.com,unknown,,,tranco_ecom,95528,0,not_ecommerce,200,False,0,,,False,,0,0,0
https://xn--utlndskacasinomedbankid-x7b.se,xn--utlndskacasinomedbankid-x7b.se,unknown,,,tranco_ecom,95593,22090,inactive,404,False,0,,,False,,0,0,0
https://sfrbusinessteam.fr,sfrbusinessteam.fr,unknown,,,tranco_ecom,95646,0,not_ecommerce,404,False,0,,,False,,0,0,0
https://lidl-shop.com,lidl-shop.com,unknown,,,tranco_ecom,95656,0,not_ecommerce,406,False,0,,,False,,0,0,0
https://belickzoeae.shop,belickzoeae.shop,unknown,,,tranco_ecom,95711,0,connection_error,0,False,0,,,False,,0,0,0
https://mainlinemenswear.co.uk,mainlinemenswear.co.uk,unknown,,,tranco_ecom,95777,233103,not_ecommerce,0,False,0,,,False,,0,0,0
https://conagrabrands.com,conagrabrands.com,unknown,,,tranco_ecom,95815,40952,inactive,403,False,0,,,False,,0,0,0
https://easyorders.shop,easyorders.shop,unknown,,,tranco_ecom,95845,0,not_ecommerce,404,False,0,,,False,,0,0,0
https://organicthemes.com,organicthemes.com,unknown,,,tranco_ecom,95991,22699,active,404,True,0,,,False,stripe,2,0,0
https://techconsult-pro.store,techconsult-pro.store,unknown,,,tranco_ecom,95993,0,connection_error,0,False,0,,,False,,0,0,0
https://minigameltd.com,minigameltd.com,unknown,,,tranco_ecom,96087,0,not_ecommerce,404,False,0,,,False,,0,0,0
https://meta2kids.com,meta2kids.com,unknown,,,tranco_ecom,96095,0,not_ecommerce,404,False,0,,,False,,0,0,0
https://colorgame.life,colorgame.life,unknown,,,tranco_ecom,96104,0,inactive,403,False,0,,,False,,0,0,0
https://sportlevel.com,sportlevel.com,unknown,,,tranco_ecom,96116,0,not_ecommerce,200,False,0,,,False,,0,0,0
https://lovecoloringgame.cc,lovecoloringgame.cc,unknown,,,tranco_ecom,96137,0,not_ecommerce,404,False,0,,,False,,0,0,0
https://storeland.net,storeland.net,unknown,,,tranco_ecom,96162,0,not_ecommerce,404,False,0,,,False,,0,0,0
https://weightwatchers.ca,weightwatchers.ca,unknown,,,tranco_ecom,96195,0,not_ecommerce,503,False,0,,,False,,0,0,0
https://artistickid.org,artistickid.org,unknown,,,tranco_ecom,96198,0,not_ecommerce,0,False,0,,,False,,1,0,0
https://eft-store.com,eft-store.com,unknown,,,tranco_ecom,96349,0,inactive,404,False,0,,,False,,0,0,0
https://customerfields.com,customerfields.com,shopify,,,tranco_ecom,96447,0,active,404,False,0,,,False,,0,0,0
https://flightgear.org,flightgear.org,unknown,,,tranco_ecom,96502,34197,not_ecommerce,404,False,0,,,False,,0,0,0
https://shimmergames.xyz,shimmergames.xyz,unknown,,,tranco_ecom,96592,0,connection_error,0,False,0,,,False,,0,0,0
https://bkidigital.com,bkidigital.com,unknown,,,tranco_ecom,96666,0,connection_error,0,False,0,,,False,,0,0,0
https://brandfolder.io,brandfolder.io,unknown,,,tranco_ecom,96682,207243,connection_error,0,False,0,,,False,,0,0,0
https://autopartners.net,autopartners.net,unknown,,,tranco_ecom,96738,0,connection_error,0,False,0,,,False,,0,0,0
https://swateam.org.uk,swateam.org.uk,unknown,,,tranco_ecom,96780,0,connection_error,0,False,0,,,False,,0,0,0
https://opteamax.de,opteamax.de,unknown,,,tranco_ecom,96783,0,not_ecommerce,404,False,0,,,False,,0,0,0
https://phoenixchildrens.com,phoenixchildrens.com,unknown,,,tranco_ecom,96797,728986,not_ecommerce,404,False,0,,,False,,0,0,0
https://4teachers.org,4teachers.org,unknown,,,tranco_ecom,96814,26581,timeout,0,False,0,,,False,,0,0,0
https://wearevl.com,wearevl.com,unknown,,,tranco_ecom,96869,0,server_error,525,False,0,,,False,,0,0,0
https://mashagame.com,mashagame.com,unknown,,,tranco_ecom,96921,0,not_ecommerce,404,False,0,,,False,,0,0,0
https://carbongarden.net,carbongarden.net,unknown,,,tranco_ecom,96942,0,inactive,404,False,0,,,False,,0,0,0
https://fionapremium.com,fionapremium.com,unknown,,,tranco_ecom,96978,23506,not_ecommerce,200,False,0,,,False,,0,0,0
https://roai.shop,roai.shop,shopify,,,tranco_ecom,97115,0,active,200,False,0,,,True,,1,0,0
https://coaxdulcify.shop,coaxdulcify.shop,unknown,,,tranco_ecom,97176,0,inactive,404,False,0,,,False,,0,0,0
https://newswordone.shop,newswordone.shop,unknown,,,tranco_ecom,97202,0,connection_error,0,False,0,,,False,,0,0,0
https://shopino.app,shopino.app,unknown,,,tranco_ecom,97207,0,server_error,503,False,0,,,False,,0,0,0
https://livesports066.com,livesports066.com,unknown,,,tranco_ecom,97340,0,timeout,0,False,0,,,False,,0,0,0
https://electronics-tutorials.ws,electronics-tutorials.ws,unknown,,,tranco_ecom,97376,28779,timeout,0,False,0,,,False,,0,0,0
https://towerhobbies.com,towerhobbies.com,unknown,,,tranco_ecom,97560,34011,not_ecommerce,404,False,0,,,False,,0,0,0
https://dailysportx.com,dailysportx.com,woocommerce,,,tranco_ecom,97571,0,active,404,False,0,,,False,,0,0,0
https://worldoil.com,worldoil.com,unknown,,,tranco_ecom,97577,24972,not_ecommerce,404,False,0,,,False,,0,0,0
https://audiomeans.fr,audiomeans.fr,unknown,,,tranco_ecom,97579,125815,active,404,True,0,,,False,,2,0,0
https://cigaraficionado.com,cigaraficionado.com,unknown,,,tranco_ecom,97592,28593,not_ecommerce,404,False,0,,,False,,1,0,0
https://teamvelocityportal.com,teamvelocityportal.com,unknown,,,tranco_ecom,97652,0,not_ecommerce,406,False,0,,,False,,1,0,0
https://seafoodwatch.org,seafoodwatch.org,unknown,,,tranco_ecom,97671,27300,not_ecommerce,404,False,0,,,False,,0,0,0
https://myteamge.com,myteamge.com,unknown,,,tranco_ecom,97703,0,not_ecommerce,404,False,0,,,False,,0,0,0
https://themart.gr,themart.gr,magento,,,tranco_ecom,97739,0,active,404,False,0,,,False,,1,0,0
https://tobaccofreekids.org,tobaccofreekids.org,unknown,,,tranco_ecom,97776,23817,not_ecommerce,404,False,0,,,False,,0,0,0
https://cloudsoftphone.com,cloudsoftphone.com,unknown,,,tranco_ecom,97890,0,not_ecommerce,200,False,0,,,False,,0,0,0
https://allautoparts.ru,allautoparts.ru,unknown,,,tranco_ecom,97896,0,timeout,0,False,0,,,False,,0,0,0
https://candynetwork.ai,candynetwork.ai,unknown,,,tranco_ecom,97957,608603,not_ecommerce,404,False,0,,,False,,0,0,0
https://pcbaby.com.cn,pcbaby.com.cn,unknown,,,tranco_ecom,98002,25142,timeout,0,False,0,,,False,,0,0,0
https://kooora-sport.com,kooora-sport.com,unknown,,,tranco_ecom,98041,0,not_ecommerce,404,False,0,,,False,,0,0,0
https://lastwargame.net,lastwargame.net,unknown,,,tranco_ecom,98086,0,not_ecommerce,200,False,0,,,False,,0,0,0
https://pccasegear.com,pccasegear.com,unknown,,,tranco_ecom,98159,97390,inactive,403,False,0,,,False,,0,0,0
https://buyagift.co.uk,buyagift.co.uk,unknown,,,tranco_ecom,98183,173950,not_ecommerce,404,False,0,,,False,,0,0,0
https://goldminers-game.ru,goldminers-game.ru,unknown,,,tranco_ecom,98237,0,timeout,0,False,0,,,False,,0,0,0
https://nadgames.com,nadgames.com,unknown,,,tranco_ecom,98248,0,not_ecommerce,404,False,0,,,False,,0,0,0
https://fantasticfurniture.com.au,fantasticfurniture.com.au,unknown,,,tranco_ecom,98286,303226,not_ecommerce,404,False,0,,,False,,0,0,0
https://sportbet.ec,sportbet.ec,unknown,,,tranco_ecom,98294,733560,inactive,403,False,0,,,False,,0,0,0
https://pornozak.shop,pornozak.shop,unknown,,,tranco_ecom,98309,0,not_ecommerce,0,False,0,,,False,,0,0,0
https://siliconflorist.com,siliconflorist.com,unknown,,,tranco_ecom,98335,22557,not_ecommerce,404,False,0,,,False,,0,0,0
https://fashioncadeau.nl,fashioncadeau.nl,unknown,,,tranco_ecom,98348,0,inactive,404,False,0,,,False,,0,0,0
https://ieasygame.com,ieasygame.com,unknown,,,tranco_ecom,98552,0,not_ecommerce,404,False,0,,,False,,0,0,0
https://twinery.org,twinery.org,unknown,,,tranco_ecom,98621,36596,not_ecommerce,404,False,0,,,False,,0,0,0
https://internetcomputer.org,internetcomputer.org,unknown,,,tranco_ecom,98641,72283,not_ecommerce,404,False,0,,,False,,0,0,0
https://topsadulttoys.uk,topsadulttoys.uk,unknown,,,tranco_ecom,98657,25021,not_ecommerce,200,False,0,,,False,,0,0,0
https://audiomob.com,audiomob.com,unknown,,,tranco_ecom,98736,0,not_ecommerce,404,False,0,,,False,,0,0,0
https://nswgame.com,nswgame.com,unknown,,,tranco_ecom,98757,0,not_ecommerce,404,False,0,,,False,,0,0,0
https://excitead.com,excitead.com,unknown,,,tranco_ecom,98769,0,timeout,0,False,0,,,False,,0,0,0
https://sravni-team.ru,sravni-team.ru,unknown,,,tranco_ecom,98810,0,connection_error,0,False,0,,,False,,0,0,0
https://gosportal.net,gosportal.net,unknown,,,tranco_ecom,98822,0,connection_error,0,False,0,,,False,,0,0,0
https://talkdeskid.com,talkdeskid.com,unknown,,,tranco_ecom,99061,0,connection_error,0,False,0,,,False,,0,0,0
https://vsphone.com,vsphone.com,unknown,,,tranco_ecom,99101,0,connection_error,0,False,0,,,False,,0,0,0
https://shoplineimg.com,shoplineimg.com,unknown,,,tranco_ecom,99104,465102,not_ecommerce,404,False,0,,,False,,0,0,0
https://computerworld.com.au,computerworld.com.au,unknown,,,tranco_ecom,99147,22695,not_ecommerce,200,False,0,,,False,,0,0,0
https://boyaagame.com,boyaagame.com,unknown,,,tranco_ecom,99168,0,connection_error,0,False,0,,,False,,0,0,0
https://yellowclothing.net,yellowclothing.net,unknown,,,tranco_ecom,99252,919649,rate_limited,429,False,0,,,False,,0,0,0
https://audion.fm,audion.fm,unknown,,,tranco_ecom,99284,718758,not_ecommerce,404,False,0,,,False,,0,0,0
https://sportsdns.net,sportsdns.net,unknown,,,tranco_ecom,99297,0,timeout,0,False,0,,,False,,0,0,0
https://quackwatch.org,quackwatch.org,unknown,,,tranco_ecom,99352,23384,inactive,403,False,0,,,False,,0,0,0
https://daily-gadget.net,daily-gadget.net,unknown,,,tranco_ecom,99391,875490,not_ecommerce,404,False,0,,,False,,0,0,0
https://fashionunited.uk,fashionunited.uk,unknown,,,tranco_ecom,99407,24817,not_ecommerce,404,False,0,,,False,,0,0,0
https://everygame.eu,everygame.eu,unknown,,,tranco_ecom,99487,76840,not_ecommerce,404,False,0,,,False,,0,0,0
https://snack-media.com,snack-media.com,unknown,,,tranco_ecom,99525,0,not_ecommerce,404,False,0,,,False,,0,0,0
https://ableteams.com,ableteams.com,unknown,,,tranco_ecom,99581,0,timeout,0,False,0,,,False,,0,0,0
https://mobilephone.net,mobilephone.net,unknown,,,tranco_ecom,99769,0,timeout,0,False,0,,,False,,0,0,0
https://gamelabs.cloud,gamelabs.cloud,unknown,,,tranco_ecom,99967,0,timeout,0,False,0,,,False,,0,0,0
https://dreaminggamestudio.com,dreaminggamestudio.com,unknown,,,tranco_ecom,100066,0,inactive,404,False,0,,,False,,0,0,0
https://giftful.com,giftful.com,unknown,,,tranco_ecom,100125,0,not_ecommerce,200,False,0,,,False,,0,0,0
https://fcgame.net,fcgame.net,unknown,,,tranco_ecom,100164,0,connection_error,0,False,0,,,False,,0,0,0
https://motorsportcalendars.com,motorsportcalendars.com,unknown,,,tranco_ecom,100182,0,not_ecommerce,404,False,0,,,False,,1,0,0
https://99decorlink.com,99decorlink.com,unknown,,,tranco_ecom,100216,0,not_ecommerce,200,False,0,,,False,,0,0,0
https://dayscamera.com,dayscamera.com,unknown,,,tranco_ecom,100235,0,timeout,0,False,0,,,False,,0,0,0
https://teamstoday.com,teamstoday.com,unknown,,,tranco_ecom,100266,0,not_ecommerce,404,False,0,,,False,,0,0,0
https://scpslgame.com,scpslgame.com,unknown,,,tranco_ecom,100335,0,inactive,403,False,0,,,False,,0,0,0
https://phonecleanerpros.com,phonecleanerpros.com,unknown,,,tranco_ecom,100413,0,not_ecommerce,200,False,0,,,False,,0,0,0
https://dreamplusgames.com,dreamplusgames.com,unknown,,,tranco_ecom,100574,0,not_ecommerce,404,False,0,,,False,,0,0,0
https://shoplytics.de,shoplytics.de,unknown,,,tranco_ecom,100612,0,not_ecommerce,404,False,0,,,False,,0,0,0
https://shoplytics.com,shoplytics.com,unknown,,,tranco_ecom,100699,0,connection_error,0,False,0,,,False,,0,0,0
https://premiumtag.net,premiumtag.net,unknown,,,tranco_ecom,100707,0,not_ecommerce,0,False,0,,,False,,0,0,0
https://storeify.app,storeify.app,unknown,,,tranco_ecom,100725,0,timeout,0,False,0,,,False,,0,0,0
https://lajobsportal.org,lajobsportal.org,unknown,,,tranco_ecom,100771,23605,not_ecommerce,404,False,0,,,False,,0,0,0
https://chocolatecoveredkatie.com,chocolatecoveredkatie.com,unknown,,,tranco_ecom,100817,31600,not_ecommerce,404,False,0,,,False,,0,0,0
https://adventurecycling.org,adventurecycling.org,woocommerce,,,tranco_ecom,100824,43709,active,404,True,0,,,False,,2,0,0
https://camping-goldenbeach.gr,camping-goldenbeach.gr,unknown,,,tranco_ecom,100837,25541,not_ecommerce,200,False,0,,,False,,0,0,0
https://sleepwatchapp.com,sleepwatchapp.com,unknown,,,tranco_ecom,100841,0,not_ecommerce,404,False,0,,,False,,1,0,0
https://camelgames-aoz.com,camelgames-aoz.com,unknown,,,tranco_ecom,100986,0,connection_error,0,False,0,,,False,,0,0,0
https://titan13toy.com,titan13toy.com,unknown,,,tranco_ecom,101026,0,rate_limited,429,False,0,,,False,,0,0,0
https://optimumnutrition.co.in,optimumnutrition.co.in,unknown,,,tranco_ecom,101113,0,rate_limited,429,False,0,,,False,,0,0,0
https://joyorganics.com,joyorganics.com,unknown,,,tranco_ecom,101265,26384,rate_limited,429,False,0,,,False,,0,0,0
https://bluewireless.store,bluewireless.store,unknown,,,tranco_ecom,101370,0,not_ecommerce,200,False,0,,,False,,0,0,0
https://spbu777bx.shop,spbu777bx.shop,unknown,,,tranco_ecom,101446,0,not_ecommerce,200,False,0,,,False,,0,0,0
https://ukturks.store,ukturks.store,unknown,,,tranco_ecom,101451,0,not_ecommerce,200,False,0,,,False,,0,0,0
https://kidneyfund.org,kidneyfund.org,unknown,,,tranco_ecom,101457,32396,not_ecommerce,404,False,0,,,False,,0,0,0
https://corralsspatio.shop,corralsspatio.shop,unknown,,,tranco_ecom,101500,0,inactive,404,False,0,,,False,,0,0,0
https://thegamesdb.net,thegamesdb.net,unknown,,,tranco_ecom,101505,543594,not_ecommerce,404,False,0,,,False,,0,0,0
https://makeshop.kr,makeshop.kr,unknown,,,tranco_ecom,101567,0,error,0,False,0,,,False,,0,0,0
https://photobooth-io.cc,photobooth-io.cc,unknown,,,tranco_ecom,101575,0,not_ecommerce,404,False,0,,,False,,0,0,0
https://onlinewebshop.net,onlinewebshop.net,unknown,,,tranco_ecom,101679,61910,not_ecommerce,404,False,0,,,False,,0,0,0
https://videogamernetwork.com,videogamernetwork.com,unknown,,,tranco_ecom,101747,0,inactive,404,False,0,,,False,,0,0,0
https://stealth.net,stealth.net,unknown,,,tranco_ecom,101889,932597,not_ecommerce,404,False,0,,,False,,1,0,0
https://kingsfortunegames.com,kingsfortunegames.com,unknown,,,tranco_ecom,101896,0,not_ecommerce,404,False,0,,,False,,1,0,0
https://runningintheusa.com,runningintheusa.com,unknown,,,tranco_ecom,101970,188188,not_ecommerce,406,False,0,,,False,,0,0,0
https://brandsinnpk.com,brandsinnpk.com,unknown,,,tranco_ecom,102045,0,rate_limited,429,False,0,,,False,,0,0,0
https://x7game.com,x7game.com,unknown,,,tranco_ecom,102106,0,not_ecommerce,200,False,0,,,False,,0,0,0
https://loilo.tv,loilo.tv,unknown,,,tranco_ecom,102119,402700,timeout,200,False,0,,,False,,0,0,0
https://dubsgamer.com,dubsgamer.com,unknown,,,tranco_ecom,102222,0,connection_error,0,False,0,,,False,,0,0,0
https://games-alchemist.com,games-alchemist.com,unknown,,,tranco_ecom,102272,0,not_ecommerce,404,False,0,,,False,,0,0,0
https://campingandcaravanningclub.co.uk,campingandcaravanningclub.co.uk,unknown,,,tranco_ecom,102291,54165,not_ecommerce,404,False,0,,,False,,1,0,0
https://go-to-game.com,go-to-game.com,unknown,,,tranco_ecom,102373,0,inactive,400,False,0,,,False,,0,0,0
https://nutrition.org.uk,nutrition.org.uk,unknown,,,tranco_ecom,102430,23921,not_ecommerce,404,False,0,,,False,,0,0,0
https://onlinecarparts.co.uk,onlinecarparts.co.uk,unknown,,,tranco_ecom,102437,306455,inactive,403,False,0,,,False,,0,0,0
https://tapsi.shop,tapsi.shop,unknown,,,tranco_ecom,102517,0,timeout,0,False,0,,,False,,0,0,0
https://estotygames.io,estotygames.io,unknown,,,tranco_ecom,102534,0,connection_error,0,False,0,,,False,,0,0,0
https://winsport365.com,winsport365.com,unknown,,,tranco_ecom,102626,0,inactive,403,False,0,,,False,,0,0,0
https://shoppingchina.com.br,shoppingchina.com.br,unknown,,,tranco_ecom,102679,0,not_ecommerce,500,False,0,,,False,,1,0,0
https://decoration-cloud.com,decoration-cloud.com,unknown,,,tranco_ecom,102727,0,not_ecommerce,200,False,0,,,False,,0,0,0
https://everydaypuzzlesgame.com,everydaypuzzlesgame.com,unknown,,,tranco_ecom,102802,0,not_ecommerce,403,False,0,,,False,,0,0,0
https://metakidsplay.com,metakidsplay.com,unknown,,,tranco_ecom,102867,0,not_ecommerce,404,False,0,,,False,,0,0,0
https://goteacher.com,goteacher.com,unknown,,,tranco_ecom,103003,0,not_ecommerce,404,False,0,,,False,,0,0,0
https://furnituredealer.net,furnituredealer.net,unknown,,,tranco_ecom,103052,445798,not_ecommerce,404,False,0,,,False,,0,0,0
https://chiggaembrail.shop,chiggaembrail.shop,unknown,,,tranco_ecom,103054,0,connection_error,0,False,0,,,False,,0,0,0
https://xoilac365zh.tv,xoilac365zh.tv,unknown,,,tranco_ecom,103080,112638,connection_error,0,False,0,,,False,,0,0,0
https://gamesvessel.com,gamesvessel.com,unknown,,,tranco_ecom,103081,0,not_ecommerce,200,False,0,,,False,,0,0,0
https://2kgames.net,2kgames.net,unknown,,,tranco_ecom,103106,0,timeout,0,False,0,,,False,,0,0,0
https://premium-dns.net,premium-dns.net,unknown,,,tranco_ecom,103119,0,timeout,0,False,0,,,False,,0,0,0
https://sportfeeds.io,sportfeeds.io,unknown,,,tranco_ecom,103131,0,connection_error,0,False,0,,,False,,0,0,0
https://ava-shop.ir,ava-shop.ir,unknown,,,tranco_ecom,103184,0,connection_error,0,False,0,,,False,,0,0,0
https://myonlinestore.eu,myonlinestore.eu,unknown,,,tranco_ecom,103323,535665,timeout,526,False,0,,,False,,0,0,0
https://shopforward.eu,shopforward.eu,unknown,,,tranco_ecom,103328,0,timeout,404,False,0,,,False,,0,0,0
https://shopflo.co,shopflo.co,unknown,,,tranco_ecom,103363,0,server_error,526,False,0,,,False,,0,0,0
https://clientearth.org,clientearth.org,unknown,,,tranco_ecom,103425,24800,not_ecommerce,404,False,0,,,False,,0,0,0
https://team-host.ru,team-host.ru,unknown,,,tranco_ecom,103448,0,not_ecommerce,0,False,0,,,False,,1,0,0
https://fashionscloud.net,fashionscloud.net,unknown,,,tranco_ecom,103554,0,not_ecommerce,200,False,0,,,False,,0,0,0
https://bcgame52.com,bcgame52.com,unknown,,,tranco_ecom,103581,0,not_ecommerce,200,False,0,,,False,,0,0,0
https://liveshopping.com.bd,liveshopping.com.bd,unknown,,,tranco_ecom,103645,0,active,404,True,0,,,False,,3,0,0
https://vidmateapk.com.in,vidmateapk.com.in,unknown,,,tranco_ecom,103648,0,not_ecommerce,200,False,0,,,False,,0,0,0
https://gardeningcloud.com,gardeningcloud.com,unknown,,,tranco_ecom,103686,0,not_ecommerce,200,False,0,,,False,,0,0,0
https://teamsupport.com,teamsupport.com,unknown,,,tranco_ecom,103734,232312,not_ecommerce,404,False,0,,,False,,0,0,0
https://aki-game.com,aki-game.com,unknown,,,tranco_ecom,103763,0,not_ecommerce,0,False,0,,,False,,0,0,0
https://ligasportsbook.com,ligasportsbook.com,unknown,,,tranco_ecom,103814,0,not_ecommerce,0,False,0,,,False,,0,0,0
https://wakanda123game.online,wakanda123game.online,unknown,,,tranco_ecom,103829,0,inactive,0,False,0,,,False,,0,0,0
https://movegames.net,movegames.net,unknown,,,tranco_ecom,103942,0,not_ecommerce,0,False,0,,,False,,0,0,0
https://campfiregames.cn,campfiregames.cn,unknown,,,tranco_ecom,103953,0,timeout,0,False,0,,,False,,0,0,0
https://bobgames-prolister.com,bobgames-prolister.com,unknown,,,tranco_ecom,104004,0,connection_error,0,False,0,,,False,,0,0,0
https://iznikfashions.com,iznikfashions.com,unknown,,,tranco_ecom,104008,0,rate_limited,429,False,0,,,False,,0,0,0
https://phonebookrecoveries.live,phonebookrecoveries.live,unknown,,,tranco_ecom,104113,0,not_ecommerce,404,False,0,,,False,,0,0,0
https://endlesshandbaglinked.com,endlesshandbaglinked.com,unknown,,,tranco_ecom,104188,0,not_ecommerce,404,False,0,,,False,,0,0,0
https://aparatkids.com,aparatkids.com,unknown,,,tranco_ecom,104292,0,timeout,0,False,0,,,False,,0,0,0
https://teamworksapp.com,teamworksapp.com,unknown,,,tranco_ecom,104316,0,not_ecommerce,403,False,0,,,False,,0,0,0
https://handoutawmbrie.shop,handoutawmbrie.shop,unknown,,,tranco_ecom,104336,0,connection_error,0,False,0,,,False,,0,0,0
https://aemoderngame.com,aemoderngame.com,unknown,,,tranco_ecom,104529,0,not_ecommerce,404,False,0,,,False,,0,0,0
https://myshopline.shop,myshopline.shop,unknown,,,tranco_ecom,104535,0,connection_error,0,False,0,,,False,,0,0,0
https://atmohomedecor.com,atmohomedecor.com,unknown,,,tranco_ecom,104633,0,connection_error,0,False,0,,,False,,0,0,0
https://vidikids.com,vidikids.com,unknown,,,tranco_ecom,104692,0,not_ecommerce,404,False,0,,,False,,0,0,0
https://equipmentfacts.com,equipmentfacts.com,unknown,,,tranco_ecom,104723,229032,not_ecommerce,404,False,0,,,False,,0,0,0
https://watchseries1.fun,watchseries1.fun,unknown,,,tranco_ecom,104751,0,inactive,403,False,0,,,False,,0,0,0
https://hydrogenaudio.org,hydrogenaudio.org,unknown,,,tranco_ecom,104816,39597,timeout,404,False,0,,,False,,0,0,0
https://game-land.uz,game-land.uz,unknown,,,tranco_ecom,104923,0,not_ecommerce,404,False,0,,,False,,1,0,0
https://mpo888games.link,mpo888games.link,unknown,,,tranco_ecom,104930,0,not_ecommerce,404,False,0,,,False,,0,0,0
https://hutchgames.io,hutchgames.io,unknown,,,tranco_ecom,104970,0,not_ecommerce,200,False,0,,,False,,0,0,0
https://gamesmain.xyz,gamesmain.xyz,unknown,,,tranco_ecom,105023,0,not_ecommerce,404,False,0,,,False,,0,0,0
https://liateam.ir,liateam.ir,unknown,,,tranco_ecom,105033,0,timeout,0,False,0,,,False,,0,0,0
https://shopmanhcuong.com,shopmanhcuong.com,unknown,,,tranco_ecom,105042,0,not_ecommerce,404,False,0,,,False,,0,0,0
https://audiotouch.info,audiotouch.info,unknown,,,tranco_ecom,105133,0,inactive,404,False,0,,,False,,0,0,0
https://brteachcor.com,brteachcor.com,unknown,,,tranco_ecom,105247,0,connection_error,0,False,0,,,False,,0,0,0
https://lvditoys.com,lvditoys.com,unknown,,,tranco_ecom,105332,0,connection_error,0,False,0,,,False,,0,0,0
https://tequipment.net,tequipment.net,unknown,,,tranco_ecom,105439,125908,not_ecommerce,200,False,0,,,False,,0,0,0
https://wccgames10.xyz,wccgames10.xyz,unknown,,,tranco_ecom,105478,0,not_ecommerce,200,False,0,,,False,,0,0,0
https://lemonshcherbet.com,lemonshcherbet.com,unknown,,,tranco_ecom,105483,0,connection_error,0,False,0,,,False,,0,0,0
https://healthcareindia.store,healthcareindia.store,unknown,,,tranco_ecom,105506,0,not_ecommerce,404,False,0,,,False,,1,0,0
https://fiotdasorte.shop,fiotdasorte.shop,unknown,,,tranco_ecom,105513,0,connection_error,0,False,0,,,False,,0,0,0
https://thecandlenight.co.uk,thecandlenight.co.uk,unknown,,,tranco_ecom,105527,0,inactive,403,False,0,,,False,,0,0,0
https://photorestoreplus.com,photorestoreplus.com,unknown,,,tranco_ecom,105586,0,not_ecommerce,404,False,0,,,False,,0,0,0
https://cavdu.shop,cavdu.shop,unknown,,,tranco_ecom,105713,0,timeout,0,False,0,,,False,,0,0,0
https://delistora.shop,delistora.shop,unknown,,,tranco_ecom,105742,0,rate_limited,429,False,0,,,False,,0,0,0
https://edugames.uz,edugames.uz,unknown,,,tranco_ecom,105766,0,not_ecommerce,404,False,0,,,False,,0,0,0
https://eqglaa.shop,eqglaa.shop,unknown,,,tranco_ecom,105773,0,connection_error,0,False,0,,,False,,0,0,0
https://exadventuregameshub.com,exadventuregameshub.com,unknown,,,tranco_ecom,105777,0,not_ecommerce,404,False,0,,,False,,0,0,0
https://farmfarm.shop,farmfarm.shop,unknown,,,tranco_ecom,105779,0,not_ecommerce,200,False,0,,,False,,0,0,0
https://freegame.build,freegame.build,unknown,,,tranco_ecom,105787,0,not_ecommerce,404,False,0,,,False,,0,0,0
https://gamexzon.com,gamexzon.com,woocommerce,,,tranco_ecom,105793,0,active,404,True,0,,,False,,2,0,0
https://garuda114.shop,garuda114.shop,unknown,,,tranco_ecom,105794,0,not_ecommerce,404,False,0,,,False,,0,0,0
https://ilet-gourmand-chocolaterie.fr,ilet-gourmand-chocolaterie.fr,unknown,,,tranco_ecom,105826,0,not_ecommerce,404,False,0,,,False,,0,0,0
https://kamukta.shop,kamukta.shop,unknown,,,tranco_ecom,105856,0,not_ecommerce,404,False,0,,,False,,0,0,0
https://omar-sherbeni.com,omar-sherbeni.com,unknown,,,tranco_ecom,105960,0,not_ecommerce,404,False,0,,,False,,0,0,0
https://outlet-ns.com,outlet-ns.com,unknown,,,tranco_ecom,105968,0,not_ecommerce,404,False,0,,,False,,0,0,0
https://practicalkida.com,practicalkida.com,unknown,,,tranco_ecom,105989,0,not_ecommerce,404,False,0,,,False,,0,0,0
https://satsport.info,satsport.info,unknown,,,tranco_ecom,106030,0,not_ecommerce,200,False,0,,,False,,0,0,0
https://shop-in-surfexcel.com,shop-in-surfexcel.com,unknown,,,tranco_ecom,106045,0,inactive,500,False,0,,,False,,0,0,0
https://shopbasebd.com,shopbasebd.com,unknown,,,tranco_ecom,106046,0,not_ecommerce,404,False,0,,,False,,1,0,0
https://squidgame456.online,squidgame456.online,unknown,,,tranco_ecom,106060,0,not_ecommerce,200,False,0,,,False,,0,0,0
https://teamvedika.com,teamvedika.com,unknown,,,tranco_ecom,106077,0,not_ecommerce,404,False,0,,,False,,0,0,0
https://topwear.com,topwear.com,unknown,,,tranco_ecom,106098,0,rate_limited,429,False,0,,,False,,0,0,0
https://ushadesigners.com,ushadesigners.com,shopify,,IN,tranco_ecom,106124,0,active,429,True,0,,,True,shopify_payments,4,0,0
https://wikwiknesia.store,wikwiknesia.store,unknown,,,tranco_ecom,106150,0,not_ecommerce,404,False,0,,,False,,0,0,0
https://scholarsportal.info,scholarsportal.info,unknown,,,tranco_ecom,106206,52925,not_ecommerce,200,False,0,,,False,,0,0,0
https://go7game.com,go7game.com,unknown,,,tranco_ecom,106234,0,not_ecommerce,404,False,0,,,False,,0,0,0
https://bikegames.live,bikegames.live,unknown,,,tranco_ecom,106449,0,connection_error,0,False,0,,,False,,0,0,0
https://gamerelite.dev,gamerelite.dev,unknown,,,tranco_ecom,106532,0,not_ecommerce,404,False,0,,,False,,0,0,0
https://dns-shop.by,dns-shop.by,unknown,,,tranco_ecom,106588,0,inactive,0,False,0,,,False,,0,0,0
https://sportzfyapk.org,sportzfyapk.org,unknown,,,tranco_ecom,106618,0,not_ecommerce,0,False,0,,,False,,0,0,0
https://comparethemarket.com.au,comparethemarket.com.au,unknown,,,tranco_ecom,106632,46750,not_ecommerce,0,False,0,,,False,,0,0,0
https://watsonsestore.com.cn,watsonsestore.com.cn,unknown,,,tranco_ecom,106654,0,server_error,0,False,0,,,False,,0,0,0
https://watchanimeworld.in,watchanimeworld.in,unknown,,,tranco_ecom,106667,0,not_ecommerce,404,False,0,,,False,,0,0,0
https://skinsrestorer.net,skinsrestorer.net,unknown,,,tranco_ecom,106727,0,not_ecommerce,404,False,0,,,False,,0,0,0
https://blackmilkclothing.com,blackmilkclothing.com,unknown,,,tranco_ecom,106786,111175,rate_limited,429,False,0,,,False,,0,0,0
https://customerconnections.io,customerconnections.io,unknown,,,tranco_ecom,106787,0,not_ecommerce,0,False,0,,,False,,0,0,0
https://telephonedirectories.us,telephonedirectories.us,unknown,,,tranco_ecom,106878,665022,not_ecommerce,200,False,0,,,False,,0,0,0
https://sgames.org,sgames.org,unknown,,,tranco_ecom,106879,299449,inactive,403,False,0,,,False,,0,0,0
https://yuogames.com,yuogames.com,unknown,,,tranco_ecom,106905,0,not_ecommerce,404,False,0,,,False,,0,0,0
https://okolo.market,okolo.market,unknown,,,tranco_ecom,107076,0,not_ecommerce,404,False,0,,,False,,0,0,0
https://schoolssports.com,schoolssports.com,unknown,,,tranco_ecom,107131,0,connection_error,0,False,0,,,False,,0,0,0
https://teamholistic.com,teamholistic.com,unknown,,,tranco_ecom,107178,0,error,404,False,0,,,False,,0,0,0
https://royalegame.win,royalegame.win,unknown,,,tranco_ecom,107210,0,server_error,521,False,0,,,False,,0,0,0
https://freegames.org,freegames.org,unknown,,,tranco_ecom,107294,225633,not_ecommerce,404,False,0,,,False,,0,0,0
https://esporteskn.com,esporteskn.com,bigcommerce,,,tranco_ecom,107319,0,active,404,False,0,,,False,,0,0,0
https://martinhash.com,martinhash.com,unknown,,,tranco_ecom,107364,0,connection_error,0,False,0,,,False,,0,0,0
https://evrika-games.ru,evrika-games.ru,unknown,,,tranco_ecom,107407,0,not_ecommerce,200,False,0,,,False,,0,0,0
https://azgame.io,azgame.io,unknown,,,tranco_ecom,107460,969323,not_ecommerce,404,False,0,,,False,,0,0,0
https://shopeepay.vn,shopeepay.vn,unknown,,,tranco_ecom,107659,0,not_ecommerce,200,False,0,,,False,,0,0,0
https://quranicaudio.com,quranicaudio.com,unknown,,,tranco_ecom,107897,671682,not_ecommerce,404,False,0,,,False,,0,0,0
https://minaeanhern.shop,minaeanhern.shop,unknown,,,tranco_ecom,107909,0,connection_error,0,False,0,,,False,,0,0,0
https://leagueoflegendsportal.com,leagueoflegendsportal.com,unknown,,,tranco_ecom,107911,0,timeout,0,False,0,,,False,,0,0,0
https://thesports.com,thesports.com,unknown,,,tranco_ecom,107941,0,timeout,0,False,0,,,False,,0,0,0
https://shrinerschildrens.org,shrinerschildrens.org,unknown,,,tranco_ecom,107943,33482,not_ecommerce,404,False,0,,,False,,1,0,0
https://brandonw.net,brandonw.net,unknown,,,tranco_ecom,108117,48198,not_ecommerce,404,False,0,,,False,,1,0,0
https://blitzwallet.cfd,blitzwallet.cfd,unknown,,,tranco_ecom,108127,0,server_error,502,False,0,,,False,,0,0,0
https://game-ayhkp.top,game-ayhkp.top,unknown,,,tranco_ecom,108130,0,inactive,404,False,0,,,False,,0,0,0
https://sharelink-3.shop,sharelink-3.shop,unknown,,,tranco_ecom,108135,0,not_ecommerce,404,False,0,,,False,,0,0,0
https://brandongaille.com,brandongaille.com,unknown,,,tranco_ecom,108163,25938,not_ecommerce,404,False,0,,,False,,0,0,0
https://beloil.by,beloil.by,unknown,,,tranco_ecom,108178,0,not_ecommerce,200,False,0,,,False,,0,0,0
https://stiffgame.com,stiffgame.com,unknown,,,tranco_ecom,108223,0,inactive,404,False,0,,,False,,0,0,0
https://qcha.shop,qcha.shop,unknown,,,tranco_ecom,108228,0,not_ecommerce,404,False,0,,,False,,0,0,0
https://games.gg,games.gg,unknown,,,tranco_ecom,108236,94587,not_ecommerce,404,False,0,,,False,,1,0,0
https://icecreamapps.com,icecreamapps.com,unknown,,,tranco_ecom,108270,55793,not_ecommerce,404,False,0,,,False,,1,0,0
https://ibabycloud.com,ibabycloud.com,unknown,,,tranco_ecom,108282,0,connection_error,0,False,0,,,False,,0,0,0
https://sporteurope.tv,sporteurope.tv,unknown,,,tranco_ecom,108290,59498,not_ecommerce,200,False,0,,,False,,1,0,0
https://longwoodgardens.org,longwoodgardens.org,unknown,,,tranco_ecom,108340,38442,not_ecommerce,404,False,0,,,False,,0,0,0
https://trafic.store,trafic.store,unknown,,,tranco_ecom,108355,0,timeout,0,False,0,,,False,,0,0,0
https://startgames.ws,startgames.ws,unknown,,,tranco_ecom,108369,23493,timeout,0,False,0,,,False,,0,0,0
https://adcloud-sports.com,adcloud-sports.com,unknown,,,tranco_ecom,108479,0,not_ecommerce,200,False,0,,,False,,0,0,0
https://eurosport.co.uk,eurosport.co.uk,unknown,,,tranco_ecom,108520,35037,not_ecommerce,404,False,0,,,False,,0,0,0
https://icecream.com,icecream.com,unknown,,,tranco_ecom,108522,54710,not_ecommerce,404,False,0,,,False,,0,0,0
https://toile-libre.org,toile-libre.org,unknown,,,tranco_ecom,108533,32537,not_ecommerce,404,False,0,,,False,,0,0,0
https://4vngame.net,4vngame.net,unknown,,,tranco_ecom,108539,0,connection_error,0,False,0,,,False,,0,0,0
https://shopinsync.com,shopinsync.com,unknown,,,tranco_ecom,108712,0,not_ecommerce,200,False,0,,,False,,0,0,0
https://bekids.com,bekids.com,unknown,,,tranco_ecom,108755,0,not_ecommerce,404,False,0,,,False,,0,0,0
https://babytiger.tv,babytiger.tv,unknown,,,tranco_ecom,108782,0,timeout,0,False,0,,,False,,0,0,0
https://machinemart.co.uk,machinemart.co.uk,unknown,,,tranco_ecom,108868,158527,not_ecommerce,404,False,0,,,False,,1,0,0
https://shopee.kr,shopee.kr,unknown,,,tranco_ecom,108964,0,not_ecommerce,404,False,0,,,False,,0,0,0
https://weareone.world,weareone.world,unknown,,,tranco_ecom,109008,0,inactive,404,False,0,,,False,,0,0,0
https://shopvoxpopulus.com,shopvoxpopulus.com,unknown,,,tranco_ecom,109087,0,not_ecommerce,404,False,0,,,False,,0,0,0
https://jwatch.org,jwatch.org,unknown,,,tranco_ecom,109156,27132,not_ecommerce,200,False,0,,,False,,1,0,0
https://shopping-today.pro,shopping-today.pro,unknown,,,tranco_ecom,109355,0,not_ecommerce,200,False,0,,,False,,0,0,0
https://watchduty.org,watchduty.org,unknown,,,tranco_ecom,109475,106985,not_ecommerce,404,False,0,,,False,,0,0,0
https://littlewhalegame.com,littlewhalegame.com,unknown,,,tranco_ecom,109523,0,not_ecommerce,404,False,0,,,False,,0,0,0
https://mountaintoys.cn,mountaintoys.cn,unknown,,,tranco_ecom,109533,0,connection_error,0,False,0,,,False,,0,0,0
https://toyotakz.com,toyotakz.com,unknown,,,tranco_ecom,109572,0,timeout,0,False,0,,,False,,0,0,0
https://sialiagames.com.tw,sialiagames.com.tw,unknown,,,tranco_ecom,109607,0,not_ecommerce,404,False,0,,,False,,0,0,0
https://partyanimalsgame.com,partyanimalsgame.com,unknown,,,tranco_ecom,109634,0,not_ecommerce,200,False,0,,,False,,0,0,0
https://agoragames.com,agoragames.com,unknown,,,tranco_ecom,109726,0,inactive,403,False,0,,,False,,0,0,0
https://cpesupply.com,cpesupply.com,unknown,,,tranco_ecom,109804,0,inactive,403,False,0,,,False,,0,0,0
https://luxury-casino-uk.com,luxury-casino-uk.com,unknown,,,tranco_ecom,109808,16630,not_ecommerce,404,False,0,,,False,,0,0,0
https://fkwallet.io,fkwallet.io,unknown,,,tranco_ecom,109810,0,not_ecommerce,404,False,0,,,False,,0,0,0
https://beosport.com,beosport.com,unknown,,,tranco_ecom,109879,0,inactive,403,False,0,,,False,,0,0,0
https://kidecyg.com,kidecyg.com,unknown,,,tranco_ecom,109891,0,not_ecommerce,404,False,0,,,False,,0,0,0
https://comprobanteselectronicos.go.cr,comprobanteselectronicos.go.cr,unknown,,,tranco_ecom,109980,0,connection_error,0,False,0,,,False,,0,0,0
https://beateatingdisorders.org.uk,beateatingdisorders.org.uk,unknown,,,tranco_ecom,110127,29246,not_ecommerce,404,False,0,,,False,,0,0,0
https://hnyigegame.com,hnyigegame.com,unknown,,,tranco_ecom,110153,0,not_ecommerce,404,False,0,,,False,,0,0,0
https://worlddancesport.org,worlddancesport.org,unknown,,,tranco_ecom,110171,83882,not_ecommerce,404,False,0,,,False,,0,0,0
https://maryruthorganics.com,maryruthorganics.com,shopify,,,tranco_ecom,110206,322317,active,200,True,5,Liquid Vitamins|Capsules|Bundles|Gummies|Bundles,badge-txt-new|badge-txt-new|filter: Energy & Metabolism|filter::focus::brain-health|filter::life-stage::adults-40-plus|filter::life-stage::mens|badge-txt-10% OFF|no_discount|badge-txt-new|filter::life-stage::adults-40-plus,False,,0,24.95,145.14
https://bagongviral.store,bagongviral.store,unknown,,,tranco_ecom,110311,0,not_ecommerce,404,False,0,,,False,,0,0,0
https://imagearts.de,imagearts.de,unknown,,,tranco_ecom,110351,0,not_ecommerce,404,False,0,,,False,,0,0,0
https://sloydskiddish.qpon,sloydskiddish.qpon,unknown,,,tranco_ecom,110383,0,connection_error,0,False,0,,,False,,0,0,0
https://varline.store,varline.store,unknown,,,tranco_ecom,110412,0,inactive,403,False,0,,,False,,0,0,0
https://myworkdaygadgets.com,myworkdaygadgets.com,unknown,,,tranco_ecom,110464,0,connection_error,0,False,0,,,False,,0,0,0
https://brt16.shop,brt16.shop,unknown,,,tranco_ecom,110491,0,not_ecommerce,200,False,0,,,False,,0,0,0
https://heroesofhistorygame.com,heroesofhistorygame.com,unknown,,,tranco_ecom,110537,0,not_ecommerce,0,False,0,,,False,,0,0,0
https://audioknigi.xyz,audioknigi.xyz,unknown,,,tranco_ecom,110559,0,inactive,403,False,0,,,False,,0,0,0
https://gogogogame.com,gogogogame.com,unknown,,,tranco_ecom,110591,0,not_ecommerce,200,False,0,,,False,,0,0,0
https://brandclub.com,brandclub.com,unknown,,,tranco_ecom,110617,861897,not_ecommerce,200,False,0,,,False,,0,0,0
https://eventbriteapi.com,eventbriteapi.com,unknown,,,tranco_ecom,110648,0,timeout,0,False,0,,,False,,0,0,0
https://remedygames.online,remedygames.online,unknown,,,tranco_ecom,110665,0,timeout,0,False,0,,,False,,0,0,0
https://gearset.com,gearset.com,unknown,,,tranco_ecom,110686,412321,not_ecommerce,404,False,0,,,False,,0,0,0
https://nutritionvalue.org,nutritionvalue.org,unknown,,,tranco_ecom,110688,55171,not_ecommerce,0,False,0,,,False,,0,0,0
https://leapwallet.io,leapwallet.io,unknown,,,tranco_ecom,110695,465541,not_ecommerce,404,False,0,,,False,,0,0,0
https://steam302.xyz,steam302.xyz,unknown,,,tranco_ecom,110697,0,connection_error,0,False,0,,,False,,0,0,0
https://herewallet.app,herewallet.app,unknown,,,tranco_ecom,110764,0,not_ecommerce,200,False,0,,,False,,1,0,0
https://bajgames.xyz,bajgames.xyz,unknown,,,tranco_ecom,110788,0,not_ecommerce,404,False,0,,,False,,0,0,0
https://theheritagearts.in,theheritagearts.in,unknown,,,tranco_ecom,110789,0,not_ecommerce,404,False,0,,,False,,0,0,0
https://setshoe.ir,setshoe.ir,unknown,,,tranco_ecom,110844,0,timeout,0,False,0,,,False,,0,0,0
https://tellmethetrue.shop,tellmethetrue.shop,unknown,,,tranco_ecom,110858,0,connection_error,0,False,0,,,False,,0,0,0
https://ccboot.com,ccboot.com,unknown,,,tranco_ecom,110872,0,not_ecommerce,404,False,0,,,False,,0,0,0
https://jieyou.shop,jieyou.shop,unknown,,,tranco_ecom,110881,0,inactive,404,False,0,,,False,,0,0,0
https://uniteae.com,uniteae.com,unknown,,,tranco_ecom,110887,0,server_error,502,False,0,,,False,,0,0,0
https://shopflavcity.com,shopflavcity.com,shopify,,,tranco_ecom,110927,0,active,200,True,5,Protein Smoothie|bundle|Protein Smoothie,hidden|hide-from-search|hide-from-search|hidden|hide-from-search,False,,0,3.99,49.99
https://scbd.net.id,scbd.net.id,unknown,,,tranco_ecom,110992,0,timeout,0,False,0,,,False,,0,0,0
https://mimi303premium.com,mimi303premium.com,unknown,,,tranco_ecom,111099,0,timeout,0,False,0,,,False,,0,0,0
https://for-beauty-karlsruhe.de,for-beauty-karlsruhe.de,unknown,,,tranco_ecom,111125,0,timeout,0,False,0,,,False,,0,0,0
https://maal69.shop,maal69.shop,unknown,,,tranco_ecom,111139,0,not_ecommerce,404,False,0,,,False,,0,0,0
https://terongganas.store,terongganas.store,unknown,,,tranco_ecom,111154,0,not_ecommerce,404,False,0,,,False,,0,0,0
https://pariplaygames.com,pariplaygames.com,unknown,,,tranco_ecom,111196,0,connection_error,0,False,0,,,False,,0,0,0
https://bcgame51.com,bcgame51.com,unknown,,,tranco_ecom,111298,0,not_ecommerce,200,False,0,,,False,,0,0,0
https://theh5games.com,theh5games.com,unknown,,,tranco_ecom,111299,0,not_ecommerce,200,False,0,,,False,,0,0,0
https://vksport.kz,vksport.kz,unknown,,,tranco_ecom,111339,28285,inactive,403,False,0,,,False,,0,0,0
https://rateair168.com,rateair168.com,unknown,,,tranco_ecom,111341,0,inactive,403,False,0,,,False,,0,0,0
https://manzanasport.com,manzanasport.com,unknown,,,tranco_ecom,111347,0,inactive,402,False,0,,,False,,0,0,0
https://thefragranceshop.co.uk,thefragranceshop.co.uk,unknown,,,tranco_ecom,111362,137724,inactive,403,False,0,,,False,,0,0,0
https://steelrust.shop,steelrust.shop,unknown,,,tranco_ecom,111453,0,active,404,True,0,,,False,,2,0,0
https://ankama-games.com,ankama-games.com,unknown,,,tranco_ecom,111482,0,timeout,0,False,0,,,False,,0,0,0
https://playtoys.tv,playtoys.tv,unknown,,,tranco_ecom,111483,0,not_ecommerce,200,False,0,,,False,,1,0,0
https://shiyuegame.com,shiyuegame.com,unknown,,,tranco_ecom,111488,0,not_ecommerce,0,False,0,,,False,,0,0,0
https://organicmaps.app,organicmaps.app,unknown,,,tranco_ecom,111513,67134,not_ecommerce,404,False,0,,,False,,0,0,0
https://sneakers.com,sneakers.com,unknown,,,tranco_ecom,111537,0,timeout,0,False,0,,,False,,0,0,0
https://xoilaczzsxz.tv,xoilaczzsxz.tv,unknown,,,tranco_ecom,111551,608570,inactive,403,False,0,,,False,,0,0,0
https://flamingo.shop,flamingo.shop,unknown,,,tranco_ecom,111602,0,not_ecommerce,200,False,0,,,False,,0,0,0
https://healthpolicy-watch.news,healthpolicy-watch.news,unknown,,,tranco_ecom,111605,30064,not_ecommerce,404,False,0,,,False,,0,0,0
https://storefrontapp.ru,storefrontapp.ru,unknown,,,tranco_ecom,111646,0,not_ecommerce,0,False,0,,,False,,0,0,0
https://casinozeus.store,casinozeus.store,unknown,,,tranco_ecom,111667,0,inactive,403,False,0,,,False,,0,0,0
https://sports.bet.ar,sports.bet.ar,unknown,,,tranco_ecom,111672,0,not_ecommerce,200,False,0,,,False,,0,0,0
https://brandmark.io,brandmark.io,unknown,,,tranco_ecom,111831,36354,not_ecommerce,404,False,0,,,False,,0,0,0
https://talksportcasino.net,talksportcasino.net,unknown,,,tranco_ecom,111851,18995,not_ecommerce,200,False,0,,,False,,0,0,0
https://slotgame6666c.com,slotgame6666c.com,unknown,,,tranco_ecom,111869,0,not_ecommerce,404,False,0,,,False,,0,0,0
https://familywatchdog.us,familywatchdog.us,unknown,,,tranco_ecom,111882,33755,inactive,202,False,0,,,False,,0,0,0
https://wine.com.br,wine.com.br,unknown,,,tranco_ecom,111895,303940,not_ecommerce,0,False,0,,,False,,0,0,0
https://glorygame.cn,glorygame.cn,unknown,,,tranco_ecom,111914,0,connection_error,0,False,0,,,False,,0,0,0
https://all4cycling.com,all4cycling.com,unknown,,,tranco_ecom,111927,357408,timeout,0,False,0,,,False,,0,0,0
https://myranchgame.com,myranchgame.com,unknown,,,tranco_ecom,112085,0,connection_error,0,False,0,,,False,,0,0,0
https://gazellegames.net,gazellegames.net,unknown,,,tranco_ecom,112253,0,not_ecommerce,200,False,0,,,False,,0,0,0
https://statoil.com,statoil.com,unknown,,,tranco_ecom,112303,60141,not_ecommerce,404,False,0,,,False,,0,0,0
https://teamreach.com,teamreach.com,unknown,,,tranco_ecom,112327,0,not_ecommerce,404,False,0,,,False,,0,0,0
https://wolfplaygame.com,wolfplaygame.com,unknown,,,tranco_ecom,112357,0,not_ecommerce,404,False,0,,,False,,0,0,0
https://linegame.jp,linegame.jp,unknown,,,tranco_ecom,112393,0,timeout,0,False,0,,,False,,0,0,0
https://ontheshelftoys.com,ontheshelftoys.com,shopify,,,tranco_ecom,112440,0,active,200,True,5,,,False,,0,26.99,45.99
https://nextluxury.com,nextluxury.com,unknown,,,tranco_ecom,112448,48133,not_ecommerce,404,False,0,,,False,,0,0,0
https://shop21pro.site,shop21pro.site,unknown,,,tranco_ecom,112455,0,timeout,0,False,0,,,False,,0,0,0
https://phonecar92.com,phonecar92.com,unknown,,,tranco_ecom,112466,0,not_ecommerce,404,False,0,,,False,,0,0,0
https://leniugame.com,leniugame.com,unknown,,,tranco_ecom,112537,0,not_ecommerce,404,False,0,,,False,,0,0,0
https://store.bg,store.bg,unknown,,,tranco_ecom,112624,196299,error,404,False,0,,,False,,0,0,0
https://gameley.com,gameley.com,unknown,,,tranco_ecom,112702,0,connection_error,0,False,0,,,False,,0,0,0
https://29xpompa4d.shop,29xpompa4d.shop,unknown,,,tranco_ecom,112710,0,timeout,0,False,0,,,False,,0,0,0
https://auzora-shop.com,auzora-shop.com,shopify,,,tranco_ecom,112737,0,active,200,True,5,,aromatic perfume|body perfume|daily wear perfume|everyday fragrance|fragrance|boxers for men|casual innerwear|comfortable boxers|daily wear innerwear|flexible fit boxers,False,,0,599.0,699.0
https://gendut188clear.store,gendut188clear.store,unknown,,,tranco_ecom,112798,0,not_ecommerce,200,False,0,,,False,,0,0,0
https://gymresult.it,gymresult.it,unknown,,,tranco_ecom,112805,0,not_ecommerce,404,False,0,,,False,,0,0,0
https://keykids.ir,keykids.ir,unknown,,,tranco_ecom,112830,0,timeout,0,False,0,,,False,,0,0,0
https://lowcountrycoffeeroasters.com,lowcountrycoffeeroasters.com,shopify,,US,tranco_ecom,112846,0,active,429,True,0,,,True,,3,0,0
https://max77slot.beauty,max77slot.beauty,unknown,,,tranco_ecom,112860,0,timeout,0,False,0,,,False,,0,0,0
https://myntr.store,myntr.store,unknown,,,tranco_ecom,112873,0,not_ecommerce,404,False,0,,,False,,0,0,0
https://pshop4.shop,pshop4.shop,unknown,,,tranco_ecom,112912,0,connection_error,0,False,0,,,False,,0,0,0
https://shopatgood.com,shopatgood.com,unknown,,,tranco_ecom,112941,0,timeout,0,False,0,,,False,,0,0,0
https://shoplify.org,shoplify.org,unknown,,,tranco_ecom,112942,0,not_ecommerce,0,False,0,,,False,,0,0,0
https://spotgames.top,spotgames.top,unknown,,,tranco_ecom,112946,0,timeout,0,False,0,,,False,,0,0,0
https://viral2026.store,viral2026.store,unknown,,,tranco_ecom,112975,0,not_ecommerce,404,False,0,,,False,,0,0,0
https://riigiteataja.ee,riigiteataja.ee,unknown,,,tranco_ecom,113011,35184,not_ecommerce,404,False,0,,,False,,0,0,0
https://steadyhost.ru,steadyhost.ru,unknown,,,tranco_ecom,113039,0,not_ecommerce,404,False,0,,,False,,0,0,0
https://shopfullyapp.com,shopfullyapp.com,unknown,,,tranco_ecom,113170,0,connection_error,0,False,0,,,False,,0,0,0
https://cameramanager.com,cameramanager.com,unknown,,,tranco_ecom,113204,0,not_ecommerce,200,False,0,,,False,,1,0,0
https://pregnancybirthbaby.org.au,pregnancybirthbaby.org.au,unknown,,,tranco_ecom,113207,34140,not_ecommerce,403,False,0,,,False,,0,0,0
https://brandsarelive.com,brandsarelive.com,shopify,,CH,tranco_ecom,113240,0,active,429,True,0,,,True,,4,0,0
https://blackcomb-shop.eu,blackcomb-shop.eu,unknown,,,tranco_ecom,113282,0,timeout,0,False,0,,,False,,0,0,0
https://intlgame.cn,intlgame.cn,unknown,,,tranco_ecom,113292,0,connection_error,0,False,0,,,False,,0,0,0
https://citrixgame.com,citrixgame.com,unknown,,,tranco_ecom,113354,0,timeout,0,False,0,,,False,,0,0,0
https://tokyo88maxwin.store,tokyo88maxwin.store,unknown,,,tranco_ecom,113445,0,not_ecommerce,404,False,0,,,False,,0,0,0
https://exbabylon.net,exbabylon.net,unknown,,,tranco_ecom,113495,0,not_ecommerce,404,False,0,,,False,,0,0,0
https://startfitness.co.uk,startfitness.co.uk,shopify,,,tranco_ecom,113552,197446,active,200,True,5,Footwear|Footwear|Footwear|Footwear|Footwear,amazEU|amazUK|amazUS|App Discount Allowed|BackInStock-01-04-2026|amazEU|amazUK|amazUS|App Discount Allowed|BackInStock-01-04-2026,False,,0,45.0,50.0
https://sporting.rocks,sporting.rocks,unknown,,,tranco_ecom,113580,0,not_ecommerce,0,False,0,,,False,,0,0,0
https://fdbaudio.com,fdbaudio.com,unknown,,,tranco_ecom,113584,25770,not_ecommerce,404,False,0,,,False,,0,0,0
https://nic.fashion,nic.fashion,unknown,,,tranco_ecom,113598,0,not_ecommerce,200,False,0,,,False,,0,0,0
https://giftz.com.au,giftz.com.au,unknown,,,tranco_ecom,113600,0,not_ecommerce,0,False,0,,,False,,0,0,0
https://xtonwallet.com,xtonwallet.com,unknown,,,tranco_ecom,113624,0,not_ecommerce,0,False,0,,,False,,0,0,0
https://xpertbeauty.ro,xpertbeauty.ro,unknown,,,tranco_ecom,113629,0,not_ecommerce,0,False,0,,,False,,1,0,0
https://shopflo.com,shopflo.com,unknown,,,tranco_ecom,113675,0,not_ecommerce,0,False,0,,,False,,1,0,0
https://prwatch.org,prwatch.org,unknown,,,tranco_ecom,113738,28333,inactive,403,False,0,,,False,,0,0,0
https://wilde-stichelei-shop.de,wilde-stichelei-shop.de,unknown,,,tranco_ecom,113770,0,timeout,0,False,0,,,False,,0,0,0
https://customexchange.net,customexchange.net,unknown,,,tranco_ecom,113782,0,timeout,0,False,0,,,False,,0,0,0
https://sportsvideo.org,sportsvideo.org,unknown,,,tranco_ecom,113896,38116,not_ecommerce,200,False,0,,,False,,0,0,0
https://officialsportzfy.link,officialsportzfy.link,unknown,,,tranco_ecom,113923,0,not_ecommerce,200,False,0,,,False,,0,0,0
https://8jjsports.app,8jjsports.app,unknown,,,tranco_ecom,113951,0,not_ecommerce,404,False,0,,,False,,0,0,0
https://bloginz.shop,bloginz.shop,unknown,,,tranco_ecom,113958,0,not_ecommerce,0,False,0,,,False,,0,0,0
https://vio77c.store,vio77c.store,unknown,,,tranco_ecom,114042,0,inactive,0,False,0,,,False,,0,0,0
https://pttogelcod.store,pttogelcod.store,unknown,,,tranco_ecom,114060,0,connection_error,0,False,0,,,False,,0,0,0
https://cccam-premium.pro,cccam-premium.pro,unknown,,,tranco_ecom,114160,0,not_ecommerce,404,False,0,,,False,,0,0,0
https://shopstyle.co.uk,shopstyle.co.uk,unknown,,,tranco_ecom,114256,149083,inactive,403,False,0,,,False,,0,0,0
https://dimanaracik198.store,dimanaracik198.store,unknown,,,tranco_ecom,114291,0,not_ecommerce,200,False,0,,,False,,0,0,0
https://mystore.run,mystore.run,unknown,,,tranco_ecom,114320,0,not_ecommerce,200,False,0,,,False,,0,0,0
https://safebrands.tech,safebrands.tech,unknown,,,tranco_ecom,114338,0,connection_error,0,False,0,,,False,,0,0,0
https://igame58.com,igame58.com,unknown,,,tranco_ecom,114410,0,inactive,500,False,0,,,False,,0,0,0
https://shopmancini.com,shopmancini.com,unknown,,,tranco_ecom,114472,0,not_ecommerce,404,False,0,,,False,,0,0,0
https://amwayglobal.store,amwayglobal.store,unknown,,,tranco_ecom,114495,0,not_ecommerce,404,False,0,,,False,,0,0,0
https://answear.ua,answear.ua,unknown,,,tranco_ecom,114526,471703,inactive,403,False,0,,,False,,0,0,0
https://telefonica-wholesale.net,telefonica-wholesale.net,unknown,,,tranco_ecom,114549,0,not_ecommerce,0,False,0,,,False,,0,0,0
https://storepoint.co,storepoint.co,bigcommerce,,,tranco_ecom,114570,0,active,200,False,0,,,False,,1,0,0
https://chikiigame.com,chikiigame.com,unknown,,,tranco_ecom,114596,0,not_ecommerce,404,False,0,,,False,,0,0,0
https://watcher.guru,watcher.guru,unknown,,,tranco_ecom,114620,33004,not_ecommerce,404,False,0,,,False,,0,0,0
https://emulatorgamesx.net,emulatorgamesx.net,unknown,,,tranco_ecom,114698,0,not_ecommerce,200,False,0,,,False,,0,0,0
https://easygame2021.com,easygame2021.com,unknown,,,tranco_ecom,114774,0,not_ecommerce,200,False,0,,,False,,0,0,0
https://gamebridge.games,gamebridge.games,unknown,,,tranco_ecom,114801,0,not_ecommerce,200,False,0,,,False,,0,0,0
https://vipkid.com.cn,vipkid.com.cn,unknown,,,tranco_ecom,114825,261094,not_ecommerce,404,False,0,,,False,,0,0,0
https://slot88jp11.shop,slot88jp11.shop,unknown,,,tranco_ecom,114944,0,inactive,403,False,0,,,False,,0,0,0
https://xoilaczkpxz.tv,xoilaczkpxz.tv,unknown,,,tranco_ecom,114960,0,inactive,403,False,0,,,False,,0,0,0
https://steaxscripts.com,steaxscripts.com,unknown,,,tranco_ecom,115034,0,not_ecommerce,404,False,0,,,False,,0,0,0
https://usagym.org,usagym.org,unknown,,,tranco_ecom,115073,38436,not_ecommerce,200,False,0,,,False,,0,0,0
https://lestagames.by,lestagames.by,unknown,,,tranco_ecom,115110,0,not_ecommerce,0,False,0,,,False,,1,0,0
https://rightwingwatch.org,rightwingwatch.org,unknown,,,tranco_ecom,115133,29050,timeout,0,False,0,,,False,,0,0,0
https://safebk.shop,safebk.shop,unknown,,,tranco_ecom,115257,0,connection_error,0,False,0,,,False,,0,0,0
https://smokepocket.co.uk,smokepocket.co.uk,unknown,,,tranco_ecom,115297,0,not_ecommerce,0,False,0,,,False,,0,0,0
https://irkutskoil.ru,irkutskoil.ru,unknown,,,tranco_ecom,115322,692680,not_ecommerce,0,False,0,,,False,,0,0,0
https://shanzhih5game.com,shanzhih5game.com,unknown,,,tranco_ecom,115369,0,not_ecommerce,404,False,0,,,False,,0,0,0
https://bubbleshooter-game.online,bubbleshooter-game.online,unknown,,,tranco_ecom,115371,0,not_ecommerce,200,False,0,,,False,,0,0,0
https://ibabylabs.net,ibabylabs.net,unknown,,,tranco_ecom,115381,0,timeout,0,False,0,,,False,,0,0,0
https://rupiahtotobrand.com,rupiahtotobrand.com,unknown,,,tranco_ecom,115483,0,timeout,0,False,0,,,False,,0,0,0
https://vdiit.shop,vdiit.shop,unknown,,,tranco_ecom,115498,0,timeout,0,False,0,,,False,,0,0,0
https://xoilaczzzxv.tv,xoilaczzzxv.tv,unknown,,,tranco_ecom,115504,0,inactive,403,False,0,,,False,,0,0,0
https://walletlink.org,walletlink.org,unknown,,,tranco_ecom,115545,0,connection_error,0,False,0,,,False,,0,0,0
https://hochschwabsport.at,hochschwabsport.at,unknown,,,tranco_ecom,115550,0,not_ecommerce,404,False,0,,,False,,0,0,0
https://abcfoodshop.com,abcfoodshop.com,unknown,,,tranco_ecom,115670,0,connection_error,0,False,0,,,False,,0,0,0
https://apinagad.store,apinagad.store,unknown,,,tranco_ecom,115700,0,active,404,True,0,,,False,,3,0,0
https://bdelectionwatch.org,bdelectionwatch.org,unknown,,,tranco_ecom,115723,0,not_ecommerce,404,False,0,,,False,,0,0,0
https://beautyonrequest.nl,beautyonrequest.nl,unknown,,,tranco_ecom,115724,0,timeout,0,False,0,,,False,,0,0,0
https://bestnewsales.shop,bestnewsales.shop,unknown,,,tranco_ecom,115731,0,timeout,0,False,0,,,False,,0,0,0
https://cerodesperdicio.shop,cerodesperdicio.shop,unknown,,,tranco_ecom,115762,0,connection_error,0,False,0,,,False,,0,0,0
https://donateawall.in,donateawall.in,unknown,,,tranco_ecom,115795,0,connection_error,0,False,0,,,False,,0,0,0
https://garuda117.shop,garuda117.shop,unknown,,,tranco_ecom,115851,0,not_ecommerce,404,False,0,,,False,,0,0,0
https://greeningsfloristry.co.uk,greeningsfloristry.co.uk,unknown,,,tranco_ecom,115875,0,connection_error,0,False,0,,,False,,0,0,0
https://jitu26game.com,jitu26game.com,unknown,,,tranco_ecom,115917,0,inactive,403,False,0,,,False,,0,0,0
https://kadallampu.store,kadallampu.store,unknown,,,tranco_ecom,115930,0,timeout,0,False,0,,,False,,0,0,0
https://pelisflix1.store,pelisflix1.store,unknown,,,tranco_ecom,116074,0,not_ecommerce,0,False,0,,,False,,0,0,0
https://pmcestore.com,pmcestore.com,unknown,,,tranco_ecom,116106,0,connection_error,0,False,0,,,False,,0,0,0
https://porno80zn.shop,porno80zn.shop,unknown,,,tranco_ecom,116115,0,not_ecommerce,0,False,0,,,False,,0,0,0
https://porno80zy.shop,porno80zy.shop,unknown,,,tranco_ecom,116116,0,not_ecommerce,0,False,0,,,False,,0,0,0
https://porno80zz.shop,porno80zz.shop,unknown,,,tranco_ecom,116117,0,not_ecommerce,0,False,0,,,False,,0,0,0
https://progameh.cc,progameh.cc,unknown,,,tranco_ecom,116125,0,not_ecommerce,0,False,0,,,False,,0,0,0
https://restorevalentinesday.com,restorevalentinesday.com,unknown,,,tranco_ecom,116149,0,not_ecommerce,0,False,0,,,False,,0,0,0
https://selcuksportshd48883365c0.xyz,selcuksportshd48883365c0.xyz,unknown,,,tranco_ecom,116175,0,not_ecommerce,404,False,0,,,False,,0,0,0
https://selcuksportshdf223dc1c06.xyz,selcuksportshdf223dc1c06.xyz,unknown,,,tranco_ecom,116176,0,not_ecommerce,404,False,0,,,False,,0,0,0
https://streaming-community.store,streaming-community.store,unknown,,,tranco_ecom,116206,0,timeout,0,False,0,,,False,,0,0,0
https://topcustominternational.it,topcustominternational.it,unknown,,,tranco_ecom,116237,0,not_ecommerce,0,False,0,,,False,,0,0,0
https://trolleys-flip.shop,trolleys-flip.shop,unknown,,,tranco_ecom,116251,0,connection_error,0,False,0,,,False,,0,0,0
https://tvtogelldr.store,tvtogelldr.store,unknown,,,tranco_ecom,116262,0,not_ecommerce,200,False,0,,,False,,0,0,0
https://wbsportsandyouth.com,wbsportsandyouth.com,unknown,,,tranco_ecom,116301,0,not_ecommerce,200,False,0,,,False,,0,0,0
https://xoilac86as.tv,xoilac86as.tv,unknown,,,tranco_ecom,116315,0,connection_error,0,False,0,,,False,,0,0,0
https://xoilac86sk.tv,xoilac86sk.tv,unknown,,,tranco_ecom,116316,0,connection_error,0,False,0,,,False,,0,0,0
https://xoilac86sx.tv,xoilac86sx.tv,unknown,,,tranco_ecom,116317,0,not_ecommerce,0,False,0,,,False,,0,0,0
https://xoilacbai.tv,xoilacbai.tv,unknown,,,tranco_ecom,116318,0,inactive,0,False,0,,,False,,0,0,0
https://xoilacxyk.tv,xoilacxyk.tv,unknown,,,tranco_ecom,116319,0,not_ecommerce,200,False,0,,,False,,0,0,0
https://xoilacxyx.tv,xoilacxyx.tv,unknown,,,tranco_ecom,116320,0,timeout,0,False,0,,,False,,0,0,0
https://xoilaczhc.tv,xoilaczhc.tv,unknown,,,tranco_ecom,116321,0,timeout,0,False,0,,,False,,0,0,0
https://xoilaczhe.tv,xoilaczhe.tv,unknown,,,tranco_ecom,116322,0,not_ecommerce,200,False,0,,,False,,0,0,0
https://xoilaczhk.tv,xoilaczhk.tv,unknown,,,tranco_ecom,116323,0,connection_error,0,False,0,,,False,,0,0,0
https://3games.io,3games.io,unknown,,,tranco_ecom,116357,0,not_ecommerce,404,False,0,,,False,,0,0,0
https://gamegami.com,gamegami.com,unknown,,,tranco_ecom,116360,0,not_ecommerce,404,False,0,,,False,,0,0,0
https://highrisegame.com,highrisegame.com,unknown,,,tranco_ecom,116388,0,not_ecommerce,404,False,0,,,False,,0,0,0
https://customwebhost.com,customwebhost.com,unknown,,,tranco_ecom,116455,0,not_ecommerce,200,False,0,,,False,,0,0,0
https://jdsports.com.sg,jdsports.com.sg,shopify,,SG,tranco_ecom,116511,0,active,429,True,0,,,True,shopify_payments,4,0,0
https://samsungelectronics.net,samsungelectronics.net,unknown,,,tranco_ecom,116526,0,connection_error,0,False,0,,,False,,0,0,0
https://youpornpremium.com,youpornpremium.com,unknown,,,tranco_ecom,116590,0,not_ecommerce,200,False,0,,,False,,0,0,0
https://yyggames.com,yyggames.com,unknown,,,tranco_ecom,116599,0,not_ecommerce,404,False,0,,,False,,1,0,0
https://dealerteamwork.com,dealerteamwork.com,unknown,,,tranco_ecom,116634,0,timeout,0,False,0,,,False,,0,0,0
https://townteam.com,townteam.com,shopify,,,tranco_ecom,116678,0,active,200,True,5,Men Shoes|Men Shoes|Men Boxers|Men Boxers|Men Boxers,GENERAL25|Men|Men Shoes|Shoes|GENERAL25|Men|Men Shoes|Shoes|Boxers|GENERAL26,False,,0,149.0,2699.0
https://twine.net,twine.net,unknown,,,tranco_ecom,116719,55236,not_ecommerce,200,False,0,,,False,,0,0,0
https://sportfamilylab.ru,sportfamilylab.ru,unknown,,,tranco_ecom,116751,30680,not_ecommerce,0,False,0,,,False,,0,0,0
https://influencewatch.org,influencewatch.org,unknown,,,tranco_ecom,116792,30617,not_ecommerce,200,False,0,,,False,,0,0,0
https://trattat.store,trattat.store,unknown,,,tranco_ecom,116793,0,connection_error,0,False,0,,,False,,0,0,0
https://egyptlaptop.com,egyptlaptop.com,unknown,,,tranco_ecom,116803,0,not_ecommerce,404,False,0,,,False,,0,0,0
https://convisoappsec.com,convisoappsec.com,unknown,,,tranco_ecom,116889,0,not_ecommerce,404,False,0,,,False,,0,0,0
https://pharmacity.vn,pharmacity.vn,unknown,,,tranco_ecom,116896,248225,not_ecommerce,404,False,0,,,False,,0,0,0
https://sorteador.com.br,sorteador.com.br,unknown,,,tranco_ecom,116979,281108,not_ecommerce,200,False,0,,,False,,0,0,0
https://gearupbooster.com,gearupbooster.com,unknown,,,tranco_ecom,116989,333553,not_ecommerce,404,False,0,,,False,,0,0,0
https://brandonsun.com,brandonsun.com,unknown,,,tranco_ecom,117040,32566,not_ecommerce,404,False,0,,,False,,0,0,0
https://telephone.city,telephone.city,unknown,,,tranco_ecom,117204,458003,inactive,404,False,0,,,False,,0,0,0
https://megaphonetv.com,megaphonetv.com,unknown,,,tranco_ecom,117262,0,inactive,202,False,0,,,False,,0,0,0
https://mygrocerydeals.com,mygrocerydeals.com,unknown,,,tranco_ecom,117295,0,not_ecommerce,403,False,0,,,False,,0,0,0
https://careforkids.com.au,careforkids.com.au,unknown,,,tranco_ecom,117300,243586,not_ecommerce,404,False,0,,,False,,0,0,0
https://railnation-game.com,railnation-game.com,unknown,,,tranco_ecom,117349,0,not_ecommerce,0,False,0,,,False,,0,0,0
https://caravancampingsales.com.au,caravancampingsales.com.au,unknown,,,tranco_ecom,117361,360823,not_ecommerce,404,False,0,,,False,,0,0,0
https://pikeplacemarket.org,pikeplacemarket.org,unknown,,,tranco_ecom,117372,29677,not_ecommerce,404,False,0,,,False,,0,0,0
https://audiocityusa.com,audiocityusa.com,unknown,,,tranco_ecom,117446,389602,not_ecommerce,200,False,0,,,False,,1,0,0
https://herbalgram.org,herbalgram.org,unknown,,,tranco_ecom,117567,36392,not_ecommerce,200,False,0,,,False,,0,0,0
https://bolshoe.tv,bolshoe.tv,unknown,,,tranco_ecom,117655,0,not_ecommerce,404,False,0,,,False,,0,0,0
https://dropboxteam.com,dropboxteam.com,unknown,,,tranco_ecom,117673,0,not_ecommerce,0,False,0,,,False,,0,0,0
https://holestarsgame.net,holestarsgame.net,unknown,,,tranco_ecom,117834,0,timeout,0,False,0,,,False,,0,0,0
https://brandmeister.network,brandmeister.network,unknown,,,tranco_ecom,117905,121705,not_ecommerce,404,False,0,,,False,,0,0,0
https://audiocodes.com,audiocodes.com,unknown,,,tranco_ecom,117931,79595,not_ecommerce,404,False,0,,,False,,0,0,0
https://watchfireignite.com,watchfireignite.com,unknown,,,tranco_ecom,117933,0,timeout,0,False,0,,,False,,0,0,0
https://staud.clothing,staud.clothing,shopify,,,tranco_ecom,117966,191587,active,200,True,5,SKIRTS|SHORTS|TOPS|FASHION CORE HANDBAGS|JACKETS,bottoms|category-clothing|CLOTHING|colorgroup-brown|fabric-poplin|badge: exclusive|bottoms|category-clothing|CLOTHING|colorgroup-brown,False,,0,225.0,365.0
https://martech.zone,martech.zone,unknown,,,tranco_ecom,117993,51839,not_ecommerce,404,False,0,,,False,,1,0,0
https://cashtoyou.ru,cashtoyou.ru,unknown,,,tranco_ecom,118025,0,timeout,0,False,0,,,False,,0,0,0
https://a3games.com,a3games.com,unknown,,,tranco_ecom,118030,0,not_ecommerce,404,False,0,,,False,,0,0,0
https://globalenergymonitor.org,globalenergymonitor.org,unknown,,,tranco_ecom,118101,32843,inactive,403,False,0,,,False,,0,0,0
https://mailbaby.net,mailbaby.net,unknown,,,tranco_ecom,118116,0,not_ecommerce,200,False,0,,,False,,0,0,0
https://oneesports.gg,oneesports.gg,unknown,,,tranco_ecom,118210,54771,not_ecommerce,200,False,0,,,False,,1,0,0
https://papergames.io,papergames.io,unknown,,,tranco_ecom,118308,298780,not_ecommerce,404,False,0,,,False,,0,0,0
https://kidshelpline.com.au,kidshelpline.com.au,unknown,,,tranco_ecom,118400,30321,not_ecommerce,404,False,0,,,False,,0,0,0
https://gymrats.app,gymrats.app,unknown,,,tranco_ecom,118449,0,not_ecommerce,404,False,0,,,False,,0,0,0
https://ludus-game.ru,ludus-game.ru,unknown,,,tranco_ecom,118487,0,not_ecommerce,404,False,0,,,False,,0,0,0
https://giftup.app,giftup.app,unknown,,,tranco_ecom,118514,155008,inactive,404,False,0,,,False,,0,0,0
https://watchmegrow.com,watchmegrow.com,unknown,,,tranco_ecom,118542,0,not_ecommerce,404,False,0,,,False,,1,0,0
https://ugo-games.com,ugo-games.com,unknown,,,tranco_ecom,118544,0,not_ecommerce,404,False,0,,,False,,0,0,0
https://retailnext.net,retailnext.net,unknown,,,tranco_ecom,118568,222851,not_ecommerce,404,False,0,,,False,,0,0,0
https://hometeamsonline.com,hometeamsonline.com,unknown,,,tranco_ecom,118648,73934,not_ecommerce,404,False,0,,,False,,1,0,0
https://childrensmn.org,childrensmn.org,unknown,,,tranco_ecom,118713,52160,not_ecommerce,404,False,0,,,False,,0,0,0
https://vidmateapp.store,vidmateapp.store,unknown,,,tranco_ecom,118727,0,connection_error,0,False,0,,,False,,0,0,0
https://kingmidasgames.net,kingmidasgames.net,unknown,,,tranco_ecom,118803,0,not_ecommerce,200,False,0,,,False,,1,0,0
https://tentree-games.com,tentree-games.com,unknown,,,tranco_ecom,118834,0,timeout,0,False,0,,,False,,0,0,0
https://customizedurl.com,customizedurl.com,unknown,,,tranco_ecom,118906,0,not_ecommerce,404,False,0,,,False,,0,0,0
https://pasport.org.ua,pasport.org.ua,unknown,,,tranco_ecom,119001,319637,not_ecommerce,404,False,0,,,False,,0,0,0
https://recyclingtoday.com,recyclingtoday.com,unknown,,,tranco_ecom,119103,32780,not_ecommerce,200,False,0,,,False,,0,0,0
https://ordermygear.com,ordermygear.com,unknown,,,tranco_ecom,119158,804610,not_ecommerce,0,False,0,,,False,,0,0,0
https://electronicshub.org,electronicshub.org,unknown,,,tranco_ecom,119160,31819,not_ecommerce,404,False,0,,,False,,0,0,0
https://watchdisneyfe.com,watchdisneyfe.com,unknown,,,tranco_ecom,119170,0,inactive,406,False,0,,,False,,0,0,0
https://wallet.google,wallet.google,unknown,,,tranco_ecom,119201,35456,not_ecommerce,404,False,0,,,False,,0,0,0
https://shop.kz,shop.kz,unknown,,,tranco_ecom,119221,176991,not_ecommerce,0,False,0,,,False,,0,0,0
https://weightlosesupplement.com,weightlosesupplement.com,unknown,,,tranco_ecom,119291,0,connection_error,0,False,0,,,False,,0,0,0
https://optussport.tv,optussport.tv,unknown,,,tranco_ecom,119305,0,connection_error,0,False,0,,,False,,0,0,0
https://boot.dev,boot.dev,unknown,,,tranco_ecom,119326,194808,not_ecommerce,404,False,0,,,False,,1,0,0
https://boombeachgame.com,boombeachgame.com,unknown,,,tranco_ecom,119341,0,timeout,0,False,0,,,False,,0,0,0
https://walgames.com,walgames.com,unknown,,,tranco_ecom,119445,0,not_ecommerce,404,False,0,,,False,,0,0,0
https://sportguru.ro,sportguru.ro,unknown,,,tranco_ecom,119663,0,inactive,403,False,0,,,False,,0,0,0
https://h5gameworld.com,h5gameworld.com,unknown,,,tranco_ecom,119681,0,not_ecommerce,403,False,0,,,False,,0,0,0
https://nic.store,nic.store,unknown,,,tranco_ecom,119765,0,connection_error,0,False,0,,,False,,0,0,0
https://shopware.io,shopware.io,unknown,,,tranco_ecom,119788,0,connection_error,0,False,0,,,False,,0,0,0
https://runningxpert.com,runningxpert.com,unknown,,,tranco_ecom,119824,186431,not_ecommerce,404,False,0,,,False,,0,0,0
https://walletteam.org,walletteam.org,unknown,,,tranco_ecom,119844,0,connection_error,0,False,0,,,False,,0,0,0
https://u-team.by,u-team.by,unknown,,,tranco_ecom,119935,0,inactive,468,False,0,,,False,,0,0,0
https://amyraxvpn.shop,amyraxvpn.shop,unknown,,,tranco_ecom,119950,0,connection_error,0,False,0,,,False,,0,0,0
https://shop-iq.eu,shop-iq.eu,unknown,,,tranco_ecom,120006,0,not_ecommerce,404,False,0,,,False,,0,0,0
https://embedsports.top,embedsports.top,unknown,,,tranco_ecom,120016,0,not_ecommerce,404,False,0,,,False,,0,0,0
https://karmarecycling.in,karmarecycling.in,unknown,,,tranco_ecom,120017,28780,not_ecommerce,404,False,0,,,False,,0,0,0
https://grocerytv.com,grocerytv.com,unknown,,,tranco_ecom,120025,0,not_ecommerce,404,False,0,,,False,,0,0,0
https://15gifts.com,15gifts.com,unknown,,,tranco_ecom,120038,0,not_ecommerce,404,False,0,,,False,,0,0,0
https://iherb.net,iherb.net,unknown,,,tranco_ecom,120098,0,connection_error,0,False,0,,,False,,0,0,0
https://backendxgame.xyz,backendxgame.xyz,unknown,,,tranco_ecom,120145,0,timeout,0,False,0,,,False,,0,0,0
https://dotcosmeticos.com.br,dotcosmeticos.com.br,unknown,,,tranco_ecom,120225,0,active,404,True,0,,,False,,3,0,0
https://savethechildren.es,savethechildren.es,unknown,,,tranco_ecom,120281,38589,not_ecommerce,404,False,0,,,False,,0,0,0
https://bigshoe.london,bigshoe.london,unknown,,,tranco_ecom,120333,0,connection_error,0,False,0,,,False,,0,0,0
https://yougame.biz,yougame.biz,unknown,,,tranco_ecom,120540,221894,not_ecommerce,404,False,0,,,False,,1,0,0
https://shopping.net,shopping.net,unknown,,,tranco_ecom,120597,0,not_ecommerce,404,False,0,,,False,,0,0,0
https://cambridgeaudio.com,cambridgeaudio.com,unknown,,,tranco_ecom,120611,53443,inactive,403,False,0,,,False,,0,0,0
https://babyboomboomads.com,babyboomboomads.com,unknown,,,tranco_ecom,120733,0,inactive,404,False,0,,,False,,0,0,0
https://unisportstore.de,unisportstore.de,unknown,,,tranco_ecom,120756,0,inactive,405,False,0,,,False,,0,0,0
https://exceptionalchildren.org,exceptionalchildren.org,unknown,,,tranco_ecom,120829,64921,not_ecommerce,404,False,0,,,False,,1,0,0
https://hwgame.cloud,hwgame.cloud,unknown,,,tranco_ecom,120843,0,connection_error,0,False,0,,,False,,0,0,0
https://savethechildren.it,savethechildren.it,unknown,,,tranco_ecom,120854,36844,inactive,403,False,0,,,False,,0,0,0
https://oilcapital.ru,oilcapital.ru,unknown,,,tranco_ecom,120885,157677,not_ecommerce,200,False,0,,,False,,0,0,0
https://sciencekids.co.nz,sciencekids.co.nz,unknown,,,tranco_ecom,120912,36292,error,404,False,0,,,False,,0,0,0
https://vanillemuckily.shop,vanillemuckily.shop,unknown,,,tranco_ecom,120921,0,connection_error,0,False,0,,,False,,0,0,0
https://puzzleplusgames.net,puzzleplusgames.net,unknown,,,tranco_ecom,120932,0,timeout,0,False,0,,,False,,0,0,0
https://streeteasy.cloud,streeteasy.cloud,unknown,,,tranco_ecom,121051,0,timeout,0,False,0,,,False,,0,0,0
https://brandselection.co.uk,brandselection.co.uk,unknown,,,tranco_ecom,121240,485264,not_ecommerce,404,False,0,,,False,,1,0,0
https://screamandfly.com,screamandfly.com,unknown,,,tranco_ecom,121312,967687,not_ecommerce,200,False,0,,,False,,0,0,0
https://apkpure.store,apkpure.store,unknown,,,tranco_ecom,121397,0,inactive,403,False,0,,,False,,0,0,0
https://phonepuppy.com,phonepuppy.com,unknown,,,tranco_ecom,121436,0,not_ecommerce,404,False,0,,,False,,0,0,0
https://sportsurge.net,sportsurge.net,unknown,,,tranco_ecom,121463,415435,inactive,403,False,0,,,False,,0,0,0
https://aboutyou-outlet.de,aboutyou-outlet.de,unknown,,,tranco_ecom,121523,0,not_ecommerce,200,False,0,,,False,,0,0,0
https://iscream3.com,iscream3.com,unknown,,,tranco_ecom,121544,0,connection_error,0,False,0,,,False,,0,0,0
https://fazasporta.com,fazasporta.com,unknown,,,tranco_ecom,121718,0,not_ecommerce,0,False,0,,,False,,0,0,0
https://prukr.store,prukr.store,unknown,,,tranco_ecom,121748,0,connection_error,0,False,0,,,False,,0,0,0
https://shoppies.jp,shoppies.jp,unknown,,,tranco_ecom,121787,0,not_ecommerce,0,False,0,,,False,,0,0,0
https://shopping-market.pro,shopping-market.pro,unknown,,,tranco_ecom,121874,0,connection_error,0,False,0,,,False,,0,0,0
https://luckysportsgear.com,luckysportsgear.com,unknown,,,tranco_ecom,121895,0,inactive,404,False,0,,,False,,0,0,0
https://anotherboring.top,anotherboring.top,unknown,,,tranco_ecom,121908,0,connection_error,0,False,0,,,False,,0,0,0
https://magnumicecream.com,magnumicecream.com,unknown,,,tranco_ecom,121963,74410,inactive,0,False,0,,,False,,0,0,0
https://absolutegamez.com,absolutegamez.com,unknown,,,tranco_ecom,122009,0,not_ecommerce,0,False,0,,,False,,0,0,0
https://aisports.cc,aisports.cc,unknown,,,tranco_ecom,122056,0,not_ecommerce,0,False,0,,,False,,0,0,0
https://oakfurnitureland.co.uk,oakfurnitureland.co.uk,unknown,,,tranco_ecom,122119,274814,timeout,0,False,0,,,False,,0,0,0
https://candyai.gg,candyai.gg,unknown,,,tranco_ecom,122167,650786,not_ecommerce,0,False,0,,,False,,0,0,0
https://storeep.com,storeep.com,unknown,,,tranco_ecom,122173,0,not_ecommerce,404,False,0,,,False,,0,0,0
https://sport-player.live,sport-player.live,unknown,,,tranco_ecom,122395,0,not_ecommerce,200,False,0,,,False,,0,0,0
https://mymarket.gr,mymarket.gr,unknown,,,tranco_ecom,122399,433905,active,0,True,0,,,False,,2,0,0
https://fitness.blog,fitness.blog,unknown,,,tranco_ecom,122473,292352,not_ecommerce,0,False,0,,,False,,0,0,0
https://snack-projects.co.uk,snack-projects.co.uk,unknown,,,tranco_ecom,122483,0,not_ecommerce,0,False,0,,,False,,0,0,0
https://gamersnexus.net,gamersnexus.net,unknown,,,tranco_ecom,122497,45268,not_ecommerce,0,False,0,,,False,,1,0,0
https://mmteamservers.net,mmteamservers.net,unknown,,,tranco_ecom,122498,0,timeout,0,False,0,,,False,,0,0,0
https://custompricecalculator.com,custompricecalculator.com,unknown,,,tranco_ecom,122542,0,not_ecommerce,404,False,0,,,False,,0,0,0
https://premium.chat,premium.chat,unknown,,,tranco_ecom,122543,358253,not_ecommerce,404,False,0,,,False,,0,0,0
https://edubambu.store,edubambu.store,unknown,,,tranco_ecom,122595,0,connection_error,0,False,0,,,False,,0,0,0
https://guravia.store,guravia.store,unknown,,,tranco_ecom,122648,0,connection_error,0,False,0,,,False,,0,0,0
https://skywhirl.store,skywhirl.store,unknown,,,tranco_ecom,122663,0,connection_error,0,False,0,,,False,,0,0,0
https://sportedu.ru,sportedu.ru,unknown,,,tranco_ecom,122699,61566,timeout,0,False,0,,,False,,0,0,0
https://rurust.shop,rurust.shop,unknown,,,tranco_ecom,122734,0,active,404,True,0,,,False,,2,0,0
https://mirbeer.ru,mirbeer.ru,unknown,,,tranco_ecom,122757,0,not_ecommerce,404,False,0,,,False,,0,0,0
https://norlyscustomer.net,norlyscustomer.net,unknown,,,tranco_ecom,122791,0,timeout,0,False,0,,,False,,0,0,0
https://mobilewallet.cards,mobilewallet.cards,woocommerce,,,tranco_ecom,122963,0,active,0,True,0,,,False,,2,0,0
https://games-island.eu,games-island.eu,unknown,,,tranco_ecom,123004,0,not_ecommerce,200,False,0,,,False,,0,0,0
https://utopia-game.com,utopia-game.com,shopify,,,tranco_ecom,123033,0,active,0,False,0,,,False,,0,0,0
https://infinigames.mobi,infinigames.mobi,unknown,,,tranco_ecom,123056,0,not_ecommerce,0,False,0,,,False,,0,0,0
https://fenomen-games.com,fenomen-games.com,unknown,,,tranco_ecom,123152,0,not_ecommerce,0,False,0,,,False,,0,0,0
https://gcmcomputers.com,gcmcomputers.com,unknown,,,tranco_ecom,123178,0,not_ecommerce,200,False,0,,,False,,0,0,0
https://time-for-kids.de,time-for-kids.de,woocommerce,,,tranco_ecom,123241,0,active,404,False,0,,,False,,1,0,0
https://giftcardpro.app,giftcardpro.app,shopify,,,tranco_ecom,123254,0,active,404,False,0,,,True,,0,0,0
https://dragonrisinggames.com,dragonrisinggames.com,unknown,,,tranco_ecom,123305,0,not_ecommerce,404,False,0,,,False,,0,0,0
https://cygames.jp,cygames.jp,unknown,,,tranco_ecom,123351,0,timeout,0,False,0,,,False,,0,0,0
https://steamstat.us,steamstat.us,unknown,,,tranco_ecom,123421,170476,not_ecommerce,404,False,0,,,False,,0,0,0
https://cleandesigner.live,cleandesigner.live,unknown,,,tranco_ecom,123443,0,not_ecommerce,0,False,0,,,False,,0,0,0
https://pharmacy2u.co.uk,pharmacy2u.co.uk,unknown,,,tranco_ecom,123450,148594,inactive,403,False,0,,,False,,0,0,0
https://netflorist.co.za,netflorist.co.za,unknown,,,tranco_ecom,123473,505180,not_ecommerce,406,False,0,,,False,,0,0,0
https://siam855.store,siam855.store,unknown,,,tranco_ecom,123632,0,not_ecommerce,404,False,0,,,False,,0,0,0
https://ahtigamescasino.net,ahtigamescasino.net,unknown,,,tranco_ecom,123679,24066,not_ecommerce,404,False,0,,,False,,0,0,0
https://safebrands.eu,safebrands.eu,unknown,,,tranco_ecom,123754,0,connection_error,0,False,0,,,False,,0,0,0
https://indianoil.co.in,indianoil.co.in,unknown,,,tranco_ecom,123759,0,timeout,0,False,0,,,False,,0,0,0
https://blokid.com,blokid.com,unknown,,,tranco_ecom,123808,0,timeout,0,False,0,,,False,,0,0,0
https://adobeereg.com,adobeereg.com,unknown,,,tranco_ecom,123959,0,connection_error,0,False,0,,,False,,0,0,0
https://snailnighs.shop,snailnighs.shop,unknown,,,tranco_ecom,123992,0,connection_error,0,False,0,,,False,,0,0,0
https://schamotte-shop.de,schamotte-shop.de,magento,,,tranco_ecom,124013,0,active,404,True,0,,,False,,4,0,0
https://potterybarnkids.co.uk,potterybarnkids.co.uk,unknown,,,tranco_ecom,124103,48362,timeout,0,False,0,,,False,,0,0,0
https://lovecrafts.co,lovecrafts.co,unknown,,,tranco_ecom,124265,0,connection_error,0,False,0,,,False,,0,0,0
https://walletpasses.io,walletpasses.io,unknown,,,tranco_ecom,124314,0,not_ecommerce,200,False,0,,,False,,0,0,0
https://shoplook.io,shoplook.io,unknown,,,tranco_ecom,124393,46128,not_ecommerce,404,False,0,,,False,,0,0,0
https://retailsso.com,retailsso.com,unknown,,,tranco_ecom,124428,0,inactive,404,False,0,,,False,,0,0,0
https://mytonwallet.io,mytonwallet.io,unknown,,,tranco_ecom,124466,0,not_ecommerce,404,False,0,,,False,,0,0,0
https://4rouwanda-shop.store,4rouwanda-shop.store,unknown,,,tranco_ecom,124541,0,inactive,403,False,0,,,False,,0,0,0
https://brandnic.com,brandnic.com,shopify,,,tranco_ecom,124560,320828,active,200,True,5,,Advertise|Advertising|internet|Lease|Market|Asset|Crypto|Digital|Excrow|Swap,False,,0,2495.0,9888.0
https://premiumkino.de,premiumkino.de,unknown,,,tranco_ecom,124624,265097,not_ecommerce,200,False,0,,,False,,0,0,0
https://nrjaudio.fm,nrjaudio.fm,unknown,,,tranco_ecom,124672,0,connection_error,0,False,0,,,False,,0,0,0
https://shoestoyourpodguz.com,shoestoyourpodguz.com,unknown,,,tranco_ecom,124770,0,connection_error,0,False,0,,,False,,0,0,0
https://savagearms.com,savagearms.com,unknown,,,tranco_ecom,124885,85719,not_ecommerce,200,False,0,,,False,,0,0,0
https://oil-club.ru,oil-club.ru,unknown,,,tranco_ecom,124961,217797,not_ecommerce,200,False,0,,,False,,0,0,0
https://smokeball.com.au,smokeball.com.au,unknown,,,tranco_ecom,124968,0,not_ecommerce,404,False,0,,,False,,0,0,0
https://gamenight.amazon,gamenight.amazon,unknown,,,tranco_ecom,124977,0,connection_error,0,False,0,,,False,,0,0,0
https://garlicice.store,garlicice.store,unknown,,,tranco_ecom,125066,0,connection_error,0,False,0,,,False,,0,0,0
https://dwphonetest.com,dwphonetest.com,unknown,,,tranco_ecom,125152,0,timeout,0,False,0,,,False,,0,0,0
https://igamesbr.com,igamesbr.com,unknown,,,tranco_ecom,125376,0,not_ecommerce,404,False,0,,,False,,0,0,0
https://shopgap.com,shopgap.com,shopify,,,tranco_ecom,125407,0,active,200,True,5,Bottoms|Bottoms|Bras or Support Tops|Accessories|Tops,395:Newborn|Adult|Apparel|Bottoms|Gender Neutral|395:Newborn|Adult|Apparel|Bottoms|Gender Neutral,False,,0,11.0,39.95
https://edisajalsjfdfh.shop,edisajalsjfdfh.shop,unknown,,,tranco_ecom,125439,0,connection_error,0,False,0,,,False,,0,0,0
https://hypd.store,hypd.store,unknown,,,tranco_ecom,125447,0,not_ecommerce,500,False,0,,,False,,1,0,0
https://skidrowcodex.net,skidrowcodex.net,woocommerce,,,tranco_ecom,125457,844737,active,404,True,0,,,False,,2,0,0
https://dedicateimaginesoil.com,dedicateimaginesoil.com,unknown,,,tranco_ecom,125482,0,not_ecommerce,404,False,0,,,False,,0,0,0
https://datalivemarketing.com.br,datalivemarketing.com.br,unknown,,,tranco_ecom,125483,0,connection_error,0,False,0,,,False,,0,0,0
https://store4porn.com,store4porn.com,unknown,,,tranco_ecom,125520,0,inactive,404,False,0,,,False,,0,0,0
https://summervgame.com,summervgame.com,unknown,,,tranco_ecom,125525,0,not_ecommerce,200,False,0,,,False,,0,0,0
https://ecommercebrasil.com.br,ecommercebrasil.com.br,unknown,,,tranco_ecom,125671,37942,timeout,0,False,0,,,False,,0,0,0
https://wongagames.net,wongagames.net,unknown,,,tranco_ecom,125695,23340,not_ecommerce,404,False,0,,,False,,0,0,0
https://premiumdns.net,premiumdns.net,unknown,,,tranco_ecom,125701,0,connection_error,0,False,0,,,False,,0,0,0
https://tealpos.ru,tealpos.ru,unknown,,,tranco_ecom,125727,0,not_ecommerce,404,False,0,,,False,,0,0,0
https://shopee.fr,shopee.fr,unknown,,,tranco_ecom,125762,0,not_ecommerce,200,False,0,,,False,,0,0,0
https://cyclinguptodate.com,cyclinguptodate.com,unknown,,,tranco_ecom,125792,343287,not_ecommerce,200,False,0,,,False,,0,0,0
https://herb.co,herb.co,unknown,,,tranco_ecom,125856,53968,not_ecommerce,404,False,0,,,False,,0,0,0
https://gametipsandcheats.com,gametipsandcheats.com,unknown,,,tranco_ecom,125907,0,not_ecommerce,0,False,0,,,False,,0,0,0
https://ozgames.io,ozgames.io,unknown,,,tranco_ecom,125920,334965,not_ecommerce,200,False,0,,,False,,0,0,0
https://retailzipline.com,retailzipline.com,unknown,,,tranco_ecom,126020,0,not_ecommerce,404,False,0,,,False,,0,0,0
https://retail-soft.pro,retail-soft.pro,unknown,,,tranco_ecom,126144,0,not_ecommerce,404,False,0,,,False,,0,0,0
https://igamesapi.dev,igamesapi.dev,unknown,,,tranco_ecom,126158,0,not_ecommerce,404,False,0,,,False,,0,0,0
https://giftship.app,giftship.app,shopify,,,tranco_ecom,126185,0,active,405,False,0,,,True,,1,0,0
https://mzvu.store,mzvu.store,unknown,,,tranco_ecom,126229,0,connection_error,0,False,0,,,False,,0,0,0
https://exisport.eu,exisport.eu,unknown,,,tranco_ecom,126270,0,inactive,403,False,0,,,False,,0,0,0
https://msupply.org.nz,msupply.org.nz,unknown,,,tranco_ecom,126283,0,not_ecommerce,404,False,0,,,False,,0,0,0
https://teatrocolon.org.ar,teatrocolon.org.ar,unknown,,,tranco_ecom,126319,69391,not_ecommerce,404,False,0,,,False,,0,0,0
https://grandgames.net,grandgames.net,unknown,,,tranco_ecom,126324,0,not_ecommerce,404,False,0,,,False,,0,0,0
https://mergegames.uk,mergegames.uk,unknown,,,tranco_ecom,126362,0,not_ecommerce,404,False,0,,,False,,0,0,0
https://storefeeder.com,storefeeder.com,opencart,,,tranco_ecom,126471,0,active,404,False,0,,,False,,0,0,0
https://pulsesports.ng,pulsesports.ng,unknown,,,tranco_ecom,126564,178378,not_ecommerce,200,False,0,,,False,,0,0,0
https://oliveoiltimes.com,oliveoiltimes.com,unknown,,,tranco_ecom,126573,37415,not_ecommerce,404,False,0,,,False,,0,0,0
https://voila.ca,voila.ca,unknown,,,tranco_ecom,126578,287560,active,404,True,0,,,False,,2,0,0
https://nordvpnteams.com,nordvpnteams.com,unknown,,,tranco_ecom,126648,0,not_ecommerce,404,False,0,,,False,,0,0,0
https://animocabrands.com,animocabrands.com,unknown,,,tranco_ecom,126715,37212,active,404,True,0,,,False,,2,0,0
https://iwara.shop,iwara.shop,woocommerce,,,tranco_ecom,126772,0,active,404,True,0,,,False,,2,0,0
https://coffeeripples.com,coffeeripples.com,unknown,,,tranco_ecom,126890,0,connection_error,0,False,0,,,False,,0,0,0
https://audioboo.fm,audioboo.fm,unknown,,,tranco_ecom,126963,30272,not_ecommerce,200,False,0,,,False,,0,0,0
https://audioprivet.ru,audioprivet.ru,unknown,,,tranco_ecom,127035,0,not_ecommerce,404,False,0,,,False,,1,0,0
https://store77.net,store77.net,unknown,,,tranco_ecom,127063,0,not_ecommerce,200,False,0,,,False,,0,0,0
https://electronicpartner.io,electronicpartner.io,unknown,,,tranco_ecom,127090,0,connection_error,0,False,0,,,False,,0,0,0
https://almbrand.dk,almbrand.dk,unknown,,,tranco_ecom,127098,392681,not_ecommerce,404,False,0,,,False,,0,0,0
https://lessgames.com,lessgames.com,unknown,,,tranco_ecom,127113,0,not_ecommerce,404,False,0,,,False,,0,0,0
https://brandreward.com,brandreward.com,unknown,,,tranco_ecom,127177,125438,not_ecommerce,404,False,0,,,False,,0,0,0
https://plateautel.net,plateautel.net,unknown,,,tranco_ecom,127181,0,not_ecommerce,404,False,0,,,False,,1,0,0
https://tfgames.site,tfgames.site,unknown,,,tranco_ecom,127217,586839,not_ecommerce,404,False,0,,,False,,0,0,0
https://whoisamy.shop,whoisamy.shop,unknown,,,tranco_ecom,127236,0,not_ecommerce,200,False,0,,,False,,0,0,0
https://appmeta.store,appmeta.store,unknown,,,tranco_ecom,127348,0,connection_error,0,False,0,,,False,,0,0,0
https://rutlandbeardflorist.com,rutlandbeardflorist.com,unknown,,,tranco_ecom,127397,33601,not_ecommerce,404,False,0,,,False,,0,0,0
https://carchasegames2026.com,carchasegames2026.com,unknown,,,tranco_ecom,127411,0,connection_error,0,False,0,,,False,,0,0,0
https://toyota-tomsk.ru,toyota-tomsk.ru,unknown,,,tranco_ecom,127429,0,timeout,0,False,0,,,False,,0,0,0
https://cuteab.com,cuteab.com,unknown,,,tranco_ecom,127539,0,connection_error,0,False,0,,,False,,0,0,0
https://childrensmercy.org,childrensmercy.org,unknown,,,tranco_ecom,127587,58516,not_ecommerce,404,False,0,,,False,,1,0,0
