url,domain,platform,niche,country,source,tranco_rank,majestic_rank,status,http_status,has_products,product_count,product_types,tags,platform_confirmed,is_headless,detected_payments,ecom_signal_count,min_price,max_price
https://0-9you-home.com,0-9you-home.com,unknown,home,,majestic_filtered,,,not_shopify,200,False,0,,,False,False,,0,,
https://0-home-9y.com,0-home-9y.com,unknown,home,,majestic_filtered,,,connection_error,0,False,0,,,False,False,,,,
https://007soccerpicks.com,007soccerpicks.com,unknown,general,,majestic_filtered,,,inactive,403,False,0,,,False,False,,,,
https://007store.com,007store.com,unknown,general,,majestic_filtered,,,rate_limited,429,False,0,,,False,False,,,,
https://007travelers.com,007travelers.com,unknown,general,,majestic_filtered,,,empty_store,200,False,0,,,False,False,,,,
https://00book.de,00book.de,unknown,books,,majestic_filtered,,,timeout,0,False,0,,,False,False,,,,
https://0101gold.com,0101gold.com,unknown,jewelry,,majestic_filtered,,,inactive,403,False,0,,,False,False,,,,
https://01gamedownload.com,01gamedownload.com,unknown,kids,,majestic_filtered,,,not_shopify,200,False,0,,,False,False,,0,,
https://01skins.com,01skins.com,unknown,beauty,,majestic_filtered,,,connection_error,0,False,0,,,False,False,,,,
https://01webdirectory.com,01webdirectory.com,unknown,general,,majestic_filtered,,,not_shopify,404,False,0,,,False,False,,0,,
https://027art.com,027art.com,unknown,art,,majestic_filtered,,,connection_error,0,False,0,,,False,False,,,,
https://034game.com,034game.com,unknown,kids,,majestic_filtered,,,connection_error,0,False,0,,,False,False,,,,
https://034motorsport.com,034motorsport.com,unknown,sports,,majestic_filtered,,,active_ecommerce,404,False,0,,,True,False,,2,,
https://041game.com,041game.com,unknown,kids,,majestic_filtered,,,connection_error,0,False,0,,,False,False,,,,
https://0518rcw.com,0518rcw.com,unknown,general,,majestic_filtered,,,connection_error,0,False,0,,,False,False,,,,
https://059rc.com,059rc.com,unknown,general,,majestic_filtered,,,connection_error,0,False,0,,,False,False,,,,
https://063games.com,063games.com,unknown,kids,,majestic_filtered,,,connection_error,0,False,0,,,False,False,,,,
https://0755car.com,0755car.com,unknown,automotive,,majestic_filtered,,,connection_error,0,False,0,,,False,False,,,,
https://0757rc.com,0757rc.com,unknown,general,,majestic_filtered,,,connection_error,0,False,0,,,False,False,,,,
https://0768baby.com,0768baby.com,unknown,kids,,majestic_filtered,,,timeout,0,False,0,,,False,False,,,,
https://086yunhome.com,086yunhome.com,unknown,home,,majestic_filtered,,,not_shopify,404,False,0,,,False,False,,0,,
https://0901wine.ru,0901wine.ru,unknown,wine,,majestic_filtered,,,not_shopify,404,False,0,,,False,False,,1,,
https://0catch.com,0catch.com,unknown,pets,,majestic_filtered,,,not_shopify,200,False,0,,,False,False,,1,,
https://0themastercylinder0.com,0themastercylinder0.com,unknown,general,,majestic_filtered,,,not_shopify,404,False,0,,,False,False,,0,,
https://0xpets.com,0xpets.com,unknown,pets,,majestic_filtered,,,connection_error,0,False,0,,,False,False,,,,
https://1-800-flowers.com,1-800-flowers.com,unknown,garden,,majestic_filtered,,,password_protected,200,False,0,,,False,False,,,,
https://1-9you-home.com,1-9you-home.com,unknown,home,,majestic_filtered,,,timeout,0,False,0,,,False,False,,,,
https://1-home-9y.com,1-home-9y.com,unknown,home,,majestic_filtered,,,connection_error,0,False,0,,,False,False,,,,
https://1-light.ru,1-light.ru,unknown,general,,majestic_filtered,,,connection_error,0,False,0,,,False,False,,,,
https://1-webdirectory.com,1-webdirectory.com,unknown,general,,majestic_filtered,,,password_protected,200,False,0,,,False,False,,,,
https://1-win-games.com,1-win-games.com,unknown,kids,,majestic_filtered,,,not_shopify,404,False,0,,,False,False,,0,,
https://1-win-games.in,1-win-games.in,unknown,kids,,majestic_filtered,,,not_shopify,404,False,0,,,False,False,,0,,
https://1000-instrumentov.ru,1000-instrumentov.ru,unknown,wine,,majestic_filtered,,,not_shopify,404,False,0,,,False,False,,0,,
https://100000freecliparts.com,100000freecliparts.com,unknown,art,,majestic_filtered,,,inactive,403,False,0,,,False,False,,,,
https://10000birds.com,10000birds.com,unknown,pets,,majestic_filtered,,,not_shopify,404,False,0,,,False,False,,0,,
https://1000aircraftphotos.com,1000aircraftphotos.com,unknown,art,,majestic_filtered,,,not_shopify,404,False,0,,,False,False,,0,,
https://1000bollearte.com,1000bollearte.com,unknown,art,,majestic_filtered,,,not_shopify,404,False,0,,,False,False,,1,,
https://1000bulbs.com,1000bulbs.com,unknown,general,,majestic_filtered,,,not_shopify,404,False,0,,,False,False,,1,,
https://1000mercis.com,1000mercis.com,unknown,general,,majestic_filtered,,,not_shopify,200,False,0,,,False,False,,0,,
https://1000mobilephonenumbers.com,1000mobilephonenumbers.com,unknown,electronics,,majestic_filtered,,,active_ecommerce,404,False,0,,,True,False,,1,,
https://1000webgames.com,1000webgames.com,unknown,kids,,majestic_filtered,,,not_shopify,404,False,0,,,False,False,,0,,
https://1001bookmarks.com,1001bookmarks.com,unknown,books,,majestic_filtered,,,not_shopify,404,False,0,,,False,False,,0,,
https://1001cosmeticos.com,1001cosmeticos.com,unknown,beauty,,majestic_filtered,,,empty_store,200,False,0,,,False,False,,,,
https://1001games.com,1001games.com,unknown,kids,,majestic_filtered,,,not_shopify,404,False,0,,,False,False,,0,,
https://1001pharmacies.com,1001pharmacies.com,unknown,health,,majestic_filtered,,,not_shopify,404,False,0,,,False,False,,0,,
https://1001spirits.com,1001spirits.com,unknown,wine,,majestic_filtered,,,not_shopify,200,False,0,,,False,False,,0,,
https://1004sexshop.com,1004sexshop.com,unknown,general,,majestic_filtered,,,inactive,403,False,0,,,False,False,,,,
https://100archive.com,100archive.com,unknown,general,,majestic_filtered,,,not_shopify,404,False,0,,,False,False,,0,,
https://100babytips.com,100babytips.com,unknown,kids,,majestic_filtered,,,timeout,0,False,0,,,False,False,,,,
https://100bestbooks.ru,100bestbooks.ru,unknown,books,,majestic_filtered,,,not_shopify,404,False,0,,,False,False,,0,,
https://100daysofrealfood.com,100daysofrealfood.com,unknown,food,,majestic_filtered,,,not_shopify,404,False,0,,,False,False,,0,,
https://100directions.com,100directions.com,unknown,general,,majestic_filtered,,,timeout,0,False,0,,,False,False,,,,
https://100layercake.com,100layercake.com,unknown,general,,majestic_filtered,,,not_shopify,404,False,0,,,False,False,,0,,
https://100layercakelet.com,100layercakelet.com,unknown,general,,majestic_filtered,,,timeout,0,False,0,,,False,False,,,,
https://100parcels.com,100parcels.com,unknown,general,,majestic_filtered,,,not_shopify,404,False,0,,,False,False,,0,,
https://100partnerprogramme.de,100partnerprogramme.de,unknown,art,,majestic_filtered,,,not_shopify,404,False,0,,,False,False,,0,,
https://100percent.com,100percent.com,unknown,general,,majestic_filtered,,,rate_limited,429,False,0,,,False,False,,,,
https://100percentchiropractic.com,100percentchiropractic.com,unknown,general,,majestic_filtered,,,not_shopify,200,False,0,,,False,False,,0,,
https://100percentclicks.com,100percentclicks.com,unknown,general,,majestic_filtered,,,not_shopify,404,False,0,,,False,False,,1,,
https://100percentpure.com,100percentpure.com,unknown,beauty,US,niche_list,,,rate_limited,429,False,0,,,False,False,,,,
https://100percentrock.com,100percentrock.com,unknown,general,,majestic_filtered,,,empty_store,200,False,0,,,False,False,,,,
https://100percentsurewins.com,100percentsurewins.com,unknown,general,,majestic_filtered,,,password_protected,200,False,0,,,False,False,,,,
https://100startup.com,100startup.com,unknown,art,,majestic_filtered,,,not_shopify,404,False,0,,,False,False,,1,,
https://100webcustomers.com,100webcustomers.com,unknown,general,,majestic_filtered,,,timeout,0,False,0,,,False,False,,,,
https://100yen-rentacar.jp,100yen-rentacar.jp,unknown,automotive,,majestic_filtered,,,not_shopify,200,False,0,,,False,False,,0,,
https://1010-shop.com,1010-shop.com,unknown,general,,majestic_filtered,,,active_ecommerce,404,False,0,,,True,False,,2,,
https://1010music.com,1010music.com,unknown,general,,majestic_filtered,,,active_ecommerce,404,False,0,,,True,False,,3,,
https://1010tires.com,1010tires.com,unknown,automotive,,majestic_filtered,,,inactive,403,False,0,,,False,False,,,,
https://101cookbooks.com,101cookbooks.com,unknown,books,,majestic_filtered,,,inactive,403,False,0,,,False,False,,,,
https://101cookingfortwo.com,101cookingfortwo.com,unknown,general,,majestic_filtered,,,not_shopify,404,False,0,,,False,False,,0,,
https://101dogbreeds.com,101dogbreeds.com,unknown,pets,,majestic_filtered,,,empty_store,200,False,0,,,False,False,,,,
https://101groceryandbait.com,101groceryandbait.com,unknown,food,,majestic_filtered,,,not_shopify,200,False,0,,,False,False,,0,,
https://101weddingring.com,101weddingring.com,unknown,jewelry,,majestic_filtered,,,server_error,521,False,0,,,False,False,,,,
https://1024tools.com,1024tools.com,unknown,general,,majestic_filtered,,,not_shopify,404,False,0,,,False,False,,0,,
https://1045theteam.com,1045theteam.com,unknown,general,,majestic_filtered,,,not_shopify,404,False,0,,,False,False,,0,,
https://104homestead.com,104homestead.com,unknown,home,,majestic_filtered,,,active_ecommerce,404,False,0,,,True,False,,0,,
https://108uu300uu.shop,108uu300uu.shop,unknown,general,,majestic_filtered,,,connection_error,0,False,0,,,False,False,,,,
https://108vv300yy.shop,108vv300yy.shop,unknown,general,,majestic_filtered,,,connection_error,0,False,0,,,False,False,,,,
https://108ww300tt.shop,108ww300tt.shop,unknown,general,,majestic_filtered,,,connection_error,0,False,0,,,False,False,,,,
https://109print.com,109print.com,unknown,art,,majestic_filtered,,,not_shopify,404,False,0,,,False,False,,0,,
https://109yy300ee.shop,109yy300ee.shop,unknown,general,,majestic_filtered,,,connection_error,0,False,0,,,False,False,,,,
https://109zz300ww.shop,109zz300ww.shop,unknown,general,,majestic_filtered,,,connection_error,0,False,0,,,False,False,,,,
https://10bestdesign.com,10bestdesign.com,unknown,general,,majestic_filtered,,,active_ecommerce,404,False,0,,,True,False,,0,,
https://10dollarphonesex.com,10dollarphonesex.com,unknown,electronics,,majestic_filtered,,,inactive,403,False,0,,,False,False,,,,
https://10kresearch.com,10kresearch.com,unknown,general,,majestic_filtered,,,not_shopify,404,False,0,,,False,False,,0,,
https://10percenthappier.com,10percenthappier.com,unknown,general,,majestic_filtered,,,not_shopify,404,False,0,,,False,False,,0,,
https://10wallpaper.com,10wallpaper.com,unknown,general,,majestic_filtered,,,inactive,406,False,0,,,False,False,,,,
https://10xhealthsystem.com,10xhealthsystem.com,unknown,health,,majestic_filtered,,,not_shopify,404,False,0,,,False,False,,1,,
https://10xmanagement.com,10xmanagement.com,unknown,jewelry,,majestic_filtered,,,not_shopify,404,False,0,,,False,False,,0,,
https://10xresearch.co,10xresearch.co,unknown,general,,majestic_filtered,,,not_shopify,404,False,0,,,False,False,,0,,
https://10xresearch.com,10xresearch.com,unknown,general,,majestic_filtered,,,inactive,202,False,0,,,False,False,,,,
https://10xtravel.com,10xtravel.com,unknown,general,,majestic_filtered,,,not_shopify,404,False,0,,,False,False,,0,,
https://110designs.com,110designs.com,unknown,general,,majestic_filtered,,,timeout,0,False,0,,,False,False,,,,
https://111qrcode.com,111qrcode.com,unknown,general,,majestic_filtered,,,timeout,0,False,0,,,False,False,,,,
https://111skin.com,111skin.com,unknown,beauty,,majestic_filtered,,,rate_limited,429,False,0,,,False,False,,,,
https://11bravomobileauto.com,11bravomobileauto.com,unknown,automotive,,majestic_filtered,,,not_shopify,404,False,0,,,False,False,,1,,
https://11thhourtravel.com,11thhourtravel.com,unknown,general,,majestic_filtered,,,not_shopify,404,False,0,,,False,False,,0,,
https://11uu.store,11uu.store,unknown,general,,majestic_filtered,,,not_shopify,404,False,0,,,False,False,,1,,
https://11winnercasinoin.com,11winnercasinoin.com,unknown,general,,majestic_filtered,,,not_shopify,404,False,0,,,False,False,,1,,
https://11winnercasinos.com,11winnercasinos.com,unknown,general,,majestic_filtered,,,empty_store,200,False,0,,,False,False,,,,
https://11xplaybook.com,11xplaybook.com,unknown,books,,majestic_filtered,,,not_shopify,200,False,0,,,False,False,,1,,
https://121-phonesex.com,121-phonesex.com,unknown,electronics,,majestic_filtered,,,inactive,403,False,0,,,False,False,,,,
https://121gamers.com,121gamers.com,unknown,kids,,majestic_filtered,,,active_ecommerce,404,False,0,,,True,False,,2,,
https://123-directory.com,123-directory.com,unknown,general,,majestic_filtered,,,password_protected,200,False,0,,,False,False,,,,
https://123-printer-setup.co,123-printer-setup.co,unknown,art,,majestic_filtered,,,active_ecommerce,404,False,0,,,True,False,,2,,
https://12365auto.com,12365auto.com,unknown,automotive,,majestic_filtered,,,error,200,False,0,,,False,False,,,,
https://123articleonline.com,123articleonline.com,unknown,art,,majestic_filtered,,,not_shopify,404,False,0,,,False,False,,0,,
https://123auto-official.com,123auto-official.com,unknown,automotive,,majestic_filtered,,,active_ecommerce,404,False,0,,,True,False,,2,,
https://123auto-v2.com,123auto-v2.com,unknown,automotive,,majestic_filtered,,,password_protected,200,False,0,,,False,False,,,,
https://123auto.nl,123auto.nl,unknown,automotive,,majestic_filtered,,,not_shopify,200,False,0,,,False,False,,0,,
https://123autoparts.nl,123autoparts.nl,unknown,automotive,,majestic_filtered,,,not_shopify,404,False,0,,,False,False,,1,,
https://123bedruktetape.nl,123bedruktetape.nl,unknown,home,,majestic_filtered,,,empty_store,200,False,0,,,False,False,,,,
https://123bestdeal.nl,123bestdeal.nl,unknown,general,,majestic_filtered,,,timeout,0,False,0,,,False,False,,,,
https://123catalogue.fr,123catalogue.fr,unknown,pets,,majestic_filtered,,,not_shopify,404,False,0,,,False,False,,1,,
https://123certificates.com,123certificates.com,unknown,pets,,majestic_filtered,,,not_shopify,404,False,0,,,False,False,,0,,
https://123games.dk,123games.dk,unknown,kids,,majestic_filtered,,,not_shopify,404,False,0,,,False,False,,0,,
https://123gold.de,123gold.de,unknown,jewelry,,majestic_filtered,,,not_shopify,404,False,0,,,False,False,,1,,
https://123gold.nl,123gold.nl,unknown,jewelry,,majestic_filtered,,,not_shopify,404,False,0,,,False,False,,1,,
https://123guestbook.com,123guestbook.com,unknown,books,,majestic_filtered,,,inactive,403,False,0,,,False,False,,,,
https://123homeschool4me.com,123homeschool4me.com,unknown,home,,majestic_filtered,,,active_ecommerce,404,False,0,,,True,False,,0,,
https://123kartonnendozen.nl,123kartonnendozen.nl,unknown,art,,majestic_filtered,,,empty_store,200,False,0,,,False,False,,,,
https://123kidsfun.com,123kidsfun.com,unknown,kids,,majestic_filtered,,,not_shopify,404,False,0,,,False,False,,0,,
https://123lens.nl,123lens.nl,unknown,general,,majestic_filtered,,,not_shopify,404,False,0,,,False,False,apple_pay,0,,
https://123passportphoto.com,123passportphoto.com,unknown,sports,,majestic_filtered,,,not_shopify,404,False,0,,,False,False,,0,,
https://123planten.nl,123planten.nl,unknown,garden,,majestic_filtered,,,active_ecommerce,404,False,0,,,True,False,,1,,
https://123print.com,123print.com,unknown,art,,majestic_filtered,,,active_ecommerce,404,False,0,,,True,False,,2,,
https://123sexshop.com,123sexshop.com,unknown,general,,majestic_filtered,,,inactive,403,False,0,,,False,False,,,,
https://123signup.com,123signup.com,unknown,general,,majestic_filtered,,,timeout,0,False,0,,,False,False,,,,
https://123sticker.nl,123sticker.nl,unknown,general,,majestic_filtered,,,not_shopify,404,False,0,,,False,False,,0,,
https://123teachme.com,123teachme.com,unknown,general,,majestic_filtered,,,not_shopify,404,False,0,,,False,False,,0,,
https://123tuinposter.nl,123tuinposter.nl,unknown,art,,majestic_filtered,,,not_shopify,404,False,0,,,False,False,,0,,
https://127yardsale.com,127yardsale.com,unknown,general,,majestic_filtered,,,server_error,500,False,0,,,False,False,,,,
https://12minuteathlete.com,12minuteathlete.com,unknown,general,,majestic_filtered,,,not_shopify,404,False,0,,,False,False,,1,,
https://12sextoys.com,12sextoys.com,unknown,kids,,majestic_filtered,,,inactive,403,False,0,,,False,False,,,,
https://12storeez.com,12storeez.com,unknown,general,,majestic_filtered,,,not_shopify,404,False,0,,,False,False,,0,,
https://12vtechnology.com,12vtechnology.com,unknown,electronics,,majestic_filtered,,,not_shopify,404,False,0,,,False,False,,0,,
https://12x12cardstock.shop,12x12cardstock.shop,unknown,automotive,,majestic_filtered,,,rate_limited,429,False,0,,,False,False,,,,
https://139shop.com,139shop.com,unknown,general,,majestic_filtered,,,timeout,0,False,0,,,False,False,,,,
https://13autor-kolonka.ru,13autor-kolonka.ru,unknown,automotive,,majestic_filtered,,,not_shopify,404,False,0,,,False,False,,0,,
https://13win2025.online,13win2025.online,unknown,general,,majestic_filtered,,,not_shopify,200,False,0,,,False,False,,1,,
https://14cars.com,14cars.com,unknown,automotive,,majestic_filtered,,,timeout,0,False,0,,,False,False,,,,
https://14kshop.com,14kshop.com,unknown,general,,majestic_filtered,,,connection_error,0,False,0,,,False,False,,,,
https://15minutebeauty.com,15minutebeauty.com,unknown,beauty,,majestic_filtered,,,not_shopify,404,False,0,,,False,False,,0,,
https://15thcircuit.com,15thcircuit.com,unknown,general,,majestic_filtered,,,not_shopify,404,False,0,,,False,False,,1,,
https://166skins.com,166skins.com,unknown,beauty,,majestic_filtered,,,connection_error,0,False,0,,,False,False,,,,
https://1688sagame4.com,1688sagame4.com,unknown,kids,,majestic_filtered,,,not_shopify,404,False,0,,,False,False,,0,,
https://1688sexygamelaos.com,1688sexygamelaos.com,unknown,kids,,majestic_filtered,,,server_error,521,False,0,,,False,False,,,,
https://168gamesf.com,168gamesf.com,unknown,kids,,majestic_filtered,,,connection_error,0,False,0,,,False,False,,,,
https://16thstreetmalldenver.com,16thstreetmalldenver.com,unknown,general,,majestic_filtered,,,connection_error,0,False,0,,,False,False,,,,
https://17-gamestore.com,17-gamestore.com,unknown,kids,,majestic_filtered,,,connection_error,0,False,0,,,False,False,,,,
https://1723game.com,1723game.com,unknown,kids,,majestic_filtered,,,not_shopify,404,False,0,,,False,False,,0,,
https://1728weddinghousetw.com,1728weddinghousetw.com,unknown,general,,majestic_filtered,,,connection_error,0,False,0,,,False,False,,,,
https://1776to1976quartererrorlist.com,1776to1976quartererrorlist.com,unknown,art,,majestic_filtered,,,not_shopify,404,False,0,,,False,False,,1,,
https://178-home.com,178-home.com,unknown,home,,majestic_filtered,,,inactive,400,False,0,,,False,False,,,,
https://178-sports.com,178-sports.com,unknown,sports,,majestic_filtered,,,connection_error,0,False,0,,,False,False,,,,
https://17apart.com,17apart.com,unknown,art,,majestic_filtered,,,active_ecommerce,404,False,0,,,True,False,,1,,
https://17cats.com,17cats.com,unknown,pets,,majestic_filtered,,,not_shopify,404,False,0,,,False,False,,0,,
https://17game.com,17game.com,unknown,kids,,majestic_filtered,,,timeout,0,False,0,,,False,False,,,,
https://17sport-bar.com,17sport-bar.com,unknown,sports,,majestic_filtered,,,connection_error,0,False,0,,,False,False,,,,
https://17thavenuedesigns.com,17thavenuedesigns.com,unknown,general,,majestic_filtered,,,active_ecommerce,404,False,0,,,True,False,,0,,
https://1800cartitleloan.com,1800cartitleloan.com,unknown,automotive,,majestic_filtered,,,not_shopify,404,False,0,,,False,False,,0,,
https://1800contacts.com,1800contacts.com,unknown,health,US,niche_list,,,inactive,406,False,0,,,False,False,,,,
https://1800dentistsexpress.com,1800dentistsexpress.com,unknown,general,,majestic_filtered,,,inactive,403,False,0,,,False,False,,,,
https://1800flowers.com,1800flowers.com,unknown,garden,,majestic_filtered,,,password_protected,200,False,0,,,False,False,,,,
https://1800flowersinc.com,1800flowersinc.com,unknown,garden,,majestic_filtered,,,timeout,0,False,0,,,False,False,,,,
https://1800getarug.com,1800getarug.com,unknown,home,,majestic_filtered,,,active_ecommerce,404,False,0,,,True,False,,2,,
https://1800getlens.com,1800getlens.com,unknown,general,,majestic_filtered,,,inactive,403,False,0,,,False,False,,,,
https://1800lighting.com,1800lighting.com,unknown,general,,majestic_filtered,,,active_ecommerce,410,False,0,,,True,False,,2,,
https://1800petmeds.com,1800petmeds.com,unknown,pets,,majestic_filtered,,,active_ecommerce,404,False,0,,,True,False,,2,,
https://1800plumber.com,1800plumber.com,unknown,general,,majestic_filtered,,,empty_store,200,False,0,,,False,False,,,,
https://1800wheelchair.com,1800wheelchair.com,unknown,shoes,,majestic_filtered,,,inactive,403,False,0,,,False,False,,,,
https://180degreehealth.com,180degreehealth.com,unknown,health,,majestic_filtered,,,inactive,202,False,0,,,False,False,,,,
https://180medical.com,180medical.com,unknown,health,,majestic_filtered,,,inactive,403,False,0,,,False,False,,,,
https://18650batterystore.com,18650batterystore.com,unknown,general,,majestic_filtered,,,rate_limited,429,False,0,,,False,False,,,,
https://187factory-bags.com,187factory-bags.com,unknown,accessories,,majestic_filtered,,,server_error,521,False,0,,,False,False,,,,
https://1888freeonlinegames.com,1888freeonlinegames.com,unknown,kids,,majestic_filtered,,,active_ecommerce,404,False,0,,,True,False,,2,,
https://188esport.com,188esport.com,unknown,sports,,majestic_filtered,,,not_shopify,200,False,0,,,False,False,,0,,
https://188v.online,188v.online,unknown,general,,majestic_filtered,,,not_shopify,404,False,0,,,False,False,,0,,
https://18adultgames.com,18adultgames.com,unknown,kids,,majestic_filtered,,,not_shopify,404,False,0,,,False,False,,0,,
https://18birdies.com,18birdies.com,unknown,pets,,majestic_filtered,,,not_shopify,404,False,0,,,False,False,,0,,
https://18sextoys.com,18sextoys.com,unknown,kids,,majestic_filtered,,,inactive,403,False,0,,,False,False,,,,
https://18sexyshop.com,18sexyshop.com,unknown,general,,majestic_filtered,,,inactive,403,False,0,,,False,False,,,,
https://1900hotdog.com,1900hotdog.com,unknown,pets,,majestic_filtered,,,active_ecommerce,404,False,0,,,True,False,,2,,
https://1906.shop,1906.shop,unknown,general,,majestic_filtered,,,rate_limited,429,False,0,,,False,False,,,,
https://1921681254.online,1921681254.online,unknown,general,,majestic_filtered,,,password_protected,200,False,0,,,False,False,,,,
https://1976design.com,1976design.com,unknown,general,,majestic_filtered,,,not_shopify,404,False,0,,,False,False,,0,,
https://197travelstamps.com,197travelstamps.com,unknown,general,,majestic_filtered,,,not_shopify,404,False,0,,,False,False,,0,,
https://1980-games.com,1980-games.com,unknown,kids,,majestic_filtered,,,connection_error,0,False,0,,,False,False,,,,
https://1992sharetea.com,1992sharetea.com,unknown,general,,majestic_filtered,,,active_ecommerce,404,False,0,,,True,False,,1,,
https://19cbaseball.com,19cbaseball.com,unknown,general,,majestic_filtered,,,not_shopify,404,False,0,,,False,False,,0,,
https://1aauto.com,1aauto.com,unknown,automotive,,majestic_filtered,,,not_shopify,404,False,0,,,False,False,,1,,
https://1artworks.com,1artworks.com,unknown,art,,majestic_filtered,,,inactive,403,False,0,,,False,False,,,,
https://1automationwiz.com,1automationwiz.com,unknown,automotive,,majestic_filtered,,,inactive,202,False,0,,,False,False,,,,
https://1beautyplus.com,1beautyplus.com,unknown,beauty,,majestic_filtered,,,not_shopify,404,False,0,,,False,False,,0,,
https://1c-hotel.online,1c-hotel.online,unknown,general,,majestic_filtered,,,not_shopify,404,False,0,,,False,False,,0,,
https://1car.de,1car.de,unknown,automotive,,majestic_filtered,,,connection_error,0,False,0,,,False,False,,,,
https://1carn.com,1carn.com,unknown,automotive,,majestic_filtered,,,inactive,403,False,0,,,False,False,,,,
https://1cup1coffee.com,1cup1coffee.com,unknown,coffee,,majestic_filtered,,,password_protected,200,False,0,,,False,False,,,,
https://1dogwoof.com,1dogwoof.com,unknown,pets,,majestic_filtered,,,active_ecommerce,404,False,0,,,True,False,,0,,
https://1expressauto.com,1expressauto.com,unknown,automotive,,majestic_filtered,,,password_protected,200,False,0,,,False,False,,,,
https://1fdimplants.com,1fdimplants.com,unknown,garden,,majestic_filtered,,,not_shopify,404,False,0,,,False,False,,0,,
https://1foolandacamera.com,1foolandacamera.com,unknown,electronics,,majestic_filtered,,,not_shopify,404,False,0,,,False,False,,0,,
https://1kingseafood.com,1kingseafood.com,unknown,food,,majestic_filtered,,,not_shopify,404,False,0,,,False,False,,0,,
https://1ldkshop.com,1ldkshop.com,unknown,general,,majestic_filtered,,,not_shopify,404,False,0,,,False,False,,0,,
https://1luxgift.ru,1luxgift.ru,unknown,general,,majestic_filtered,,,connection_error,0,False,0,,,False,False,,,,
https://1morestore.com,1morestore.com,unknown,general,,majestic_filtered,,,timeout,0,False,0,,,False,False,,,,
https://1newhomes.com,1newhomes.com,unknown,home,,majestic_filtered,,,not_shopify,404,False,0,,,False,False,,0,,
https://1o1travelsexpress.com,1o1travelsexpress.com,unknown,general,,majestic_filtered,,,inactive,403,False,0,,,False,False,,,,
https://1party.co.kr,1party.co.kr,unknown,art,,majestic_filtered,,,not_shopify,404,False,0,,,False,False,,0,,
https://1realgold.com,1realgold.com,unknown,jewelry,,majestic_filtered,,,not_shopify,404,False,0,,,False,False,,0,,
https://1sale.com,1sale.com,unknown,general,,majestic_filtered,,,not_shopify,404,False,0,,,False,False,,0,,
https://1saleaday.com,1saleaday.com,unknown,general,,majestic_filtered,,,connection_error,0,False,0,,,False,False,,,,
https://1searchphonesex.com,1searchphonesex.com,unknown,electronics,,majestic_filtered,,,inactive,403,False,0,,,False,False,,,,
https://1sextoys.com,1sextoys.com,unknown,kids,,majestic_filtered,,,inactive,403,False,0,,,False,False,,,,
https://1sexytoy.com,1sexytoy.com,unknown,kids,,majestic_filtered,,,inactive,403,False,0,,,False,False,,,,
https://1shop.tw,1shop.tw,unknown,general,,majestic_filtered,,,not_shopify,404,False,0,,,False,False,,0,,
https://1shoppingcart.com,1shoppingcart.com,unknown,automotive,,majestic_filtered,,,inactive,403,False,0,,,False,False,,,,
https://1signature.com.my,1signature.com.my,unknown,general,,majestic_filtered,,,password_protected,200,False,0,,,False,False,,,,
https://1soccer.com,1soccer.com,unknown,general,,majestic_filtered,,,not_shopify,200,False,0,,,False,False,,0,,
https://1soft-tennis.com,1soft-tennis.com,unknown,sports,,majestic_filtered,,,not_shopify,404,False,0,,,False,False,,0,,
https://1source.com,1source.com,unknown,general,,majestic_filtered,,,not_shopify,200,False,0,,,False,False,,0,,
https://1sportbetin.com,1sportbetin.com,unknown,sports,,majestic_filtered,,,inactive,403,False,0,,,False,False,,,,
https://1sportpit.ru,1sportpit.ru,unknown,sports,,majestic_filtered,,,not_shopify,200,False,0,,,False,False,,0,,
https://1st-art-gallery.com,1st-art-gallery.com,unknown,art,,majestic_filtered,,,active_ecommerce,404,False,0,,,True,False,,1,,
https://1st-print.ru,1st-print.ru,unknown,art,,majestic_filtered,,,not_shopify,404,False,0,,,False,False,,0,,
https://1st.shop,1st.shop,unknown,general,,majestic_filtered,,,rate_limited,429,False,0,,,False,False,,,,
https://1stalaskaoutdoorschool.com,1stalaskaoutdoorschool.com,unknown,sports,,majestic_filtered,,,not_shopify,200,False,0,,,False,False,,1,,
https://1stbooks.com,1stbooks.com,unknown,books,,majestic_filtered,,,timeout,0,False,0,,,False,False,,,,
https://1stclassexteriorcleaning.com,1stclassexteriorcleaning.com,unknown,general,,majestic_filtered,,,inactive,403,False,0,,,False,False,,,,
https://1stcommercialcredit.com,1stcommercialcredit.com,unknown,general,,majestic_filtered,,,not_shopify,404,False,0,,,False,False,,0,,
https://1stincoffee.com,1stincoffee.com,unknown,coffee,,majestic_filtered,,,connection_error,0,False,0,,,False,False,,,,
https://1stinflowers.com,1stinflowers.com,unknown,garden,,majestic_filtered,,,timeout,0,False,0,,,False,False,,,,
https://1stlinkdirectory.com,1stlinkdirectory.com,unknown,general,,majestic_filtered,,,password_protected,200,False,0,,,False,False,,,,
https://1stopbedrooms.com,1stopbedrooms.com,unknown,home,,majestic_filtered,,,not_shopify,404,False,0,,,False,False,,0,,
https://1stoplighting.com,1stoplighting.com,unknown,general,,majestic_filtered,,,inactive,403,False,0,,,False,False,,,,
https://1stpetvet.com,1stpetvet.com,unknown,electronics,,majestic_filtered,,,inactive,403,False,0,,,False,False,,,,
https://1stplacespiritwear.com,1stplacespiritwear.com,unknown,fashion,,majestic_filtered,,,not_shopify,404,False,0,,,False,False,,1,,
https://1stplacesports.com,1stplacesports.com,unknown,sports,,majestic_filtered,,,inactive,403,False,0,,,False,False,,,,
https://1stsource.com,1stsource.com,unknown,general,,majestic_filtered,,,not_shopify,404,False,0,,,False,False,,1,,
https://1stwebdesigner.com,1stwebdesigner.com,unknown,luxury,,majestic_filtered,,,not_shopify,404,False,0,,,False,False,,0,,
https://1tomplumber.com,1tomplumber.com,unknown,general,,majestic_filtered,,,empty_store,200,False,0,,,False,False,,,,
https://1und1-partner.de,1und1-partner.de,unknown,art,,majestic_filtered,,,not_shopify,404,False,0,,,False,False,,0,,
https://1upnutrition.com,1upnutrition.com,unknown,health,,majestic_filtered,,,rate_limited,429,False,0,,,False,False,,,,
https://1uptravel.com,1uptravel.com,unknown,general,,majestic_filtered,,,connection_error,0,False,0,,,False,False,,,,
https://1websdirectory.com,1websdirectory.com,unknown,general,,majestic_filtered,,,password_protected,200,False,0,,,False,False,,,,
https://1win-2025.shop,1win-2025.shop,unknown,general,,majestic_filtered,,,not_shopify,404,False,0,,,False,False,,0,,
https://1win-aviators-game.com,1win-aviators-game.com,unknown,kids,,majestic_filtered,,,active_ecommerce,404,False,0,,,True,False,,0,,
https://1win-bestgame.in,1win-bestgame.in,unknown,kids,,majestic_filtered,,,connection_error,0,False,0,,,False,False,,,,
https://1win-betsport.com,1win-betsport.com,unknown,sports,,majestic_filtered,,,not_shopify,404,False,0,,,False,False,,0,,
https://1win-betsports.com,1win-betsports.com,unknown,sports,,majestic_filtered,,,not_shopify,404,False,0,,,False,False,,0,,
https://1win-betssport.com,1win-betssport.com,unknown,sports,,majestic_filtered,,,not_shopify,404,False,0,,,False,False,,0,,
https://1win-egyptsport.com,1win-egyptsport.com,unknown,sports,,majestic_filtered,,,not_shopify,404,False,0,,,False,False,,0,,
https://1win-inpartner.com,1win-inpartner.com,unknown,art,,majestic_filtered,,,not_shopify,404,False,0,,,False,False,,0,,
https://1win-minesgame.com,1win-minesgame.com,unknown,kids,,majestic_filtered,,,not_shopify,404,False,0,,,False,False,,0,,
https://1win-onlinegame.in,1win-onlinegame.in,unknown,kids,,majestic_filtered,,,inactive,403,False,0,,,False,False,,,,
https://1win-onlinegames.com,1win-onlinegames.com,unknown,kids,,majestic_filtered,,,not_shopify,404,False,0,,,False,False,,0,,
https://1win-partners.com,1win-partners.com,unknown,art,,majestic_filtered,,,not_shopify,404,False,0,,,False,False,,0,,
https://1win-sport.com,1win-sport.com,unknown,sports,,majestic_filtered,,,not_shopify,404,False,0,,,False,False,,0,,
https://1win-sport.kr,1win-sport.kr,unknown,sports,,majestic_filtered,,,not_shopify,404,False,0,,,False,False,,0,,
https://1win-sport.ru,1win-sport.ru,unknown,sports,,majestic_filtered,,,inactive,403,False,0,,,False,False,,,,
https://1win-sports.com,1win-sports.com,unknown,sports,,majestic_filtered,,,inactive,403,False,0,,,False,False,,,,
https://1win-sportsbook.com,1win-sportsbook.com,unknown,sports,,majestic_filtered,,,inactive,403,False,0,,,False,False,,,,
https://1win-uzb-game.com,1win-uzb-game.com,unknown,kids,,majestic_filtered,,,inactive,403,False,0,,,False,False,,,,
https://1win-uzb-games.com,1win-uzb-games.com,unknown,kids,,majestic_filtered,,,inactive,403,False,0,,,False,False,,,,
https://1win-vhod.online,1win-vhod.online,unknown,general,,majestic_filtered,,,connection_error,0,False,0,,,False,False,,,,
https://1win25.shop,1win25.shop,unknown,general,,majestic_filtered,,,not_shopify,404,False,0,,,False,False,,1,,
https://1winaviator-game.com,1winaviator-game.com,unknown,kids,,majestic_filtered,,,not_shopify,404,False,0,,,False,False,,0,,
https://1winazerbaijan.online,1winazerbaijan.online,unknown,general,,majestic_filtered,,,not_shopify,404,False,0,,,False,False,,0,,
https://1winbet-part.com,1winbet-part.com,unknown,art,,majestic_filtered,,,not_shopify,404,False,0,,,False,False,,0,,
https://1winbet-partner.com,1winbet-partner.com,unknown,art,,majestic_filtered,,,not_shopify,404,False,0,,,False,False,,0,,
https://1winbetsport-md.com,1winbetsport-md.com,unknown,sports,,majestic_filtered,,,not_shopify,404,False,0,,,False,False,,0,,
https://1winbookie.com,1winbookie.com,unknown,books,,majestic_filtered,,,not_shopify,404,False,0,,,False,False,,0,,
https://1winbookie.in,1winbookie.in,unknown,books,,majestic_filtered,,,not_shopify,404,False,0,,,False,False,,0,,
https://1winen.in,1winen.in,unknown,wine,,majestic_filtered,,,not_shopify,404,False,0,,,False,False,,0,,
https://1wines.es,1wines.es,unknown,wine,,majestic_filtered,,,not_shopify,200,False,0,,,False,False,,0,,
https://1wingames.ca,1wingames.ca,unknown,kids,,majestic_filtered,,,not_shopify,404,False,0,,,False,False,,0,,
https://1winoficialnyj.online,1winoficialnyj.online,unknown,general,,majestic_filtered,,,connection_error,0,False,0,,,False,False,,,,
https://1winregistracija.online,1winregistracija.online,unknown,general,,majestic_filtered,,,connection_error,0,False,0,,,False,False,,,,
https://1winrussia.online,1winrussia.online,unknown,general,,majestic_filtered,,,connection_error,0,False,0,,,False,False,,,,
https://1wins-sport.com,1wins-sport.com,unknown,sports,,majestic_filtered,,,active_ecommerce,404,False,0,,,True,False,,2,,
https://1winsgame.in,1winsgame.in,unknown,kids,,majestic_filtered,,,inactive,403,False,0,,,False,False,,,,
https://1winsportbet-ci.com,1winsportbet-ci.com,unknown,sports,,majestic_filtered,,,not_shopify,404,False,0,,,False,False,,0,,
https://1winsportbet-ph.com,1winsportbet-ph.com,unknown,sports,,majestic_filtered,,,not_shopify,404,False,0,,,False,False,,0,,
https://1winsportbet.com,1winsportbet.com,unknown,sports,,majestic_filtered,,,not_shopify,404,False,0,,,False,False,,0,,
https://1winsportbet.kr,1winsportbet.kr,unknown,sports,,majestic_filtered,,,not_shopify,404,False,0,,,False,False,,0,,
https://1winsportbets.com,1winsportbets.com,unknown,sports,,majestic_filtered,,,not_shopify,404,False,0,,,False,False,,0,,
https://1winsportbetx.com,1winsportbetx.com,unknown,sports,,majestic_filtered,,,not_shopify,404,False,0,,,False,False,,0,,
https://1winsportkz.com,1winsportkz.com,unknown,sports,,majestic_filtered,,,inactive,403,False,0,,,False,False,,,,
https://1winssportbet.com,1winssportbet.com,unknown,sports,,majestic_filtered,,,not_shopify,404,False,0,,,False,False,,0,,
https://1winssports.com,1winssports.com,unknown,sports,,majestic_filtered,,,not_shopify,404,False,0,,,False,False,,0,,
https://1winvhod.online,1winvhod.online,unknown,general,,majestic_filtered,,,connection_error,0,False,0,,,False,False,,,,
https://1x1game.ru,1x1game.ru,unknown,kids,,majestic_filtered,,,inactive,403,False,0,,,False,False,,,,
https://1x2bookmaker.com,1x2bookmaker.com,unknown,books,,majestic_filtered,,,not_shopify,404,False,0,,,False,False,,1,,
https://1xbet-az.online,1xbet-az.online,unknown,general,,majestic_filtered,,,inactive,403,False,0,,,False,False,,,,
https://1xbet-az1.online,1xbet-az1.online,unknown,general,,majestic_filtered,,,inactive,403,False,0,,,False,False,,,,
https://1xbet-az2.online,1xbet-az2.online,unknown,general,,majestic_filtered,,,inactive,403,False,0,,,False,False,,,,
https://1xbet-az3.online,1xbet-az3.online,unknown,general,,majestic_filtered,,,inactive,403,False,0,,,False,False,,,,
https://1xbet-az4.online,1xbet-az4.online,unknown,general,,majestic_filtered,,,inactive,403,False,0,,,False,False,,,,
https://1xbet-az8.online,1xbet-az8.online,unknown,general,,majestic_filtered,,,inactive,403,False,0,,,False,False,,,,
https://1xbet-azgiris.online,1xbet-azgiris.online,unknown,general,,majestic_filtered,,,not_shopify,404,False,0,,,False,False,,0,,
https://1xbet-betting-sport.ru,1xbet-betting-sport.ru,unknown,sports,,majestic_filtered,,,inactive,403,False,0,,,False,False,,,,
https://1xbet-bookmaker-lk.com,1xbet-bookmaker-lk.com,unknown,books,,majestic_filtered,,,not_shopify,404,False,0,,,False,False,,1,,
https://1xbet-casino-games.ru,1xbet-casino-games.ru,unknown,kids,,majestic_filtered,,,inactive,403,False,0,,,False,False,,,,
https://1xbet-game-casino2.com,1xbet-game-casino2.com,unknown,kids,,majestic_filtered,,,inactive,403,False,0,,,False,False,,,,
https://1xbet-games-kz.ru,1xbet-games-kz.ru,unknown,kids,,majestic_filtered,,,inactive,403,False,0,,,False,False,,,,
https://1xbet-iphone1.ru,1xbet-iphone1.ru,unknown,electronics,,majestic_filtered,,,not_shopify,404,False,0,,,False,False,,0,,
https://1xbet-kz.online,1xbet-kz.online,unknown,general,,majestic_filtered,,,inactive,403,False,0,,,False,False,,,,
https://1xbet-kz1.online,1xbet-kz1.online,unknown,general,,majestic_filtered,,,inactive,403,False,0,,,False,False,,,,
https://1xbet-kz2.online,1xbet-kz2.online,unknown,general,,majestic_filtered,,,inactive,403,False,0,,,False,False,,,,
https://1xbet-kz3.online,1xbet-kz3.online,unknown,general,,majestic_filtered,,,inactive,403,False,0,,,False,False,,,,
https://1xbet-kz4.online,1xbet-kz4.online,unknown,general,,majestic_filtered,,,inactive,403,False,0,,,False,False,,,,
https://1xbet-kz5.online,1xbet-kz5.online,unknown,general,,majestic_filtered,,,inactive,403,False,0,,,False,False,,,,
https://1xbet-kz6.online,1xbet-kz6.online,unknown,general,,majestic_filtered,,,inactive,403,False,0,,,False,False,,,,
https://1xbet-kz7.online,1xbet-kz7.online,unknown,general,,majestic_filtered,,,inactive,403,False,0,,,False,False,,,,
https://1xbet-kz8.online,1xbet-kz8.online,unknown,general,,majestic_filtered,,,inactive,403,False,0,,,False,False,,,,
https://1xbet-kz9.online,1xbet-kz9.online,unknown,general,,majestic_filtered,,,inactive,403,False,0,,,False,False,,,,
https://1xbet-mobi.online,1xbet-mobi.online,unknown,general,,majestic_filtered,,,connection_error,0,False,0,,,False,False,,,,
https://1xbet-online-sport.ru,1xbet-online-sport.ru,unknown,sports,,majestic_filtered,,,inactive,403,False,0,,,False,False,,,,
https://1xbet-partners-az.com,1xbet-partners-az.com,unknown,art,,majestic_filtered,,,inactive,403,False,0,,,False,False,,,,
https://1xbet-sport1.com,1xbet-sport1.com,unknown,sports,,majestic_filtered,,,inactive,403,False,0,,,False,False,,,,
https://1xbet-stavki-sport.ru,1xbet-stavki-sport.ru,unknown,sports,,majestic_filtered,,,not_shopify,200,False,0,,,False,False,,0,,
https://1xbet-uz.online,1xbet-uz.online,unknown,general,,majestic_filtered,,,not_shopify,404,False,0,,,False,False,,0,,
https://1xbet-uz4.online,1xbet-uz4.online,unknown,general,,majestic_filtered,,,inactive,403,False,0,,,False,False,,,,
https://1xbet-uz6.online,1xbet-uz6.online,unknown,general,,majestic_filtered,,,inactive,403,False,0,,,False,False,,,,
https://1xbet-uz7.online,1xbet-uz7.online,unknown,general,,majestic_filtered,,,inactive,403,False,0,,,False,False,,,,
https://1xbet-uz8.online,1xbet-uz8.online,unknown,general,,majestic_filtered,,,inactive,403,False,0,,,False,False,,,,
https://1xbet-uz9.online,1xbet-uz9.online,unknown,general,,majestic_filtered,,,inactive,403,False,0,,,False,False,,,,
https://1xbet-vn.online,1xbet-vn.online,unknown,general,,majestic_filtered,,,connection_error,0,False,0,,,False,False,,,,
https://1xbetagent.shop,1xbetagent.shop,unknown,general,,majestic_filtered,,,not_shopify,404,False,0,,,False,False,,0,,
https://1xbetaz.online,1xbetaz.online,unknown,general,,majestic_filtered,,,not_shopify,404,False,0,,,False,False,,0,,
https://1xbetazerbaijan.online,1xbetazerbaijan.online,unknown,general,,majestic_filtered,,,not_shopify,404,False,0,,,False,False,,0,,
https://1xbetbookmakers.com,1xbetbookmakers.com,unknown,books,,majestic_filtered,,,not_shopify,404,False,0,,,False,False,,0,,
https://1xbetcasinogames.ru,1xbetcasinogames.ru,unknown,kids,,majestic_filtered,,,inactive,403,False,0,,,False,False,,,,
https://1xbetiphones.ru,1xbetiphones.ru,unknown,electronics,,majestic_filtered,,,not_shopify,404,False,0,,,False,False,,0,,
https://1xbetonline.online,1xbetonline.online,unknown,general,,majestic_filtered,,,not_shopify,404,False,0,,,False,False,,0,,
https://1xbetonlinegame.ru,1xbetonlinegame.ru,unknown,kids,,majestic_filtered,,,inactive,403,False,0,,,False,False,,,,
https://1xbetperu.online,1xbetperu.online,unknown,general,,majestic_filtered,,,timeout,0,False,0,,,False,False,,,,
https://1xbetphilippines.online,1xbetphilippines.online,unknown,general,,majestic_filtered,,,not_shopify,404,False,0,,,False,False,,0,,
https://1xbetpromo1xstavka.online,1xbetpromo1xstavka.online,unknown,general,,majestic_filtered,,,timeout,0,False,0,,,False,False,,,,
https://1xbets-sport.com,1xbets-sport.com,unknown,sports,,majestic_filtered,,,not_shopify,404,False,0,,,False,False,,0,,
https://1xbetsport-uz.com,1xbetsport-uz.com,unknown,sports,,majestic_filtered,,,active_ecommerce,404,False,0,,,True,False,,0,,
https://1xbetsportonline.com,1xbetsportonline.com,unknown,sports,,majestic_filtered,,,inactive,403,False,0,,,False,False,,,,
https://1xbetthailand.online,1xbetthailand.online,unknown,general,,majestic_filtered,,,not_shopify,404,False,0,,,False,False,,0,,
https://1xbookmaker.in,1xbookmaker.in,unknown,books,,majestic_filtered,,,connection_error,0,False,0,,,False,False,,,,
https://1xpartners.com,1xpartners.com,unknown,art,,majestic_filtered,,,not_shopify,200,False,0,,,False,False,,0,,
https://1xslots-descargar.online,1xslots-descargar.online,unknown,automotive,,majestic_filtered,,,connection_error,0,False,0,,,False,False,,,,
https://1xslots-russia.online,1xslots-russia.online,unknown,general,,majestic_filtered,,,connection_error,0,False,0,,,False,False,,,,
https://2-4-7-music.com,2-4-7-music.com,unknown,general,,majestic_filtered,,,connection_error,0,False,0,,,False,False,,,,
https://2-9you-home.com,2-9you-home.com,unknown,home,,majestic_filtered,,,timeout,0,False,0,,,False,False,,,,
https://2-home-9y.com,2-home-9y.com,unknown,home,,majestic_filtered,,,connection_error,0,False,0,,,False,False,,,,
https://2014bestdealsonline.com,2014bestdealsonline.com,unknown,general,,majestic_filtered,,,connection_error,0,False,0,,,False,False,,,,
https://2016mutualfunddirectory.com,2016mutualfunddirectory.com,unknown,general,,majestic_filtered,,,connection_error,0,False,0,,,False,False,,,,
https://2016patriotsmall.com,2016patriotsmall.com,unknown,general,,majestic_filtered,,,empty_store,200,False,0,,,False,False,,,,
https://2017hoganoutlet.com,2017hoganoutlet.com,unknown,general,,majestic_filtered,,,not_shopify,404,False,0,,,False,False,,0,,
https://2020-directory.com,2020-directory.com,unknown,general,,majestic_filtered,,,password_protected,200,False,0,,,False,False,,,,
https://2020candlecompany.com,2020candlecompany.com,unknown,general,,majestic_filtered,,,not_shopify,404,False,0,,,False,False,,0,,
https://2020technologies.com,2020technologies.com,unknown,electronics,,majestic_filtered,,,connection_error,0,False,0,,,False,False,,,,
https://2020workforce.com,2020workforce.com,unknown,general,,majestic_filtered,,,inactive,403,False,0,,,False,False,,,,
https://2021directory.com,2021directory.com,unknown,general,,majestic_filtered,,,password_protected,200,False,0,,,False,False,,,,
https://2022darkmarkets.com,2022darkmarkets.com,unknown,general,,majestic_filtered,,,not_shopify,200,False,0,,,False,False,,0,,
https://2022worldgymnastics.com,2022worldgymnastics.com,unknown,sports,,majestic_filtered,,,inactive,403,False,0,,,False,False,,,,
https://2023nfrcb.com,2023nfrcb.com,unknown,general,,majestic_filtered,,,not_shopify,200,False,0,,,False,False,,0,,
https://2025-home-kaiyun.com,2025-home-kaiyun.com,unknown,home,,majestic_filtered,,,timeout,0,False,0,,,False,False,,,,
https://2025-home-ky.com,2025-home-ky.com,unknown,home,,majestic_filtered,,,connection_error,0,False,0,,,False,False,,,,
https://2025-kaiyun-home.com,2025-kaiyun-home.com,unknown,home,,majestic_filtered,,,timeout,0,False,0,,,False,False,,,,
https://2025-kaiyun-sports.com,2025-kaiyun-sports.com,unknown,sports,,majestic_filtered,,,timeout,0,False,0,,,False,False,,,,
https://2025-ky-home.com,2025-ky-home.com,unknown,home,,majestic_filtered,,,timeout,0,False,0,,,False,False,,,,
https://2025-ky-sports.com,2025-ky-sports.com,unknown,sports,,majestic_filtered,,,timeout,0,False,0,,,False,False,,,,
https://2025-sports-kaiyun.com,2025-sports-kaiyun.com,unknown,sports,,majestic_filtered,,,connection_error,0,False,0,,,False,False,,,,
https://2025-sports-ky.com,2025-sports-ky.com,unknown,sports,,majestic_filtered,,,connection_error,0,False,0,,,False,False,,,,
https://2026-home-kaiyun.com,2026-home-kaiyun.com,unknown,home,,majestic_filtered,,,timeout,0,False,0,,,False,False,,,,
https://2026-home-ky.com,2026-home-ky.com,unknown,home,,majestic_filtered,,,timeout,0,False,0,,,False,False,,,,
https://2026-kaiyun-home.com,2026-kaiyun-home.com,unknown,home,,majestic_filtered,,,timeout,0,False,0,,,False,False,,,,
https://2026-kaiyun-sports.com,2026-kaiyun-sports.com,unknown,sports,,majestic_filtered,,,timeout,0,False,0,,,False,False,,,,
https://2026-ky-home.com,2026-ky-home.com,unknown,home,,majestic_filtered,,,timeout,0,False,0,,,False,False,,,,
https://2026-ky-sports.com,2026-ky-sports.com,unknown,sports,,majestic_filtered,,,timeout,0,False,0,,,False,False,,,,
https://2026-sports-kaiyun.com,2026-sports-kaiyun.com,unknown,sports,,majestic_filtered,,,timeout,0,False,0,,,False,False,,,,
https://2026-sports-ky.com,2026-sports-ky.com,unknown,sports,,majestic_filtered,,,timeout,0,False,0,,,False,False,,,,
https://2040-cars.com,2040-cars.com,unknown,automotive,,majestic_filtered,,,timeout,0,False,0,,,False,False,,,,
https://2040-parts.com,2040-parts.com,unknown,art,,majestic_filtered,,,timeout,0,False,0,,,False,False,,,,
https://2048game.com,2048game.com,unknown,kids,,majestic_filtered,,,not_shopify,404,False,0,,,False,False,,0,,
https://2048gamehub.com,2048gamehub.com,unknown,kids,,majestic_filtered,,,connection_error,0,False,0,,,False,False,,,,
https://2080baseball.com,2080baseball.com,unknown,general,,majestic_filtered,,,inactive,403,False,0,,,False,False,,,,
https://208homebuyers.com,208homebuyers.com,unknown,home,,majestic_filtered,,,not_shopify,404,False,0,,,False,False,,0,,
https://209canvasexpress.com,209canvasexpress.com,unknown,general,,majestic_filtered,,,inactive,403,False,0,,,False,False,,,,
https://20bet-casino-game.com,20bet-casino-game.com,unknown,kids,,majestic_filtered,,,server_error,521,False,0,,,False,False,,,,
https://20bet-casinos-game.com,20bet-casinos-game.com,unknown,kids,,majestic_filtered,,,server_error,521,False,0,,,False,False,,,,
https://20bet.online,20bet.online,unknown,general,,majestic_filtered,,,not_shopify,404,False,0,,,False,False,,0,,
https://20betcasino-game.com,20betcasino-game.com,unknown,kids,,majestic_filtered,,,server_error,521,False,0,,,False,False,,,,
https://20dollars2surf.com,20dollars2surf.com,unknown,general,,majestic_filtered,,,not_shopify,200,False,0,,,False,False,,0,,
https://20muleteamlaundry.com,20muleteamlaundry.com,unknown,general,,majestic_filtered,,,not_shopify,404,False,0,,,False,False,,0,,
https://20tools.com,20tools.com,unknown,general,,majestic_filtered,,,connection_error,0,False,0,,,False,False,,,,
https://21-shop.ru,21-shop.ru,unknown,general,,majestic_filtered,,,not_shopify,404,False,0,,,False,False,,1,,
https://2100book.com,2100book.com,unknown,books,,majestic_filtered,,,inactive,403,False,0,,,False,False,,,,
https://2121designsight.jp,2121designsight.jp,unknown,general,,majestic_filtered,,,timeout,0,False,0,,,False,False,,,,
https://212steakhouse.com,212steakhouse.com,unknown,general,,majestic_filtered,,,not_shopify,200,False,0,,,False,False,,0,,
https://21food.com,21food.com,unknown,food,,majestic_filtered,,,not_shopify,200,False,0,,,False,False,,0,,
https://21maartcomite.nl,21maartcomite.nl,unknown,art,,majestic_filtered,,,not_shopify,404,False,0,,,False,False,,0,,
https://21sportsexch.com,21sportsexch.com,unknown,sports,,majestic_filtered,,,inactive,403,False,0,,,False,False,,,,
https://21stcentech.com,21stcentech.com,unknown,electronics,,majestic_filtered,,,not_shopify,404,False,0,,,False,False,,0,,
https://21stcenturysciencetech.com,21stcenturysciencetech.com,unknown,electronics,,majestic_filtered,,,not_shopify,404,False,0,,,False,False,,0,,
https://21stcenturyvitamins.com,21stcenturyvitamins.com,unknown,health,,majestic_filtered,,,timeout,0,False,0,,,False,False,,,,
https://21topbag.com,21topbag.com,unknown,accessories,,majestic_filtered,,,timeout,0,False,0,,,False,False,,,,
https://220-electronics.com,220-electronics.com,unknown,electronics,,majestic_filtered,,,timeout,0,False,0,,,False,False,,,,
https://22barcelona.com,22barcelona.com,unknown,general,,majestic_filtered,,,timeout,0,False,0,,,False,False,,,,
https://22bet.online,22bet.online,unknown,general,,majestic_filtered,,,timeout,0,False,0,,,False,False,,,,
https://22betpartners.com,22betpartners.com,unknown,art,,majestic_filtered,,,timeout,0,False,0,,,False,False,,,,
https://22daysnutrition.com,22daysnutrition.com,unknown,health,,majestic_filtered,,,rate_limited,429,False,0,,,False,False,,,,
https://22megagame.com,22megagame.com,unknown,kids,,majestic_filtered,,,timeout,0,False,0,,,False,False,,,,
https://23bet.store,23bet.store,unknown,general,,majestic_filtered,,,active_ecommerce,404,False,0,,,True,False,,1,,
https://23winer.com,23winer.com,unknown,wine,,majestic_filtered,,,inactive,403,False,0,,,False,False,,,,
https://24-7games.com,24-7games.com,unknown,kids,,majestic_filtered,,,rate_limited,429,False,0,,,False,False,,,,
https://247-cbd.com,247-cbd.com,unknown,general,,majestic_filtered,,,connection_error,0,False,0,,,False,False,,,,
https://247-sports.jp,247-sports.jp,unknown,sports,,majestic_filtered,,,not_shopify,404,False,0,,,False,False,,0,,
https://247chess.online,247chess.online,unknown,general,,majestic_filtered,,,not_shopify,404,False,0,,,False,False,,0,,
https://247essexelectricians.com,247essexelectricians.com,unknown,general,,majestic_filtered,,,inactive,403,False,0,,,False,False,,,,
https://247games.com,247games.com,unknown,kids,,majestic_filtered,,,not_shopify,404,False,0,,,False,False,,0,,
https://247healthandfitness.com,247healthandfitness.com,unknown,sports,,majestic_filtered,,,inactive,403,False,0,,,False,False,,,,
https://247hearts.com,247hearts.com,unknown,art,,majestic_filtered,,,not_shopify,404,False,0,,,False,False,,0,,
https://247medicalbillingservices.com,247medicalbillingservices.com,unknown,health,,majestic_filtered,,,not_shopify,200,False,0,,,False,False,,0,,
https://247shopping.nl,247shopping.nl,unknown,general,,majestic_filtered,,,empty_store,200,False,0,,,False,False,,,,
https://247sports.com,247sports.com,unknown,sports,,majestic_filtered,,,not_shopify,404,False,0,,,False,False,,0,,
https://247webdirectory.com,247webdirectory.com,unknown,general,,majestic_filtered,,,not_shopify,404,False,0,,,False,False,,0,,
https://247wordsearch.com,247wordsearch.com,unknown,general,,majestic_filtered,,,not_shopify,404,False,0,,,False,False,,0,,
https://24auto.de,24auto.de,unknown,automotive,,majestic_filtered,,,timeout,0,False,0,,,False,False,,,,
https://24auto.ru,24auto.ru,unknown,automotive,,majestic_filtered,,,not_shopify,404,False,0,,,False,False,,0,,
https://24baby.nl,24baby.nl,unknown,kids,,majestic_filtered,,,not_shopify,404,False,0,,,False,False,,0,,
https://24by7directory.com,24by7directory.com,unknown,general,,majestic_filtered,,,password_protected,200,False,0,,,False,False,,,,
https://24by7fitness.com,24by7fitness.com,unknown,sports,,majestic_filtered,,,timeout,0,False,0,,,False,False,,,,
https://24carrots.com,24carrots.com,unknown,automotive,,majestic_filtered,,,not_shopify,404,False,0,,,False,False,,0,,
https://24chemicalresearch.com,24chemicalresearch.com,unknown,general,,majestic_filtered,,,timeout,0,False,0,,,False,False,,,,
https://24diamonds.com,24diamonds.com,unknown,jewelry,,majestic_filtered,,,timeout,0,False,0,,,False,False,,,,
https://24gadget.ru,24gadget.ru,unknown,electronics,,majestic_filtered,,,timeout,0,False,0,,,False,False,,,,
https://24garten.de,24garten.de,unknown,art,,majestic_filtered,,,timeout,0,False,0,,,False,False,,,,
https://24hgold.com,24hgold.com,unknown,jewelry,,majestic_filtered,,,not_shopify,404,False,0,,,False,False,,0,,
https://24hourcampfire.com,24hourcampfire.com,unknown,sports,,majestic_filtered,,,not_shopify,404,False,0,,,False,False,,0,,
https://24hourcanadianpharmacy.com,24hourcanadianpharmacy.com,unknown,health,,majestic_filtered,,,connection_error,0,False,0,,,False,False,,,,
https://24hourcanadianpharmacy.ru,24hourcanadianpharmacy.ru,unknown,health,,majestic_filtered,,,not_shopify,404,False,0,,,False,False,,0,,
https://24hourfitness.com,24hourfitness.com,unknown,sports,,majestic_filtered,,,not_shopify,200,False,0,,,False,False,,1,,
https://24hourfitnessteam.com,24hourfitnessteam.com,unknown,sports,,majestic_filtered,,,timeout,0,False,0,,,False,False,,,,
https://24hrcares.com,24hrcares.com,unknown,automotive,,majestic_filtered,,,not_shopify,404,False,0,,,False,False,,0,,
https://24hrstickers.com,24hrstickers.com,unknown,general,,majestic_filtered,,,rate_limited,429,False,0,,,False,False,,,,
https://24hshop.dk,24hshop.dk,unknown,general,,majestic_filtered,,,not_shopify,404,False,0,,,False,False,,0,,
https://24kitchen.nl,24kitchen.nl,unknown,home,,majestic_filtered,,,not_shopify,404,False,0,,,False,False,,0,,
https://24papershop.com,24papershop.com,unknown,general,,majestic_filtered,,,rate_limited,429,False,0,,,False,False,,,,
https://24petconnect.com,24petconnect.com,unknown,pets,,majestic_filtered,,,not_shopify,404,False,0,,,False,False,,0,,
https://24petwatch.com,24petwatch.com,unknown,pets,,majestic_filtered,,,not_shopify,404,False,0,,,False,False,,0,,
https://24pharma.be,24pharma.be,unknown,health,,majestic_filtered,,,active_ecommerce,404,False,0,,,True,False,,2,,
https://24pharma.nl,24pharma.nl,unknown,health,,majestic_filtered,,,active_ecommerce,404,False,0,,,True,False,,2,,
https://24sevenmegastore.com,24sevenmegastore.com,unknown,general,,majestic_filtered,,,not_shopify,404,False,0,,,False,False,,0,,
https://24sevres.com,24sevres.com,unknown,fashion,US,niche_list,,,timeout,0,False,0,,,False,False,,,,
https://24sextoy.com,24sextoy.com,unknown,kids,,majestic_filtered,,,inactive,403,False,0,,,False,False,,,,
https://24shopz.com,24shopz.com,unknown,general,,majestic_filtered,,,not_shopify,404,False,0,,,False,False,,0,,
https://24vulkan.online,24vulkan.online,unknown,general,,majestic_filtered,,,inactive,403,False,0,,,False,False,,,,
https://24wallpapers.com,24wallpapers.com,unknown,general,,majestic_filtered,,,not_shopify,404,False,0,,,False,False,,0,,
https://25win-25.shop,25win-25.shop,unknown,general,,majestic_filtered,,,not_shopify,404,False,0,,,False,False,,0,,
https://25win25.shop,25win25.shop,unknown,general,,majestic_filtered,,,not_shopify,404,False,0,,,False,False,,0,,
https://260samplesale.com,260samplesale.com,unknown,general,,majestic_filtered,,,rate_limited,429,False,0,,,False,False,,,,
https://27b.store,27b.store,unknown,general,,majestic_filtered,,,not_shopify,404,False,0,,,False,False,,1,,
https://28circle.com,28circle.com,unknown,general,,majestic_filtered,,,timeout,0,False,0,,,False,False,,,,
https://28win.shop,28win.shop,unknown,general,,majestic_filtered,,,not_shopify,200,False,0,,,False,False,,1,,
https://2adultflashgames.com,2adultflashgames.com,unknown,kids,,majestic_filtered,,,not_shopify,404,False,0,,,False,False,,0,,
https://2amarketing.com,2amarketing.com,unknown,general,,majestic_filtered,,,not_shopify,404,False,0,,,False,False,,0,,
https://2astronautcrash-game.in,2astronautcrash-game.in,unknown,kids,,majestic_filtered,,,connection_error,0,False,0,,,False,False,,,,
https://2aussietravellers.com,2aussietravellers.com,unknown,general,,majestic_filtered,,,not_shopify,404,False,0,,,False,False,,0,,
https://2b-design.ru,2b-design.ru,unknown,general,,majestic_filtered,,,not_shopify,404,False,0,,,False,False,,0,,
https://2basketballbundesliga.de,2basketballbundesliga.de,unknown,general,,majestic_filtered,,,not_shopify,404,False,0,,,False,False,,0,,
https://2bsexenmarketing.com,2bsexenmarketing.com,unknown,general,,majestic_filtered,,,inactive,403,False,0,,,False,False,,,,
https://2carpros.com,2carpros.com,unknown,automotive,,majestic_filtered,,,not_shopify,404,False,0,,,False,False,,0,,
https://2coffeebar.com,2coffeebar.com,unknown,coffee,,majestic_filtered,,,inactive,403,False,0,,,False,False,,,,
https://2cookinmamas.com,2cookinmamas.com,unknown,general,,majestic_filtered,,,not_shopify,404,False,0,,,False,False,,0,,
https://2coolfishing.com,2coolfishing.com,unknown,pets,,majestic_filtered,,,not_shopify,404,False,0,,,False,False,,0,,
https://2createawebsite.com,2createawebsite.com,unknown,general,,majestic_filtered,,,not_shopify,404,False,0,,,False,False,,0,,
https://2dadswithbaggage.com,2dadswithbaggage.com,unknown,accessories,,majestic_filtered,,,inactive,202,False,0,,,False,False,,,,
https://2dartistmag.com,2dartistmag.com,unknown,art,,majestic_filtered,,,timeout,0,False,0,,,False,False,,,,
https://2design3d.com,2design3d.com,unknown,general,,majestic_filtered,,,timeout,0,False,0,,,False,False,,,,
https://2etechnologygroup.com,2etechnologygroup.com,unknown,electronics,,majestic_filtered,,,timeout,0,False,0,,,False,False,,,,
https://2flashgames.com,2flashgames.com,unknown,kids,,majestic_filtered,,,timeout,0,False,0,,,False,False,,,,
https://2foodtrippers.com,2foodtrippers.com,unknown,food,,majestic_filtered,,,not_shopify,404,False,0,,,False,False,,0,,
https://2game.com,2game.com,unknown,kids,,majestic_filtered,,,not_shopify,404,False,0,,,False,False,,0,,
https://2girlsphonesex.com,2girlsphonesex.com,unknown,electronics,,majestic_filtered,,,inactive,403,False,0,,,False,False,,,,
https://2globalmart.com,2globalmart.com,unknown,art,,majestic_filtered,,,timeout,0,False,0,,,False,False,,,,
https://2golf.de,2golf.de,unknown,sports,,majestic_filtered,,,inactive,403,False,0,,,False,False,,,,
https://2guysexpress.com,2guysexpress.com,unknown,general,,majestic_filtered,,,inactive,403,False,0,,,False,False,,,,
https://2heartsdating.com,2heartsdating.com,unknown,art,,majestic_filtered,,,not_shopify,404,False,0,,,False,False,,0,,
https://2home.co,2home.co,unknown,home,,majestic_filtered,,,timeout,0,False,0,,,False,False,,,,
https://2houndsdesign.com,2houndsdesign.com,unknown,general,,majestic_filtered,,,rate_limited,429,False,0,,,False,False,,,,
https://2k-dart-software.com,2k-dart-software.com,unknown,art,,majestic_filtered,,,not_shopify,200,False,0,,,False,False,,0,,
https://2k-sport.com,2k-sport.com,unknown,sports,,majestic_filtered,,,not_shopify,404,False,0,,,False,False,,0,,
https://2kgames.com,2kgames.com,unknown,kids,,majestic_filtered,,,inactive,403,False,0,,,False,False,,,,
https://2ksports.com,2ksports.com,unknown,sports,,majestic_filtered,,,inactive,403,False,0,,,False,False,,,,
https://2ndchancefitness.com,2ndchancefitness.com,unknown,sports,,majestic_filtered,,,not_shopify,404,False,0,,,False,False,,0,,
https://2ndhomeskilledcare.com,2ndhomeskilledcare.com,unknown,home,,majestic_filtered,,,not_shopify,404,False,0,,,False,False,,0,,
https://2ndkitchen.com,2ndkitchen.com,unknown,home,,majestic_filtered,,,not_shopify,404,False,0,,,False,False,,0,,
https://2ndskin.co.kr,2ndskin.co.kr,unknown,beauty,,majestic_filtered,,,not_shopify,404,False,0,,,False,False,,0,,
https://2ndsmartestguyintheworld.com,2ndsmartestguyintheworld.com,unknown,art,,majestic_filtered,,,not_shopify,404,False,0,,,False,False,stripe,1,,
https://2ndwatch.com,2ndwatch.com,unknown,watches,,majestic_filtered,,,inactive,403,False,0,,,False,False,,,,
https://2photo.ru,2photo.ru,unknown,general,,majestic_filtered,,,not_shopify,200,False,0,,,False,False,,0,,
https://2playbook.com,2playbook.com,unknown,books,,majestic_filtered,,,not_shopify,404,False,0,,,False,False,,0,,
https://2retail.ru,2retail.ru,unknown,general,,majestic_filtered,,,active_ecommerce,404,False,0,,,True,False,,2,,
https://2rugamer.ru,2rugamer.ru,unknown,home,,majestic_filtered,,,not_shopify,404,False,0,,,False,False,,0,,
https://2sexyfish.com,2sexyfish.com,unknown,pets,,majestic_filtered,,,inactive,403,False,0,,,False,False,,,,
https://2sexygames.com,2sexygames.com,unknown,kids,,majestic_filtered,,,inactive,403,False,0,,,False,False,,,,
https://2solocamp-anime.com,2solocamp-anime.com,unknown,sports,,majestic_filtered,,,not_shopify,404,False,0,,,False,False,,0,,
https://2style.jp,2style.jp,unknown,fashion,,majestic_filtered,,,not_shopify,404,False,0,,,False,False,,0,,
https://2theadvocate.com,2theadvocate.com,unknown,pets,,majestic_filtered,,,connection_error,0,False,0,,,False,False,,,,
https://2transport.com,2transport.com,unknown,sports,,majestic_filtered,,,not_shopify,200,False,0,,,False,False,,1,,
https://2traveldads.com,2traveldads.com,unknown,general,,majestic_filtered,,,not_shopify,404,False,0,,,False,False,stripe,0,,
https://3-9you-home.com,3-9you-home.com,unknown,home,,majestic_filtered,,,timeout,0,False,0,,,False,False,,,,
https://3-dplumbing.com,3-dplumbing.com,unknown,general,,majestic_filtered,,,connection_error,0,False,0,,,False,False,,,,
https://3-home-9y.com,3-home-9y.com,unknown,home,,majestic_filtered,,,connection_error,0,False,0,,,False,False,,,,
https://3000toys.com,3000toys.com,unknown,kids,,majestic_filtered,,,not_shopify,200,False,0,,,False,False,,1,,
https://303carservice.com,303carservice.com,unknown,automotive,,majestic_filtered,,,empty_store,200,False,0,,,False,False,,,,
https://305fitness.com,305fitness.com,unknown,sports,,majestic_filtered,,,active_ecommerce,404,False,0,,,True,False,,1,,
https://30book.com,30book.com,unknown,books,,majestic_filtered,,,timeout,0,False,0,,,False,False,,,,
https://30minutecrafts.com,30minutecrafts.com,unknown,art,,majestic_filtered,,,not_shopify,404,False,0,,,False,False,,0,,
https://30pluskids.nl,30pluskids.nl,unknown,kids,,majestic_filtered,,,not_shopify,404,False,0,,,False,False,,0,,
https://30store.hk,30store.hk,unknown,general,,majestic_filtered,,,active_ecommerce,404,False,0,,,True,False,,3,,
https://310nutrition.com,310nutrition.com,unknown,health,,majestic_filtered,,,rate_limited,429,False,0,,,False,False,,,,
https://311800car.com,311800car.com,unknown,automotive,,majestic_filtered,,,connection_error,0,False,0,,,False,False,,,,
https://318health.com,318health.com,unknown,health,,majestic_filtered,,,connection_error,0,False,0,,,False,False,,,,
https://320racecar.com,320racecar.com,unknown,automotive,,majestic_filtered,,,not_shopify,404,False,0,,,False,False,,0,,
https://321auto.com,321auto.com,unknown,automotive,,majestic_filtered,,,inactive,403,False,0,,,False,False,,,,
https://321cbd.com,321cbd.com,unknown,general,,majestic_filtered,,,active_ecommerce,404,False,0,,,True,False,,2,,
https://321gold.com,321gold.com,unknown,jewelry,,majestic_filtered,,,not_shopify,404,False,0,,,False,False,,0,,
https://321sexcat.com,321sexcat.com,unknown,pets,,majestic_filtered,,,inactive,403,False,0,,,False,False,,,,
https://32cars.ru,32cars.ru,unknown,automotive,,majestic_filtered,,,timeout,0,False,0,,,False,False,,,,
https://33-kaiyunsports.com,33-kaiyunsports.com,unknown,sports,,majestic_filtered,,,timeout,0,False,0,,,False,False,,,,
https://333supergame.com,333supergame.com,unknown,kids,,majestic_filtered,,,inactive,410,False,0,,,False,False,,,,
https://333travel.nl,333travel.nl,unknown,general,,majestic_filtered,,,not_shopify,404,False,0,,,False,False,,0,,
https://33sport.ru,33sport.ru,unknown,sports,,majestic_filtered,,,not_shopify,404,False,0,,,False,False,,0,,
https://347aidan.online,347aidan.online,unknown,general,,majestic_filtered,,,timeout,0,False,0,,,False,False,,,,
https://358shop.com,358shop.com,unknown,general,,majestic_filtered,,,timeout,0,False,0,,,False,False,,,,
https://359cars.com,359cars.com,unknown,automotive,,majestic_filtered,,,timeout,0,False,0,,,False,False,,,,
https://35mm.online,35mm.online,unknown,general,,majestic_filtered,,,not_shopify,404,False,0,,,False,False,,0,,
https://35photo.ru,35photo.ru,unknown,general,,majestic_filtered,,,not_shopify,200,False,0,,,False,False,,0,,
https://360buy.com,360buy.com,unknown,general,,majestic_filtered,,,timeout,0,False,0,,,False,False,,,,
https://360cookware.com,360cookware.com,unknown,general,,majestic_filtered,,,rate_limited,429,False,0,,,False,False,,,,
https://360grad-team.com,360grad-team.com,unknown,general,,majestic_filtered,,,active_ecommerce,404,False,0,,,True,False,,0,,
https://360gradmarketing.at,360gradmarketing.at,unknown,general,,majestic_filtered,,,server_error,500,False,0,,,False,False,,,,
https://360horserace.com,360horserace.com,unknown,general,,majestic_filtered,,,timeout,0,False,0,,,False,False,,,,
https://360iresearch.com,360iresearch.com,unknown,general,,majestic_filtered,,,not_shopify,200,False,0,,,False,False,,0,,
https://360marketupdates.com,360marketupdates.com,unknown,general,,majestic_filtered,,,not_shopify,200,False,0,,,False,False,,0,,
https://360medicalcenters.com,360medicalcenters.com,unknown,health,,majestic_filtered,,,empty_store,200,False,0,,,False,False,,,,
https://360nexusmarketing.com,360nexusmarketing.com,unknown,general,,majestic_filtered,,,inactive,202,False,0,,,False,False,,,,
https://360painting.com,360painting.com,unknown,art,,majestic_filtered,,,timeout,0,False,0,,,False,False,,,,
https://360researchreports.com,360researchreports.com,unknown,general,,majestic_filtered,,,not_shopify,200,False,0,,,False,False,,0,,
https://360smartdata.com,360smartdata.com,unknown,art,,majestic_filtered,,,not_shopify,404,False,0,,,False,False,,0,,
https://360soccer.com,360soccer.com,unknown,general,,majestic_filtered,,,inactive,202,False,0,,,False,False,,,,
https://360sport.it,360sport.it,unknown,sports,,majestic_filtered,,,timeout,0,False,0,,,False,False,,,,
https://360technosoft.com,360technosoft.com,unknown,electronics,,majestic_filtered,,,not_shopify,404,False,0,,,False,False,,0,,
https://361sport.com,361sport.com,unknown,sports,,majestic_filtered,,,rate_limited,429,False,0,,,False,False,,,,
https://365ace.online,365ace.online,unknown,general,,majestic_filtered,,,password_protected,200,False,0,,,False,False,,,,
https://365atlantatraveler.com,365atlantatraveler.com,unknown,general,,majestic_filtered,,,not_shopify,404,False,0,,,False,False,,1,,
https://365happyflower.com,365happyflower.com,unknown,garden,,majestic_filtered,,,active_ecommerce,404,False,0,,,True,False,,2,,
https://365heart.com,365heart.com,unknown,art,,majestic_filtered,,,timeout,0,False,0,,,False,False,,,,
https://365outsource.com,365outsource.com,unknown,general,,majestic_filtered,,,not_shopify,404,False,0,,,False,False,,1,,
https://365powersupply.com,365powersupply.com,unknown,general,,majestic_filtered,,,timeout,0,False,0,,,False,False,,,,
https://365retailmarkets.com,365retailmarkets.com,unknown,general,,majestic_filtered,,,timeout,0,False,0,,,False,False,,,,
https://369medical.com,369medical.com,unknown,health,,majestic_filtered,,,not_shopify,200,False,0,,,False,False,,1,,
https://369smart.com,369smart.com,unknown,art,,majestic_filtered,,,connection_error,0,False,0,,,False,False,,,,
https://36and6health.com,36and6health.com,unknown,health,,majestic_filtered,,,not_shopify,404,False,0,,,False,False,,0,,
https://36and6health.shop,36and6health.shop,unknown,health,,majestic_filtered,,,connection_error,0,False,0,,,False,False,,,,
https://36streetsfood.com,36streetsfood.com,unknown,food,,majestic_filtered,,,active_ecommerce,200,False,0,,,True,False,,1,,
https://37games.com,37games.com,unknown,kids,,majestic_filtered,,,not_shopify,200,False,0,,,False,False,,1,,
https://37signals.com,37signals.com,unknown,general,,majestic_filtered,,,not_shopify,404,False,0,,,False,False,,0,,
https://383sports68.com,383sports68.com,unknown,sports,,majestic_filtered,,,inactive,403,False,0,,,False,False,,,,
https://39dollarglasses.com,39dollarglasses.com,unknown,general,,majestic_filtered,,,not_shopify,404,False,0,,,False,False,,0,,
https://39kfood.com,39kfood.com,unknown,food,,majestic_filtered,,,not_shopify,404,False,0,,,False,False,,0,,
https://3boysandadog.com,3boysandadog.com,unknown,pets,,majestic_filtered,,,not_shopify,404,False,0,,,False,False,,0,,
https://3brothersexpressinc.com,3brothersexpressinc.com,unknown,general,,majestic_filtered,,,inactive,403,False,0,,,False,False,,,,
https://3buzzingwilds-game.com,3buzzingwilds-game.com,unknown,kids,,majestic_filtered,,,timeout,0,False,0,,,False,False,,,,
https://3cecosmetics.com,3cecosmetics.com,unknown,beauty,,majestic_filtered,,,timeout,0,False,0,,,False,False,,,,
https://3circle.com,3circle.com,unknown,general,,majestic_filtered,,,connection_error,0,False,0,,,False,False,,,,
https://3d-gay-sex-games.com,3d-gay-sex-games.com,unknown,kids,,majestic_filtered,,,inactive,403,False,0,,,False,False,,,,
https://3d-interactive-porn-games.com,3d-interactive-porn-games.com,unknown,kids,,majestic_filtered,,,inactive,403,False,0,,,False,False,,,,
https://3d-scantech.com,3d-scantech.com,unknown,electronics,,majestic_filtered,,,not_shopify,404,False,0,,,False,False,,0,,
https://3d4medical.com,3d4medical.com,unknown,health,,majestic_filtered,,,not_shopify,404,False,0,,,False,False,,1,,
https://3daimtrainer.com,3daimtrainer.com,unknown,general,,majestic_filtered,,,not_shopify,404,False,0,,,False,False,,0,,
https://3darcades.com,3darcades.com,unknown,general,,majestic_filtered,,,not_shopify,404,False,0,,,False,False,,0,,
https://3dartistonline.com,3dartistonline.com,unknown,art,,majestic_filtered,,,password_protected,200,False,0,,,False,False,,,,
https://3day-kitchenbath.com,3day-kitchenbath.com,unknown,home,,majestic_filtered,,,not_shopify,404,False,0,,,False,False,,1,,
https://3daysofdesign.dk,3daysofdesign.dk,unknown,general,,majestic_filtered,,,not_shopify,404,False,0,,,False,False,stripe,0,,
https://3dcaddesigner.com,3dcaddesigner.com,unknown,luxury,,majestic_filtered,,,connection_error,0,False,0,,,False,False,,,,
https://3dcar.ru,3dcar.ru,unknown,automotive,,majestic_filtered,,,not_shopify,404,False,0,,,False,False,,0,,
https://3dcart.com,3dcart.com,unknown,automotive,,majestic_filtered,,,active_ecommerce,404,False,0,,,True,False,,3,,
https://3dcartoonsex1.com,3dcartoonsex1.com,unknown,automotive,,majestic_filtered,,,inactive,403,False,0,,,False,False,,,,
https://3dcartstores.com,3dcartstores.com,unknown,automotive,,majestic_filtered,,,active_ecommerce,200,False,0,,,True,False,,1,,
https://3delight.com,3delight.com,unknown,general,,majestic_filtered,,,timeout,0,False,0,,,False,False,,,,
https://3dfigureprint.com,3dfigureprint.com,unknown,art,,majestic_filtered,,,inactive,403,False,0,,,False,False,,,,
https://3dfilmarchive.com,3dfilmarchive.com,unknown,general,,majestic_filtered,,,not_shopify,404,False,0,,,False,False,,0,,
https://3dgameman.com,3dgameman.com,unknown,kids,,majestic_filtered,,,inactive,202,False,0,,,False,False,,,,
https://3dgamers.com,3dgamers.com,unknown,kids,,majestic_filtered,,,timeout,0,False,0,,,False,False,,,,
https://3dgameshop.ru,3dgameshop.ru,unknown,kids,,majestic_filtered,,,connection_error,0,False,0,,,False,False,,,,
https://3dglassesonline.com,3dglassesonline.com,unknown,general,,majestic_filtered,,,timeout,0,False,0,,,False,False,,,,
https://3dinteractivesexgames.com,3dinteractivesexgames.com,unknown,kids,,majestic_filtered,,,timeout,0,False,0,,,False,False,,,,
https://3dizart.ru,3dizart.ru,unknown,art,,majestic_filtered,,,timeout,0,False,0,,,False,False,,,,
https://3dlabprint.com,3dlabprint.com,unknown,art,,majestic_filtered,,,timeout,0,False,0,,,False,False,,,,
https://3dmgame.com,3dmgame.com,unknown,kids,,majestic_filtered,,,not_shopify,404,False,0,,,False,False,,0,,
https://3dpowertools.com,3dpowertools.com,unknown,general,,majestic_filtered,,,connection_error,0,False,0,,,False,False,,,,
https://3dprint.com,3dprint.com,unknown,art,,majestic_filtered,,,active_ecommerce,403,False,0,,,True,False,,0,,
https://3dprintbeginner.com,3dprintbeginner.com,unknown,art,,majestic_filtered,,,not_shopify,404,False,0,,,False,False,,1,,
https://3dprintboard.com,3dprintboard.com,unknown,art,,majestic_filtered,,,inactive,403,False,0,,,False,False,,,,
https://3dprintedsextoy.com,3dprintedsextoy.com,unknown,kids,,majestic_filtered,,,inactive,403,False,0,,,False,False,,,,
https://3dprinterly.com,3dprinterly.com,unknown,art,,majestic_filtered,,,not_shopify,404,False,0,,,False,False,,0,,
https://3dprinteros.com,3dprinteros.com,unknown,art,,majestic_filtered,,,not_shopify,404,False,0,,,False,False,,0,,
https://3dprintersonlinestore.com,3dprintersonlinestore.com,unknown,art,,majestic_filtered,,,empty_store,200,False,0,,,False,False,,,,
https://3dprinting.com,3dprinting.com,unknown,art,,majestic_filtered,,,active_ecommerce,404,False,0,,,True,False,,0,,
https://3dprintingcanada.com,3dprintingcanada.com,unknown,art,,majestic_filtered,,,rate_limited,429,False,0,,,False,False,,,,
https://3dprintingindustry.com,3dprintingindustry.com,unknown,art,,majestic_filtered,,,inactive,403,False,0,,,False,False,,,,
https://3dprintsexshop.com,3dprintsexshop.com,unknown,art,,majestic_filtered,,,inactive,403,False,0,,,False,False,,,,
https://3dprintshow.com,3dprintshow.com,unknown,art,,majestic_filtered,,,timeout,0,False,0,,,False,False,,,,
https://3dscanstore.com,3dscanstore.com,unknown,general,,majestic_filtered,,,timeout,0,False,0,,,False,False,,,,
https://3dsourced.com,3dsourced.com,unknown,general,,majestic_filtered,,,not_shopify,404,False,0,,,False,False,,0,,
https://3dsupply.de,3dsupply.de,unknown,general,,majestic_filtered,,,server_error,500,False,0,,,False,False,,,,
https://3dtotalgames.com,3dtotalgames.com,unknown,kids,,majestic_filtered,,,inactive,403,False,0,,,False,False,,,,
https://3dxtech.com,3dxtech.com,unknown,electronics,,majestic_filtered,,,rate_limited,429,False,0,,,False,False,,,,
https://3egolf.nl,3egolf.nl,unknown,sports,,majestic_filtered,,,timeout,0,False,0,,,False,False,,,,
https://3i-infotech.com,3i-infotech.com,unknown,electronics,,majestic_filtered,,,password_protected,200,False,0,,,False,False,,,,
https://3minuteangels.com,3minuteangels.com,unknown,general,,majestic_filtered,,,empty_store,200,False,0,,,False,False,,,,
https://3mmcshopnl.com,3mmcshopnl.com,unknown,general,,majestic_filtered,,,password_protected,401,False,0,,,False,False,,,,
https://3p-instruments.com,3p-instruments.com,unknown,wine,,majestic_filtered,,,not_shopify,404,False,0,,,False,False,,1,,
https://3pattigamesdownload.com,3pattigamesdownload.com,unknown,kids,,majestic_filtered,,,not_shopify,404,False,0,,,False,False,,0,,
https://3printr.com,3printr.com,unknown,art,,majestic_filtered,,,inactive,403,False,0,,,False,False,,,,
https://3ptechies.com,3ptechies.com,unknown,electronics,,majestic_filtered,,,password_protected,200,False,0,,,False,False,,,,
https://3rcentury.com,3rcentury.com,unknown,general,,majestic_filtered,,,inactive,403,False,0,,,False,False,,,,
https://3rd-basesportsbar.com,3rd-basesportsbar.com,unknown,sports,,majestic_filtered,,,password_protected,200,False,0,,,False,False,,,,
https://3rdbrakelight.com,3rdbrakelight.com,unknown,general,,majestic_filtered,,,not_shopify,404,False,0,,,False,False,,0,,
https://3ritechnologies.com,3ritechnologies.com,unknown,electronics,,majestic_filtered,,,not_shopify,404,False,0,,,False,False,,1,,
https://3riversarchery.com,3riversarchery.com,unknown,general,,majestic_filtered,,,not_shopify,404,False,0,,,False,False,,3,,
https://3scomputers.com,3scomputers.com,unknown,electronics,,majestic_filtered,,,not_shopify,404,False,0,,,False,False,,0,,
https://3sexpress.com,3sexpress.com,unknown,general,,majestic_filtered,,,inactive,403,False,0,,,False,False,,,,
https://3sexshop.com,3sexshop.com,unknown,general,,majestic_filtered,,,inactive,403,False,0,,,False,False,,,,
https://3shapecommunicate.com,3shapecommunicate.com,unknown,pets,,majestic_filtered,,,timeout,0,False,0,,,False,False,,,,
https://3starcolorworld.com,3starcolorworld.com,unknown,general,,majestic_filtered,,,timeout,0,False,0,,,False,False,,,,
https://3t-kaiyunsports.com,3t-kaiyunsports.com,unknown,sports,,majestic_filtered,,,timeout,0,False,0,,,False,False,,,,
https://3w-style.ru,3w-style.ru,unknown,fashion,,majestic_filtered,,,not_shopify,404,False,0,,,False,False,,0,,
https://3wiresports.com,3wiresports.com,unknown,sports,,majestic_filtered,,,not_shopify,404,False,0,,,False,False,,1,,
https://4-9you-home.com,4-9you-home.com,unknown,home,,majestic_filtered,,,not_shopify,404,False,0,,,False,False,,0,,
https://4-home-9y.com,4-home-9y.com,unknown,home,,majestic_filtered,,,timeout,0,False,0,,,False,False,,,,
https://4-horecashop.nl,4-horecashop.nl,unknown,general,,majestic_filtered,,,not_shopify,404,False,0,,,False,False,,1,,
https://400goldmetal.com,400goldmetal.com,unknown,jewelry,,majestic_filtered,,,timeout,0,False,0,,,False,False,,,,
https://401games.ca,401games.ca,unknown,kids,,majestic_filtered,,,rate_limited,429,False,0,,,False,False,,,,
https://404basecamp.com,404basecamp.com,unknown,sports,,majestic_filtered,,,server_error,525,False,0,,,False,False,,,,
https://404techsupport.com,404techsupport.com,unknown,electronics,,majestic_filtered,,,not_shopify,404,False,0,,,False,False,,0,,
https://406mtsports.com,406mtsports.com,unknown,sports,,majestic_filtered,,,not_shopify,404,False,0,,,False,False,,0,,
https://406wedding.com,406wedding.com,unknown,general,,majestic_filtered,,,not_shopify,404,False,0,,,False,False,,0,,
https://409shop.com,409shop.com,unknown,general,,majestic_filtered,,,not_shopify,404,False,0,,,False,False,,1,,
https://409shop.com.hk,409shop.com.hk,unknown,general,,majestic_filtered,,,not_shopify,404,False,0,,,False,False,,1,,
https://40burninghotoyna.com,40burninghotoyna.com,unknown,kids,,majestic_filtered,,,inactive,403,False,0,,,False,False,,,,
https://40goldpartnersuche.de,40goldpartnersuche.de,unknown,jewelry,,majestic_filtered,,,timeout,0,False,0,,,False,False,,,,
https://40plusstyle.com,40plusstyle.com,unknown,fashion,,majestic_filtered,,,not_shopify,404,False,0,,,False,False,,0,,
https://411freedirectory.com,411freedirectory.com,unknown,general,,majestic_filtered,,,not_shopify,404,False,0,,,False,False,,1,,
https://417outdoorliving.com,417outdoorliving.com,unknown,sports,,majestic_filtered,,,timeout,0,False,0,,,False,False,,,,
https://417powersportsrental.com,417powersportsrental.com,unknown,sports,,majestic_filtered,,,timeout,0,False,0,,,False,False,,,,
https://420shop.nl,420shop.nl,unknown,general,,majestic_filtered,,,not_shopify,404,False,0,,,False,False,,0,,
https://420smartcartsshop.com,420smartcartsshop.com,unknown,automotive,,majestic_filtered,,,not_shopify,404,False,0,,,False,False,,0,,
https://42photo.com,42photo.com,unknown,general,,majestic_filtered,,,not_shopify,404,False,0,,,False,False,,2,,
https://42signals.com,42signals.com,unknown,general,,majestic_filtered,,,not_shopify,404,False,0,,,False,False,,0,,
https://42stores.com,42stores.com,unknown,general,,majestic_filtered,,,connection_error,0,False,0,,,False,False,,,,
https://451research.com,451research.com,unknown,general,,majestic_filtered,,,not_shopify,404,False,0,,,False,False,,0,,
https://45books.com,45books.com,unknown,books,,majestic_filtered,,,rate_limited,429,False,0,,,False,False,,,,
https://45cat.com,45cat.com,unknown,pets,,majestic_filtered,,,not_shopify,404,False,0,,,False,False,,0,,
https://45homelab.com,45homelab.com,unknown,home,,majestic_filtered,,,not_shopify,404,False,0,,,False,False,,2,,
https://4848express.com,4848express.com,unknown,general,,majestic_filtered,,,password_protected,200,False,0,,,False,False,,,,
https://48hourprint.com,48hourprint.com,unknown,art,,majestic_filtered,,,timeout,0,False,0,,,False,False,,,,
https://48hrbooks.com,48hrbooks.com,unknown,books,,majestic_filtered,,,timeout,0,False,0,,,False,False,,,,
https://49thcoffee.com,49thcoffee.com,unknown,coffee,,majestic_filtered,,,timeout,0,False,0,,,False,False,,,,
https://4a-games.com,4a-games.com,unknown,kids,,majestic_filtered,,,timeout,0,False,0,,,False,False,,,,
https://4armssyndicate.com,4armssyndicate.com,unknown,pets,,majestic_filtered,,,timeout,0,False,0,,,False,False,,,,
https://4arts.at,4arts.at,unknown,art,,majestic_filtered,,,server_error,500,False,0,,,False,False,,,,
https://4autoinsurancequote.com,4autoinsurancequote.com,unknown,automotive,,majestic_filtered,,,not_shopify,404,False,0,,,False,False,,0,,
https://4camping.cz,4camping.cz,unknown,sports,,majestic_filtered,,,not_shopify,404,False,0,,,False,False,,0,,
https://4cats.com,4cats.com,unknown,pets,,majestic_filtered,,,rate_limited,429,False,0,,,False,False,,,,
https://4cmusic.com,4cmusic.com,unknown,general,,majestic_filtered,,,inactive,403,False,0,,,False,False,,,,
https://4cornerresources.com,4cornerresources.com,unknown,general,,majestic_filtered,,,not_shopify,404,False,0,,,False,False,,0,,
https://4csgameranch.com,4csgameranch.com,unknown,kids,,majestic_filtered,,,not_shopify,200,False,0,,,False,False,,0,,
https://4digitech.ru,4digitech.ru,unknown,electronics,,majestic_filtered,,,connection_error,0,False,0,,,False,False,,,,
https://4dmedical.com,4dmedical.com,unknown,health,,majestic_filtered,,,not_shopify,404,False,0,,,False,False,,0,,
https://4dmoleculartherapeutics.com,4dmoleculartherapeutics.com,unknown,art,,majestic_filtered,,,not_shopify,404,False,0,,,False,False,,0,,
https://4dpharmaplc.com,4dpharmaplc.com,unknown,health,,majestic_filtered,,,not_shopify,404,False,0,,,False,False,,0,,
https://4feetshoes.com,4feetshoes.com,unknown,shoes,,majestic_filtered,,,rate_limited,429,False,0,,,False,False,,,,
https://4freephotos.com,4freephotos.com,unknown,general,,majestic_filtered,,,not_shopify,404,False,0,,,False,False,,0,,
https://4front-tech.com,4front-tech.com,unknown,electronics,,majestic_filtered,,,connection_error,0,False,0,,,False,False,,,,
https://4fstore.com,4fstore.com,unknown,general,,majestic_filtered,,,timeout,0,False,0,,,False,False,,,,
https://4furnituremedic.com,4furnituremedic.com,unknown,home,,majestic_filtered,,,not_shopify,404,False,0,,,False,False,,0,,
https://4game.com,4game.com,unknown,kids,,majestic_filtered,,,not_shopify,200,False,0,,,False,False,,0,,
https://4game.ru,4game.ru,unknown,kids,,majestic_filtered,,,timeout,0,False,0,,,False,False,,,,
https://4gameforum.com,4gameforum.com,unknown,kids,,majestic_filtered,,,not_shopify,404,False,0,,,False,False,,1,,
https://4gameground.com,4gameground.com,unknown,kids,,majestic_filtered,,,not_shopify,404,False,0,,,False,False,,0,,
https://4gameground.ru,4gameground.ru,unknown,kids,,majestic_filtered,,,not_shopify,404,False,0,,,False,False,,0,,
https://4gamers.be,4gamers.be,unknown,kids,,majestic_filtered,,,empty_store,200,False,0,,,False,False,,,,
https://4gamers.com.tw,4gamers.com.tw,unknown,kids,,majestic_filtered,,,not_shopify,404,False,0,,,False,False,,0,,
https://4gltemall.com,4gltemall.com,unknown,general,,majestic_filtered,,,active_ecommerce,200,False,0,,,True,False,,0,,
https://4hatsandfrugal.com,4hatsandfrugal.com,unknown,home,,majestic_filtered,,,empty_store,200,False,0,,,False,False,,,,
https://4home-store.com,4home-store.com,unknown,home,,majestic_filtered,,,not_shopify,404,False,0,,,False,False,,0,,
https://4home.cz,4home.cz,unknown,home,,majestic_filtered,,,not_shopify,404,False,0,,,False,False,,0,,
https://4homepages.de,4homepages.de,unknown,home,,majestic_filtered,,,not_shopify,404,False,0,,,False,False,,0,,
https://4imprint.ca,4imprint.ca,unknown,art,,majestic_filtered,,,not_shopify,200,False,0,,,False,False,,0,,
https://4imprint.com,4imprint.com,unknown,art,,majestic_filtered,,,not_shopify,200,False,0,,,False,False,,0,,
https://4jsexecutivetransportation.com,4jsexecutivetransportation.com,unknown,sports,,majestic_filtered,,,inactive,403,False,0,,,False,False,,,,
https://4kids.com,4kids.com,unknown,kids,,majestic_filtered,,,inactive,202,False,0,,,False,False,,,,
https://4kids.cz,4kids.cz,unknown,kids,,majestic_filtered,,,not_shopify,404,False,0,,,False,False,,1,,
https://4kidstv.com,4kidstv.com,unknown,electronics,,majestic_filtered,,,password_protected,200,False,0,,,False,False,,,,
https://4kwallpapers.com,4kwallpapers.com,unknown,general,,majestic_filtered,,,not_shopify,404,False,0,,,False,False,,0,,
https://4lenspartnerships.com,4lenspartnerships.com,unknown,art,,majestic_filtered,,,active_ecommerce,400,False,0,,,True,False,,0,,
https://4logowearables.com,4logowearables.com,unknown,fashion,,majestic_filtered,,,connection_error,0,False,0,,,False,False,,,,
https://4luckypartner.com,4luckypartner.com,unknown,art,,majestic_filtered,,,empty_store,200,False,0,,,False,False,,,,
https://4mdmedical.com,4mdmedical.com,unknown,health,,majestic_filtered,,,active_ecommerce,403,False,0,,,True,False,,2,,
https://4music.com,4music.com,unknown,general,,majestic_filtered,,,not_shopify,404,False,0,,,False,False,,0,,
https://4mybaby.ch,4mybaby.ch,unknown,kids,,majestic_filtered,,,active_ecommerce,404,False,0,,,True,False,,2,,
https://4oregolf.com,4oregolf.com,unknown,sports,,majestic_filtered,,,not_shopify,404,False,0,,,False,False,,1,,
https://4pets.es,4pets.es,unknown,pets,,majestic_filtered,,,connection_error,0,False,0,,,False,False,,,,
https://4rabet-game.com,4rabet-game.com,unknown,kids,,majestic_filtered,,,not_shopify,404,False,0,,,False,False,,0,,
https://4rabet-game1.com,4rabet-game1.com,unknown,kids,,majestic_filtered,,,not_shopify,404,False,0,,,False,False,,0,,
https://4rsgold.com,4rsgold.com,unknown,jewelry,,majestic_filtered,,,timeout,0,False,0,,,False,False,,,,
https://4runnerlifestyle.com,4runnerlifestyle.com,unknown,fashion,,majestic_filtered,,,rate_limited,429,False,0,,,False,False,,,,
https://4search.com,4search.com,unknown,general,,majestic_filtered,,,not_shopify,404,False,0,,,False,False,,0,,
https://4seasonsoutdoor.nl,4seasonsoutdoor.nl,unknown,sports,,majestic_filtered,,,not_shopify,404,False,0,,,False,False,,0,,
https://4teachers.de,4teachers.de,unknown,general,,majestic_filtered,,,password_protected,200,False,0,,,False,False,,,,
https://4thegame.com,4thegame.com,unknown,kids,,majestic_filtered,,,timeout,0,False,0,,,False,False,,,,
https://4theloveoffoodblog.com,4theloveoffoodblog.com,unknown,food,,majestic_filtered,,,not_shopify,404,False,0,,,False,False,,0,,
https://4thsource.com,4thsource.com,unknown,general,,majestic_filtered,,,not_shopify,404,False,0,,,False,False,,0,,
https://4tomono.store,4tomono.store,unknown,general,,majestic_filtered,,,inactive,400,False,0,,,False,False,,,,
https://4travel.jp,4travel.jp,unknown,general,,majestic_filtered,,,not_shopify,404,False,0,,,False,False,,0,,
https://4waytechnologies.com,4waytechnologies.com,unknown,electronics,,majestic_filtered,,,not_shopify,404,False,0,,,False,False,,0,,
https://4wheelparts.com,4wheelparts.com,unknown,automotive,US,niche_list,,,inactive,403,False,0,,,False,False,,,,
https://4wmarketplace.com,4wmarketplace.com,unknown,general,,majestic_filtered,,,not_shopify,404,False,0,,,False,False,,0,,
https://4x4earth.com,4x4earth.com,unknown,art,,majestic_filtered,,,password_protected,200,False,0,,,False,False,,,,
https://4x4sport.ru,4x4sport.ru,unknown,sports,,majestic_filtered,,,not_shopify,404,False,0,,,False,False,,0,,
https://5-9you-home.com,5-9you-home.com,unknown,home,,majestic_filtered,,,timeout,0,False,0,,,False,False,,,,
https://5-home-9y.com,5-home-9y.com,unknown,home,,majestic_filtered,,,connection_error,0,False,0,,,False,False,,,,
https://500lottery-home.com,500lottery-home.com,unknown,home,,majestic_filtered,,,connection_error,0,False,0,,,False,False,,,,
https://502a1.store,502a1.store,unknown,general,,majestic_filtered,,,connection_error,0,False,0,,,False,False,,,,
https://502a2.store,502a2.store,unknown,general,,majestic_filtered,,,connection_error,0,False,0,,,False,False,,,,
https://504kitchen.com,504kitchen.com,unknown,home,,majestic_filtered,,,password_protected,200,False,0,,,False,False,,,,
https://505games.com,505games.com,unknown,kids,,majestic_filtered,,,not_shopify,404,False,0,,,False,False,,0,,
https://506sports.com,506sports.com,unknown,sports,,majestic_filtered,,,not_shopify,404,False,0,,,False,False,,0,,
https://50campfires.com,50campfires.com,unknown,sports,,majestic_filtered,,,timeout,0,False,0,,,False,False,,,,
https://50discount-sale.com,50discount-sale.com,unknown,general,,majestic_filtered,,,inactive,403,False,0,,,False,False,,,,
https://50gameslike.com,50gameslike.com,unknown,kids,,majestic_filtered,,,not_shopify,404,False,0,,,False,False,,0,,
https://50pluspartij.nl,50pluspartij.nl,unknown,art,,majestic_filtered,,,not_shopify,404,False,0,,,False,False,,0,,
https://50style.pl,50style.pl,unknown,fashion,,majestic_filtered,,,inactive,403,False,0,,,False,False,,,,
https://50style.ru,50style.ru,unknown,fashion,,majestic_filtered,,,not_shopify,404,False,0,,,False,False,,0,,
https://51015kids.pl,51015kids.pl,unknown,kids,,majestic_filtered,,,not_shopify,200,False,0,,,False,False,,0,,
https://512tech.com,512tech.com,unknown,electronics,,majestic_filtered,,,not_shopify,200,False,0,,,False,False,,0,,
https://51arttree.com,51arttree.com,unknown,art,,majestic_filtered,,,connection_error,0,False,0,,,False,False,,,,
https://51auto.com,51auto.com,unknown,automotive,,majestic_filtered,,,connection_error,0,False,0,,,False,False,,,,
https://51buy.com,51buy.com,unknown,general,,majestic_filtered,,,timeout,0,False,0,,,False,False,,,,
https://51chinacoffee.com,51chinacoffee.com,unknown,coffee,,majestic_filtered,,,connection_error,0,False,0,,,False,False,,,,
https://51eecare.com,51eecare.com,unknown,automotive,,majestic_filtered,,,connection_error,0,False,0,,,False,False,,,,
https://51hkcar.com,51hkcar.com,unknown,automotive,,majestic_filtered,,,timeout,0,False,0,,,False,False,,,,
https://51ibaby.com,51ibaby.com,unknown,kids,,majestic_filtered,,,connection_error,0,False,0,,,False,False,,,,
https://51kids.com,51kids.com,unknown,kids,,majestic_filtered,,,server_error,530,False,0,,,False,False,,,,
https://51kuwan.store,51kuwan.store,unknown,general,,majestic_filtered,,,timeout,0,False,0,,,False,False,,,,
https://51microshop.com,51microshop.com,unknown,general,,majestic_filtered,,,inactive,406,False,0,,,False,False,,,,
https://51shopup.com,51shopup.com,unknown,general,,majestic_filtered,,,connection_error,0,False,0,,,False,False,,,,
https://520music.com,520music.com,unknown,general,,majestic_filtered,,,not_shopify,200,False,0,,,False,False,,0,,
https://5211game.com,5211game.com,unknown,kids,,majestic_filtered,,,not_shopify,200,False,0,,,False,False,,0,,
https://52design.com,52design.com,unknown,general,,majestic_filtered,,,connection_error,0,False,0,,,False,False,,,,
https://52hardware.com,52hardware.com,unknown,general,,majestic_filtered,,,connection_error,0,False,0,,,False,False,,,,
https://52kitchenadventures.com,52kitchenadventures.com,unknown,home,,majestic_filtered,,,server_error,500,False,0,,,False,False,,,,
https://53shop.com,53shop.com,unknown,general,,majestic_filtered,,,not_shopify,404,False,0,,,False,False,,0,,
https://54books.de,54books.de,unknown,books,,majestic_filtered,,,timeout,0,False,0,,,False,False,,,,
https://555-timer-circuits.com,555-timer-circuits.com,unknown,general,,majestic_filtered,,,not_shopify,404,False,0,,,False,False,,0,,
https://555games.nl,555games.nl,unknown,kids,,majestic_filtered,,,timeout,0,False,0,,,False,False,,,,
https://555sticker.com,555sticker.com,unknown,general,,majestic_filtered,,,not_shopify,404,False,0,,,False,False,,0,,
https://555win.shop,555win.shop,unknown,general,,majestic_filtered,,,not_shopify,404,False,0,,,False,False,,0,,
https://55printing.com,55printing.com,unknown,art,,majestic_filtered,,,not_shopify,404,False,0,,,False,False,,1,,
https://56toys.com,56toys.com,unknown,kids,,majestic_filtered,,,connection_error,0,False,0,,,False,False,,,,
https://56w.store,56w.store,unknown,general,,majestic_filtered,,,timeout,0,False,0,,,False,False,,,,
https://57-home-kaiyun.com,57-home-kaiyun.com,unknown,home,,majestic_filtered,,,timeout,0,False,0,,,False,False,,,,
https://576games.com,576games.com,unknown,kids,,majestic_filtered,,,connection_error,0,False,0,,,False,False,,,,
https://585zolotoy.ru,585zolotoy.ru,unknown,kids,,majestic_filtered,,,not_shopify,404,False,0,,,False,False,,0,,
https://587games.com,587games.com,unknown,kids,,majestic_filtered,,,connection_error,0,False,0,,,False,False,,,,
https://588tool.com,588tool.com,unknown,general,,majestic_filtered,,,inactive,403,False,0,,,False,False,,,,
https://589games.com,589games.com,unknown,kids,,majestic_filtered,,,connection_error,0,False,0,,,False,False,,,,
https://58food.com,58food.com,unknown,food,,majestic_filtered,,,timeout,0,False,0,,,False,False,,,,
https://58win.market,58win.market,unknown,general,,majestic_filtered,,,inactive,403,False,0,,,False,False,,,,
https://593skins.com,593skins.com,unknown,beauty,,majestic_filtered,,,inactive,403,False,0,,,False,False,,,,
https://5aigame.com,5aigame.com,unknown,kids,,majestic_filtered,,,connection_error,0,False,0,,,False,False,,,,
https://5dsource.com,5dsource.com,unknown,general,,majestic_filtered,,,connection_error,0,False,0,,,False,False,,,,
https://5gstore.com,5gstore.com,unknown,general,,majestic_filtered,,,not_shopify,200,False,0,,,False,False,,0,,
https://5gtechnologyworld.com,5gtechnologyworld.com,unknown,electronics,,majestic_filtered,,,not_shopify,404,False,0,,,False,False,,0,,
https://5homework.com,5homework.com,unknown,home,,majestic_filtered,,,not_shopify,404,False,0,,,False,False,,1,,
https://5mb.online,5mb.online,unknown,general,,majestic_filtered,,,timeout,0,False,0,,,False,False,,,,
https://5minutesinchurchhistory.com,5minutesinchurchhistory.com,unknown,general,,majestic_filtered,,,not_shopify,404,False,0,,,False,False,,0,,
https://5music.com.tw,5music.com.tw,unknown,general,,majestic_filtered,,,connection_error,0,False,0,,,False,False,,,,
https://5p-style.de,5p-style.de,unknown,fashion,,majestic_filtered,,,timeout,0,False,0,,,False,False,,,,
https://5pointscarwash.com,5pointscarwash.com,unknown,automotive,,majestic_filtered,,,timeout,0,False,0,,,False,False,,,,
https://5sdentalcare.com,5sdentalcare.com,unknown,automotive,,majestic_filtered,,,not_shopify,200,False,0,,,False,False,,0,,
https://5smanagement.com,5smanagement.com,unknown,jewelry,,majestic_filtered,,,not_shopify,404,False,0,,,False,False,,0,,
https://5squalityposters.com,5squalityposters.com,unknown,art,,majestic_filtered,,,server_error,500,False,0,,,False,False,,,,
https://5star-telemarketing.com,5star-telemarketing.com,unknown,general,,majestic_filtered,,,not_shopify,404,False,0,,,False,False,,0,,
https://5starsexteriorcleaning.com,5starsexteriorcleaning.com,unknown,general,,majestic_filtered,,,inactive,403,False,0,,,False,False,,,,
https://5startuning.com,5startuning.com,unknown,art,,majestic_filtered,,,inactive,403,False,0,,,False,False,,,,
https://5starweddingdirectory.com,5starweddingdirectory.com,unknown,general,,majestic_filtered,,,not_shopify,404,False,0,,,False,False,,0,,
https://5thplanetgames.com,5thplanetgames.com,unknown,kids,,majestic_filtered,,,inactive,403,False,0,,,False,False,,,,
https://6-9you-home.com,6-9you-home.com,unknown,home,,majestic_filtered,,,not_shopify,404,False,0,,,False,False,,0,,
https://6-home-9y.com,6-home-9y.com,unknown,home,,majestic_filtered,,,connection_error,0,False,0,,,False,False,,,,
https://604foodcritics.com,604foodcritics.com,unknown,food,,majestic_filtered,,,timeout,0,False,0,,,False,False,,,,
https://6070sexshop.com,6070sexshop.com,unknown,general,,majestic_filtered,,,inactive,403,False,0,,,False,False,,,,
https://60secondmarketer.com,60secondmarketer.com,unknown,general,,majestic_filtered,,,empty_store,200,False,0,,,False,False,,,,
https://60win1.online,60win1.online,unknown,general,,majestic_filtered,,,not_shopify,404,False,0,,,False,False,,0,,
https://626nightmarket.com,626nightmarket.com,unknown,general,,majestic_filtered,,,not_shopify,404,False,0,,,False,False,,0,,
https://62skins.com,62skins.com,unknown,beauty,,majestic_filtered,,,inactive,403,False,0,,,False,False,,,,
https://63-kaiyunsports.com,63-kaiyunsports.com,unknown,sports,,majestic_filtered,,,timeout,0,False,0,,,False,False,,,,
https://652toys.ru,652toys.ru,unknown,kids,,majestic_filtered,,,active_ecommerce,404,False,0,,,True,False,,2,,
https://668wine.com,668wine.com,unknown,wine,,majestic_filtered,,,server_error,502,False,0,,,False,False,,,,
https://67pallmall.com,67pallmall.com,unknown,general,,majestic_filtered,,,active_ecommerce,404,False,0,,,True,False,,1,,
https://67tool.com,67tool.com,unknown,general,,majestic_filtered,,,not_shopify,404,False,0,,,False,False,,0,,
https://67wine.com,67wine.com,unknown,wine,,majestic_filtered,,,rate_limited,429,False,0,,,False,False,,,,
https://68gamebai.ch,68gamebai.ch,unknown,kids,,majestic_filtered,,,not_shopify,404,False,0,,,False,False,,1,,
https://68gamebai.id,68gamebai.id,unknown,kids,,majestic_filtered,,,inactive,403,False,0,,,False,False,,,,
https://68gamebaihd.com,68gamebaihd.com,unknown,kids,,majestic_filtered,,,not_shopify,404,False,0,,,False,False,,0,,
https://68gamebailive.com,68gamebailive.com,unknown,kids,,majestic_filtered,,,not_shopify,404,False,0,,,False,False,,0,,
https://68team.com,68team.com,unknown,general,,majestic_filtered,,,not_shopify,404,False,0,,,False,False,,0,,
https://68win2025.online,68win2025.online,unknown,general,,majestic_filtered,,,not_shopify,200,False,0,,,False,False,,1,,
https://68winer.com,68winer.com,unknown,wine,,majestic_filtered,,,inactive,403,False,0,,,False,False,,,,
https://68wingame.online,68wingame.online,unknown,kids,,majestic_filtered,,,inactive,403,False,0,,,False,False,,,,
https://69games.cz,69games.cz,unknown,kids,,majestic_filtered,,,not_shopify,404,False,0,,,False,False,,0,,
https://69sextools.com,69sextools.com,unknown,general,,majestic_filtered,,,inactive,403,False,0,,,False,False,,,,
https://6a8car.com,6a8car.com,unknown,automotive,,majestic_filtered,,,timeout,0,False,0,,,False,False,,,,
https://6a8sports.com,6a8sports.com,unknown,sports,,majestic_filtered,,,timeout,0,False,0,,,False,False,,,,
https://6amtech.com,6amtech.com,unknown,electronics,,majestic_filtered,,,empty_store,200,False,0,,,False,False,,,,
https://6dtechnologies.com,6dtechnologies.com,unknown,electronics,,majestic_filtered,,,not_shopify,200,False,0,,,False,False,,0,,
https://6e-kaiyunsports.com,6e-kaiyunsports.com,unknown,sports,,majestic_filtered,,,timeout,0,False,0,,,False,False,,,,
https://6mborcci.com,6mborcci.com,unknown,general,,majestic_filtered,,,not_shopify,200,False,0,,,False,False,,0,,
https://6n-kaiyunsports.com,6n-kaiyunsports.com,unknown,sports,,majestic_filtered,,,timeout,0,False,0,,,False,False,,,,
https://6p-home-kaiyun.com,6p-home-kaiyun.com,unknown,home,,majestic_filtered,,,not_shopify,404,False,0,,,False,False,,0,,
https://6sigmacertificationonline.com,6sigmacertificationonline.com,unknown,pets,,majestic_filtered,,,timeout,0,False,0,,,False,False,,,,
https://6tsportsaiyundong.com,6tsportsaiyundong.com,unknown,sports,,majestic_filtered,,,timeout,0,False,0,,,False,False,,,,
https://6tsportsyundong.com,6tsportsyundong.com,unknown,sports,,majestic_filtered,,,connection_error,0,False,0,,,False,False,,,,
https://6wresearch.com,6wresearch.com,unknown,general,,majestic_filtered,,,timeout,0,False,0,,,False,False,,,,
https://7-9you-home.com,7-9you-home.com,unknown,home,,majestic_filtered,,,timeout,0,False,0,,,False,False,,,,
https://7-home-9y.com,7-home-9y.com,unknown,home,,majestic_filtered,,,connection_error,0,False,0,,,False,False,,,,
https://700dealer.com,700dealer.com,unknown,general,,majestic_filtered,,,inactive,403,False,0,,,False,False,,,,
https://702wedding.com,702wedding.com,unknown,general,,majestic_filtered,,,not_shopify,404,False,0,,,False,False,,1,,
https://70mai.store,70mai.store,unknown,general,,majestic_filtered,,,rate_limited,429,False,0,,,False,False,,,,
https://70percentpure.be,70percentpure.be,unknown,general,,majestic_filtered,,,inactive,403,False,0,,,False,False,,,,
https://711bet.online,711bet.online,unknown,general,,majestic_filtered,,,not_shopify,404,False,0,,,False,False,,0,,
https://716ersfood.com,716ersfood.com,unknown,food,,majestic_filtered,,,active_ecommerce,200,False,0,,,True,False,,4,,
https://71carforcash.com,71carforcash.com,unknown,automotive,,majestic_filtered,,,not_shopify,404,False,0,,,False,False,,0,,
https://727sailbags.com,727sailbags.com,unknown,accessories,,majestic_filtered,,,active_ecommerce,404,False,0,,,True,False,,2,,
https://72afisha.ru,72afisha.ru,unknown,pets,,majestic_filtered,,,connection_error,0,False,0,,,False,False,,,,
https://74bet.online,74bet.online,unknown,general,,majestic_filtered,,,not_shopify,404,False,0,,,False,False,,0,,
https://750thegame.com,750thegame.com,unknown,kids,,majestic_filtered,,,not_shopify,404,False,0,,,False,False,,0,,
https://75team.com,75team.com,unknown,general,,majestic_filtered,,,timeout,0,False,0,,,False,False,,,,
https://777-slot-game-br.com,777-slot-game-br.com,unknown,kids,,majestic_filtered,,,not_shopify,404,False,0,,,False,False,,0,,
https://77777games.com,77777games.com,unknown,kids,,majestic_filtered,,,not_shopify,404,False,0,,,False,False,,0,,
https://777sign.com,777sign.com,unknown,general,,majestic_filtered,,,active_ecommerce,404,False,0,,,True,False,,1,,
https://777spielautomaten.com,777spielautomaten.com,unknown,automotive,,majestic_filtered,,,password_protected,200,False,0,,,False,False,,,,
https://777x.store,777x.store,unknown,general,,majestic_filtered,,,not_shopify,404,False,0,,,False,False,,0,,
https://77diamonds.com,77diamonds.com,unknown,jewelry,,majestic_filtered,,,not_shopify,404,False,0,,,False,False,checkout_com,1,,
https://77implant.co.kr,77implant.co.kr,unknown,garden,,majestic_filtered,,,inactive,403,False,0,,,False,False,,,,
https://77market.com,77market.com,unknown,general,,majestic_filtered,,,inactive,403,False,0,,,False,False,,,,
https://77onlineshop.de,77onlineshop.de,unknown,general,,majestic_filtered,,,server_error,503,False,0,,,False,False,,,,
https://77sportsaiyundong.com,77sportsaiyundong.com,unknown,sports,,majestic_filtered,,,timeout,0,False,0,,,False,False,,,,
https://77sportsyundong.com,77sportsyundong.com,unknown,sports,,majestic_filtered,,,connection_error,0,False,0,,,False,False,,,,
https://783games.com,783games.com,unknown,kids,,majestic_filtered,,,connection_error,0,False,0,,,False,False,,,,
https://787coffee.com,787coffee.com,unknown,coffee,,majestic_filtered,,,active_ecommerce,404,False,0,,,True,False,,1,,
https://789bet88.online,789bet88.online,unknown,general,,majestic_filtered,,,connection_error,0,False,0,,,False,False,,,,
https://789betai.online,789betai.online,unknown,general,,majestic_filtered,,,not_shopify,404,False,0,,,False,False,,1,,
https://789betz.store,789betz.store,unknown,general,,majestic_filtered,,,not_shopify,200,False,0,,,False,False,,1,,
https://789pk.store,789pk.store,unknown,general,,majestic_filtered,,,inactive,403,False,0,,,False,False,,,,
https://789winteam.com,789winteam.com,unknown,general,,majestic_filtered,,,timeout,0,False,0,,,False,False,,,,
https://78baby.com,78baby.com,unknown,kids,,majestic_filtered,,,timeout,0,False,0,,,False,False,,,,
https://78catering.com,78catering.com,unknown,jewelry,,majestic_filtered,,,timeout,0,False,0,,,False,False,,,,
https://78winbet.online,78winbet.online,unknown,general,,majestic_filtered,,,connection_error,0,False,0,,,False,False,,,,
https://78winel.com,78winel.com,unknown,wine,,majestic_filtered,,,active_ecommerce,404,False,0,,,True,False,,0,,
https://797games.com,797games.com,unknown,kids,,majestic_filtered,,,connection_error,0,False,0,,,False,False,,,,
https://79club.boutique,79club.boutique,unknown,general,,majestic_filtered,,,not_shopify,404,False,0,,,False,False,,0,,
https://7artisans.store,7artisans.store,unknown,art,,majestic_filtered,,,rate_limited,429,False,0,,,False,False,,,,
https://7bookmarks.com,7bookmarks.com,unknown,books,,majestic_filtered,,,not_shopify,404,False,0,,,False,False,,0,,
https://7car.tw,7car.tw,unknown,automotive,,majestic_filtered,,,not_shopify,404,False,0,,,False,False,,0,,
https://7card.co.jp,7card.co.jp,unknown,automotive,,majestic_filtered,,,connection_error,0,False,0,,,False,False,,,,
https://7ccard.com,7ccard.com,unknown,automotive,,majestic_filtered,,,connection_error,0,False,0,,,False,False,,,,
https://7continents1passport.com,7continents1passport.com,unknown,sports,,majestic_filtered,,,timeout,0,False,0,,,False,False,,,,
https://7dayshop.com,7dayshop.com,unknown,general,,majestic_filtered,,,not_shopify,200,False,0,,,False,False,,2,,
https://7designs.co,7designs.co,unknown,general,,majestic_filtered,,,not_shopify,404,False,0,,,False,False,,0,,
https://7digitdentalmarketing.com,7digitdentalmarketing.com,unknown,general,,majestic_filtered,,,inactive,403,False,0,,,False,False,,,,
https://7dimusic.com,7dimusic.com,unknown,general,,majestic_filtered,,,not_shopify,200,False,0,,,False,False,,0,,
https://7elevenbet2.online,7elevenbet2.online,unknown,general,,majestic_filtered,,,not_shopify,404,False,0,,,False,False,,1,,
https://7estrelasexpress.com,7estrelasexpress.com,unknown,general,,majestic_filtered,,,inactive,403,False,0,,,False,False,,,,
https://7fgame.com,7fgame.com,unknown,kids,,majestic_filtered,,,not_shopify,200,False,0,,,False,False,,0,,
https://7flowers-decor.ru,7flowers-decor.ru,unknown,home,,majestic_filtered,,,timeout,0,False,0,,,False,False,,,,
https://7gadgets.com,7gadgets.com,unknown,electronics,,majestic_filtered,,,active_ecommerce,404,False,0,,,True,False,,2,,
https://7gamesbet-br.com,7gamesbet-br.com,unknown,kids,,majestic_filtered,,,active_ecommerce,404,False,0,,,True,False,,3,,
https://7gamewiki.com,7gamewiki.com,unknown,kids,,majestic_filtered,,,not_shopify,404,False,0,,,False,False,,0,,
https://7j-kaiyunsports.com,7j-kaiyunsports.com,unknown,sports,,majestic_filtered,,,timeout,0,False,0,,,False,False,,,,
https://7k-games-top.com,7k-games-top.com,unknown,kids,,majestic_filtered,,,not_shopify,404,False,0,,,False,False,,0,,
https://7k-off.online,7k-off.online,unknown,general,,majestic_filtered,,,timeout,0,False,0,,,False,False,,,,
https://7msport.com,7msport.com,unknown,sports,,majestic_filtered,,,not_shopify,404,False,0,,,False,False,,0,,
https://7netshopping.jp,7netshopping.jp,unknown,general,,majestic_filtered,,,connection_error,0,False,0,,,False,False,,,,
https://7pobed.com,7pobed.com,unknown,home,,majestic_filtered,,,not_shopify,404,False,0,,,False,False,,0,,
https://7prbookmarks.com,7prbookmarks.com,unknown,books,,majestic_filtered,,,not_shopify,404,False,0,,,False,False,,0,,
https://7search.com,7search.com,unknown,general,,majestic_filtered,,,timeout,0,False,0,,,False,False,,,,
https://7searchppc.com,7searchppc.com,unknown,general,,majestic_filtered,,,timeout,0,False,0,,,False,False,,,,
https://7seeds.jp,7seeds.jp,unknown,garden,,majestic_filtered,,,timeout,0,False,0,,,False,False,,,,
https://7sgames.com,7sgames.com,unknown,kids,,majestic_filtered,,,timeout,0,False,0,,,False,False,,,,
https://7signal.com,7signal.com,unknown,general,,majestic_filtered,,,timeout,0,False,0,,,False,False,,,,
https://7signs-casino-de.com,7signs-casino-de.com,unknown,general,,majestic_filtered,,,not_shopify,404,False,0,,,False,False,,1,,
https://7signs.com,7signs.com,unknown,general,,majestic_filtered,,,inactive,403,False,0,,,False,False,,,,
https://7signs24.de,7signs24.de,unknown,general,,majestic_filtered,,,not_shopify,200,False,0,,,False,False,,0,,
https://7signscasinoplay.com,7signscasinoplay.com,unknown,general,,majestic_filtered,,,not_shopify,404,False,0,,,False,False,,0,,
https://7sistershomeschool.com,7sistershomeschool.com,unknown,home,,majestic_filtered,,,inactive,202,False,0,,,False,False,,,,
https://7slots-giris.online,7slots-giris.online,unknown,general,,majestic_filtered,,,timeout,0,False,0,,,False,False,,,,
https://7slots-tr.online,7slots-tr.online,unknown,general,,majestic_filtered,,,timeout,0,False,0,,,False,False,,,,
https://7slotscustomdesignsandpowdercoating.com,7slotscustomdesignsandpowdercoating.com,unknown,fashion,,majestic_filtered,,,timeout,0,False,0,,,False,False,,,,
https://7sport.cz,7sport.cz,unknown,sports,,majestic_filtered,,,timeout,0,False,0,,,False,False,,,,
https://7starhandbagreviews.co,7starhandbagreviews.co,unknown,accessories,,majestic_filtered,,,connection_error,0,False,0,,,False,False,,,,
https://7starkitchencabinet.com,7starkitchencabinet.com,unknown,home,,majestic_filtered,,,password_protected,200,False,0,,,False,False,,,,
https://7starpartners.com,7starpartners.com,unknown,art,,majestic_filtered,,,active_ecommerce,404,False,0,,,True,False,,0,,
https://7thart.com,7thart.com,unknown,art,,majestic_filtered,,,active_ecommerce,404,False,0,,,True,False,,0,,
https://7tvregiondemurcia.es,7tvregiondemurcia.es,unknown,electronics,,majestic_filtered,,,timeout,0,False,0,,,False,False,,,,
https://7yuegame.com,7yuegame.com,unknown,kids,,majestic_filtered,,,timeout,0,False,0,,,False,False,,,,
https://8-9you-home.com,8-9you-home.com,unknown,home,,majestic_filtered,,,timeout,0,False,0,,,False,False,,,,
https://8-home-9y.com,8-home-9y.com,unknown,home,,majestic_filtered,,,connection_error,0,False,0,,,False,False,,,,
https://800-motorcycle.com,800-motorcycle.com,unknown,sports,,majestic_filtered,,,not_shopify,200,False,0,,,False,False,,1,,
https://800loanmart.com,800loanmart.com,unknown,art,,majestic_filtered,,,not_shopify,404,False,0,,,False,False,,0,,
https://8020automotive.com,8020automotive.com,unknown,automotive,,majestic_filtered,,,not_shopify,404,False,0,,,False,False,,0,,
https://8023shop.com,8023shop.com,unknown,general,,majestic_filtered,,,connection_error,0,False,0,,,False,False,,,,
https://80percentarms.com,80percentarms.com,unknown,general,,majestic_filtered,,,active_ecommerce,404,False,0,,,True,False,,2,,
https://80smusiclyrics.com,80smusiclyrics.com,unknown,general,,majestic_filtered,,,not_shopify,404,False,0,,,False,False,,0,,
https://82cook.com,82cook.com,unknown,general,,majestic_filtered,,,timeout,0,False,0,,,False,False,,,,
https://82games.com,82games.com,unknown,kids,,majestic_filtered,,,not_shopify,404,False,0,,,False,False,,0,,
https://82lotterygame.online,82lotterygame.online,unknown,kids,,majestic_filtered,,,connection_error,0,False,0,,,False,False,,,,
https://852vmall.com,852vmall.com,unknown,general,,majestic_filtered,,,connection_error,0,False,0,,,False,False,,,,
https://86excusesexercise.com,86excusesexercise.com,unknown,general,,majestic_filtered,,,inactive,403,False,0,,,False,False,,,,
https://86oilpaintings.com,86oilpaintings.com,unknown,art,,majestic_filtered,,,connection_error,0,False,0,,,False,False,,,,
https://8849tech.com,8849tech.com,unknown,electronics,,majestic_filtered,,,rate_limited,429,False,0,,,False,False,,,,
https://888sport.ca,888sport.ca,unknown,sports,,majestic_filtered,,,not_shopify,404,False,0,,,False,False,,1,,
https://888sport.com,888sport.com,unknown,sports,,majestic_filtered,,,not_shopify,404,False,0,,,False,False,,1,,
https://888sport.de,888sport.de,unknown,sports,,majestic_filtered,,,not_shopify,404,False,0,,,False,False,,1,,
https://888sport.dk,888sport.dk,unknown,sports,,majestic_filtered,,,not_shopify,404,False,0,,,False,False,,1,,
https://888sport.es,888sport.es,unknown,sports,,majestic_filtered,,,not_shopify,404,False,0,,,False,False,,1,,
https://888sport.it,888sport.it,unknown,sports,,majestic_filtered,,,not_shopify,404,False,0,,,False,False,,1,,
https://888sport.se,888sport.se,unknown,sports,,majestic_filtered,,,not_shopify,404,False,0,,,False,False,,1,,
https://888sportcasino.es,888sportcasino.es,unknown,sports,,majestic_filtered,,,not_shopify,404,False,0,,,False,False,,0,,
https://888sportcasino.it,888sportcasino.it,unknown,sports,,majestic_filtered,,,not_shopify,404,False,0,,,False,False,,0,,
https://888starz-egypt.online,888starz-egypt.online,unknown,general,,majestic_filtered,,,not_shopify,404,False,0,,,False,False,,0,,
https://888starz-kz.online,888starz-kz.online,unknown,general,,majestic_filtered,,,connection_error,0,False,0,,,False,False,,,,
https://888starz-russia.online,888starz-russia.online,unknown,general,,majestic_filtered,,,connection_error,0,False,0,,,False,False,,,,
https://888starz-skachat.online,888starz-skachat.online,unknown,accessories,,majestic_filtered,,,connection_error,0,False,0,,,False,False,,,,
https://888starz-uzbekistan.online,888starz-uzbekistan.online,unknown,general,,majestic_filtered,,,connection_error,0,False,0,,,False,False,,,,
https://888top.shop,888top.shop,unknown,general,,majestic_filtered,,,connection_error,0,False,0,,,False,False,,,,
https://8891car.com,8891car.com,unknown,automotive,,majestic_filtered,,,not_shopify,404,False,0,,,False,False,,0,,
https://88mastercasino.com,88mastercasino.com,unknown,general,,majestic_filtered,,,connection_error,0,False,0,,,False,False,,,,
https://88soccertv.com,88soccertv.com,unknown,electronics,,majestic_filtered,,,connection_error,0,False,0,,,False,False,,,,
https://88vape.com,88vape.com,unknown,general,,majestic_filtered,,,rate_limited,429,False,0,,,False,False,,,,
https://88xx.store,88xx.store,unknown,general,,majestic_filtered,,,not_shopify,404,False,0,,,False,False,,1,,
https://89team.jp,89team.jp,unknown,general,,majestic_filtered,,,not_shopify,200,False,0,,,False,False,,0,,
https://8allocate.com,8allocate.com,unknown,pets,,majestic_filtered,,,active_ecommerce,404,False,0,,,True,False,,0,,
https://8b-home-kaiyun.com,8b-home-kaiyun.com,unknown,home,,majestic_filtered,,,timeout,0,False,0,,,False,False,,,,
https://8bitworkshop.com,8bitworkshop.com,unknown,general,,majestic_filtered,,,active_ecommerce,404,False,0,,,True,False,,0,,
https://8directo.com,8directo.com,unknown,general,,majestic_filtered,,,not_shopify,404,False,0,,,False,False,,0,,
https://8game-vip.com,8game-vip.com,unknown,kids,,majestic_filtered,,,not_shopify,404,False,0,,,False,False,,1,,
https://8kbett.store,8kbett.store,unknown,general,,majestic_filtered,,,inactive,403,False,0,,,False,False,,,,
https://8linesupply.com,8linesupply.com,unknown,general,,majestic_filtered,,,active_ecommerce,404,False,0,,,True,False,,2,,
https://8marketcap.com,8marketcap.com,unknown,general,,majestic_filtered,,,not_shopify,404,False,0,,,False,False,,1,,
https://8merch.com,8merch.com,unknown,general,,majestic_filtered,,,active_ecommerce,200,False,0,,,True,False,,3,,
https://8shop.kr,8shop.kr,unknown,general,,majestic_filtered,,,not_shopify,404,False,0,,,False,False,,0,,
https://8star-tech.com,8star-tech.com,unknown,electronics,,majestic_filtered,,,not_shopify,404,False,0,,,False,False,,0,,
https://8thlight.com,8thlight.com,unknown,general,,majestic_filtered,,,not_shopify,404,False,0,,,False,False,,1,,
https://8wines.com,8wines.com,unknown,wine,,majestic_filtered,,,connection_error,0,False,0,,,False,False,,,,
https://8xbetsports.com,8xbetsports.com,unknown,sports,,majestic_filtered,,,not_shopify,200,False,0,,,False,False,,0,,
https://9-9you-home.com,9-9you-home.com,unknown,home,,majestic_filtered,,,not_shopify,404,False,0,,,False,False,,0,,
https://9-home-9y.com,9-home-9y.com,unknown,home,,majestic_filtered,,,connection_error,0,False,0,,,False,False,,,,
https://90percentofeverything.com,90percentofeverything.com,unknown,general,,majestic_filtered,,,not_shopify,404,False,0,,,False,False,,0,,
https://90soccer.com,90soccer.com,unknown,general,,majestic_filtered,,,inactive,403,False,0,,,False,False,,,,
https://91.online,91.online,unknown,general,,majestic_filtered,,,timeout,0,False,0,,,False,False,,,,
https://911auto.it,911auto.it,unknown,automotive,,majestic_filtered,,,timeout,0,False,0,,,False,False,,,,
https://918kissfreegame.com,918kissfreegame.com,unknown,kids,,majestic_filtered,,,empty_store,200,False,0,,,False,False,,,,
https://91fmall.com,91fmall.com,unknown,general,,majestic_filtered,,,connection_error,0,False,0,,,False,False,,,,
https://92hgem.com,92hgem.com,unknown,jewelry,,majestic_filtered,,,connection_error,0,False,0,,,False,False,,,,
https://958shop.com,958shop.com,unknown,general,,majestic_filtered,,,connection_error,0,False,0,,,False,False,,,,
https://95percentgroup.com,95percentgroup.com,unknown,general,,majestic_filtered,,,not_shopify,404,False,0,,,False,False,,1,,
https://963garden.com,963garden.com,unknown,garden,,majestic_filtered,,,not_shopify,404,False,0,,,False,False,,0,,
https://96acegame.com,96acegame.com,unknown,kids,,majestic_filtered,,,active_ecommerce,404,False,0,,,True,False,,0,,
https://96acegamesg.com,96acegamesg.com,unknown,kids,,majestic_filtered,,,active_ecommerce,404,False,0,,,True,False,,0,,
https://973kkrc.com,973kkrc.com,unknown,general,,majestic_filtered,,,not_shopify,404,False,0,,,False,False,,0,,
https://977music.com,977music.com,unknown,general,,majestic_filtered,,,not_shopify,404,False,0,,,False,False,,0,,
https://98-home-kaiyun.com,98-home-kaiyun.com,unknown,home,,majestic_filtered,,,timeout,0,False,0,,,False,False,,,,
https://98-shop.com,98-shop.com,unknown,general,,majestic_filtered,,,not_shopify,404,False,0,,,False,False,,1,,
https://981493.shop,981493.shop,unknown,general,,majestic_filtered,,,inactive,403,False,0,,,False,False,,,,
https://985thesportshub.com,985thesportshub.com,unknown,sports,,majestic_filtered,,,not_shopify,404,False,0,,,False,False,,0,,
https://98thpercentile.com,98thpercentile.com,unknown,general,,majestic_filtered,,,inactive,406,False,0,,,False,False,,,,
https://98win3h.store,98win3h.store,unknown,general,,majestic_filtered,,,server_error,530,False,0,,,False,False,,,,
https://98wingame.com,98wingame.com,unknown,kids,,majestic_filtered,,,not_shopify,200,False,0,,,False,False,,0,,
https://99-home-kaiyun.com,99-home-kaiyun.com,unknown,home,,majestic_filtered,,,timeout,0,False,0,,,False,False,,,,
https://999egame.com,999egame.com,unknown,kids,,majestic_filtered,,,not_shopify,404,False,0,,,False,False,,1,,
https://999games.nl,999games.nl,unknown,kids,,majestic_filtered,,,not_shopify,200,False,0,,,False,False,,0,,
https://999slotts.online,999slotts.online,unknown,general,,majestic_filtered,,,timeout,0,False,0,,,False,False,,,,
https://99bookmarking.com,99bookmarking.com,unknown,books,,majestic_filtered,,,not_shopify,404,False,0,,,False,False,,0,,
https://99cupsoftea.com,99cupsoftea.com,unknown,general,,majestic_filtered,,,connection_error,0,False,0,,,False,False,,,,
https://99designs.ca,99designs.ca,unknown,general,,majestic_filtered,,,not_shopify,404,False,0,,,False,False,,0,,
https://99designs.com,99designs.com,unknown,general,,majestic_filtered,,,timeout,0,False,0,,,False,False,,,,
https://99designs.de,99designs.de,unknown,general,,majestic_filtered,,,not_shopify,404,False,0,,,False,False,,0,,
https://99designs.es,99designs.es,unknown,general,,majestic_filtered,,,not_shopify,404,False,0,,,False,False,,0,,
https://99designs.fr,99designs.fr,unknown,general,,majestic_filtered,,,not_shopify,404,False,0,,,False,False,,0,,
https://99designs.nl,99designs.nl,unknown,general,,majestic_filtered,,,not_shopify,404,False,0,,,False,False,,0,,
https://99ecomdesigns.com,99ecomdesigns.com,unknown,general,,majestic_filtered,,,active_ecommerce,404,False,0,,,True,False,,0,,
https://99games.in,99games.in,unknown,kids,,majestic_filtered,,,not_shopify,404,False,0,,,False,False,,0,,
https://99pet.com,99pet.com,unknown,pets,,majestic_filtered,,,timeout,0,False,0,,,False,False,,,,
https://99signals.com,99signals.com,unknown,general,,majestic_filtered,,,timeout,0,False,0,,,False,False,,,,
https://99sitedirectory.com,99sitedirectory.com,unknown,general,,majestic_filtered,,,inactive,403,False,0,,,False,False,,,,
https://99techpost.com,99techpost.com,unknown,electronics,,majestic_filtered,,,not_shopify,404,False,0,,,False,False,,0,,
https://99webdirectory.com,99webdirectory.com,unknown,general,,majestic_filtered,,,password_protected,200,False,0,,,False,False,,,,
https://99win.store,99win.store,unknown,general,,majestic_filtered,,,inactive,403,False,0,,,False,False,,,,
https://9carthai.com,9carthai.com,unknown,automotive,,majestic_filtered,,,not_shopify,404,False,0,,,False,False,,0,,
https://9dblj.store,9dblj.store,unknown,general,,majestic_filtered,,,timeout,0,False,0,,,False,False,,,,
https://9design.pl,9design.pl,unknown,general,,majestic_filtered,,,not_shopify,404,False,0,,,False,False,,0,,
https://9e-store.fr,9e-store.fr,unknown,general,,majestic_filtered,,,not_shopify,404,False,0,,,False,False,,0,,
https://9emeart.fr,9emeart.fr,unknown,art,,majestic_filtered,,,not_shopify,200,False,0,,,False,False,stripe,1,,
https://9game-app-official.com,9game-app-official.com,unknown,kids,,majestic_filtered,,,timeout,0,False,0,,,False,False,,,,
https://9game-apps-official.com,9game-apps-official.com,unknown,kids,,majestic_filtered,,,timeout,0,False,0,,,False,False,,,,
https://9game-center.com,9game-center.com,unknown,kids,,majestic_filtered,,,connection_error,0,False,0,,,False,False,,,,
https://9game-cn-official.com,9game-cn-official.com,unknown,kids,,majestic_filtered,,,timeout,0,False,0,,,False,False,,,,
https://9game-cn-online.com,9game-cn-online.com,unknown,kids,,majestic_filtered,,,connection_error,0,False,0,,,False,False,,,,
https://9game-company.com,9game-company.com,unknown,kids,,majestic_filtered,,,connection_error,0,False,0,,,False,False,,,,
https://9game-download.com,9game-download.com,unknown,kids,,majestic_filtered,,,connection_error,0,False,0,,,False,False,,,,
https://9game-enter.com,9game-enter.com,unknown,kids,,majestic_filtered,,,connection_error,0,False,0,,,False,False,,,,
https://9game-fast.com,9game-fast.com,unknown,kids,,majestic_filtered,,,connection_error,0,False,0,,,False,False,,,,
https://9game-front-official.com,9game-front-official.com,unknown,kids,,majestic_filtered,,,connection_error,0,False,0,,,False,False,,,,
https://9game-front.com,9game-front.com,unknown,kids,,majestic_filtered,,,connection_error,0,False,0,,,False,False,,,,
https://9game-global.com,9game-global.com,unknown,kids,,majestic_filtered,,,connection_error,0,False,0,,,False,False,,,,
https://9game-h5.com,9game-h5.com,unknown,kids,,majestic_filtered,,,connection_error,0,False,0,,,False,False,,,,
https://9game-home-official.com,9game-home-official.com,unknown,home,,majestic_filtered,,,timeout,0,False,0,,,False,False,,,,
https://9game-home.com,9game-home.com,unknown,home,,majestic_filtered,,,connection_error,0,False,0,,,False,False,,,,
https://9game-international.com,9game-international.com,unknown,kids,,majestic_filtered,,,connection_error,0,False,0,,,False,False,,,,
https://9game-jy.com,9game-jy.com,unknown,kids,,majestic_filtered,,,timeout,0,False,0,,,False,False,,,,
https://9game-live.com,9game-live.com,unknown,kids,,majestic_filtered,,,connection_error,0,False,0,,,False,False,,,,
https://9game-login-official.com,9game-login-official.com,unknown,kids,,majestic_filtered,,,connection_error,0,False,0,,,False,False,,,,
https://9game-login-online.com,9game-login-online.com,unknown,kids,,majestic_filtered,,,connection_error,0,False,0,,,False,False,,,,
https://9game-main-official.com,9game-main-official.com,unknown,kids,,majestic_filtered,,,connection_error,0,False,0,,,False,False,,,,
https://9game-main.com,9game-main.com,unknown,kids,,majestic_filtered,,,timeout,0,False,0,,,False,False,,,,
https://9game-mainpage.com,9game-mainpage.com,unknown,kids,,majestic_filtered,,,connection_error,0,False,0,,,False,False,,,,
https://9game-mobile.com,9game-mobile.com,unknown,kids,,majestic_filtered,,,connection_error,0,False,0,,,False,False,,,,
https://9game-network.com,9game-network.com,unknown,kids,,majestic_filtered,,,connection_error,0,False,0,,,False,False,,,,
https://9game-new.com,9game-new.com,unknown,kids,,majestic_filtered,,,timeout,0,False,0,,,False,False,,,,
https://9game-online-official.com,9game-online-official.com,unknown,kids,,majestic_filtered,,,timeout,0,False,0,,,False,False,,,,
https://9game-page.com,9game-page.com,unknown,kids,,majestic_filtered,,,timeout,0,False,0,,,False,False,,,,
https://9game-pc.com,9game-pc.com,unknown,kids,,majestic_filtered,,,timeout,0,False,0,,,False,False,,,,
https://9game-sports-official.com,9game-sports-official.com,unknown,sports,,majestic_filtered,,,timeout,0,False,0,,,False,False,,,,
https://9game-sports.com,9game-sports.com,unknown,sports,,majestic_filtered,,,connection_error,0,False,0,,,False,False,,,,
https://9game-url.com,9game-url.com,unknown,kids,,majestic_filtered,,,timeout,0,False,0,,,False,False,,,,
https://9game-website.com,9game-website.com,unknown,kids,,majestic_filtered,,,connection_error,0,False,0,,,False,False,,,,
https://9game-welcome.com,9game-welcome.com,unknown,kids,,majestic_filtered,,,connection_error,0,False,0,,,False,False,,,,
https://9game-world.com,9game-world.com,unknown,kids,,majestic_filtered,,,not_shopify,404,False,0,,,False,False,,0,,
https://9game-zh-main.com,9game-zh-main.com,unknown,kids,,majestic_filtered,,,connection_error,0,False,0,,,False,False,,,,
https://9game-zh-official.com,9game-zh-official.com,unknown,kids,,majestic_filtered,,,timeout,0,False,0,,,False,False,,,,
https://9game-zhcn-official.com,9game-zhcn-official.com,unknown,kids,,majestic_filtered,,,timeout,0,False,0,,,False,False,,,,
https://9game-zhcn-online.com,9game-zhcn-online.com,unknown,kids,,majestic_filtered,,,timeout,0,False,0,,,False,False,,,,
https://9games-center.com,9games-center.com,unknown,kids,,majestic_filtered,,,connection_error,0,False,0,,,False,False,,,,
https://9games-company.com,9games-company.com,unknown,kids,,majestic_filtered,,,timeout,0,False,0,,,False,False,,,,
https://9games-download.com,9games-download.com,unknown,kids,,majestic_filtered,,,timeout,0,False,0,,,False,False,,,,
https://9games-enter.com,9games-enter.com,unknown,kids,,majestic_filtered,,,timeout,0,False,0,,,False,False,,,,
https://9games-fast.com,9games-fast.com,unknown,kids,,majestic_filtered,,,timeout,0,False,0,,,False,False,,,,
https://9games-front.com,9games-front.com,unknown,kids,,majestic_filtered,,,connection_error,0,False,0,,,False,False,,,,
https://9games-global.com,9games-global.com,unknown,kids,,majestic_filtered,,,connection_error,0,False,0,,,False,False,,,,
https://9games-h5.com,9games-h5.com,unknown,kids,,majestic_filtered,,,connection_error,0,False,0,,,False,False,,,,
https://9games-home.com,9games-home.com,unknown,home,,majestic_filtered,,,connection_error,0,False,0,,,False,False,,,,
https://9games-live.com,9games-live.com,unknown,kids,,majestic_filtered,,,timeout,0,False,0,,,False,False,,,,
https://9games-main.com,9games-main.com,unknown,kids,,majestic_filtered,,,timeout,0,False,0,,,False,False,,,,
https://9games-mobile.com,9games-mobile.com,unknown,kids,,majestic_filtered,,,connection_error,0,False,0,,,False,False,,,,
https://9games-new.com,9games-new.com,unknown,kids,,majestic_filtered,,,connection_error,0,False,0,,,False,False,,,,
https://9games-news.com,9games-news.com,unknown,kids,,majestic_filtered,,,timeout,0,False,0,,,False,False,,,,
https://9games-official.com,9games-official.com,unknown,kids,,majestic_filtered,,,timeout,0,False,0,,,False,False,,,,
https://9games-pc.com,9games-pc.com,unknown,kids,,majestic_filtered,,,timeout,0,False,0,,,False,False,,,,
https://9games-root.com,9games-root.com,unknown,kids,,majestic_filtered,,,timeout,0,False,0,,,False,False,,,,
https://9games-sports.com,9games-sports.com,unknown,sports,,majestic_filtered,,,connection_error,0,False,0,,,False,False,,,,
https://9games-welcome.com,9games-welcome.com,unknown,kids,,majestic_filtered,,,connection_error,0,False,0,,,False,False,,,,
https://9games-world.com,9games-world.com,unknown,kids,,majestic_filtered,,,connection_error,0,False,0,,,False,False,,,,
https://9i-kaiyunsports.com,9i-kaiyunsports.com,unknown,sports,,majestic_filtered,,,timeout,0,False,0,,,False,False,,,,
https://9jafoodie.com,9jafoodie.com,unknown,food,,majestic_filtered,,,active_ecommerce,404,False,0,,,True,False,,2,,
https://9mihome.com,9mihome.com,unknown,home,,majestic_filtered,,,not_shopify,200,False,0,,,False,False,,0,,
https://9p-kaiyunsports.com,9p-kaiyunsports.com,unknown,sports,,majestic_filtered,,,timeout,0,False,0,,,False,False,,,,
https://9southvapes.com,9southvapes.com,unknown,general,,majestic_filtered,,,inactive,403,False,0,,,False,False,,,,
https://9to5mac.com,9to5mac.com,unknown,electronics,,niche_list,,,not_shopify,404,False,0,,,False,False,,0,,
https://9to5toys.com,9to5toys.com,unknown,kids,,majestic_filtered,,,not_shopify,404,False,0,,,False,False,,0,,
https://9y-home-0.com,9y-home-0.com,unknown,home,,majestic_filtered,,,connection_error,0,False,0,,,False,False,,,,
https://9y-home-02.com,9y-home-02.com,unknown,home,,majestic_filtered,,,connection_error,0,False,0,,,False,False,,,,
https://9y-home-0g.com,9y-home-0g.com,unknown,home,,majestic_filtered,,,connection_error,0,False,0,,,False,False,,,,
https://9y-home-1.com,9y-home-1.com,unknown,home,,majestic_filtered,,,connection_error,0,False,0,,,False,False,,,,
https://9y-home-1a.com,9y-home-1a.com,unknown,home,,majestic_filtered,,,connection_error,0,False,0,,,False,False,,,,
https://9y-home-1v.com,9y-home-1v.com,unknown,home,,majestic_filtered,,,connection_error,0,False,0,,,False,False,,,,
https://9y-home-2.com,9y-home-2.com,unknown,home,,majestic_filtered,,,timeout,0,False,0,,,False,False,,,,
https://9y-home-2c.com,9y-home-2c.com,unknown,home,,majestic_filtered,,,timeout,0,False,0,,,False,False,,,,
https://9y-home-2n.com,9y-home-2n.com,unknown,home,,majestic_filtered,,,timeout,0,False,0,,,False,False,,,,
https://9y-home-2t.com,9y-home-2t.com,unknown,home,,majestic_filtered,,,timeout,0,False,0,,,False,False,,,,
https://9y-home-3.com,9y-home-3.com,unknown,home,,majestic_filtered,,,timeout,0,False,0,,,False,False,,,,
https://9y-home-3g.com,9y-home-3g.com,unknown,home,,majestic_filtered,,,timeout,0,False,0,,,False,False,,,,
https://9y-home-3k.com,9y-home-3k.com,unknown,home,,majestic_filtered,,,timeout,0,False,0,,,False,False,,,,
https://9y-home-3r.com,9y-home-3r.com,unknown,home,,majestic_filtered,,,timeout,0,False,0,,,False,False,,,,
https://9y-home-3y.com,9y-home-3y.com,unknown,home,,majestic_filtered,,,timeout,0,False,0,,,False,False,,,,
https://9y-home-4.com,9y-home-4.com,unknown,home,,majestic_filtered,,,timeout,0,False,0,,,False,False,,,,
https://9y-home-41.com,9y-home-41.com,unknown,home,,majestic_filtered,,,timeout,0,False,0,,,False,False,,,,
https://9y-home-45.com,9y-home-45.com,unknown,home,,majestic_filtered,,,timeout,0,False,0,,,False,False,,,,
https://9y-home-46.com,9y-home-46.com,unknown,home,,majestic_filtered,,,timeout,0,False,0,,,False,False,,,,
https://9y-home-4k.com,9y-home-4k.com,unknown,home,,majestic_filtered,,,timeout,0,False,0,,,False,False,,,,
https://9y-home-5.com,9y-home-5.com,unknown,home,,majestic_filtered,,,timeout,0,False,0,,,False,False,,,,
https://9y-home-5k.com,9y-home-5k.com,unknown,home,,majestic_filtered,,,timeout,0,False,0,,,False,False,,,,
https://9y-home-5t.com,9y-home-5t.com,unknown,home,,majestic_filtered,,,timeout,0,False,0,,,False,False,,,,
https://9y-home-6.com,9y-home-6.com,unknown,home,,majestic_filtered,,,timeout,0,False,0,,,False,False,,,,
https://9y-home-65.com,9y-home-65.com,unknown,home,,majestic_filtered,,,timeout,0,False,0,,,False,False,,,,
https://9y-home-67.com,9y-home-67.com,unknown,home,,majestic_filtered,,,timeout,0,False,0,,,False,False,,,,
https://9y-home-68.com,9y-home-68.com,unknown,home,,majestic_filtered,,,timeout,0,False,0,,,False,False,,,,
https://9y-home-6l.com,9y-home-6l.com,unknown,home,,majestic_filtered,,,timeout,0,False,0,,,False,False,,,,
https://9y-home-6s.com,9y-home-6s.com,unknown,home,,majestic_filtered,,,timeout,0,False,0,,,False,False,,,,
https://9y-home-6y.com,9y-home-6y.com,unknown,home,,majestic_filtered,,,timeout,0,False,0,,,False,False,,,,
https://9y-home-7.com,9y-home-7.com,unknown,home,,majestic_filtered,,,timeout,0,False,0,,,False,False,,,,
https://9y-home-71.com,9y-home-71.com,unknown,home,,majestic_filtered,,,timeout,0,False,0,,,False,False,,,,
https://9y-home-76.com,9y-home-76.com,unknown,home,,majestic_filtered,,,timeout,0,False,0,,,False,False,,,,
https://9y-home-7d.com,9y-home-7d.com,unknown,home,,majestic_filtered,,,timeout,0,False,0,,,False,False,,,,
https://9y-home-7s.com,9y-home-7s.com,unknown,home,,majestic_filtered,,,timeout,0,False,0,,,False,False,,,,
https://9y-home-7w.com,9y-home-7w.com,unknown,home,,majestic_filtered,,,timeout,0,False,0,,,False,False,,,,
https://9y-home-8.com,9y-home-8.com,unknown,home,,majestic_filtered,,,timeout,0,False,0,,,False,False,,,,
https://9y-home-8n.com,9y-home-8n.com,unknown,home,,majestic_filtered,,,timeout,0,False,0,,,False,False,,,,
https://9y-home-9.com,9y-home-9.com,unknown,home,,majestic_filtered,,,timeout,0,False,0,,,False,False,,,,
https://9y-home-93.com,9y-home-93.com,unknown,home,,majestic_filtered,,,timeout,0,False,0,,,False,False,,,,
https://9y-home-9c.com,9y-home-9c.com,unknown,home,,majestic_filtered,,,timeout,0,False,0,,,False,False,,,,
https://9y-home-9m.com,9y-home-9m.com,unknown,home,,majestic_filtered,,,timeout,0,False,0,,,False,False,,,,
https://9y-home-9r.com,9y-home-9r.com,unknown,home,,majestic_filtered,,,timeout,0,False,0,,,False,False,,,,
https://9y-home-9w.com,9y-home-9w.com,unknown,home,,majestic_filtered,,,timeout,0,False,0,,,False,False,,,,
https://9y-home-9y.com,9y-home-9y.com,unknown,home,,majestic_filtered,,,timeout,0,False,0,,,False,False,,,,
https://9y-home-a.com,9y-home-a.com,unknown,home,,majestic_filtered,,,timeout,0,False,0,,,False,False,,,,
https://9y-home-aa.com,9y-home-aa.com,unknown,home,,majestic_filtered,,,timeout,0,False,0,,,False,False,,,,
https://9y-home-b.com,9y-home-b.com,unknown,home,,majestic_filtered,,,timeout,0,False,0,,,False,False,,,,
https://9y-home-bc.com,9y-home-bc.com,unknown,home,,majestic_filtered,,,timeout,0,False,0,,,False,False,,,,
https://9y-home-bv.com,9y-home-bv.com,unknown,home,,majestic_filtered,,,timeout,0,False,0,,,False,False,,,,
https://9y-home-c.com,9y-home-c.com,unknown,home,,majestic_filtered,,,timeout,0,False,0,,,False,False,,,,
https://9y-home-cm.com,9y-home-cm.com,unknown,home,,majestic_filtered,,,timeout,0,False,0,,,False,False,,,,
https://9y-home-co.com,9y-home-co.com,unknown,home,,majestic_filtered,,,timeout,0,False,0,,,False,False,,,,
https://9y-home-ct.com,9y-home-ct.com,unknown,home,,majestic_filtered,,,timeout,0,False,0,,,False,False,,,,
https://9y-home-d.com,9y-home-d.com,unknown,home,,majestic_filtered,,,timeout,0,False,0,,,False,False,,,,
https://9y-home-di.com,9y-home-di.com,unknown,home,,majestic_filtered,,,timeout,0,False,0,,,False,False,,,,
https://9y-home-e.com,9y-home-e.com,unknown,home,,majestic_filtered,,,timeout,0,False,0,,,False,False,,,,
https://9y-home-e0.com,9y-home-e0.com,unknown,home,,majestic_filtered,,,timeout,0,False,0,,,False,False,,,,
https://9y-home-e3.com,9y-home-e3.com,unknown,home,,majestic_filtered,,,timeout,0,False,0,,,False,False,,,,
https://9y-home-ee.com,9y-home-ee.com,unknown,home,,majestic_filtered,,,timeout,0,False,0,,,False,False,,,,
https://9y-home-eg.com,9y-home-eg.com,unknown,home,,majestic_filtered,,,timeout,0,False,0,,,False,False,,,,
https://9y-home-f.com,9y-home-f.com,unknown,home,,majestic_filtered,,,timeout,0,False,0,,,False,False,,,,
https://9y-home-f0.com,9y-home-f0.com,unknown,home,,majestic_filtered,,,timeout,0,False,0,,,False,False,,,,
https://9y-home-fg.com,9y-home-fg.com,unknown,home,,majestic_filtered,,,timeout,0,False,0,,,False,False,,,,
https://9y-home-g.com,9y-home-g.com,unknown,home,,majestic_filtered,,,timeout,0,False,0,,,False,False,,,,
https://9y-home-gd.com,9y-home-gd.com,unknown,home,,majestic_filtered,,,timeout,0,False,0,,,False,False,,,,
https://9y-home-gs.com,9y-home-gs.com,unknown,home,,majestic_filtered,,,timeout,0,False,0,,,False,False,,,,
https://9y-home-gv.com,9y-home-gv.com,unknown,home,,majestic_filtered,,,timeout,0,False,0,,,False,False,,,,
https://9y-home-h.com,9y-home-h.com,unknown,home,,majestic_filtered,,,timeout,0,False,0,,,False,False,,,,
https://9y-home-hg.com,9y-home-hg.com,unknown,home,,majestic_filtered,,,timeout,0,False,0,,,False,False,,,,
https://9y-home-i.com,9y-home-i.com,unknown,home,,majestic_filtered,,,timeout,0,False,0,,,False,False,,,,
https://9y-home-i0.com,9y-home-i0.com,unknown,home,,majestic_filtered,,,timeout,0,False,0,,,False,False,,,,
https://9y-home-i9.com,9y-home-i9.com,unknown,home,,majestic_filtered,,,timeout,0,False,0,,,False,False,,,,
https://9y-home-im.com,9y-home-im.com,unknown,home,,majestic_filtered,,,timeout,0,False,0,,,False,False,,,,
https://9y-home-it.com,9y-home-it.com,unknown,home,,majestic_filtered,,,timeout,0,False,0,,,False,False,,,,
https://9y-home-j.com,9y-home-j.com,unknown,home,,majestic_filtered,,,timeout,0,False,0,,,False,False,,,,
https://9y-home-jb.com,9y-home-jb.com,unknown,home,,majestic_filtered,,,timeout,0,False,0,,,False,False,,,,
https://9y-home-jy.com,9y-home-jy.com,unknown,home,,majestic_filtered,,,timeout,0,False,0,,,False,False,,,,
https://9y-home-k.com,9y-home-k.com,unknown,home,,majestic_filtered,,,timeout,0,False,0,,,False,False,,,,
https://9y-home-kaiyun.com,9y-home-kaiyun.com,unknown,home,,majestic_filtered,,,timeout,0,False,0,,,False,False,,,,
https://9y-home-kq.com,9y-home-kq.com,unknown,home,,majestic_filtered,,,timeout,0,False,0,,,False,False,,,,
https://9y-home-l.com,9y-home-l.com,unknown,home,,majestic_filtered,,,timeout,0,False,0,,,False,False,,,,
https://9y-home-l3.com,9y-home-l3.com,unknown,home,,majestic_filtered,,,timeout,0,False,0,,,False,False,,,,
https://9y-home-lm.com,9y-home-lm.com,unknown,home,,majestic_filtered,,,timeout,0,False,0,,,False,False,,,,
https://9y-home-m.com,9y-home-m.com,unknown,home,,majestic_filtered,,,timeout,0,False,0,,,False,False,,,,
https://9y-home-m1.com,9y-home-m1.com,unknown,home,,majestic_filtered,,,timeout,0,False,0,,,False,False,,,,
https://9y-home-mg.com,9y-home-mg.com,unknown,home,,majestic_filtered,,,timeout,0,False,0,,,False,False,,,,
https://9y-home-ms.com,9y-home-ms.com,unknown,home,,majestic_filtered,,,timeout,0,False,0,,,False,False,,,,
https://9y-home-mu.com,9y-home-mu.com,unknown,home,,majestic_filtered,,,timeout,0,False,0,,,False,False,,,,
https://9y-home-my.com,9y-home-my.com,unknown,home,,majestic_filtered,,,timeout,0,False,0,,,False,False,,,,
https://9y-home-n.com,9y-home-n.com,unknown,home,,majestic_filtered,,,timeout,0,False,0,,,False,False,,,,
https://9y-home-nl.com,9y-home-nl.com,unknown,home,,majestic_filtered,,,timeout,0,False,0,,,False,False,,,,
https://9y-home-o.com,9y-home-o.com,unknown,home,,majestic_filtered,,,timeout,0,False,0,,,False,False,,,,
https://9y-home-o8.com,9y-home-o8.com,unknown,home,,majestic_filtered,,,timeout,0,False,0,,,False,False,,,,
https://9y-home-od.com,9y-home-od.com,unknown,home,,majestic_filtered,,,timeout,0,False,0,,,False,False,,,,
https://9y-home-ok.com,9y-home-ok.com,unknown,home,,majestic_filtered,,,timeout,0,False,0,,,False,False,,,,
https://9y-home-p.com,9y-home-p.com,unknown,home,,majestic_filtered,,,timeout,0,False,0,,,False,False,,,,
https://9y-home-pc.com,9y-home-pc.com,unknown,home,,majestic_filtered,,,timeout,0,False,0,,,False,False,,,,
https://9y-home-pj.com,9y-home-pj.com,unknown,home,,majestic_filtered,,,timeout,0,False,0,,,False,False,,,,
https://9y-home-pz.com,9y-home-pz.com,unknown,home,,majestic_filtered,,,timeout,0,False,0,,,False,False,,,,
https://9y-home-q.com,9y-home-q.com,unknown,home,,majestic_filtered,,,timeout,0,False,0,,,False,False,,,,
https://9y-home-qy.com,9y-home-qy.com,unknown,home,,majestic_filtered,,,timeout,0,False,0,,,False,False,,,,
https://9y-home-r.com,9y-home-r.com,unknown,home,,majestic_filtered,,,timeout,0,False,0,,,False,False,,,,
https://9y-home-s.com,9y-home-s.com,unknown,home,,majestic_filtered,,,timeout,0,False,0,,,False,False,,,,
https://9y-home-su.com,9y-home-su.com,unknown,home,,majestic_filtered,,,timeout,0,False,0,,,False,False,,,,
https://9y-home-t.com,9y-home-t.com,unknown,home,,majestic_filtered,,,timeout,0,False,0,,,False,False,,,,
https://9y-home-u.com,9y-home-u.com,unknown,home,,majestic_filtered,,,timeout,0,False,0,,,False,False,,,,
https://9y-home-uk.com,9y-home-uk.com,unknown,home,,majestic_filtered,,,timeout,0,False,0,,,False,False,,,,
https://9y-home-uo.com,9y-home-uo.com,unknown,home,,majestic_filtered,,,timeout,0,False,0,,,False,False,,,,
https://9y-home-up.com,9y-home-up.com,unknown,home,,majestic_filtered,,,timeout,0,False,0,,,False,False,,,,
https://9y-home-us.com,9y-home-us.com,unknown,home,,majestic_filtered,,,timeout,0,False,0,,,False,False,,,,
https://9y-home-ux.com,9y-home-ux.com,unknown,home,,majestic_filtered,,,timeout,0,False,0,,,False,False,,,,
https://9y-home-v.com,9y-home-v.com,unknown,home,,majestic_filtered,,,timeout,0,False,0,,,False,False,,,,
https://9y-home-va.com,9y-home-va.com,unknown,home,,majestic_filtered,,,timeout,0,False,0,,,False,False,,,,
https://9y-home-vc.com,9y-home-vc.com,unknown,home,,majestic_filtered,,,timeout,0,False,0,,,False,False,,,,
https://9y-home-vl.com,9y-home-vl.com,unknown,home,,majestic_filtered,,,timeout,0,False,0,,,False,False,,,,
https://9y-home-vp.com,9y-home-vp.com,unknown,home,,majestic_filtered,,,timeout,0,False,0,,,False,False,,,,
https://9y-home-vq.com,9y-home-vq.com,unknown,home,,majestic_filtered,,,timeout,0,False,0,,,False,False,,,,
https://9y-home-vt.com,9y-home-vt.com,unknown,home,,majestic_filtered,,,timeout,0,False,0,,,False,False,,,,
https://9y-home-vz.com,9y-home-vz.com,unknown,home,,majestic_filtered,,,timeout,0,False,0,,,False,False,,,,
https://9y-home-w.com,9y-home-w.com,unknown,home,,majestic_filtered,,,timeout,0,False,0,,,False,False,,,,
https://9y-home-w0.com,9y-home-w0.com,unknown,home,,majestic_filtered,,,timeout,0,False,0,,,False,False,,,,
https://9y-home-w6.com,9y-home-w6.com,unknown,home,,majestic_filtered,,,timeout,0,False,0,,,False,False,,,,
https://9y-home-w9.com,9y-home-w9.com,unknown,home,,majestic_filtered,,,timeout,0,False,0,,,False,False,,,,
https://9y-home-wq.com,9y-home-wq.com,unknown,home,,majestic_filtered,,,timeout,0,False,0,,,False,False,,,,
https://9y-home-x.com,9y-home-x.com,unknown,home,,majestic_filtered,,,timeout,0,False,0,,,False,False,,,,
https://9y-home-x5.com,9y-home-x5.com,unknown,home,,majestic_filtered,,,timeout,0,False,0,,,False,False,,,,
https://9y-home-xa.com,9y-home-xa.com,unknown,home,,majestic_filtered,,,timeout,0,False,0,,,False,False,,,,
https://9y-home-xz.com,9y-home-xz.com,unknown,home,,majestic_filtered,,,timeout,0,False,0,,,False,False,,,,
https://9y-home-y.com,9y-home-y.com,unknown,home,,majestic_filtered,,,timeout,0,False,0,,,False,False,,,,
https://9y-home-yg.com,9y-home-yg.com,unknown,home,,majestic_filtered,,,timeout,0,False,0,,,False,False,,,,
https://9y-home-yx.com,9y-home-yx.com,unknown,home,,majestic_filtered,,,timeout,0,False,0,,,False,False,,,,
https://9y-home-yz.com,9y-home-yz.com,unknown,home,,majestic_filtered,,,timeout,0,False,0,,,False,False,,,,
https://9y-home-z.com,9y-home-z.com,unknown,home,,majestic_filtered,,,timeout,0,False,0,,,False,False,,,,
https://9y-home-z4.com,9y-home-z4.com,unknown,home,,majestic_filtered,,,timeout,0,False,0,,,False,False,,,,
https://9y-home-zc.com,9y-home-zc.com,unknown,home,,majestic_filtered,,,timeout,0,False,0,,,False,False,,,,
https://9y-home-zh.com,9y-home-zh.com,unknown,home,,majestic_filtered,,,timeout,0,False,0,,,False,False,,,,
https://9you-home-0.com,9you-home-0.com,unknown,home,,majestic_filtered,,,timeout,0,False,0,,,False,False,,,,
https://9you-home-1.com,9you-home-1.com,unknown,home,,majestic_filtered,,,timeout,0,False,0,,,False,False,,,,
https://9you-home-2.com,9you-home-2.com,unknown,home,,majestic_filtered,,,timeout,0,False,0,,,False,False,,,,
https://9you-home-3.com,9you-home-3.com,unknown,home,,majestic_filtered,,,timeout,0,False,0,,,False,False,,,,
https://9you-home-4.com,9you-home-4.com,unknown,home,,majestic_filtered,,,timeout,0,False,0,,,False,False,,,,
https://9you-home-5.com,9you-home-5.com,unknown,home,,majestic_filtered,,,timeout,0,False,0,,,False,False,,,,
https://9you-home-6.com,9you-home-6.com,unknown,home,,majestic_filtered,,,timeout,0,False,0,,,False,False,,,,
https://9you-home-7.com,9you-home-7.com,unknown,home,,majestic_filtered,,,timeout,0,False,0,,,False,False,,,,
https://9you-home-8.com,9you-home-8.com,unknown,home,,majestic_filtered,,,timeout,0,False,0,,,False,False,,,,
https://9you-home-9.com,9you-home-9.com,unknown,home,,majestic_filtered,,,timeout,0,False,0,,,False,False,,,,
https://9you-home-a.com,9you-home-a.com,unknown,home,,majestic_filtered,,,timeout,0,False,0,,,False,False,,,,
https://9you-home-b.com,9you-home-b.com,unknown,home,,majestic_filtered,,,timeout,0,False,0,,,False,False,,,,
https://9you-home-c.com,9you-home-c.com,unknown,home,,majestic_filtered,,,timeout,0,False,0,,,False,False,,,,
https://9you-home-d.com,9you-home-d.com,unknown,home,,majestic_filtered,,,timeout,0,False,0,,,False,False,,,,
https://9you-home-e.com,9you-home-e.com,unknown,home,,majestic_filtered,,,timeout,0,False,0,,,False,False,,,,
https://9you-home-f.com,9you-home-f.com,unknown,home,,majestic_filtered,,,timeout,0,False,0,,,False,False,,,,
https://9you-home-g.com,9you-home-g.com,unknown,home,,majestic_filtered,,,timeout,0,False,0,,,False,False,,,,
https://9you-home-h.com,9you-home-h.com,unknown,home,,majestic_filtered,,,timeout,0,False,0,,,False,False,,,,
https://9you-home-i.com,9you-home-i.com,unknown,home,,majestic_filtered,,,timeout,0,False,0,,,False,False,,,,
https://9you-home-j.com,9you-home-j.com,unknown,home,,majestic_filtered,,,timeout,0,False,0,,,False,False,,,,
https://9you-home-k.com,9you-home-k.com,unknown,home,,majestic_filtered,,,timeout,0,False,0,,,False,False,,,,
https://9you-home-l.com,9you-home-l.com,unknown,home,,majestic_filtered,,,timeout,0,False,0,,,False,False,,,,
https://9you-home-m.com,9you-home-m.com,unknown,home,,majestic_filtered,,,timeout,0,False,0,,,False,False,,,,
https://9you-home-n.com,9you-home-n.com,unknown,home,,majestic_filtered,,,timeout,0,False,0,,,False,False,,,,
https://9you-home-o.com,9you-home-o.com,unknown,home,,majestic_filtered,,,connection_error,0,False,0,,,False,False,,,,
https://9you-home-p.com,9you-home-p.com,unknown,home,,majestic_filtered,,,connection_error,0,False,0,,,False,False,,,,
https://9you-home-q.com,9you-home-q.com,unknown,home,,majestic_filtered,,,timeout,0,False,0,,,False,False,,,,
https://9you-home-r.com,9you-home-r.com,unknown,home,,majestic_filtered,,,timeout,0,False,0,,,False,False,,,,
https://9you-home-s.com,9you-home-s.com,unknown,home,,majestic_filtered,,,timeout,0,False,0,,,False,False,,,,
https://9you-home-t.com,9you-home-t.com,unknown,home,,majestic_filtered,,,timeout,0,False,0,,,False,False,,,,
https://9you-home-u.com,9you-home-u.com,unknown,home,,majestic_filtered,,,timeout,0,False,0,,,False,False,,,,
https://9you-home-v.com,9you-home-v.com,unknown,home,,majestic_filtered,,,timeout,0,False,0,,,False,False,,,,
https://9you-home-w.com,9you-home-w.com,unknown,home,,majestic_filtered,,,timeout,0,False,0,,,False,False,,,,
https://9you-home-x.com,9you-home-x.com,unknown,home,,majestic_filtered,,,timeout,0,False,0,,,False,False,,,,
https://9you-home-y.com,9you-home-y.com,unknown,home,,majestic_filtered,,,timeout,0,False,0,,,False,False,,,,
https://9you-home-z.com,9you-home-z.com,unknown,home,,majestic_filtered,,,timeout,0,False,0,,,False,False,,,,
https://a-9you-home.com,a-9you-home.com,unknown,home,,majestic_filtered,,,timeout,0,False,0,,,False,False,,,,
https://a-aircool.be,a-aircool.be,unknown,general,,majestic_filtered,,,timeout,0,False,0,,,False,False,,,,
https://a-artiinsaat.com.tr,a-artiinsaat.com.tr,unknown,art,,majestic_filtered,,,timeout,0,False,0,,,False,False,,,,
https://a-free-guestbook.com,a-free-guestbook.com,unknown,books,,majestic_filtered,,,timeout,0,False,0,,,False,False,,,,
https://a-home-9y.com,a-home-9y.com,unknown,home,,majestic_filtered,,,timeout,0,False,0,,,False,False,,,,
https://a-kitchen-addiction.com,a-kitchen-addiction.com,unknown,home,,majestic_filtered,,,timeout,0,False,0,,,False,False,,,,
https://a-line-dress.com,a-line-dress.com,unknown,fashion,,majestic_filtered,,,timeout,0,False,0,,,False,False,,,,
https://a-linedesign.com,a-linedesign.com,unknown,general,,majestic_filtered,,,timeout,0,False,0,,,False,False,,,,
https://a-listdirectory.com,a-listdirectory.com,unknown,general,,majestic_filtered,,,timeout,0,False,0,,,False,False,,,,
https://a-mallorca.com,a-mallorca.com,unknown,general,,majestic_filtered,,,timeout,0,False,0,,,False,False,,,,
https://a-new-start.com,a-new-start.com,unknown,art,,majestic_filtered,,,timeout,0,False,0,,,False,False,,,,
https://a-onstore.jp,a-onstore.jp,unknown,general,,majestic_filtered,,,timeout,0,False,0,,,False,False,,,,
https://a-pachinko.store,a-pachinko.store,unknown,general,,majestic_filtered,,,timeout,0,False,0,,,False,False,,,,
https://a-s-petrov.ru,a-s-petrov.ru,unknown,pets,,majestic_filtered,,,timeout,0,False,0,,,False,False,,,,
https://a-style-dance.ru,a-style-dance.ru,unknown,fashion,,majestic_filtered,,,not_shopify,404,False,0,,,False,False,,0,,
https://a-teaminsight.com,a-teaminsight.com,unknown,general,,majestic_filtered,,,active_ecommerce,404,False,0,,,True,False,,2,,
https://a-z-directory.com,a-z-directory.com,unknown,general,,majestic_filtered,,,password_protected,200,False,0,,,False,False,,,,
https://a-zchildcareky.com,a-zchildcareky.com,unknown,kids,,majestic_filtered,,,not_shopify,404,False,0,,,False,False,,0,,
https://a-zdarts.com,a-zdarts.com,unknown,art,,majestic_filtered,,,rate_limited,429,False,0,,,False,False,,,,
https://a1ahealth.com,a1ahealth.com,unknown,health,,majestic_filtered,,,inactive,403,False,0,,,False,False,,,,
https://a1articles.com,a1articles.com,unknown,art,,majestic_filtered,,,not_shopify,200,False,0,,,False,False,,0,,
https://a1autotransport.com,a1autotransport.com,unknown,sports,,majestic_filtered,,,timeout,0,False,0,,,False,False,,,,
https://a1bookmarks.com,a1bookmarks.com,unknown,books,,majestic_filtered,,,timeout,0,False,0,,,False,False,,,,
https://a1classictravels.com,a1classictravels.com,unknown,general,,majestic_filtered,,,password_protected,401,False,0,,,False,False,,,,
https://a1gatemotor.co.za,a1gatemotor.co.za,unknown,automotive,,majestic_filtered,,,connection_error,0,False,0,,,False,False,,,,
https://a1jewellers.com,a1jewellers.com,unknown,jewelry,,majestic_filtered,,,timeout,0,False,0,,,False,False,,,,
https://a1meatsupply.com,a1meatsupply.com,unknown,food,,majestic_filtered,,,not_shopify,200,False,0,,,False,False,,0,,
https://a1nobleplumbing.com,a1nobleplumbing.com,unknown,general,,majestic_filtered,,,inactive,202,False,0,,,False,False,,,,
https://a1searchdirectory.com,a1searchdirectory.com,unknown,general,,majestic_filtered,,,not_shopify,404,False,0,,,False,False,,0,,
https://a1securitycameras.com,a1securitycameras.com,unknown,electronics,,majestic_filtered,,,active_ecommerce,404,False,0,,,True,False,,2,,
https://a1sewcraft.com,a1sewcraft.com,unknown,art,,majestic_filtered,,,not_shopify,404,False,0,,,False,False,,1,,
https://a1solarstore.com,a1solarstore.com,unknown,general,,majestic_filtered,,,not_shopify,404,False,0,,,False,False,,1,,
https://a1steam.com,a1steam.com,unknown,general,,majestic_filtered,,,timeout,0,False,0,,,False,False,,,,
https://a1supplements.com,a1supplements.com,unknown,health,,majestic_filtered,,,timeout,0,False,0,,,False,False,,,,
https://a1towing-cashforjunkcars.com,a1towing-cashforjunkcars.com,unknown,automotive,,majestic_filtered,,,timeout,0,False,0,,,False,False,,,,
https://a1wholesalefence.com,a1wholesalefence.com,unknown,general,,majestic_filtered,,,timeout,0,False,0,,,False,False,,,,
https://a2bazar.com,a2bazar.com,unknown,general,,majestic_filtered,,,timeout,0,False,0,,,False,False,,,,
https://a2bookmarks.com,a2bookmarks.com,unknown,books,,majestic_filtered,,,timeout,0,False,0,,,False,False,,,,
https://a2globalelectronics.com,a2globalelectronics.com,unknown,electronics,,majestic_filtered,,,timeout,0,False,0,,,False,False,,,,
https://a2partnersny.com,a2partnersny.com,unknown,art,,majestic_filtered,,,timeout,0,False,0,,,False,False,,,,
https://a2supermarket.com,a2supermarket.com,unknown,general,,majestic_filtered,,,timeout,0,False,0,,,False,False,,,,
https://a2zbookmarking.com,a2zbookmarking.com,unknown,books,,majestic_filtered,,,not_shopify,404,False,0,,,False,False,,1,,
https://a2zbookmarks.com,a2zbookmarks.com,unknown,books,,majestic_filtered,,,timeout,0,False,0,,,False,False,,,,
https://a2zcprcert.com,a2zcprcert.com,unknown,general,,majestic_filtered,,,not_shopify,404,False,0,,,False,False,,0,,
https://a2zhomeschooling.com,a2zhomeschooling.com,unknown,home,,majestic_filtered,,,not_shopify,200,False,0,,,False,False,,0,,
https://a3-kaiyunsports.com,a3-kaiyunsports.com,unknown,sports,,majestic_filtered,,,timeout,0,False,0,,,False,False,,,,
https://a4tech.com,a4tech.com,unknown,electronics,,majestic_filtered,,,timeout,0,False,0,,,False,False,,,,
https://a5gamebr.com,a5gamebr.com,unknown,kids,,majestic_filtered,,,timeout,0,False,0,,,False,False,,,,
https://a7canada.com,a7canada.com,shopify,,,cro_media,,,timeout,0,False,0,,,False,False,,,,
https://a7la-home.com,a7la-home.com,unknown,home,,majestic_filtered,,,empty_store,200,False,0,,,False,False,,,,
https://a7xjakarta.com,a7xjakarta.com,unknown,art,,majestic_filtered,,,not_shopify,200,False,0,,,False,False,,0,,
https://a9tech.com,a9tech.com,unknown,electronics,,majestic_filtered,,,empty_store,200,False,0,,,False,False,,,,
https://aa-fishing.com,aa-fishing.com,unknown,pets,,majestic_filtered,,,timeout,0,False,0,,,False,False,,,,
https://aa1car.com,aa1car.com,unknown,automotive,,majestic_filtered,,,empty_store,200,False,0,,,False,False,,,,
https://aaaauto.cz,aaaauto.cz,unknown,automotive,,majestic_filtered,,,timeout,0,False,0,,,False,False,,,,
https://aaaecommerce.com,aaaecommerce.com,unknown,general,,majestic_filtered,,,timeout,0,False,0,,,False,False,,,,
https://aaaexpressheating.com,aaaexpressheating.com,unknown,general,,majestic_filtered,,,connection_error,0,False,0,,,False,False,,,,
https://aaafashionbrandscn.com,aaafashionbrandscn.com,unknown,fashion,,majestic_filtered,,,not_shopify,200,False,0,,,False,False,,0,,
https://aaalawncare.com,aaalawncare.com,unknown,automotive,,majestic_filtered,,,not_shopify,404,False,0,,,False,False,,1,,
https://aaaluxurygoods.com,aaaluxurygoods.com,unknown,luxury,,majestic_filtered,,,connection_error,0,False,0,,,False,False,,,,
https://aaanativearts.com,aaanativearts.com,unknown,art,,majestic_filtered,,,not_shopify,404,False,0,,,False,False,,0,,
https://aaareplicatrade.ru,aaareplicatrade.ru,unknown,pets,,majestic_filtered,,,timeout,0,False,0,,,False,False,,,,
https://aaatrucksandautowreckings.com,aaatrucksandautowreckings.com,unknown,automotive,,majestic_filtered,,,not_shopify,404,False,0,,,False,False,,0,,
https://aabacosmallbusiness.com,aabacosmallbusiness.com,unknown,general,,majestic_filtered,,,active_ecommerce,200,False,0,,,True,False,,2,,
https://aabbx.store,aabbx.store,unknown,general,,majestic_filtered,,,connection_error,0,False,0,,,False,False,,,,
https://aabcosign.com,aabcosign.com,unknown,general,,majestic_filtered,,,not_shopify,404,False,0,,,False,False,,0,,
https://aabentlandbrug.dk,aabentlandbrug.dk,unknown,home,,majestic_filtered,,,not_shopify,404,False,0,,,False,False,,0,,
https://aabi-kysports.com,aabi-kysports.com,unknown,sports,,majestic_filtered,,,timeout,0,False,0,,,False,False,,,,
https://aabsport.dk,aabsport.dk,unknown,sports,,majestic_filtered,,,not_shopify,404,False,0,,,False,False,,0,,
https://aacargo.com,aacargo.com,unknown,automotive,,majestic_filtered,,,inactive,403,False,0,,,False,False,,,,
https://aacihealthcare.com,aacihealthcare.com,unknown,health,,majestic_filtered,,,empty_store,200,False,0,,,False,False,,,,
https://aacofarmersmarket.com,aacofarmersmarket.com,unknown,general,,majestic_filtered,,,timeout,0,False,0,,,False,False,,,,
https://aacook.co,aacook.co,unknown,general,,majestic_filtered,,,not_shopify,404,False,0,,,False,False,,0,,
https://aactechnologies.com,aactechnologies.com,unknown,electronics,,majestic_filtered,,,timeout,0,False,0,,,False,False,,,,
https://aadalens-juletraeer.dk,aadalens-juletraeer.dk,unknown,general,,majestic_filtered,,,not_shopify,404,False,0,,,False,False,,0,,
https://aadhaarcardcenter.com,aadhaarcardcenter.com,unknown,automotive,,majestic_filtered,,,not_shopify,404,False,0,,,False,False,,0,,
https://aadhaarretail.com,aadhaarretail.com,unknown,general,,majestic_filtered,,,empty_store,200,False,0,,,False,False,,,,
https://aadharclasses.in,aadharclasses.in,unknown,general,,majestic_filtered,,,not_shopify,404,False,0,,,False,False,,0,,
https://aadvantageeshopping.com,aadvantageeshopping.com,unknown,general,,majestic_filtered,,,not_shopify,404,False,0,,,False,False,,1,,
https://aadvikfoods.com,aadvikfoods.com,shopify,,,cro_media,,,timeout,0,False,0,,,False,False,,,,
https://aagameapk.com,aagameapk.com,unknown,kids,,majestic_filtered,,,not_shopify,404,False,0,,,False,False,,0,,
https://aahanaledlights.com,aahanaledlights.com,unknown,general,,majestic_filtered,,,empty_store,200,False,0,,,False,False,,,,
https://aakaarbonecare.com,aakaarbonecare.com,unknown,automotive,,majestic_filtered,,,active_ecommerce,404,False,0,,,True,False,,3,,
https://aamgrameenbazar.com,aamgrameenbazar.com,unknown,general,,majestic_filtered,,,active_ecommerce,404,False,0,,,True,False,,2,,
https://aamusicconference.com,aamusicconference.com,unknown,general,,majestic_filtered,,,password_protected,401,False,0,,,False,False,,,,
https://aamusports.com,aamusports.com,unknown,sports,,majestic_filtered,,,not_shopify,404,False,0,,,False,False,,0,,
https://aandbebridalshop.com,aandbebridalshop.com,unknown,general,,majestic_filtered,,,active_ecommerce,404,False,0,,,True,False,,1,,
https://aandcbilliardsandbarstools.com,aandcbilliardsandbarstools.com,unknown,general,,majestic_filtered,,,inactive,202,False,0,,,False,False,,,,
https://aandfstore.com,aandfstore.com,unknown,general,,majestic_filtered,,,rate_limited,429,False,0,,,False,False,,,,
https://aanhangcars.nl,aanhangcars.nl,unknown,automotive,,majestic_filtered,,,active_ecommerce,404,False,0,,,True,False,,2,,
https://aanhangwagendirect.nl,aanhangwagendirect.nl,unknown,general,,majestic_filtered,,,rate_limited,429,False,0,,,False,False,,,,
https://aanutritions.com,aanutritions.com,unknown,health,,majestic_filtered,,,active_ecommerce,404,False,0,,,True,False,,3,,
https://aapaintcompany.com,aapaintcompany.com,unknown,art,,majestic_filtered,,,inactive,202,False,0,,,False,False,,,,
https://aapkapainter.com,aapkapainter.com,unknown,art,,majestic_filtered,,,not_shopify,404,False,0,,,False,False,,0,,
https://aaprintsupplyco.com,aaprintsupplyco.com,unknown,art,,majestic_filtered,,,rate_limited,429,False,0,,,False,False,,,,
https://aaradhyahealthcare.co.in,aaradhyahealthcare.co.in,unknown,health,,majestic_filtered,,,not_shopify,404,False,0,,,False,False,,0,,
https://aaran-tech.com,aaran-tech.com,unknown,electronics,,majestic_filtered,,,empty_store,200,False,0,,,False,False,,,,
https://aaraynerandsonsfuneralhome.com,aaraynerandsonsfuneralhome.com,unknown,home,,majestic_filtered,,,timeout,0,False,0,,,False,False,,,,
https://aarch.dk,aarch.dk,unknown,general,,majestic_filtered,,,active_ecommerce,404,False,0,,,True,False,,1,,
https://aarcorealestate.com,aarcorealestate.com,unknown,general,,majestic_filtered,,,timeout,0,False,0,,,False,False,,,,
https://aarcorp.com,aarcorp.com,unknown,general,,majestic_filtered,,,timeout,0,False,0,,,False,False,,,,
https://aarcs.ca,aarcs.ca,unknown,general,,majestic_filtered,,,not_shopify,404,False,0,,,False,False,,0,,
https://aargautourismus.ch,aargautourismus.ch,unknown,automotive,,majestic_filtered,,,not_shopify,404,False,0,,,False,False,,0,,
https://aarhusteater.dk,aarhusteater.dk,unknown,general,,majestic_filtered,,,not_shopify,200,False,0,,,False,False,,0,,
https://aarhustech.dk,aarhustech.dk,unknown,electronics,,majestic_filtered,,,not_shopify,404,False,0,,,False,False,,1,,
https://aaronbabyczpainting.com,aaronbabyczpainting.com,unknown,kids,,majestic_filtered,,,empty_store,200,False,0,,,False,False,,,,
https://aaronlewismusic.com,aaronlewismusic.com,unknown,general,,majestic_filtered,,,inactive,403,False,0,,,False,False,,,,
https://aaronpeart.com,aaronpeart.com,unknown,art,,majestic_filtered,,,not_shopify,404,False,0,,,False,False,,0,,
https://aaronsdesigns.com,aaronsdesigns.com,unknown,general,,majestic_filtered,,,not_shopify,404,False,0,,,False,False,,0,,
https://aaronshometech.com,aaronshometech.com,unknown,electronics,,majestic_filtered,,,empty_store,200,False,0,,,False,False,,,,
https://aaronssearch.com,aaronssearch.com,unknown,general,,majestic_filtered,,,not_shopify,404,False,0,,,False,False,,0,,
https://aaront.online,aaront.online,unknown,general,,majestic_filtered,,,not_shopify,404,False,0,,,False,False,,0,,
https://aarpethel.com,aarpethel.com,unknown,pets,,majestic_filtered,,,not_shopify,404,False,0,,,False,False,,0,,
https://aarpmedicareplans.com,aarpmedicareplans.com,unknown,automotive,,majestic_filtered,,,not_shopify,404,False,0,,,False,False,,0,,
https://aarpmedicaresupplement.com,aarpmedicaresupplement.com,unknown,health,,majestic_filtered,,,not_shopify,200,False,0,,,False,False,,0,,
https://aart.dk,aart.dk,unknown,art,,majestic_filtered,,,not_shopify,404,False,0,,,False,False,,0,,
https://aartech.ca,aartech.ca,unknown,electronics,,majestic_filtered,,,inactive,403,False,0,,,False,False,,,,
https://aartek.co.in,aartek.co.in,unknown,art,,majestic_filtered,,,not_shopify,404,False,0,,,False,False,,0,,
https://aarth-codex.com,aarth-codex.com,unknown,art,,majestic_filtered,,,connection_error,0,False,0,,,False,False,,,,
https://aarti-industries.com,aarti-industries.com,unknown,art,,majestic_filtered,,,not_shopify,404,False,0,,,False,False,,0,,
https://acnestudios.com,acnestudios.com,magento,fashion,,curated,,,active_ecommerce,404,False,0,,,True,False,apple_pay,2,,
https://adminmart.com,adminmart.com,woocommerce,tech,US,curated,,,inactive,202,False,0,,,False,False,,,,
https://ador.health,ador.health,shopify,,,cro_media,,,timeout,0,False,0,,,False,False,,,,
https://adoredvintage.com,adoredvintage.com,shopify,vintage,,curated,,,active,200,True,5,Skirts|Sweaters|Sweaters|Dresses|Sale,Cotton|Final Sale|Floral|Green|Midi|1970s|Cream|Final Sale|Knit|Long Sleeve,True,False,,0,32.99,125.0
https://adozencousins.com,adozencousins.com,shopify,,,cro_media,,,timeout,0,False,0,,,False,False,,,,
https://adpoolsandtoys.com,adpoolsandtoys.com,shopify,,,cro_media,,,timeout,0,False,0,,,False,False,,,,
https://advancedcustomfields.com,advancedcustomfields.com,woocommerce,tech,,curated,,,not_shopify,404,False,0,,,False,False,,0,,
https://afterwork-grocery.com,afterwork-grocery.com,shopify,,,cro_media,,,timeout,0,False,0,,,False,False,,,,
https://aioseo.com,aioseo.com,woocommerce,tech,,curated,,,not_shopify,404,False,0,,,False,False,,0,,
https://airstream.com,airstream.com,woocommerce,automotive,,curated,,,not_shopify,404,False,0,,,False,False,,0,,
https://alexandermcqueen.com,alexandermcqueen.com,magento,luxury,,curated,,,not_shopify,404,False,0,,,False,False,,0,,
https://all-in-one-wp-migration.com,all-in-one-wp-migration.com,woocommerce,tech,US,curated,,,connection_error,0,False,0,,,False,False,,,,
https://allbirds.com,allbirds.com,shopify,shoes,,curated,,,active,200,True,5,Shoes|Shoes|Shoes|Shoes|Shoes,allbirds::carbon-score => 6.68|allbirds::cfId => color-smallbirds-bk-wool-loungers-natural-white-natural-white|allbirds::complete => true|allbirds::edition => limited|allbirds::gender => toddler|allbirds::carbon-score => 6.68|allbirds::cfId => color-smallbirds-bk-wool-loungers-honey-rust-ntrl-white|allbirds::complete => true|allbirds::edition => limited|allbirds::gender => toddler,True,False,,0,32.0,140.0
https://alphaleteathletics.com,alphaleteathletics.com,shopify,fitness,,curated,,,active,200,True,5,Men's Tank Top|Women's Seamless Scrunch Legging|Unisex Crew Sock|Women's Seamless Scrunch Bra|Men's Short Sleeve Shirt,AA24-DEC|AA24-DEC07|bar:fit-50|bf-bucket:50-60%|bf:60%|AA24-DEC|AA24-DEC09|AA25-JUNE14|Amplify_Legging|bar:compression-75,True,False,,0,16.0,48.0
https://ambercrown.com,ambercrown.com,shopify,,,cro_media,,,timeout,0,False,0,,,False,False,,,,
https://amoveablefeast.com,amoveablefeast.com,shopify,,,cro_media,,,timeout,0,False,0,,,False,False,,,,
https://analuisa.com,analuisa.com,shopify,jewelry,,curated,,,active_headless,404,False,0,,,True,True,,1,,
https://anker.com,anker.com,shopify,electronics,,curated,,,active_headless,404,False,0,,,True,True,,0,,
https://antler.co.uk,antler.co.uk,shopify,,,cro_media,,,timeout,0,False,0,,,False,False,,,,
https://aritzia.com,aritzia.com,shopify,fashion,CA,curated,,,inactive,403,False,0,,,False,False,,,,
https://armani.com,armani.com,magento,luxury,,curated,,,not_shopify,404,False,0,,,False,False,,0,,
https://article.com,article.com,shopify,home,,curated,,,active_ecommerce,404,False,0,,,True,False,,2,,
https://artisaire.com,artisaire.com,shopify,art,,curated,,,active,200,True,5,Menu|Menu|Menu|Menu|Sample,vineyardvows|wedding|vineyardvows|wedding|vineyardvows|wedding|vineyardvows|wedding|hide|nogpo,True,False,,0,1.0,3.42
https://artisanthropy.ca,artisanthropy.ca,shopify,,,cro_media,,,timeout,0,False,0,,,False,False,,,,
https://artte.org,artte.org,shopify,,,cro_media,,,timeout,0,False,0,,,False,False,,,,
https://ashimafashion.com,ashimafashion.com,shopify,,,cro_media,,,timeout,0,False,0,,,False,False,,,,
https://athleticgreens.com,athleticgreens.com,shopify,supplements,,curated,,,active_headless,200,False,0,,,True,True,,1,,
https://audioadvice.com,audioadvice.com,shopify,,,cro_media,,,timeout,0,False,0,,,False,False,,,,
https://aulilifestyle.com,aulilifestyle.com,shopify,,,cro_media,,,timeout,0,False,0,,,False,False,,,,
https://australian-bodycare.se,australian-bodycare.se,shopify,,,cro_media,,,timeout,0,False,0,,,False,False,,,,
https://australianwheatgrass.com.au,australianwheatgrass.com.au,shopify,,,cro_media,,,timeout,0,False,0,,,False,False,,,,
https://awareness-avenue.com,awareness-avenue.com,shopify,,,cro_media,,,timeout,0,False,0,,,False,False,,,,
https://away.com,away.com,shopify,accessories,US,curated,,,connection_error,0,False,0,,,False,False,,,,
https://balenciaga.com,balenciaga.com,magento,luxury,,curated,,,not_shopify,404,False,0,,,False,False,,0,,
https://balmain.com,balmain.com,magento,luxury,,curated,,,not_shopify,404,False,0,,,False,False,,0,,
https://barkbox.com,barkbox.com,shopify,pets,US,curated,,,inactive,403,False,0,,,False,False,,,,
https://batchd.co.uk,batchd.co.uk,shopify,,,cro_media,,,timeout,0,False,0,,,False,False,,,,
https://bbydesigns.com.au,bbydesigns.com.au,shopify,,,cro_media,,,timeout,0,False,0,,,False,False,,,,
https://bearaby.com,bearaby.com,shopify,home,,curated,,,active,200,True,5,Bundle|Bundle|Weighted Toys|Blankets,biscuits-bundle|biscuits-bundle|new|Include Variant 45342482596026 - allocation 0.3 - Automation|Include Variant 45342482628794 - allocation 0.3 - Automation|Include Variant 45342482727098 - allocation 0.3 - Automation|Include Variant 45342482759866 - allocation 0.3 - Automation|Include Variant 45342482858170 - allocation 0.3 - Automation,True,False,,0,79.0,349.0
https://beardbrand.com,beardbrand.com,woocommerce,beauty,,curated,,,active,200,True,5,Eau de Parfum|Eau de Parfum|Eau de Parfum|Eau de Parfum|Bundles,Black Sails|live|new badge|Ghost Tracer|live|new badge|Desert Road|live|new badge|Four Vices,True,False,,0,45.0,140.0
https://beautybakerie.com,beautybakerie.com,shopify,beauty,,curated,,,active,200,True,5,Liquid Eyeshadow|Gel Eyeliner|Liquid Matte Lipstick,Best Sellers|lip whip|Best Sellers|lip whip|back-in-stock|badge::gluten|badge::paraben|badge::smudge-proof|badge::vegan|badge::gluten,True,False,,0,20.0,50.0
https://bebemoss.com,bebemoss.com,shopify,toys,,curated,,,active,200,True,5,stuffed animal|stuffed animal|stuffed animal,bunny|Colorful|crochet toy|eco-friendly gift|fair trade|Colorful|crochet toy|duck|eco-friendly gift|fair trade,True,False,,0,25.0,175.0
https://beefcakeswimwear.com,beefcakeswimwear.com,shopify,swimwear,,curated,,,active,200,True,5,swimsuit|swimsuit|swimsuit|swimsuit|swimsuit,,True,False,,0,109.0,109.0
https://beefuel.org,beefuel.org,shopify,,,cro_media,,,timeout,0,False,0,,,False,False,,,,
https://bellanaillounge.com,bellanaillounge.com,shopify,,,cro_media,,,timeout,0,False,0,,,False,False,,,,
https://bellroy.com,bellroy.com,shopify,accessories,,curated,,,not_shopify,404,False,0,,,False,False,,1,,
https://benandjerrys.com,benandjerrys.com,bigcommerce,food,US,curated,,,connection_error,0,False,0,,,False,False,,,,
https://beneathyourmask.com,beneathyourmask.com,shopify,beauty,,curated,,,active,200,True,5,,Cortina|Heal|Remedy|Illuminate|Polish,True,False,,0,22.0,70.0
https://bfrnd.com,bfrnd.com,shopify,pets,US,curated,,,timeout,0,False,0,,,False,False,,,,
https://bigmurphys.com,bigmurphys.com,shopify,,,cro_media,,,timeout,0,False,0,,,False,False,,,,
https://biossance.com,biossance.com,shopify,beauty,US,curated,,,timeout,0,False,0,,,False,False,,,,
https://birddogs.com,birddogs.com,shopify,fitness,,curated,,,active,200,True,5,Khaki Shorts|Bathing Suit|Pants|Pants|Pants,khaki|shorts|bathing-suit|fb_category_528|shorts|waterproof|business|fb_category_528|khaki-pants|pants,True,False,,0,78.0,128.0
https://blackdiamondequipment.com,blackdiamondequipment.com,bigcommerce,sports,,curated,,,active,200,True,5,Ski Pants|Ski Pants|Beanies|Protection,no-restock|Skiing and Snowboarding|Women's-Bottoms-Regular-Alpha|no-restock|Skiing and Snowboarding|Women's-Bottoms-Regular-Alpha|equipment|New Arrivals,True,False,,0,18.0,180.0
https://bliss.com,bliss.com,bigcommerce,beauty,,curated,,,not_shopify,404,False,0,,,False,False,,0,,
https://blkandbold.com,blkandbold.com,shopify,coffee,,curated,,,active,200,True,5,coffee|coffee|coffee|tea|accessories,acidic|black coffee|blend|certified|citric|chocolate|decaf|fresh|fruity|graham,True,False,,0,12.0,80.0
https://bloomist.com,bloomist.com,shopify,home,,curated,,,active,200,True,5,Live Plants|Kitchen|Kitchen|Kitchen|Kitchen,brand:Bloomist|smarttag_new_arrival|smarttag_on_sale|brand:Bloomist|smarttag_new_arrival|smarttag_regular_price|brand:Bloomist|smarttag_new_arrival|smarttag_regular_price|brand:Bloomist,True,False,,0,42.0,80.0
https://bluebottlecoffee.com,bluebottlecoffee.com,shopify,coffee,,curated,,,not_shopify,404,False,0,,,False,False,,0,,
https://bluenilebotanicals.com,bluenilebotanicals.com,shopify,,,cro_media,,,timeout,0,False,0,,,False,False,,,,
https://bombas.com,bombas.com,shopify,fashion,US,curated,,,timeout,0,False,0,,,False,False,,,,
https://boohoo.com,boohoo.com,shopify,fashion,,curated,,,not_shopify,404,False,0,,,False,False,,0,,
https://bottegaveneta.com,bottegaveneta.com,magento,luxury,IT,curated,,,timeout,0,False,0,,,False,False,,,,
https://boulanger.com,boulanger.com,prestashop,electronics,FR,curated,,,timeout,0,False,0,,,False,False,,,,
https://brantshop.kz,brantshop.kz,opencart,fashion,KZ,curated,,,connection_error,0,False,0,,,False,False,,,,
https://brendageigerdesigns.com,brendageigerdesigns.com,shopify,,,cro_media,,,timeout,0,False,0,,,False,False,,,,
https://brewbitz.com,brewbitz.com,shopify,,,cro_media,,,timeout,0,False,0,,,False,False,,,,
https://brewy.com.au,brewy.com.au,shopify,,,cro_media,,,timeout,0,False,0,,,False,False,,,,
https://brightland.co,brightland.co,shopify,food,,curated,,,active,200,True,5,Gift Set|Spices + Salt|Bundles|Olive Oil|Bundles,gift-best-seller|gift-set|no-shipping-label-for-uk-can|online-store|spo-default|exclude_discounts|no-index|no-recommend|best-seller|exclude_discounts,True,False,,0,10.0,130.0
https://brooklinen.com,brooklinen.com,shopify,home,,curated,,,active,200,True,5,Test|Robes|Bedding|Bedding|Bedding,algolia-ignore|Category Promo: 25|Compare Module Slider|Discount Codes: Deny|Discount Messaging: Allow|Accessories|Active PLP|Active Robe|Best Sellers|Discount Codes: Allow,True,False,,0,99.0,456.75
https://bruvi.com,bruvi.com,shopify,electronics,,curated,,,active,200,True,5,Wellness Add-Ins|Wellness Add-Ins|Drinkware|Drinkware|Lifestyle & Gifts,Renude|Shopify Collective|Renude|Shopify Collective|Created Co.|Shopify Collective|Created Co.|Drinkware|Shopify Collective|Noir Lux Candle Co.,True,False,,0,22.0,52.0
https://buckmason.com,buckmason.com,shopify,fashion,US,curated,,,timeout,0,False,0,,,False,False,,,,
https://buddhabubblesboba.com,buddhabubblesboba.com,shopify,,,cro_media,,,timeout,0,False,0,,,False,False,,,,
https://buffy.co,buffy.co,shopify,home,,curated,,,active,200,True,5,Quilts & Comforters|Linens & Bedding|Pillows|Pillows|Pillows,bundleName__the-cloud|bundleTag__Our-cozycomma-crowddashfavorite-comforter|name__buffy-cloud-comforter|tagline__snuggle-up-with-our-superdashsoftcomma-extradashfluffy-original.|trial|trial|Pillow|trial|foam pillow|Pillow,True,False,,0,59.0,289.0
https://bulgari.com,bulgari.com,magento,luxury,IT,curated,,,timeout,0,False,0,,,False,False,,,,
https://bulkbarn.ca,bulkbarn.ca,magento,food,,curated,,,not_shopify,404,False,0,,,False,False,,0,,
https://burberry.com,burberry.com,magento,luxury,UK,curated,,,timeout,0,False,0,,,False,False,,,,
https://burrow.com,burrow.com,shopify,home,,curated,,,active_headless,404,False,0,,,True,True,,1,,
https://burts-bees.com,burts-bees.com,bigcommerce,beauty,US,curated,,,timeout,0,False,0,,,False,False,,,,
https://buyacupuncture.ca,buyacupuncture.ca,shopify,,,cro_media,,,timeout,0,False,0,,,False,False,,,,
https://buyemptycapsules.com.au,buyemptycapsules.com.au,shopify,,,cro_media,,,timeout,0,False,0,,,False,False,,,,
https://byredo.com,byredo.com,magento,beauty,SE,curated,,,timeout,0,False,0,,,False,False,,,,
https://ca.goodgoodbrand.com,ca.goodgoodbrand.com,shopify,,,cro_media,,,timeout,0,False,0,,,False,False,,,,
https://camelbak.com,camelbak.com,bigcommerce,accessories,US,curated,,,timeout,0,False,0,,,False,False,,,,
https://camilalamps.com,camilalamps.com,shopify,,,cro_media,,,timeout,0,False,0,,,False,False,,,,
https://camillebrinch.com,camillebrinch.com,shopify,jewelry,DK,curated,,,timeout,0,False,0,,,False,False,,,,
https://canon.com,canon.com,magento,electronics,JP,curated,,,timeout,0,False,0,,,False,False,,,,
https://cardiologycoffee.com,cardiologycoffee.com,shopify,,,cro_media,,,timeout,0,False,0,,,False,False,,,,
https://careofvitamins.com,careofvitamins.com,shopify,supplements,US,curated,,,timeout,0,False,0,,,False,False,,,,
https://casper.com,casper.com,shopify,home,US,curated,,,timeout,0,False,0,,,False,False,,,,
https://casualproclub.com,casualproclub.com,shopify,,,cro_media,,,timeout,0,False,0,,,False,False,,,,
https://catbird.com,catbird.com,shopify,jewelry,US,curated,,,timeout,0,False,0,,,False,False,,,,
https://caudalie.com,caudalie.com,shopify,beauty,FR,curated,,,timeout,0,False,0,,,False,False,,,,
https://cdiscount.com,cdiscount.com,prestashop,general,FR,curated,,,timeout,0,False,0,,,False,False,,,,
https://celine.com,celine.com,magento,luxury,FR,curated,,,timeout,0,False,0,,,False,False,,,,
https://cettire.com,cettire.com,shopify,luxury,AU,curated,,,timeout,0,False,0,,,False,False,,,,
https://chanel.com,chanel.com,magento,luxury,FR,curated,,,timeout,0,False,0,,,False,False,,,,
https://checkoutmybuns.com,checkoutmybuns.com,shopify,,,cro_media,,,timeout,0,False,0,,,False,False,,,,
https://cheekbonebeauty.com,cheekbonebeauty.com,shopify,beauty,CA,curated,,,timeout,0,False,0,,,False,False,,,,
https://cheribombretro.com,cheribombretro.com,shopify,,,cro_media,,,timeout,0,False,0,,,False,False,,,,
https://cherrish.com,cherrish.com,shopify,,,cro_media,,,timeout,0,False,0,,,False,False,,,,
https://chococheeseny.com,chococheeseny.com,shopify,,,cro_media,,,timeout,0,False,0,,,False,False,,,,
https://chocogala.com,chocogala.com,shopify,,,cro_media,,,timeout,0,False,0,,,False,False,,,,
https://choconchoc.co.uk,choconchoc.co.uk,shopify,,,cro_media,,,timeout,0,False,0,,,False,False,,,,
https://chubbies.com,chubbies.com,shopify,fashion,US,curated,,,timeout,0,False,0,,,False,False,,,,
https://citizenshirt.com,citizenshirt.com,shopify,,,cro_media,,,timeout,0,False,0,,,False,False,,,,
https://classicgoldenpecans.com,classicgoldenpecans.com,shopify,,,cro_media,,,timeout,0,False,0,,,False,False,,,,
https://clickbank.com,clickbank.com,woocommerce,tech,US,curated,,,timeout,0,False,0,,,False,False,,,,
https://coastnewzealand.com,coastnewzealand.com,shopify,,,cro_media,,,timeout,0,False,0,,,False,False,,,,
https://coca-cola.com,coca-cola.com,magento,beverages,US,curated,,,timeout,0,False,0,,,False,False,,,,
https://coffeebeandirect.com,coffeebeandirect.com,woocommerce,coffee,US,curated,,,timeout,0,False,0,,,False,False,,,,
https://coffeeculture.asia,coffeeculture.asia,shopify,,,cro_media,,,timeout,0,False,0,,,False,False,,,,
https://coins-of-crypto.com,coins-of-crypto.com,shopify,,,cro_media,,,timeout,0,False,0,,,False,False,,,,
https://colourpopcosmetics.com,colourpopcosmetics.com,shopify,beauty,US,curated,,,timeout,0,False,0,,,False,False,,,,
https://comeme.com.mx,comeme.com.mx,shopify,,,cro_media,,,timeout,0,False,0,,,False,False,,,,
https://coolpc.com.tw,coolpc.com.tw,woocommerce,electronics,TW,curated,,,timeout,0,False,0,,,False,False,,,,
https://corechamps.ae,corechamps.ae,shopify,,,cro_media,,,timeout,0,False,0,,,False,False,,,,
https://cortezcoffee.com,cortezcoffee.com,shopify,,,cro_media,,,timeout,0,False,0,,,False,False,,,,
https://counterculturecoffee.com,counterculturecoffee.com,shopify,coffee,US,curated,,,timeout,0,False,0,,,False,False,,,,
https://cowboy.com,cowboy.com,shopify,electronics,,curated,,,active_headless,404,False,0,,,True,True,klarna,1,,
https://creamgelateria.com,creamgelateria.com,shopify,,,cro_media,,,timeout,0,False,0,,,False,False,,,,
https://creativefabrica.com,creativefabrica.com,woocommerce,art,NL,curated,,,inactive,403,False,0,,,False,False,,,,
https://creekwoodnaturals.com,creekwoodnaturals.com,shopify,,,cro_media,,,timeout,0,False,0,,,False,False,,,,
https://crocs.com,crocs.com,magento,shoes,US,curated,,,timeout,0,False,0,,,False,False,,,,
https://crossfit.wildebrands.com,crossfit.wildebrands.com,shopify,,,cro_media,,,timeout,0,False,0,,,False,False,,,,
https://cultura.com,cultura.com,prestashop,entertainment,FR,curated,,,inactive,403,False,0,,,False,False,,,,
https://culturekings.com.au,culturekings.com.au,shopify,fashion,,curated,,,active,200,True,5,940 A-Frame|940 A-Frame|940 A-Frame|940 A-Frame|Lows,all-sport|brand-new-era|category-headwear|category-headwear--940-a-frame|category_hierarchy-Hats--940 A-Frame|all-sport|brand-new-era|category-headwear|category-headwear--940-a-frame|category_hierarchy-Hats--940 A-Frame,True,False,,0,55.0,200.0
https://cupcakenovelties.com,cupcakenovelties.com,shopify,,,cro_media,,,timeout,0,False,0,,,False,False,,,,
https://cuyana.com,cuyana.com,shopify,fashion,,curated,,,active,200,True,5,Small Leather Goods|Small Leather Goods|Bags|Bags,,True,False,,0,35.0,298.0
https://daelmans.com,daelmans.com,woocommerce,food,NL,curated,,,timeout,0,False,0,,,False,False,,,,
https://danielwellington.com,danielwellington.com,shopify,watches,,curated,,,active,200,True,5,bundle|bundle|bundle|bundle|bundle,bundle-sale|color:Gold|female|for:Aunt|for:Friend|bundle-sale|color:Rose Gold|female|for:Aunt|for:Friend,True,False,,0,59.2,67.2
https://dazzledryaustralia.com.au,dazzledryaustralia.com.au,shopify,,,cro_media,,,timeout,0,False,0,,,False,False,,,,
https://dbrand.com,dbrand.com,shopify,electronics,,curated,,,not_shopify,404,False,0,,,False,False,,1,,
https://dealsexpress.pk,dealsexpress.pk,shopify,,,cro_media,,,timeout,0,False,0,,,False,False,,,,
https://deathwishcoffee.com,deathwishcoffee.com,shopify,coffee,,curated,,,active,200,True,5,Apparel|Apparel|Bundle|Coffee|Bundle,Apparel|Men|Merch|Unisex|Women|Apparel|Men|Merch|Unisex|Women,True,False,,0,13.99,69.95
https://debutanteclothing.com,debutanteclothing.com,shopify,,,cro_media,,,timeout,0,False,0,,,False,False,,,,
https://developer.woocommerce.com,developer.woocommerce.com,woocommerce,tech,,curated,,,not_shopify,404,False,0,,,False,False,,0,,
https://developer.wordpress.org,developer.wordpress.org,woocommerce,tech,US,curated,,,timeout,0,False,0,,,False,False,,,,
https://dhfishingadventures.com,dhfishingadventures.com,shopify,,,cro_media,,,timeout,0,False,0,,,False,False,,,,
https://diegodallapalma.com,diegodallapalma.com,shopify,,,cro_media,,,timeout,0,False,0,,,False,False,,,,
https://dior.com,dior.com,magento,luxury,FR,curated,,,inactive,403,False,0,,,False,False,,,,
https://doctorinsole.com,doctorinsole.com,shopify,,,cro_media,,,timeout,0,False,0,,,False,False,,,,
https://dolcegabbana.com,dolcegabbana.com,magento,luxury,,curated,,,not_shopify,404,False,0,,,False,False,klarna,0,,
https://dollar-shave-club.com,dollar-shave-club.com,shopify,beauty,US,curated,,,timeout,0,False,0,,,False,False,,,,
https://donnatellaperfumes.com,donnatellaperfumes.com,shopify,,,cro_media,,,timeout,0,False,0,,,False,False,,,,
https://dontquit.com,dontquit.com,shopify,,,cro_media,,,timeout,0,False,0,,,False,False,,,,
https://dozyoats.com,dozyoats.com,shopify,,,cro_media,,,timeout,0,False,0,,,False,False,,,,
https://drdennis.com,drdennis.com,shopify,beauty,,curated,,,not_shopify,200,False,0,,,False,False,,0,,
https://drifthq.com,drifthq.com,shopify,,,cro_media,,,timeout,0,False,0,,,False,False,,,,
https://drinkag1.com,drinkag1.com,shopify,health,,curated,,,active_headless,200,False,0,,,True,True,,1,,
https://drinkmudwtr.com,drinkmudwtr.com,shopify,beverages,US,curated,,,connection_error,0,False,0,,,False,False,,,,
https://drinkrevitalyte.com,drinkrevitalyte.com,shopify,,,cro_media,,,timeout,0,False,0,,,False,False,,,,
https://drinktrade.com,drinktrade.com,shopify,coffee,,curated,,,active,200,True,5,Coffee|Coffee|Coffee|Coffee|Gift Box,first-match-eligible|New|Organic|Women-Owned|first-match-eligible|New|first-match-eligible|New|first-match-eligible|seasonal,True,False,,0,21.99,119.99
https://drjuiceusa.com,drjuiceusa.com,shopify,,,cro_media,,,timeout,0,False,0,,,False,False,,,,
https://drunkelephant.com,drunkelephant.com,shopify,beauty,US,curated,,,inactive,410,False,0,,,False,False,,,,
https://drvanilla.com,drvanilla.com,shopify,,,cro_media,,,timeout,0,False,0,,,False,False,,,,
https://easterndistrictny.com,easterndistrictny.com,shopify,,,cro_media,,,timeout,0,False,0,,,False,False,,,,
https://eatpmp.com,eatpmp.com,shopify,,,cro_media,,,timeout,0,False,0,,,False,False,,,,
https://eatsaltysweet.com,eatsaltysweet.com,shopify,,,cro_media,,,timeout,0,False,0,,,False,False,,,,
https://eberkshire.com,eberkshire.com,shopify,,,cro_media,,,timeout,0,False,0,,,False,False,,,,
https://ecuagenera.com,ecuagenera.com,shopify,,,cro_media,,,timeout,0,False,0,,,False,False,,,,
https://edibleblooms.co.nz,edibleblooms.co.nz,shopify,,,cro_media,,,timeout,0,False,0,,,False,False,,,,
https://ehplabs.com,ehplabs.com,shopify,,,cro_media,,,timeout,0,False,0,,,False,False,,,,
https://elegantthemes.com,elegantthemes.com,woocommerce,tech,,curated,,,not_shopify,404,False,0,,,False,False,,0,,
https://elektor.de,elektor.de,shopify,,,cro_media,,,timeout,0,False,0,,,False,False,,,,
https://elitedonut.com,elitedonut.com,shopify,,,cro_media,,,timeout,0,False,0,,,False,False,,,,
https://elliesbest.com,elliesbest.com,shopify,,,cro_media,,,timeout,0,False,0,,,False,False,,,,
https://emmezeta.hr,emmezeta.hr,prestashop,home,,curated,,,not_shopify,404,False,0,,,False,False,,0,,
https://enchroma.com,enchroma.com,shopify,,,cro_media,,,timeout,0,False,0,,,False,False,,,,
https://end.com,end.com,magento,fashion,,curated,,,not_shopify,404,False,0,,,False,False,,0,,
https://equator.com,equator.com,shopify,coffee,US,curated,,,password_protected,200,False,0,,,False,False,,,,
https://escutcheonbrewing.com,escutcheonbrewing.com,shopify,,,cro_media,,,timeout,0,False,0,,,False,False,,,,
https://estickybrand.com,estickybrand.com,shopify,,,cro_media,,,timeout,0,False,0,,,False,False,,,,
https://everlane.com,everlane.com,shopify,fashion,US,curated,,,timeout,0,False,0,,,False,False,,,,
https://evivenutrition.ca,evivenutrition.ca,shopify,,,cro_media,,,timeout,0,False,0,,,False,False,,,,
https://evoolution.ca,evoolution.ca,shopify,,,cro_media,,,timeout,0,False,0,,,False,False,,,,
https://eyeformarketing.com,eyeformarketing.com,shopify,,,cro_media,,,timeout,0,False,0,,,False,False,,,,
https://fable.co,fable.co,shopify,pets,,curated,,,not_shopify,200,False,0,,,False,False,,0,,
https://fairnatural.de,fairnatural.de,shopify,,,cro_media,,,timeout,0,False,0,,,False,False,,,,
https://fashionnova.com,fashionnova.com,shopify,fashion,,curated,,,active,200,True,5,Shoes|Shoes|Jumpsuits|Mens Woven Tops|Kids Sets,All Promo|Back In Stock 2023|category:Shoes|category_es:Zapatos|category_group:Accessories & Shoes|All Promo|Back In Stock 2023|category:Shoes|category_es:Zapatos|category_group:Accessories & Shoes,True,False,,0,13.99,47.99
https://fcbarcelona.com,fcbarcelona.com,magento,sports,,curated,,,not_shopify,404,False,0,,,False,False,,1,,
https://felizmodern.com,felizmodern.com,shopify,,,cro_media,,,timeout,0,False,0,,,False,False,,,,
https://fendi.com,fendi.com,magento,luxury,IT,curated,,,timeout,0,False,0,,,False,False,,,,
https://feniz.nl,feniz.nl,shopify,,,cro_media,,,timeout,0,False,0,,,False,False,,,,
https://fentybeauty.com,fentybeauty.com,shopify,beauty,US,curated,,,timeout,0,False,0,,,False,False,,,,
https://figs.com,figs.com,shopify,fashion,US,curated,,,timeout,0,False,0,,,False,False,,,,
https://filippo-loreti.com,filippo-loreti.com,shopify,watches,US,curated,,,connection_error,0,False,0,,,False,False,,,,
https://fiteats.com,fiteats.com,shopify,,,cro_media,,,timeout,0,False,0,,,False,False,,,,
https://flavorsoflight.com,flavorsoflight.com,woocommerce,food,US,curated,,,empty_store,200,False,0,,,False,False,,,,
https://flerbarvape.de,flerbarvape.de,shopify,,,cro_media,,,timeout,0,False,0,,,False,False,,,,
https://flourist.com,flourist.com,shopify,food,,curated,,,active,200,True,5,Produce|Produce|Produce|Produce|Produce,delivery|local|pickup|produce|produce + dairy|all grocery|bakery|delivery|local|migrate,True,False,,0,4.95,7.95
https://floydhome.com,floydhome.com,shopify,home,,curated,,,active,200,True,5,Shelving & Storage|Sofas|Sofas|Tables|Add On/Expansion,accessories|category-bed-ao-eu|category-beds|category-storage|Coffee & Side Tables|Not Searchable|Not Searchable|Chairs & Benches|Coffee & Side Tables|Discount %|0,True,False,,0,200.0,1450.0
https://flybyjing.com,flybyjing.com,shopify,food,,curated,,,active,200,True,5,Pantry|Pantry|Pantry|Sets|Sauce,Exclude from Recommendations|Verishop|Verishop,True,False,,0,25.0,54.0
https://fnac.com,fnac.com,prestashop,electronics,FR,curated,,,inactive,403,False,0,,,False,False,,,,
https://fodbods.co.uk,fodbods.co.uk,shopify,,,cro_media,,,timeout,0,False,0,,,False,False,,,,
https://ford.com,ford.com,magento,automotive,US,curated,,,timeout,0,False,0,,,False,False,,,,
https://forhers.com,forhers.com,shopify,health,US,curated,,,inactive,403,False,0,,,False,False,,,,
https://frankandoak.com,frankandoak.com,shopify,fashion,,curated,,,active,200,True,5,Shirts|Shirts|Shirts|Shirts|Shirts,blue night|ECOM_INV_TRUE|mens|mens shirts|new arrivals|ECOM_INV_TRUE|flint stone|mens|mens shirts|new arrivals,True,False,,0,65.0,69.0
https://freshheritage.com,freshheritage.com,shopify,beauty,,curated,,,active,200,True,5,Double Edge Razor|Beard Oil|bundle|bundle|Beard Oil,african american|beard growth|beard oil|beard vitamin|best beard products|beard growth oil|beard oil|best beard oil|black|black beard,True,False,,0,9.99,11.99
https://friendlygrains.com,friendlygrains.com,shopify,,,cro_media,,,timeout,0,False,0,,,False,False,,,,
https://fruitfully.com,fruitfully.com,shopify,,,cro_media,,,timeout,0,False,0,,,False,False,,,,
https://fuel-station.co.uk,fuel-station.co.uk,shopify,,,cro_media,,,timeout,0,False,0,,,False,False,,,,
https://fulfilnutrition.co.uk,fulfilnutrition.co.uk,shopify,,,cro_media,,,timeout,0,False,0,,,False,False,,,,
https://funkyfatfoods.com,funkyfatfoods.com,shopify,,,cro_media,,,timeout,0,False,0,,,False,False,,,,
https://funwithdysfunction.com,funwithdysfunction.com,shopify,,,cro_media,,,timeout,0,False,0,,,False,False,,,,
https://gachamachine.com,gachamachine.com,shopify,,,cro_media,,,timeout,0,False,0,,,False,False,,,,
https://gagas.com.au,gagas.com.au,shopify,,,cro_media,,,timeout,0,False,0,,,False,False,,,,
https://gallerykhat.com,gallerykhat.com,shopify,,,cro_media,,,timeout,0,False,0,,,False,False,,,,
https://gamamusic.com,gamamusic.com,shopify,,,cro_media,,,timeout,0,False,0,,,False,False,,,,
https://geologie.com,geologie.com,shopify,,,cro_media,,,timeout,0,False,0,,,False,False,,,,
https://getjing.com,getjing.com,shopify,,,cro_media,,,timeout,0,False,0,,,False,False,,,,
https://getoutsideshoes.com,getoutsideshoes.com,shopify,,,cro_media,,,timeout,0,False,0,,,False,False,,,,
https://ghasitaramgifts.com,ghasitaramgifts.com,shopify,,,cro_media,,,timeout,0,False,0,,,False,False,,,,
https://ghd.com,ghd.com,magento,beauty,,curated,,,not_shopify,404,False,0,,,False,False,,0,,
https://ghosthardware.com,ghosthardware.com,squarespace,electronics,,curated,,,not_shopify,200,False,0,,,False,False,,0,,
https://giftcards.unclemikesbakeshoppe.com,giftcards.unclemikesbakeshoppe.com,shopify,,,cro_media,,,timeout,0,False,0,,,False,False,,,,
https://gifts.wuollet.com,gifts.wuollet.com,shopify,,,cro_media,,,timeout,0,False,0,,,False,False,,,,
https://gillette.com,gillette.com,bigcommerce,beauty,,curated,,,active_ecommerce,404,False,0,,,True,False,,1,,
https://gillipepperjewellery.com.au,gillipepperjewellery.com.au,shopify,,,cro_media,,,timeout,0,False,0,,,False,False,,,,
https://girlfriend.com,girlfriend.com,shopify,fitness,,curated,,,active,200,True,5,Gemma Scoop Tank|Gemma Scoop Tank|Gemma Scoop Tank|Becca X Neck Bra|Becca X Neck Bra,#000000|Available_Online_Store|BFCM25|Black|boldmetrics:womens_tops_alpha|#3D4252|BFCM25|boldmetrics:womens_tops_alpha|Collection:Compressive|Color:Skyline,True,False,,0,20.4,20.4
https://givemetap.com,givemetap.com,shopify,accessories,,curated,,,active,200,True,5,Water Bottles|Insulated Water Bottle|Insulated Water Bottle|Custom Bottle|Custom Bottle,consolidated,True,False,,0,13.0,30.0
https://givenchy.com,givenchy.com,magento,luxury,FR,curated,,,connection_error,0,False,0,,,False,False,,,,
https://glassons.com,glassons.com,shopify,fashion,,curated,,,not_shopify,404,False,0,,,False,False,afterpay|apple_pay,1,,
https://glorygarden.org,glorygarden.org,shopify,,,cro_media,,,timeout,0,False,0,,,False,False,,,,
https://glossier.com,glossier.com,shopify,beauty,,curated,,,active,200,True,5,Balms|Merch|Merch|Merch|Collateral,GLS 2.0|GLS 2.0 Sets|GLS 2.0 Standalone|Maximum Limit: 20|Shop All|final_sale|GLS 2.0|Maximum Limit: 3|merch|not eligible,True,False,,0,16.0,42.0
https://glutalipo.com,glutalipo.com,shopify,,,cro_media,,,timeout,0,False,0,,,False,False,,,,
https://glutenfreespecialties.com,glutenfreespecialties.com,shopify,,,cro_media,,,timeout,0,False,0,,,False,False,,,,
https://goldhund.de,goldhund.de,shopify,,,cro_media,,,timeout,0,False,0,,,False,False,,,,
https://goodeeworld.com,goodeeworld.com,shopify,home,,curated,,,active,200,True,5,Furniture|Kitchen + Dining|Kitchen + Dining|Kitchen + Dining|Kitchen + Dining,_category:Baby + Kids|_category:Furniture|_cause:Circular Economy|_cause:Corporate Reporting|_cause:Recycled Materials|_category:Kitchen + Dining|_category:Kitchen Essentials|_productfilter:Knife|_swatch:Image|feed-sl-free shipping,True,False,,0,39.0,785.0
https://goodfair.com,goodfair.com,shopify,fashion,US,curated,,,empty_store,200,False,0,,,False,False,,,,
https://goop.com,goop.com,shopify,beauty,US,curated,,,inactive,403,False,0,,,False,False,,,,
https://gorjana.com,gorjana.com,shopify,jewelry,,curated,,,active,200,True,5,Necklaces|Charms|Necklaces|Charms|Charms,14K Solid Gold|April 2026 Fine|Diamonds|Fine|Necklaces|14K Solid Gold|April 2026 Fine|Charms|Diamonds|Fine,True,False,,0,235.0,465.0
https://goruvi.com,goruvi.com,shopify,,,cro_media,,,timeout,0,False,0,,,False,False,,,,
https://gourmetboutique.net,gourmetboutique.net,shopify,,,cro_media,,,timeout,0,False,0,,,False,False,,,,
https://greatjonesgoods.com,greatjonesgoods.com,shopify,kitchen,US,curated,,,active,200,True,5,Bundle|Gift Cards|Accessories|Accessories|cookware,badge_Save $60!|Govalo Gift Card (Do Not Delete)|Component|Stainless Steel,True,False,apple_pay,2,25.0,1000.0
https://greats.com,greats.com,shopify,shoes,,curated,,,active,200,True,5,Men's Shoes|Men's Shoes|Men's Shoes|Men's Shoes,few_left|HighlightSection_TestingTerry|category:Low Tops|color-family:Beige|color:Ecru|Full Price|gender:Men|category:Lifestyle|category:Low Tops|color-family:Grey,True,False,,0,100.0,215.0
https://grfreedfoods.com,grfreedfoods.com,shopify,food,US,curated,,,timeout,0,False,0,,,False,False,,,,
https://gucci.com,gucci.com,magento,luxury,IT,curated,,,timeout,0,False,0,,,False,False,,,,
https://gymshark.com,gymshark.com,shopify,fashion,,curated,,,active,200,True,5,Headwear|Misc.|Socks|Socks|Womens Leggings,02/04/26|acc-lower-bucket|accessories|activity:Rest Day|akeneo_updated_at:1775143409|02/04/26|acc-lower-bucket|accessories|activity:Lifting|akeneo_updated_at:1775143409,True,False,,0,16.0,54.0
https://hailnia.com,hailnia.com,shopify,,,cro_media,,,timeout,0,False,0,,,False,False,,,,
https://halaleveryday.com,halaleveryday.com,shopify,,,cro_media,,,timeout,0,False,0,,,False,False,,,,
https://halosleepsack.com,halosleepsack.com,shopify,baby,US,curated,,,timeout,0,False,0,,,False,False,,,,
https://hamptonsbrine.com,hamptonsbrine.com,shopify,,,cro_media,,,timeout,0,False,0,,,False,False,,,,
https://hannafords.com,hannafords.com,magento,grocery,US,curated,,,timeout,0,False,0,,,False,False,,,,
https://harrys.com,harrys.com,shopify,beauty,,curated,,,active,200,True,5,Handles-10010|Body wash-40010|Body wash-40010|Shave accessories-10050|Other-50033,_okendo:syndication_key:harrys-plus-handle|gen3-product|handle|_okendo:syndication_key:body-wash-1|_okendo:syndication_key:tattoo-frost,True,False,,0,3.0,48.0
https://hauslabs.com,hauslabs.com,shopify,beauty,US,curated,,,timeout,0,False,0,,,False,False,,,,
https://haverhill.com,haverhill.com,shopify,,,cro_media,,,timeout,0,False,0,,,False,False,,,,
https://headwines.com.au,headwines.com.au,shopify,,,cro_media,,,timeout,0,False,0,,,False,False,,,,
https://healthiercomforts.com,healthiercomforts.com,shopify,,,cro_media,,,timeout,0,False,0,,,False,False,,,,
https://healthy-lunch.fr,healthy-lunch.fr,shopify,,,cro_media,,,timeout,0,False,0,,,False,False,,,,
https://healthygoodness.com,healthygoodness.com,shopify,,,cro_media,,,timeout,0,False,0,,,False,False,,,,
https://healthysnacks.nz,healthysnacks.nz,shopify,,,cro_media,,,timeout,0,False,0,,,False,False,,,,
https://hedleyandbennett.com,hedleyandbennett.com,shopify,kitchen,,curated,,,active,200,True,5,Essential Apron|Essential Apron|Essential Apron|Accessory|Accessory,Active Product|Apron|BC-Apron|Not Duplicate|Sanity-Apron-Size-Regular|Active Product|Apron|BC-Apron|Not Duplicate|Sanity-Apron-Size-Regular,True,False,,0,39.0,96.0
https://hellawkward.com,hellawkward.com,shopify,,,cro_media,,,timeout,0,False,0,,,False,False,,,,
https://hellomolly.com,hellomolly.com,shopify,fashion,,curated,,,active_headless,403,False,0,,,True,True,,0,,
https://hellotushy.com,hellotushy.com,shopify,home,,curated,,,active,200,True,5,Parts & Accessories|Parts & Accessories|Parts & Accessories|Parts & Accessories,Final Sale|Wave/Oasis Seat & Lid Exchange|Final Sale|Wave/Oasis Seat & Lid Exchange|Wave/Oasis Seat & Lid Exchange|Final Sale|Wave/Oasis Seat & Lid Exchange|Wave/Oasis Seat & Lid Exchange,True,False,,0,16.0,16.0
https://herbanwellness.net,herbanwellness.net,shopify,,,cro_media,,,timeout,0,False,0,,,False,False,,,,
https://herbivore.com,herbivore.com,shopify,beauty,,curated,,,active,200,True,5,,,True,False,,0,69.0,78.0
https://hereweflow.com,hereweflow.com,shopify,,,cro_media,,,timeout,0,False,0,,,False,False,,,,
https://hermes.com,hermes.com,magento,luxury,FR,curated,,,inactive,403,False,0,,,False,False,,,,
https://hersheys.com,hersheys.com,magento,food,,curated,,,not_shopify,200,False,0,,,False,False,,1,,
https://hickoryfarms.ca,hickoryfarms.ca,shopify,,,cro_media,,,timeout,0,False,0,,,False,False,,,,
https://hims.com,hims.com,shopify,health,US,curated,,,inactive,403,False,0,,,False,False,,,,
https://hiutdenim.co.uk,hiutdenim.co.uk,shopify,fashion,,curated,,,active_headless,404,False,0,,,True,True,,1,,
https://homebakersmart.co.in,homebakersmart.co.in,shopify,,,cro_media,,,timeout,0,False,0,,,False,False,,,,
https://hoodsly.com,hoodsly.com,woocommerce,home,US,curated,,,connection_error,0,False,0,,,False,False,,,,
https://hp.com,hp.com,magento,electronics,US,curated,,,timeout,0,False,0,,,False,False,,,,
https://hydroflask.com,hydroflask.com,shopify,accessories,US,curated,,,inactive,403,False,0,,,False,False,,,,
https://hylete.com,hylete.com,shopify,fitness,,curated,,,active,200,True,5,Women Bottoms|Women Bottoms|Accessories|Accessories|Accessories,Bottoms|Iris|Lavender|new arrival|Shorts|Bottoms|Iris|Lavender|new arrival|Shorts,True,False,,0,12.0,68.0
https://iliabeauty.com,iliabeauty.com,shopify,beauty,,curated,,,active,200,True,5,Eberjey x ILIA—The PM Set|Eberjey x ILIA—The AM Set|The Skin Tint + Blur Complexion Duo|The Skin Tint + Blur Complexion Duo|The Skin Tint + Blur Complexion Duo,all|bundle|flag::New|LoopRtns_bundles|new|all|bundle|eye|flag::New|LoopRtns_bundles,True,False,,0,80.0,117.0
https://imwellthy.com,imwellthy.com,shopify,,,cro_media,,,timeout,0,False,0,,,False,False,,,,
https://intelligentsia.com,intelligentsia.com,shopify,coffee,,curated,,,active,200,True,5,Equipment|Coffee|Coffee|Coffee|Coffee,Show Upsell|Badge: Special Selection|Coffee Type: Single Origin|Coffee Type: Special Selection|Country: Colombia|Features: Special Selection|Badge: Organic|Coffee Type: Single Origin|Country: Peru|Hidden,True,False,,0,23.5,190.0
https://interiordefine.com,interiordefine.com,shopify,home,,curated,,,not_shopify,404,False,0,,,False,False,,0,,
https://irislee.com,irislee.com,shopify,,,cro_media,,,timeout,0,False,0,,,False,False,,,,
https://irun.fr,irun.fr,prestashop,sports,FR,curated,,,inactive,403,False,0,,,False,False,,,,
https://itwist.com,itwist.com,joomla_virtuemart,electronics,US,curated,,,timeout,0,False,0,,,False,False,,,,
https://jackjones.com,jackjones.com,magento,fashion,DK,curated,,,timeout,0,False,0,,,False,False,,,,
https://jazib.com.pk,jazib.com.pk,shopify,,,cro_media,,,timeout,0,False,0,,,False,False,,,,
https://jeffreestarcosmetics.com,jeffreestarcosmetics.com,shopify,beauty,,curated,,,active,200,True,5,T-SHIRT|HOODIE,In Stock Bundles|in stock lip balm|In stock lip care|in stock lips|in stock makeup bundles|In Stock Bundles|in stock lip balm|in stock lips|in stock makeup bundles|makeup,True,False,,0,24.5,140.8
https://jimmychoo.com,jimmychoo.com,magento,luxury,UK,curated,,,timeout,0,False,0,,,False,False,,,,
https://jm-boots.com,jm-boots.com,shopify,,,cro_media,,,timeout,0,False,0,,,False,False,,,,
https://kadakchai.com.au,kadakchai.com.au,shopify,,,cro_media,,,timeout,0,False,0,,,False,False,,,,
https://kellyandjones.com,kellyandjones.com,shopify,,,cro_media,,,timeout,0,False,0,,,False,False,,,,
https://kellysflowershoppe.com,kellysflowershoppe.com,shopify,,,cro_media,,,timeout,0,False,0,,,False,False,,,,
https://kendrascott.com,kendrascott.com,shopify,jewelry,US,curated,,,timeout,0,False,0,,,False,False,,,,
https://kingproteincookies.com,kingproteincookies.com,shopify,,,cro_media,,,timeout,0,False,0,,,False,False,,,,
https://kirrinfinch.com,kirrinfinch.com,shopify,fashion,,curated,,,active,200,True,5,Short Sleeve Knit|Pants|Blazer|Short-Sleeve Button-Up Shirt|Shorts,Size: L|Size: S|Size: XL|style: Short-Sleeve Shirt|Bottoms|graduation|New Theme PDP|prom|Size: 0|New Theme PDP,True,False,,0,95.0,415.0
https://kitandkaboodlesbaskets.com,kitandkaboodlesbaskets.com,shopify,,,cro_media,,,timeout,0,False,0,,,False,False,,,,
https://kizingokids.com,kizingokids.com,shopify,,,cro_media,,,timeout,0,False,0,,,False,False,,,,
https://koio.co,koio.co,shopify,shoes,,curated,,,active,200,True,5,Men's Footwear|Women's Footwear|Men's Footwear|Men's Footwear|Men's Footwear,Allow Discount Code|BFCM202520|DTC Price Content: 265|Eco-Cleaner:False|Filer:Style:Low-tops|2.0|AB_Test|BFCM2023|BFCM202550|Common Projects,True,False,,0,265.0,395.0
https://kotn.com,kotn.com,shopify,fashion,,curated,,,active_headless,200,False,0,,,True,True,,0,,
https://kudzucolumbia.com,kudzucolumbia.com,shopify,,,cro_media,,,timeout,0,False,0,,,False,False,,,,
https://kurvesbyjanet.com,kurvesbyjanet.com,shopify,,,cro_media,,,timeout,0,False,0,,,False,False,,,,
https://kyliecosmetics.com,kyliecosmetics.com,shopify,beauty,,curated,,,active,200,True,5,Bundle|Sample|Sample|Sample|Sample,#hide-sale|Brand_Principles:cruelty free|Brand_Principles:vegan|bundle_product|8818047713522|1|all|bundle_product|8818047746290|1|all|_free_sample|_gift_eligible|algolia-ignore|bundle_nosto|nosto_exclude,True,False,,0,0.5,56.7
https://labaskets.com,labaskets.com,shopify,,,cro_media,,,timeout,0,False,0,,,False,False,,,,
https://landrover.com,landrover.com,magento,automotive,,curated,,,not_shopify,404,False,0,,,False,False,,0,,
https://lanmeiyoupin.shop,lanmeiyoupin.shop,shopify,,,cro_media,,,timeout,0,False,0,,,False,False,,,,
https://largestheart.org,largestheart.org,shopify,,,cro_media,,,timeout,0,False,0,,,False,False,,,,
https://laselvabeachspice.com,laselvabeachspice.com,shopify,,,cro_media,,,timeout,0,False,0,,,False,False,,,,
https://lastobject.com,lastobject.com,shopify,home,,curated,,,active,200,True,5,Bundle|B2C|New|Bundle,for-cs|Bundle & Save|bundle-discount|filter-gallery|filter-option2|for-cs|for-cs|tiered-discount|Beauty|bundle-discount,True,False,,0,12.0,147.0
https://ldlc.com,ldlc.com,prestashop,electronics,,curated,,,not_shopify,404,False,0,,,False,False,,0,,
https://leahitsines.com.au,leahitsines.com.au,shopify,,,cro_media,,,timeout,0,False,0,,,False,False,,,,
https://leggendashop.com,leggendashop.com,shopify,,,cro_media,,,timeout,0,False,0,,,False,False,,,,
https://lemonadeglutenfreebakery.ca,lemonadeglutenfreebakery.ca,shopify,,,cro_media,,,timeout,0,False,0,,,False,False,,,,
https://lenovo.com,lenovo.com,magento,electronics,CN,curated,,,server_error,503,False,0,,,False,False,,,,
https://lilahblueboutique.com,lilahblueboutique.com,shopify,,,cro_media,,,timeout,0,False,0,,,False,False,,,,
https://liverpoolfc.com,liverpoolfc.com,magento,sports,,curated,,,not_shopify,404,False,0,,,False,False,,0,,
https://liviadunne.com,liviadunne.com,shopify,fitness,US,curated,,,timeout,0,False,0,,,False,False,,,,
https://lobicreative.co.uk,lobicreative.co.uk,shopify,,,cro_media,,,timeout,0,False,0,,,False,False,,,,
https://loewe.com,loewe.com,magento,luxury,ES,curated,,,password_protected,200,False,0,,,False,False,,,,
https://longgroveconfectionery.com,longgroveconfectionery.com,shopify,,,cro_media,,,timeout,0,False,0,,,False,False,,,,
https://lootcrate.com,lootcrate.com,shopify,entertainment,,curated,,,active,200,True,4,20230320-20230419/robocop-cup/predatorvsalien-tee/superman-pin|20230320-20230419/battlestarglactica-tees|20230504-20230703/harrypotter-towel/harrypotter-totebag/harrypotter-hat/harrypotter-cornhole|20210916-20211115/blumhouse-hat/blumhouse-tee/blumhouse-mat/blumhouse-mask,2XL|3XL|Almost Gone|Bold Subscription|Core Crate|2XL|3XL|Almost Gone|Apparel|Bold Subscription,True,False,,0,13.99,39.99
https://lotusbloomingherbs.com,lotusbloomingherbs.com,shopify,,,cro_media,,,timeout,0,False,0,,,False,False,,,,
https://louisvuitton.com,louisvuitton.com,magento,luxury,FR,curated,,,inactive,403,False,0,,,False,False,,,,
https://lovelyskin.com,lovelyskin.com,shopify,beauty,,curated,,,not_shopify,404,False,0,,,False,False,,0,,
https://loydford.com,loydford.com,shopify,,,cro_media,,,timeout,0,False,0,,,False,False,,,,
https://lunchskins.com,lunchskins.com,shopify,home,,curated,,,active,200,True,5,"Compostable, PLA, Ziptop|Recyclable|Compostable|Compostable, PLA, Ziptop|Recyclable",Compostable|Freezer-Safe|Organizer|Ziptop|Compostable|Lunch Sac|Microwave-Safe|Recyclable|Cling Wrap|Compostable,True,False,,0,6.99,38.0
https://luxsanat.com,luxsanat.com,shopify,,,cro_media,,,timeout,0,False,0,,,False,False,,,,
https://lyftmerch.com,lyftmerch.com,squarespace,fashion,US,curated,,,connection_error,0,False,0,,,False,False,,,,
https://lyonsreadycare.com,lyonsreadycare.com,shopify,,,cro_media,,,timeout,0,False,0,,,False,False,,,,
https://macway.com,macway.com,prestashop,electronics,,curated,,,active_ecommerce,404,False,0,,,True,False,,2,,
https://madeincookware.com,madeincookware.com,shopify,kitchen,,curated,,,active_headless,403,False,0,,,True,True,,0,,
https://magicmind.co,magicmind.co,shopify,,,cro_media,,,timeout,0,False,0,,,False,False,,,,
https://magicspoon.com,magicspoon.com,shopify,food,,curated,,,active,200,True,5,Treats|Cereal|Cereal|Multi Product Bundle|Pastries,6093-BDAYTRT04-1x|no index|noindex|Promo-Excluded|6131-PFRU01-2x|6132-PCOC01-1x|6133-PCIN01-2x|6134-PHNUT01-1x|no index|6131-PFRU01-1x,True,False,,0,9.75,74.99
https://maguireshoes.com,maguireshoes.com,shopify,shoes,,curated,,,active,200,True,5,Flats|Flats|Flats|Boots|Boots,archive-Last units|Archive-Sale|color-Green|country-Portugal|Factory - JH|archive-Last units|Archive-Sale|Ballet-flat|color-Blue|country-Portugal,True,False,,0,150.0,185.0
https://maisonbrocante.co.uk,maisonbrocante.co.uk,shopify,,,cro_media,,,timeout,0,False,0,,,False,False,,,,
https://manchestercity.com,manchestercity.com,magento,sports,,curated,,,not_shopify,404,False,0,,,False,False,,0,,
https://manoloblahnik.com,manoloblahnik.com,magento,luxury,UK,curated,,,connection_error,0,False,0,,,False,False,,,,
https://manomano.com,manomano.com,prestashop,home,,curated,,,not_shopify,200,False,0,,,False,False,,0,,
https://manscaped.com,manscaped.com,shopify,beauty,US,curated,,,timeout,0,False,0,,,False,False,,,,
https://marinelayer.com,marinelayer.com,shopify,fashion,,curated,,,active,200,True,5,Womens - Accessories - Bags|Womens - Accessories - Bags|Womens - Accessories - Bags|Womens - Accessories - Bags|Womens - Accessories - Hats,custom|custom_limited|customcollection|custom|custom_limited|customcollection|custom|custom_limited|customcollection|custom,True,False,,0,28.0,42.0
https://marispearlco.com,marispearlco.com,shopify,,,cro_media,,,timeout,0,False,0,,,False,False,,,,
https://matbakhyspices.com,matbakhyspices.com,shopify,,,cro_media,,,timeout,0,False,0,,,False,False,,,,
https://materialkitchen.com,materialkitchen.com,shopify,kitchen,US,curated,,,timeout,0,False,0,,,False,False,,,,
https://maxbone.com,maxbone.com,shopify,pets,,curated,,,active,200,True,5,Food,Dog|Eat|food|member|Treats|Wear|Dog|Walk|Wear,True,False,,0,25.0,75.0
https://mdriveformen.com,mdriveformen.com,shopify,,,cro_media,,,timeout,0,False,0,,,False,False,,,,
https://mealboosters.com,mealboosters.com,shopify,,,cro_media,,,timeout,0,False,0,,,False,False,,,,
https://meethi.in,meethi.in,shopify,,,cro_media,,,timeout,0,False,0,,,False,False,,,,
https://meinearbeitsschuhe.com,meinearbeitsschuhe.com,shopify,,,cro_media,,,timeout,0,False,0,,,False,False,,,,
https://mejuri.com,mejuri.com,shopify,jewelry,CA,curated,,,timeout,0,False,0,,,False,False,,,,
https://meltingforest.com,meltingforest.com,shopify,,,cro_media,,,timeout,0,False,0,,,False,False,,,,
https://meowmeowtweet.com,meowmeowtweet.com,shopify,beauty,,curated,,,active,200,True,5,Candle|Soap - Bar|Soap - Bar|Hair|Hair,gifts: limited edition|primary|body: Scrubs|gifts: limited edition|primary|soap: Body|body: Scrubs|gifts: limited edition|primary|soap: Body,True,False,,0,12.0,99.0
https://mercadojamaica.com,mercadojamaica.com,shopify,,,cro_media,,,timeout,0,False,0,,,False,False,,,,
https://meshki.com.au,meshki.com.au,shopify,fashion,,curated,,,active,200,True,5,Dresses|Dresses|Dresses|Pants|Dresses,CreditOnly|exclusive:Bronze|exclusive:Platinum|exclusive:Silver|Heritage 2026|CreditOnly|Heritage 2026|pair:dasha-sling-back-heels-ivory|pair:elianne-satin-frame-clutch-bag-white|REUNION DROP 4,True,False,,0,199.0,399.0
https://micheselgordo.com,micheselgordo.com,shopify,,,cro_media,,,timeout,0,False,0,,,False,False,,,,
https://milkmakeup.com,milkmakeup.com,shopify,beauty,,curated,,,active,200,True,5,Concealer|Kit|Sets|Concealer|Blush,Custom Kits|new|set|set::The Fall Lineup::discount::30|set::TheFallLineup::discount::30|eye|face|hydro|makeup|new,True,False,,0,29.0,110.0
https://missguided.com,missguided.com,shopify,fashion,,curated,,,active_ecommerce,404,False,0,,,True,False,,2,,
https://missionbmx.com,missionbmx.com,shopify,,,cro_media,,,timeout,0,False,0,,,False,False,,,,
https://missoma.com,missoma.com,shopify,jewelry,,curated,,,active,200,True,5,Earrings|Earrings|Bracelets|Earrings|Necklaces,__label:Save £29|Hoops_Size:Mini Hoops & Huggies|Metal 2:Gold|Metal:18ct Gold Vermeil|Pearl & Gemstone Jewellery|__label:Save £42|Gemstone:Cubic Zirconia|Gemstone:Pearl|Metal 2:Gold|Metal:18ct Gold Vermeil,True,False,,0,119.0,255.0
https://miumiu.com,miumiu.com,magento,luxury,IT,curated,,,timeout,0,False,0,,,False,False,,,,
https://molinoshop.com,molinoshop.com,shopify,,,cro_media,,,timeout,0,False,0,,,False,False,,,,
https://moment.co,moment.co,shopify,electronics,US,curated,,,connection_error,0,False,0,,,False,False,,,,
https://momi.baby,momi.baby,shopify,,,cro_media,,,timeout,0,False,0,,,False,False,,,,
https://monicavinader.com,monicavinader.com,shopify,jewelry,UK,curated,,,timeout,0,False,0,,,False,False,,,,
https://monin.com,monin.com,magento,food,FR,curated,,,timeout,0,False,0,,,False,False,,,,
https://monkandanna.com,monkandanna.com,shopify,kids,,curated,,,active,200,True,5,phone pouch|shopper|shopper|backpack|toiletry bag,new|bag|bf 50|bf bag|bf sale|Black Friday|bag|bf 50|bf bag|bf sale,True,False,,0,8.45,34.95
https://monsterinsights.com,monsterinsights.com,woocommerce,tech,,curated,,,not_shopify,200,False,0,,,False,False,stripe,0,,
https://moogoousa.com,moogoousa.com,shopify,,,cro_media,,,timeout,0,False,0,,,False,False,,,,
https://moonjuice.com,moonjuice.com,shopify,health,,curated,,,active,200,True,5,Stack|Stack|Skincare|Stack|Powder Supplements,Brain|Brain food|brain-tag|exclude discount|Focus & Brain|exclude discount|ReCharge Bundle|stack|subscribe-default|subscription,True,False,,0,58.0,124.0
https://morphe.com,morphe.com,shopify,beauty,,curated,,,active,200,True,5,Bundle|Bundle|Bundle|Bundle|Bundle,BG-Type:Brush-Sets|buttery|NEW|webhook-03052026|webhook-20260224|cheek-thrills-26|ct-bundle-merch|face-color|FS-Category: Face|cheek-thrills-26,True,False,,0,38.0,190.0
https://moschino.com,moschino.com,shopify,,,cro_media,,,timeout,0,False,0,,,False,False,,,,
https://mountainjoes.co.uk,mountainjoes.co.uk,shopify,,,cro_media,,,timeout,0,False,0,,,False,False,,,,
https://murcuryfirefly.com,murcuryfirefly.com,shopify,,,cro_media,,,timeout,0,False,0,,,False,False,,,,
https://mvmt.com,mvmt.com,shopify,watches,US,curated,,,timeout,0,False,0,,,False,False,,,,
https://mvmtwatches.com,mvmtwatches.com,shopify,watches,US,curated,,,timeout,0,False,0,,,False,False,,,,
https://mybreadbakery.com,mybreadbakery.com,shopify,,,cro_media,,,timeout,0,False,0,,,False,False,,,,
https://mycomputerworks.com,mycomputerworks.com,opencart,electronics,,curated,,,not_shopify,404,False,0,,,False,False,,0,,
https://mynextbike.co.uk,mynextbike.co.uk,shopify,,,cro_media,,,active,200,True,5,Mountain Bike|Mountain Bike|Electric Bike|Road Bike|Mountain Bike,business|hardtail|RRP_240|Subcategory_Crosscountry|RRP_|Subcategory_Trail|suspension|RRP_1365|hardtail|RRP_,True,False,,0,285.0,14460.0
https://mypreciousname.com,mypreciousname.com,shopify,,,cro_media,,,active,200,True,5,Necklace|Necklace|Necklace|Bracelet|Bracelet,ar7|cr7|Necklaces|ar7|cr7|Necklaces|ar7|cr7|Necklaces|ar7,True,False,,0,35.95,49.95
https://myskin.lv,myskin.lv,shopify,,,cro_media,,,active,200,True,5,,Jaunums|Jaunums|200|esthederm|esthederm saules kosmētika|iedegumu|institut|Jaunums|ocean defense,True,False,,0,30.0,75.0
https://nakedwolfe.com,nakedwolfe.com,shopify,shoes,,curated,,,active,200,True,5,Sneaker|Sneaker|Sneaker|Sneaker|Sneaker,BD2230|BFCM30|black friday mens|black-friday-50|EASTER23|BD2230|BFCM30|Black Friday Icons|black friday womens|black friday womens 30%,True,False,,0,200.0,300.0
https://native-cos.com,native-cos.com,shopify,beauty,,curated,,,not_shopify,404,False,0,,,False,False,,0,,
https://nativeunion.com,nativeunion.com,shopify,electronics,,curated,,,active,200,True,5,Organizers|Cables,__label:New|Back_To_School_2024|ChooseJan25|NATIVEUNIONTB0924|NATIVEUNIONTB1123|__label:New|ChooseJan25|NATIVEUNIONTB0924|NATIVEUNIONTB1123|shoppeobject26,True,False,,0,29.99,47.99
https://naturalblondemix.com,naturalblondemix.com,shopify,,,cro_media,,,active,200,True,5,Retail|Retail|Retail|Retail|Retail,Main Product|New Brand|Main Product|New Brand|Main Product|New Brand|Main Product|New Brand,True,False,,0,15.99,86.35
https://naturesante.ca,naturesante.ca,shopify,,,cro_media,,,active,200,True,5,"Vegan Foodsection|Supplements|Milk,eggs, and more foodsection|Gluten free foodsection|foodsection",apr25|glutenfree|keto|kosher|Newnewnew|capsules|casa40|flora|Kosher|KOSHER SUPPLEMENTS,True,False,,0,3.99,41.99
https://naturesbox.in,naturesbox.in,shopify,,,cro_media,,,active,200,True,5,,Grocery|Grocery|Grocery|Grocery|Grocery,True,False,,0,499.0,499.0
https://natureslureshop.com,natureslureshop.com,shopify,,,cro_media,,,active,200,True,5,,,True,False,,0,19.99,44.99
https://nespresso.com,nespresso.com,magento,coffee,CH,curated,,,inactive,403,False,0,,,False,False,,,,
https://nike.com,nike.com,magento,fashion,,curated,,,not_shopify,404,False,0,,,False,False,,0,,
https://ninjaforms.com,ninjaforms.com,woocommerce,tech,,curated,,,active_ecommerce,404,False,0,,,True,False,stripe,3,,
https://ninjaimplants.com,ninjaimplants.com,shopify,,,cro_media,,,active,200,True,5,,implant,True,False,,0,6.0,230.0
https://nisolo.com,nisolo.com,shopify,shoes,,curated,,,active,200,True,5,Women's Leather Sandal|Women's Leather Flat|Women's Leather Flat|Women's Leather Oxford|Men's Leather Slip On,5for5pause|anthropologie|Aspire Huaraches 2024|Aspire Spring 2024|color-almond|anthropologie|color-red|dsw|full-price|Lola,True,False,,0,138.0,198.0
https://nkgart.com,nkgart.com,shopify,,,cro_media,,,inactive,403,False,0,,,False,False,,,,
https://nomadgoods.com,nomadgoods.com,shopify,electronics,,curated,,,active_headless,404,False,0,,,True,True,,0,,
https://ntkspa.com,ntkspa.com,shopify,,,cro_media,,,active,200,True,5,,Spa,True,False,,0,350.0,3895.0
https://numerogroup.com,numerogroup.com,shopify,,,cro_media,,,active,200,True,5,Music|Music|Music|Music|Merchandise,Emo|format:45|format:Digital|format:LP|hardcore|format:Digital|format:LP|New Age|Pre-Order|format:CD,True,False,,0,10.0,100.0
https://numgourmetdesserts.com,numgourmetdesserts.com,shopify,,,cro_media,,,password_protected,200,False,0,,,False,False,,,,
https://nuthera.ph,nuthera.ph,shopify,,,cro_media,,,active,200,True,5,Guilt-free Beverages|Guilt-free Beverages|Meal Plans|Meal Plans|Meal Plans,Beverages|Stevia Iced Tea|Beverages|Stevia Iced Tea|7-day Plan|Heart Healthy|Heart Healthy Meal Plans|Low Cholesterol|Low Sodium|5-day Plan,True,False,,0,199.0,73823.4
https://nutsola.com,nutsola.com,shopify,,,cro_media,,,active,200,True,5,Bites|Candy & Chocolate|Candy & Chocolate,Banana Nut|Bites|Cacao Almond|Cherry Max|PB + Cacao|Perishable Product|chocolate|DÄT|Perishable Product|subscribe-and-save,True,False,,0,15.0,112.0
https://oasisgames.cl,oasisgames.cl,shopify,,,cro_media,,,active,200,True,5,Event Ticket|Event Ticket|Event Ticket|Pokemon Single|MTG Single,01 Jul 2026|Casual|Magic: The Gathering|01 Jul 2026|Magic: The Gathering|Tournament|01 Jul 2026|Magic: The Gathering|Tournament|123,True,False,,0,500.0,5000.0
https://ohpolly.com,ohpolly.com,shopify,fashion,,curated,,,active,200,True,5,Dresses|Default|Seamless Leggings|Dresses,ebay-all|excludedlist|no-treet|Novoga|Plus Size|ALLPRODUCTSOKENDO|ops-returns-2|Student Discount|twenty-inclusions|ALL PRODUCTS EXPORT UAE,True,False,,0,17.0,100.0
https://olehenriksen.com,olehenriksen.com,shopify,beauty,,curated,,,active,200,True,5,SAMPLE|VIRTUAL BUNDLE|VIRTUAL BUNDLE|CLEANSER & SCRUBS|SERUMS & TREATMENTS,catalog-exclude|badge:: NEW & EXCLUSIVE|collection:bestsellers|collection:cleanser|collection:exclusives|collection:new|badge:: NEW & EXCLUSIVE|collection:cleanser|collection:exclusives|collection:new,True,False,,0,1.0,89.0
https://olimp-labs.com,olimp-labs.com,magento,supplements,PL,curated,,,inactive,403,False,0,,,False,False,,,,
https://olipop.com,olipop.com,shopify,beverages,US,curated,,,connection_error,0,False,0,,,False,False,,,,
https://oliverpeoples.com,oliverpeoples.com,magento,eyewear,,curated,,,active,200,True,5,Sun|Sun|Sun|Sun|Sun,roxable|roxable|roxable|roxable|roxable,True,False,,0,427.0,589.0
https://oliverscatering.com,oliverscatering.com,shopify,fashion,US,curated,,,connection_error,0,False,0,,,False,False,,,,
https://olliepets.com,olliepets.com,shopify,pets,,curated,,,not_shopify,404,False,0,,,False,False,,0,,
https://omegawatches.com,omegawatches.com,magento,watches,CH,curated,,,timeout,0,False,0,,,False,False,,,,
https://omsom.com,omsom.com,shopify,food,,curated,,,not_shopify,404,False,0,,,False,False,,0,,
https://oneilpracticeresources.com,oneilpracticeresources.com,shopify,,,cro_media,,,timeout,0,False,0,,,False,False,,,,
https://onnit.com,onnit.com,woocommerce,supplements,,curated,,,active,200,True,5,AB Capsules|Creatine|Other|AB Capsules|AB Capsules,Supplements|Edible|Muscle Building|Supplements|bis|Supplements|Hide From Collection|Hide From Search|Hide From Collection|Hide From Search,True,False,,0,29.95,73.4
https://optinmonster.com,optinmonster.com,woocommerce,tech,,curated,,,not_shopify,404,False,0,,,False,False,,0,,
https://oscarprgirl.com,oscarprgirl.com,magento,fashion,US,curated,,,connection_error,0,False,0,,,False,False,,,,
https://ourplace.com,ourplace.com,shopify,kitchen,US,curated,,,inactive,441,False,0,,,False,False,,,,
https://outdoorvoices.com,outdoorvoices.com,shopify,fitness,,curated,,,active,200,True,5,Shortsleeve|Shortsleeve|Skorts/Skirts|Bras|Dresses,discountable|loop-everyday-classic-shortsleeve|no-waitlist|shoppable|discountable|loop-everyday-classic-shortsleeve|no-waitlist|shoppable|discountable|loop-doing-things-3-skort,True,False,,0,38.0,128.0
https://outerknown.com,outerknown.com,shopify,fashion,,curated,,,active,200,True,5,Loungewear Bottoms|Denim Bottoms|Loungewear Tops|Denim Bottoms|Woven Shirts,gender:mens|no-returns|Recurate - New app|searchspring-remove|style:Sweatshorts|Color:denim|gender:mens|no-returns|Recurate - New app|searchspring-remove,True,False,,0,55.0,88.73
https://outrightbar.com,outrightbar.com,shopify,,,cro_media,,,active,200,True,5,Almond Butter Bars|Cashew Butter Bars|Crisp Bars|Plant Based Bars|Peanut Butter Bars,,True,False,,0,3.99,44.99
https://overclockers.co.uk,overclockers.co.uk,woocommerce,electronics,UK,curated,,,inactive,403,False,0,,,False,False,,,,
https://p7bmerch.org,p7bmerch.org,shopify,,,cro_media,,,timeout,0,False,0,,,False,False,,,,
https://packagefreeshop.com,packagefreeshop.com,shopify,beauty,,curated,,,active,200,True,5,Laundry|Laundry|Face,100% plastic free|baby|baby essential|baby essentials|baby product|100% plastic free|badge: Coming Soon|Category:Laundry|cleaning & laundry|Core Cleaning,True,False,,0,10.0,38.0
https://palermocoffee.com,palermocoffee.com,shopify,,,cro_media,,,timeout,0,False,0,,,False,False,,,,
https://pamcakespancakes.com,pamcakespancakes.com,shopify,,,cro_media,,,timeout,0,False,0,,,False,False,,,,
https://pandaliebe.de,pandaliebe.de,shopify,,,cro_media,,,timeout,0,False,0,,,False,False,,,,
https://parisnaturalfoods.com,parisnaturalfoods.com,shopify,,,cro_media,,,timeout,0,False,0,,,False,False,,,,
https://partakefoods.com,partakefoods.com,shopify,food,,curated,,,active,200,True,5,,,True,False,,0,,
https://patsexoticbeverages.com,patsexoticbeverages.com,shopify,,,cro_media,,,timeout,0,False,0,,,False,False,,,,
https://paul-smith.com,paul-smith.com,magento,fashion,,curated,,,not_shopify,200,False,0,,,False,False,,0,,
https://peachandlily.com,peachandlily.com,shopify,beauty,,curated,,,active,200,True,5,Sunscreens|Sunscreens|Silicone Sheets|Scar Gels|Oils,New|SPF 30|sunscreen|Under $50|New|SPF 30|sunscreen|Under $50|New|Scar Remedy Silicone Sheets,True,False,,0,19.99,55.0
https://peak-design.com,peak-design.com,shopify,electronics,US,curated,,,timeout,0,False,0,,,False,False,,,,
https://peakhorse.com,peakhorse.com,shopify,,,cro_media,,,timeout,0,False,0,,,False,False,,,,
https://peets.com,peets.com,shopify,coffee,,curated,,,active,200,True,5,Menu|Menu|Menu|Menu|Menu,archive 9.4.25|Orleans|Spring_26_menu|Type: Beverage|archive 9.4.25|Hidden|Spring_26_menu|Type: Beverage|Orleans|Spring_26_menu,True,False,,0,,
https://pelacase.ca,pelacase.ca,shopify,electronics,,curated,,,active,200,True,5,iPhone 11 Pro|Google Pixel 7 Pro|iPhone 13 Pro Max|iPhone 13 Mini|Google Pixel 6a,art-type:Print|collection:Analog Hobbies|Colour:Electric Blue|Made to Order|made-in:north-america|art-type:Print|collection:Analog Hobbies|Colour:Electric Blue|Made to Order|made-in:north-america,True,False,,0,65.0,65.0
https://pepe-jeans.com,pepe-jeans.com,magento,fashion,,curated,,,not_shopify,200,False,0,,,False,False,,0,,
https://peppermayo.com,peppermayo.com,shopify,fashion,,curated,,,active,200,True,5,Hair Accessories|Tops|Maxi Dresses|Mini Dresses|Midi Dresses,Accessories|beige|Category:Accessories|Collection:Noir Edit|colour|asymmetrial|asymmetricaltops|autumn|basictops|beachcoverup,True,False,,0,19.95,149.95
https://petezpop.com,petezpop.com,shopify,,,cro_media,,,timeout,0,False,0,,,False,False,,,,
https://pieintheskybakery.com,pieintheskybakery.com,shopify,,,cro_media,,,timeout,0,False,0,,,False,False,,,,
https://pimpinpositivity.net,pimpinpositivity.net,shopify,,,cro_media,,,timeout,0,False,0,,,False,False,,,,
https://platinumprepmeals.com,platinumprepmeals.com,shopify,,,cro_media,,,timeout,0,False,0,,,False,False,,,,
https://portlandleather.com,portlandleather.com,woocommerce,accessories,,curated,,,active,200,True,5,Shoulder Bag|AP Pouch|Shoulder Bag|AP Backpack|Sling Bag,_imageTrigger=Color|exchange_fee:995|formal|geometrical|google pr|_imageTrigger=Color|airpods|AP|ap_small_goods|Clearance,True,False,,0,20.0,160.0
https://potgang.co.uk,potgang.co.uk,shopify,garden,,curated,,,active,200,True,5,Box A - ONEOFF|Box C - ONEOFF|Box B - ONEOFF|Box F|Box C,box_recurring|box_recurring|box_recurring|box_recurring,True,False,,0,13.08,32.12
https://poweredbyoxygen.com,poweredbyoxygen.com,shopify,,,cro_media,,,timeout,0,False,0,,,False,False,,,,
https://powerkitchen.ca,powerkitchen.ca,shopify,,,cro_media,,,timeout,0,False,0,,,False,False,,,,
https://prada.com,prada.com,magento,luxury,IT,curated,,,inactive,410,False,0,,,False,False,,,,
https://prepd.com,prepd.com,shopify,,,cro_media,,,active,200,True,5,,FRONT|Macro Balanced|Meal|Storefront|Storefront,True,False,,0,8.95,17.95
https://prettylittlething.com,prettylittlething.com,shopify,fashion,UK,curated,,,timeout,0,False,0,,,False,False,,,,
https://primarykids.com,primarykids.com,shopify,kids,,curated,,,not_shopify,200,False,0,,,False,False,,0,,
https://princesspolly.com,princesspolly.com,shopify,fashion,AU,curated,,,timeout,0,False,0,,,False,False,,,,
https://pringlescotland.com,pringlescotland.com,shopify,,,cro_media,,,active,200,True,5,Polo Shirt|Polo Shirt|Polo Shirt|Polo Shirt|Polo Shirt,Collection_Mens Ss26|Collection_New Arrivals|Collection_Shop Men|Collection_Wovens|comp:100% Cotton|Collection_Mens Ss26|Collection_New Arrivals|Collection_Shop Men|Collection_Wovens|comp:100% Cotton,True,False,,0,85.0,85.0
https://prolicious.com,prolicious.com,shopify,,,cro_media,,,active,200,True,5,Thins|Gift Boxes & Tins|Gift Boxes & Tins|Thins|Khakhra,10g Protein|10gm protein|2x protein|anytime snack|assorted thins|anytime snack|baked|Blood sugar management|chai time snack|Cream & Onion,True,False,,0,65.0,795.0
https://proteinsnackshop.com,proteinsnackshop.com,shopify,,,cro_media,,,active,200,True,5,,frozen|bundle|noindex,True,False,,0,6.25,89.99
https://pulseresearchlab.com,pulseresearchlab.com,shopify,,,cro_media,,,active,200,True,5,Fanout Buffers|Fanout Buffers|Rackmount Kits|Accessories & Cables|Accessories & Cables,1-3-ghz|100-mhz|2-output-channels|3-output-channels|300-1000-mhz|100-mhz|2-output-channels|3-output-channels|4-output-channels|50-ohm-input,True,False,,0,125.0,9832.5
https://puravidabracelets.com,puravidabracelets.com,shopify,jewelry,,curated,,,active,200,True,5,return|Bracelets|Bracelets|Bracelets|Gift Card,exclude_rebuy|final sale|hide-exchange|klaviyo_reviews_exclude|New Arrivals|BFCM Bracelets|Black Friday Bracelets|bracelet style: custom|bracelets|category: bracelets,True,False,,0,1.38,150.0
https://qlaces.com,qlaces.com,shopify,,,cro_media,,,active,200,True,5,Nylon-Orange|Nylon-Purple|Nylon-green|Nylon-grey|Nylon-pink,allnylon|display-limited|Nylon|shop|allnylon|display-limited|Nylon|shop|allnylon|display-limited,True,False,,0,9.99,9.99
https://qualitybicycleproducts.com,qualitybicycleproducts.com,bigcommerce,sports,US,curated,,,connection_error,0,False,0,,,False,False,,,,
https://rankmath.com,rankmath.com,woocommerce,tech,,curated,,,not_shopify,404,False,0,,,False,False,,0,,
https://rareopulence.net,rareopulence.net,shopify,,,cro_media,,,active,200,True,5,Body Oils|T-Shirt|Body Butter,Body Oils|Perfume|mom shirt|t-shirt|Home & lifestyle|wax melts|Home & lifestyle|wax melts|body butter|skin care,True,False,,0,3.0,25.0
https://rawsome.com.tr,rawsome.com.tr,shopify,,,cro_media,,,active,200,True,5,Bar|Bar|Bar|Bar,rawsome bar,True,False,,0,240.9,319.9
https://redplatefoods.com,redplatefoods.com,shopify,,,cro_media,,,active,200,True,5,Granola|Cookies|Cookies|Cookies|Cookies,cookies|dairy free|Gluten Free|GMO Free|Nut Free|cookies|dairy free|Gluten Free|GMO Free|Nut Free,True,False,,0,17.4,24.0
https://reflectwindow.com,reflectwindow.com,shopify,,,cro_media,,,active,200,True,5,Residential Sliding Window Hardware|Sliding Window Hardware|Mirror Hardware|Mirror Hardware|Mirror Hardware,H3871-(4-1/2)|H3871-(4-1/2)-Discontinued|H3872-(6)|H3872-(6)- Discontinued|H3873-(8)|5-4089|CAH-450|Locks and Accessories|Hardware|MHL-125-36,True,False,,0,63.51,419.08
https://retrospect.co.jp,retrospect.co.jp,shopify,,,cro_media,,,active,200,True,5,付属商品|付属商品|ギフトフルーツ|ギフトカード|産直フルーツ,出産内祝い|結婚内祝い|1〜2人の家庭におすすめ|3〜4人の家庭におすすめ|DL-standard|PO-pp-cho-dok-chat|お誕生日御祝|1〜2人の家庭におすすめ|3〜4人の家庭におすすめ|5人〜の家庭におすすめ,True,False,,0,100.0,63000.0
https://rfrk.com,rfrk.com,wix,food,,curated,,,not_shopify,404,False,0,,,False,False,,1,,
https://rhone.com,rhone.com,shopify,fashion,US,curated,,,inactive,403,False,0,,,False,False,,,,
https://ridge.com,ridge.com,shopify,accessories,,curated,,,active,200,True,5,EDC - Key Accessories - Ridge Keychain - SINGLE|EDC - WALLET - RIDGE WALLET - SINGLE|EDC - BLEND - DAILY DRIVER KIT - KIT|EDC - BLEND - DAILY DRIVER KIT - KIT|EDC - BLEND - DAILY DRIVER KIT - KIT,bundle-add-on|everyday carry|hide|hide-both|hide-from-google|2.0|2.0 launch|2.0 Wallet|90s Capsule|aluminum,True,False,,0,35.0,150.0
https://riflepaperco.com,riflepaperco.com,shopify,stationery,,curated,,,active,200,True,5,Fabric|Fabric|Fabric|Fabric|Fabric,Gemma|Gracie Fabric|New|vip|Gemma|Gracie Fabric|New|vip|Gracie Fabric|Helena,True,False,,0,14.0,150.0
https://ripndipclothing.com,ripndipclothing.com,woocommerce,fashion,US,curated,,,timeout,0,False,0,,,False,False,,,,
https://rise311.com,rise311.com,shopify,,,cro_media,,,active,200,True,5,,bundle_product|bundle_product|bundle_product|bundle_product,True,False,,0,29.97,234.0
https://ritual.com,ritual.com,shopify,supplements,,curated,,,active,200,True,5,,bundle|bundle|bundle|bundle|bundle,True,False,,0,87.0,191.0
https://rockinrudys.com,rockinrudys.com,shopify,,,cro_media,,,active,200,True,5,CANDY|CANDY|CANDY|CANDY|CANDY,Bigfoot|Candy|Food & Candy|Huckleberry|Treats|Candy|Food & Candy|Huckleberry|Treats|Candy,True,False,,0,4.99,5.99
https://roots.com,roots.com,woocommerce,fashion,,curated,,,active_ecommerce,200,False,0,,,True,False,apple_pay,3,,
https://rootsandleaves.info,rootsandleaves.info,shopify,,,cro_media,,,active,200,True,5,,fab4|AOV Bundle|AOV Bundle,True,False,,0,22.0,93.57
https://rostiy.com,rostiy.com,shopify,,,cro_media,,,timeout,0,False,0,,,False,False,,,,
https://rothys.com,rothys.com,shopify,shoes,,curated,,,active,200,True,5,The Weekend Sandal|The D'Orsay Espadrille|The D'Orsay Espadrille|The D'Orsay Espadrille|The D'Orsay Espadrille,employeeshoesqualify|launchdate:April:2026|sizesystem:Women|storefront:category:Womens Shoes|storefront:model-name:The Weekend Sandal|employeeshoesqualify|launchdate:April:2026|sizesystem:Women|storefront:category:Womens Shoes|storefront:model-name:The D'Orsay Espadrille,True,False,,0,149.0,149.0
https://roxannefashions.com.au,roxannefashions.com.au,shopify,,,cro_media,,,active,200,True,5,,Missing image|new-arrival|Missing image|new-arrival|Missing image|new-arrival|Missing image|Missing image|new-arrival,True,False,,0,50.0,99.0
https://roxx.mx,roxx.mx,shopify,,,cro_media,,,active,200,True,5,Gargantilla,,True,False,,0,1071.0,2145.0
https://rue-du-commerce.fr,rue-du-commerce.fr,prestashop,electronics,FR,curated,,,timeout,0,False,0,,,False,False,,,,
https://rumseys.co.uk,rumseys.co.uk,shopify,,,cro_media,,,active,200,True,5,,,True,False,,0,2.25,34.95
https://saintlaurent.com,saintlaurent.com,magento,luxury,FR,curated,,,timeout,0,False,0,,,False,False,,,,
https://saintmidas.com,saintmidas.com,shopify,,,cro_media,,,active,200,True,5,Pendant|Pendant|Pendant|Pendant,Blessed|Pendant|Blessed|Pendant|Blessed|Pendant|Blessed|Pendant,True,False,,0,20.0,49.95
https://salomon.com,salomon.com,prestashop,sports,FR,curated,,,timeout,0,False,0,,,False,False,,,,
https://saltbyhendrix.com,saltbyhendrix.com,shopify,,,cro_media,,,active,200,True,5,scrubs,_badge_NEW|face|lips|new|skincare|_badge_NEW|face|lips|new|skincare,True,False,,0,19.95,39.95
https://salvatoreferragamo.com,salvatoreferragamo.com,magento,luxury,IT,curated,,,timeout,0,False,0,,,False,False,,,,
https://sansmealbar.com,sansmealbar.com,shopify,,,cro_media,,,active,200,True,5,,,True,False,,0,39.99,73.99
https://satyaorganics.com,satyaorganics.com,shopify,beauty,CA,curated,,,empty_store,200,False,0,,,False,False,,,,
https://sawyersmillinc.com,sawyersmillinc.com,shopify,,,cro_media,,,password_protected,401,False,0,,,False,False,,,,
https://schoolofpe.com,schoolofpe.com,shopify,,,cro_media,,,active,200,True,5,Course|Course|Course|Product|Binder,Live Online|PE|PE Fire Protection|Live Online|PE|PE Control Systems|ECC|Live Online|PE|PE Electrical,True,False,,0,99.0,2699.0
https://screamingfrog.co.uk,screamingfrog.co.uk,woocommerce,tech,,curated,,,active_ecommerce,404,False,0,,,True,False,,2,,
https://seed.com,seed.com,shopify,supplements,,curated,,,not_shopify,404,False,0,,,False,False,,0,,
https://sensonaturale.com,sensonaturale.com,shopify,,,cro_media,,,active,200,True,5,Profumatore Ambiente|Profumatore Ambiente|Cofanetto Regalo|Cofanetto Regalo|Cofanetto Regalo,candela|candele|candela|candele|cofanetto|corpo-pelle-cellulite|corpo-pelle-tonica|cofanetto|corpo-pelle-secca|corpo-pelle-sensibile,True,False,,0,25.9,37.8
https://sewhappyjane.com,sewhappyjane.com,shopify,,,cro_media,,,active,200,True,5,,All|Ready To Ship|yarn|All|yarn|All|gift|Notions|Ready To Ship|All,True,False,,0,10.0,32.0
https://sfrench.com,sfrench.com,shopify,fashion,FR,curated,,,timeout,0,False,0,,,False,False,,,,
https://shingora.net,shingora.net,shopify,,,cro_media,,,active,200,True,5,Stole|Shawls|Stole|Stole|Stole,Embroidered|material_Wool|stole|Embroidered|material_Wool|Shawl|Embroidered|material_Wool|stole|Embroidered,True,False,,0,4236.0,8476.0
https://shinisetsuhan.net,shinisetsuhan.net,shopify,,,cro_media,,,active,200,True,5,暮らしの逸品,県ジン|県ジン|県ジン|竹色々|ORIGINALS|アルコール飲料|県ジン,True,False,,0,3158.0,13200.0
https://shop.breathetogetheryoga.com,shop.breathetogetheryoga.com,shopify,,,cro_media,,,active,200,True,5,Clothing,,True,False,,0,18.95,68.0
https://shop.detailmode.com.au,shop.detailmode.com.au,shopify,,,cro_media,,,not_shopify,404,False,0,,,False,False,,0,,
https://shop.drinkgt.com,shop.drinkgt.com,shopify,,,cro_media,,,active,200,True,5,Chocolate,all|base|chocolate|coconut water|electrolyte drink,True,False,,0,35.99,35.99
https://shop.fatdaddios.com,shop.fatdaddios.com,shopify,,,cro_media,,,active,200,True,5,PROMO ITEMS|PROMO ITEMS|PROMO ITEMS|Tools - Stainless Steel - Baking Tools|OTHER,new|new|new|Faire|featured|new|hide|new,True,False,,0,7.99,200.0
https://shop.herbazest.com,shop.herbazest.com,shopify,,,cro_media,,,active,200,True,5,Superfood|Superfood|Superfood|Superfood|Superfood,Gluten-free|MCF|Non-GMO|Organic|Superfood|Fiber|Gluten-free|Iron|MCF|Non-GMO,True,False,,0,11.95,19.99
https://shop.jackalopebrew.com,shop.jackalopebrew.com,shopify,,,cro_media,,,active,200,True,5,Shirts & Tops,APPAREL|APPAREL,True,False,,0,20.0,100.0
https://shop.jjsmithonline.com,shop.jjsmithonline.com,shopify,,,cro_media,,,active,200,True,5,,,True,False,,0,0.99,15000.0
https://shop.mamalehs.com,shop.mamalehs.com,shopify,,,cro_media,,,active,200,True,5,"Toys, Gifts & Kitsch|Mamaleh's Merch|Toys, Gifts & Kitsch|Mamaleh's Merch|Toys, Gifts & Kitsch",Kids|Apparel|Kitsch,True,False,,0,6.99,22.0
https://shop.mercedes-benz.com,shop.mercedes-benz.com,prestashop,automotive,DE,curated,,,timeout,0,False,0,,,False,False,,,,
https://shop.swp.de,shop.swp.de,shopify,,,cro_media,,,active,200,True,5,,nicht verfügbar,True,False,,0,24.95,329.0
https://shop.wblm.com,shop.wblm.com,shopify,,,cro_media,,,active,200,True,5,Pets|Accessories|Accessories|Hats|Hats,bandana for cat|bandana for dog|cat bandana|concert pet band|custom pet gift|Best Friend Gift|classic rock station|Creative Gift Idea|Custom Keyring|Engraved Keyring,True,False,,0,15.99,24.65
https://shopdisney.com,shopdisney.com,magento,toys,US,curated,,,timeout,0,False,0,,,False,False,,,,
https://shopgwbg.com,shopgwbg.com,shopify,,,cro_media,,,active,200,True,5,Skirts|Tops|DRESSES|Sets|DRESSES,2026|a line skirt|aline midi skirt|blogger|boutique|2026|blogger|boutique|chic|fashion,True,False,,0,62.0,92.0
https://shopvalija.com,shopvalija.com,shopify,,,cro_media,,,active,200,True,5,TOPS|DRESSES|TEES|DRESSES|PANTS,affordable ethical clothing|best travel accessories for women|blusas|bohemian clothes|bohemian looks|affordable ethical clothing|best travel accessories for women|bohemian clothes|bohemian looks|bohemian style,True,False,,0,38.0,64.9
https://showpo.com,showpo.com,shopify,fashion,AU,curated,,,timeout,0,False,0,,,False,False,,,,
https://sigma-global.com,sigma-global.com,magento,electronics,JP,curated,,,inactive,403,False,0,,,False,False,,,,
https://silkandwillow.com,silkandwillow.com,shopify,home,US,curated,,,timeout,0,False,0,,,False,False,,,,
https://silverbackgymwear.com,silverbackgymwear.com,shopify,,,cro_media,,,active,200,True,5,SHORTS|T-SHIRT|HOODIE|HOODIE|T-SHIRT,EASTER2026|NEW|EASTER2026|NEW|BF2025|EASTER2026|NEW|RESTOCK_26|EASTER2026|NEW,True,False,,0,22.0,44.0
https://simplynorthwest.com,simplynorthwest.com,shopify,,,cro_media,,,active,200,True,5,,Admin|Easter|Mother's Day|retail|Home Decor|retail|Home Decor|Mother's Day|retail|Mother's Day,True,False,,0,9.99,29.99
https://simplysheabutters.com,simplysheabutters.com,shopify,,,cro_media,,,active,200,True,5,"Luxury Face & Body Bar|Raw African Black Soap, Soap|Artisan Soap",Artisan soap|dark chocolate soap|Exfoliant|Face and body|goat milk skincare|acne soap|charcoal soap|detox bar|natural cleansing bar|turmeric lemongrass soap,True,False,,0,4.95,39.99
https://singer.com,singer.com,woocommerce,home,,curated,,,active,200,True,5,Sewing Supplies|Sewing Supplies|Batting|Quilting Supplies|Stabilizer,createdinJDE|hide_Rebuy|Linda's Electric Quilters|quiltingsupplies|senttoJDE|createdinJDE|hide_Rebuy|Linda's Electric Quilters|quiltingsupplies|senttoJDE,True,False,,0,16.79,25.99
https://sipsnackshop.com,sipsnackshop.com,shopify,,,cro_media,,,active,200,True,5,,stale|stale,True,False,,0,3.75,11.0
https://skims.com,skims.com,shopify,fashion,,curated,,,active_headless,404,False,0,,,True,True,,1,,
https://skullcandy.com,skullcandy.com,bigcommerce,electronics,,curated,,,active,200,True,5,Speakers|Gaming|Bundle|Earbuds|Headphones,live-products|new|speakers|waterproof|best-seller|gaming|headphones|live-products|platform-mobile|bundle,True,False,,0,31.99,104.99
https://smashbeautysupply.com,smashbeautysupply.com,shopify,,,cro_media,,,active,200,True,5,"Nails|Nails|Combs, Hair Tools|Nails|Combs, Hair Tools",Nails|Nails|Combs|Hair Tools|Nails|Combs|Hair Tools,True,False,,0,1.0,7.99
https://snowboard-asylum.com,snowboard-asylum.com,woocommerce,sports,UK,curated,,,timeout,0,False,0,,,False,False,,,,
https://sodastream.com,sodastream.com,woocommerce,kitchen,,curated,,,active,200,True,5,Flavor|Flavor|Flavor|Flavor|Flavor,all-flav-bottle-acc|all-flavors|all-skus|badge-diet|Diet|all-flav-bottle-acc|all-flavors|all-skus|Classic|Energy,True,False,,0,20.24,28.99
https://sokoglam.com,sokoglam.com,shopify,beauty,US,curated,,,timeout,0,False,0,,,False,False,,,,
https://soyamigo.com,soyamigo.com,shopify,,,cro_media,,,active,200,True,5,Productos Symken|Cajas Symken|Productos Symken|Cajas Symken|Cajas Symken,Productos Symken|Cajas Symken|Cajas Symken|Cajas Symken|Promociones,True,False,,0,166.95,2537.6
https://soylent.com,soylent.com,bigcommerce,food,US,curated,,,timeout,0,False,0,,,False,False,,,,
https://spacepandadelta.com,spacepandadelta.com,shopify,,,cro_media,,,active,200,True,5,Delta 8 Gummies|Delta 8 Gummies|Delta 9 Gummies|Delta 9 Gummies|Hoodie,SpacePanda|SpacePanda|Animal Lover Gift|Casual Everyday Wear|Cool Animal Hoodie|Cute Sweatshirt|Fun Cozy Sweatshirt,True,False,,0,34.95,39.99
https://speedhunters.com,speedhunters.com,woocommerce,automotive,US,curated,,,timeout,0,False,0,,,False,False,,,,
https://spicentice.com,spicentice.com,shopify,,,cro_media,,,active,200,True,5,Recipe Kit|Promotion|Recipe Kit|Bundle,bundle|BBC3412025|Air Fryer|bundle|Chinese|Fakeaway|Family Friendly,True,False,,0,3.49,30.0
https://spikeprague.cz,spikeprague.cz,shopify,,,cro_media,,,active,200,True,5,Sneakers|Clothing - Mens|Clothing - Mens|Clothing - Mens|Clothing,consignr|consignr-webstore-product|gsync|consignr|consignr-webstore-product|gsync|consignr|consignr-webstore-product|gsync|consignr,True,False,,0,1790.0,24990.0
https://spotteddogcompany.com,spotteddogcompany.com,shopify,,,cro_media,,,active,200,True,5,PPLR_HIDDEN_PRODUCT,,True,False,,0,4.0,18.99
https://stellamccartney.com,stellamccartney.com,magento,luxury,UK,curated,,,server_error,500,False,0,,,False,False,,,,
https://stingsoccerstore.com,stingsoccerstore.com,shopify,,,cro_media,,,active,200,True,5,Sting Fan Gear|Sting Fan Gear|Sting Fan Gear|Sting Fan Gear|Sting Fan Gear,STING|category-hats & accessories|inventory-med|STING|category-men|category-youth|inventory-medium|STING|category-men|sold-out,True,False,,0,18.75,28.0
https://store.kice.com,store.kice.com,shopify,,,cro_media,,,active,200,True,5,Couplings and Clamps|Sight Glasses|Sight Glasses|Sight Glasses|Sight Glasses,4.5 D(OD)|68|81 Type|Couplings and Clamps|Material Stainless Steel|Series 71/72/73 Sight Glasses|Sight Glasses|Series 71/72/73 Sight Glasses|Sight Glasses|Series 71/72/73 Sight Glasses,True,False,,0,4.0,1099.0
https://stroodles.co.uk,stroodles.co.uk,shopify,,,cro_media,,,active,200,True,5,,,True,False,,0,4.99,639.99
https://stuartweitzman.com,stuartweitzman.com,magento,luxury,US,curated,,,timeout,0,False,0,,,False,False,,,,
https://stumptown.com,stumptown.com,shopify,coffee,US,curated,,,timeout,0,False,0,,,False,False,,,,
https://succulentbarstore.com,succulentbarstore.com,shopify,,,cro_media,,,active,200,True,5,,bridal|bridal + love|bridesmaid proposal|choose items|marketplace|choose items|marketplace|sweet treats|choose items|marketplace,True,False,,0,4.0,4.75
https://sugarshape.de,sugarshape.de,shopify,,,cro_media,,,active,200,True,5,extender|bra|panty.sport|panty.sport|panty.sport,,True,False,,0,2.99,79.99
https://sullivanshomedecor.com,sullivanshomedecor.com,shopify,,,cro_media,,,password_protected,401,False,0,,,False,False,,,,
https://summerfridays.com,summerfridays.com,shopify,beauty,US,curated,,,timeout,0,False,0,,,False,False,,,,
https://sundayriley.com,sundayriley.com,shopify,beauty,,curated,,,active,200,True,5,cleanser,oc_inventory|KIT|oc_inventory|KIT|oc_inventory|KIT|oc_inventory,True,False,,0,1.0,97.0
https://superchillstore.com,superchillstore.com,shopify,,,cro_media,,,active,200,True,5,CBD Vape Juice|CBD Vape Juice|CBD Vape Juice|CBD Vape Juice|CBD Vape Juice,calm cbd|cart|cartridges|cbd device|cbd juice|calm cbd|cart|cartridges|cbd device|cbd juice,True,False,,0,97.99,97.99
https://superdry.com,superdry.com,prestashop,fashion,UK,curated,,,timeout,0,False,0,,,False,False,,,,
https://superfoodandcompany.com,superfoodandcompany.com,shopify,,,cro_media,,,active,200,True,5,,kefir soda|kefir soda|kefir soda|kefir soda|kefir soda,True,False,,0,60.0,60.0
https://supergoop.com,supergoop.com,shopify,beauty,,curated,,,active,200,True,5,Free Samples|Merch|Merch|Free Samples,Badge:New|Body Part:Face|Body Part:Lips|DRAFTBUNDLE|Finish:No white cast|ATTV_GLOBAL_EXCLUSION_TAG|hide-product|larger-free-sample|YGroup_playlotion|hide-product,True,False,,0,28.0,60.0
https://superiorpecans.com,superiorpecans.com,shopify,,,cro_media,,,active,200,True,5,"Coffee, Tea, & Cocoa|Picture Frames",seasonal|winter,True,False,,0,4.25,35.0
https://suta.in,suta.in,shopify,fashion,,curated,,,active,200,True,5,Saree|Saree|Saree|Saree|Saree,__with:pre-drape-this-saree|Colour_Maroon|Discount eligible 2025|discount_applicable|Fabric_Organza|__with:pre-drape-this-saree|BLUE|Blue Color|Blue Colour|Blue Sadi,True,False,,0,2960.0,27000.0
https://sweetbath.co,sweetbath.co,shopify,,,cro_media,,,timeout,0,False,0,,,False,False,,,,
https://sweetrepeats2.com,sweetrepeats2.com,shopify,,,cro_media,,,timeout,0,False,0,,,False,False,,,,
https://tandy.co,tandy.co,shopify,,,cro_media,,,timeout,0,False,0,,,False,False,,,,
https://tatanutrikorner.com,tatanutrikorner.com,shopify,,,cro_media,,,active,200,True,5,Tea|Masala Spices & Salt > Salt|Cold Coffee|Chilli Turmeric & Coriander|Dals,STOCKYPHI_IN_STOCK|Tea|Tea Coffee & Beverages|top-20|Brand_Tata Salt|h5b_salt_spices_masala|Masala Spices & Salt|Salt|salt-1|Brand_Tata Coffee,True,False,,0,40.0,289.0
https://tatcha.com,tatcha.com,shopify,beauty,,curated,,,active,200,True,5,,,True,False,,0,25.0,30.0
https://tatlydesigns.com,tatlydesigns.com,shopify,art,US,curated,,,connection_error,0,False,0,,,False,False,,,,
https://taylorstitch.com,taylorstitch.com,shopify,fashion,,curated,,,active,200,True,5,Wovens|Wovens|Wovens|Wovens|Wovens,25_BFCM_MSRP|b2b|camp shirt|Color:Blue|CYBERSALE|25_BFCM_MSRP|b2b|camp shirt|Color:Green|CYBERSALE,True,False,,0,128.0,138.0
https://tazachocolate.com,tazachocolate.com,shopify,food,,curated,,,active,200,True,5,Protection|Food|Food|Gift Card|Food,exclude_rebuy|exclude_stamped|smart-cart-hidden|smart-cart-shipping-excluded|related-boldest-flavor-gift-box|related-super-dark|related-wicked-dark-4-bar-bundle|textured|related-hearts-on-fire-sampler|related-oaxacan,True,False,,0,2.47,145.0
https://techport.ru,techport.ru,opencart,electronics,RU,curated,,,timeout,0,False,0,,,False,False,,,,
https://telldus.com,telldus.com,shopify,,,cro_media,,,active,200,True,5,Hub|Rörelsesensor|Rörelsesensor,433MHz|Z-Wave|Z-Wave|433MHz|A|Z-Wave|A|Z-Wave|433MHz|A,True,False,,0,69.0,1299.0
https://tenthousand.cc,tenthousand.cc,shopify,fitness,,curated,,,active,200,True,5,Tactical Short|Core Tee|3/4 Tight|Tactical Waterproof Hoodie|Session Short 2.0,BFCM_45_Off|EOS_SALE_MARCH26|final-sale-corso|hide: basalt|shorts|gen-v2|include_in_collections|main-category: shirts|new arrivals|shirts,True,False,,0,46.0,118.0
https://tentree.com,tentree.com,shopify,fashion,,curated,,,active,200,True,5,Mens|Mens|Mens|Mens|Mens,eco material: organic cotton|eco material: recycled polyester|eco material: tencel|eco materials: TENCEL|fleece|eco material: organic cotton|fleece|FW25-SS26|gh-mens-woodrow-hoodie-graphite-multi-stripe|hoodie,True,False,,0,88.0,108.0
https://terrebleu.ca,terrebleu.ca,shopify,home,,curated,,,active,200,True,5,,Current_2025,True,False,,0,2.5,57.0
https://thaicocousa.com,thaicocousa.com,shopify,,,cro_media,,,active,200,True,5,Canned Milk|Water|Canned Cream|Water|Fruit Pops,Cooking|Ingredients|MCF|Non-Dairy|Organic|MCF|Non-Dairy|Organic|Cooking|Ingredients,True,False,,0,25.75,39.99
https://thaimart.in,thaimart.in,opencart,general,IN,curated,,,timeout,0,False,0,,,False,False,,,,
https://the-outrage.com,the-outrage.com,shopify,fashion,,curated,,,active_ecommerce,404,False,0,,,True,False,,1,,
https://thedollarbookswap.com,thedollarbookswap.com,shopify,,,cro_media,,,active,200,True,5,,,True,False,,0,15.97,19.97
https://thefreshfishshop.com,thefreshfishshop.com,shopify,,,cro_media,,,active,200,True,5,DELI|FROZEN|DELI,crisps|snacks|Mirin|Non Perishables|Oils & Vinegars|Saitaku|Sushi|BBQ|Fish|Frozen,True,False,,0,2.95,11.95
https://thehappytummyco.com,thehappytummyco.com,shopify,,,cro_media,,,active,200,True,5,Breads & Buns,coeliac|digestive health|endurance|female health|fermented bread,True,False,,0,15.0,200.0
https://thehealthfactory.in,thehealthfactory.in,shopify,,,cro_media,,,inactive,402,False,0,,,False,False,,,,
https://thehoneypot.co,thehoneypot.co,shopify,beauty,,curated,,,active,200,True,5,Rituals|Rituals|Herbal Pads|Herbal Pads,Balances pH|Body Care|Cooling Sensation|Daytime|Hydrate|Absorbency|Balances pH|Daytime|Herbal Pads|Menopause,True,False,,0,8.99,35.97
https://theketoshop.co.uk,theketoshop.co.uk,shopify,,,cro_media,,,active,200,True,5,Sweet Snacks|Sweet Snacks|Keto Breakfast|Keto Breakfast|Keto Breakfast,box|snack|sweet|box|snack|sweet|snack|sweet|snack|sweet,True,False,,0,2.5,13.0
https://themanlyminimalist.com,themanlyminimalist.com,shopify,,,cro_media,,,active,200,True,1,Seating,Arm Chair,True,False,,0,469.0,469.0
https://themeforest.net,themeforest.net,woocommerce,tech,AU,curated,,,timeout,0,False,0,,,False,False,,,,
https://thenaturalmama.org,thenaturalmama.org,shopify,,,cro_media,,,connection_error,0,False,0,,,False,False,,,,
https://thenimetyou.com,thenimetyou.com,shopify,beauty,US,curated,,,timeout,0,False,0,,,False,False,,,,
https://thereformation.com,thereformation.com,shopify,fashion,US,curated,,,timeout,0,False,0,,,False,False,,,,
https://thesassbar.com,thesassbar.com,shopify,,,cro_media,,,active,200,True,5,,,True,False,,0,499.0,1549.0
https://thespiceway.com,thespiceway.com,shopify,,,cro_media,,,active,200,True,5,Spice Blend,ethnic blends|featured|Middle-East|Pasta|Rest-of-the-World|DIO-DE-LOS-MUERTOS|Fall|featured|new|Sauces,True,False,,0,7.99,59.99
https://thursdayboots.com,thursdayboots.com,shopify,shoes,,curated,,,active,200,True,5,Sneakers|Keychains|Bags|Bags|Bags,anagram-enabled|as:EssentialLeatherKit|bf21:Leather|bf21:M-Low-Top-Sneaker|bf21:MBeanie|accessories|all:All|bags:Handbag Hook|BIS|category:Laces2,True,False,,0,8.0,248.0
https://tilzmart.com,tilzmart.com,shopify,,,cro_media,,,password_protected,401,False,0,,,False,False,,,,
https://tkees.com,tkees.com,shopify,,,cro_media,,,active,200,True,5,Sandals|Sandals|Sandals|Hoodie|Hoodie,1Z1|footwear|regular_price|Sandals|women|1Z1|footwear|regular_price|Sandals|women,True,False,,0,90.0,100.0
https://tods.com,tods.com,magento,luxury,IT,curated,,,timeout,0,False,0,,,False,False,,,,
https://tofinosoapcompany.com,tofinosoapcompany.com,shopify,beauty,CA,curated,,,timeout,0,False,0,,,False,False,,,,
https://tommyhilfiger.com,tommyhilfiger.com,magento,fashion,US,curated,,,timeout,0,False,0,,,False,False,,,,
https://torani.in,torani.in,shopify,,,cro_media,,,active,200,True,5,Hair Accessories|Anarkali Sets|Saree Sets|Saree Sets|Anarkali Sets,Accessories|ACTIVE|bestsellers|bs22|hair accessories|ACTIVE|cd-women|Client diaries|Client Diary|Torani Tribe,True,False,,0,15500.0,175500.0
https://totalbodyandcryo.com,totalbodyandcryo.com,shopify,,,cro_media,,,active,200,True,5,Skincare|Skincare|Skincare|Skincare|Skincare,Dermodality Products|hydrating|New Dermodality Product|sensitive skin|Sun protection|Brightening|Dermodality Products|New Dermodality Product|pad|Blemish,True,False,,0,40.0,208.0
https://transparent-labs.com,transparent-labs.com,shopify,supplements,US,curated,,,timeout,0,False,0,,,False,False,,,,
https://trizie.com,trizie.com,shopify,,,cro_media,,,active,200,True,4,,Vitality|DAW|Fiber|Super Drinks|DAW|Fiber|Super Drinks,True,False,,0,350.0,5795.0
https://tropiccolour.com,tropiccolour.com,shopify,,US,cro_media,,,active,200,True,5,,4|BFCM23|film titles|film titles 2|film titles vol 1|BFCM23|physical|35mm|BFCM23|membership,True,False,afterpay|apple_pay,3,59.0,599.0
https://troubadourgoods.com,troubadourgoods.com,shopify,accessories,UK,curated,,,timeout,0,False,0,,,False,False,,,,
https://trueblotanicals.com,trueblotanicals.com,shopify,beauty,US,curated,,,timeout,0,False,0,,,False,False,,,,
https://truelycereal.com,truelycereal.com,shopify,,US,cro_media,,,active,200,True,5,,,True,False,apple_pay,1,5.0,43.99
https://truffleshuffle.co.uk,truffleshuffle.co.uk,shopify,food,UK,curated,,,timeout,0,False,0,,,False,False,,,,
https://tuftandneedle.com,tuftandneedle.com,shopify,home,US,curated,,,timeout,0,False,0,,,False,False,,,,
https://twelve-south.com,twelve-south.com,shopify,electronics,US,curated,,,timeout,0,False,0,,,False,False,,,,
https://twosomeproject.com,twosomeproject.com,shopify,,,cro_media,,,active,200,True,3,Scratch Cards Couples Game|Scratch Poster Game,,True,False,,0,39.95,39.95
https://unbelievabuns.com,unbelievabuns.com,shopify,,US,cro_media,,,active,200,True,5,Bread|Bread|Bread,,True,False,shopify_payments|apple_pay,3,8.25,20.0
https://unrooteddrinks.com,unrooteddrinks.com,shopify,,,cro_media,,,active,200,True,5,,,True,False,,0,5.95,28.0
https://untuckit.com,untuckit.com,shopify,fashion,US,curated,,,timeout,0,False,0,,,False,False,,,,
https://updraftplus.com,updraftplus.com,woocommerce,tech,US,curated,,,timeout,0,False,0,,,False,False,,,,
https://uppercasemagazine.com,uppercasemagazine.com,shopify,art,CA,curated,,,timeout,0,False,0,,,False,False,,,,
https://urthbox.com,urthbox.com,shopify,,US,cro_media,,,active,200,True,5,,first-free|first-free|badge-Most Popular|first-free|badge-Best Value|first-free|first-free,True,False,apple_pay,1,29.99,59.99
https://us.pranachai.com,us.pranachai.com,shopify,,,cro_media,,,rate_limited,429,False,0,,,False,False,,,,
https://us.thebeautychef.com,us.thebeautychef.com,shopify,,,cro_media,,,rate_limited,429,False,0,,,False,False,,,,
https://usasports.co.uk,usasports.co.uk,shopify,,,cro_media,,,rate_limited,429,False,0,,,False,False,,,,
https://uzum.ca,uzum.ca,shopify,,,cro_media,,,rate_limited,429,False,0,,,False,False,,,,
https://valentino.com,valentino.com,magento,luxury,IT,curated,,,timeout,0,False,0,,,False,False,,,,
https://valentinobelgium.com,valentinobelgium.com,shopify,,,cro_media,,,rate_limited,429,False,0,,,False,False,,,,
https://velasca.com,velasca.com,shopify,shoes,IT,curated,,,timeout,0,False,0,,,False,False,,,,
https://versace.com,versace.com,magento,luxury,IT,curated,,,timeout,0,False,0,,,False,False,,,,
https://vervecoffee.com,vervecoffee.com,shopify,coffee,US,curated,,,timeout,0,False,0,,,False,False,,,,
https://vincero.com,vincero.com,shopify,watches,US,curated,,,timeout,0,False,0,,,False,False,,,,
https://vitaly.com,vitaly.com,shopify,jewelry,CA,curated,,,timeout,0,False,0,,,False,False,,,,
https://vitauthority.com,vitauthority.com,shopify,supplements,US,curated,,,timeout,0,False,0,,,False,False,,,,
https://vivobarefoot.com,vivobarefoot.com,shopify,shoes,UK,curated,,,timeout,0,False,0,,,False,False,,,,
https://vizio.com,vizio.com,magento,electronics,US,curated,,,timeout,0,False,0,,,False,False,,,,
https://vuoriclothing.com,vuoriclothing.com,shopify,fitness,US,curated,,,timeout,0,False,0,,,False,False,,,,
https://vuoriclothing.de,vuoriclothing.de,shopify,,,cro_media,,,not_shopify,404,False,0,,,False,False,klarna,0,,
https://wahlglobal.com,wahlglobal.com,woocommerce,electronics,US,curated,,,timeout,0,False,0,,,False,False,,,,
https://wakershappycoffee.com,wakershappycoffee.com,shopify,,,cro_media,,,rate_limited,429,False,0,,,False,False,,,,
https://wandrd.com,wandrd.com,woocommerce,accessories,US,curated,,,timeout,0,False,0,,,False,False,,,,
https://warbyparker.com,warbyparker.com,magento,eyewear,US,curated,,,timeout,0,False,0,,,False,False,,,,
https://wearpact.com,wearpact.com,shopify,fashion,US,curated,,,timeout,0,False,0,,,False,False,,,,
https://weber.com,weber.com,woocommerce,kitchen,US,curated,,,timeout,0,False,0,,,False,False,,,,
https://whiskeyleatherworks.com,whiskeyleatherworks.com,shopify,,,cro_media,,,rate_limited,429,False,0,,,False,False,,,,
https://wholemealcafe.co.nz,wholemealcafe.co.nz,shopify,,,cro_media,,,rate_limited,429,False,0,,,False,False,,,,
https://wholesale.nutricost.com,wholesale.nutricost.com,shopify,,,cro_media,,,rate_limited,429,False,0,,,False,False,,,,
https://wighttea.com,wighttea.com,shopify,,,cro_media,,,rate_limited,429,False,0,,,False,False,,,,
https://wildone.com,wildone.com,shopify,pets,US,curated,,,timeout,0,False,0,,,False,False,,,,
https://woolrich.com,woolrich.com,bigcommerce,fashion,US,curated,,,timeout,0,False,0,,,False,False,,,,
https://woothemes.com,woothemes.com,woocommerce,tech,US,curated,,,timeout,0,False,0,,,False,False,,,,
https://wowhydrate.com,wowhydrate.com,shopify,,,cro_media,,,rate_limited,429,False,0,,,False,False,,,,
https://wp-rocket.me,wp-rocket.me,woocommerce,tech,FR,curated,,,timeout,0,False,0,,,False,False,,,,
https://wpbeginner.com,wpbeginner.com,woocommerce,tech,US,curated,,,timeout,0,False,0,,,False,False,,,,
https://wpforms.com,wpforms.com,woocommerce,tech,US,curated,,,timeout,0,False,0,,,False,False,,,,
https://wpml.org,wpml.org,woocommerce,tech,US,curated,,,timeout,0,False,0,,,False,False,,,,
https://wrcproshop.com,wrcproshop.com,woocommerce,sports,UK,curated,,,timeout,0,False,0,,,False,False,,,,
https://xprsnutra.com,xprsnutra.com,shopify,,,cro_media,,,rate_limited,429,False,0,,,False,False,,,,
https://yoast.com,yoast.com,woocommerce,tech,NL,curated,,,timeout,0,False,0,,,False,False,,,,
https://yosekastationery.com,yosekastationery.com,shopify,,,cro_media,,,rate_limited,429,False,0,,,False,False,,,,
https://youngla.com,youngla.com,shopify,fitness,US,curated,,,timeout,0,False,0,,,False,False,,,,
https://youthtothepeople.com,youthtothepeople.com,shopify,beauty,US,curated,,,timeout,0,False,0,,,False,False,,,,
https://zippo.com,zippo.com,prestashop,accessories,US,curated,,,timeout,0,False,0,,,False,False,,,,
https://zonealpha.in,zonealpha.in,shopify,,,cro_media,,,rate_limited,429,False,0,,,False,False,,,,
