subdomain,domain
0day,0day.myshopify.com
0x00,0x00.myshopify.com
0x00-12,0x00-12.myshopify.com
0x00-14,0x00-14.myshopify.com
0x00-16,0x00-16.myshopify.com
0x00-17,0x00-17.myshopify.com
0x00-18,0x00-18.myshopify.com
0x00-22,0x00-22.myshopify.com
0x00-34,0x00-34.myshopify.com
0x00-36,0x00-36.myshopify.com
0x00-37,0x00-37.myshopify.com
0x00-38,0x00-38.myshopify.com
0x00-4,0x00-4.myshopify.com
0x00-45,0x00-45.myshopify.com
0x00-47,0x00-47.myshopify.com
0x00-48,0x00-48.myshopify.com
0x00-50,0x00-50.myshopify.com
0x00-51,0x00-51.myshopify.com
0x00-8,0x00-8.myshopify.com
0x00-9,0x00-9.myshopify.com
0x52shopifyhackerone,0x52shopifyhackerone.myshopify.com
101-shopify-webinar,101-shopify-webinar.myshopify.com
12-days-of-art,12-days-of-art.myshopify.com
12039812093809123123123,12039812093809123123123.myshopify.com
123213lkjsld,123213lkjsld.myshopify.com
1234-1728,1234-1728.myshopify.com
123456789sdfgh,123456789sdfgh.myshopify.com
12378917421904872189059718290,12378917421904872189059718290.myshopify.com
1337bugbounty3,1337bugbounty3.myshopify.com
181hackerone181-hackerone-shopify-com,181hackerone181-hackerone-shopify-com.myshopify.com
2003-test1,2003-test1.myshopify.com
2003test2,2003test2.myshopify.com
20170516-1018,20170516-1018.myshopify.com
22223333,22223333.myshopify.com
23rweojfadks-z,23rweojfadks-z.myshopify.com
2b6d6d-c1,2b6d6d-c1.myshopify.com
2bprompt-2b,2bprompt-2b.myshopify.com
2mooseontheloose,2mooseontheloose.myshopify.com
3wearfg,3wearfg.myshopify.com
432093489023840928348230948,432093489023840928348230948.myshopify.com
432234234234234,432234234234234.myshopify.com
4354534,4354534.myshopify.com
4489495345834,4489495345834.myshopify.com
454353453534543,454353453534543.myshopify.com
4cadtest,4cadtest.myshopify.com
7d-puzzles-games,7d-puzzles-games.myshopify.com
8ranges,8ranges.myshopify.com
94-vintage-ave,94-vintage-ave.myshopify.com
9wines,9wines.myshopify.com
a-brand-new-storey,a-brand-new-storey.myshopify.com
a-shirt-shop,a-shirt-shop.myshopify.com
a-wild-creek,a-wild-creek.myshopify.com
a-zee-store,a-zee-store.myshopify.com
aaa-01,aaa-01.myshopify.com
aaa-03,aaa-03.myshopify.com
aaaa-238,aaaa-238.myshopify.com
aaj-media-productions,aaj-media-productions.myshopify.com
aakki707,aakki707.myshopify.com
academiadelouvor,academiadelouvor.myshopify.com
account-reactivation-test,account-reactivation-test.myshopify.com
acidrain-store,acidrain-store.myshopify.com
adam-pos-test,adam-pos-test.myshopify.com
adam-pos-test-15,adam-pos-test-15.myshopify.com
adam-pos-test61,adam-pos-test61.myshopify.com
adambtest,adambtest.myshopify.com
adamsstore-uk,adamsstore-uk.myshopify.com
adamsstore-us,adamsstore-us.myshopify.com
adamtest1,adamtest1.myshopify.com
adamtest55,adamtest55.myshopify.com
adamtest55-2,adamtest55-2.myshopify.com
adamtest56,adamtest56.myshopify.com
adamtest578,adamtest578.myshopify.com
adamtest61,adamtest61.myshopify.com
adamtest65,adamtest65.myshopify.com
adamtest66,adamtest66.myshopify.com
adamtest78,adamtest78.myshopify.com
adamyytest1,adamyytest1.myshopify.com
adasdsadafaf,adasdsadafaf.myshopify.com
addisonstore,addisonstore.myshopify.com
admin-78,admin-78.myshopify.com
admin22,admin22.myshopify.com
ads-grips,ads-grips.myshopify.com
adsfasf,adsfasf.myshopify.com
adsfasfasfd,adsfasfasfd.myshopify.com
advanced-energy-healing-4-life,advanced-energy-healing-4-life.myshopify.com
advocating-the-trend,advocating-the-trend.myshopify.com
afdopvuhdfauvioh,afdopvuhdfauvioh.myshopify.com
affiliatelinktest,affiliatelinktest.myshopify.com
affordable-fitness,affordable-fitness.myshopify.com
aforadventure,aforadventure.myshopify.com
after8mint,after8mint.myshopify.com
agau-jewellery,agau-jewellery.myshopify.com
agava-22,agava-22.myshopify.com
ahkeyks,ahkeyks.myshopify.com
ahmed19-7,ahmed19-7.myshopify.com
aira-gioielli,aira-gioielli.myshopify.com
aircraftees-com,aircraftees-com.myshopify.com
aisha-scott,aisha-scott.myshopify.com
ajayzz,ajayzz.myshopify.com
ajuda-store,ajuda-store.myshopify.com
ajvstore,ajvstore.myshopify.com
akhil-kakkireni,akhil-kakkireni.myshopify.com
akjsdoiahd,akjsdoiahd.myshopify.com
aleita-michelle,aleita-michelle.myshopify.com
alertxss-8,alertxss-8.myshopify.com
alexanderbeesontest1,alexanderbeesontest1.myshopify.com
alexhurst,alexhurst.myshopify.com
alexstudiestwo,alexstudiestwo.myshopify.com
alexthegreat,alexthegreat.myshopify.com
algonquinbookstore,algonquinbookstore.myshopify.com
alkpq2poi1wpouqpowjg,alkpq2poi1wpouqpowjg.myshopify.com
all-of-the-chocolate,all-of-the-chocolate.myshopify.com
all-whimsical,all-whimsical.myshopify.com
allansstorefb,allansstorefb.myshopify.com
alliclough,alliclough.myshopify.com
allpressure-llc,allpressure-llc.myshopify.com
allthejetpacks,allthejetpacks.myshopify.com
alponz-apparel,alponz-apparel.myshopify.com
altusvitality,altusvitality.myshopify.com
alvis-test-store,alvis-test-store.myshopify.com
alyharji-2,alyharji-2.myshopify.com
alyssacsvtests,alyssacsvtests.myshopify.com
amalan-academy,amalan-academy.myshopify.com
amalia-skin,amalia-skin.myshopify.com
amateur-radio-tech,amateur-radio-tech.myshopify.com
amazingnewclientstore,amazingnewclientstore.myshopify.com
ambientica,ambientica.myshopify.com
ambleside1,ambleside1.myshopify.com
amgashop1231919,amgashop1231919.myshopify.com
amirancarpet,amirancarpet.myshopify.com
andrews-adventures55,andrews-adventures55.myshopify.com
android-frozen,android-frozen.myshopify.com
andsven,andsven.myshopify.com
andy-test-store,andy-test-store.myshopify.com
andyoliverusstore,andyoliverusstore.myshopify.com
anewstoreforme,anewstoreforme.myshopify.com
angelainwannderland,angelainwannderland.myshopify.com
angelswholesaleboutique,angelswholesaleboutique.myshopify.com
anilhacker007,anilhacker007.myshopify.com
animalzoo-57,animalzoo-57.myshopify.com
animalzoo-59,animalzoo-59.myshopify.com
animehunt,animehunt.myshopify.com
anna-cadde,anna-cadde.myshopify.com
annarenaudgray,annarenaudgray.myshopify.com
another-dev-storez-yeaz,another-dev-storez-yeaz.myshopify.com
another-parsons-test-store,another-parsons-test-store.myshopify.com
another-shopify-test-shop,another-shopify-test-shop.myshopify.com
another-test-for-blair,another-test-for-blair.myshopify.com
another-test-store-for-jerome,another-test-store-for-jerome.myshopify.com
anothertestfornme,anothertestfornme.myshopify.com
anothertestthing,anothertestthing.myshopify.com
anthony-test2,anthony-test2.myshopify.com
anthonycameron,anthonycameron.myshopify.com
anuragtemphackerone20,anuragtemphackerone20.myshopify.com
anuragtesting0,anuragtesting0.myshopify.com
anuragtesting1,anuragtesting1.myshopify.com
anyquarry,anyquarry.myshopify.com
aohanaya,aohanaya.myshopify.com
aoiaiiasidjjs,aoiaiiasidjjs.myshopify.com
apip-stock,apip-stock.myshopify.com
app-shopify-com-s,app-shopify-com-s.myshopify.com
apparels-store,apparels-store.myshopify.com
appify,appify.myshopify.com
apptestingkylefriedman,apptestingkylefriedman.myshopify.com
apr-26,apr-26.myshopify.com
aprilaire,aprilaire.myshopify.com
aquatixbottles,aquatixbottles.myshopify.com
arabic-test,arabic-test.myshopify.com
archies-stor,archies-stor.myshopify.com
arethas-own,arethas-own.myshopify.com
arial-tails,arial-tails.myshopify.com
aritsamayeinc,aritsamayeinc.myshopify.com
armazem-delta,armazem-delta.myshopify.com
arrow-north,arrow-north.myshopify.com
art-by-raph,art-by-raph.myshopify.com
artandalfredo,artandalfredo.myshopify.com
arteesel,arteesel.myshopify.com
arts-pepper-company,arts-pepper-company.myshopify.com
artur-test-store,artur-test-store.myshopify.com
artur-us,artur-us.myshopify.com
asce,asce.myshopify.com
asce2,asce2.myshopify.com
asce3,asce3.myshopify.com
asdadasdasdadad,asdadasdasdadad.myshopify.com
asdf2001,asdf2001.myshopify.com
asdfadfasdfa,asdfadfasdfa.myshopify.com
asdfasdfadfadsfas,asdfasdfadfadsfas.myshopify.com
asgagsasgsghashwdh,asgagsasgsghashwdh.myshopify.com
ashbyrva,ashbyrva.myshopify.com
ashley-maries-boutique,ashley-maries-boutique.myshopify.com
ashton-collections-llc,ashton-collections-llc.myshopify.com
asiatique-linen-llc,asiatique-linen-llc.myshopify.com
asldkfjasdf,asldkfjasdf.myshopify.com
atphones,atphones.myshopify.com
audio-water-life,audio-water-life.myshopify.com
authenticity-consulting-e-store,authenticity-consulting-e-store.myshopify.com
autoboost,autoboost.myshopify.com
automatic-air-filter,automatic-air-filter.myshopify.com
automatic-flies,automatic-flies.myshopify.com
avatarchitechture,avatarchitechture.myshopify.com
avm-negocios,avm-negocios.myshopify.com
awesome-shop-shop,awesome-shop-shop.myshopify.com
awesomeawesomeawesome,awesomeawesomeawesome.myshopify.com
awkward-movements,awkward-movements.myshopify.com
axelteststore,axelteststore.myshopify.com
ayaesubi,ayaesubi.myshopify.com
az-heat-plug,az-heat-plug.myshopify.com
azon-foods,azon-foods.myshopify.com
bab-working-i-hope,bab-working-i-hope.myshopify.com
babybalaco,babybalaco.myshopify.com
babyhero123,babyhero123.myshopify.com
back-to-school-delivery,back-to-school-delivery.myshopify.com
backfromthefire,backfromthefire.myshopify.com
baconbrosfinemeats,baconbrosfinemeats.myshopify.com
baeology101,baeology101.myshopify.com
bahri-monaco,bahri-monaco.myshopify.com
baidall,baidall.myshopify.com
baiju4188,baiju4188.myshopify.com
baijutest,baijutest.myshopify.com
baileycats,baileycats.myshopify.com
balla-shit-4-playaz,balla-shit-4-playaz.myshopify.com
balla-shit-for-playaz,balla-shit-for-playaz.myshopify.com
bam-body-nutrition,bam-body-nutrition.myshopify.com
banana-dan,banana-dan.myshopify.com
banana-killers,banana-killers.myshopify.com
bananastand,bananastand.myshopify.com
barelyborneo,barelyborneo.myshopify.com
barkz-wagz-pet-store,barkz-wagz-pet-store.myshopify.com
barrypartnertest,barrypartnertest.myshopify.com
bars-by-bellini,bars-by-bellini.myshopify.com
bash-hackerone,bash-hackerone.myshopify.com
bath-a-boom,bath-a-boom.myshopify.com
battgear,battgear.myshopify.com
be-bula,be-bula.myshopify.com
beachsupplies,beachsupplies.myshopify.com
beantown-bedding,beantown-bedding.myshopify.com
beautiful-winona,beautiful-winona.myshopify.com
beautifulstores,beautifulstores.myshopify.com
beautybrat,beautybrat.myshopify.com
beautyle-jewelry,beautyle-jewelry.myshopify.com
beds-and-furniture-co-uk,beds-and-furniture-co-uk.myshopify.com
beeniebee,beeniebee.myshopify.com
bellah-roze,bellah-roze.myshopify.com
bench-ash-1,bench-ash-1.myshopify.com
bench-warmer-2,bench-warmer-2.myshopify.com
bepampered,bepampered.myshopify.com
berav,berav.myshopify.com
berlincounttest,berlincounttest.myshopify.com
beroly,beroly.myshopify.com
best-pa-hjertestarter,best-pa-hjertestarter.myshopify.com
bestbikinibuys,bestbikinibuys.myshopify.com
bhakti-labs,bhakti-labs.myshopify.com
bhjbjhhbjkhbyhvbulvlvg-ju-gjvhy-bil,bhjbjhhbjkhbyhvbulvlvg-ju-gjvhy-bil.myshopify.com
biancas-test,biancas-test.myshopify.com
big-baking,big-baking.myshopify.com
big-shelf,big-shelf.myshopify.com
bigkidscollectibles,bigkidscollectibles.myshopify.com
bijouteriegonin,bijouteriegonin.myshopify.com
billardtestshop,billardtestshop.myshopify.com
bio-kool,bio-kool.myshopify.com
bizla,bizla.myshopify.com
bizlauk1,bizlauk1.myshopify.com
blablalbladsfldflsdfk,blablalbladsfldflsdfk.myshopify.com
black-market-blckmrkt,black-market-blckmrkt.myshopify.com
black-mirage,black-mirage.myshopify.com
blackholecor-2,blackholecor-2.myshopify.com
blake1234567890,blake1234567890.myshopify.com
blenset-mx,blenset-mx.myshopify.com
blissfullymodest,blissfullymodest.myshopify.com
blitzbikini,blitzbikini.myshopify.com
blkswim,blkswim.myshopify.com
blu-pet-mats,blu-pet-mats.myshopify.com
blue-cow-office-products,blue-cow-office-products.myshopify.com
blue-lines-lives,blue-lines-lives.myshopify.com
blue-meets-blue,blue-meets-blue.myshopify.com
blulensuk,blulensuk.myshopify.com
bmteststore12,bmteststore12.myshopify.com
bob-bobkins,bob-bobkins.myshopify.com
bochotestshop,bochotestshop.myshopify.com
bohemehomeandbody,bohemehomeandbody.myshopify.com
bonbons-ca,bonbons-ca.myshopify.com
bonethrower,bonethrower.myshopify.com
bonfire-whistle,bonfire-whistle.myshopify.com
boo-kid,boo-kid.myshopify.com
bookyourspot,bookyourspot.myshopify.com
boomtest,boomtest.myshopify.com
boostnblendusa,boostnblendusa.myshopify.com
booza-attacker,booza-attacker.myshopify.com
bored-engineering-whitehat-2,bored-engineering-whitehat-2.myshopify.com
bosombuddiesuk,bosombuddiesuk.myshopify.com
botaw-google-com,botaw-google-com.myshopify.com
botawness,botawness.myshopify.com
bottle-store-3,bottle-store-3.myshopify.com
bottom-of-the-cup,bottom-of-the-cup.myshopify.com
bouke3,bouke3.myshopify.com
bouke7,bouke7.myshopify.com
boukes-store,boukes-store.myshopify.com
bows-cleats,bows-cleats.myshopify.com
bradleycook2,bradleycook2.myshopify.com
brancott,brancott.myshopify.com
brands-hideout,brands-hideout.myshopify.com
brapstore-2,brapstore-2.myshopify.com
breakfastify,breakfastify.myshopify.com
breastcenter-store,breastcenter-store.myshopify.com
breathe-in-the-air,breathe-in-the-air.myshopify.com
breeandbrant,breeandbrant.myshopify.com
brennanhats123,brennanhats123.myshopify.com
brennanloh1234,brennanloh1234.myshopify.com
brennantestinghuddle,brennantestinghuddle.myshopify.com
brent-v3,brent-v3.myshopify.com
briggs-and-johnson-home-decor,briggs-and-johnson-home-decor.myshopify.com
bright-attire,bright-attire.myshopify.com
bristol-airsoft-store,bristol-airsoft-store.myshopify.com
brittanys-wicked-test-store,brittanys-wicked-test-store.myshopify.com
brkly-collective,brkly-collective.myshopify.com
brochure2-nh-test-2,brochure2-nh-test-2.myshopify.com
brochure2-nickh-test-3,brochure2-nickh-test-3.myshopify.com
brochure2-nickh-test-4,brochure2-nickh-test-4.myshopify.com
brochure2-nickh-test-5-2,brochure2-nickh-test-5-2.myshopify.com
brochure2-nickh-test-6,brochure2-nickh-test-6.myshopify.com
brochure2-nickh-test8,brochure2-nickh-test8.myshopify.com
brochure2-test-00793b905788497c,brochure2-test-00793b905788497c.myshopify.com
brochure2-test-03ec2902eec7d021,brochure2-test-03ec2902eec7d021.myshopify.com
brochure2-test-048c7b4f42e6c32d,brochure2-test-048c7b4f42e6c32d.myshopify.com
brochure2-test-19db318477863569,brochure2-test-19db318477863569.myshopify.com
brochure2-test-1a58d06865c2a0a1,brochure2-test-1a58d06865c2a0a1.myshopify.com
brochure2-test-39ba7d157d6f0f94,brochure2-test-39ba7d157d6f0f94.myshopify.com
brochure2-test-4174b0bd4991153e,brochure2-test-4174b0bd4991153e.myshopify.com
brochure2-test-474c8133db0ee94e,brochure2-test-474c8133db0ee94e.myshopify.com
brochure2-test-49e8420e04637606,brochure2-test-49e8420e04637606.myshopify.com
brochure2-test-8e4b926b11a04a6d,brochure2-test-8e4b926b11a04a6d.myshopify.com
brochure2-test-9ac2f1047d55a431,brochure2-test-9ac2f1047d55a431.myshopify.com
brochure2-test-a2a5ebb1555e0df6,brochure2-test-a2a5ebb1555e0df6.myshopify.com
brochure2-test-b1291c8a4c8bff15,brochure2-test-b1291c8a4c8bff15.myshopify.com
brochure2-test-b2a6465055b6ae0c,brochure2-test-b2a6465055b6ae0c.myshopify.com
brochure2-test-c0776326c3a8e7b5,brochure2-test-c0776326c3a8e7b5.myshopify.com
brochure2-test-c17fa539f92b71a8,brochure2-test-c17fa539f92b71a8.myshopify.com
brochure2-test-d060ce40d6a6401d,brochure2-test-d060ce40d6a6401d.myshopify.com
brochure2-test-de019dca381df4d1,brochure2-test-de019dca381df4d1.myshopify.com
brochure2-test-de9f20cf50bbabf9,brochure2-test-de9f20cf50bbabf9.myshopify.com
brochure2-test-e852076ccfeaa25b,brochure2-test-e852076ccfeaa25b.myshopify.com
brochure2-test-f0713b2f244cfa29,brochure2-test-f0713b2f244cfa29.myshopify.com
brochure2-test-f7877a8b41e96ae1,brochure2-test-f7877a8b41e96ae1.myshopify.com
brochure2-test-fb87e08be1b6faee,brochure2-test-fb87e08be1b6faee.myshopify.com
brochure2-test-fc6ba6d0451b469d,brochure2-test-fc6ba6d0451b469d.myshopify.com
brody-paws,brody-paws.myshopify.com
brokebuthustling,brokebuthustling.myshopify.com
brownfield-sports,brownfield-sports.myshopify.com
bruno-frontdoorjuice-shopify-com,bruno-frontdoorjuice-shopify-com.myshopify.com
bruno-rocks,bruno-rocks.myshopify.com
bruno-roldan-pos,bruno-roldan-pos.myshopify.com
bruno-roldan-pos1,bruno-roldan-pos1.myshopify.com
bruno010,bruno010.myshopify.com
brunostore-2,brunostore-2.myshopify.com
bsitasct,bsitasct.myshopify.com
bubble-tea-clubnz,bubble-tea-clubnz.myshopify.com
budocollection,budocollection.myshopify.com
bugbounty2468,bugbounty2468.myshopify.com
bugtesting12,bugtesting12.myshopify.com
buildanartist,buildanartist.myshopify.com
bulk-n-bits,bulk-n-bits.myshopify.com
bullgolf,bullgolf.myshopify.com
bumblepanda,bumblepanda.myshopify.com
bumi-and-ashe,bumi-and-ashe.myshopify.com
burdened,burdened.myshopify.com
burgscorner,burgscorner.myshopify.com
buttonandpint,buttonandpint.myshopify.com
byfvgchfhvf,byfvgchfhvf.myshopify.com
c-n-g-market,c-n-g-market.myshopify.com
caballeros-jewelry,caballeros-jewelry.myshopify.com
cabbagetowncatclub,cabbagetowncatclub.myshopify.com
cadpaymentsbeta2,cadpaymentsbeta2.myshopify.com
cadpaymentsshopbeta,cadpaymentsshopbeta.myshopify.com
caiopia1234test,caiopia1234test.myshopify.com
caiopiatestering,caiopiatestering.myshopify.com
caiopiatestqwerty,caiopiatestqwerty.myshopify.com
caiopiatesyststs,caiopiatesyststs.myshopify.com
cake-cake,cake-cake.myshopify.com
cakesandcookies,cakesandcookies.myshopify.com
canadians-abroad,canadians-abroad.myshopify.com
cannabauds,cannabauds.myshopify.com
capitalcablepark,capitalcablepark.myshopify.com
captain-cashmere,captain-cashmere.myshopify.com
carson-test-48,carson-test-48.myshopify.com
carsons-test-shop-for-payments-5,carsons-test-shop-for-payments-5.myshopify.com
casedealer69,casedealer69.myshopify.com
cases-for-your-phone,cases-for-your-phone.myshopify.com
casually-sophisticated,casually-sophisticated.myshopify.com
cat-kittens-cat-meow,cat-kittens-cat-meow.myshopify.com
catalog-smart-banner,catalog-smart-banner.myshopify.com
catdriven,catdriven.myshopify.com
catherinefivepillars,catherinefivepillars.myshopify.com
cats-happy-cradle,cats-happy-cradle.myshopify.com
cbd-bowl,cbd-bowl.myshopify.com
cdalite-clothing,cdalite-clothing.myshopify.com
cds-testing,cds-testing.myshopify.com
cell-help,cell-help.myshopify.com
cereausly,cereausly.myshopify.com
cervenauta,cervenauta.myshopify.com
chakren,chakren.myshopify.com
championprints1,championprints1.myshopify.com
chaosmonkey2,chaosmonkey2.myshopify.com
chaosmonkey3,chaosmonkey3.myshopify.com
charcharthemes,charcharthemes.myshopify.com
charlies-heaven-market-boutique,charlies-heaven-market-boutique.myshopify.com
checkoutmtl3,checkoutmtl3.myshopify.com
cheesecake-stand,cheesecake-stand.myshopify.com
chesapeakeliving,chesapeakeliving.myshopify.com
chi-uniforms,chi-uniforms.myshopify.com
chicharaughn-shop,chicharaughn-shop.myshopify.com
chiwoo,chiwoo.myshopify.com
chris-dev-store,chris-dev-store.myshopify.com
chris-in-bc,chris-in-bc.myshopify.com
christos-deluxe-store,christos-deluxe-store.myshopify.com
cindyszone-myshopify-com,cindyszone-myshopify-com.myshopify.com
cjtest4,cjtest4.myshopify.com
clean-break-toronto,clean-break-toronto.myshopify.com
clearly-the-best-shop-title-ever,clearly-the-best-shop-title-ever.myshopify.com
cleosdesign,cleosdesign.myshopify.com
clientstorev3,clientstorev3.myshopify.com
cloud-state-vapor,cloud-state-vapor.myshopify.com
code-and-confusion,code-and-confusion.myshopify.com
coder-snacks,coder-snacks.myshopify.com
codytest12345678,codytest12345678.myshopify.com
codytest20140717,codytest20140717.myshopify.com
coles-amazing-t-shirts,coles-amazing-t-shirts.myshopify.com
commerce-test,commerce-test.myshopify.com
communimation,communimation.myshopify.com
company-jp,company-jp.myshopify.com
concious-koala,concious-koala.myshopify.com
conorlandrymemorabilia,conorlandrymemorabilia.myshopify.com
cool-deals-for-you,cool-deals-for-you.myshopify.com
coolhats-inc,coolhats-inc.myshopify.com
coomuffcakes,coomuffcakes.myshopify.com
copydev,copydev.myshopify.com
cornco,cornco.myshopify.com
corofindrama,corofindrama.myshopify.com
counterveil-test-store,counterveil-test-store.myshopify.com
court-casuals-australia,court-casuals-australia.myshopify.com
craig-step-test,craig-step-test.myshopify.com
craptaculartestshop,craptaculartestshop.myshopify.com
cream-of-the-crap,cream-of-the-crap.myshopify.com
crocsify,crocsify.myshopify.com
crossdresser-accessories,crossdresser-accessories.myshopify.com
cruisegifts,cruisegifts.myshopify.com
crumblestuff,crumblestuff.myshopify.com
crushbugs-hackerone,crushbugs-hackerone.myshopify.com
csv-practice-yo,csv-practice-yo.myshopify.com
currency-test-jon,currency-test-jon.myshopify.com
curtain-call-drapery,curtain-call-drapery.myshopify.com
curve-squad,curve-squad.myshopify.com
customguitars,customguitars.myshopify.com
cut-in-chai,cut-in-chai.myshopify.com
cute-and-comfy-boutique,cute-and-comfy-boutique.myshopify.com
cve0x,cve0x.myshopify.com
cve0x3,cve0x3.myshopify.com
cve0x4,cve0x4.myshopify.com
cve0x5,cve0x5.myshopify.com
cyb0r,cyb0r.myshopify.com
cyberagent-test,cyberagent-test.myshopify.com
cyriac-hackerone,cyriac-hackerone.myshopify.com
cyrissas-bud-shop,cyrissas-bud-shop.myshopify.com
d3m0n,d3m0n.myshopify.com
d3m1,d3m1.myshopify.com
da-store-svg-onload-console-log666,da-store-svg-onload-console-log666.myshopify.com
dahotspot1,dahotspot1.myshopify.com
daily-motivation,daily-motivation.myshopify.com
damn-fine-design-co,damn-fine-design-co.myshopify.com
dance-legion,dance-legion.myshopify.com
dandeliones,dandeliones.myshopify.com
daniel-jette,daniel-jette.myshopify.com
daniel2,daniel2.myshopify.com
dank-maymays,dank-maymays.myshopify.com
dank-meme-store,dank-meme-store.myshopify.com
danrosenthal,danrosenthal.myshopify.com
dashboard-test,dashboard-test.myshopify.com
dashboard-test1,dashboard-test1.myshopify.com
dav-designs,dav-designs.myshopify.com
davids-caps-and-bullets,davids-caps-and-bullets.myshopify.com
davids-wix-test,davids-wix-test.myshopify.com
davintest,davintest.myshopify.com
dawn-langstroth-art,dawn-langstroth-art.myshopify.com
dcnutrition,dcnutrition.myshopify.com
deanteststore,deanteststore.myshopify.com
debut-images,debut-images.myshopify.com
deckedout-scooters,deckedout-scooters.myshopify.com
declans-stag,declans-stag.myshopify.com
dedede-3,dedede-3.myshopify.com
deenstore,deenstore.myshopify.com
dele67,dele67.myshopify.com
demilles-gifts,demilles-gifts.myshopify.com
denis-stripe,denis-stripe.myshopify.com
denis-vanilla,denis-vanilla.myshopify.com
dennis-onboarding-test-store,dennis-onboarding-test-store.myshopify.com
derriere,derriere.myshopify.com
design-inc-2,design-inc-2.myshopify.com
desons-furniture-pty-ltd,desons-furniture-pty-ltd.myshopify.com
details-open-ontoggle-alert-1,details-open-ontoggle-alert-1.myshopify.com
devans-blog,devans-blog.myshopify.com
development-plus-blog,development-plus-blog.myshopify.com
devshop-4,devshop-4.myshopify.com
devst0re1,devst0re1.myshopify.com
dhenrikson2,dhenrikson2.myshopify.com
dhenrikson5,dhenrikson5.myshopify.com
dicebaggames-usd,dicebaggames-usd.myshopify.com
diningtime,diningtime.myshopify.com
dips-dressings,dips-dressings.myshopify.com
direct3dprinters,direct3dprinters.myshopify.com
discounteverything,discounteverything.myshopify.com
djm-lifestyle,djm-lifestyle.myshopify.com
djoume-pos5,djoume-pos5.myshopify.com
dmatrix503,dmatrix503.myshopify.com
dndondnd,dndondnd.myshopify.com
docs-team,docs-team.myshopify.com
dog-gone-smart,dog-gone-smart.myshopify.com
doge-squad,doge-squad.myshopify.com
doigettheonlinestore,doigettheonlinestore.myshopify.com
dollskilldemo,dollskilldemo.myshopify.com
dongle-dev-store,dongle-dev-store.myshopify.com
dongle-world,dongle-world.myshopify.com
donndada,donndada.myshopify.com
dpmshirts,dpmshirts.myshopify.com
drawingsformygrandchildren,drawingsformygrandchildren.myshopify.com
dreh,dreh.myshopify.com
dress-your-man-now,dress-your-man-now.myshopify.com
drews-test-shop,drews-test-shop.myshopify.com
dropshiptutorial,dropshiptutorial.myshopify.com
dsafasdfasdfdaf,dsafasdfasdfdaf.myshopify.com
dsfoijbsdojfboisdjfb,dsfoijbsdojfboisdjfb.myshopify.com
dsts14,dsts14.myshopify.com
dsts15,dsts15.myshopify.com
dsts4,dsts4.myshopify.com
duckbert,duckbert.myshopify.com
dunbartestmarket,dunbartestmarket.myshopify.com
dunbartestshop1234123412342123,dunbartestshop1234123412342123.myshopify.com
dunbartestshop717151,dunbartestshop717151.myshopify.com
dundas-2,dundas-2.myshopify.com
dylan-test-shop,dylan-test-shop.myshopify.com
dylan-test-shop-2,dylan-test-shop-2.myshopify.com
e-cig-dtm,e-cig-dtm.myshopify.com
e3sar,e3sar.myshopify.com
east-x-west,east-x-west.myshopify.com
ebutikku,ebutikku.myshopify.com
eccessori,eccessori.myshopify.com
echochamber,echochamber.myshopify.com
ecotonos,ecotonos.myshopify.com
ecove,ecove.myshopify.com
eddydevstore,eddydevstore.myshopify.com
editora-jaguatirica-digital,editora-jaguatirica-digital.myshopify.com
eegrdfgdfg,eegrdfgdfg.myshopify.com
eizern,eizern.myshopify.com
elamaranhack-2,elamaranhack-2.myshopify.com
elamaranhack-3,elamaranhack-3.myshopify.com
elamaranhack-5,elamaranhack-5.myshopify.com
elamaranhack2,elamaranhack2.myshopify.com
elfintree,elfintree.myshopify.com
emanueletest1234,emanueletest1234.myshopify.com
emellelabelle,emellelabelle.myshopify.com
emmify,emmify.myshopify.com
end-of-days,end-of-days.myshopify.com
envy-boutique-makeup,envy-boutique-makeup.myshopify.com
epic-doom,epic-doom.myshopify.com
erbenscherfgbr,erbenscherfgbr.myshopify.com
ergregherherth,ergregherherth.myshopify.com
erikaleute,erikaleute.myshopify.com
erqweasdfasdfasf,erqweasdfasdfasf.myshopify.com
esportscentral,esportscentral.myshopify.com
etchensketch,etchensketch.myshopify.com
evencoolerstorename,evencoolerstorename.myshopify.com
eventhestars,eventhestars.myshopify.com
everything-bliss,everything-bliss.myshopify.com
everything-under-the-sun,everything-under-the-sun.myshopify.com
everything-you-want-some-things-you-need,everything-you-want-some-things-you-need.myshopify.com
example1234567890,example1234567890.myshopify.com
expires-may-10,expires-may-10.myshopify.com
exr-hackerone,exr-hackerone.myshopify.com
f-spinners,f-spinners.myshopify.com
fallingwithstyle,fallingwithstyle.myshopify.com
fast-house-club,fast-house-club.myshopify.com
fast-juices,fast-juices.myshopify.com
fb-commerce-staging-test-1,fb-commerce-staging-test-1.myshopify.com
fbv-test-store,fbv-test-store.myshopify.com
featheredletters,featheredletters.myshopify.com
feawgfewauyfgewa,feawgfewauyfgewa.myshopify.com
feedingthetrolls,feedingthetrolls.myshopify.com
fehauilfehauwifheilw,fehauilfehauwifheilw.myshopify.com
ffjdkjfdkjdfkjdls-lwrio5,ffjdkjfdkjdfkjdls-lwrio5.myshopify.com
fheauilfehaiufgeawigfiwa,fheauilfehaiufgeawigfiwa.myshopify.com
fidget-winners,fidget-winners.myshopify.com
fidgetfreedom,fidgetfreedom.myshopify.com
fidgiteer,fidgiteer.myshopify.com
fifatickets,fifatickets.myshopify.com
finishingtouchmensaccessories,finishingtouchmensaccessories.myshopify.com
finishingtouchwomensaccessories,finishingtouchwomensaccessories.myshopify.com
fire-on,fire-on.myshopify.com
first-date-cake,first-date-cake.myshopify.com
first-store-sanjay,first-store-sanjay.myshopify.com
fitgetspinnersireland,fitgetspinnersireland.myshopify.com
fitzgeralds-coast2coast-connections,fitzgeralds-coast2coast-connections.myshopify.com
fixi-2,fixi-2.myshopify.com
fjdhfhgfegfye,fjdhfhgfegfye.myshopify.com
fjngdfsijgfiiufdg,fjngdfsijgfiiufdg.myshopify.com
flappa,flappa.myshopify.com
flea-market-14,flea-market-14.myshopify.com
foggy-meerkat-builders-5,foggy-meerkat-builders-5.myshopify.com
folklori,folklori.myshopify.com
foobarlol,foobarlol.myshopify.com
forbesflawless,forbesflawless.myshopify.com
forgverification,forgverification.myshopify.com
freaks4sneaksstore,freaks4sneaksstore.myshopify.com
fredspartnertest,fredspartnertest.myshopify.com
free-child,free-child.myshopify.com
free-pos-2,free-pos-2.myshopify.com
freepos1,freepos1.myshopify.com
freeurwaynaturally,freeurwaynaturally.myshopify.com
fresh-empire-21,fresh-empire-21.myshopify.com
freshkils,freshkils.myshopify.com
freyas-international,freyas-international.myshopify.com
friend-it-forward,friend-it-forward.myshopify.com
froistudios,froistudios.myshopify.com
fyts,fyts.myshopify.com
g0blin-1,g0blin-1.myshopify.com
gabriel-mart,gabriel-mart.myshopify.com
gadgetlove,gadgetlove.myshopify.com
galleria-di-lux,galleria-di-lux.myshopify.com
gameswithgrandma,gameswithgrandma.myshopify.com
gamingwombat,gamingwombat.myshopify.com
gauravtest4,gauravtest4.myshopify.com
gdyejfjifhbfjviuegenfjgienemkcoemdbysjebfjsj,gdyejfjifhbfjviuegenfjgienemkcoemdbysjebfjsj.myshopify.com
gee-golly,gee-golly.myshopify.com
geekchecker,geekchecker.myshopify.com
generic-individual,generic-individual.myshopify.com
gennuina,gennuina.myshopify.com
get-wuf,get-wuf.myshopify.com
getcharged,getcharged.myshopify.com
ghauri,ghauri.myshopify.com
gingeredition,gingeredition.myshopify.com
giselle-swim,giselle-swim.myshopify.com
gitaguitar,gitaguitar.myshopify.com
givergear,givergear.myshopify.com
global-pc-gaming,global-pc-gaming.myshopify.com
goldengloh,goldengloh.myshopify.com
goldsouk1,goldsouk1.myshopify.com
golffice,golffice.myshopify.com
google-autocomplete-demo,google-autocomplete-demo.myshopify.com
google-wallet-test,google-wallet-test.myshopify.com
gorila-display,gorila-display.myshopify.com
gottaget-net,gottaget-net.myshopify.com
gpasys-2,gpasys-2.myshopify.com
grayworks,grayworks.myshopify.com
groovylemonpie,groovylemonpie.myshopify.com
guedille01,guedille01.myshopify.com
guidance-analytics,guidance-analytics.myshopify.com
guimhealth-pharmaceutical-distributor,guimhealth-pharmaceutical-distributor.myshopify.com
guru-garage-sale,guru-garage-sale.myshopify.com
guru-test-shop,guru-test-shop.myshopify.com
h1-shop-2,h1-shop-2.myshopify.com
h1-test-h1-2,h1-test-h1-2.myshopify.com
h1-test1,h1-test1.myshopify.com
h1-testx,h1-testx.myshopify.com
h1shop2,h1shop2.myshopify.com
h1tests,h1tests.myshopify.com
h1teststore,h1teststore.myshopify.com
h1totr,h1totr.myshopify.com
h2wexmo,h2wexmo.myshopify.com
h4ck3r0n3,h4ck3r0n3.myshopify.com
h4x3d,h4x3d.myshopify.com
hack0021-2,hack0021-2.myshopify.com
hack0021-3,hack0021-3.myshopify.com
hack0021-c-3,hack0021-c-3.myshopify.com
hack0021-c-4,hack0021-c-4.myshopify.com
hacker0ne,hacker0ne.myshopify.com
hacker0x1,hacker0x1.myshopify.com
hacker2333,hacker2333.myshopify.com
hackercommerce,hackercommerce.myshopify.com
hackerone-bug-bounty,hackerone-bug-bounty.myshopify.com
hackerone-n,hackerone-n.myshopify.com
hackerone-test-826361893,hackerone-test-826361893.myshopify.com
hackerone-test-store-1,hackerone-test-store-1.myshopify.com
hackerone-tester,hackerone-tester.myshopify.com
hackerone-tester1,hackerone-tester1.myshopify.com
hackerone111,hackerone111.myshopify.com
hackerone123456,hackerone123456.myshopify.com
hackerone181,hackerone181.myshopify.com
hackerone2016,hackerone2016.myshopify.com
hackeroneashish,hackeroneashish.myshopify.com
hackeronestore-2,hackeronestore-2.myshopify.com
hackeronetest1231,hackeronetest1231.myshopify.com
hackeronetestcase,hackeronetestcase.myshopify.com
hackeronetrial,hackeronetrial.myshopify.com
hackeronetwd,hackeronetwd.myshopify.com
hackgear-mackstaples,hackgear-mackstaples.myshopify.com
hackshop1,hackshop1.myshopify.com
hacksor,hacksor.myshopify.com
haeky1,haeky1.myshopify.com
hahahah1123,hahahah1123.myshopify.com
hahaus,hahaus.myshopify.com
haileysspace2,haileysspace2.myshopify.com
hamburgers,hamburgers.myshopify.com
handson-company,handson-company.myshopify.com
hansdevstore,hansdevstore.myshopify.com
happy-ever-afterlife,happy-ever-afterlife.myshopify.com
happycheeks,happycheeks.myshopify.com
hardpoison,hardpoison.myshopify.com
hats-by-felicity,hats-by-felicity.myshopify.com
haude,haude.myshopify.com
haxmcgee,haxmcgee.myshopify.com
hbjkvgcyfitt6o87y9p8o-ijk-hgmvcferw3t4ey5r6ut7i,hbjkvgcyfitt6o87y9p8o-ijk-hgmvcferw3t4ey5r6ut7i.myshopify.com
hdhdjfjdjdj,hdhdjfjdjdj.myshopify.com
headgeer,headgeer.myshopify.com
healus-health,healus-health.myshopify.com
hello-world-out-there,hello-world-out-there.myshopify.com
hellothisiskarmena,hellothisiskarmena.myshopify.com
hellshady-135,hellshady-135.myshopify.com
herbs-direct,herbs-direct.myshopify.com
herjewelrybox,herjewelrybox.myshopify.com
herman-wolf-and-langosh698,herman-wolf-and-langosh698.myshopify.com
heyooooooo,heyooooooo.myshopify.com
hgffb,hgffb.myshopify.com
hgvgnmhliugvb-vhjiluhgcvnuyo78fc,hgvgnmhliugvb-vhjiluhgcvnuyo78fc.myshopify.com
hi-anhtuan-me,hi-anhtuan-me.myshopify.com
himalaya-blogger,himalaya-blogger.myshopify.com
hipaddy,hipaddy.myshopify.com
hjarnawaves,hjarnawaves.myshopify.com
hochelaga,hochelaga.myshopify.com
homecardpreview1,homecardpreview1.myshopify.com
homecardpreview4,homecardpreview4.myshopify.com
homecardpreview5,homecardpreview5.myshopify.com
homegrown-farm-fresh-meats,homegrown-farm-fresh-meats.myshopify.com
homeonboard4,homeonboard4.myshopify.com
hooooooooooo,hooooooooooo.myshopify.com
hotblanket,hotblanket.myshopify.com
howareyanew,howareyanew.myshopify.com
https-askylitdryvstuff-myshopify-com,https-askylitdryvstuff-myshopify-com.myshopify.com
https-gangplankbluegalleon,https-gangplankbluegalleon.myshopify.com
https-gangplankbluegalleon-myshopify-com,https-gangplankbluegalleon-myshopify-com.myshopify.com
hubspot123,hubspot123.myshopify.com
hughtest5,hughtest5.myshopify.com
hulyahlondon,hulyahlondon.myshopify.com
hunnybunnyhunnybear,hunnybunnyhunnybear.myshopify.com
huntingwatches,huntingwatches.myshopify.com
hxh7,hxh7.myshopify.com
hydandco,hydandco.myshopify.com
i-3brennan,i-3brennan.myshopify.com
i-iz-kittycat,i-iz-kittycat.myshopify.com
i-like-the-break-things,i-like-the-break-things.myshopify.com
iasdlkhasdlhh,iasdlkhasdlhh.myshopify.com
ibram-testing1,ibram-testing1.myshopify.com
ibukun104,ibukun104.myshopify.com
ices,ices.myshopify.com
ideas-man-dev-store,ideas-man-dev-store.myshopify.com
ignacio-test,ignacio-test.myshopify.com
ignite-athletic-apparel,ignite-athletic-apparel.myshopify.com
igolas,igolas.myshopify.com
iheartbracelets,iheartbracelets.myshopify.com
iliketocompete,iliketocompete.myshopify.com
ilovedogspotting,ilovedogspotting.myshopify.com
img-src-x-onerror-alert0-0a,img-src-x-onerror-alert0-0a.myshopify.com
img-src-x-onerror-alert1-30,img-src-x-onerror-alert1-30.myshopify.com
img-src-x-onerror-alert1-36,img-src-x-onerror-alert1-36.myshopify.com
img-src-x-onerror-alert1-37,img-src-x-onerror-alert1-37.myshopify.com
img-src-x-onerror-alert1-38,img-src-x-onerror-alert1-38.myshopify.com
img-src-x-onerror-alert1-41,img-src-x-onerror-alert1-41.myshopify.com
img-src-x-onerror-alert1-44,img-src-x-onerror-alert1-44.myshopify.com
img-src-x-onerror-alert1-45,img-src-x-onerror-alert1-45.myshopify.com
img-src-x-onerror-alert1-50,img-src-x-onerror-alert1-50.myshopify.com
img-src-x-onerror-alert1-51,img-src-x-onerror-alert1-51.myshopify.com
img-src-x-onerror-alert1-54,img-src-x-onerror-alert1-54.myshopify.com
img-src-x-onerror-alert1-55,img-src-x-onerror-alert1-55.myshopify.com
img-src-x-onerror-alert1-56,img-src-x-onerror-alert1-56.myshopify.com
img-src-x-onerror-alert1-65,img-src-x-onerror-alert1-65.myshopify.com
img-src-x-onerror-alert1-67,img-src-x-onerror-alert1-67.myshopify.com
img-src-x-onerror-alert1-70,img-src-x-onerror-alert1-70.myshopify.com
img-src-x-onerror-alert1-73,img-src-x-onerror-alert1-73.myshopify.com
img-src-x-onerror-alert1-76,img-src-x-onerror-alert1-76.myshopify.com
img-src-x-onerror-alert1-83,img-src-x-onerror-alert1-83.myshopify.com
img-src-x-onerror-alert1-84,img-src-x-onerror-alert1-84.myshopify.com
img-src-x-onerror-alert1-86,img-src-x-onerror-alert1-86.myshopify.com
img-src-x-onerror-alert1-89,img-src-x-onerror-alert1-89.myshopify.com
img-src-x-onerror-alert1-92,img-src-x-onerror-alert1-92.myshopify.com
img-src-x-onerror-alert1-94,img-src-x-onerror-alert1-94.myshopify.com
img-src-x-onerror-alert1-95,img-src-x-onerror-alert1-95.myshopify.com
img-src-x-onerror-alert1-asdd,img-src-x-onerror-alert1-asdd.myshopify.com
img-src-x-onerror-alert1-asss,img-src-x-onerror-alert1-asss.myshopify.com
img-src-x-onerror-alert1-ssss,img-src-x-onerror-alert1-ssss.myshopify.com
img-src-x-onerror-prompt1-61,img-src-x-onerror-prompt1-61.myshopify.com
img-src-x-onerror-prompt11,img-src-x-onerror-prompt11.myshopify.com
imjusttesting8,imjusttesting8.myshopify.com
indiemusictest,indiemusictest.myshopify.com
infinitebeyond,infinitebeyond.myshopify.com
initeshop,initeshop.myshopify.com
intheeighties,intheeighties.myshopify.com
ipentest,ipentest.myshopify.com
irce-snowboardshop,irce-snowboardshop.myshopify.com
isaacstest20140610,isaacstest20140610.myshopify.com
isaacstest6,isaacstest6.myshopify.com
isaacsteststore4,isaacsteststore4.myshopify.com
ishouldnotgettangoemails,ishouldnotgettangoemails.myshopify.com
itlinux,itlinux.myshopify.com
itsbyprado,itsbyprado.myshopify.com
iushdf97sgdf9g,iushdf97sgdf9g.myshopify.com
iuwedhf87234623,iuwedhf87234623.myshopify.com
izaak-test-1,izaak-test-1.myshopify.com
j-e-sports-collectibles,j-e-sports-collectibles.myshopify.com
jackie-testing,jackie-testing.myshopify.com
jackmccrtest,jackmccrtest.myshopify.com
jacksuperteststore,jacksuperteststore.myshopify.com
jackxxx,jackxxx.myshopify.com
jahfer-test,jahfer-test.myshopify.com
jakob-kulzer,jakob-kulzer.myshopify.com
jamesbab2,jamesbab2.myshopify.com
jamesyuan,jamesyuan.myshopify.com
jareths-com,jareths-com.myshopify.com
jaschipndip,jaschipndip.myshopify.com
jason-test-59,jason-test-59.myshopify.com
jason-test-60,jason-test-60.myshopify.com
jason-test-61,jason-test-61.myshopify.com
jason-test-63,jason-test-63.myshopify.com
jasontest-57,jasontest-57.myshopify.com
jasontesting,jasontesting.myshopify.com
javascript-alert0-return-url-https-evil-com,javascript-alert0-return-url-https-evil-com.myshopify.com
jawstore12,jawstore12.myshopify.com
jayanttest,jayanttest.myshopify.com
jbspro,jbspro.myshopify.com
jcullentest1-2,jcullentest1-2.myshopify.com
jdhbsncxbn,jdhbsncxbn.myshopify.com
jenimay,jenimay.myshopify.com
jenn-shop-test-two,jenn-shop-test-two.myshopify.com
jensteststore,jensteststore.myshopify.com
jermianes-n-miami,jermianes-n-miami.myshopify.com
jerome-is-testing-affiliation-for-share-a-sale,jerome-is-testing-affiliation-for-share-a-sale.myshopify.com
jerome-is-testing-again,jerome-is-testing-again.myshopify.com
jerome-is-testing-com-sg-affiliates,jerome-is-testing-com-sg-affiliates.myshopify.com
jerome-is-testing-pos-onboarding,jerome-is-testing-pos-onboarding.myshopify.com
jerome-is-testing-ref-codes-on-app-store,jerome-is-testing-ref-codes-on-app-store.myshopify.com
jerome-is-testing-shopify-asia-plans,jerome-is-testing-shopify-asia-plans.myshopify.com
jerome-is-testing-shopify-my,jerome-is-testing-shopify-my.myshopify.com
jerome-is-testing-signup-affiliation,jerome-is-testing-signup-affiliation.myshopify.com
jerome-is-testing-signup-on-com-sg-with-ssid,jerome-is-testing-signup-on-com-sg-with-ssid.myshopify.com
jerome-is-testing-that-signup-works-after-deploy,jerome-is-testing-that-signup-works-after-deploy.myshopify.com
jerome-is-testing-tracking-pixels-for-partners,jerome-is-testing-tracking-pixels-for-partners.myshopify.com
jerome-ref-test-on-dotca,jerome-ref-test-on-dotca.myshopify.com
jerome-test-shop-12,jerome-test-shop-12.myshopify.com
jerome-testing-ref-on-blog,jerome-testing-ref-on-blog.myshopify.com
jerome-testing-shopify-in-ref-override,jerome-testing-shopify-in-ref-override.myshopify.com
jeromes-test-store,jeromes-test-store.myshopify.com
jesse-nz-test-2,jesse-nz-test-2.myshopify.com
jewellery-shopper,jewellery-shopper.myshopify.com
jewelryjono,jewelryjono.myshopify.com
jhbskjbjkb,jhbskjbjkb.myshopify.com
jitendra-ck,jitendra-ck.myshopify.com
jj8-and-9-store,jj8-and-9-store.myshopify.com
jklfdsa-jafeiu3234,jklfdsa-jafeiu3234.myshopify.com
john123123123store,john123123123store.myshopify.com
johnduff,johnduff.myshopify.com
jonathan-smith-br,jonathan-smith-br.myshopify.com
jonshon,jonshon.myshopify.com
joshuathomson-ca,joshuathomson-ca.myshopify.com
jsc-sa2,jsc-sa2.myshopify.com
jsdgjg90ue9gewu90,jsdgjg90ue9gewu90.myshopify.com
jtgrenz,jtgrenz.myshopify.com
jufa,jufa.myshopify.com
juhhga,juhhga.myshopify.com
juhhga2,juhhga2.myshopify.com
julian-energy-marketplace,julian-energy-marketplace.myshopify.com
junkygypsys,junkygypsys.myshopify.com
just-checking-my-store,just-checking-my-store.myshopify.com
just-got-shopified,just-got-shopified.myshopify.com
justacaribbeangirl,justacaribbeangirl.myshopify.com
justatesteroo,justatesteroo.myshopify.com
justfornowanyrandomname,justfornowanyrandomname.myshopify.com
justtesting999,justtesting999.myshopify.com
jv-preview,jv-preview.myshopify.com
kaiju-tees,kaiju-tees.myshopify.com
kalico-krafts-and-gems,kalico-krafts-and-gems.myshopify.com
karensnewshop,karensnewshop.myshopify.com
karmenatest3,karmenatest3.myshopify.com
karmenatest4,karmenatest4.myshopify.com
kashkjgsoaskokg,kashkjgsoaskokg.myshopify.com
kat-and-matt,kat-and-matt.myshopify.com
katiemacstore,katiemacstore.myshopify.com
katilapptest,katilapptest.myshopify.com
kaubqkdqzkxxfqp,kaubqkdqzkxxfqp.myshopify.com
kb-dev-partner,kb-dev-partner.myshopify.com
kcru-test,kcru-test.myshopify.com
kellyclub,kellyclub.myshopify.com
kelsorocks,kelsorocks.myshopify.com
kendallstest,kendallstest.myshopify.com
kevins-sweet-test-shop,kevins-sweet-test-shop.myshopify.com
keyproducts,keyproducts.myshopify.com
kheprinatural,kheprinatural.myshopify.com
khhjkhjkhjkjhk,khhjkhjkhjkjhk.myshopify.com
kiba-resultados-2,kiba-resultados-2.myshopify.com
kidzcart,kidzcart.myshopify.com
kimieshoper,kimieshoper.myshopify.com
kinglinedesign,kinglinedesign.myshopify.com
kirlin-and-sons3656,kirlin-and-sons3656.myshopify.com
kirstenstestinghasoffers,kirstenstestinghasoffers.myshopify.com
kirstenstore,kirstenstore.myshopify.com
kitcrm2,kitcrm2.myshopify.com
kitcrmpentest,kitcrmpentest.myshopify.com
kittykittykitty,kittykittykitty.myshopify.com
kittypowers,kittypowers.myshopify.com
kjnjknknlknkdnbkjbcb,kjnjknknlknkdnbkjbcb.myshopify.com
klall,klall.myshopify.com
kloc-store,kloc-store.myshopify.com
kmselections,kmselections.myshopify.com
knitroverted,knitroverted.myshopify.com
know-where-you-put-your-money,know-where-you-put-your-money.myshopify.com
kontor-vaxter,kontor-vaxter.myshopify.com
kool-trends,kool-trends.myshopify.com
kramsterific,kramsterific.myshopify.com
krankosstore,krankosstore.myshopify.com
kratomkava-us,kratomkava-us.myshopify.com
krb-polaris,krb-polaris.myshopify.com
krisorr1,krisorr1.myshopify.com
krissyonline,krissyonline.myshopify.com
kristian-12314141414,kristian-12314141414.myshopify.com
kristian-pd-123456,kristian-pd-123456.myshopify.com
kristian-test-1,kristian-test-1.myshopify.com
kristianpd125,kristianpd125.myshopify.com
kristianpd126,kristianpd126.myshopify.com
kristianpd321,kristianpd321.myshopify.com
kristianpd321-3,kristianpd321-3.myshopify.com
kristianpd3211,kristianpd3211.myshopify.com
kristianpd987,kristianpd987.myshopify.com
kristians-cool-store,kristians-cool-store.myshopify.com
kristians-fooooooooo,kristians-fooooooooo.myshopify.com
kristians-pos-store-2,kristians-pos-store-2.myshopify.com
kristians-shop,kristians-shop.myshopify.com
kristians-shop-123,kristians-shop-123.myshopify.com
kristians-stest-store,kristians-stest-store.myshopify.com
kristians-store-3,kristians-store-3.myshopify.com
kristians-test-shop,kristians-test-shop.myshopify.com
kristians-test-shop-extreme,kristians-test-shop-extreme.myshopify.com
kristians-test-shop-extreme-2,kristians-test-shop-extreme-2.myshopify.com
kristians-test-store-123,kristians-test-store-123.myshopify.com
kroltest-fraud2,kroltest-fraud2.myshopify.com
kt1store,kt1store.myshopify.com
kumar-demo,kumar-demo.myshopify.com
kuni-studio,kuni-studio.myshopify.com
kurlikhackerone,kurlikhackerone.myshopify.com
kutthroat-design,kutthroat-design.myshopify.com
kwatog01,kwatog01.myshopify.com
kwyet,kwyet.myshopify.com
kyhue-shop,kyhue-shop.myshopify.com
kyleas-test,kyleas-test.myshopify.com
kylefcustomertest1,kylefcustomertest1.myshopify.com
kyles-awesome-and-unique-dev-store,kyles-awesome-and-unique-dev-store.myshopify.com
kyvillage,kyvillage.myshopify.com
la-divisa-cafe-de-origen,la-divisa-cafe-de-origen.myshopify.com
la-muraille,la-muraille.myshopify.com
laane,laane.myshopify.com
lahsdoiashdlh,lahsdoiashdlh.myshopify.com
lakemount-ca,lakemount-ca.myshopify.com
laksdjfalsdkfjadsfadsf,laksdjfalsdkfjadsfadsf.myshopify.com
laksdjfas,laksdjfas.myshopify.com
laksdmflkdasmfkldsm-alkdfsm,laksdmflkdasmfkldsm-alkdfsm.myshopify.com
lalabugbb-hackerone,lalabugbb-hackerone.myshopify.com
lalabugbb-test-shop-hackerone,lalabugbb-test-shop-hackerone.myshopify.com
lana-kozak-accessories,lana-kozak-accessories.myshopify.com
lancelafontaine-test,lancelafontaine-test.myshopify.com
lantinga-vita,lantinga-vita.myshopify.com
laong-laan,laong-laan.myshopify.com
lasdflajsdf,lasdflajsdf.myshopify.com
lasozo,lasozo.myshopify.com
last-11,last-11.myshopify.com
lastbestbrew,lastbestbrew.myshopify.com
laurent-spanish,laurent-spanish.myshopify.com
laurent-spanish-5,laurent-spanish-5.myshopify.com
lawrence-6,lawrence-6.myshopify.com
learnpinterest,learnpinterest.myshopify.com
leeet,leeet.myshopify.com
leggings-for-dayz,leggings-for-dayz.myshopify.com
lemmetest,lemmetest.myshopify.com
lemoncash-shop,lemoncash-shop.myshopify.com
liberte-at-the-london,liberte-at-the-london.myshopify.com
life-like-lover,life-like-lover.myshopify.com
life-of-copy-1493404410,life-of-copy-1493404410.myshopify.com
lifelinecharging-myshopify-com,lifelinecharging-myshopify-com.myshopify.com
light-bulb-baking,light-bulb-baking.myshopify.com
lingo-luxe-bespoke,lingo-luxe-bespoke.myshopify.com
lintrollers,lintrollers.myshopify.com
liquid-laboratory,liquid-laboratory.myshopify.com
lishuang-h1,lishuang-h1.myshopify.com
litbb,litbb.myshopify.com
lite-test-store,lite-test-store.myshopify.com
litetest1,litetest1.myshopify.com
litetests,litetests.myshopify.com
little-cub-clothing,little-cub-clothing.myshopify.com
little-wolf-coffee-roasters,little-wolf-coffee-roasters.myshopify.com
livingmybestlife,livingmybestlife.myshopify.com
lizaemanuele,lizaemanuele.myshopify.com
lizzy-speakz,lizzy-speakz.myshopify.com
lkadsflkj,lkadsflkj.myshopify.com
lkasjdflas,lkasjdflas.myshopify.com
lkfeoijrfbeuiuirreg,lkfeoijrfbeuiuirreg.myshopify.com
lkjasdflkasf,lkjasdflkasf.myshopify.com
lkjasdlfkjlskdasasasaas,lkjasdlfkjlskdasasasaas.myshopify.com
lkjlkjsdf,lkjlkjsdf.myshopify.com
lkjsdflks,lkjsdflks.myshopify.com
lklklklklklklk,lklklklklklklk.myshopify.com
lksdjfjlksdf,lksdjfjlksdf.myshopify.com
llfjasldflasdjf,llfjasldflasdjf.myshopify.com
lnjak,lnjak.myshopify.com
locate-your-pet,locate-your-pet.myshopify.com
locklaces1,locklaces1.myshopify.com
lockstore,lockstore.myshopify.com
logzon,logzon.myshopify.com
lolololololol20000,lolololololol20000.myshopify.com
lolzers,lolzers.myshopify.com
lordoffly,lordoffly.myshopify.com
lordylordy,lordylordy.myshopify.com
lori1985,lori1985.myshopify.com
lost-in-the-static,lost-in-the-static.myshopify.com
louistesting12341234121212,louistesting12341234121212.myshopify.com
louistestsshopifypayments,louistestsshopifypayments.myshopify.com
low-and-slow-philippines,low-and-slow-philippines.myshopify.com
lucasveiga,lucasveiga.myshopify.com
lucida-cosmetics,lucida-cosmetics.myshopify.com
luke-sp-test-20,luke-sp-test-20.myshopify.com
luke-test-2,luke-test-2.myshopify.com
luke-uk-test-12,luke-uk-test-12.myshopify.com
luke-uk-test-15,luke-uk-test-15.myshopify.com
luke-uk-test-17,luke-uk-test-17.myshopify.com
luke-uk-test-21,luke-uk-test-21.myshopify.com
luke-uk-test-6,luke-uk-test-6.myshopify.com
lullaby-blues,lullaby-blues.myshopify.com
lumber-jaxe,lumber-jaxe.myshopify.com
lumen-light-sound,lumen-light-sound.myshopify.com
lunchify,lunchify.myshopify.com
luxprotection,luxprotection.myshopify.com
lvbc,lvbc.myshopify.com
lyfstile-online,lyfstile-online.myshopify.com
lynseytestingagain,lynseytestingagain.myshopify.com
m239u49023u09,m239u49023u09.myshopify.com
maartentest3,maartentest3.myshopify.com
maartentest4,maartentest4.myshopify.com
maartentest5,maartentest5.myshopify.com
madaf5668,madaf5668.myshopify.com
maddencoinmarket-com,maddencoinmarket-com.myshopify.com
madewell-meats-llc,madewell-meats-llc.myshopify.com
madumcuryvictim,madumcuryvictim.myshopify.com
mahahackerone,mahahackerone.myshopify.com
mailonehacker,mailonehacker.myshopify.com
mairead-oneill,mairead-oneill.myshopify.com
majikmade,majikmade.myshopify.com
makingcommercebetter,makingcommercebetter.myshopify.com
malhavoc,malhavoc.myshopify.com
malivan-kay,malivan-kay.myshopify.com
mamangstore,mamangstore.myshopify.com
management-test,management-test.myshopify.com
manzanitajewelry,manzanitajewelry.myshopify.com
maritimehustle,maritimehustle.myshopify.com
mariusbutuc,mariusbutuc.myshopify.com
marylongworth,marylongworth.myshopify.com
mashop9,mashop9.myshopify.com
massapparel,massapparel.myshopify.com
mattdanielonboarding,mattdanielonboarding.myshopify.com
mattoberlotest,mattoberlotest.myshopify.com
matts-coffee-mugs,matts-coffee-mugs.myshopify.com
mauricioposteststore1,mauricioposteststore1.myshopify.com
mcleds,mcleds.myshopify.com
mcphail,mcphail.myshopify.com
mcveto-salsa,mcveto-salsa.myshopify.com
mdbings,mdbings.myshopify.com
meeshameeshaalbano,meeshameeshaalbano.myshopify.com
meeshatest-meesha,meeshatest-meesha.myshopify.com
megans-test-store,megans-test-store.myshopify.com
meltems,meltems.myshopify.com
memon-2,memon-2.myshopify.com
memon-5,memon-5.myshopify.com
memon7,memon7.myshopify.com
memon78,memon78.myshopify.com
memon93,memon93.myshopify.com
mensteamstore,mensteamstore.myshopify.com
merchant-data-warehouse,merchant-data-warehouse.myshopify.com
merchmageddon,merchmageddon.myshopify.com
metrofallout,metrofallout.myshopify.com
mi-crosoft,mi-crosoft.myshopify.com
michaels-cycles,michaels-cycles.myshopify.com
michaels-junkroom,michaels-junkroom.myshopify.com
midnight-owl-coffee,midnight-owl-coffee.myshopify.com
migratingstore,migratingstore.myshopify.com
migs-devs,migs-devs.myshopify.com
mikapedia,mikapedia.myshopify.com
millardo,millardo.myshopify.com
milltowngoods,milltowngoods.myshopify.com
mindfulman-eu,mindfulman-eu.myshopify.com
ministryoflooks,ministryoflooks.myshopify.com
miokanson00,miokanson00.myshopify.com
mobiletest3,mobiletest3.myshopify.com
mobiletest4,mobiletest4.myshopify.com
modbadass,modbadass.myshopify.com
modest-cottage-boutique,modest-cottage-boutique.myshopify.com
mohamed1642-2,mohamed1642-2.myshopify.com
mohamed1642-3,mohamed1642-3.myshopify.com
mohamed1642-6,mohamed1642-6.myshopify.com
mohammed-taher-fb123,mohammed-taher-fb123.myshopify.com
mohammrd2,mohammrd2.myshopify.com
mohtaher,mohtaher.myshopify.com
mohtaher-fb-home,mohtaher-fb-home.myshopify.com
molecularlist,molecularlist.myshopify.com
monishdx,monishdx.myshopify.com
monopoly,monopoly.myshopify.com
moshopmo,moshopmo.myshopify.com
moshoptest,moshoptest.myshopify.com
mountainwonderland,mountainwonderland.myshopify.com
movietreasures,movietreasures.myshopify.com
movsumov,movsumov.myshopify.com
mr-az,mr-az.myshopify.com
mr47,mr47.myshopify.com
muddy-monday,muddy-monday.myshopify.com
mugtattoo,mugtattoo.myshopify.com
mulder,mulder.myshopify.com
mulder-bmg,mulder-bmg.myshopify.com
mussay,mussay.myshopify.com
mustafa-test-trial-expired,mustafa-test-trial-expired.myshopify.com
my-awesome-bob-store,my-awesome-bob-store.myshopify.com
my-awesome-magic-store,my-awesome-magic-store.myshopify.com
my-awesome-shop-4,my-awesome-shop-4.myshopify.com
my-awesome-shop-6,my-awesome-shop-6.myshopify.com
my-computer-is-my-canvas,my-computer-is-my-canvas.myshopify.com
my-daylan,my-daylan.myshopify.com
my-dev-stores,my-dev-stores.myshopify.com
my-devvie,my-devvie.myshopify.com
my-dog-loves-me,my-dog-loves-me.myshopify.com
my-dotcom-store,my-dotcom-store.myshopify.com
my-lazy-panda,my-lazy-panda.myshopify.com
my-test-store-2,my-test-store-2.myshopify.com
myawesomestore2,myawesomestore2.myshopify.com
myfirstdevstore,myfirstdevstore.myshopify.com
myfreepos2,myfreepos2.myshopify.com
myhackeronestore-2,myhackeronestore-2.myshopify.com
myi-store,myi-store.myshopify.com
myotherhackeronestore,myotherhackeronestore.myshopify.com
myotherhackeronestore-2,myotherhackeronestore-2.myshopify.com
myotherhackeronestore-nasd,myotherhackeronestore-nasd.myshopify.com
mysecond,mysecond.myshopify.com
mysneaks,mysneaks.myshopify.com
mystical-rings,mystical-rings.myshopify.com
mysuperduperstore2,mysuperduperstore2.myshopify.com
myt112,myt112.myshopify.com
myt143,myt143.myshopify.com
mytests,mytests.myshopify.com
mytestshopmallo,mytestshopmallo.myshopify.com
najee-pearson,najee-pearson.myshopify.com
nathaniel-mission,nathaniel-mission.myshopify.com
national-stoner-league,national-stoner-league.myshopify.com
naturkid,naturkid.myshopify.com
nauti-wicks-candle-company,nauti-wicks-candle-company.myshopify.com
naynas,naynas.myshopify.com
neato-testerooo,neato-testerooo.myshopify.com
neerajsonaniya,neerajsonaniya.myshopify.com
nemotest3,nemotest3.myshopify.com
newmillenniumapparel,newmillenniumapparel.myshopify.com
newoneforthisgururoo,newoneforthisgururoo.myshopify.com
newstoretime,newstoretime.myshopify.com
newsttile,newsttile.myshopify.com
newzealandsp,newzealandsp.myshopify.com
nick-degiorgio,nick-degiorgio.myshopify.com
nick-test-1,nick-test-1.myshopify.com
nickh-2014-07-08-01,nickh-2014-07-08-01.myshopify.com
nickh-20160523-1,nickh-20160523-1.myshopify.com
nickqa,nickqa.myshopify.com
nickrtest,nickrtest.myshopify.com
nicks-kit-store,nicks-kit-store.myshopify.com
nicksmall-firefox-test,nicksmall-firefox-test.myshopify.com
nicksmall12345,nicksmall12345.myshopify.com
nicksmall3,nicksmall3.myshopify.com
nickswebsite,nickswebsite.myshopify.com
ninjago,ninjago.myshopify.com
nirvana-msu,nirvana-msu.myshopify.com
nitty-gritty-outdoors,nitty-gritty-outdoors.myshopify.com
nivitests,nivitests.myshopify.com
nnnnnnn2w,nnnnnnn2w.myshopify.com
nodbod-demo-store,nodbod-demo-store.myshopify.com
nonprofittester,nonprofittester.myshopify.com
nopassword-affiliate,nopassword-affiliate.myshopify.com
north-point-mall,north-point-mall.myshopify.com
nostalgiapins,nostalgiapins.myshopify.com
not-so-free-advice,not-so-free-advice.myshopify.com
notclosed,notclosed.myshopify.com
notheme,notheme.myshopify.com
notlonely,notlonely.myshopify.com
novatechie,novatechie.myshopify.com
nvmber,nvmber.myshopify.com
o-svg-onload-alertdocument-cookie,o-svg-onload-alertdocument-cookie.myshopify.com
oaoten,oaoten.myshopify.com
oberloinstall,oberloinstall.myshopify.com
obsessively-neat,obsessively-neat.myshopify.com
oceanheads,oceanheads.myshopify.com
oh-naturals,oh-naturals.myshopify.com
ohasdlkhasdkh,ohasdlkhasdkh.myshopify.com
oiahsdoihasdoiha,oiahsdoihasdoiha.myshopify.com
oihsodihasodiha,oihsodihasodiha.myshopify.com
ojama-dev,ojama-dev.myshopify.com
okeystores,okeystores.myshopify.com
oktees,oktees.myshopify.com
old-school-gold,old-school-gold.myshopify.com
omeriqbalbutt,omeriqbalbutt.myshopify.com
omg-becky,omg-becky.myshopify.com
omg-sweaters,omg-sweaters.myshopify.com
omgponies99,omgponies99.myshopify.com
onfire-2,onfire-2.myshopify.com
onfire-3,onfire-3.myshopify.com
onload-prompt1,onload-prompt1.myshopify.com
onymous,onymous.myshopify.com
oooo,oooo.myshopify.com
optimizing-human-potential,optimizing-human-potential.myshopify.com
organiclumberjack,organiclumberjack.myshopify.com
ottawafood,ottawafood.myshopify.com
ottawatulips,ottawatulips.myshopify.com
outdoorsily,outdoorsily.myshopify.com
owls-space,owls-space.myshopify.com
p-surplus-refurb,p-surplus-refurb.myshopify.com
paladin-254,paladin-254.myshopify.com
paladin-3,paladin-3.myshopify.com
pamperyourpet-shop,pamperyourpet-shop.myshopify.com
paranoid-dba-shop,paranoid-dba-shop.myshopify.com
parroty-error,parroty-error.myshopify.com
partner-webscael,partner-webscael.myshopify.com
partner-webscael4,partner-webscael4.myshopify.com
pashionista,pashionista.myshopify.com
paskwarho,paskwarho.myshopify.com
passwordispassword,passwordispassword.myshopify.com
patio-parc,patio-parc.myshopify.com
patrascanu,patrascanu.myshopify.com
patrick-test-47,patrick-test-47.myshopify.com
patricks-shop,patricks-shop.myshopify.com
paulas-portfolio,paulas-portfolio.myshopify.com
paulstestshop22,paulstestshop22.myshopify.com
paws-up-wear,paws-up-wear.myshopify.com
paymentscanadatest,paymentscanadatest.myshopify.com
paymentstest4,paymentstest4.myshopify.com
paymenttest,paymenttest.myshopify.com
paymenttestsmode,paymenttestsmode.myshopify.com
pentest-as-as,pentest-as-as.myshopify.com
perf-chi-1,perf-chi-1.myshopify.com
phewtest,phewtest.myshopify.com
phoebes-dev-shop,phoebes-dev-shop.myshopify.com
phwdtest,phwdtest.myshopify.com
pinatify123,pinatify123.myshopify.com
pindom,pindom.myshopify.com
pinkerton-and-asher,pinkerton-and-asher.myshopify.com
pinkfluffyclouds,pinkfluffyclouds.myshopify.com
pinkish-panda,pinkish-panda.myshopify.com
pinkpillows,pinkpillows.myshopify.com
pinktechd,pinktechd.myshopify.com
pinoywealthguide,pinoywealthguide.myshopify.com
pisti-0a,pisti-0a.myshopify.com
pkajsgpkajsgpkj,pkajsgpkajsgpkj.myshopify.com
planted-aquarium,planted-aquarium.myshopify.com
please-work,please-work.myshopify.com
pmasonwhitehat,pmasonwhitehat.myshopify.com
pmbsstore,pmbsstore.myshopify.com
pocket-boxers,pocket-boxers.myshopify.com
podcasting,podcasting.myshopify.com
pointofsail,pointofsail.myshopify.com
populatemystore,populatemystore.myshopify.com
posteststore2,posteststore2.myshopify.com
potato-launcher,potato-launcher.myshopify.com
potpots,potpots.myshopify.com
pragma-example2,pragma-example2.myshopify.com
pragma-playground,pragma-playground.myshopify.com
prashs-test-store-10,prashs-test-store-10.myshopify.com
prashs-test-store-12,prashs-test-store-12.myshopify.com
prashs-test-store-14,prashs-test-store-14.myshopify.com
prashs-test-store-15,prashs-test-store-15.myshopify.com
prashs-test-store-2,prashs-test-store-2.myshopify.com
prashs-test-store-20,prashs-test-store-20.myshopify.com
prashs-test-store-21,prashs-test-store-21.myshopify.com
prashs-test-store-6,prashs-test-store-6.myshopify.com
prep-success-meals,prep-success-meals.myshopify.com
prequelify,prequelify.myshopify.com
prettymuchashop,prettymuchashop.myshopify.com
prime-industries,prime-industries.myshopify.com
primerstories,primerstories.myshopify.com
pringate,pringate.myshopify.com
printful-test-2017,printful-test-2017.myshopify.com
products-gifts,products-gifts.myshopify.com
protos,protos.myshopify.com
proudnyc,proudnyc.myshopify.com
pseudomuto-pos,pseudomuto-pos.myshopify.com
purpler-test-time,purpler-test-time.myshopify.com
pzaparty,pzaparty.myshopify.com
qcams,qcams.myshopify.com
qqq-script-2,qqq-script-2.myshopify.com
qqq-script-3-3,qqq-script-3-3.myshopify.com
qqq-script-3-7,qqq-script-3-7.myshopify.com
quantum-spin,quantum-spin.myshopify.com
quartz-cove-boutique,quartz-cove-boutique.myshopify.com
queen-of-green-productions-myshopify-com,queen-of-green-productions-myshopify-com.myshopify.com
quenitn-row,quenitn-row.myshopify.com
quirky-home,quirky-home.myshopify.com
quiver-and-stone,quiver-and-stone.myshopify.com
quiver-products,quiver-products.myshopify.com
qweqweqweqwedsafdsf,qweqweqweqwedsafdsf.myshopify.com
qweqweqweqweqwewqeqweqweqwe,qweqweqweqweqwewqeqweqweqwe.myshopify.com
qwerwqerwe,qwerwqerwe.myshopify.com
qwijroiqwj,qwijroiqwj.myshopify.com
radcakes,radcakes.myshopify.com
radchild,radchild.myshopify.com
radical-penguins,radical-penguins.myshopify.com
radoslitestore,radoslitestore.myshopify.com
rafael-test-store,rafael-test-store.myshopify.com
rahulisawesome-cardreader,rahulisawesome-cardreader.myshopify.com
rainbowboys-myshopify-com,rainbowboys-myshopify-com.myshopify.com
ralfons,ralfons.myshopify.com
randomlogic,randomlogic.myshopify.com
rawksupps,rawksupps.myshopify.com
rawr-44,rawr-44.myshopify.com
rawr-blah-blah-blah-blah,rawr-blah-blah-blah-blah.myshopify.com
rawr12,rawr12.myshopify.com
rawr23,rawr23.myshopify.com
raxvie,raxvie.myshopify.com
raxvietravelperks,raxvietravelperks.myshopify.com
realfidget,realfidget.myshopify.com
red-up,red-up.myshopify.com
remember-me-perf,remember-me-perf.myshopify.com
reneeteststore,reneeteststore.myshopify.com
rennes-test,rennes-test.myshopify.com
respawnmerch,respawnmerch.myshopify.com
responsive-caissy,responsive-caissy.myshopify.com
retrogressstore,retrogressstore.myshopify.com
revisionly,revisionly.myshopify.com
revolutionary-rode,revolutionary-rode.myshopify.com
richard-theme-test-store,richard-theme-test-store.myshopify.com
rickys-creature-comforts,rickys-creature-comforts.myshopify.com
rkmit,rkmit.myshopify.com
rlymakesyouthink,rlymakesyouthink.myshopify.com
roastdictionary,roastdictionary.myshopify.com
robot-a-month,robot-a-month.myshopify.com
rodriguez-wisozk-and-oreilly4312,rodriguez-wisozk-and-oreilly4312.myshopify.com
roeymj23-hackerone,roeymj23-hackerone.myshopify.com
rondenoonlinemarketing-com,rondenoonlinemarketing-com.myshopify.com
rosie-dresses,rosie-dresses.myshopify.com
roykiku,roykiku.myshopify.com
roysarpongfacebooktest,roysarpongfacebooktest.myshopify.com
rrawrawr,rrawrawr.myshopify.com
rrrrfewrr,rrrrfewrr.myshopify.com
rubidootesteroo,rubidootesteroo.myshopify.com
rudythedog,rudythedog.myshopify.com
rusty01,rusty01.myshopify.com
ryan-rash-guards-myshopify-com,ryan-rash-guards-myshopify-com.myshopify.com
s-l-worldwide,s-l-worldwide.myshopify.com
sadasdasdd,sadasdasdd.myshopify.com
sadasdtest,sadasdtest.myshopify.com
sadfuhasegiouhasgoiusahgfliadshugasldihu,sadfuhasegiouhasgoiusahgfliadshugasldihu.myshopify.com
safsadfdsafsa,safsadfdsafsa.myshopify.com
saifmega1,saifmega1.myshopify.com
saiwarang,saiwarang.myshopify.com
samancha,samancha.myshopify.com
samantha-elderbroom-myshopify-com,samantha-elderbroom-myshopify-com.myshopify.com
sams-testing-shack31,sams-testing-shack31.myshopify.com
samshopifyteststore,samshopifyteststore.myshopify.com
samteststore9,samteststore9.myshopify.com
samysscorner,samysscorner.myshopify.com
sapphiremoonbeam,sapphiremoonbeam.myshopify.com
sassyhomeware,sassyhomeware.myshopify.com
saucey-shop,saucey-shop.myshopify.com
sbtest1-2,sbtest1-2.myshopify.com
scarpacci,scarpacci.myshopify.com
scorecheckout,scorecheckout.myshopify.com
script-alert12121213-script,script-alert12121213-script.myshopify.com
script-alert1232-script,script-alert1232-script.myshopify.com
script-alerthisdsd-script,script-alerthisdsd-script.myshopify.com
scriptfonts,scriptfonts.myshopify.com
sculptingphotos,sculptingphotos.myshopify.com
sdal-fkl-jasdjlk-asd-jlasdf,sdal-fkl-jasdjlk-asd-jlasdf.myshopify.com
sdfbijdfgobidfg,sdfbijdfgobidfg.myshopify.com
sdfiojifjsdf,sdfiojifjsdf.myshopify.com
sdfsj0dfsidjfisdjfioj9,sdfsj0dfsidjfisdjfioj9.myshopify.com
sdgdsfdsf,sdgdsfdsf.myshopify.com
sdgfadsfasfasdfsfsdf,sdgfadsfasfasdfsfsdf.myshopify.com
sdgsdfiashdashd,sdgsdfiashdashd.myshopify.com
sea-bones,sea-bones.myshopify.com
search-ology1,search-ology1.myshopify.com
seb-martin2,seb-martin2.myshopify.com
sebshop,sebshop.myshopify.com
sebshop-3,sebshop-3.myshopify.com
sebshop-moneris,sebshop-moneris.myshopify.com
sebstore,sebstore.myshopify.com
sebstore-2,sebstore-2.myshopify.com
sec-test1,sec-test1.myshopify.com
sell-usactivation,sell-usactivation.myshopify.com
sensvlog,sensvlog.myshopify.com
serenatest1741805715715,serenatest1741805715715.myshopify.com
sergeyd1,sergeyd1.myshopify.com
setforset,setforset.myshopify.com
shady-creek,shady-creek.myshopify.com
shanes-test-store,shanes-test-store.myshopify.com
shard1-webscale,shard1-webscale.myshopify.com
share-a-sale-test,share-a-sale-test.myshopify.com
share-a-sale-test-2,share-a-sale-test-2.myshopify.com
share-a-sale-test-3,share-a-sale-test-3.myshopify.com
sharody,sharody.myshopify.com
shawn-test-store,shawn-test-store.myshopify.com
shekharkumar,shekharkumar.myshopify.com
shereigns,shereigns.myshopify.com
shipit-cdn,shipit-cdn.myshopify.com
shoopdawoop333333,shoopdawoop333333.myshopify.com
shop-123456789,shop-123456789.myshopify.com
shop-bluenotes,shop-bluenotes.myshopify.com
shop-daily-deals,shop-daily-deals.myshopify.com
shop-so-fash,shop-so-fash.myshopify.com
shop1-443,shop1-443.myshopify.com
shop4,shop4.myshopify.com
shopclasscanada,shopclasscanada.myshopify.com
shopconversion-test-dev-shop,shopconversion-test-dev-shop.myshopify.com
shopdc707,shopdc707.myshopify.com
shopertretert,shopertretert.myshopify.com
shopifexpress,shopifexpress.myshopify.com
shopify-cafe,shopify-cafe.myshopify.com
shopify-security-test,shopify-security-test.myshopify.com
shopifyzzz,shopifyzzz.myshopify.com
shopplusminus,shopplusminus.myshopify.com
shoppy-made-me-do-it,shoppy-made-me-do-it.myshopify.com
shops,shops.myshopify.com
shsmerch,shsmerch.myshopify.com
signupbot-1378426906734171635042503407-1,signupbot-1378426906734171635042503407-1.myshopify.com
signupbot-137842883160340443363835749-98,signupbot-137842883160340443363835749-98.myshopify.com
signupbot-1378429812531844280273872162-6,signupbot-1378429812531844280273872162-6.myshopify.com
signupbot-1378434606754606768860996092-2,signupbot-1378434606754606768860996092-2.myshopify.com
signupbot-1378436508573343157203596439-2,signupbot-1378436508573343157203596439-2.myshopify.com
signupbot-1378437937411994565043750222,signupbot-1378437937411994565043750222.myshopify.com
signupbot-1378439401596137792551534660-64,signupbot-1378439401596137792551534660-64.myshopify.com
signupbot-1378444651621639849639291897-2,signupbot-1378444651621639849639291897-2.myshopify.com
signupbot-1378445627551944164685156204,signupbot-1378445627551944164685156204.myshopify.com
signupbot-1378446587957394796776396727-94,signupbot-1378446587957394796776396727-94.myshopify.com
signupbot-1378454029715411785442635198-56,signupbot-1378454029715411785442635198-56.myshopify.com
signupbot-1378454996424828843303649144-8,signupbot-1378454996424828843303649144-8.myshopify.com
signupbot-1378455215698662089110698917-1,signupbot-1378455215698662089110698917-1.myshopify.com
signupbot-1378455933908511579220941187-8,signupbot-1378455933908511579220941187-8.myshopify.com
signupbot-1378457402317125114904342194-97,signupbot-1378457402317125114904342194-97.myshopify.com
signupbot-1378457593661435225427744538,signupbot-1378457593661435225427744538.myshopify.com
signupbot-1378459535125147247459679961-44,signupbot-1378459535125147247459679961-44.myshopify.com
signupbot-1378461708772912710032945306-8,signupbot-1378461708772912710032945306-8.myshopify.com
signupbot-1378464584718387731210009681-7,signupbot-1378464584718387731210009681-7.myshopify.com
signupbot-1378468189519802399987663565,signupbot-1378468189519802399987663565.myshopify.com
signupbot-1378468908635587201005103775-6,signupbot-1378468908635587201005103775-6.myshopify.com
signupbot-1378471306265805793199603869,signupbot-1378471306265805793199603869.myshopify.com
signupbot-1378472029944281000211386372-53,signupbot-1378472029944281000211386372-53.myshopify.com
signupbot-1378473224491479138869795853-9,signupbot-1378473224491479138869795853-9.myshopify.com
signupbot-1378476590677241989890189446-06,signupbot-1378476590677241989890189446-06.myshopify.com
signupbot-1378477531720492122770044065-1,signupbot-1378477531720492122770044065-1.myshopify.com
signupbot-1378477824033135211404905166-81,signupbot-1378477824033135211404905166-81.myshopify.com
signupbot-1378479228419326180659614236-1,signupbot-1378479228419326180659614236-1.myshopify.com
signupbot-1378479703859855117915133983-1,signupbot-1378479703859855117915133983-1.myshopify.com
signupbot-1378486657937428065092426668-7,signupbot-1378486657937428065092426668-7.myshopify.com
signupbot-1378488827742486331224192316-25,signupbot-1378488827742486331224192316-25.myshopify.com
signupbot-1378489787900417385659287676-8,signupbot-1378489787900417385659287676-8.myshopify.com
signupbot-1378492186674403558228450673-7,signupbot-1378492186674403558228450673-7.myshopify.com
signupbot-1378492422278622851657154747-6,signupbot-1378492422278622851657154747-6.myshopify.com
signupbot-13784950546734513678961969-858,signupbot-13784950546734513678961969-858.myshopify.com
signupbot-1378496032981570698664893775-4,signupbot-1378496032981570698664893775-4.myshopify.com
signupbot-1378498650784460905401648083-25,signupbot-1378498650784460905401648083-25.myshopify.com
signupbot-1378500826367699724350588266,signupbot-1378500826367699724350588266.myshopify.com
signupbot-1378502498051582917006109752-2,signupbot-1378502498051582917006109752-2.myshopify.com
signupbot-1378504186098141863400998220-8,signupbot-1378504186098141863400998220-8.myshopify.com
signupbot-1378507786582336755041847248-7,signupbot-1378507786582336755041847248-7.myshopify.com
signupbot-1378508990722476201477555869-25,signupbot-1378508990722476201477555869-25.myshopify.com
signupbot-1378518335805756400403158769-5,signupbot-1378518335805756400403158769-5.myshopify.com
signupbot-1378519065004177792055948961-3,signupbot-1378519065004177792055948961-3.myshopify.com
signupbot-1378523855667348043635549631-7,signupbot-1378523855667348043635549631-7.myshopify.com
signupbot-1378525299845380213264522611-5,signupbot-1378525299845380213264522611-5.myshopify.com
signupbot-1378527455546410144386753796-4,signupbot-1378527455546410144386753796-4.myshopify.com
signupbot-1378531296036106143547156337-22,signupbot-1378531296036106143547156337-22.myshopify.com
signupbot-1378534189176272438996529320-12,signupbot-1378534189176272438996529320-12.myshopify.com
signupbot-1378535626519101085079006201-34,signupbot-1378535626519101085079006201-34.myshopify.com
signupbot-1378536338295309731588281844-3,signupbot-1378536338295309731588281844-3.myshopify.com
signupbot-1378536588853170891724901938-16,signupbot-1378536588853170891724901938-16.myshopify.com
signupbot-1381075193480630798022629418,signupbot-1381075193480630798022629418.myshopify.com
signupbot-1381076152692233202574564283-94,signupbot-1381076152692233202574564283-94.myshopify.com
signupbot-1381079999512715136037930084-5,signupbot-1381079999512715136037930084-5.myshopify.com
signupbot-1381080241883155754577178449-53,signupbot-1381080241883155754577178449-53.myshopify.com
signupbot-1381080479000321094673776023-2,signupbot-1381080479000321094673776023-2.myshopify.com
signupbot-1381082159392939863864539295-6,signupbot-1381082159392939863864539295-6.myshopify.com
signupbot-1381086683008230650653098053-44,signupbot-1381086683008230650653098053-44.myshopify.com
signupbot-1381091520535171872403921861-22,signupbot-1381091520535171872403921861-22.myshopify.com
signupbot-13810927182477129265120395-911,signupbot-13810927182477129265120395-911.myshopify.com
signupbot-1381094397668216856658195281-88,signupbot-1381094397668216856658195281-88.myshopify.com
signupbot-1381100878460531674898028803-3,signupbot-1381100878460531674898028803-3.myshopify.com
signupbot-1381104236608393411994719490-06,signupbot-1381104236608393411994719490-06.myshopify.com
signupbot-1381105447957881976807044660-9,signupbot-1381105447957881976807044660-9.myshopify.com
signupbot-1381112866638866418282988528-9,signupbot-1381112866638866418282988528-9.myshopify.com
signupbot-1381115281359127486098241358-6,signupbot-1381115281359127486098241358-6.myshopify.com
signupbot-138111623598398867174794848-3,signupbot-138111623598398867174794848-3.myshopify.com
signupbot-1381127758828701232767729099-1,signupbot-1381127758828701232767729099-1.myshopify.com
signupbot-1381130399842291340179731948-1,signupbot-1381130399842291340179731948-1.myshopify.com
signupbot-1381135447807980871652535570,signupbot-1381135447807980871652535570.myshopify.com
signupbot-1381136853371276931102985761-62,signupbot-1381136853371276931102985761-62.myshopify.com
signupbot-1381138081410476830273957426-94,signupbot-1381138081410476830273957426-94.myshopify.com
signupbot-1381156800360926929886039885-8,signupbot-1381156800360926929886039885-8.myshopify.com
signupbot-1381157522497432703746857674-6,signupbot-1381157522497432703746857674-6.myshopify.com
signupbot-1381167593241879013194790134-1,signupbot-1381167593241879013194790134-1.myshopify.com
signupbot-1381168320408710566513786830-4,signupbot-1381168320408710566513786830-4.myshopify.com
signupbot-1381169993929717253818093150,signupbot-1381169993929717253818093150.myshopify.com
signupbot-1381174793790239069844089470-53,signupbot-1381174793790239069844089470-53.myshopify.com
signupbot-1381176957331662071686756645-2,signupbot-1381176957331662071686756645-2.myshopify.com
signupbot-1381179588900563935035722267-8,signupbot-1381179588900563935035722267-8.myshopify.com
signupbot-1381179839272876653729122481-5,signupbot-1381179839272876653729122481-5.myshopify.com
signupbot-1381186320790432366000466305-8,signupbot-1381186320790432366000466305-8.myshopify.com
signupbot-1381187278541790964388215849-8,signupbot-1381187278541790964388215849-8.myshopify.com
signupbot-1381188240484462726236675826-56,signupbot-1381188240484462726236675826-56.myshopify.com
signupbot-1381190390942551052639408799,signupbot-1381190390942551052639408799.myshopify.com
signupbot-1381197629793474439841596592,signupbot-1381197629793474439841596592.myshopify.com
signupbot-1381199994405761885447670267-6,signupbot-1381199994405761885447670267-6.myshopify.com
signupbot-1381201439646157631191978684-47,signupbot-1381201439646157631191978684-47.myshopify.com
signupbot-1381201919396516300792310711-94,signupbot-1381201919396516300792310711-94.myshopify.com
signupbot-1381205037989975676232932235-9,signupbot-1381205037989975676232932235-9.myshopify.com
signupbot-1381205483608786582121686990,signupbot-1381205483608786582121686990.myshopify.com
signupbot-1381210322363510867417112602-75,signupbot-1381210322363510867417112602-75.myshopify.com
signupbot-1381211995857587566935193721,signupbot-1381211995857587566935193721.myshopify.com
signupbot-1381214141040850634860099416-6,signupbot-1381214141040850634860099416-6.myshopify.com
signupbot-1381215587813199340347879245-94,signupbot-1381215587813199340347879245-94.myshopify.com
signupbot-138121679577544783157509726-73,signupbot-138121679577544783157509726-73.myshopify.com
signupbot-1381220879897183876695090118-16,signupbot-1381220879897183876695090118-16.myshopify.com
signupbot-1381221123167572144018209762,signupbot-1381221123167572144018209762.myshopify.com
signupbot-1381223523542830770760734253-1,signupbot-1381223523542830770760734253-1.myshopify.com
signupbot-1381228546934214291661639450-7,signupbot-1381228546934214291661639450-7.myshopify.com
signupbot-1381229044119348693535911909-56,signupbot-1381229044119348693535911909-56.myshopify.com
signupbot-1381232139393957797168059191-9,signupbot-1381232139393957797168059191-9.myshopify.com
signupbot-1381233364334232419108126625-8,signupbot-1381233364334232419108126625-8.myshopify.com
signupbot-1381235278955619813002101734,signupbot-1381235278955619813002101734.myshopify.com
signupbot-1381237924510883684713652621-8,signupbot-1381237924510883684713652621-8.myshopify.com
signupbot-138123814622452710629746552-83,signupbot-138123814622452710629746552-83.myshopify.com
signupbot-138123910551764907688561273-49,signupbot-138123910551764907688561273-49.myshopify.com
signupbot-1381240300831610976996785827-4,signupbot-1381240300831610976996785827-4.myshopify.com
signupbot-1381240782691420605562237473-7,signupbot-1381240782691420605562237473-7.myshopify.com
signupbot-1381247062911184724385564924-75,signupbot-1381247062911184724385564924-75.myshopify.com
signupbot-1381248945940533099874220635-6,signupbot-1381248945940533099874220635-6.myshopify.com
signupbot-1381253523075793000012106940-6,signupbot-1381253523075793000012106940-6.myshopify.com
signupbot-1381268881159750631160171797-8,signupbot-1381268881159750631160171797-8.myshopify.com
signupbot-1381270081337174438933126868-88,signupbot-1381270081337174438933126868-88.myshopify.com
signupbot-1381275889927155688211839742-78,signupbot-1381275889927155688211839742-78.myshopify.com
signupbot-1381278466706560004749377696-06,signupbot-1381278466706560004749377696-06.myshopify.com
signupbot-1381278706472797673045466402-9,signupbot-1381278706472797673045466402-9.myshopify.com
signupbot-1381280876021264870609686407-4,signupbot-1381280876021264870609686407-4.myshopify.com
signupbot-1381281587234985453419402296-9,signupbot-1381281587234985453419402296-9.myshopify.com
signupbot-1381283519333746742092979005-5,signupbot-1381283519333746742092979005-5.myshopify.com
signupbot-1381290955384347121495098860-25,signupbot-1381290955384347121495098860-25.myshopify.com
signupbot-1381299129739187808524710262-66,signupbot-1381299129739187808524710262-66.myshopify.com
signupbot-1381301281546369546756763825-56,signupbot-1381301281546369546756763825-56.myshopify.com
signupbot-1381302699688829957045761307-1,signupbot-1381302699688829957045761307-1.myshopify.com
signupbot-1381311584974267736493766340-34,signupbot-1381311584974267736493766340-34.myshopify.com
signupbot-1381315180008911260229930275,signupbot-1381315180008911260229930275.myshopify.com
signupbot-1381322637837276715091907639-1,signupbot-1381322637837276715091907639-1.myshopify.com
signupbot-1381323842959314453379343579-3,signupbot-1381323842959314453379343579-3.myshopify.com
signupbot-1381324329876686997479920823-6,signupbot-1381324329876686997479920823-6.myshopify.com
signupbot-1381324541679553860595601418,signupbot-1381324541679553860595601418.myshopify.com
signupbot-1381325036644389245619172310-06,signupbot-1381325036644389245619172310-06.myshopify.com
signupbot-1381326700799244166543235105-22,signupbot-1381326700799244166543235105-22.myshopify.com
signupbot-1381328153366400349936652082-75,signupbot-1381328153366400349936652082-75.myshopify.com
signupbot-1381329086315695784383197860-5,signupbot-1381329086315695784383197860-5.myshopify.com
signupbot-1381332723586323489640045387-25,signupbot-1381332723586323489640045387-25.myshopify.com
signupbot-1381337041673108780814114425-75,signupbot-1381337041673108780814114425-75.myshopify.com
signupbot-1381343036870611458341929618-6,signupbot-1381343036870611458341929618-6.myshopify.com
signupbot-1381347353881109835143835367-4,signupbot-1381347353881109835143835367-4.myshopify.com
signupbot-1381363924360303566896284315-75,signupbot-1381363924360303566896284315-75.myshopify.com
signupbot-1381377836918503008075814669-9,signupbot-1381377836918503008075814669-9.myshopify.com
signupbot-1381384794157711216776172651-5,signupbot-1381384794157711216776172651-5.myshopify.com
signupbot-1381388856082643469032325377-1,signupbot-1381388856082643469032325377-1.myshopify.com
signupbot-1381390079610564967203375313-4,signupbot-1381390079610564967203375313-4.myshopify.com
signupbot-1381391751916337640619535915-94,signupbot-1381391751916337640619535915-94.myshopify.com
signupbot-1381393192704556018657602536-9,signupbot-1381393192704556018657602536-9.myshopify.com
signupbot-1381397038042214715029187522-94,signupbot-1381397038042214715029187522-94.myshopify.com
signupbot-1381400152909850079927742111,signupbot-1381400152909850079927742111.myshopify.com
signupbot-1381418635397957813142469469-8,signupbot-1381418635397957813142469469-8.myshopify.com
signupbot-1381420057408509405749184967-8,signupbot-1381420057408509405749184967-8.myshopify.com
signupbot-138142895572485244103288217-86,signupbot-138142895572485244103288217-86.myshopify.com
signupbot-1381430147874221572786207037-12,signupbot-1381430147874221572786207037-12.myshopify.com
signupbot-1381438326069291122986313341-3,signupbot-1381438326069291122986313341-3.myshopify.com
signupbot-1381440473923669553644238280-2,signupbot-1381440473923669553644238280-2.myshopify.com
signupbot-1381441437775919850387230185-2,signupbot-1381441437775919850387230185-2.myshopify.com
signupbot-1381443117842977520554497746-1,signupbot-1381443117842977520554497746-1.myshopify.com
signupbot-1381444077089199063872693063-9,signupbot-1381444077089199063872693063-9.myshopify.com
signupbot-1381445526123832107307095826-2,signupbot-1381445526123832107307095826-2.myshopify.com
signupbot-1381446717646574955504332850-8,signupbot-1381446717646574955504332850-8.myshopify.com
signupbot-1381449349969631540050751715-9,signupbot-1381449349969631540050751715-9.myshopify.com
signupbot-1381450076688971238031426051-6,signupbot-1381450076688971238031426051-6.myshopify.com
signupbot-1381451270723682639858456602-5,signupbot-1381451270723682639858456602-5.myshopify.com
signupbot-1381455125342338968759956564-8,signupbot-1381455125342338968759956564-8.myshopify.com
signupbot-1381455594939185650045488775-28,signupbot-1381455594939185650045488775-28.myshopify.com
signupbot-1381455833871817949867519458-4,signupbot-1381455833871817949867519458-4.myshopify.com
signupbot-1381456792135932217840351391-9,signupbot-1381456792135932217840351391-9.myshopify.com
signupbot-1381463521329282062642844360-44,signupbot-1381463521329282062642844360-44.myshopify.com
signupbot-1381466392262326712901380047-6,signupbot-1381466392262326712901380047-6.myshopify.com
signupbot-1381467607642934478757587357,signupbot-1381467607642934478757587357.myshopify.com
signupbot-1381473576818599572665151107-6,signupbot-1381473576818599572665151107-6.myshopify.com
signupbot-1381479593801542149841245319-94,signupbot-1381479593801542149841245319-94.myshopify.com
signupbot-1381482946506932932917675677-6,signupbot-1381482946506932932917675677-6.myshopify.com
signupbot-1381483826533173846558495608-38,signupbot-1381483826533173846558495608-38.myshopify.com
signupbot-1381486552663505315041003304-25,signupbot-1381486552663505315041003304-25.myshopify.com
signupbot-1381493283342665460526077387-2,signupbot-1381493283342665460526077387-2.myshopify.com
signupbot-1381498794720241123705797517-62,signupbot-1381498794720241123705797517-62.myshopify.com
signupbot-1381499521541384643041487088-75,signupbot-1381499521541384643041487088-75.myshopify.com
signupbot-1381502883422826123110512119-9,signupbot-1381502883422826123110512119-9.myshopify.com
signupbot-1381515374402781232092160553-1,signupbot-1381515374402781232092160553-1.myshopify.com
signupbot-1381515569801922100678012962-4,signupbot-1381515569801922100678012962-4.myshopify.com
signupbot-138151703313558661562199219-37,signupbot-138151703313558661562199219-37.myshopify.com
signupbot-1381518950003274242818526532-66,signupbot-1381518950003274242818526532-66.myshopify.com
signupbot-1381521830049967682192935264-8,signupbot-1381521830049967682192935264-8.myshopify.com
signupbot-1381522315926267679026966117-56,signupbot-1381522315926267679026966117-56.myshopify.com
signupbot-1381524951620170372751754835-9,signupbot-1381524951620170372751754835-9.myshopify.com
signupbot-1381528313243518829989247266-9,signupbot-1381528313243518829989247266-9.myshopify.com
signupbot-1381532884571957691781524728-5,signupbot-1381532884571957691781524728-5.myshopify.com
signupbot-13815349458245076781663259-089,signupbot-13815349458245076781663259-089.myshopify.com
signupbot-1381542433897867417314606823-1,signupbot-1381542433897867417314606823-1.myshopify.com
signupbot-1381544878984721505224945463-2,signupbot-1381544878984721505224945463-2.myshopify.com
signupbot-1381550878172261005831621865-62,signupbot-1381550878172261005831621865-62.myshopify.com
signupbot-1381566233761361004647455217,signupbot-1381566233761361004647455217.myshopify.com
signupbot-1381581119501341777116631790-44,signupbot-1381581119501341777116631790-44.myshopify.com
signupbot-1381581341904765295712689130-4,signupbot-1381581341904765295712689130-4.myshopify.com
signupbot-1381586876361103101891524307-83,signupbot-1381586876361103101891524307-83.myshopify.com
signupbot-1381590960253851561316829563-9,signupbot-1381590960253851561316829563-9.myshopify.com
signupbot-1381598368249647483582417088-9,signupbot-1381598368249647483582417088-9.myshopify.com
signupbot-1381604387629834670862952355-4,signupbot-1381604387629834670862952355-4.myshopify.com
signupbot-1381604869273894183702311341-4,signupbot-1381604869273894183702311341-4.myshopify.com
signupbot-1381610634890542235073242053-25,signupbot-1381610634890542235073242053-25.myshopify.com
signupbot-1381611349540834269876743835-1,signupbot-1381611349540834269876743835-1.myshopify.com
signupbot-1381614706548123362229841844-42,signupbot-1381614706548123362229841844-42.myshopify.com
signupbot-1381616389815577179232494156-2,signupbot-1381616389815577179232494156-2.myshopify.com
signupbot-1381618549890577830708565982-5,signupbot-1381618549890577830708565982-5.myshopify.com
signupbot-1381620717352439978981452806-7,signupbot-1381620717352439978981452806-7.myshopify.com
signupbot-1381623589032197346370715520-53,signupbot-1381623589032197346370715520-53.myshopify.com
signupbot-1381635127422242080156792777-94,signupbot-1381635127422242080156792777-94.myshopify.com
signupbot-1381636071235492595724475287-6,signupbot-1381636071235492595724475287-6.myshopify.com
signupbot-1381637274676924716918340700-4,signupbot-1381637274676924716918340700-4.myshopify.com
signupbot-1381641585112745421985635560-6,signupbot-1381641585112745421985635560-6.myshopify.com
signupsofast,signupsofast.myshopify.com
simons-lemonade-stand,simons-lemonade-stand.myshopify.com
simply-socks-101,simply-socks-101.myshopify.com
simplyynichole,simplyynichole.myshopify.com
singhboy,singhboy.myshopify.com
singteltest12345,singteltest12345.myshopify.com
siogvsrycvtzqms,siogvsrycvtzqms.myshopify.com
sisoosupplies,sisoosupplies.myshopify.com
sister-salvage,sister-salvage.myshopify.com
sizechart-test,sizechart-test.myshopify.com
skipy-2,skipy-2.myshopify.com
skylark-store,skylark-store.myshopify.com
skylersleep,skylersleep.myshopify.com
slank,slank.myshopify.com
slatevendor,slatevendor.myshopify.com
smart-camping,smart-camping.myshopify.com
smartfone-colombia,smartfone-colombia.myshopify.com
smpl-lyfe,smpl-lyfe.myshopify.com
sn-investments,sn-investments.myshopify.com
snowdevil-5,snowdevil-5.myshopify.com
snowdevil-7,snowdevil-7.myshopify.com
snowdevil-8,snowdevil-8.myshopify.com
sntest,sntest.myshopify.com
sntest5,sntest5.myshopify.com
sntest54,sntest54.myshopify.com
sntest55,sntest55.myshopify.com
sntest56,sntest56.myshopify.com
somerandomtest,somerandomtest.myshopify.com
sons-space,sons-space.myshopify.com
southern-fried-test,southern-fried-test.myshopify.com
spacecanvas,spacecanvas.myshopify.com
spacetest2,spacetest2.myshopify.com
sparkledat,sparkledat.myshopify.com
spastreams,spastreams.myshopify.com
spec-ops-shard-1,spec-ops-shard-1.myshopify.com
specialshirtz,specialshirtz.myshopify.com
splashcardgame,splashcardgame.myshopify.com
sport-room-shop,sport-room-shop.myshopify.com
sportness,sportness.myshopify.com
staluku,staluku.myshopify.com
stefs-greenhouse,stefs-greenhouse.myshopify.com
steightment,steightment.myshopify.com
stephanies-dev-store,stephanies-dev-store.myshopify.com
stephleece,stephleece.myshopify.com
stepza,stepza.myshopify.com
stevelshop,stevelshop.myshopify.com
stockingwewillgo,stockingwewillgo.myshopify.com
stonycreek-trading,stonycreek-trading.myshopify.com
store-kit,store-kit.myshopify.com
storechore,storechore.myshopify.com
storefinder1,storefinder1.myshopify.com
stppa,stppa.myshopify.com
streetsuit-myshopify-com,streetsuit-myshopify-com.myshopify.com
stripetest-2,stripetest-2.myshopify.com
stripetesting,stripetesting.myshopify.com
studentathleteunion,studentathleteunion.myshopify.com
studieshackerone,studieshackerone.myshopify.com
stuffz2hackeronestuffz2,stuffz2hackeronestuffz2.myshopify.com
style-goals,style-goals.myshopify.com
sublime-accesories,sublime-accesories.myshopify.com
subto-city,subto-city.myshopify.com
sudburyrecon,sudburyrecon.myshopify.com
sumboxes,sumboxes.myshopify.com
sundancen,sundancen.myshopify.com
sundancewellnessclinic,sundancewellnessclinic.myshopify.com
sunnytheros,sunnytheros.myshopify.com
super-box-brasil,super-box-brasil.myshopify.com
superawesomestore2,superawesomestore2.myshopify.com
supertrooperme,supertrooperme.myshopify.com
surajapril102017,surajapril102017.myshopify.com
surajapril102017-clone-1,surajapril102017-clone-1.myshopify.com
suzyshier,suzyshier.myshopify.com
svg-onload-promptname,svg-onload-promptname.myshopify.com
swag-political,swag-political.myshopify.com
swank-apparel,swank-apparel.myshopify.com
sweetpeaskincare,sweetpeaskincare.myshopify.com
sysbrk-4,sysbrk-4.myshopify.com
sysbrk-6,sysbrk-6.myshopify.com
t-a-g-team-productions,t-a-g-team-productions.myshopify.com
t3st0hyeah,t3st0hyeah.myshopify.com
tablelayouts,tablelayouts.myshopify.com
tagandtwine,tagandtwine.myshopify.com
talithas-felt,talithas-felt.myshopify.com
tanglewood-tribe,tanglewood-tribe.myshopify.com
tannertests,tannertests.myshopify.com
taper-and-tuck,taper-and-tuck.myshopify.com
tappin,tappin.myshopify.com
tatease,tatease.myshopify.com
tawadaycare,tawadaycare.myshopify.com
tbr-racing,tbr-racing.myshopify.com
tcavapor,tcavapor.myshopify.com
tcktcktck,tcktcktck.myshopify.com
te5t,te5t.myshopify.com
teachmecode-2,teachmecode-2.myshopify.com
teachup,teachup.myshopify.com
teampetite,teampetite.myshopify.com
technolimit,technolimit.myshopify.com
teensavage-com,teensavage-com.myshopify.com
tees-four-teen,tees-four-teen.myshopify.com
tefasdfas,tefasdfas.myshopify.com
tell-me-how-you-really-feel,tell-me-how-you-really-feel.myshopify.com
termstester,termstester.myshopify.com
test-12-12512,test-12-12512.myshopify.com
test-123-test,test-123-test.myshopify.com
test-1234567890987654321,test-1234567890987654321.myshopify.com
test-2014-07-08-02,test-2014-07-08-02.myshopify.com
test-2689,test-2689.myshopify.com
test-3774,test-3774.myshopify.com
test-3806,test-3806.myshopify.com
test-5237,test-5237.myshopify.com
test-5359,test-5359.myshopify.com
test-5804,test-5804.myshopify.com
test-8297,test-8297.myshopify.com
test-9338,test-9338.myshopify.com
test-before,test-before.myshopify.com
test-boy-q,test-boy-q.myshopify.com
test-coupon,test-coupon.myshopify.com
test-currency-store,test-currency-store.myshopify.com
test-domain-start-10f,test-domain-start-10f.myshopify.com
test-for-email,test-for-email.myshopify.com
test-h1,test-h1.myshopify.com
test-hackerone,test-hackerone.myshopify.com
test-hr,test-hr.myshopify.com
test-hr-test-2,test-hr-test-2.myshopify.com
test-hr-test-3,test-hr-test-3.myshopify.com
test-importer-2,test-importer-2.myshopify.com
test-iphone-case,test-iphone-case.myshopify.com
test-labs,test-labs.myshopify.com
test-link-123,test-link-123.myshopify.com
test-name-blah-blah,test-name-blah-blah.myshopify.com
test-sb,test-sb.myshopify.com
test-sec-app-2,test-sec-app-2.myshopify.com
test-sem,test-sem.myshopify.com
test-sem2,test-sem2.myshopify.com
test-shop114,test-shop114.myshopify.com
test-store-intern,test-store-intern.myshopify.com
test-store-login-name,test-store-login-name.myshopify.com
test-store-march-18,test-store-march-18.myshopify.com
test-store-may-4,test-store-may-4.myshopify.com
test-test-test-4,test-test-test-4.myshopify.com
test-whitehat,test-whitehat.myshopify.com
test042617,test042617.myshopify.com
test10002,test10002.myshopify.com
test1032302,test1032302.myshopify.com
test105606,test105606.myshopify.com
test11111111111,test11111111111.myshopify.com
test1111222233333,test1111222233333.myshopify.com
test1234-24,test1234-24.myshopify.com
test123454321test,test123454321test.myshopify.com
test1234983427,test1234983427.myshopify.com
test124144,test124144.myshopify.com
test134726,test134726.myshopify.com
test144853,test144853.myshopify.com
test152557,test152557.myshopify.com
test170252,test170252.myshopify.com
test174431,test174431.myshopify.com
test224736,test224736.myshopify.com
test3345,test3345.myshopify.com
test42-15,test42-15.myshopify.com
test4delete,test4delete.myshopify.com
test5432501,test5432501.myshopify.com
testaccount234,testaccount234.myshopify.com
testapp123-2,testapp123-2.myshopify.com
testbm14,testbm14.myshopify.com
testclone2,testclone2.myshopify.com
testdans,testdans.myshopify.com
testdans1,testdans1.myshopify.com
testdevstorepaul,testdevstorepaul.myshopify.com
teste-gaby,teste-gaby.myshopify.com
teste-svg-onload-alert-svg-onload-alertteste,teste-svg-onload-alert-svg-onload-alertteste.myshopify.com
testerstore88,testerstore88.myshopify.com
testestest123333,testestest123333.myshopify.com
testestestestest123456,testestestestest123456.myshopify.com
testh1-2,testh1-2.myshopify.com
testhackerein,testhackerein.myshopify.com
testing-098,testing-098.myshopify.com
testing-10field,testing-10field.myshopify.com
testing-123-testing,testing-123-testing.myshopify.com
testing-1379,testing-1379.myshopify.com
testing-dada-0a,testing-dada-0a.myshopify.com
testing-language-this,testing-language-this.myshopify.com
testing-narative,testing-narative.myshopify.com
testing-password,testing-password.myshopify.com
testing-tlds,testing-tlds.myshopify.com
testing4h1,testing4h1.myshopify.com
testing93834,testing93834.myshopify.com
testingactivationform,testingactivationform.myshopify.com
testingaway,testingaway.myshopify.com
testingbankinfo,testingbankinfo.myshopify.com
testingburstwithhaani,testingburstwithhaani.myshopify.com
testingpaymentsaccounts,testingpaymentsaccounts.myshopify.com
testlangpo,testlangpo.myshopify.com
testmatt1122r,testmatt1122r.myshopify.com
testmattwelcome1,testmattwelcome1.myshopify.com
testmesarah,testmesarah.myshopify.com
testorama2,testorama2.myshopify.com
tests5-3,tests5-3.myshopify.com
testsamm,testsamm.myshopify.com
testsastracking,testsastracking.myshopify.com
testshop-469,testshop-469.myshopify.com
testshop346,testshop346.myshopify.com
testshopedges1,testshopedges1.myshopify.com
testshoppeshop,testshoppeshop.myshopify.com
testshoptajima,testshoptajima.myshopify.com
teststore10001,teststore10001.myshopify.com
teststore11111,teststore11111.myshopify.com
teststore2001222123,teststore2001222123.myshopify.com
teststore6969,teststore6969.myshopify.com
teststore9234234,teststore9234234.myshopify.com
teststoredublin,teststoredublin.myshopify.com
teststorepaliga,teststorepaliga.myshopify.com
teststorepleaseignore4,teststorepleaseignore4.myshopify.com
teststripeupdatethigner,teststripeupdatethigner.myshopify.com
testtesttest123abc,testtesttest123abc.myshopify.com
testy-test-so-testy-testing,testy-test-so-testy-testing.myshopify.com
testytesting,testytesting.myshopify.com
testzon3,testzon3.myshopify.com
testzza,testzza.myshopify.com
tetchi25,tetchi25.myshopify.com
tetchi26,tetchi26.myshopify.com
tetchi27,tetchi27.myshopify.com
tetchi29,tetchi29.myshopify.com
tetsu2,tetsu2.myshopify.com
the-19th-hole,the-19th-hole.myshopify.com
the-ant-farm,the-ant-farm.myshopify.com
the-awesome-clothing-store,the-awesome-clothing-store.myshopify.com
the-disc-golf-box-co,the-disc-golf-box-co.myshopify.com
the-fluffyshonista,the-fluffyshonista.myshopify.com
the-happening-store-online,the-happening-store-online.myshopify.com
the-king-i-2,the-king-i-2.myshopify.com
the-little-lookout,the-little-lookout.myshopify.com
the-mound,the-mound.myshopify.com
the-nurses-office,the-nurses-office.myshopify.com
the-retirement-fairy,the-retirement-fairy.myshopify.com
the-salty-canuck,the-salty-canuck.myshopify.com
the-treasured-teacher,the-treasured-teacher.myshopify.com
the-women-spot,the-women-spot.myshopify.com
thearules-2,thearules-2.myshopify.com
theasnewstore,theasnewstore.myshopify.com
thebeststoreofalltimetotestthefreecardreader,thebeststoreofalltimetotestthefreecardreader.myshopify.com
thecharlietest,thecharlietest.myshopify.com
thecozycanadian,thecozycanadian.myshopify.com
thedirtygymsocksstore,thedirtygymsocksstore.myshopify.com
thefloflyhackerone,thefloflyhackerone.myshopify.com
thefloorislava,thefloorislava.myshopify.com
theflowertrunk,theflowertrunk.myshopify.com
thegadgetgeeks,thegadgetgeeks.myshopify.com
thegurulife,thegurulife.myshopify.com
thehumanorganshop,thehumanorganshop.myshopify.com
theiam-store,theiam-store.myshopify.com
thekraken,thekraken.myshopify.com
themesupportapplication,themesupportapplication.myshopify.com
themetestx,themetestx.myshopify.com
themodesteve,themodesteve.myshopify.com
themoonmad,themoonmad.myshopify.com
theperfecthat,theperfecthat.myshopify.com
thetestlab,thetestlab.myshopify.com
thethriftshopph-myshopify-com,thethriftshopph-myshopify-com.myshopify.com
thing-stuff-life,thing-stuff-life.myshopify.com
thirdpartychannels,thirdpartychannels.myshopify.com
this-is-really-my-store,this-is-really-my-store.myshopify.com
thisisswaggy,thisisswaggy.myshopify.com
thomcat-kids,thomcat-kids.myshopify.com
threemeals,threemeals.myshopify.com
thrifty-bbbbb,thrifty-bbbbb.myshopify.com
ticovibes,ticovibes.myshopify.com
tienda-89,tienda-89.myshopify.com
tindahan-ni-aling-n-e-n-a,tindahan-ni-aling-n-e-n-a.myshopify.com
tindahanninanay,tindahanninanay.myshopify.com
tinyteashop,tinyteashop.myshopify.com
tj-hitt,tj-hitt.myshopify.com
toastly,toastly.myshopify.com
tom-is-winnar,tom-is-winnar.myshopify.com
tomtest2000,tomtest2000.myshopify.com
tomvanderlee,tomvanderlee.myshopify.com
topdecks,topdecks.myshopify.com
toronto-golf,toronto-golf.myshopify.com
torsion,torsion.myshopify.com
total-refurb-experts,total-refurb-experts.myshopify.com
tough-grind1,tough-grind1.myshopify.com
toxixdetailing,toxixdetailing.myshopify.com
toy-hunters-guild,toy-hunters-guild.myshopify.com
tr-ffic,tr-ffic.myshopify.com
tracksinc-spy-store,tracksinc-spy-store.myshopify.com
training123-myshopify-com,training123-myshopify-com.myshopify.com
travelwhore-myshopify-com,travelwhore-myshopify-com.myshopify.com
treasury-jewellers,treasury-jewellers.myshopify.com
trebouchet-2,trebouchet-2.myshopify.com
trial-jessebc,trial-jessebc.myshopify.com
trialteststoremore,trialteststoremore.myshopify.com
trigonoculus-test,trigonoculus-test.myshopify.com
trim-buddy,trim-buddy.myshopify.com
tropshoponline,tropshoponline.myshopify.com
tsextensions,tsextensions.myshopify.com
tshirtstesting1,tshirtstesting1.myshopify.com
tsubys,tsubys.myshopify.com
tubasocks,tubasocks.myshopify.com
tutrulesew,tutrulesew.myshopify.com
twinkleteas,twinkleteas.myshopify.com
two-skillz,two-skillz.myshopify.com
tygl,tygl.myshopify.com
uasdioasjdioasjdas,uasdioasjdioasjdas.myshopify.com
ufidgets,ufidgets.myshopify.com
ultimateoutdoor,ultimateoutdoor.myshopify.com
unicornmasks,unicornmasks.myshopify.com
unimagic,unimagic.myshopify.com
unique-concrete-solutions,unique-concrete-solutions.myshopify.com
uniquetradingco,uniquetradingco.myshopify.com
unite-shirt,unite-shirt.myshopify.com
unite-shopify-sf-myshopify-com,unite-shopify-sf-myshopify-com.myshopify.com
unite-store-sf-myshopify-com,unite-store-sf-myshopify-com.myshopify.com
unity-buy-sdk,unity-buy-sdk.myshopify.com
unitysdk,unitysdk.myshopify.com
upper-hand-sports,upper-hand-sports.myshopify.com
ur-test,ur-test.myshopify.com
urban-anime-lounge,urban-anime-lounge.myshopify.com
urlole-2,urlole-2.myshopify.com
usachequedisplaytest,usachequedisplaytest.myshopify.com
ux-programs,ux-programs.myshopify.com
valmont-store,valmont-store.myshopify.com
vancity-snack-attack,vancity-snack-attack.myshopify.com
vandelay-industries-ltd,vandelay-industries-ltd.myshopify.com
vapelifecentral,vapelifecentral.myshopify.com
vaping-nostalgic,vaping-nostalgic.myshopify.com
veetest999,veetest999.myshopify.com
venture-caito-test,venture-caito-test.myshopify.com
veronicawong,veronicawong.myshopify.com
vices-and-virtues,vices-and-virtues.myshopify.com
vijayganganihackerone,vijayganganihackerone.myshopify.com
vikingtendencies,vikingtendencies.myshopify.com
viralreturn,viralreturn.myshopify.com
vivianteststore,vivianteststore.myshopify.com
vkyvenkat3,vkyvenkat3.myshopify.com
vop-jewelry,vop-jewelry.myshopify.com
w-wwvqlur5,w-wwvqlur5.myshopify.com
w-wwwzhu82,w-wwwzhu82.myshopify.com
wads4u,wads4u.myshopify.com
walruswalrus3,walruswalrus3.myshopify.com
walruswalrus5,walruswalrus5.myshopify.com
walruswalrus7,walruswalrus7.myshopify.com
warehouze-com-au,warehouze-com-au.myshopify.com
wassupyall,wassupyall.myshopify.com
wasted-parrot-productions,wasted-parrot-productions.myshopify.com
watatestlol,watatestlol.myshopify.com
waterloo-office-dashboard,waterloo-office-dashboard.myshopify.com
wave-five,wave-five.myshopify.com
wavefive-myshopify,wavefive-myshopify.myshopify.com
waving5,waving5.myshopify.com
wayvybaby,wayvybaby.myshopify.com
weeklydeals4you,weeklydeals4you.myshopify.com
weensworld,weensworld.myshopify.com
wesfacebook,wesfacebook.myshopify.com
wesley-test-21213,wesley-test-21213.myshopify.com
west-port-group,west-port-group.myshopify.com
westesthalloween,westesthalloween.myshopify.com
westvan1,westvan1.myshopify.com
weureka,weureka.myshopify.com
wewoijweijiewjr,wewoijweijiewjr.myshopify.com
whalestar,whalestar.myshopify.com
whalley-theme-issue-demos,whalley-theme-issue-demos.myshopify.com
whatintheworldisinsidedesiburns,whatintheworldisinsidedesiburns.myshopify.com
while42,while42.myshopify.com
whitehat4,whitehat4.myshopify.com
whitehatgsl,whitehatgsl.myshopify.com
whitehathatstore,whitehathatstore.myshopify.com
whitehathatstore2,whitehathatstore2.myshopify.com
wild-tshirts,wild-tshirts.myshopify.com
wildfawn,wildfawn.myshopify.com
wildwestsmokers,wildwestsmokers.myshopify.com
willem-van-der-jagt,willem-van-der-jagt.myshopify.com
windia-product,windia-product.myshopify.com
winnerscircleclub,winnerscircleclub.myshopify.com
wolfhound1,wolfhound1.myshopify.com
woodlyns-shop,woodlyns-shop.myshopify.com
working-store,working-store.myshopify.com
worldofpools,worldofpools.myshopify.com
worldwicks,worldwicks.myshopify.com
wrightus,wrightus.myshopify.com
wrightusa,wrightusa.myshopify.com
xn-myshp-uce-2,xn-myshp-uce-2.myshopify.com
xn-n8j5agn8p,xn-n8j5agn8p.myshopify.com
xssattackexample-shopify-com,xssattackexample-shopify-com.myshopify.com
xsses-rocks,xsses-rocks.myshopify.com
xtarware,xtarware.myshopify.com
yagniktest,yagniktest.myshopify.com
yamakawarehouse,yamakawarehouse.myshopify.com
yetanothertestshop4000,yetanothertestshop4000.myshopify.com
yeti-14,yeti-14.myshopify.com
yeti-99,yeti-99.myshopify.com
yipcider,yipcider.myshopify.com
your-bgggg,your-bgggg.myshopify.com
yung2,yung2.myshopify.com
yuuuuuu,yuuuuuu.myshopify.com
zahid-khan,zahid-khan.myshopify.com
zarfff,zarfff.myshopify.com
zeke-rodriguez,zeke-rodriguez.myshopify.com
zekel,zekel.myshopify.com
zh544,zh544.myshopify.com
zh546,zh546.myshopify.com
zh548,zh548.myshopify.com
zone-7,zone-7.myshopify.com
zxcs-wonders,zxcs-wonders.myshopify.com
zzzzzaaa,zzzzzaaa.myshopify.com
